player_key,team_id,team_canonical,player_name,player_name_normalized,club_from_squad,club_normalized,position_broad,fbref_url,transfermarkt_url,statsbomb_player_id,needs_manual_review,source,fbref_rows,fbref_competitions,fbref_seasons,fbref_teams,fbref_minutes,fbref_starts,fbref_clean_sheets,goals,assists,non_penalty_goals,shots,shots_on_target,xg,npxg,xa,key_passes,tackles,tackles_won,interceptions,fouls_committed,fouls_drawn,yellow_cards,red_cards,goalkeeper_saves,goals_conceded,psxg,fbref_goals_per90,fbref_assists_per90,fbref_non_penalty_goals_per90,fbref_shots_per90,fbref_shots_on_target_per90,fbref_xg_per90,fbref_npxg_per90,fbref_xa_per90,fbref_key_passes_per90,fbref_tackles_per90,fbref_tackles_won_per90,fbref_interceptions_per90,fbref_fouls_committed_per90,fbref_fouls_drawn_per90,fbref_yellow_cards_per90,fbref_red_cards_per90,fbref_goalkeeper_saves_per90,fbref_goals_conceded_per90,fbref_psxg_per90,fbref_starts_rate,fbref_clean_sheets_per90,fbref_has_min_minutes,has_fbref_season_stats,fbref_props_ready,fbref_shots_ready,fbref_defense_ready,fbref_keeper_ready,fbref_xg_available
algeria_achraf_abada,team_algeria,Algeria,Achraf Abada,achraf abada,USM Alger (ALG),usm alger alg,Defender,,,,False,wc2026_official_squad_corrected,,,,,,,,,,,,,,,,,,,,,,,,,,,,,,,,,,,,,,,,,,,,,,,,,False,False,False,False,False,False
algeria_aissa_mandi,team_algeria,Algeria,Aissa Mandi,aissa mandi,Lille OSC (FRA),lille osc fra,Defender,,,,False,wc2026_official_squad_corrected,1.0,FRA-Ligue 1,2526,Lille,2424,28,,1,0,1,14,4,,,,,21,21,44,17,17,8,0,,,,0.03712871287128713,0.0,0.03712871287128713,0.5198019801980198,0.1485148514851485,,,,,0.7797029702970297,0.7797029702970297,1.6336633663366336,0.6311881188118812,0.6311881188118812,0.297029702970297,0.0,,,,1.0396039603960396,,True,True,True,True,True,False,False
algeria_jaouen_hadjam,team_algeria,Algeria,Jaouen Hadjam,jaouen hadjam,BSC Young Boys (SUI),bsc young boys sui,Defender,,,,False,wc2026_official_squad_corrected,,,,,,,,,,,,,,,,,,,,,,,,,,,,,,,,,,,,,,,,,,,,,,,,,False,False,False,False,False,False
algeria_mohamed_amine_tougai,team_algeria,Algeria,Mohamed Amine Tougai,mohamed amine tougai,Espérance De Tunisie (TUN),esperance de tunisie tun,Defender,,,,False,wc2026_official_squad_corrected,,,,,,,,,,,,,,,,,,,,,,,,,,,,,,,,,,,,,,,,,,,,,,,,,False,False,False,False,False,False
algeria_rafik_belghali,team_algeria,Algeria,Rafik Belghali,rafik belghali,Hellas Verona FC (ITA),hellas verona fc ita,Defender,,,,False,wc2026_official_squad_corrected,2.0,"BEL-Belgian Pro League, ITA-Serie A",2526,"Hellas Verona, Mechelen",2159,25,,2,0,2,22,6,,,,,16,16,21,22,11,7,0,,,,0.08337193144974527,0.0,0.08337193144974527,0.9170912459471978,0.25011579434923575,,,,,0.6669754515979621,0.6669754515979621,0.8754052802223252,0.9170912459471978,0.4585456229735989,0.2918017600741084,0.0,,,,1.0421491431218157,,True,True,True,True,True,False,False
algeria_ramy_bensebaini,team_algeria,Algeria,Ramy Bensebaini,ramy bensebaini,Borussia Dortmund (GER),borussia dortmund ger,Defender,,,,False,wc2026_official_squad_corrected,1.0,GER-Bundesliga,2526,Dortmund,1530,15,,5,2,3,17,7,,,,,14,14,18,31,16,6,0,,,,0.29411764705882354,0.11764705882352941,0.17647058823529413,1.0,0.4117647058823529,,,,,0.8235294117647058,0.8235294117647058,1.0588235294117647,1.8235294117647058,0.9411764705882353,0.35294117647058826,0.0,,,,0.8823529411764706,,True,True,True,True,True,False,False
algeria_rayan_ait_nouri,team_algeria,Algeria,Rayan Ait-Nouri,rayan ait nouri,Manchester City FC (ENG),manchester city fc eng,Defender,,,,False,wc2026_official_squad_corrected,1.0,ENG-Premier League,2526,Manchester City,974,12,,0,2,0,10,2,,,,,21,21,13,17,10,2,0,,,,0.0,0.18480492813141683,0.0,0.9240246406570841,0.18480492813141683,,,,,1.9404517453798766,1.9404517453798766,1.2012320328542094,1.570841889117043,0.9240246406570841,0.18480492813141683,0.0,,,,1.108829568788501,,True,True,True,True,True,False,False
algeria_samir_chergui,team_algeria,Algeria,Samir Chergui,samir chergui,Paris FC (FRA),paris fc fra,Defender,,,,False,wc2026_official_squad_corrected,1.0,FRA-Ligue 1,2526,Paris FC,1154,13,,1,0,1,13,4,,,,,12,12,13,14,4,1,0,,,,0.0779896013864818,0.0,0.0779896013864818,1.0138648180242633,0.3119584055459272,,,,,0.9358752166377816,0.9358752166377816,1.0138648180242633,1.0918544194107451,0.3119584055459272,0.0779896013864818,0.0,,,,1.0138648180242633,,True,True,True,True,True,False,False
algeria_zineddine_belaid,team_algeria,Algeria,Zineddine Belaid,zineddine belaid,JS Kabylie (ALG),js kabylie alg,Defender,,,,False,wc2026_official_squad_corrected,,,,,,,,,,,,,,,,,,,,,,,,,,,,,,,,,,,,,,,,,,,,,,,,,False,False,False,False,False,False
algeria_adil_boulbina,team_algeria,Algeria,Adil Boulbina,adil boulbina,Al Duhail SC (QAT),al duhail sc qat,Forward,,,,False,wc2026_official_squad_corrected,,,,,,,,,,,,,,,,,,,,,,,,,,,,,,,,,,,,,,,,,,,,,,,,,False,False,False,False,False,False
algeria_amine_gouiri,team_algeria,Algeria,Amine Gouiri,amine gouiri,Olympique Marseille (FRA),olympique marseille fra,Forward,,,,False,wc2026_official_squad_corrected,1.0,FRA-Ligue 1,2526,Marseille,1326,15,,8,3,8,38,17,,,,,9,9,3,17,16,1,0,,,,0.5429864253393666,0.20361990950226244,0.5429864253393666,2.579185520361991,1.153846153846154,,,,,0.6108597285067874,0.6108597285067874,0.20361990950226244,1.153846153846154,1.0859728506787332,0.06787330316742082,0.0,,,,1.0180995475113124,,True,True,True,True,True,False,False
algeria_anis_hadj_moussa,team_algeria,Algeria,Anis Hadj Moussa,anis hadj moussa,Feyenoord Rotterdam (NED),feyenoord rotterdam ned,Forward,,,,False,wc2026_official_squad_corrected,1.0,NED-Eredivisie,2526,Feyenoord,2545,30,,11,6,11,77,32,,,,,15,15,8,15,35,4,1,,,,0.38899803536345773,0.21218074656188604,0.38899803536345773,2.7229862475442044,1.1316306483300589,,,,,0.5304518664047151,0.5304518664047151,0.2829076620825147,0.5304518664047151,1.237721021611002,0.14145383104125736,0.03536345776031434,,,,1.0609037328094302,,True,True,True,True,True,False,False
algeria_fares_ghedjemis,team_algeria,Algeria,Fares Ghedjemis,fares ghedjemis,Frosinone (ITA),frosinone ita,Forward,,,,False,wc2026_official_squad_corrected,,,,,,,,,,,,,,,,,,,,,,,,,,,,,,,,,,,,,,,,,,,,,,,,,False,False,False,False,False,False
algeria_mohamed_amoura,team_algeria,Algeria,Mohamed Amoura,mohamed amoura,VfL Wolfsburg (GER),vfl wolfsburg ger,Forward,,,,False,wc2026_official_squad_corrected,1.0,GER-Bundesliga,2526,Wolfsburg,1919,23,,8,3,7,60,19,,,,,22,22,7,21,11,2,0,,,,0.3751954142782699,0.14069828035435122,0.3282959874934862,2.8139656070870243,0.8910891089108911,,,,,1.0317873892652423,1.0317873892652423,0.3282959874934862,0.9848879624804585,0.5158936946326211,0.09379885356956748,0.0,,,,1.078686816050026,,True,True,True,True,True,False,False
algeria_nadhir_benbouali,team_algeria,Algeria,Nadhir Benbouali,nadhir benbouali,Györi ETO FC (HUN),gyori eto fc hun,Forward,,,,False,wc2026_official_squad_corrected,,,,,,,,,,,,,,,,,,,,,,,,,,,,,,,,,,,,,,,,,,,,,,,,,False,False,False,False,False,False
algeria_riyad_mahrez,team_algeria,Algeria,Riyad Mahrez,riyad mahrez,Al Ahli FC (KSA),al ahli fc ksa,Forward,,,,False,wc2026_official_squad_corrected,1.0,KSA-Saudi Pro League,2526,Al-Ahli,2298,27,,4,8,4,38,10,,,,,11,11,6,11,22,2,0,,,,0.15665796344647517,0.31331592689295035,0.15665796344647517,1.4882506527415142,0.39164490861618795,,,,,0.4308093994778068,0.4308093994778068,0.23498694516971277,0.4308093994778068,0.8616187989556136,0.07832898172323759,0.0,,,,1.0574412532637074,,True,True,True,True,True,False,False
algeria_luca_zidane,team_algeria,Algeria,Luca Zidane,luca zidane,Granada CF (ESP),granada cf esp,Goalkeeper,,,,False,wc2026_official_squad_corrected,,,,,,,,,,,,,,,,,,,,,,,,,,,,,,,,,,,,,,,,,,,,,,,,,False,False,False,False,False,False
algeria_melvin_mastil,team_algeria,Algeria,Melvin Mastil,melvin mastil,FC Stade Nyonnais (SUI),fc stade nyonnais sui,Goalkeeper,,,,False,wc2026_official_squad_corrected,,,,,,,,,,,,,,,,,,,,,,,,,,,,,,,,,,,,,,,,,,,,,,,,,False,False,False,False,False,False
algeria_oussama_benbot,team_algeria,Algeria,Oussama Benbot,oussama benbot,USM Alger (ALG),usm alger alg,Goalkeeper,,,,False,wc2026_official_squad_corrected,,,,,,,,,,,,,,,,,,,,,,,,,,,,,,,,,,,,,,,,,,,,,,,,,False,False,False,False,False,False
algeria_fares_chaibi,team_algeria,Algeria,Fares Chaibi,fares chaibi,Eintracht Frankfurt (GER),eintracht frankfurt ger,Midfielder,,,,False,wc2026_official_squad_corrected,1.0,GER-Bundesliga,2526,Eintracht Frankfurt,1792,21,,2,9,2,35,9,,,,,21,21,13,14,21,2,0,,,,0.10044642857142858,0.45200892857142855,0.10044642857142858,1.7578125,0.45200892857142855,,,,,1.0546875,1.0546875,0.6529017857142857,0.703125,1.0546875,0.10044642857142858,0.0,,,,1.0546875,,True,True,True,True,True,False,False
algeria_hicham_boudaoui,team_algeria,Algeria,Hicham Boudaoui,hicham boudaoui,OGC Nice (FRA),ogc nice fra,Midfielder,,,,False,wc2026_official_squad_corrected,1.0,FRA-Ligue 1,2526,Nice,1694,18,,1,2,1,21,9,,,,,16,16,18,19,40,5,0,,,,0.053128689492325853,0.10625737898465171,0.053128689492325853,1.115702479338843,0.4781582054309327,,,,,0.8500590318772137,0.8500590318772137,0.9563164108618654,1.0094451003541913,2.125147579693034,0.26564344746162927,0.0,,,,0.9563164108618654,,True,True,True,True,True,False,False
algeria_houssem_aouar,team_algeria,Algeria,Houssem Aouar,houssem aouar,Al Ittihad (KSA),al ittihad ksa,Midfielder,,,,False,wc2026_official_squad_corrected,1.0,KSA-Saudi Pro League,2526,Al-Ittihad,1892,22,,8,3,8,46,16,,,,,16,16,8,21,32,3,0,,,,0.38054968287526425,0.1427061310782241,0.38054968287526425,2.1881606765327697,0.7610993657505285,,,,,0.7610993657505285,0.7610993657505285,0.38054968287526425,0.9989429175475687,1.522198731501057,0.1427061310782241,0.0,,,,1.0465116279069768,,True,True,True,True,True,False,False
algeria_ibrahim_maza,team_algeria,Algeria,Ibrahim Maza,ibrahim maza,Bayer 04 Leverkusen (GER),bayer 04 leverkusen ger,Midfielder,,,,False,wc2026_official_squad_corrected,1.0,GER-Bundesliga,2526,Leverkusen,1849,20,,3,4,3,54,17,,,,,24,24,16,19,36,2,0,,,,0.1460248783126014,0.19469983775013522,0.1460248783126014,2.628447809626825,0.8274743104380746,,,,,1.1681990265008113,1.1681990265008113,0.7787993510005409,0.9248242293131422,1.752298539751217,0.09734991887506761,0.0,,,,0.9734991887506761,,True,True,True,True,True,False,False
algeria_nabil_bentaleb,team_algeria,Algeria,Nabil Bentaleb,nabil bentaleb,Lille OSC (FRA),lille osc fra,Midfielder,,,,False,wc2026_official_squad_corrected,1.0,FRA-Ligue 1,2526,Lille,1287,13,,2,2,1,18,6,,,,,12,12,15,14,18,3,0,,,,0.13986013986013984,0.13986013986013984,0.06993006993006992,1.2587412587412588,0.4195804195804196,,,,,0.8391608391608392,0.8391608391608392,1.048951048951049,0.979020979020979,1.2587412587412588,0.2097902097902098,0.0,,,,0.9090909090909091,,True,True,True,True,True,False,False
algeria_ramiz_zerrouki,team_algeria,Algeria,Ramiz Zerrouki,ramiz zerrouki,FC Twente (NED),fc twente ned,Midfielder,,,,False,wc2026_official_squad_corrected,1.0,NED-Eredivisie,2526,Twente,2655,32,,3,1,3,33,8,,,,,41,41,38,41,21,2,1,,,,0.1016949152542373,0.03389830508474576,0.1016949152542373,1.11864406779661,0.2711864406779661,,,,,1.3898305084745763,1.3898305084745763,1.2881355932203389,1.3898305084745763,0.711864406779661,0.06779661016949153,0.03389830508474576,,,,1.0847457627118644,,True,True,True,True,True,False,False
algeria_yassine_titraoui,team_algeria,Algeria,Yassine Titraoui,yassine titraoui,Sporting Charleroi (BEL),sporting charleroi bel,Midfielder,,,,False,wc2026_official_squad_corrected,1.0,BEL-Belgian Pro League,2526,Charleroi,2900,33,,5,1,5,53,20,,,,,33,33,41,23,38,7,0,,,,0.15517241379310345,0.03103448275862069,0.15517241379310345,1.6448275862068966,0.6206896551724138,,,,,1.0241379310344827,1.0241379310344827,1.2724137931034483,0.7137931034482758,1.1793103448275863,0.21724137931034485,0.0,,,,1.0241379310344827,,True,True,True,True,True,False,False
argentina_cristian_romero,team_argentina,Argentina,Cristian Romero,cristian romero,Tottenham Hotspur FC (ENG),tottenham hotspur fc eng,Defender,,,,False,wc2026_official_squad_corrected,1.0,ENG-Premier League,2526,Tottenham Hotspur,1868,22,,4,1,4,17,6,,,,,30,30,31,32,16,11,2,,,,0.19271948608137043,0.04817987152034261,0.19271948608137043,0.8190578158458244,0.28907922912205564,,,,,1.4453961456102784,1.4453961456102784,1.493576017130621,1.5417558886509635,0.7708779443254817,0.5299785867237687,0.09635974304068522,,,,1.0599571734475375,,True,True,True,True,True,False,False
argentina_facundo_medina,team_argentina,Argentina,Facundo Medina,facundo medina,Olympique Marseille (FRA),olympique marseille fra,Defender,,,,False,wc2026_official_squad_corrected,1.0,FRA-Ligue 1,2526,Marseille,1365,16,,0,1,0,4,1,,,,,16,16,24,24,9,7,0,,,,0.0,0.06593406593406594,0.0,0.26373626373626374,0.06593406593406594,,,,,1.054945054945055,1.054945054945055,1.5824175824175826,1.5824175824175826,0.5934065934065934,0.46153846153846156,0.0,,,,1.054945054945055,,True,True,True,True,True,False,False
argentina_gonzalo_montiel,team_argentina,Argentina,Gonzalo Montiel,gonzalo montiel,CA River Plate (ARG),ca river plate arg,Defender,,,,False,wc2026_official_squad_corrected,,,,,,,,,,,,,,,,,,,,,,,,,,,,,,,,,,,,,,,,,,,,,,,,,False,False,False,False,False,False
argentina_leonardo_balerdi,team_argentina,Argentina,Leonardo Balerdi,leonardo balerdi,Olympique Marseille (FRA),olympique marseille fra,Defender,,,,False,wc2026_official_squad_corrected,1.0,FRA-Ligue 1,2526,Marseille,2001,21,,0,1,0,20,5,,,,,28,28,27,23,21,5,0,,,,0.0,0.04497751124437781,0.0,0.8995502248875562,0.22488755622188905,,,,,1.2593703148425786,1.2593703148425786,1.2143928035982008,1.0344827586206895,0.944527736131934,0.22488755622188905,0.0,,,,0.944527736131934,,True,True,True,True,True,False,False
argentina_lisandro_martinez,team_argentina,Argentina,Lisandro Martinez,lisandro martinez,Manchester United FC (ENG),manchester united fc eng,Defender,,,,False,wc2026_official_squad_corrected,1.0,ENG-Premier League,2526,Manchester Utd,1233,13,,0,0,0,5,0,,,,,11,11,12,9,2,0,1,,,,0.0,0.0,0.0,0.36496350364963503,0.0,,,,,0.8029197080291971,0.8029197080291971,0.8759124087591241,0.6569343065693432,0.14598540145985403,0.0,0.07299270072992702,,,,0.9489051094890512,,True,True,True,True,True,False,False
argentina_nahuel_molina,team_argentina,Argentina,Nahuel Molina,nahuel molina,Atlético De Madrid (ESP),atletico de madrid esp,Defender,,,,False,wc2026_official_squad_corrected,1.0,ESP-La Liga,2526,Atlético Madrid,1331,13,,2,2,2,14,4,,,,,24,24,14,14,5,4,0,,,,0.135236664162284,0.135236664162284,0.135236664162284,0.9466566491359879,0.270473328324568,,,,,1.6228399699474079,1.6228399699474079,0.9466566491359879,0.9466566491359879,0.33809166040571,0.270473328324568,0.0,,,,0.8790383170548459,,True,True,True,True,True,False,False
argentina_nicolas_otamendi,team_argentina,Argentina,Nicolas Otamendi,nicolas otamendi,SL Benfica (POR),sl benfica por,Defender,,,,False,wc2026_official_squad_corrected,1.0,POR-Primeira Liga,2526,Benfica,2603,30,,2,0,2,23,6,,,,,30,30,45,22,41,7,1,,,,0.06915097963887822,0.0,0.06915097963887822,0.7952362658470995,0.20745293891663466,,,,,1.0372646945831734,1.0372646945831734,1.55589704187476,0.7606607760276605,1.4175950825970036,0.24202842873607378,0.03457548981943911,,,,1.0372646945831734,,True,True,True,True,True,False,False
argentina_nicolas_tagliafico,team_argentina,Argentina,Nicolas Tagliafico,nicolas tagliafico,Olympique Lyonnais (FRA),olympique lyonnais fra,Defender,,,,False,wc2026_official_squad_corrected,1.0,FRA-Ligue 1,2526,Lyon,1310,14,,0,3,0,15,1,,,,,14,14,17,36,33,5,2,,,,0.0,0.20610687022900764,0.0,1.0305343511450382,0.06870229007633588,,,,,0.9618320610687023,0.9618320610687023,1.16793893129771,2.4732824427480917,2.267175572519084,0.3435114503816794,0.13740458015267176,,,,0.9618320610687023,,True,True,True,True,True,False,False
argentina_giuliano_simeone,team_argentina,Argentina,Giuliano Simeone,giuliano simeone,Atlético De Madrid (ESP),atletico de madrid esp,Forward,,,,False,wc2026_official_squad_corrected,1.0,ESP-La Liga,2526,Atlético Madrid,2099,25,,4,6,4,36,14,,,,,25,25,20,21,40,2,0,,,,0.1715102429728442,0.2572653644592663,0.1715102429728442,1.543592186755598,0.6002858504049547,,,,,1.0719390185802764,1.0719390185802764,0.857551214864221,0.9004287756074321,1.715102429728442,0.0857551214864221,0.0,,,,1.0719390185802764,,True,True,True,True,True,False,False
argentina_jose_manuel_lopez,team_argentina,Argentina,Jose Manuel Lopez,jose manuel lopez,SE Palmeiras (BRA),se palmeiras bra,Forward,,,,False,wc2026_official_squad_corrected,,,,,,,,,,,,,,,,,,,,,,,,,,,,,,,,,,,,,,,,,,,,,,,,,False,False,False,False,False,False
argentina_julian_alvarez,team_argentina,Argentina,Julian Alvarez,julian alvarez,Atlético De Madrid (ESP),atletico de madrid esp,Forward,,,,False,wc2026_official_squad_corrected,1.0,ESP-La Liga,2526,Atlético Madrid,1895,22,,8,4,6,54,26,,,,,13,13,3,14,18,2,0,,,,0.37994722955145116,0.18997361477572558,0.28496042216358836,2.5646437994722953,1.2348284960422162,,,,,0.6174142480211081,0.6174142480211081,0.14248021108179418,0.6649076517150395,0.8548812664907651,0.09498680738786279,0.0,,,,1.0448548812664906,,True,True,True,True,True,False,False
argentina_lautaro_martinez,team_argentina,Argentina,Lautaro Martinez,lautaro martinez,FC Internazionale Milano (ITA),fc internazionale milano ita,Forward,,,,False,wc2026_official_squad_corrected,1.0,ITA-Serie A,2526,Inter,2159,27,,17,6,17,92,39,,,,,13,13,6,47,47,4,0,,,,0.7086614173228347,0.25011579434923575,0.7086614173228347,3.8351088466882817,1.6257526632700325,,,,,0.5419175544233442,0.5419175544233442,0.25011579434923575,1.9592403890690135,1.9592403890690135,0.16674386289949053,0.0,,,,1.125521074571561,,True,True,True,True,True,False,False
argentina_lionel_messi,team_argentina,Argentina,Lionel Messi,lionel messi,Inter Miami CF (USA),inter miami cf usa,Forward,,,,False,wc2026_official_squad_corrected,1.0,USA-Major League Soccer,2026,Inter Miami,1242,14,,12,7,11,84,35,,,,,4,4,2,12,24,2,0,,,,0.8695652173913043,0.5072463768115941,0.7971014492753623,6.08695652173913,2.5362318840579707,,,,,0.2898550724637681,0.2898550724637681,0.14492753623188406,0.8695652173913043,1.7391304347826086,0.14492753623188406,0.0,,,,1.0144927536231882,,True,True,True,True,True,False,False
argentina_nico_paz,team_argentina,Argentina,Nico Paz,nico paz,Como (ITA),como ita,Forward,,,,False,wc2026_official_squad_corrected,,,,,,,,,,,,,,,,,,,,,,,,,,,,,,,,,,,,,,,,,,,,,,,,,False,False,False,False,False,False
argentina_thiago_almada,team_argentina,Argentina,Thiago Almada,thiago almada,Atlético De Madrid (ESP),atletico de madrid esp,Forward,,,,False,wc2026_official_squad_corrected,1.0,ESP-La Liga,2526,Atlético Madrid,1311,16,,3,1,3,21,10,,,,,18,18,9,13,16,2,1,,,,0.20594965675057209,0.06864988558352403,0.20594965675057209,1.4416475972540046,0.6864988558352403,,,,,1.2356979405034325,1.2356979405034325,0.6178489702517163,0.8924485125858124,1.0983981693363845,0.13729977116704806,0.06864988558352403,,,,1.0983981693363845,,True,True,True,True,True,False,False
argentina_emiliano_martinez,team_argentina,Argentina,Emiliano Martinez,emiliano martinez,Aston Villa FC (ENG),aston villa fc eng,Goalkeeper,,,,False,wc2026_official_squad_corrected,1.0,ENG-Premier League,2526,Aston Villa,2835,32,8,0,1,0,0,0,,,,,0,0,0,0,17,2,0,95,39,,0.0,0.031746031746031744,0.0,0.0,0.0,,,,,0.0,0.0,0.0,0.0,0.5396825396825397,0.06349206349206349,0.0,3.015873015873016,1.2380952380952381,,1.0158730158730158,0.25396825396825395,True,True,True,False,False,True,False
argentina_geronimo_rulli,team_argentina,Argentina,Geronimo Rulli,geronimo rulli,Olympique Marseille (FRA),olympique marseille fra,Goalkeeper,,,,False,wc2026_official_squad_corrected,1.0,FRA-Ligue 1,2526,Marseille,2610,29,8,0,0,0,1,0,,,,,0,0,0,1,14,3,0,76,34,,0.0,0.0,0.0,0.034482758620689655,0.0,,,,,0.0,0.0,0.0,0.034482758620689655,0.4827586206896552,0.10344827586206896,0.0,2.6206896551724137,1.1724137931034482,,1.0,0.27586206896551724,True,True,True,False,False,True,False
argentina_juan_musso,team_argentina,Argentina,Juan Musso,juan musso,Atlético De Madrid (ESP),atletico de madrid esp,Goalkeeper,,,,False,wc2026_official_squad_corrected,1.0,ESP-La Liga,2526,Atlético Madrid,720,8,3,0,0,0,0,0,,,,,0,0,0,1,3,2,0,22,13,,0.0,0.0,0.0,0.0,0.0,,,,,0.0,0.0,0.0,0.125,0.375,0.25,0.0,2.75,1.625,,1.0,0.375,True,True,True,False,False,True,False
argentina_alexis_mac_allister,team_argentina,Argentina,Alexis Mac Allister,alexis mac allister,Liverpool FC (ENG),liverpool fc eng,Midfielder,,,,False,wc2026_official_squad_corrected,1.0,ENG-Premier League,2526,Liverpool,2658,31,,2,4,2,52,12,,,,,27,27,18,35,32,7,0,,,,0.06772009029345372,0.13544018058690743,0.06772009029345372,1.7607223476297968,0.4063205417607223,,,,,0.9142212189616252,0.9142212189616252,0.6094808126410834,1.18510158013544,1.0835214446952595,0.23702031602708803,0.0,,,,1.0496613995485327,,True,True,True,True,True,False,False
argentina_enzo_fernandez,team_argentina,Argentina,Enzo Fernandez,enzo fernandez,Chelsea FC (ENG),chelsea fc eng,Midfielder,,,,False,wc2026_official_squad_corrected,1.0,ENG-Premier League,2526,Chelsea,3115,35,,10,4,8,72,31,,,,,24,24,20,36,45,10,0,,,,0.2889245585874799,0.11556982343499196,0.23113964686998392,2.080256821829855,0.8956661316211877,,,,,0.6934189406099518,0.6934189406099518,0.5778491171749598,1.0401284109149276,1.3001605136436596,0.2889245585874799,0.0,,,,1.0112359550561796,,True,True,True,True,True,False,False
argentina_exequiel_palacios,team_argentina,Argentina,Exequiel Palacios,exequiel palacios,Bayer 04 Leverkusen (GER),bayer 04 leverkusen ger,Midfielder,,,,False,wc2026_official_squad_corrected,1.0,GER-Bundesliga,2526,Leverkusen,1099,12,,0,1,0,10,2,,,,,9,9,10,6,18,3,0,,,,0.0,0.0818926296633303,0.0,0.8189262966333031,0.1637852593266606,,,,,0.7370336669699727,0.7370336669699727,0.8189262966333031,0.4913557779799818,1.4740673339399455,0.2456778889899909,0.0,,,,0.9827115559599636,,True,True,True,True,True,False,False
argentina_giovani_lo_celso,team_argentina,Argentina,Giovani Lo Celso,giovani lo celso,Real Betis (ESP),real betis esp,Midfielder,,,,False,wc2026_official_squad_corrected,1.0,ESP-La Liga,2526,Real Betis,1393,15,,2,3,2,30,11,,,,,13,13,6,9,42,4,0,,,,0.12921751615218952,0.19382627422828427,0.12921751615218952,1.9382627422828427,0.7106963388370423,,,,,0.8399138549892319,0.8399138549892319,0.38765254845656855,0.5814788226848528,2.71356783919598,0.25843503230437903,0.0,,,,0.9691313711414213,,True,True,True,True,True,False,False
argentina_leandro_paredes,team_argentina,Argentina,Leandro Paredes,leandro paredes,CA Boca Juniors (ARG),ca boca juniors arg,Midfielder,,,,False,wc2026_official_squad_corrected,,,,,,,,,,,,,,,,,,,,,,,,,,,,,,,,,,,,,,,,,,,,,,,,,False,False,False,False,False,False
argentina_nico_gonzalez,team_argentina,Argentina,Nico Gonzalez,nico gonzalez,Atlético De Madrid (ESP),atletico de madrid esp,Midfielder,,,,False,wc2026_official_squad_corrected,,,,,,,,,,,,,,,,,,,,,,,,,,,,,,,,,,,,,,,,,,,,,,,,,False,False,False,False,False,False
argentina_rodrigo_de_paul,team_argentina,Argentina,Rodrigo de Paul,rodrigo de paul,Inter Miami CF (USA),inter miami cf usa,Midfielder,,,,False,wc2026_official_squad_corrected,1.0,USA-Major League Soccer,2026,Inter Miami,1170,13,,4,4,4,24,10,,,,,7,7,13,9,29,4,0,,,,0.3076923076923077,0.3076923076923077,0.3076923076923077,1.8461538461538463,0.7692307692307693,,,,,0.5384615384615384,0.5384615384615384,1.0,0.6923076923076923,2.230769230769231,0.3076923076923077,0.0,,,,1.0,,True,True,True,True,True,False,False
argentina_valentin_barco,team_argentina,Argentina,Valentin Barco,valentin barco,RC Strasbourg (FRA),rc strasbourg fra,Midfielder,,,,False,wc2026_official_squad_corrected,1.0,FRA-Ligue 1,2526,Strasbourg,2168,24,,2,4,2,27,10,,,,,33,33,14,24,61,5,1,,,,0.08302583025830258,0.16605166051660517,0.08302583025830258,1.1208487084870848,0.4151291512915129,,,,,1.3699261992619927,1.3699261992619927,0.5811808118081181,0.996309963099631,2.532287822878229,0.20756457564575645,0.04151291512915129,,,,0.996309963099631,,True,True,True,True,True,False,False
australia_alessandro_circati,team_australia,Australia,Alessandro Circati,alessandro circati,Parma (ITA),parma ita,Defender,,,,False,wc2026_official_squad_corrected,1.0,ITA-Serie A,2526,Parma,2664,31,,1,0,1,8,1,,,,,25,25,27,30,18,6,0,,,,0.03378378378378378,0.0,0.03378378378378378,0.27027027027027023,0.03378378378378378,,,,,0.8445945945945945,0.8445945945945945,0.9121621621621622,1.0135135135135134,0.6081081081081081,0.2027027027027027,0.0,,,,1.0472972972972971,,True,True,True,True,True,False,False
australia_aziz_behich,team_australia,Australia,Aziz Behich,aziz behich,Melbourne City FC (AUS),melbourne city fc aus,Defender,,,,False,wc2026_official_squad_corrected,,,,,,,,,,,,,,,,,,,,,,,,,,,,,,,,,,,,,,,,,,,,,,,,,False,False,False,False,False,False
australia_cameron_burgess,team_australia,Australia,Cameron Burgess,cameron burgess,Swansea City AFC (WAL),swansea city afc wal,Defender,,,,False,wc2026_official_squad_corrected,,,,,,,,,,,,,,,,,,,,,,,,,,,,,,,,,,,,,,,,,,,,,,,,,False,False,False,False,False,False
australia_harry_souttar,team_australia,Australia,Harry Souttar,harry souttar,Leicester City FC (ENG),leicester city fc eng,Defender,,,,False,wc2026_official_squad_corrected,,,,,,,,,,,,,,,,,,,,,,,,,,,,,,,,,,,,,,,,,,,,,,,,,False,False,False,False,False,False
australia_jacob_italiano,team_australia,Australia,Jacob Italiano,jacob italiano,Grazer AK (AUT),grazer ak aut,Defender,,,,False,wc2026_official_squad_corrected,,,,,,,,,,,,,,,,,,,,,,,,,,,,,,,,,,,,,,,,,,,,,,,,,False,False,False,False,False,False
australia_jason_geria,team_australia,Australia,Jason Geria,jason geria,Albirex Niigata (JPN),albirex niigata jpn,Defender,,,,False,wc2026_official_squad_corrected,,,,,,,,,,,,,,,,,,,,,,,,,,,,,,,,,,,,,,,,,,,,,,,,,False,False,False,False,False,False
australia_jordan_bos,team_australia,Australia,Jordan Bos,jordan bos,Feyenoord Rotterdam (NED),feyenoord rotterdam ned,Defender,,,,False,wc2026_official_squad_corrected,,,,,,,,,,,,,,,,,,,,,,,,,,,,,,,,,,,,,,,,,,,,,,,,,False,False,False,False,False,False
australia_kai_trewin,team_australia,Australia,Kai Trewin,kai trewin,New York City FC (USA),new york city fc usa,Defender,,,,False,wc2026_official_squad_corrected,1.0,USA-Major League Soccer,2026,NYCFC,1254,14,,0,0,0,8,3,,,,,18,18,16,15,8,3,0,,,,0.0,0.0,0.0,0.5741626794258373,0.21531100478468898,,,,,1.291866028708134,1.291866028708134,1.1483253588516746,1.076555023923445,0.5741626794258373,0.21531100478468898,0.0,,,,1.0047846889952152,,True,True,True,True,True,False,False
australia_lucas_herrington,team_australia,Australia,Lucas Herrington,lucas herrington,Colorado Rapids (USA),colorado rapids usa,Defender,,,,False,wc2026_official_squad_corrected,1.0,USA-Major League Soccer,2026,Colorado Rapids,1350,15,,1,1,1,2,1,,,,,12,12,12,15,7,4,0,,,,0.06666666666666667,0.06666666666666667,0.06666666666666667,0.13333333333333333,0.06666666666666667,,,,,0.8,0.8,0.8,1.0,0.4666666666666667,0.26666666666666666,0.0,,,,1.0,,True,True,True,True,True,False,False
australia_milos_degenek,team_australia,Australia,Milos Degenek,milos degenek,APOEL FC (CYP),apoel fc cyp,Defender,,,,False,wc2026_official_squad_corrected,,,,,,,,,,,,,,,,,,,,,,,,,,,,,,,,,,,,,,,,,,,,,,,,,False,False,False,False,False,False
australia_ajdin_hrustic,team_australia,Australia,Ajdin Hrustic,ajdin hrustic,SC Heracles Almelo (NED),sc heracles almelo ned,Forward,,,,False,wc2026_official_squad_corrected,1.0,NED-Eredivisie,2526,Heracles Almelo,2220,25,,1,6,1,36,12,,,,,19,19,9,25,32,5,0,,,,0.040540540540540536,0.24324324324324323,0.040540540540540536,1.4594594594594594,0.48648648648648646,,,,,0.7702702702702703,0.7702702702702703,0.36486486486486486,1.0135135135135134,1.2972972972972971,0.2027027027027027,0.0,,,,1.0135135135135134,,True,True,True,True,True,False,False
australia_awer_mabil,team_australia,Australia,Awer Mabil,awer mabil,CD Castellón (ESP),cd castellon esp,Forward,,,,False,wc2026_official_squad_corrected,,,,,,,,,,,,,,,,,,,,,,,,,,,,,,,,,,,,,,,,,,,,,,,,,False,False,False,False,False,False
australia_cristian_volpato,team_australia,Australia,Cristian Volpato,cristian volpato,US Sassuolo (ITA),us sassuolo ita,Forward,,,,False,wc2026_official_squad_corrected,1.0,ITA-Serie A,2526,Sassuolo,1064,11,,2,4,2,21,7,,,,,11,11,6,19,11,4,0,,,,0.16917293233082706,0.3383458646616541,0.16917293233082706,1.776315789473684,0.5921052631578947,,,,,0.9304511278195489,0.9304511278195489,0.5075187969924811,1.607142857142857,0.9304511278195489,0.3383458646616541,0.0,,,,0.9304511278195489,,True,True,True,True,True,False,False
australia_mathew_leckie,team_australia,Australia,Mathew Leckie,mathew leckie,Melbourne City FC (AUS),melbourne city fc aus,Forward,,,,False,wc2026_official_squad_corrected,,,,,,,,,,,,,,,,,,,,,,,,,,,,,,,,,,,,,,,,,,,,,,,,,False,False,False,False,False,False
australia_mohamed_toure,team_australia,Australia,Mohamed Toure,mohamed toure,Norwich City FC (ENG),norwich city fc eng,Forward,,,,False,wc2026_official_squad_corrected,,,,,,,,,,,,,,,,,,,,,,,,,,,,,,,,,,,,,,,,,,,,,,,,,False,False,False,False,False,False
australia_nestory_irankunda,team_australia,Australia,Nestory Irankunda,nestory irankunda,Watford FC (ENG),watford fc eng,Forward,,,,False,wc2026_official_squad_corrected,,,,,,,,,,,,,,,,,,,,,,,,,,,,,,,,,,,,,,,,,,,,,,,,,False,False,False,False,False,False
australia_nishan_velupillay,team_australia,Australia,Nishan Velupillay,nishan velupillay,Melbourne Victory FC (AUS),melbourne victory fc aus,Forward,,,,False,wc2026_official_squad_corrected,,,,,,,,,,,,,,,,,,,,,,,,,,,,,,,,,,,,,,,,,,,,,,,,,False,False,False,False,False,False
australia_tete_yengi,team_australia,Australia,Tete Yengi,tete yengi,FC Machida Zelvia (JPN),fc machida zelvia jpn,Forward,,,,False,wc2026_official_squad_corrected,,,,,,,,,,,,,,,,,,,,,,,,,,,,,,,,,,,,,,,,,,,,,,,,,False,False,False,False,False,False
australia_mathew_ryan,team_australia,Australia,Mathew Ryan,mathew ryan,Levante UD (ESP),levante ud esp,Goalkeeper,,,,False,wc2026_official_squad_corrected,1.0,ESP-La Liga,2526,Levante,3240,36,9,0,0,0,2,0,,,,,1,1,1,0,1,4,0,124,56,,0.0,0.0,0.0,0.05555555555555555,0.0,,,,,0.027777777777777776,0.027777777777777776,0.027777777777777776,0.0,0.027777777777777776,0.1111111111111111,0.0,3.4444444444444446,1.5555555555555556,,1.0,0.25,True,True,True,False,False,True,False
australia_patrick_beach,team_australia,Australia,Patrick Beach,patrick beach,Melbourne City FC (AUS),melbourne city fc aus,Goalkeeper,,,,False,wc2026_official_squad_corrected,,,,,,,,,,,,,,,,,,,,,,,,,,,,,,,,,,,,,,,,,,,,,,,,,False,False,False,False,False,False
australia_paul_izzo,team_australia,Australia,Paul Izzo,paul izzo,Randers FC (DEN),randers fc den,Goalkeeper,,,,False,wc2026_official_squad_corrected,,,,,,,,,,,,,,,,,,,,,,,,,,,,,,,,,,,,,,,,,,,,,,,,,False,False,False,False,False,False
australia_aiden_oneill,team_australia,Australia,Aiden Oneill,aiden oneill,New York City FC (USA),new york city fc usa,Midfielder,,,,False,wc2026_official_squad_corrected,,,,,,,,,,,,,,,,,,,,,,,,,,,,,,,,,,,,,,,,,,,,,,,,,False,False,False,False,False,False
australia_cameron_devlin,team_australia,Australia,Cameron Devlin,cameron devlin,Heart Of Midlothian FC (SCO),heart of midlothian fc sco,Midfielder,,,,False,wc2026_official_squad_corrected,,,,,,,,,,,,,,,,,,,,,,,,,,,,,,,,,,,,,,,,,,,,,,,,,False,False,False,False,False,False
australia_connor_metcalfe,team_australia,Australia,Connor Metcalfe,connor metcalfe,FC St. Pauli (GER),fc st pauli ger,Midfielder,,,,False,wc2026_official_squad_corrected,1.0,GER-Bundesliga,2526,St Pauli,592,3,,0,2,0,16,4,,,,,9,9,6,9,2,2,0,,,,0.0,0.30405405405405406,0.0,2.4324324324324325,0.6081081081081081,,,,,1.3682432432432432,1.3682432432432432,0.9121621621621622,1.3682432432432432,0.30405405405405406,0.30405405405405406,0.0,,,,0.4560810810810811,,True,True,True,True,True,False,False
australia_jackson_irvine,team_australia,Australia,Jackson Irvine,jackson irvine,FC St. Pauli (GER),fc st pauli ger,Midfielder,,,,False,wc2026_official_squad_corrected,1.0,GER-Bundesliga,2526,St Pauli,1624,18,,0,1,0,19,4,,,,,17,17,28,20,12,2,1,,,,0.0,0.05541871921182266,0.0,1.0529556650246306,0.22167487684729065,,,,,0.9421182266009852,0.9421182266009852,1.5517241379310345,1.1083743842364533,0.6650246305418719,0.11083743842364532,0.05541871921182266,,,,0.9975369458128079,,True,True,True,True,True,False,False
australia_paul_okon_engstler,team_australia,Australia,Paul Okon-Engstler,paul okon engstler,Sydney FC (AUS),sydney fc aus,Midfielder,,,,False,wc2026_official_squad_corrected,,,,,,,,,,,,,,,,,,,,,,,,,,,,,,,,,,,,,,,,,,,,,,,,,False,False,False,False,False,False
austria_david_affengruber,team_austria,Austria,David Affengruber,david affengruber,Elche CF (ESP),elche cf esp,Defender,,,,False,wc2026_official_squad_corrected,1.0,ESP-La Liga,2526,Elche,2949,33,,1,1,1,14,4,,,,,50,50,50,34,35,7,1,,,,0.030518819938962362,0.030518819938962362,0.030518819938962362,0.4272634791454731,0.12207527975584945,,,,,1.5259409969481181,1.5259409969481181,1.5259409969481181,1.0376398779247202,1.0681586978636826,0.21363173957273654,0.030518819938962362,,,,1.007121057985758,,True,True,True,True,True,False,False
austria_david_alaba,team_austria,Austria,David Alaba,david alaba,Real Madrid C. F. (ESP),real madrid c f esp,Defender,,,,False,wc2026_official_squad_corrected,1.0,ESP-La Liga,2526,Real Madrid,424,5,,0,0,0,4,1,,,,,4,4,0,1,0,1,0,,,,0.0,0.0,0.0,0.8490566037735848,0.2122641509433962,,,,,0.8490566037735848,0.8490566037735848,0.0,0.2122641509433962,0.0,0.2122641509433962,0.0,,,,1.0613207547169812,,False,True,False,False,False,False,False
austria_kevin_danso,team_austria,Austria,Kevin Danso,kevin danso,Tottenham Hotspur FC (ENG),tottenham hotspur fc eng,Defender,,,,False,wc2026_official_squad_corrected,1.0,ENG-Premier League,2526,Tottenham Hotspur,1494,17,,0,0,0,11,2,,,,,13,13,25,21,13,8,0,,,,0.0,0.0,0.0,0.6626506024096385,0.12048192771084336,,,,,0.7831325301204819,0.7831325301204819,1.506024096385542,1.2650602409638554,0.7831325301204819,0.48192771084337344,0.0,,,,1.0240963855421685,,True,True,True,True,True,False,False
austria_marco_friedl,team_austria,Austria,Marco Friedl,marco friedl,SV Werder Bremen (GER),sv werder bremen ger,Defender,,,,False,wc2026_official_squad_corrected,1.0,GER-Bundesliga,2526,Werder Bremen,2546,29,,1,0,1,8,2,,,,,24,24,35,17,16,9,1,,,,0.03534956794972506,0.0,0.03534956794972506,0.2827965435978005,0.07069913589945012,,,,,0.8483896307934015,0.8483896307934015,1.237234878240377,0.6009426551453261,0.565593087195601,0.31814611154752553,0.03534956794972506,,,,1.0251374705420266,,True,True,True,True,True,False,False
austria_michael_svoboda,team_austria,Austria,Michael Svoboda,michael svoboda,Venezia FC (ITA),venezia fc ita,Defender,,,,False,wc2026_official_squad_corrected,,,,,,,,,,,,,,,,,,,,,,,,,,,,,,,,,,,,,,,,,,,,,,,,,False,False,False,False,False,False
austria_philipp_lienhart,team_austria,Austria,Philipp Lienhart,philipp lienhart,SC Freiburg (GER),sc freiburg ger,Defender,,,,False,wc2026_official_squad_corrected,1.0,GER-Bundesliga,2526,Freiburg,1302,14,,1,0,1,8,2,,,,,13,13,13,7,8,4,1,,,,0.06912442396313365,0.0,0.06912442396313365,0.5529953917050692,0.1382488479262673,,,,,0.8986175115207373,0.8986175115207373,0.8986175115207373,0.4838709677419355,0.5529953917050692,0.2764976958525346,0.06912442396313365,,,,0.967741935483871,,True,True,True,True,True,False,False
austria_phillip_mwene,team_austria,Austria,Phillip Mwene,phillip mwene,1. FSV Mainz 05 (GER),1 fsv mainz 05 ger,Defender,,,,False,wc2026_official_squad_corrected,,,,,,,,,,,,,,,,,,,,,,,,,,,,,,,,,,,,,,,,,,,,,,,,,False,False,False,False,False,False
austria_stefan_posch,team_austria,Austria,Stefan Posch,stefan posch,1. FSV Mainz 05 (GER),1 fsv mainz 05 ger,Defender,,,,False,wc2026_official_squad_corrected,3.0,"GER-Bundesliga, ITA-Serie A",2526,"Bologna, Como, Mainz 05",1788,19,,1,0,1,19,6,,,,,25,25,25,17,18,5,0,,,,0.050335570469798654,0.0,0.050335570469798654,0.9563758389261745,0.30201342281879195,,,,,1.2583892617449663,1.2583892617449663,1.2583892617449663,0.8557046979865771,0.9060402684563759,0.25167785234899326,0.0,,,,0.9563758389261745,,True,True,True,True,True,False,False
austria_marko_arnautovic,team_austria,Austria,Marko Arnautovic,marko arnautovic,FK Crvena Zvezda (SRB),fk crvena zvezda srb,Forward,,,,False,wc2026_official_squad_corrected,,,,,,,,,,,,,,,,,,,,,,,,,,,,,,,,,,,,,,,,,,,,,,,,,False,False,False,False,False,False
austria_michael_gregoritsch,team_austria,Austria,Michael Gregoritsch,michael gregoritsch,FC Augsburg (GER),fc augsburg ger,Forward,,,,False,wc2026_official_squad_corrected,1.0,GER-Bundesliga,2526,Augsburg,913,11,,6,2,5,29,10,,,,,4,4,5,5,18,2,0,,,,0.5914567360350493,0.19715224534501644,0.4928806133625411,2.8587075575027385,0.9857612267250822,,,,,0.39430449069003287,0.39430449069003287,0.4928806133625411,0.4928806133625411,1.774370208105148,0.19715224534501644,0.0,,,,1.0843373493975905,,True,True,True,True,True,False,False
austria_patrick_wimmer,team_austria,Austria,Patrick Wimmer,patrick wimmer,VfL Wolfsburg (GER),vfl wolfsburg ger,Forward,,,,False,wc2026_official_squad_corrected,1.0,GER-Bundesliga,2526,Wolfsburg,1621,21,,4,3,4,24,8,,,,,20,20,23,28,33,4,0,,,,0.22208513263417642,0.1665638494756323,0.22208513263417642,1.3325107958050584,0.44417026526835285,,,,,1.110425663170882,1.110425663170882,1.2769895126465143,1.554595928439235,1.8322023442319555,0.22208513263417642,0.0,,,,1.165946946329426,,True,True,True,True,True,False,False
austria_sasa_kalajdzic,team_austria,Austria,Sasa Kalajdzic,sasa kalajdzic,LASK Linz (AUT),lask linz aut,Forward,,,,False,wc2026_official_squad_corrected,1.0,ENG-Premier League,2526,Wolves,15,0,,0,0,0,0,0,,,,,0,0,1,0,0,0,0,,,,0.0,0.0,0.0,0.0,0.0,,,,,0.0,0.0,6.0,0.0,0.0,0.0,0.0,,,,0.0,,False,True,False,False,False,False,False
austria_alexander_schlager,team_austria,Austria,Alexander Schlager,alexander schlager,FC Red Bull Salzburg (AUT),fc red bull salzburg aut,Goalkeeper,,,,False,wc2026_official_squad_corrected,,,,,,,,,,,,,,,,,,,,,,,,,,,,,,,,,,,,,,,,,,,,,,,,,False,False,False,False,False,False
austria_florian_wiegele,team_austria,Austria,Florian Wiegele,florian wiegele,FC Viktoria Plzeň (CZE),fc viktoria plzen cze,Goalkeeper,,,,False,wc2026_official_squad_corrected,,,,,,,,,,,,,,,,,,,,,,,,,,,,,,,,,,,,,,,,,,,,,,,,,False,False,False,False,False,False
austria_patrick_pentz,team_austria,Austria,Patrick Pentz,patrick pentz,Brøndby IF (DEN),br ndby if den,Goalkeeper,,,,False,wc2026_official_squad_corrected,,,,,,,,,,,,,,,,,,,,,,,,,,,,,,,,,,,,,,,,,,,,,,,,,False,False,False,False,False,False
austria_alessandro_schoepf,team_austria,Austria,Alessandro Schoepf,alessandro schoepf,Wolfsberger AC (AUT),wolfsberger ac aut,Midfielder,,,,False,wc2026_official_squad_corrected,,,,,,,,,,,,,,,,,,,,,,,,,,,,,,,,,,,,,,,,,,,,,,,,,False,False,False,False,False,False
austria_alexander_prass,team_austria,Austria,Alexander Prass,alexander prass,TSG Hoffenheim (GER),tsg hoffenheim ger,Midfielder,,,,False,wc2026_official_squad_corrected,1.0,GER-Bundesliga,2526,Hoffenheim,1308,12,,3,2,3,18,11,,,,,22,22,6,26,21,4,0,,,,0.20642201834862386,0.13761467889908258,0.20642201834862386,1.238532110091743,0.7568807339449541,,,,,1.5137614678899083,1.5137614678899083,0.41284403669724773,1.7889908256880733,1.444954128440367,0.27522935779816515,0.0,,,,0.8256880733944955,,True,True,True,True,True,False,False
austria_carney_chukwuemeka,team_austria,Austria,Carney Chukwuemeka,carney chukwuemeka,Borussia Dortmund (GER),borussia dortmund ger,Midfielder,,,,False,wc2026_official_squad_corrected,1.0,GER-Bundesliga,2526,Dortmund,919,8,,2,0,2,18,2,,,,,15,15,6,11,15,2,0,,,,0.19586507072905332,0.0,0.19586507072905332,1.76278563656148,0.19586507072905332,,,,,1.4689880304679,1.4689880304679,0.58759521218716,1.0772578890097932,1.4689880304679,0.19586507072905332,0.0,,,,0.7834602829162133,,True,True,True,True,True,False,False
austria_christoph_baumgartner,team_austria,Austria,Christoph Baumgartner,christoph baumgartner,RB Leipzig (GER),rb leipzig ger,Midfielder,,,,False,wc2026_official_squad_corrected,1.0,GER-Bundesliga,2526,RB Leipzig,2780,32,,13,8,13,81,35,,,,,40,40,22,63,33,10,0,,,,0.420863309352518,0.2589928057553957,0.420863309352518,2.6223021582733814,1.1330935251798562,,,,,1.2949640287769784,1.2949640287769784,0.7122302158273381,2.0395683453237408,1.0683453237410072,0.3237410071942446,0.0,,,,1.0359712230215827,,True,True,True,True,True,False,False
austria_florian_grillitsch,team_austria,Austria,Florian Grillitsch,florian grillitsch,SC Braga (POR),sc braga por,Midfielder,,,,False,wc2026_official_squad_corrected,1.0,POR-Primeira Liga,2526,Braga,1129,12,,1,1,1,8,2,,,,,13,13,20,14,27,3,0,,,,0.07971656333038087,0.07971656333038087,0.07971656333038087,0.6377325066430469,0.15943312666076173,,,,,1.0363153232949514,1.0363153232949514,1.5943312666076175,1.1160318866253323,2.1523472099202836,0.2391496899911426,0.0,,,,0.9565987599645704,,True,True,True,True,True,False,False
austria_konrad_laimer,team_austria,Austria,Konrad Laimer,konrad laimer,FC Bayern München (GER),fc bayern munchen ger,Midfielder,,,,False,wc2026_official_squad_corrected,1.0,GER-Bundesliga,2526,Bayern Munich,1994,22,,3,9,3,17,8,,,,,25,25,17,29,9,9,0,,,,0.1354062186559679,0.40621865596790374,0.1354062186559679,0.7673019057171515,0.36108324974924777,,,,,1.1283851554663993,1.1283851554663993,0.7673019057171515,1.3089267803410232,0.40621865596790374,0.40621865596790374,0.0,,,,0.9929789368104314,,True,True,True,True,True,False,False
austria_marcel_sabitzer,team_austria,Austria,Marcel Sabitzer,marcel sabitzer,Borussia Dortmund (GER),borussia dortmund ger,Midfielder,,,,False,wc2026_official_squad_corrected,1.0,GER-Bundesliga,2526,Dortmund,1817,21,,1,2,1,20,4,,,,,19,19,20,20,17,3,0,,,,0.04953219592735278,0.09906439185470556,0.04953219592735278,0.9906439185470556,0.19812878370941112,,,,,0.9411117226197028,0.9411117226197028,0.9906439185470556,0.9906439185470556,0.8420473307649972,0.14859658778205834,0.0,,,,1.0401761144744084,,True,True,True,True,True,False,False
austria_nicolas_seiwald,team_austria,Austria,Nicolas Seiwald,nicolas seiwald,RB Leipzig (GER),rb leipzig ger,Midfielder,,,,False,wc2026_official_squad_corrected,1.0,GER-Bundesliga,2526,RB Leipzig,2694,31,,0,2,0,20,7,,,,,47,47,60,18,6,2,0,,,,0.0,0.06681514476614699,0.0,0.6681514476614699,0.23385300668151449,,,,,1.5701559020044544,1.5701559020044544,2.0044543429844097,0.6013363028953229,0.20044543429844097,0.06681514476614699,0.0,,,,1.0356347438752784,,True,True,True,True,True,False,False
austria_paul_wanner,team_austria,Austria,Paul Wanner,paul wanner,PSV Eindhoven (NED),psv eindhoven ned,Midfielder,,,,False,wc2026_official_squad_corrected,1.0,NED-Eredivisie,2526,PSV,1637,19,,3,3,3,33,14,,,,,29,29,3,22,21,5,0,,,,0.1649358582773366,0.1649358582773366,0.1649358582773366,1.8142944410507025,0.7697006719609041,,,,,1.594379963347587,1.594379963347587,0.1649358582773366,1.209529627367135,1.1545510079413561,0.2748930971288943,0.0,,,,1.0445937690897984,,True,True,True,True,True,False,False
austria_romano_schmid,team_austria,Austria,Romano Schmid,romano schmid,SV Werder Bremen (GER),sv werder bremen ger,Midfielder,,,,False,wc2026_official_squad_corrected,1.0,GER-Bundesliga,2526,Werder Bremen,2982,34,,4,8,1,57,21,,,,,28,28,13,19,31,4,0,,,,0.12072434607645875,0.2414486921529175,0.030181086519114688,1.7203219315895373,0.6338028169014085,,,,,0.8450704225352113,0.8450704225352113,0.39235412474849096,0.5734406438631791,0.9356136820925554,0.12072434607645875,0.0,,,,1.0261569416498995,,True,True,True,True,True,False,False
austria_xaver_schlager,team_austria,Austria,Xaver Schlager,xaver schlager,RB Leipzig (GER),rb leipzig ger,Midfielder,,,,False,wc2026_official_squad_corrected,1.0,GER-Bundesliga,2526,RB Leipzig,1837,21,,3,1,3,21,7,,,,,25,25,7,25,16,6,0,,,,0.14697876973326074,0.04899292324442025,0.14697876973326074,1.0288513881328252,0.34295046271094176,,,,,1.2248230811105063,1.2248230811105063,0.34295046271094176,1.2248230811105063,0.783886771910724,0.2939575394665215,0.0,,,,1.0288513881328252,,True,True,True,True,True,False,False
belgium_arthur_theate,team_belgium,Belgium,Arthur Theate,arthur theate,Eintracht Frankfurt (GER),eintracht frankfurt ger,Defender,,,,False,wc2026_official_squad_corrected,1.0,GER-Bundesliga,2526,Eintracht Frankfurt,2141,24,,1,0,1,15,7,,,,,21,21,34,15,13,8,0,,,,0.04203643157403083,0.0,0.04203643157403083,0.6305464736104625,0.2942550210182158,,,,,0.8827650630546474,0.8827650630546474,1.4292386735170481,0.6305464736104625,0.5464736104624007,0.33629145259224663,0.0,,,,1.0088743577767398,,True,True,True,True,True,False,False
belgium_brandon_mechele,team_belgium,Belgium,Brandon Mechele,brandon mechele,Club Brugge (BEL),club brugge bel,Defender,,,,False,wc2026_official_squad_corrected,1.0,BEL-Belgian Pro League,2526,Club Brugge,3433,39,,5,2,5,34,14,,,,,44,44,45,37,21,4,0,,,,0.13108068744538304,0.05243227497815322,0.13108068744538304,0.8913486746286047,0.3670259248470725,,,,,1.1535100495193709,1.1535100495193709,1.1797261870084474,0.9699970870958345,0.5505388872706087,0.10486454995630644,0.0,,,,1.0224293620739877,,True,True,True,True,True,False,False
belgium_joaquin_seys,team_belgium,Belgium,Joaquin Seys,joaquin seys,Club Brugge (BEL),club brugge bel,Defender,,,,False,wc2026_official_squad_corrected,1.0,BEL-Belgian Pro League,2526,Club Brugge,2966,35,,2,5,2,16,4,,,,,25,25,40,22,22,3,0,,,,0.060687795010114634,0.15171948752528658,0.060687795010114634,0.4855023600809171,0.12137559002022927,,,,,0.758597437626433,0.758597437626433,1.2137559002022926,0.667565745111261,0.667565745111261,0.09103169251517194,0.0,,,,1.062036412677006,,True,True,True,True,True,False,False
belgium_koni_de_winter,team_belgium,Belgium,Koni de Winter,koni de winter,AC Milan (ITA),ac milan ita,Defender,,,,False,wc2026_official_squad_corrected,1.0,ITA-Serie A,2526,Milan,1800,19,,1,1,1,7,1,,,,,19,19,13,27,8,1,0,,,,0.05,0.05,0.05,0.35,0.05,,,,,0.95,0.95,0.65,1.35,0.4,0.05,0.0,,,,0.95,,True,True,True,True,True,False,False
belgium_maxim_de_cuyper,team_belgium,Belgium,Maxim de Cuyper,maxim de cuyper,Brighton & Hove Albion FC (ENG),brighton hove albion fc eng,Defender,,,,False,wc2026_official_squad_corrected,1.0,ENG-Premier League,2526,Brighton,1415,17,,2,3,2,13,6,,,,,10,10,11,18,21,2,0,,,,0.12720848056537104,0.19081272084805653,0.12720848056537104,0.8268551236749117,0.38162544169611307,,,,,0.6360424028268552,0.6360424028268552,0.6996466431095407,1.1448763250883394,1.335689045936396,0.12720848056537104,0.0,,,,1.0812720848056538,,True,True,True,True,True,False,False
belgium_nathan_ngoy,team_belgium,Belgium,Nathan Ngoy,nathan ngoy,Lille OSC (FRA),lille osc fra,Defender,,,,False,wc2026_official_squad_corrected,1.0,FRA-Ligue 1,2526,Lille,2405,27,,1,2,1,22,6,,,,,21,21,38,20,11,10,1,,,,0.037422037422037424,0.07484407484407485,0.037422037422037424,0.8232848232848233,0.22453222453222454,,,,,0.7858627858627859,0.7858627858627859,1.4220374220374221,0.7484407484407485,0.41164241164241167,0.37422037422037424,0.037422037422037424,,,,1.0103950103950103,,True,True,True,True,True,False,False
belgium_thomas_meunier,team_belgium,Belgium,Thomas Meunier,thomas meunier,Lille OSC (FRA),lille osc fra,Defender,,,,False,wc2026_official_squad_corrected,1.0,FRA-Ligue 1,2526,Lille,1909,21,,2,2,2,19,5,,,,,18,18,17,29,3,3,0,,,,0.09429020429544263,0.09429020429544263,0.09429020429544263,0.8957569408067051,0.2357255107386066,,,,,0.8486118386589837,0.8486118386589837,0.8014667365112624,1.3672079622839182,0.14143530644316396,0.14143530644316396,0.0,,,,0.9900471451021476,,True,True,True,True,True,False,False
belgium_timothy_castagne,team_belgium,Belgium,Timothy Castagne,timothy castagne,Fulham FC (ENG),fulham fc eng,Defender,,,,False,wc2026_official_squad_corrected,1.0,ENG-Premier League,2526,Fulham,1845,20,,0,0,0,14,6,,,,,24,24,28,18,11,4,0,,,,0.0,0.0,0.0,0.6829268292682927,0.2926829268292683,,,,,1.170731707317073,1.170731707317073,1.3658536585365855,0.8780487804878049,0.5365853658536586,0.1951219512195122,0.0,,,,0.975609756097561,,True,True,True,True,True,False,False
belgium_zeno_debast,team_belgium,Belgium,Zeno Debast,zeno debast,Sporting CP (POR),sporting cp por,Defender,,,,False,wc2026_official_squad_corrected,1.0,POR-Primeira Liga,2526,Sporting CP,1182,12,,0,2,0,8,2,,,,,9,9,5,15,5,2,0,,,,0.0,0.15228426395939088,0.0,0.6091370558375635,0.15228426395939088,,,,,0.6852791878172589,0.6852791878172589,0.3807106598984772,1.1421319796954315,0.3807106598984772,0.15228426395939088,0.0,,,,0.9137055837563453,,True,True,True,True,True,False,False
belgium_charles_de_ketelaere,team_belgium,Belgium,Charles de Ketelaere,charles de ketelaere,Atalanta Bergamo (ITA),atalanta bergamo ita,Forward,,,,False,wc2026_official_squad_corrected,1.0,ITA-Serie A,2526,Atalanta,2177,26,,3,5,3,46,16,,,,,15,15,5,23,36,4,0,,,,0.12402388608176389,0.20670647680293983,0.12402388608176389,1.9016995865870463,0.6614607257694074,,,,,0.6201194304088194,0.6201194304088194,0.20670647680293983,0.9508497932935231,1.4882866329811666,0.16536518144235185,0.0,,,,1.074873679375287,,True,True,True,True,True,False,False
belgium_dodi_lukebakio,team_belgium,Belgium,Dodi Lukebakio,dodi lukebakio,SL Benfica (POR),sl benfica por,Forward,,,,False,wc2026_official_squad_corrected,2.0,"ESP-La Liga, POR-Primeira Liga",2526,"Benfica, Sevilla",926,10,,1,3,1,36,10,,,,,5,5,6,12,14,1,0,,,,0.09719222462203023,0.2915766738660907,0.09719222462203023,3.4989200863930883,0.9719222462203023,,,,,0.48596112311015116,0.48596112311015116,0.5831533477321814,1.1663066954643628,1.3606911447084231,0.09719222462203023,0.0,,,,0.9719222462203023,,True,True,True,True,True,False,False
belgium_jeremy_doku,team_belgium,Belgium,Jeremy Doku,jeremy doku,Manchester City FC (ENG),manchester city fc eng,Forward,,,,False,wc2026_official_squad_corrected,1.0,ENG-Premier League,2526,Manchester City,1784,19,,5,5,5,39,15,,,,,16,16,12,23,61,0,0,,,,0.2522421524663677,0.2522421524663677,0.2522421524663677,1.967488789237668,0.7567264573991032,,,,,0.8071748878923767,0.8071748878923767,0.6053811659192825,1.1603139013452914,3.077354260089686,0.0,0.0,,,,0.9585201793721972,,True,True,True,True,True,False,False
belgium_leandro_trossard,team_belgium,Belgium,Leandro Trossard,leandro trossard,Arsenal FC (ENG),arsenal fc eng,Forward,,,,False,wc2026_official_squad_corrected,1.0,ENG-Premier League,2526,Arsenal,2000,21,,6,6,6,53,15,,,,,15,15,9,13,39,2,0,,,,0.27,0.27,0.27,2.3850000000000002,0.675,,,,,0.675,0.675,0.405,0.5850000000000001,1.7550000000000001,0.09,0.0,,,,0.9450000000000001,,True,True,True,True,True,False,False
belgium_matias_fernandez_pardo,team_belgium,Belgium,Matias Fernandez-Pardo,matias fernandez pardo,Lille OSC (FRA),lille osc fra,Forward,,,,False,wc2026_official_squad_corrected,1.0,FRA-Ligue 1,2526,Lille,2370,27,,8,5,6,68,30,,,,,14,14,8,15,40,5,0,,,,0.3037974683544304,0.189873417721519,0.2278481012658228,2.5822784810126582,1.139240506329114,,,,,0.5316455696202532,0.5316455696202532,0.3037974683544304,0.569620253164557,1.518987341772152,0.189873417721519,0.0,,,,1.0253164556962027,,True,True,True,True,True,False,False
belgium_romelu_lukaku,team_belgium,Belgium,Romelu Lukaku,romelu lukaku,SSC Napoli (ITA),ssc napoli ita,Forward,,,,False,wc2026_official_squad_corrected,1.0,ITA-Serie A,2526,Napoli,44,0,,1,0,1,2,1,,,,,0,0,0,2,0,1,0,,,,2.0454545454545454,0.0,2.0454545454545454,4.090909090909091,2.0454545454545454,,,,,0.0,0.0,0.0,4.090909090909091,0.0,2.0454545454545454,0.0,,,,0.0,,False,True,False,False,False,False,False
belgium_mike_penders,team_belgium,Belgium,Mike Penders,mike penders,RC Strasbourg (FRA),rc strasbourg fra,Goalkeeper,,,,False,wc2026_official_squad_corrected,1.0,FRA-Ligue 1,2526,Strasbourg,2970,33,8,0,0,0,0,0,,,,,0,0,0,1,2,3,0,107,47,,0.0,0.0,0.0,0.0,0.0,,,,,0.0,0.0,0.0,0.030303030303030304,0.06060606060606061,0.09090909090909091,0.0,3.242424242424242,1.4242424242424243,,1.0,0.24242424242424243,True,True,True,False,False,True,False
belgium_senne_lammens,team_belgium,Belgium,Senne Lammens,senne lammens,Manchester United FC (ENG),manchester united fc eng,Goalkeeper,,,,False,wc2026_official_squad_corrected,2.0,"BEL-Belgian Pro League, ENG-Premier League",2526,"Antwerp, Manchester Utd",3240,36,8,0,0,0,0,0,,,,,1,1,0,0,5,0,0,88,43,,0.0,0.0,0.0,0.0,0.0,,,,,0.027777777777777776,0.027777777777777776,0.0,0.0,0.1388888888888889,0.0,0.0,2.4444444444444446,1.1944444444444444,,1.0,0.2222222222222222,True,True,True,False,False,True,False
belgium_thibaut_courtois,team_belgium,Belgium,Thibaut Courtois,thibaut courtois,Real Madrid C. F. (ESP),real madrid c f esp,Goalkeeper,,,,False,wc2026_official_squad_corrected,1.0,ESP-La Liga,2526,Real Madrid,2880,32,13,0,0,0,0,0,,,,,1,1,0,1,2,1,0,70,28,,0.0,0.0,0.0,0.0,0.0,,,,,0.03125,0.03125,0.0,0.03125,0.0625,0.03125,0.0,2.1875,0.875,,1.0,0.40625,True,True,True,False,False,True,False
belgium_alexis_saelemaekers,team_belgium,Belgium,Alexis Saelemaekers,alexis saelemaekers,AC Milan (ITA),ac milan ita,Midfielder,,,,False,wc2026_official_squad_corrected,1.0,ITA-Serie A,2526,Milan,2788,33,,3,3,3,43,11,,,,,38,38,30,26,64,5,0,,,,0.09684361549497848,0.09684361549497848,0.09684361549497848,1.3880918220946916,0.3550932568149211,,,,,1.2266857962697273,1.2266857962697273,0.9684361549497847,0.8393113342898135,2.065997130559541,0.16140602582496413,0.0,,,,1.0652797704447632,,True,True,True,True,True,False,False
belgium_amadou_onana,team_belgium,Belgium,Amadou Onana,amadou onana,Aston Villa FC (ENG),aston villa fc eng,Midfielder,,,,False,wc2026_official_squad_corrected,1.0,ENG-Premier League,2526,Aston Villa,1758,21,,2,0,2,19,7,,,,,30,30,19,20,25,3,0,,,,0.10238907849829351,0.0,0.10238907849829351,0.9726962457337883,0.35836177474402725,,,,,1.5358361774744027,1.5358361774744027,0.9726962457337883,1.023890784982935,1.2798634812286689,0.15358361774744025,0.0,,,,1.075085324232082,,True,True,True,True,True,False,False
belgium_axel_witsel,team_belgium,Belgium,Axel Witsel,axel witsel,Girona FC (ESP),girona fc esp,Midfielder,,,,False,wc2026_official_squad_corrected,1.0,ESP-La Liga,2526,Girona,2526,30,,1,2,1,20,5,,,,,24,24,30,34,37,2,1,,,,0.035629453681710214,0.07125890736342043,0.035629453681710214,0.7125890736342043,0.17814726840855108,,,,,0.8551068883610451,0.8551068883610451,1.0688836104513064,1.2114014251781473,1.3182897862232779,0.07125890736342043,0.035629453681710214,,,,1.0688836104513064,,True,True,True,True,True,False,False
belgium_diego_moreira,team_belgium,Belgium,Diego Moreira,diego moreira,RC Strasbourg (FRA),rc strasbourg fra,Midfielder,,,,False,wc2026_official_squad_corrected,1.0,FRA-Ligue 1,2526,Strasbourg,2034,23,,4,6,4,29,11,,,,,25,25,20,17,27,4,0,,,,0.17699115044247787,0.2654867256637168,0.17699115044247787,1.2831858407079646,0.48672566371681414,,,,,1.1061946902654867,1.1061946902654867,0.8849557522123893,0.7522123893805309,1.1946902654867255,0.17699115044247787,0.0,,,,1.0176991150442478,,True,True,True,True,True,False,False
belgium_hans_vanaken,team_belgium,Belgium,Hans Vanaken,hans vanaken,Club Brugge (BEL),club brugge bel,Midfielder,,,,False,wc2026_official_squad_corrected,1.0,BEL-Belgian Pro League,2526,Club Brugge,3364,38,,7,3,7,58,21,,,,,24,24,22,19,29,2,0,,,,0.1872770511296076,0.0802615933412604,0.1872770511296076,1.5517241379310345,0.5618311533888228,,,,,0.6420927467300832,0.6420927467300832,0.5885850178359096,0.5083234244946492,0.7758620689655172,0.0535077288941736,0.0,,,,1.0166468489892984,,True,True,True,True,True,False,False
belgium_kevin_de_bruyne,team_belgium,Belgium,Kevin de Bruyne,kevin de bruyne,SSC Napoli (ITA),ssc napoli ita,Midfielder,,,,False,wc2026_official_squad_corrected,1.0,ITA-Serie A,2526,Napoli,1165,13,,5,2,2,27,11,,,,,8,8,5,8,6,1,0,,,,0.38626609442060084,0.15450643776824033,0.15450643776824033,2.0858369098712446,0.8497854077253219,,,,,0.6180257510729613,0.6180257510729613,0.38626609442060084,0.6180257510729613,0.463519313304721,0.07725321888412016,0.0,,,,1.0042918454935623,,True,True,True,True,True,False,False
belgium_nicolas_raskin,team_belgium,Belgium,Nicolas Raskin,nicolas raskin,Rangers FC (SCO),rangers fc sco,Midfielder,,,,False,wc2026_official_squad_corrected,,,,,,,,,,,,,,,,,,,,,,,,,,,,,,,,,,,,,,,,,,,,,,,,,False,False,False,False,False,False
belgium_youri_tielemans,team_belgium,Belgium,Youri Tielemans,youri tielemans,Aston Villa FC (ENG),aston villa fc eng,Midfielder,,,,False,wc2026_official_squad_corrected,1.0,ENG-Premier League,2526,Aston Villa,1862,21,,0,4,0,24,7,,,,,39,39,16,25,40,0,0,,,,0.0,0.19334049409237378,0.0,1.1600429645542427,0.3383458646616541,,,,,1.8850698174006444,1.8850698174006444,0.7733619763694951,1.208378088077336,1.9334049409237377,0.0,0.0,,,,1.0150375939849623,,True,True,True,True,True,False,False
bosnia_and_herzegovina_amar_dedic,team_bosnia_and_herzegovina,Bosnia and Herzegovina,Amar Dedic,amar dedic,SL Benfica (POR),sl benfica por,Defender,,,,False,wc2026_official_squad_corrected,1.0,POR-Primeira Liga,2526,Benfica,1901,21,,1,4,1,15,2,,,,,21,21,17,17,21,5,2,,,,0.04734350341925302,0.1893740136770121,0.04734350341925302,0.7101525512887953,0.09468700683850605,,,,,0.9942135718043135,0.9942135718043135,0.8048395581273013,0.8048395581273013,0.9942135718043135,0.2367175170962651,0.09468700683850605,,,,0.9942135718043135,,True,True,True,True,True,False,False
bosnia_and_herzegovina_dennis_hadzikadunic,team_bosnia_and_herzegovina,Bosnia and Herzegovina,Dennis Hadzikadunic,dennis hadzikadunic,UC Sampdoria (ITA),uc sampdoria ita,Defender,,,,False,wc2026_official_squad_corrected,,,,,,,,,,,,,,,,,,,,,,,,,,,,,,,,,,,,,,,,,,,,,,,,,False,False,False,False,False,False
bosnia_and_herzegovina_nidal_celik,team_bosnia_and_herzegovina,Bosnia and Herzegovina,Nidal Celik,nidal celik,RC Lens (FRA),rc lens fra,Defender,,,,False,wc2026_official_squad_corrected,1.0,FRA-Ligue 1,2526,Lens,616,8,,0,0,0,1,1,,,,,10,10,9,13,1,2,0,,,,0.0,0.0,0.0,0.14610389610389612,0.14610389610389612,,,,,1.4610389610389611,1.4610389610389611,1.314935064935065,1.8993506493506493,0.14610389610389612,0.29220779220779225,0.0,,,,1.168831168831169,,True,True,True,True,True,False,False
bosnia_and_herzegovina_nihad_mujakic,team_bosnia_and_herzegovina,Bosnia and Herzegovina,Nihad Mujakic,nihad mujakic,Gaziantep FK (TUR),gaziantep fk tur,Defender,,,,False,wc2026_official_squad_corrected,2.0,TUR-Super Lig,2526,"Eyüpspor, Gaziantep FK",2201,24,,0,1,0,1,1,,,,,18,18,21,13,27,4,0,,,,0.0,0.0408905043162199,0.0,0.0408905043162199,0.0408905043162199,,,,,0.7360290776919582,0.7360290776919582,0.8587005906406179,0.5315765561108587,1.1040436165379373,0.1635620172648796,0.0,,,,0.9813721035892776,,True,True,True,True,True,False,False
bosnia_and_herzegovina_nikola_katic,team_bosnia_and_herzegovina,Bosnia and Herzegovina,Nikola Katic,nikola katic,FC Schalke 04 (GER),fc schalke 04 ger,Defender,,,,False,wc2026_official_squad_corrected,,,,,,,,,,,,,,,,,,,,,,,,,,,,,,,,,,,,,,,,,,,,,,,,,False,False,False,False,False,False
bosnia_and_herzegovina_sead_kolasinac,team_bosnia_and_herzegovina,Bosnia and Herzegovina,Sead Kolasinac,sead kolasinac,Atalanta Bergamo (ITA),atalanta bergamo ita,Defender,,,,False,wc2026_official_squad_corrected,1.0,ITA-Serie A,2526,Atalanta,1212,15,,0,0,0,3,0,,,,,18,18,11,22,10,3,0,,,,0.0,0.0,0.0,0.22277227722772278,0.0,,,,,1.3366336633663367,1.3366336633663367,0.8168316831683168,1.6336633663366336,0.7425742574257426,0.22277227722772278,0.0,,,,1.113861386138614,,True,True,True,True,True,False,False
bosnia_and_herzegovina_stjepan_radeljic,team_bosnia_and_herzegovina,Bosnia and Herzegovina,Stjepan Radeljic,stjepan radeljic,HNK Rijeka (CRO),hnk rijeka cro,Defender,,,,False,wc2026_official_squad_corrected,,,,,,,,,,,,,,,,,,,,,,,,,,,,,,,,,,,,,,,,,,,,,,,,,False,False,False,False,False,False
bosnia_and_herzegovina_tarik_muharemovic,team_bosnia_and_herzegovina,Bosnia and Herzegovina,Tarik Muharemovic,tarik muharemovic,US Sassuolo (ITA),us sassuolo ita,Defender,,,,False,wc2026_official_squad_corrected,1.0,ITA-Serie A,2526,Sassuolo,2835,32,,2,2,2,20,7,,,,,24,24,45,24,20,7,0,,,,0.06349206349206349,0.06349206349206349,0.06349206349206349,0.6349206349206349,0.2222222222222222,,,,,0.7619047619047619,0.7619047619047619,1.4285714285714286,0.7619047619047619,0.6349206349206349,0.2222222222222222,0.0,,,,1.0158730158730158,,True,True,True,True,True,False,False
bosnia_and_herzegovina_edin_dzeko,team_bosnia_and_herzegovina,Bosnia and Herzegovina,Edin Dzeko,edin dzeko,FC Schalke 04 (GER),fc schalke 04 ger,Forward,,,,False,wc2026_official_squad_corrected,1.0,ITA-Serie A,2526,Fiorentina,244,2,,0,0,0,4,1,,,,,1,1,1,2,5,1,0,,,,0.0,0.0,0.0,1.4754098360655736,0.3688524590163934,,,,,0.3688524590163934,0.3688524590163934,0.3688524590163934,0.7377049180327868,1.8442622950819672,0.3688524590163934,0.0,,,,0.7377049180327868,,False,True,False,False,False,False,False
bosnia_and_herzegovina_ermedin_demirovic,team_bosnia_and_herzegovina,Bosnia and Herzegovina,Ermedin Demirovic,ermedin demirovic,VfB Stuttgart (GER),vfb stuttgart ger,Forward,,,,False,wc2026_official_squad_corrected,1.0,GER-Bundesliga,2526,Stuttgart,1497,17,,12,3,11,41,22,,,,,10,10,2,37,26,5,0,,,,0.7214428857715431,0.18036072144288579,0.6613226452905812,2.464929859719439,1.3226452905811623,,,,,0.6012024048096193,0.6012024048096193,0.12024048096192386,2.2244488977955914,1.56312625250501,0.30060120240480964,0.0,,,,1.0220440881763528,,True,True,True,True,True,False,False
bosnia_and_herzegovina_esmir_bajraktarevic,team_bosnia_and_herzegovina,Bosnia and Herzegovina,Esmir Bajraktarevic,esmir bajraktarevic,PSV Eindhoven (NED),psv eindhoven ned,Forward,,,,False,wc2026_official_squad_corrected,1.0,NED-Eredivisie,2526,PSV,1074,8,,4,4,4,36,14,,,,,14,14,3,11,18,0,0,,,,0.33519553072625696,0.33519553072625696,0.33519553072625696,3.016759776536313,1.1731843575418994,,,,,1.1731843575418994,1.1731843575418994,0.25139664804469275,0.9217877094972067,1.5083798882681565,0.0,0.0,,,,0.6703910614525139,,True,True,True,True,True,False,False
bosnia_and_herzegovina_haris_tabakovic,team_bosnia_and_herzegovina,Bosnia and Herzegovina,Haris Tabakovic,haris tabakovic,Borussia Mönchengladbach (GER),borussia monchengladbach ger,Forward,,,,False,wc2026_official_squad_corrected,1.0,GER-Bundesliga,2526,Gladbach,2382,28,,13,3,13,67,27,,,,,6,6,0,48,20,5,0,,,,0.49118387909319905,0.11335012594458439,0.49118387909319905,2.531486146095718,1.0201511335012594,,,,,0.22670025188916879,0.22670025188916879,0.0,1.8136020151133503,0.7556675062972292,0.1889168765743073,0.0,,,,1.057934508816121,,True,True,True,True,True,False,False
bosnia_and_herzegovina_jovo_lukic,team_bosnia_and_herzegovina,Bosnia and Herzegovina,Jovo Lukic,jovo lukic,Universitatea Cluj (ROU),universitatea cluj rou,Forward,,,,False,wc2026_official_squad_corrected,,,,,,,,,,,,,,,,,,,,,,,,,,,,,,,,,,,,,,,,,,,,,,,,,False,False,False,False,False,False
bosnia_and_herzegovina_kerim_alajbegovic,team_bosnia_and_herzegovina,Bosnia and Herzegovina,Kerim Alajbegovic,kerim alajbegovic,FC Red Bull Salzburg (AUT),fc red bull salzburg aut,Forward,,,,False,wc2026_official_squad_corrected,,,,,,,,,,,,,,,,,,,,,,,,,,,,,,,,,,,,,,,,,,,,,,,,,False,False,False,False,False,False
bosnia_and_herzegovina_samed_bazdar,team_bosnia_and_herzegovina,Bosnia and Herzegovina,Samed Bazdar,samed bazdar,Jagiellonia Białystok (POL),jagiellonia bia ystok pol,Forward,,,,False,wc2026_official_squad_corrected,,,,,,,,,,,,,,,,,,,,,,,,,,,,,,,,,,,,,,,,,,,,,,,,,False,False,False,False,False,False
bosnia_and_herzegovina_martin_zlomislic,team_bosnia_and_herzegovina,Bosnia and Herzegovina,Martin Zlomislic,martin zlomislic,HNK Rijeka (CRO),hnk rijeka cro,Goalkeeper,,,,False,wc2026_official_squad_corrected,,,,,,,,,,,,,,,,,,,,,,,,,,,,,,,,,,,,,,,,,,,,,,,,,False,False,False,False,False,False
bosnia_and_herzegovina_mladen_jurkas,team_bosnia_and_herzegovina,Bosnia and Herzegovina,Mladen Jurkas,mladen jurkas,FK Borac Banja Luka (BIH),fk borac banja luka bih,Goalkeeper,,,,False,wc2026_official_squad_corrected,,,,,,,,,,,,,,,,,,,,,,,,,,,,,,,,,,,,,,,,,,,,,,,,,False,False,False,False,False,False
bosnia_and_herzegovina_nikola_vasilj,team_bosnia_and_herzegovina,Bosnia and Herzegovina,Nikola Vasilj,nikola vasilj,FC St. Pauli (GER),fc st pauli ger,Goalkeeper,,,,False,wc2026_official_squad_corrected,1.0,GER-Bundesliga,2526,St Pauli,3060,34,5,0,0,0,0,0,,,,,1,1,1,0,1,0,0,123,60,,0.0,0.0,0.0,0.0,0.0,,,,,0.029411764705882353,0.029411764705882353,0.029411764705882353,0.0,0.029411764705882353,0.0,0.0,3.6176470588235294,1.7647058823529411,,1.0,0.14705882352941177,True,True,True,False,False,True,False
bosnia_and_herzegovina_amar_memic,team_bosnia_and_herzegovina,Bosnia and Herzegovina,Amar Memic,amar memic,FC Viktoria Plzeň (CZE),fc viktoria plzen cze,Midfielder,,,,False,wc2026_official_squad_corrected,,,,,,,,,,,,,,,,,,,,,,,,,,,,,,,,,,,,,,,,,,,,,,,,,False,False,False,False,False,False
bosnia_and_herzegovina_amir_hadziahmetovic,team_bosnia_and_herzegovina,Bosnia and Herzegovina,Amir Hadziahmetovic,amir hadziahmetovic,Hull City FC (ENG),hull city fc eng,Midfielder,,,,False,wc2026_official_squad_corrected,1.0,TUR-Super Lig,2526,Beşiktaş,,0,,,,,,,,,,,,,,,,,,,,,,,,,,,,,,,,,,,,,,,,,,,False,False,False,False,False,False
bosnia_and_herzegovina_armin_gigovic,team_bosnia_and_herzegovina,Bosnia and Herzegovina,Armin Gigovic,armin gigovic,BSC Young Boys (SUI),bsc young boys sui,Midfielder,,,,False,wc2026_official_squad_corrected,,,,,,,,,,,,,,,,,,,,,,,,,,,,,,,,,,,,,,,,,,,,,,,,,False,False,False,False,False,False
bosnia_and_herzegovina_benjamin_tahirovic,team_bosnia_and_herzegovina,Bosnia and Herzegovina,Benjamin Tahirovic,benjamin tahirovic,Brøndby IF (DEN),br ndby if den,Midfielder,,,,False,wc2026_official_squad_corrected,,,,,,,,,,,,,,,,,,,,,,,,,,,,,,,,,,,,,,,,,,,,,,,,,False,False,False,False,False,False
bosnia_and_herzegovina_dzenis_burnic,team_bosnia_and_herzegovina,Bosnia and Herzegovina,Dzenis Burnic,dzenis burnic,Karlsruher SC (GER),karlsruher sc ger,Midfielder,,,,False,wc2026_official_squad_corrected,,,,,,,,,,,,,,,,,,,,,,,,,,,,,,,,,,,,,,,,,,,,,,,,,False,False,False,False,False,False
bosnia_and_herzegovina_ermin_mahmic,team_bosnia_and_herzegovina,Bosnia and Herzegovina,Ermin Mahmic,ermin mahmic,FC Slovan Liberec (CZE),fc slovan liberec cze,Midfielder,,,,False,wc2026_official_squad_corrected,,,,,,,,,,,,,,,,,,,,,,,,,,,,,,,,,,,,,,,,,,,,,,,,,False,False,False,False,False,False
bosnia_and_herzegovina_ivan_basic,team_bosnia_and_herzegovina,Bosnia and Herzegovina,Ivan Basic,ivan basic,FC Astana (KAZ),fc astana kaz,Midfielder,,,,False,wc2026_official_squad_corrected,,,,,,,,,,,,,,,,,,,,,,,,,,,,,,,,,,,,,,,,,,,,,,,,,False,False,False,False,False,False
bosnia_and_herzegovina_ivan_sunjic,team_bosnia_and_herzegovina,Bosnia and Herzegovina,Ivan Sunjic,ivan sunjic,Pafos FC (CYP),pafos fc cyp,Midfielder,,,,False,wc2026_official_squad_corrected,,,,,,,,,,,,,,,,,,,,,,,,,,,,,,,,,,,,,,,,,,,,,,,,,False,False,False,False,False,False
brazil_alex_sandro,team_brazil,Brazil,Alex Sandro,alex sandro,CR Flamengo (BRA),cr flamengo bra,Defender,,,,False,wc2026_official_squad_corrected,,,,,,,,,,,,,,,,,,,,,,,,,,,,,,,,,,,,,,,,,,,,,,,,,False,False,False,False,False,False
brazil_bremer,team_brazil,Brazil,Bremer,bremer,Juventus FC (ITA),juventus fc ita,Defender,,,,False,wc2026_official_squad_corrected,,,,,,,,,,,,,,,,,,,,,,,,,,,,,,,,,,,,,,,,,,,,,,,,,False,False,False,False,False,False
brazil_danilo,team_brazil,Brazil,Danilo,danilo,CR Flamengo (BRA),cr flamengo bra,Defender,,,,False,wc2026_official_squad_corrected,1.0,NED-Eredivisie,2526,NEC Nijmegen,282,1,,1,1,1,12,5,,,,,2,2,1,1,3,0,0,,,,0.3191489361702128,0.3191489361702128,0.3191489361702128,3.8297872340425534,1.5957446808510638,,,,,0.6382978723404256,0.6382978723404256,0.3191489361702128,0.3191489361702128,0.9574468085106383,0.0,0.0,,,,0.3191489361702128,,False,True,False,False,False,False,False
brazil_douglas_santos,team_brazil,Brazil,Douglas Santos,douglas santos,FC Zenit St. Petersburg (RUS),fc zenit st petersburg rus,Defender,,,,False,wc2026_official_squad_corrected,,,,,,,,,,,,,,,,,,,,,,,,,,,,,,,,,,,,,,,,,,,,,,,,,False,False,False,False,False,False
brazil_gabriel_magalhaes,team_brazil,Brazil,Gabriel Magalhaes,gabriel magalhaes,Arsenal FC (ENG),arsenal fc eng,Defender,,,,False,wc2026_official_squad_corrected,1.0,ENG-Premier League,2526,Arsenal,2751,30,,3,4,3,27,7,,,,,20,20,22,21,34,4,0,,,,0.09814612868047982,0.13086150490730644,0.09814612868047982,0.8833151581243185,0.22900763358778625,,,,,0.6543075245365322,0.6543075245365322,0.7197382769901854,0.6870229007633588,1.1123227917121048,0.13086150490730644,0.0,,,,0.9814612868047983,,True,True,True,True,True,False,False
brazil_leo_pereira,team_brazil,Brazil,Leo Pereira,leo pereira,CR Flamengo (BRA),cr flamengo bra,Defender,,,,False,wc2026_official_squad_corrected,,,,,,,,,,,,,,,,,,,,,,,,,,,,,,,,,,,,,,,,,,,,,,,,,False,False,False,False,False,False
brazil_marquinhos,team_brazil,Brazil,Marquinhos,marquinhos,Paris Saint-Germain (FRA),paris saint germain fra,Defender,,,,False,wc2026_official_squad_corrected,1.0,FRA-Ligue 1,2526,Paris Saint-Germain,1052,11,,0,0,0,3,0,,,,,9,9,7,8,2,0,0,,,,0.0,0.0,0.0,0.2566539923954373,0.0,,,,,0.7699619771863119,0.7699619771863119,0.5988593155893537,0.6844106463878328,0.1711026615969582,0.0,0.0,,,,0.9410646387832701,,True,True,True,True,True,False,False
brazil_roger_ibanez,team_brazil,Brazil,Roger Ibanez,roger ibanez,Al Ahli FC (KSA),al ahli fc ksa,Defender,,,,False,wc2026_official_squad_corrected,1.0,KSA-Saudi Pro League,2526,Al-Ahli,2423,28,,2,2,2,31,11,,,,,17,17,26,27,21,5,2,,,,0.07428807263722659,0.07428807263722659,0.07428807263722659,1.151465125877012,0.40858439950474623,,,,,0.631448617416426,0.631448617416426,0.9657449442839455,1.002888980602559,0.7800247626908792,0.18572018159306647,0.07428807263722659,,,,1.0400330169211722,,True,True,True,True,True,False,False
brazil_wesley,team_brazil,Brazil,Wesley,wesley,AS Roma (ITA),as roma ita,Defender,,,,False,wc2026_official_squad_corrected,3.0,"ESP-La Liga, ITA-Serie A, KSA-Saudi Pro League",2526,"Al-Nassr, Real Sociedad, Roma",2919,34,,6,2,6,31,16,,,,,44,44,25,47,66,8,2,,,,0.1849948612538541,0.061664953751284696,0.1849948612538541,0.9558067831449127,0.49331963001027757,,,,,1.3566289825282631,1.3566289825282631,0.7708119218910586,1.4491264131551902,2.034943473792395,0.24665981500513878,0.061664953751284696,,,,1.0483042137718397,,True,True,True,True,True,False,False
brazil_endrick,team_brazil,Brazil,Endrick,endrick,Olympique Lyonnais (FRA),olympique lyonnais fra,Forward,,,,False,wc2026_official_squad_corrected,2.0,"ESP-La Liga, FRA-Ligue 1",2526,"Lyon, Real Madrid",1227,14,,5,7,4,50,26,,,,,9,9,2,21,22,4,2,,,,0.36674816625916873,0.5134474327628362,0.293398533007335,3.6674816625916873,1.9070904645476774,,,,,0.6601466992665037,0.6601466992665037,0.1466992665036675,1.5403422982885087,1.6136919315403424,0.293398533007335,0.1466992665036675,,,,1.0268948655256724,,True,True,True,True,True,False,False
brazil_gabriel_martinelli,team_brazil,Brazil,Gabriel Martinelli,gabriel martinelli,Arsenal FC (ENG),arsenal fc eng,Forward,,,,False,wc2026_official_squad_corrected,1.0,ENG-Premier League,2526,Arsenal,1081,11,,1,4,1,29,13,,,,,8,8,1,10,14,3,0,,,,0.08325624421831637,0.3330249768732655,0.08325624421831637,2.4144310823311748,1.0823311748381128,,,,,0.666049953746531,0.666049953746531,0.08325624421831637,0.8325624421831638,1.1655874190564293,0.24976873265494912,0.0,,,,0.9158186864014801,,True,True,True,True,True,False,False
brazil_igor_thiago,team_brazil,Brazil,Igor Thiago,igor thiago,Brentford FC (ENG),brentford fc eng,Forward,,,,False,wc2026_official_squad_corrected,1.0,ENG-Premier League,2526,Brentford,3282,37,,22,1,14,84,43,,,,,21,21,12,74,26,7,0,,,,0.603290676416819,0.027422303473491772,0.3839122486288848,2.3034734917733086,1.1791590493601463,,,,,0.5758683729433272,0.5758683729433272,0.3290676416819013,2.029250457038391,0.7129798903107861,0.1919561243144424,0.0,,,,1.0146252285191955,,True,True,True,True,True,False,False
brazil_luiz_henrique,team_brazil,Brazil,Luiz Henrique,luiz henrique,FC Zenit St. Petersburg (RUS),fc zenit st petersburg rus,Forward,,,,False,wc2026_official_squad_corrected,,,,,,,,,,,,,,,,,,,,,,,,,,,,,,,,,,,,,,,,,,,,,,,,,False,False,False,False,False,False
brazil_matheus_cunha,team_brazil,Brazil,Matheus Cunha,matheus cunha,Manchester United FC (ENG),manchester united fc eng,Forward,,,,False,wc2026_official_squad_corrected,1.0,ENG-Premier League,2526,Manchester Utd,2494,29,,10,2,10,90,35,,,,,23,23,21,28,54,4,0,,,,0.36086607858861264,0.07217321571772253,0.36086607858861264,3.2477947072975137,1.2630312750601442,,,,,0.8299919807538091,0.8299919807538091,0.7578187650360866,1.0104250200481155,1.9486768243785084,0.14434643143544507,0.0,,,,1.0465116279069766,,True,True,True,True,True,False,False
brazil_neymar_jr,team_brazil,Brazil,Neymar Jr,neymar jr,Santos FC (BRA),santos fc bra,Forward,,,,False,wc2026_official_squad_corrected,,,,,,,,,,,,,,,,,,,,,,,,,,,,,,,,,,,,,,,,,,,,,,,,,False,False,False,False,False,False
brazil_raphinha,team_brazil,Brazil,Raphinha,raphinha,FC Barcelona (ESP),fc barcelona esp,Forward,,,,False,wc2026_official_squad_corrected,1.0,ESP-La Liga,2526,Barcelona,1380,18,,13,3,10,65,24,,,,,6,6,6,10,10,5,0,,,,0.8478260869565217,0.19565217391304346,0.6521739130434783,4.239130434782608,1.5652173913043477,,,,,0.3913043478260869,0.3913043478260869,0.3913043478260869,0.6521739130434783,0.6521739130434783,0.32608695652173914,0.0,,,,1.1739130434782608,,True,True,True,True,True,False,False
brazil_rayan,team_brazil,Brazil,Rayan,rayan,AFC Bournemouth (ENG),afc bournemouth eng,Forward,,,,False,wc2026_official_squad_corrected,1.0,ENG-Premier League,2526,Bournemouth,1111,13,,5,2,5,28,8,,,,,6,6,8,9,6,1,0,,,,0.40504050405040504,0.162016201620162,0.40504050405040504,2.268226822682268,0.648064806480648,,,,,0.486048604860486,0.486048604860486,0.648064806480648,0.729072907290729,0.486048604860486,0.081008100810081,0.0,,,,1.053105310531053,,True,True,True,True,True,False,False
brazil_vinicius_junior,team_brazil,Brazil,Vinicius Junior,vinicius junior,Real Madrid C. F. (ESP),real madrid c f esp,Forward,,,,False,wc2026_official_squad_corrected,1.0,ESP-La Liga,2526,Real Madrid,2815,32,,16,5,12,100,46,,,,,15,15,2,38,81,8,0,,,,0.5115452930728241,0.15985790408525755,0.3836589698046181,3.197158081705151,1.4706927175843694,,,,,0.4795737122557726,0.4795737122557726,0.06394316163410302,1.2149200710479573,2.589698046181172,0.2557726465364121,0.0,,,,1.0230905861456483,,True,True,True,True,True,False,False
brazil_alisson,team_brazil,Brazil,Alisson,alisson,Liverpool FC (ENG),liverpool fc eng,Goalkeeper,,,,False,wc2026_official_squad_corrected,1.0,ENG-Premier League,2526,Liverpool,2340,26,8,0,0,0,0,0,,,,,0,0,0,1,7,1,0,57,31,,0.0,0.0,0.0,0.0,0.0,,,,,0.0,0.0,0.0,0.038461538461538464,0.2692307692307692,0.038461538461538464,0.0,2.1923076923076925,1.1923076923076923,,1.0,0.3076923076923077,True,True,True,False,False,True,False
brazil_ederson,team_brazil,Brazil,Ederson,ederson,Fenerbahçe SK (TUR),fenerbahce sk tur,Goalkeeper,,,,False,wc2026_official_squad_corrected,3.0,"ENG-Premier League, ITA-Serie A, TUR-Super Lig",2526,"Atalanta, Fenerbahçe, Manchester City",4361,50,8,2,1,1,35,11,,,,,35,35,28,34,46,11,1,56,24,,0.04127493694106856,0.02063746847053428,0.02063746847053428,0.7223113964686998,0.22701215317587708,,,,,0.7223113964686998,0.7223113964686998,0.5778491171749599,0.7016739279981655,0.9493235496445769,0.22701215317587708,0.02063746847053428,1.1556982343499198,0.49529924329282277,,1.031873423526714,0.16509974776427425,True,True,True,False,False,True,False
brazil_weverton,team_brazil,Brazil,Weverton,weverton,Grêmio FBPA (BRA),gremio fbpa bra,Goalkeeper,,,,False,wc2026_official_squad_corrected,,,,,,,,,,,,,,,,,,,,,,,,,,,,,,,,,,,,,,,,,,,,,,,,,False,False,False,False,False,False
brazil_bruno_guimaraes,team_brazil,Brazil,Bruno Guimaraes,bruno guimaraes,Newcastle United FC (ENG),newcastle united fc eng,Midfielder,,,,False,wc2026_official_squad_corrected,1.0,ENG-Premier League,2526,Newcastle United,2453,27,,9,5,7,42,23,,,,,41,41,16,45,75,6,0,,,,0.330207908683245,0.18344883815735832,0.2568283734203017,1.54097024052181,0.8438646555238484,,,,,1.5042804728903383,1.5042804728903383,0.5870362821035466,1.651039543416225,2.751732572360375,0.22013860578883,0.0,,,,0.990623726049735,,True,True,True,True,True,False,False
brazil_casemiro,team_brazil,Brazil,Casemiro,casemiro,Manchester United FC (ENG),manchester united fc eng,Midfielder,,,,False,wc2026_official_squad_corrected,1.0,ENG-Premier League,2526,Manchester Utd,2571,33,,9,2,9,52,18,,,,,45,45,30,46,36,11,1,,,,0.31505250875145857,0.07001166861143523,0.31505250875145857,1.8203033838973162,0.6301050175029171,,,,,1.575262543757293,1.575262543757293,1.0501750291715286,1.6102683780630105,1.2602100350058343,0.38506417736289383,0.03500583430571762,,,,1.1551925320886816,,True,True,True,True,True,False,False
brazil_danilo_santos,team_brazil,Brazil,Danilo Santos,danilo santos,Botafogo (BRA),botafogo bra,Midfielder,,,,False,wc2026_official_squad_corrected,,,,,,,,,,,,,,,,,,,,,,,,,,,,,,,,,,,,,,,,,,,,,,,,,False,False,False,False,False,False
brazil_fabinho,team_brazil,Brazil,Fabinho,fabinho,Al Ittihad (KSA),al ittihad ksa,Midfielder,,,,False,wc2026_official_squad_corrected,1.0,KSA-Saudi Pro League,2526,Al-Ittihad,2640,30,,1,3,0,14,6,,,,,37,37,35,45,29,7,2,,,,0.034090909090909095,0.10227272727272728,0.0,0.4772727272727273,0.20454545454545456,,,,,1.2613636363636365,1.2613636363636365,1.1931818181818181,1.5340909090909092,0.9886363636363636,0.23863636363636365,0.06818181818181819,,,,1.0227272727272727,,True,True,True,True,True,False,False
brazil_lucas_paqueta,team_brazil,Brazil,Lucas Paqueta,lucas paqueta,CR Flamengo (BRA),cr flamengo bra,Midfielder,,,,False,wc2026_official_squad_corrected,1.0,ENG-Premier League,2526,West Ham United,1511,18,,4,1,2,23,11,,,,,22,22,7,27,30,7,1,,,,0.2382528127068167,0.059563203176704174,0.11912640635340835,1.369953673064196,0.6551952349437459,,,,,1.3103904698874917,1.3103904698874917,0.41694242223692923,1.6082064857710128,1.7868960953011253,0.41694242223692923,0.059563203176704174,,,,1.072137657180675,,True,True,True,True,True,False,False
canada_alfie_jones,team_canada,Canada,Alfie Jones,alfie jones,Middlesbrough FC (ENG),middlesbrough fc eng,Defender,,,,False,wc2026_official_squad_corrected,,,,,,,,,,,,,,,,,,,,,,,,,,,,,,,,,,,,,,,,,,,,,,,,,False,False,False,False,False,False
canada_alistair_johnston,team_canada,Canada,Alistair Johnston,alistair johnston,Celtic FC (SCO),celtic fc sco,Defender,,,,False,wc2026_official_squad_corrected,,,,,,,,,,,,,,,,,,,,,,,,,,,,,,,,,,,,,,,,,,,,,,,,,False,False,False,False,False,False
canada_alphonso_davies,team_canada,Canada,Alphonso Davies,alphonso davies,FC Bayern München (GER),fc bayern munchen ger,Defender,,,,False,wc2026_official_squad_corrected,1.0,GER-Bundesliga,2526,Bayern Munich,525,6,,1,3,1,4,1,,,,,6,6,3,2,5,1,0,,,,0.17142857142857143,0.5142857142857143,0.17142857142857143,0.6857142857142857,0.17142857142857143,,,,,1.0285714285714287,1.0285714285714287,0.5142857142857143,0.34285714285714286,0.8571428571428572,0.17142857142857143,0.0,,,,1.0285714285714287,,True,True,True,True,True,False,False
canada_derek_cornelius,team_canada,Canada,Derek Cornelius,derek cornelius,Rangers FC (SCO),rangers fc sco,Defender,,,,False,wc2026_official_squad_corrected,1.0,FRA-Ligue 1,2526,Marseille,58,0,,0,0,0,0,0,,,,,0,0,1,0,2,0,0,,,,0.0,0.0,0.0,0.0,0.0,,,,,0.0,0.0,1.5517241379310345,0.0,3.103448275862069,0.0,0.0,,,,0.0,,False,True,False,False,False,False,False
canada_joel_waterman,team_canada,Canada,Joel Waterman,joel waterman,Chicago Fire FC (USA),chicago fire fc usa,Defender,,,,False,wc2026_official_squad_corrected,1.0,USA-Major League Soccer,2026,Chicago Fire,647,6,,0,0,0,1,0,,,,,5,5,8,7,6,2,0,,,,0.0,0.0,0.0,0.1391035548686244,0.0,,,,,0.6955177743431221,0.6955177743431221,1.1128284389489953,0.973724884080371,0.8346213292117465,0.2782071097372488,0.0,,,,0.8346213292117465,,True,True,True,True,True,False,False
canada_luc_de_fougerolles,team_canada,Canada,Luc de Fougerolles,luc de fougerolles,FCV Dender EH (BEL),fcv dender eh bel,Defender,,,,False,wc2026_official_squad_corrected,1.0,BEL-Belgian Pro League,2526,Dender,1650,18,,0,1,0,5,0,,,,,18,18,19,26,44,6,2,,,,0.0,0.05454545454545455,0.0,0.27272727272727276,0.0,,,,,0.9818181818181819,0.9818181818181819,1.0363636363636364,1.4181818181818182,2.4000000000000004,0.32727272727272727,0.1090909090909091,,,,0.9818181818181819,,True,True,True,True,True,False,False
canada_moise_bombito,team_canada,Canada,Moise Bombito,moise bombito,OGC Nice (FRA),ogc nice fra,Defender,,,,False,wc2026_official_squad_corrected,1.0,FRA-Ligue 1,2526,Nice,145,2,,0,0,0,0,0,,,,,1,1,2,3,1,1,0,,,,0.0,0.0,0.0,0.0,0.0,,,,,0.6206896551724138,0.6206896551724138,1.2413793103448276,1.8620689655172413,0.6206896551724138,0.6206896551724138,0.0,,,,1.2413793103448276,,False,True,False,False,False,False,False
canada_niko_sigur,team_canada,Canada,Niko Sigur,niko sigur,HNK Hajduk Split (CRO),hnk hajduk split cro,Defender,,,,False,wc2026_official_squad_corrected,,,,,,,,,,,,,,,,,,,,,,,,,,,,,,,,,,,,,,,,,,,,,,,,,False,False,False,False,False,False
canada_richie_laryea,team_canada,Canada,Richie Laryea,richie laryea,Toronto FC (CAN),toronto fc can,Defender,,,,False,wc2026_official_squad_corrected,1.0,USA-Major League Soccer,2026,Toronto FC,810,9,,2,1,2,3,3,,,,,9,9,3,16,42,2,0,,,,0.2222222222222222,0.1111111111111111,0.2222222222222222,0.3333333333333333,0.3333333333333333,,,,,1.0,1.0,0.3333333333333333,1.7777777777777777,4.666666666666667,0.2222222222222222,0.0,,,,1.0,,True,True,True,True,True,False,False
canada_ali_ahmed,team_canada,Canada,Ali Ahmed,ali ahmed,Norwich City FC (ENG),norwich city fc eng,Forward,,,,False,wc2026_official_squad_corrected,,,,,,,,,,,,,,,,,,,,,,,,,,,,,,,,,,,,,,,,,,,,,,,,,False,False,False,False,False,False
canada_cyle_larin,team_canada,Canada,Cyle Larin,cyle larin,Southampton FC (ENG),southampton fc eng,Forward,,,,False,wc2026_official_squad_corrected,1.0,NED-Eredivisie,2526,Feyenoord,158,1,,0,1,0,9,3,,,,,3,3,0,4,3,1,0,,,,0.0,0.569620253164557,0.0,5.1265822784810124,1.7088607594936709,,,,,1.7088607594936709,1.7088607594936709,0.0,2.278481012658228,1.7088607594936709,0.569620253164557,0.0,,,,0.569620253164557,,False,True,False,False,False,False,False
canada_jonathan_david,team_canada,Canada,Jonathan David,jonathan david,Juventus FC (ITA),juventus fc ita,Forward,,,,False,wc2026_official_squad_corrected,1.0,ITA-Serie A,2526,Juventus,1781,20,,6,4,6,41,16,,,,,10,10,6,30,26,0,0,,,,0.30320044918585065,0.20213363279056712,0.30320044918585065,2.071869736103313,0.8085345311622685,,,,,0.5053340819764177,0.5053340819764177,0.30320044918585065,1.5160022459292533,1.3138686131386863,0.0,0.0,,,,1.0106681639528354,,True,True,True,True,True,False,False
canada_promise_david,team_canada,Canada,Promise David,promise david,Royale Union Saint-Gilloise (BEL),royale union saint gilloise bel,Forward,,,,False,wc2026_official_squad_corrected,1.0,BEL-Belgian Pro League,2526,Union SG,1489,17,,9,1,9,70,26,,,,,2,2,3,29,18,1,0,,,,0.5439892545332438,0.06044325050369376,0.5439892545332438,4.231027535258563,1.5715245130960376,,,,,0.12088650100738751,0.12088650100738751,0.18132975151108127,1.7528542646071188,1.0879785090664875,0.06044325050369376,0.0,,,,1.027535258562794,,True,True,True,True,True,False,False
canada_tajon_buchanan,team_canada,Canada,Tajon Buchanan,tajon buchanan,Villarreal CF (ESP),villarreal cf esp,Forward,,,,False,wc2026_official_squad_corrected,1.0,ESP-La Liga,2526,Villarreal,1819,21,,7,1,7,27,11,,,,,19,19,22,18,36,8,0,,,,0.34634414513468936,0.04947773501924134,0.34634414513468936,1.3358988455195162,0.5442550852116548,,,,,0.9400769653655855,0.9400769653655855,1.0885101704233096,0.8905992303463441,1.7811984606926883,0.3958218801539307,0.0,,,,1.039032435404068,,True,True,True,True,True,False,False
canada_tani_oluwaseyi,team_canada,Canada,Tani Oluwaseyi,tani oluwaseyi,Villarreal CF (ESP),villarreal cf esp,Forward,,,,False,wc2026_official_squad_corrected,1.0,ESP-La Liga,2526,Villarreal,901,9,,2,2,2,16,7,,,,,5,5,1,11,8,1,0,,,,0.1997780244173141,0.1997780244173141,0.1997780244173141,1.5982241953385128,0.6992230854605993,,,,,0.49944506104328523,0.49944506104328523,0.09988901220865705,1.0987791342952276,0.7991120976692564,0.09988901220865705,0.0,,,,0.8990011098779135,,True,True,True,True,True,False,False
canada_dayne_st_clair,team_canada,Canada,Dayne St. Clair,dayne st clair,Inter Miami CF (USA),inter miami cf usa,Goalkeeper,,,,False,wc2026_official_squad_corrected,1.0,USA-Major League Soccer,2026,Inter Miami,1260,14,2,0,0,0,0,0,,,,,0,0,0,1,0,3,0,41,28,,0.0,0.0,0.0,0.0,0.0,,,,,0.0,0.0,0.0,0.07142857142857142,0.0,0.21428571428571427,0.0,2.9285714285714284,2.0,,1.0,0.14285714285714285,True,True,True,False,False,True,False
canada_maxime_crepeau,team_canada,Canada,Maxime Crepeau,maxime crepeau,Orlando City SC (USA),orlando city sc usa,Goalkeeper,,,,False,wc2026_official_squad_corrected,1.0,USA-Major League Soccer,2026,Orlando City,1185,14,0,0,0,0,0,0,,,,,1,1,0,1,3,2,1,62,43,,0.0,0.0,0.0,0.0,0.0,,,,,0.0759493670886076,0.0759493670886076,0.0,0.0759493670886076,0.2278481012658228,0.1518987341772152,0.0759493670886076,4.708860759493671,3.2658227848101267,,1.0632911392405064,0.0,True,True,True,False,False,True,False
canada_owen_goodman,team_canada,Canada,Owen Goodman,owen goodman,Barnsley (ENG),barnsley eng,Goalkeeper,,,,False,wc2026_official_squad_corrected,,,,,,,,,,,,,,,,,,,,,,,,,,,,,,,,,,,,,,,,,,,,,,,,,False,False,False,False,False,False
canada_ismael_kone,team_canada,Canada,Ismael Kone,ismael kone,US Sassuolo (ITA),us sassuolo ita,Midfielder,,,,False,wc2026_official_squad_corrected,1.0,ITA-Serie A,2526,Sassuolo,2737,33,,6,0,6,23,10,,,,,18,18,12,25,54,5,1,,,,0.19729630982827914,0.0,0.19729630982827914,0.7563025210084033,0.3288271830471319,,,,,0.5918889294848374,0.5918889294848374,0.3945926196565583,0.8220679576178297,1.7756667884545123,0.16441359152356594,0.03288271830471319,,,,1.0851297040555352,,True,True,True,True,True,False,False
canada_jacob_shaffelburg,team_canada,Canada,Jacob Shaffelburg,jacob shaffelburg,LAFC (USA),lafc usa,Midfielder,,,,False,wc2026_official_squad_corrected,1.0,USA-Major League Soccer,2026,LAFC,225,2,,0,2,0,5,1,,,,,2,2,0,2,4,0,0,,,,0.0,0.8,0.0,2.0,0.4,,,,,0.8,0.8,0.0,0.8,1.6,0.0,0.0,,,,0.8,,False,True,False,False,False,False,False
canada_jonathan_osorio,team_canada,Canada,Jonathan Osorio,jonathan osorio,Toronto FC (CAN),toronto fc can,Midfielder,,,,False,wc2026_official_squad_corrected,1.0,USA-Major League Soccer,2026,Toronto FC,1260,14,,0,3,0,6,0,,,,,14,14,13,16,20,5,0,,,,0.0,0.21428571428571427,0.0,0.42857142857142855,0.0,,,,,1.0,1.0,0.9285714285714286,1.1428571428571428,1.4285714285714286,0.35714285714285715,0.0,,,,1.0,,True,True,True,True,True,False,False
canada_liam_millar,team_canada,Canada,Liam Millar,liam millar,Hull City FC (ENG),hull city fc eng,Midfielder,,,,False,wc2026_official_squad_corrected,,,,,,,,,,,,,,,,,,,,,,,,,,,,,,,,,,,,,,,,,,,,,,,,,False,False,False,False,False,False
canada_marcelo_flores,team_canada,Canada,Marcelo Flores,marcelo flores,Tigres UANL (MEX),tigres uanl mex,Midfielder,,,,False,wc2026_official_squad_corrected,,,,,,,,,,,,,,,,,,,,,,,,,,,,,,,,,,,,,,,,,,,,,,,,,False,False,False,False,False,False
canada_mathieu_choiniere,team_canada,Canada,Mathieu Choiniere,mathieu choiniere,LAFC (USA),lafc usa,Midfielder,,,,False,wc2026_official_squad_corrected,1.0,USA-Major League Soccer,2026,LAFC,753,8,,2,1,2,10,3,,,,,11,11,13,9,6,0,0,,,,0.2390438247011952,0.1195219123505976,0.2390438247011952,1.195219123505976,0.3585657370517928,,,,,1.3147410358565736,1.3147410358565736,1.5537848605577689,1.0756972111553784,0.7171314741035856,0.0,0.0,,,,0.9561752988047808,,True,True,True,True,True,False,False
canada_nathan_saliba,team_canada,Canada,Nathan Saliba,nathan saliba,RSC Anderlecht (BEL),rsc anderlecht bel,Midfielder,,,,False,wc2026_official_squad_corrected,1.0,BEL-Belgian Pro League,2526,Anderlecht,2312,28,,3,1,3,59,15,,,,,43,43,29,49,19,14,1,,,,0.11678200692041522,0.03892733564013841,0.11678200692041522,2.296712802768166,0.5839100346020761,,,,,1.6738754325259515,1.6738754325259515,1.1288927335640138,1.9074394463667819,0.7396193771626297,0.5449826989619377,0.03892733564013841,,,,1.0899653979238755,,True,True,True,True,True,False,False
canada_stephen_eustaquio,team_canada,Canada,Stephen Eustaquio,stephen eustaquio,LAFC (USA),lafc usa,Midfielder,,,,False,wc2026_official_squad_corrected,2.0,"POR-Primeira Liga, USA-Major League Soccer","2026, 2526","LAFC, Porto",791,7,,1,1,1,8,3,,,,,15,15,8,13,9,0,0,,,,0.11378002528445005,0.11378002528445005,0.11378002528445005,0.9102402022756004,0.34134007585335013,,,,,1.7067003792667508,1.7067003792667508,0.9102402022756004,1.4791403286978506,1.0240202275600505,0.0,0.0,,,,0.7964601769911503,,True,True,True,True,True,False,False
cape_verde_diney_borges,team_cape_verde,Cape Verde,Diney Borges,diney borges,Al Bataeh Club (UAE),al bataeh club uae,Defender,,,,False,wc2026_official_squad_corrected,,,,,,,,,,,,,,,,,,,,,,,,,,,,,,,,,,,,,,,,,,,,,,,,,False,False,False,False,False,False
cape_verde_kelvin_pires,team_cape_verde,Cape Verde,Kelvin Pires,kelvin pires,SJK (FIN),sjk fin,Defender,,,,False,wc2026_official_squad_corrected,,,,,,,,,,,,,,,,,,,,,,,,,,,,,,,,,,,,,,,,,,,,,,,,,False,False,False,False,False,False
cape_verde_logan_costa,team_cape_verde,Cape Verde,Logan Costa,logan costa,Villarreal CF (ESP),villarreal cf esp,Defender,,,,False,wc2026_official_squad_corrected,1.0,ESP-La Liga,2526,Villarreal,30,0,,0,0,0,0,0,,,,,0,0,0,1,0,0,0,,,,0.0,0.0,0.0,0.0,0.0,,,,,0.0,0.0,0.0,3.0,0.0,0.0,0.0,,,,0.0,,False,True,False,False,False,False,False
cape_verde_pico_lopes,team_cape_verde,Cape Verde,Pico Lopes,pico lopes,Shamrock Rovers FC (IRL),shamrock rovers fc irl,Defender,,,,False,wc2026_official_squad_corrected,,,,,,,,,,,,,,,,,,,,,,,,,,,,,,,,,,,,,,,,,,,,,,,,,False,False,False,False,False,False
cape_verde_sidny_lopes_cabral,team_cape_verde,Cape Verde,Sidny Lopes Cabral,sidny lopes cabral,SL Benfica (POR),sl benfica por,Defender,,,,False,wc2026_official_squad_corrected,2.0,POR-Primeira Liga,2526,"Benfica, Estrela",1680,18,,6,5,3,48,15,,,,,15,15,12,31,34,4,0,,,,0.3214285714285714,0.26785714285714285,0.1607142857142857,2.571428571428571,0.8035714285714285,,,,,0.8035714285714285,0.8035714285714285,0.6428571428571428,1.6607142857142856,1.8214285714285714,0.21428571428571427,0.0,,,,0.9642857142857142,,True,True,True,True,True,False,False
cape_verde_steven_moreira,team_cape_verde,Cape Verde,Steven Moreira,steven moreira,Columbus Crew (USA),columbus crew usa,Defender,,,,False,wc2026_official_squad_corrected,1.0,USA-Major League Soccer,2026,Columbus Crew,1132,13,,0,0,0,9,2,,,,,7,7,12,9,4,1,0,,,,0.0,0.0,0.0,0.715547703180212,0.15901060070671377,,,,,0.5565371024734982,0.5565371024734982,0.9540636042402827,0.715547703180212,0.31802120141342755,0.07950530035335689,0.0,,,,1.0335689045936396,,True,True,True,True,True,False,False
cape_verde_stopira,team_cape_verde,Cape Verde,Stopira,stopira,SCU Torreense (POR),scu torreense por,Defender,,,,False,wc2026_official_squad_corrected,,,,,,,,,,,,,,,,,,,,,,,,,,,,,,,,,,,,,,,,,,,,,,,,,False,False,False,False,False,False
cape_verde_wagner_pina,team_cape_verde,Cape Verde,Wagner Pina,wagner pina,Trabzonspor (TUR),trabzonspor tur,Defender,,,,False,wc2026_official_squad_corrected,1.0,TUR-Super Lig,2526,Trabzonspor,2439,28,,0,7,0,11,4,,,,,41,41,26,28,32,4,1,,,,0.0,0.25830258302583026,0.0,0.4059040590405904,0.14760147601476015,,,,,1.5129151291512914,1.5129151291512914,0.959409594095941,1.033210332103321,1.1808118081180812,0.14760147601476015,0.03690036900369004,,,,1.033210332103321,,True,True,True,True,True,False,False
cape_verde_dailon_livramento,team_cape_verde,Cape Verde,Dailon Livramento,dailon livramento,Casa Pia AC (POR),casa pia ac por,Forward,,,,False,wc2026_official_squad_corrected,2.0,"ITA-Serie A, POR-Primeira Liga",2526,"Casa Pia, Hellas Verona",944,10,,0,1,0,22,7,,,,,2,2,2,17,9,2,0,,,,0.0,0.09533898305084745,0.0,2.097457627118644,0.6673728813559322,,,,,0.1906779661016949,0.1906779661016949,0.1906779661016949,1.6207627118644068,0.8580508474576272,0.1906779661016949,0.0,,,,0.9533898305084746,,True,True,True,True,True,False,False
cape_verde_gilson_benchimol,team_cape_verde,Cape Verde,Gilson Benchimol,gilson benchimol,FC Akron Tolyatti (RUS),fc akron tolyatti rus,Forward,,,,False,wc2026_official_squad_corrected,,,,,,,,,,,,,,,,,,,,,,,,,,,,,,,,,,,,,,,,,,,,,,,,,False,False,False,False,False,False
cape_verde_ryan_mendes,team_cape_verde,Cape Verde,Ryan Mendes,ryan mendes,Iğdır FK (TUR),igd r fk tur,Forward,,,,False,wc2026_official_squad_corrected,1.0,TUR-Super Lig,2526,Kocaelispor,271,4,,0,0,0,7,1,,,,,2,2,2,3,1,0,0,,,,0.0,0.0,0.0,2.3247232472324724,0.33210332103321033,,,,,0.6642066420664207,0.6642066420664207,0.6642066420664207,0.996309963099631,0.33210332103321033,0.0,0.0,,,,1.3284132841328413,,False,True,False,False,False,False,False
cape_verde_cj_dos_santos,team_cape_verde,Cape Verde,Cj dos Santos,cj dos santos,San Diego FC (USA),san diego fc usa,Goalkeeper,,,,False,wc2026_official_squad_corrected,,,,,,,,,,,,,,,,,,,,,,,,,,,,,,,,,,,,,,,,,,,,,,,,,False,False,False,False,False,False
cape_verde_marcio_rosa,team_cape_verde,Cape Verde,Marcio Rosa,marcio rosa,PFC Montana (BUL),pfc montana bul,Goalkeeper,,,,False,wc2026_official_squad_corrected,,,,,,,,,,,,,,,,,,,,,,,,,,,,,,,,,,,,,,,,,,,,,,,,,False,False,False,False,False,False
cape_verde_vozinha,team_cape_verde,Cape Verde,Vozinha,vozinha,GD Chaves (POR),gd chaves por,Goalkeeper,,,,False,wc2026_official_squad_corrected,,,,,,,,,,,,,,,,,,,,,,,,,,,,,,,,,,,,,,,,,,,,,,,,,False,False,False,False,False,False
cape_verde_deroy_duarte,team_cape_verde,Cape Verde,Deroy Duarte,deroy duarte,PFC Ludogorets Razgrad (BUL),pfc ludogorets razgrad bul,Midfielder,,,,False,wc2026_official_squad_corrected,,,,,,,,,,,,,,,,,,,,,,,,,,,,,,,,,,,,,,,,,,,,,,,,,False,False,False,False,False,False
cape_verde_garry_rodrigues,team_cape_verde,Cape Verde,Garry Rodrigues,garry rodrigues,Apollon Limassol (CYP),apollon limassol cyp,Midfielder,,,,False,wc2026_official_squad_corrected,,,,,,,,,,,,,,,,,,,,,,,,,,,,,,,,,,,,,,,,,,,,,,,,,False,False,False,False,False,False
cape_verde_helio_varela,team_cape_verde,Cape Verde,Helio Varela,helio varela,Maccabi Tel-Aviv FC (ISR),maccabi tel aviv fc isr,Midfielder,,,,False,wc2026_official_squad_corrected,1.0,BEL-Belgian Pro League,2526,Gent,161,2,,0,0,0,2,0,,,,,0,0,2,0,6,0,0,,,,0.0,0.0,0.0,1.1180124223602483,0.0,,,,,0.0,0.0,1.1180124223602483,0.0,3.354037267080745,0.0,0.0,,,,1.1180124223602483,,False,True,False,False,False,False,False
cape_verde_jamiro_monteiro,team_cape_verde,Cape Verde,Jamiro Monteiro,jamiro monteiro,PEC Zwolle (NED),pec zwolle ned,Midfielder,,,,False,wc2026_official_squad_corrected,1.0,NED-Eredivisie,2526,Zwolle,1269,17,,2,3,2,20,3,,,,,27,27,12,16,40,0,1,,,,0.14184397163120568,0.2127659574468085,0.14184397163120568,1.4184397163120568,0.2127659574468085,,,,,1.9148936170212767,1.9148936170212767,0.851063829787234,1.1347517730496455,2.8368794326241136,0.0,0.07092198581560284,,,,1.2056737588652482,,True,True,True,True,True,False,False
cape_verde_joao_paulo,team_cape_verde,Cape Verde,Joao Paulo,joao paulo,FC FCSB (ROU),fc fcsb rou,Midfielder,,,,False,wc2026_official_squad_corrected,,,,,,,,,,,,,,,,,,,,,,,,,,,,,,,,,,,,,,,,,,,,,,,,,False,False,False,False,False,False
cape_verde_jovane_cabral,team_cape_verde,Cape Verde,Jovane Cabral,jovane cabral,CF Estrela Da Amadora (POR),cf estrela da amadora por,Midfielder,,,,False,wc2026_official_squad_corrected,1.0,POR-Primeira Liga,2526,Estrela,1672,17,,7,1,6,55,23,,,,,29,29,8,43,57,5,0,,,,0.37679425837320574,0.053827751196172245,0.32296650717703346,2.9605263157894735,1.2380382775119616,,,,,1.5610047846889952,1.5610047846889952,0.43062200956937796,2.3145933014354063,3.068181818181818,0.26913875598086123,0.0,,,,0.9150717703349281,,True,True,True,True,True,False,False
cape_verde_kevin_pina,team_cape_verde,Cape Verde,Kevin Pina,kevin pina,FC Krasnodar (RUS),fc krasnodar rus,Midfielder,,,,False,wc2026_official_squad_corrected,,,,,,,,,,,,,,,,,,,,,,,,,,,,,,,,,,,,,,,,,,,,,,,,,False,False,False,False,False,False
cape_verde_laros_duarte,team_cape_verde,Cape Verde,Laros Duarte,laros duarte,Puskás Akadémia FC (HUN),puskas akademia fc hun,Midfielder,,,,False,wc2026_official_squad_corrected,,,,,,,,,,,,,,,,,,,,,,,,,,,,,,,,,,,,,,,,,,,,,,,,,False,False,False,False,False,False
cape_verde_nuno_da_costa,team_cape_verde,Cape Verde,Nuno da Costa,nuno da costa,Başakşehir FK (TUR),basaksehir fk tur,Midfielder,,,,False,wc2026_official_squad_corrected,1.0,TUR-Super Lig,2526,Başakşehir,906,8,,3,1,3,28,6,,,,,11,11,9,20,21,3,0,,,,0.2980132450331126,0.09933774834437087,0.2980132450331126,2.781456953642384,0.5960264900662252,,,,,1.0927152317880795,1.0927152317880795,0.8940397350993378,1.9867549668874174,2.0860927152317883,0.2980132450331126,0.0,,,,0.794701986754967,,True,True,True,True,True,False,False
cape_verde_telmo_arcanjo,team_cape_verde,Cape Verde,Telmo Arcanjo,telmo arcanjo,Vitória SC (POR),vitoria sc por,Midfielder,,,,False,wc2026_official_squad_corrected,1.0,POR-Primeira Liga,2526,Vitória Guimarães,1246,12,,1,0,1,27,9,,,,,15,15,10,16,35,2,1,,,,0.07223113964686999,0.0,0.07223113964686999,1.9502407704654894,0.6500802568218298,,,,,1.0834670947030498,1.0834670947030498,0.7223113964686998,1.1556982343499198,2.528089887640449,0.14446227929373998,0.07223113964686999,,,,0.8667736757624398,,True,True,True,True,True,False,False
cape_verde_willy_semedo,team_cape_verde,Cape Verde,Willy Semedo,willy semedo,AC Omonia (CYP),ac omonia cyp,Midfielder,,,,False,wc2026_official_squad_corrected,,,,,,,,,,,,,,,,,,,,,,,,,,,,,,,,,,,,,,,,,,,,,,,,,False,False,False,False,False,False
cape_verde_yannick_semedo,team_cape_verde,Cape Verde,Yannick Semedo,yannick semedo,SC Farense (POR),sc farense por,Midfielder,,,,False,wc2026_official_squad_corrected,,,,,,,,,,,,,,,,,,,,,,,,,,,,,,,,,,,,,,,,,,,,,,,,,False,False,False,False,False,False
colombia_daniel_munoz,team_colombia,Colombia,Daniel Munoz,daniel munoz,Crystal Palace FC (ENG),crystal palace fc eng,Defender,,,,False,wc2026_official_squad_corrected,1.0,ENG-Premier League,2526,Crystal Palace,2399,29,,4,3,4,26,12,,,,,48,48,24,34,18,7,0,,,,0.15006252605252188,0.11254689453939141,0.15006252605252188,0.9754064193413923,0.45018757815756566,,,,,1.8007503126302626,1.8007503126302626,0.9003751563151313,1.275531471446436,0.6752813672363485,0.2626094205919133,0.0,,,,1.0879533138807838,,True,True,True,True,True,False,False
colombia_davinson_sanchez,team_colombia,Colombia,Davinson Sanchez,davinson sanchez,Galatasaray SK (TUR),galatasaray sk tur,Defender,,,,False,wc2026_official_squad_corrected,1.0,TUR-Super Lig,2526,Galatasaray,2419,29,,1,0,1,15,3,,,,,35,35,23,38,29,6,1,,,,0.037205456800330716,0.0,0.037205456800330716,0.5580818520049607,0.11161637040099215,,,,,1.3021909880115752,1.3021909880115752,0.8557255064076065,1.4138073584125672,1.0789582472095909,0.2232327408019843,0.037205456800330716,,,,1.0789582472095909,,True,True,True,True,True,False,False
colombia_deiver_machado,team_colombia,Colombia,Deiver Machado,deiver machado,FC Nantes (FRA),fc nantes fra,Defender,,,,False,wc2026_official_squad_corrected,2.0,FRA-Ligue 1,2526,"Lens, Nantes",1180,16,,0,1,0,13,2,,,,,17,17,11,25,28,3,0,,,,0.0,0.07627118644067797,0.0,0.9915254237288136,0.15254237288135594,,,,,1.2966101694915255,1.2966101694915255,0.8389830508474576,1.9067796610169492,2.135593220338983,0.2288135593220339,0.0,,,,1.2203389830508475,,True,True,True,True,True,False,False
colombia_gustavo_puerta,team_colombia,Colombia,Gustavo Puerta,gustavo puerta,Racing Santander (ESP),racing santander esp,Defender,,,,False,wc2026_official_squad_corrected,,,,,,,,,,,,,,,,,,,,,,,,,,,,,,,,,,,,,,,,,,,,,,,,,False,False,False,False,False,False
colombia_jhon_lucumi,team_colombia,Colombia,Jhon Lucumi,jhon lucumi,Bologna FC (ITA),bologna fc ita,Defender,,,,False,wc2026_official_squad_corrected,1.0,ITA-Serie A,2526,Bologna,2287,26,,1,0,1,8,2,,,,,22,22,30,23,19,5,0,,,,0.03935286401399213,0.0,0.03935286401399213,0.314822912111937,0.07870572802798426,,,,,0.8657630083078268,0.8657630083078268,1.180585920419764,0.905115872321819,0.7477044162658505,0.19676432006996064,0.0,,,,1.0231744643637954,,True,True,True,True,True,False,False
colombia_johan_mojica,team_colombia,Colombia,Johan Mojica,johan mojica,RCD Mallorca (ESP),rcd mallorca esp,Defender,,,,False,wc2026_official_squad_corrected,1.0,ESP-La Liga,2526,Mallorca,2724,30,,0,4,0,17,2,,,,,30,30,24,29,30,6,1,,,,0.0,0.13215859030837004,0.0,0.5616740088105727,0.06607929515418502,,,,,0.9911894273127754,0.9911894273127754,0.7929515418502203,0.9581497797356828,0.9911894273127754,0.19823788546255508,0.03303964757709251,,,,0.9911894273127754,,True,True,True,True,True,False,False
colombia_santiago_arias,team_colombia,Colombia,Santiago Arias,santiago arias,CA Independiente (ARG),ca independiente arg,Defender,,,,False,wc2026_official_squad_corrected,,,,,,,,,,,,,,,,,,,,,,,,,,,,,,,,,,,,,,,,,,,,,,,,,False,False,False,False,False,False
colombia_willer_ditta,team_colombia,Colombia,Willer Ditta,willer ditta,CF Cruz Azul (MEX),cf cruz azul mex,Defender,,,,False,wc2026_official_squad_corrected,,,,,,,,,,,,,,,,,,,,,,,,,,,,,,,,,,,,,,,,,,,,,,,,,False,False,False,False,False,False
colombia_yerry_mina,team_colombia,Colombia,Yerry Mina,yerry mina,Cagliari (ITA),cagliari ita,Defender,,,,False,wc2026_official_squad_corrected,1.0,ITA-Serie A,2526,Cagliari,2150,26,,2,0,2,10,3,,,,,18,18,26,26,37,5,1,,,,0.08372093023255814,0.0,0.08372093023255814,0.41860465116279066,0.1255813953488372,,,,,0.7534883720930232,0.7534883720930232,1.0883720930232559,1.0883720930232559,1.5488372093023255,0.20930232558139533,0.04186046511627907,,,,1.0883720930232559,,True,True,True,True,True,False,False
colombia_andres_gomez,team_colombia,Colombia,Andres Gomez,andres gomez,CR Vasco Da Gama (BRA),cr vasco da gama bra,Forward,,,,False,wc2026_official_squad_corrected,,,,,,,,,,,,,,,,,,,,,,,,,,,,,,,,,,,,,,,,,,,,,,,,,False,False,False,False,False,False
colombia_cucho_hernandez,team_colombia,Colombia,Cucho Hernandez,cucho hernandez,Real Betis (ESP),real betis esp,Forward,,,,False,wc2026_official_squad_corrected,,,,,,,,,,,,,,,,,,,,,,,,,,,,,,,,,,,,,,,,,,,,,,,,,False,False,False,False,False,False
colombia_jaminton_campaz,team_colombia,Colombia,Jaminton Campaz,jaminton campaz,CA Rosario Central (ARG),ca rosario central arg,Forward,,,,False,wc2026_official_squad_corrected,,,,,,,,,,,,,,,,,,,,,,,,,,,,,,,,,,,,,,,,,,,,,,,,,False,False,False,False,False,False
colombia_jhon_cordoba,team_colombia,Colombia,Jhon Cordoba,jhon cordoba,FC Krasnodar (RUS),fc krasnodar rus,Forward,,,,False,wc2026_official_squad_corrected,,,,,,,,,,,,,,,,,,,,,,,,,,,,,,,,,,,,,,,,,,,,,,,,,False,False,False,False,False,False
colombia_luis_diaz,team_colombia,Colombia,Luis Diaz,luis diaz,FC Bayern München (GER),fc bayern munchen ger,Forward,,,,False,wc2026_official_squad_corrected,1.0,GER-Bundesliga,2526,Bayern Munich,2447,27,,15,14,15,88,37,,,,,13,13,17,35,38,7,1,,,,0.551695954229669,0.514916223947691,0.551695954229669,3.236616264814058,1.3608500204331835,,,,,0.4781364936657131,0.4781364936657131,0.6252554147936248,1.2872905598692275,1.3976297507151614,0.2574581119738455,0.03677973028197793,,,,0.9930527176134041,,True,True,True,True,True,False,False
colombia_luis_suarez,team_colombia,Colombia,Luis Suarez,luis suarez,Sporting CP (POR),sporting cp por,Forward,,,,False,wc2026_official_squad_corrected,2.0,"POR-Primeira Liga, USA-Major League Soccer","2026, 2526","Inter Miami, Sporting CP",3302,38,,34,7,30,159,73,,,,,11,11,2,47,65,8,0,,,,0.9267110841913991,0.19079345850999394,0.8176862507571169,4.33373712901272,1.989703210175651,,,,,0.29981829194427617,0.29981829194427617,0.054512416717141125,1.2810417928528164,1.7716535433070866,0.2180496668685645,0.0,,,,1.0357359176256813,,True,True,True,True,True,False,False
colombia_alvaro_montero,team_colombia,Colombia,Alvaro Montero,alvaro montero,CA Vélez Sarsfield (ARG),ca velez sarsfield arg,Goalkeeper,,,,False,wc2026_official_squad_corrected,,,,,,,,,,,,,,,,,,,,,,,,,,,,,,,,,,,,,,,,,,,,,,,,,False,False,False,False,False,False
colombia_camilo_vargas,team_colombia,Colombia,Camilo Vargas,camilo vargas,Atlas FC (MEX),atlas fc mex,Goalkeeper,,,,False,wc2026_official_squad_corrected,,,,,,,,,,,,,,,,,,,,,,,,,,,,,,,,,,,,,,,,,,,,,,,,,False,False,False,False,False,False
colombia_david_ospina,team_colombia,Colombia,David Ospina,david ospina,Atlético Nacional (COL),atletico nacional col,Goalkeeper,,,,False,wc2026_official_squad_corrected,,,,,,,,,,,,,,,,,,,,,,,,,,,,,,,,,,,,,,,,,,,,,,,,,False,False,False,False,False,False
colombia_james_rodriguez,team_colombia,Colombia,James Rodriguez,james rodriguez,Minnesota United FC (USA),minnesota united fc usa,Midfielder,,,,False,wc2026_official_squad_corrected,1.0,USA-Major League Soccer,2026,Minnesota Utd,195,2,,0,2,0,9,3,,,,,3,3,0,2,3,0,0,,,,0.0,0.9230769230769231,0.0,4.153846153846154,1.3846153846153848,,,,,1.3846153846153848,1.3846153846153848,0.0,0.9230769230769231,1.3846153846153848,0.0,0.0,,,,0.9230769230769231,,False,True,False,False,False,False,False
colombia_jefferson_lerma,team_colombia,Colombia,Jefferson Lerma,jefferson lerma,Crystal Palace FC (ENG),crystal palace fc eng,Midfielder,,,,False,wc2026_official_squad_corrected,1.0,ENG-Premier League,2526,Crystal Palace,1733,18,,0,2,0,19,7,,,,,18,18,25,25,24,7,0,,,,0.0,0.10386612810155799,0.0,0.9867282169648008,0.363531448355453,,,,,0.9347951529140219,0.9347951529140219,1.2983266012694747,1.2983266012694747,1.2463935372186958,0.363531448355453,0.0,,,,0.9347951529140219,,True,True,True,True,True,False,False
colombia_jhon_arias,team_colombia,Colombia,Jhon Arias,jhon arias,SE Palmeiras (BRA),se palmeiras bra,Midfielder,,,,False,wc2026_official_squad_corrected,1.0,ENG-Premier League,2526,Wolves,1124,14,,1,0,1,16,3,,,,,27,27,7,26,9,1,0,,,,0.0800711743772242,0.0,0.0800711743772242,1.2811387900355873,0.2402135231316726,,,,,2.1619217081850532,2.1619217081850532,0.5604982206405694,2.0818505338078293,0.7206405693950177,0.0800711743772242,0.0,,,,1.1209964412811388,,True,True,True,True,True,False,False
colombia_jorge_carrascal,team_colombia,Colombia,Jorge Carrascal,jorge carrascal,CR Flamengo (BRA),cr flamengo bra,Midfielder,,,,False,wc2026_official_squad_corrected,,,,,,,,,,,,,,,,,,,,,,,,,,,,,,,,,,,,,,,,,,,,,,,,,False,False,False,False,False,False
colombia_juan_portilla,team_colombia,Colombia,Juan Portilla,juan portilla,Athletico Paranaense (BRA),athletico paranaense bra,Midfielder,,,,False,wc2026_official_squad_corrected,,,,,,,,,,,,,,,,,,,,,,,,,,,,,,,,,,,,,,,,,,,,,,,,,False,False,False,False,False,False
colombia_juan_quintero,team_colombia,Colombia,Juan Quintero,juan quintero,CA River Plate (ARG),ca river plate arg,Midfielder,,,,False,wc2026_official_squad_corrected,,,,,,,,,,,,,,,,,,,,,,,,,,,,,,,,,,,,,,,,,,,,,,,,,False,False,False,False,False,False
colombia_kevin_castano,team_colombia,Colombia,Kevin Castano,kevin castano,CA River Plate (ARG),ca river plate arg,Midfielder,,,,False,wc2026_official_squad_corrected,,,,,,,,,,,,,,,,,,,,,,,,,,,,,,,,,,,,,,,,,,,,,,,,,False,False,False,False,False,False
colombia_richard_rios,team_colombia,Colombia,Richard Rios,richard rios,SL Benfica (POR),sl benfica por,Midfielder,,,,False,wc2026_official_squad_corrected,1.0,POR-Primeira Liga,2526,Benfica,2276,26,,5,4,5,60,16,,,,,30,30,18,50,66,9,0,,,,0.19771528998242532,0.15817223198594024,0.19771528998242532,2.3725834797891037,0.632688927943761,,,,,1.1862917398945518,1.1862917398945518,0.7117750439367312,1.9771528998242531,2.609841827768014,0.3558875219683656,0.0,,,,1.0281195079086116,,True,True,True,True,True,False,False
croatia_duje_caleta_car,team_croatia,Croatia,Duje Caleta-Car,duje caleta car,Real Sociedad (ESP),real sociedad esp,Defender,,,,False,wc2026_official_squad_corrected,1.0,ESP-La Liga,2526,Real Sociedad,2150,24,,1,0,1,13,3,,,,,14,14,29,30,8,6,1,,,,0.04186046511627907,0.0,0.04186046511627907,0.5441860465116279,0.1255813953488372,,,,,0.586046511627907,0.586046511627907,1.213953488372093,1.255813953488372,0.33488372093023255,0.2511627906976744,0.04186046511627907,,,,1.0046511627906975,,True,True,True,True,True,False,False
croatia_josip_stanisic,team_croatia,Croatia,Josip Stanisic,josip stanisic,FC Bayern München (GER),fc bayern munchen ger,Defender,,,,False,wc2026_official_squad_corrected,1.0,GER-Bundesliga,2526,Bayern Munich,1857,19,,2,3,2,7,4,,,,,21,21,18,8,11,1,0,,,,0.09693053311793215,0.14539579967689822,0.09693053311793215,0.33925686591276255,0.1938610662358643,,,,,1.0177705977382876,1.0177705977382876,0.8723747980613894,0.3877221324717286,0.5331179321486268,0.048465266558966075,0.0,,,,0.9208400646203554,,True,True,True,True,True,False,False
croatia_josip_sutalo,team_croatia,Croatia,Josip Sutalo,josip sutalo,AFC Ajax (NED),afc ajax ned,Defender,,,,False,wc2026_official_squad_corrected,1.0,NED-Eredivisie,2526,Ajax,1800,19,,0,0,0,3,0,,,,,8,8,40,8,8,1,0,,,,0.0,0.0,0.0,0.15,0.0,,,,,0.4,0.4,2.0,0.4,0.4,0.05,0.0,,,,0.95,,True,True,True,True,True,False,False
croatia_josko_gvardiol,team_croatia,Croatia,Josko Gvardiol,josko gvardiol,Manchester City FC (ENG),manchester city fc eng,Defender,,,,False,wc2026_official_squad_corrected,1.0,ENG-Premier League,2526,Manchester City,1372,16,,2,2,2,17,6,,,,,13,13,16,16,7,2,0,,,,0.13119533527696794,0.13119533527696794,0.13119533527696794,1.1151603498542275,0.3935860058309038,,,,,0.8527696793002916,0.8527696793002916,1.0495626822157436,1.0495626822157436,0.45918367346938777,0.13119533527696794,0.0,,,,1.0495626822157436,,True,True,True,True,True,False,False
croatia_kristijan_jakic,team_croatia,Croatia,Kristijan Jakic,kristijan jakic,FC Augsburg (GER),fc augsburg ger,Defender,,,,False,wc2026_official_squad_corrected,1.0,GER-Bundesliga,2526,Augsburg,1653,18,,2,1,2,18,6,,,,,25,25,17,17,17,5,0,,,,0.1088929219600726,0.0544464609800363,0.1088929219600726,0.9800362976406534,0.32667876588021777,,,,,1.3611615245009074,1.3611615245009074,0.925589836660617,0.925589836660617,0.925589836660617,0.27223230490018147,0.0,,,,0.9800362976406534,,True,True,True,True,True,False,False
croatia_luka_vuskovic,team_croatia,Croatia,Luka Vuskovic,luka vuskovic,Hamburger SV (GER),hamburger sv ger,Defender,,,,False,wc2026_official_squad_corrected,2.0,"ENG-Premier League, GER-Bundesliga",2526,"Hamburger SV, Tottenham Hotspur",2442,27,,6,0,5,32,10,,,,,17,17,40,29,32,6,0,,,,0.22113022113022113,0.0,0.18427518427518427,1.1793611793611793,0.36855036855036855,,,,,0.6265356265356266,0.6265356265356266,1.4742014742014742,1.068796068796069,1.1793611793611793,0.22113022113022113,0.0,,,,0.9950859950859952,,True,True,True,True,True,False,False
croatia_marin_pongracic,team_croatia,Croatia,Marin Pongracic,marin pongracic,ACF Fiorentina (ITA),acf fiorentina ita,Defender,,,,False,wc2026_official_squad_corrected,1.0,ITA-Serie A,2526,Fiorentina,2918,33,,0,0,0,8,1,,,,,17,17,36,69,21,12,0,,,,0.0,0.0,0.0,0.2467443454420836,0.03084304318026045,,,,,0.5243317340644277,0.5243317340644277,1.1103495544893762,2.128169979437971,0.6477039067854694,0.3701165181631254,0.0,,,,1.017820424948595,,True,True,True,True,True,False,False
croatia_martin_erlic,team_croatia,Croatia,Martin Erlic,martin erlic,FC Midtjylland (DEN),fc midtjylland den,Defender,,,,False,wc2026_official_squad_corrected,,,,,,,,,,,,,,,,,,,,,,,,,,,,,,,,,,,,,,,,,,,,,,,,,False,False,False,False,False,False
croatia_andrej_kramaric,team_croatia,Croatia,Andrej Kramaric,andrej kramaric,TSG Hoffenheim (GER),tsg hoffenheim ger,Forward,,,,False,wc2026_official_squad_corrected,1.0,GER-Bundesliga,2526,Hoffenheim,2207,26,,14,6,9,64,33,,,,,5,5,7,5,14,2,0,,,,0.57091073855913,0.24467603081105574,0.3670140462165836,2.6098776619845947,1.3457181694608065,,,,,0.20389669234254645,0.20389669234254645,0.285455369279565,0.20389669234254645,0.57091073855913,0.08155867693701858,0.0,,,,1.0602628001812415,,True,True,True,True,True,False,False
croatia_ante_budimir,team_croatia,Croatia,Ante Budimir,ante budimir,CA Osasuna (ESP),ca osasuna esp,Forward,,,,False,wc2026_official_squad_corrected,1.0,ESP-La Liga,2526,Osasuna,2938,35,,17,0,11,103,41,,,,,16,16,6,52,36,3,0,,,,0.5207624234172906,0.0,0.3369639210347175,3.1552076242341727,1.2559564329475834,,,,,0.4901293396868618,0.4901293396868618,0.18379850238257317,1.592920353982301,1.1027910142954391,0.09189925119128659,0.0,,,,1.0721579305650102,,True,True,True,True,True,False,False
croatia_igor_matanovic,team_croatia,Croatia,Igor Matanovic,igor matanovic,SC Freiburg (GER),sc freiburg ger,Forward,,,,False,wc2026_official_squad_corrected,1.0,GER-Bundesliga,2526,Freiburg,1571,14,,11,2,10,51,19,,,,,11,11,9,42,22,0,0,,,,0.6301718650541056,0.11457670273711013,0.5728835136855506,2.9217059197963082,1.0884786760025462,,,,,0.6301718650541056,0.6301718650541056,0.5155951623169955,2.4061107574793126,1.2603437301082112,0.0,0.0,,,,0.8020369191597708,,True,True,True,True,True,False,False
croatia_ivan_perisic,team_croatia,Croatia,Ivan Perisic,ivan perisic,PSV Eindhoven (NED),psv eindhoven ned,Forward,,,,False,wc2026_official_squad_corrected,1.0,NED-Eredivisie,2526,PSV,2203,27,,7,12,6,53,19,,,,,22,22,24,26,7,5,0,,,,0.28597367226509307,0.4902405810258738,0.2451202905129369,2.165229232864276,0.7762142532909668,,,,,0.8987743985474353,0.8987743985474353,0.9804811620517476,1.06218792555606,0.28597367226509307,0.20426690876078074,0.0,,,,1.1030413073082161,,True,True,True,True,True,False,False
croatia_marco_pasalic,team_croatia,Croatia,Marco Pasalic,marco pasalic,Orlando City SC (USA),orlando city sc usa,Forward,,,,False,wc2026_official_squad_corrected,1.0,USA-Major League Soccer,2026,Orlando City,642,8,,2,0,2,12,4,,,,,0,0,5,8,7,3,0,,,,0.2803738317757009,0.0,0.2803738317757009,1.6822429906542056,0.5607476635514018,,,,,0.0,0.0,0.7009345794392523,1.1214953271028036,0.9813084112149533,0.4205607476635514,0.0,,,,1.1214953271028036,,True,True,True,True,True,False,False
croatia_petar_musa,team_croatia,Croatia,Petar Musa,petar musa,FC Dallas (USA),fc dallas usa,Forward,,,,False,wc2026_official_squad_corrected,1.0,USA-Major League Soccer,2026,FC Dallas,1040,12,,12,2,10,49,22,,,,,7,7,7,21,5,1,0,,,,1.0384615384615385,0.17307692307692307,0.8653846153846154,4.240384615384616,1.903846153846154,,,,,0.6057692307692307,0.6057692307692307,0.6057692307692307,1.8173076923076923,0.4326923076923077,0.08653846153846154,0.0,,,,1.0384615384615385,,True,True,True,True,True,False,False
croatia_dominik_kotarski,team_croatia,Croatia,Dominik Kotarski,dominik kotarski,FC København (DEN),fc k benhavn den,Goalkeeper,,,,False,wc2026_official_squad_corrected,,,,,,,,,,,,,,,,,,,,,,,,,,,,,,,,,,,,,,,,,,,,,,,,,False,False,False,False,False,False
croatia_dominik_livakovic,team_croatia,Croatia,Dominik Livakovic,dominik livakovic,GNK Dinamo Zagreb (CRO),gnk dinamo zagreb cro,Goalkeeper,,,,False,wc2026_official_squad_corrected,2.0,"ESP-La Liga, TUR-Super Lig",2526,"Fenerbahçe, Girona",90,1,0,0,0,0,0,0,,,,,0,0,0,0,0,0,0,2,1,,0.0,0.0,0.0,0.0,0.0,,,,,0.0,0.0,0.0,0.0,0.0,0.0,0.0,2.0,1.0,,1.0,0.0,False,True,False,False,False,False,False
croatia_ivor_pandur,team_croatia,Croatia,Ivor Pandur,ivor pandur,Hull City FC (ENG),hull city fc eng,Goalkeeper,,,,False,wc2026_official_squad_corrected,,,,,,,,,,,,,,,,,,,,,,,,,,,,,,,,,,,,,,,,,,,,,,,,,False,False,False,False,False,False
croatia_luka_modric,team_croatia,Croatia,Luka Modric,luka modric,AC Milan (ITA),ac milan ita,Midfielder,,,,False,wc2026_official_squad_corrected,1.0,ITA-Serie A,2526,Milan,2811,32,,2,3,2,20,8,,,,,27,27,35,23,33,4,0,,,,0.064034151547492,0.096051227321238,0.064034151547492,0.6403415154749199,0.256136606189968,,,,,0.8644610458911419,0.8644610458911419,1.1205976520811098,0.736392742796158,1.0565635005336178,0.128068303094984,0.0,,,,1.024546424759872,,True,True,True,True,True,False,False
croatia_luka_sucic,team_croatia,Croatia,Luka Sucic,luka sucic,Real Sociedad (ESP),real sociedad esp,Midfielder,,,,False,wc2026_official_squad_corrected,1.0,ESP-La Liga,2526,Real Sociedad,1022,10,,3,1,3,23,7,,,,,8,8,5,11,6,1,0,,,,0.26418786692759294,0.08806262230919765,0.26418786692759294,2.0254403131115457,0.6164383561643836,,,,,0.7045009784735812,0.7045009784735812,0.44031311154598823,0.9686888454011742,0.5283757338551859,0.08806262230919765,0.0,,,,0.8806262230919765,,True,True,True,True,True,False,False
croatia_mario_pasalic,team_croatia,Croatia,Mario Pasalic,mario pasalic,Atalanta Bergamo (ITA),atalanta bergamo ita,Midfielder,,,,False,wc2026_official_squad_corrected,1.0,ITA-Serie A,2526,Atalanta,1936,21,,3,4,3,24,6,,,,,18,18,13,22,6,3,0,,,,0.13946280991735535,0.1859504132231405,0.13946280991735535,1.1157024793388428,0.2789256198347107,,,,,0.8367768595041322,0.8367768595041322,0.6043388429752066,1.0227272727272727,0.2789256198347107,0.13946280991735535,0.0,,,,0.9762396694214875,,True,True,True,True,True,False,False
croatia_martin_baturina,team_croatia,Croatia,Martin Baturina,martin baturina,Como (ITA),como ita,Midfielder,,,,False,wc2026_official_squad_corrected,1.0,ITA-Serie A,2526,Como,1569,17,,6,3,6,28,9,,,,,14,14,5,15,44,0,0,,,,0.3441682600382409,0.17208413001912046,0.3441682600382409,1.6061185468451242,0.5162523900573613,,,,,0.8030592734225621,0.8030592734225621,0.28680688336520077,0.8604206500956023,2.5239005736137665,0.0,0.0,,,,0.9751434034416826,,True,True,True,True,True,False,False
croatia_mateo_kovacic,team_croatia,Croatia,Mateo Kovacic,mateo kovacic,Manchester City FC (ENG),manchester city fc eng,Midfielder,,,,False,wc2026_official_squad_corrected,1.0,ENG-Premier League,2526,Manchester City,130,1,,0,1,0,2,0,,,,,1,1,2,0,2,0,0,,,,0.0,0.6923076923076923,0.0,1.3846153846153846,0.0,,,,,0.6923076923076923,0.6923076923076923,1.3846153846153846,0.0,1.3846153846153846,0.0,0.0,,,,0.6923076923076923,,False,True,False,False,False,False,False
croatia_nikola_moro,team_croatia,Croatia,Nikola Moro,nikola moro,Bologna FC (ITA),bologna fc ita,Midfielder,,,,False,wc2026_official_squad_corrected,1.0,ITA-Serie A,2526,Bologna,1799,19,,2,0,2,21,2,,,,,8,8,19,18,17,1,0,,,,0.1000555864369094,0.0,0.1000555864369094,1.0505836575875487,0.1000555864369094,,,,,0.4002223457476376,0.4002223457476376,0.9505280711506393,0.9005002779321847,0.8504724847137299,0.0500277932184547,0.0,,,,0.9505280711506393,,True,True,True,True,True,False,False
croatia_nikola_vlasic,team_croatia,Croatia,Nikola Vlasic,nikola vlasic,Torino FC (ITA),torino fc ita,Midfielder,,,,False,wc2026_official_squad_corrected,1.0,ITA-Serie A,2526,Torino,3043,36,,8,3,3,49,17,,,,,39,39,22,44,45,7,0,,,,0.2366086099244167,0.08872822872165627,0.08872822872165627,1.4492277357870522,0.5027932960893855,,,,,1.1534669733815315,1.1534669733815315,0.650673677292146,1.301347354584292,1.3309234308248439,0.20703253368386462,0.0,,,,1.064738744659875,,True,True,True,True,True,False,False
croatia_petar_sucic,team_croatia,Croatia,Petar Sucic,petar sucic,FC Internazionale Milano (ITA),fc internazionale milano ita,Midfielder,,,,False,wc2026_official_squad_corrected,1.0,ITA-Serie A,2526,Inter,1765,21,,2,2,2,22,6,,,,,25,25,9,30,25,5,0,,,,0.10198300283286119,0.10198300283286119,0.10198300283286119,1.1218130311614731,0.3059490084985836,,,,,1.274787535410765,1.274787535410765,0.45892351274787535,1.529745042492918,1.274787535410765,0.254957507082153,0.0,,,,1.0708215297450425,,True,True,True,True,True,False,False
croatia_toni_fruk,team_croatia,Croatia,Toni Fruk,toni fruk,HNK Rijeka (CRO),hnk rijeka cro,Midfielder,,,,False,wc2026_official_squad_corrected,,,,,,,,,,,,,,,,,,,,,,,,,,,,,,,,,,,,,,,,,,,,,,,,,False,False,False,False,False,False
curacao_armando_obispo,team_curacao,Curacao,Armando Obispo,armando obispo,PSV Eindhoven (NED),psv eindhoven ned,Defender,,,,False,wc2026_official_squad_corrected,1.0,NED-Eredivisie,2526,PSV,809,9,,2,0,2,11,6,,,,,4,4,6,6,4,1,0,,,,0.22249690976514214,0.0,0.22249690976514214,1.2237330037082819,0.6674907292954264,,,,,0.4449938195302843,0.4449938195302843,0.6674907292954264,0.6674907292954264,0.4449938195302843,0.11124845488257107,0.0,,,,1.0012360939431397,,True,True,True,True,True,False,False
curacao_deveron_fonville,team_curacao,Curacao,Deveron Fonville,deveron fonville,NEC Nijmegen (NED),nec nijmegen ned,Defender,,,,False,wc2026_official_squad_corrected,1.0,NED-Eredivisie,2526,NEC Nijmegen,1470,13,,0,2,0,5,0,,,,,29,29,20,14,13,3,0,,,,0.0,0.12244897959183675,0.0,0.30612244897959184,0.0,,,,,1.7755102040816328,1.7755102040816328,1.2244897959183674,0.8571428571428572,0.7959183673469389,0.1836734693877551,0.0,,,,0.7959183673469389,,True,True,True,True,True,False,False
curacao_joshua_brenet,team_curacao,Curacao,Joshua Brenet,joshua brenet,Kayserispor (TUR),kayserispor tur,Defender,,,,False,wc2026_official_squad_corrected,1.0,TUR-Super Lig,2526,Kayserispor,798,9,,0,2,0,3,0,,,,,1,1,10,7,4,1,0,,,,0.0,0.22556390977443608,0.0,0.3383458646616541,0.0,,,,,0.11278195488721804,0.11278195488721804,1.1278195488721805,0.7894736842105263,0.45112781954887216,0.11278195488721804,0.0,,,,1.0150375939849623,,True,True,True,True,True,False,False
curacao_jurien_gaari,team_curacao,Curacao,Jurien Gaari,jurien gaari,Abha Club (KSA),abha club ksa,Defender,,,,False,wc2026_official_squad_corrected,,,,,,,,,,,,,,,,,,,,,,,,,,,,,,,,,,,,,,,,,,,,,,,,,False,False,False,False,False,False
curacao_riechedly_bazoer,team_curacao,Curacao,Riechedly Bazoer,riechedly bazoer,Konyaspor (TUR),konyaspor tur,Defender,,,,False,wc2026_official_squad_corrected,1.0,TUR-Super Lig,2526,Konyaspor,924,10,,0,0,0,3,1,,,,,9,9,11,19,5,7,1,,,,0.0,0.0,0.0,0.2922077922077922,0.0974025974025974,,,,,0.8766233766233765,0.8766233766233765,1.0714285714285714,1.8506493506493504,0.48701298701298695,0.6818181818181818,0.0974025974025974,,,,0.9740259740259739,,True,True,True,True,True,False,False
curacao_roshon_van_eijma,team_curacao,Curacao,Roshon van Eijma,roshon van eijma,RKC Waalwijk (NED),rkc waalwijk ned,Defender,,,,False,wc2026_official_squad_corrected,,,,,,,,,,,,,,,,,,,,,,,,,,,,,,,,,,,,,,,,,,,,,,,,,False,False,False,False,False,False
curacao_sherel_floranus,team_curacao,Curacao,Sherel Floranus,sherel floranus,PEC Zwolle (NED),pec zwolle ned,Defender,,,,False,wc2026_official_squad_corrected,1.0,NED-Eredivisie,2526,Zwolle,2794,32,,1,3,1,7,3,,,,,37,37,52,23,14,5,0,,,,0.03221188260558339,0.09663564781675017,0.03221188260558339,0.22548317823908376,0.09663564781675017,,,,,1.1918396564065856,1.1918396564065856,1.6750178954903365,0.740873299928418,0.4509663564781675,0.16105941302791696,0.0,,,,1.0307802433786686,,True,True,True,True,True,False,False
curacao_shurandy_sambo,team_curacao,Curacao,Shurandy Sambo,shurandy sambo,Sparta Rotterdam (NED),sparta rotterdam ned,Defender,,,,False,wc2026_official_squad_corrected,1.0,NED-Eredivisie,2526,Sparta Rotterdam,1622,18,,0,1,0,6,1,,,,,29,29,20,19,8,6,0,,,,0.0,0.055487053020961775,0.0,0.33292231812577067,0.055487053020961775,,,,,1.6091245376078915,1.6091245376078915,1.1097410604192355,1.0542540073982738,0.4438964241676942,0.33292231812577067,0.0,,,,0.998766954377312,,True,True,True,True,True,False,False
curacao_brandley_kuwas,team_curacao,Curacao,Brandley Kuwas,brandley kuwas,FC Volendam (NED),fc volendam ned,Forward,,,,False,wc2026_official_squad_corrected,1.0,NED-Eredivisie,2526,Volendam,2019,23,,5,4,3,40,14,,,,,12,12,4,17,45,4,0,,,,0.22288261515601782,0.17830609212481427,0.1337295690936107,1.7830609212481425,0.6240713224368499,,,,,0.5349182763744428,0.5349182763744428,0.17830609212481427,0.7578008915304606,2.0059435364041605,0.17830609212481427,0.0,,,,1.025260029717682,,True,True,True,True,True,False,False
curacao_gervane_kastaneer,team_curacao,Curacao,Gervane Kastaneer,gervane kastaneer,Terengganu FC (MAS),terengganu fc mas,Forward,,,,False,wc2026_official_squad_corrected,,,,,,,,,,,,,,,,,,,,,,,,,,,,,,,,,,,,,,,,,,,,,,,,,False,False,False,False,False,False
curacao_jearl_margaritha,team_curacao,Curacao,Jearl Margaritha,jearl margaritha,SK Beveren (BEL),sk beveren bel,Forward,,,,False,wc2026_official_squad_corrected,,,,,,,,,,,,,,,,,,,,,,,,,,,,,,,,,,,,,,,,,,,,,,,,,False,False,False,False,False,False
curacao_jeremy_antonisse,team_curacao,Curacao,Jeremy Antonisse,jeremy antonisse,AE Kifisia FC (GRE),ae kifisia fc gre,Forward,,,,False,wc2026_official_squad_corrected,,,,,,,,,,,,,,,,,,,,,,,,,,,,,,,,,,,,,,,,,,,,,,,,,False,False,False,False,False,False
curacao_juergen_locadia,team_curacao,Curacao,Juergen Locadia,juergen locadia,Miami FC (USA),miami fc usa,Forward,,,,False,wc2026_official_squad_corrected,,,,,,,,,,,,,,,,,,,,,,,,,,,,,,,,,,,,,,,,,,,,,,,,,False,False,False,False,False,False
curacao_kenji_gorre,team_curacao,Curacao,Kenji Gorre,kenji gorre,Maccabi Haifa FC (ISR),maccabi haifa fc isr,Forward,,,,False,wc2026_official_squad_corrected,,,,,,,,,,,,,,,,,,,,,,,,,,,,,,,,,,,,,,,,,,,,,,,,,False,False,False,False,False,False
curacao_sontje_hansen,team_curacao,Curacao,Sontje Hansen,sontje hansen,Middlesbrough FC (ENG),middlesbrough fc eng,Forward,,,,False,wc2026_official_squad_corrected,1.0,NED-Eredivisie,2526,NEC Nijmegen,,0,,,,,,,,,,,,,,,,,,,,,,,,,,,,,,,,,,,,,,,,,,,False,False,False,False,False,False
curacao_tyrese_noslin,team_curacao,Curacao,Tyrese Noslin,tyrese noslin,SC Telstar (NED),sc telstar ned,Forward,,,,False,wc2026_official_squad_corrected,1.0,NED-Eredivisie,2526,Telstar,2293,26,,2,3,2,39,17,,,,,44,44,35,35,48,5,0,,,,0.07849978194505015,0.11774967291757522,0.07849978194505015,1.530745747928478,0.6672481465329263,,,,,1.7269952027911033,1.7269952027911033,1.3737461840383776,1.3737461840383776,1.8839947666812036,0.19624945486262538,0.0,,,,1.020497165285652,,True,True,True,True,True,False,False
curacao_eloy_room,team_curacao,Curacao,Eloy Room,eloy room,Miami FC (USA),miami fc usa,Goalkeeper,,,,False,wc2026_official_squad_corrected,,,,,,,,,,,,,,,,,,,,,,,,,,,,,,,,,,,,,,,,,,,,,,,,,False,False,False,False,False,False
curacao_trevor_doornbusch,team_curacao,Curacao,Trevor Doornbusch,trevor doornbusch,VVV Venlo (NED),vvv venlo ned,Goalkeeper,,,,False,wc2026_official_squad_corrected,,,,,,,,,,,,,,,,,,,,,,,,,,,,,,,,,,,,,,,,,,,,,,,,,False,False,False,False,False,False
curacao_tyrick_bodak,team_curacao,Curacao,Tyrick Bodak,tyrick bodak,SC Telstar (NED),sc telstar ned,Goalkeeper,,,,False,wc2026_official_squad_corrected,1.0,NED-Eredivisie,2526,Telstar,,0,,,,,,,,,,,,,,,,,,,,,,,,,,,,,,,,,,,,,,,,,,,False,False,False,False,False,False
curacao_arjany_martha,team_curacao,Curacao,Arjany Martha,arjany martha,Rotherham United FC (ENG),rotherham united fc eng,Midfielder,,,,False,wc2026_official_squad_corrected,,,,,,,,,,,,,,,,,,,,,,,,,,,,,,,,,,,,,,,,,,,,,,,,,False,False,False,False,False,False
curacao_godfried_roemeratoe,team_curacao,Curacao,Godfried Roemeratoe,godfried roemeratoe,RKC Waalwijk (NED),rkc waalwijk ned,Midfielder,,,,False,wc2026_official_squad_corrected,,,,,,,,,,,,,,,,,,,,,,,,,,,,,,,,,,,,,,,,,,,,,,,,,False,False,False,False,False,False
curacao_juninho_bacuna,team_curacao,Curacao,Juninho Bacuna,juninho bacuna,FC Volendam (NED),fc volendam ned,Midfielder,,,,False,wc2026_official_squad_corrected,2.0,"NED-Eredivisie, TUR-Super Lig",2526,"Gaziantep FK, Volendam",928,10,,0,2,0,25,4,,,,,17,17,16,19,14,2,0,,,,0.0,0.1939655172413793,0.0,2.424568965517241,0.3879310344827586,,,,,1.648706896551724,1.648706896551724,1.5517241379310345,1.8426724137931034,1.357758620689655,0.1939655172413793,0.0,,,,0.9698275862068965,,True,True,True,True,True,False,False
curacao_kevin_felida,team_curacao,Curacao,Kevin Felida,kevin felida,FC Den Bosch (NED),fc den bosch ned,Midfielder,,,,False,wc2026_official_squad_corrected,,,,,,,,,,,,,,,,,,,,,,,,,,,,,,,,,,,,,,,,,,,,,,,,,False,False,False,False,False,False
curacao_leandro_bacuna,team_curacao,Curacao,Leandro Bacuna,leandro bacuna,Iğdır FK (TUR),igd r fk tur,Midfielder,,,,False,wc2026_official_squad_corrected,,,,,,,,,,,,,,,,,,,,,,,,,,,,,,,,,,,,,,,,,,,,,,,,,False,False,False,False,False,False
curacao_livano_comenencia,team_curacao,Curacao,Livano Comenencia,livano comenencia,FC Zürich (SUI),fc zurich sui,Midfielder,,,,False,wc2026_official_squad_corrected,,,,,,,,,,,,,,,,,,,,,,,,,,,,,,,,,,,,,,,,,,,,,,,,,False,False,False,False,False,False
curacao_tahith_chong,team_curacao,Curacao,Tahith Chong,tahith chong,Shefield United FC (ENG),shefield united fc eng,Midfielder,,,,False,wc2026_official_squad_corrected,,,,,,,,,,,,,,,,,,,,,,,,,,,,,,,,,,,,,,,,,,,,,,,,,False,False,False,False,False,False
czech_republic_david_doudera,team_czech_republic,Czech Republic,David Doudera,david doudera,SK Slavia Praha (CZE),sk slavia praha cze,Defender,,,,False,wc2026_official_squad_corrected,,,,,,,,,,,,,,,,,,,,,,,,,,,,,,,,,,,,,,,,,,,,,,,,,False,False,False,False,False,False
czech_republic_david_jurasek,team_czech_republic,Czech Republic,David Jurasek,david jurasek,SK Slavia Praha (CZE),sk slavia praha cze,Defender,,,,False,wc2026_official_squad_corrected,1.0,TUR-Super Lig,2526,Beşiktaş,638,7,,0,0,0,1,0,,,,,6,6,6,1,3,0,0,,,,0.0,0.0,0.0,0.14106583072100315,0.0,,,,,0.8463949843260189,0.8463949843260189,0.8463949843260189,0.14106583072100315,0.42319749216300945,0.0,0.0,,,,0.987460815047022,,True,True,True,True,True,False,False
czech_republic_david_zima,team_czech_republic,Czech Republic,David Zima,david zima,SK Slavia Praha (CZE),sk slavia praha cze,Defender,,,,False,wc2026_official_squad_corrected,,,,,,,,,,,,,,,,,,,,,,,,,,,,,,,,,,,,,,,,,,,,,,,,,False,False,False,False,False,False
czech_republic_jaroslav_zeleny,team_czech_republic,Czech Republic,Jaroslav Zeleny,jaroslav zeleny,AC Sparta Praha (CZE),ac sparta praha cze,Defender,,,,False,wc2026_official_squad_corrected,,,,,,,,,,,,,,,,,,,,,,,,,,,,,,,,,,,,,,,,,,,,,,,,,False,False,False,False,False,False
czech_republic_ladislav_krejci,team_czech_republic,Czech Republic,Ladislav Krejci,ladislav krejci,Wolverhampton Wanderers FC (ENG),wolverhampton wanderers fc eng,Defender,,,,False,wc2026_official_squad_corrected,2.0,"ENG-Premier League, ESP-La Liga",2526,"Girona, Wolves",2536,29,,2,1,2,22,10,,,,,21,21,33,35,7,6,1,,,,0.07097791798107256,0.03548895899053628,0.07097791798107256,0.7807570977917981,0.3548895899053628,,,,,0.7452681388012619,0.7452681388012619,1.1711356466876972,1.2421135646687698,0.24842271293375395,0.21293375394321767,0.03548895899053628,,,,1.029179810725552,,True,True,True,True,True,False,False
czech_republic_robin_hranac,team_czech_republic,Czech Republic,Robin Hranac,robin hranac,TSG Hoffenheim (GER),tsg hoffenheim ger,Defender,,,,False,wc2026_official_squad_corrected,1.0,GER-Bundesliga,2526,Hoffenheim,2251,26,,1,0,1,8,3,,,,,15,15,20,26,10,5,0,,,,0.039982230119946685,0.0,0.039982230119946685,0.3198578409595735,0.11994669035984007,,,,,0.5997334517992003,0.5997334517992003,0.7996446023989338,1.0395379831186138,0.3998223011994669,0.19991115059973344,0.0,,,,1.0395379831186138,,True,True,True,True,True,False,False
czech_republic_stepan_chaloupek,team_czech_republic,Czech Republic,Stepan Chaloupek,stepan chaloupek,SK Slavia Praha (CZE),sk slavia praha cze,Defender,,,,False,wc2026_official_squad_corrected,,,,,,,,,,,,,,,,,,,,,,,,,,,,,,,,,,,,,,,,,,,,,,,,,False,False,False,False,False,False
czech_republic_tomas_holes,team_czech_republic,Czech Republic,Tomas Holes,tomas holes,SK Slavia Praha (CZE),sk slavia praha cze,Defender,,,,False,wc2026_official_squad_corrected,,,,,,,,,,,,,,,,,,,,,,,,,,,,,,,,,,,,,,,,,,,,,,,,,False,False,False,False,False,False
czech_republic_vladimir_coufal,team_czech_republic,Czech Republic,Vladimir Coufal,vladimir coufal,TSG Hoffenheim (GER),tsg hoffenheim ger,Defender,,,,False,wc2026_official_squad_corrected,1.0,GER-Bundesliga,2526,Hoffenheim,3012,34,,1,8,1,26,6,,,,,35,35,39,32,42,4,0,,,,0.0298804780876494,0.2390438247011952,0.0298804780876494,0.7768924302788844,0.1792828685258964,,,,,1.045816733067729,1.045816733067729,1.1653386454183265,0.9561752988047808,1.254980079681275,0.1195219123505976,0.0,,,,1.0159362549800797,,True,True,True,True,True,False,False
czech_republic_adam_hlozek,team_czech_republic,Czech Republic,Adam Hlozek,adam hlozek,TSG Hoffenheim (GER),tsg hoffenheim ger,Forward,,,,False,wc2026_official_squad_corrected,1.0,GER-Bundesliga,2526,Hoffenheim,41,0,,0,0,0,3,1,,,,,0,0,0,0,1,0,0,,,,0.0,0.0,0.0,6.585365853658537,2.1951219512195124,,,,,0.0,0.0,0.0,0.0,2.1951219512195124,0.0,0.0,,,,0.0,,False,True,False,False,False,False,False
czech_republic_denis_visinsky,team_czech_republic,Czech Republic,Denis Visinsky,denis visinsky,FC Viktoria Plzeň (CZE),fc viktoria plzen cze,Forward,,,,False,wc2026_official_squad_corrected,,,,,,,,,,,,,,,,,,,,,,,,,,,,,,,,,,,,,,,,,,,,,,,,,False,False,False,False,False,False
czech_republic_jan_kuchta,team_czech_republic,Czech Republic,Jan Kuchta,jan kuchta,AC Sparta Praha (CZE),ac sparta praha cze,Forward,,,,False,wc2026_official_squad_corrected,,,,,,,,,,,,,,,,,,,,,,,,,,,,,,,,,,,,,,,,,,,,,,,,,False,False,False,False,False,False
czech_republic_mojmir_chytil,team_czech_republic,Czech Republic,Mojmir Chytil,mojmir chytil,SK Slavia Praha (CZE),sk slavia praha cze,Forward,,,,False,wc2026_official_squad_corrected,,,,,,,,,,,,,,,,,,,,,,,,,,,,,,,,,,,,,,,,,,,,,,,,,False,False,False,False,False,False
czech_republic_patrik_schick,team_czech_republic,Czech Republic,Patrik Schick,patrik schick,Bayer 04 Leverkusen (GER),bayer 04 leverkusen ger,Forward,,,,False,wc2026_official_squad_corrected,1.0,GER-Bundesliga,2526,Leverkusen,1988,23,,16,3,12,72,34,,,,,4,4,3,22,20,2,0,,,,0.7243460764587525,0.1358148893360161,0.5432595573440644,3.2595573440643864,1.539235412474849,,,,,0.18108651911468812,0.18108651911468812,0.1358148893360161,0.9959758551307847,0.9054325955734407,0.09054325955734406,0.0,,,,1.0412474849094568,,True,True,True,True,True,False,False
czech_republic_pavel_sulc,team_czech_republic,Czech Republic,Pavel Sulc,pavel sulc,Olympique Lyonnais (FRA),olympique lyonnais fra,Forward,,,,False,wc2026_official_squad_corrected,1.0,FRA-Ligue 1,2526,Lyon,1566,17,,11,3,11,44,18,,,,,13,13,6,28,15,3,0,,,,0.632183908045977,0.1724137931034483,0.632183908045977,2.528735632183908,1.0344827586206897,,,,,0.7471264367816093,0.7471264367816093,0.3448275862068966,1.6091954022988506,0.8620689655172414,0.1724137931034483,0.0,,,,0.9770114942528736,,True,True,True,True,True,False,False
czech_republic_tomas_chory,team_czech_republic,Czech Republic,Tomas Chory,tomas chory,SK Slavia Praha (CZE),sk slavia praha cze,Forward,,,,False,wc2026_official_squad_corrected,,,,,,,,,,,,,,,,,,,,,,,,,,,,,,,,,,,,,,,,,,,,,,,,,False,False,False,False,False,False
czech_republic_jindrich_stanek,team_czech_republic,Czech Republic,Jindrich Stanek,jindrich stanek,SK Slavia Praha (CZE),sk slavia praha cze,Goalkeeper,,,,False,wc2026_official_squad_corrected,,,,,,,,,,,,,,,,,,,,,,,,,,,,,,,,,,,,,,,,,,,,,,,,,False,False,False,False,False,False
czech_republic_lukas_hornicek,team_czech_republic,Czech Republic,Lukas Hornicek,lukas hornicek,SC Braga (POR),sc braga por,Goalkeeper,,,,False,wc2026_official_squad_corrected,1.0,POR-Primeira Liga,2526,Braga,2959,33,12,0,0,0,0,0,,,,,0,0,0,0,5,3,0,72,33,,0.0,0.0,0.0,0.0,0.0,,,,,0.0,0.0,0.0,0.0,0.15207840486650895,0.09124704291990536,0.0,2.189929030077729,1.003717472118959,,1.003717472118959,0.36498817167962144,True,True,True,False,False,True,False
czech_republic_matej_kovar,team_czech_republic,Czech Republic,Matej Kovar,matej kovar,PSV Eindhoven (NED),psv eindhoven ned,Goalkeeper,,,,False,wc2026_official_squad_corrected,1.0,NED-Eredivisie,2526,PSV,2790,31,7,0,0,0,0,0,,,,,0,0,1,1,5,0,0,85,41,,0.0,0.0,0.0,0.0,0.0,,,,,0.0,0.0,0.03225806451612903,0.03225806451612903,0.16129032258064516,0.0,0.0,2.7419354838709675,1.3225806451612903,,1.0,0.22580645161290322,True,True,True,False,False,True,False
czech_republic_alexandr_sojka,team_czech_republic,Czech Republic,Alexandr Sojka,alexandr sojka,FC Viktoria Plzeň (CZE),fc viktoria plzen cze,Midfielder,,,,False,wc2026_official_squad_corrected,,,,,,,,,,,,,,,,,,,,,,,,,,,,,,,,,,,,,,,,,,,,,,,,,False,False,False,False,False,False
czech_republic_hugo_sochurek,team_czech_republic,Czech Republic,Hugo Sochurek,hugo sochurek,AC Sparta Praha (CZE),ac sparta praha cze,Midfielder,,,,False,wc2026_official_squad_corrected,,,,,,,,,,,,,,,,,,,,,,,,,,,,,,,,,,,,,,,,,,,,,,,,,False,False,False,False,False,False
czech_republic_lukas_cerv,team_czech_republic,Czech Republic,Lukas Cerv,lukas cerv,FC Viktoria Plzeň (CZE),fc viktoria plzen cze,Midfielder,,,,False,wc2026_official_squad_corrected,,,,,,,,,,,,,,,,,,,,,,,,,,,,,,,,,,,,,,,,,,,,,,,,,False,False,False,False,False,False
czech_republic_lukas_provod,team_czech_republic,Czech Republic,Lukas Provod,lukas provod,SK Slavia Praha (CZE),sk slavia praha cze,Midfielder,,,,False,wc2026_official_squad_corrected,,,,,,,,,,,,,,,,,,,,,,,,,,,,,,,,,,,,,,,,,,,,,,,,,False,False,False,False,False,False
czech_republic_michal_sadilek,team_czech_republic,Czech Republic,Michal Sadilek,michal sadilek,SK Slavia Praha (CZE),sk slavia praha cze,Midfielder,,,,False,wc2026_official_squad_corrected,,,,,,,,,,,,,,,,,,,,,,,,,,,,,,,,,,,,,,,,,,,,,,,,,False,False,False,False,False,False
czech_republic_tomas_soucek,team_czech_republic,Czech Republic,Tomas Soucek,tomas soucek,West Ham United FC (ENG),west ham united fc eng,Midfielder,,,,False,wc2026_official_squad_corrected,1.0,ENG-Premier League,2526,West Ham United,2200,24,,5,0,5,26,14,,,,,23,23,16,37,22,3,1,,,,0.20454545454545456,0.0,0.20454545454545456,1.0636363636363637,0.5727272727272728,,,,,0.9409090909090909,0.9409090909090909,0.6545454545454545,1.5136363636363637,0.9,0.12272727272727274,0.04090909090909091,,,,0.9818181818181819,,True,True,True,True,True,False,False
czech_republic_vladimir_darida,team_czech_republic,Czech Republic,Vladimir Darida,vladimir darida,FC Hradec Králové (CZE),fc hradec kralove cze,Midfielder,,,,False,wc2026_official_squad_corrected,,,,,,,,,,,,,,,,,,,,,,,,,,,,,,,,,,,,,,,,,,,,,,,,,False,False,False,False,False,False
dr_congo_aaron_wan_bissaka,team_dr_congo,DR Congo,Aaron Wan-Bissaka,aaron wan bissaka,West Ham United FC (ENG),west ham united fc eng,Defender,,,,False,wc2026_official_squad_corrected,1.0,ENG-Premier League,2526,West Ham United,2081,23,,0,2,0,0,0,,,,,24,24,41,23,12,4,0,,,,0.0,0.08649687650168188,0.0,0.0,0.0,,,,,1.0379625180201826,1.0379625180201826,1.7731859682844786,0.9947140797693416,0.5189812590100913,0.17299375300336375,0.0,,,,0.9947140797693416,,True,True,True,True,True,False,False
dr_congo_arthur_masuaku,team_dr_congo,DR Congo,Arthur Masuaku,arthur masuaku,RC Lens (FRA),rc lens fra,Defender,,,,False,wc2026_official_squad_corrected,2.0,"ENG-Premier League, FRA-Ligue 1",2526,"Lens, Sunderland",353,5,,0,0,0,2,1,,,,,5,5,3,5,1,2,0,,,,0.0,0.0,0.0,0.509915014164306,0.254957507082153,,,,,1.274787535410765,1.274787535410765,0.764872521246459,1.274787535410765,0.254957507082153,0.509915014164306,0.0,,,,1.274787535410765,,False,True,False,False,False,False,False
dr_congo_axel_tuanzebe,team_dr_congo,DR Congo,Axel Tuanzebe,axel tuanzebe,Burnley FC (ENG),burnley fc eng,Defender,,,,False,wc2026_official_squad_corrected,1.0,ENG-Premier League,2526,Burnley,1201,14,,1,0,1,2,1,,,,,8,8,12,13,2,1,0,,,,0.07493755203996669,0.0,0.07493755203996669,0.14987510407993337,0.07493755203996669,,,,,0.5995004163197335,0.5995004163197335,0.8992506244796002,0.974188176519567,0.14987510407993337,0.07493755203996669,0.0,,,,1.0491257285595337,,True,True,True,True,True,False,False
dr_congo_chancel_mbemba,team_dr_congo,DR Congo,Chancel Mbemba,chancel mbemba,Lille OSC (FRA),lille osc fra,Defender,,,,False,wc2026_official_squad_corrected,1.0,FRA-Ligue 1,2526,Lille,954,9,,0,0,0,7,3,,,,,8,8,13,10,6,3,0,,,,0.0,0.0,0.0,0.6603773584905661,0.2830188679245283,,,,,0.7547169811320755,0.7547169811320755,1.2264150943396226,0.9433962264150944,0.5660377358490566,0.2830188679245283,0.0,,,,0.8490566037735849,,True,True,True,True,True,False,False
dr_congo_dylan_batubinsika,team_dr_congo,DR Congo,Dylan Batubinsika,dylan batubinsika,AEL FC (GRE),ael fc gre,Defender,,,,False,wc2026_official_squad_corrected,,,,,,,,,,,,,,,,,,,,,,,,,,,,,,,,,,,,,,,,,,,,,,,,,False,False,False,False,False,False
dr_congo_gedeon_kalulu,team_dr_congo,DR Congo,Gedeon Kalulu,gedeon kalulu,Aris Limassol FC (CYP),aris limassol fc cyp,Defender,,,,False,wc2026_official_squad_corrected,,,,,,,,,,,,,,,,,,,,,,,,,,,,,,,,,,,,,,,,,,,,,,,,,False,False,False,False,False,False
dr_congo_joris_kayembe,team_dr_congo,DR Congo,Joris Kayembe,joris kayembe,KRC Genk (BEL),krc genk bel,Defender,,,,False,wc2026_official_squad_corrected,1.0,BEL-Belgian Pro League,2526,Genk,2106,23,,0,1,0,13,2,,,,,31,31,26,22,19,5,0,,,,0.0,0.042735042735042736,0.0,0.5555555555555556,0.08547008547008547,,,,,1.324786324786325,1.324786324786325,1.1111111111111112,0.9401709401709403,0.811965811965812,0.2136752136752137,0.0,,,,0.982905982905983,,True,True,True,True,True,False,False
dr_congo_steve_kapuadi,team_dr_congo,DR Congo,Steve Kapuadi,steve kapuadi,Widzew Łódź (POL),widzew odz pol,Defender,,,,False,wc2026_official_squad_corrected,,,,,,,,,,,,,,,,,,,,,,,,,,,,,,,,,,,,,,,,,,,,,,,,,False,False,False,False,False,False
dr_congo_brian_cipenga,team_dr_congo,DR Congo,Brian Cipenga,brian cipenga,CD Castellón (ESP),cd castellon esp,Forward,,,,False,wc2026_official_squad_corrected,,,,,,,,,,,,,,,,,,,,,,,,,,,,,,,,,,,,,,,,,,,,,,,,,False,False,False,False,False,False
dr_congo_cedric_bakambu,team_dr_congo,DR Congo,Cedric Bakambu,cedric bakambu,Real Betis (ESP),real betis esp,Forward,,,,False,wc2026_official_squad_corrected,1.0,ESP-La Liga,2526,Real Betis,569,5,,3,1,3,21,9,,,,,2,2,2,11,9,1,0,,,,0.47451669595782076,0.15817223198594024,0.47451669595782076,3.3216168717047454,1.4235500878734624,,,,,0.3163444639718805,0.3163444639718805,0.3163444639718805,1.7398945518453428,1.4235500878734624,0.15817223198594024,0.0,,,,0.7908611599297013,,True,True,True,True,True,False,False
dr_congo_fiston_mayele,team_dr_congo,DR Congo,Fiston Mayele,fiston mayele,Pyramids FC (EGY),pyramids fc egy,Forward,,,,False,wc2026_official_squad_corrected,,,,,,,,,,,,,,,,,,,,,,,,,,,,,,,,,,,,,,,,,,,,,,,,,False,False,False,False,False,False
dr_congo_gael_kakuta,team_dr_congo,DR Congo,Gael Kakuta,gael kakuta,AEL FC (GRE),ael fc gre,Forward,,,,False,wc2026_official_squad_corrected,,,,,,,,,,,,,,,,,,,,,,,,,,,,,,,,,,,,,,,,,,,,,,,,,False,False,False,False,False,False
dr_congo_meschack_elia,team_dr_congo,DR Congo,Meschack Elia,meschack elia,Alanyaspor (TUR),alanyaspor tur,Forward,,,,False,wc2026_official_squad_corrected,,,,,,,,,,,,,,,,,,,,,,,,,,,,,,,,,,,,,,,,,,,,,,,,,False,False,False,False,False,False
dr_congo_simon_banza,team_dr_congo,DR Congo,Simon Banza,simon banza,Al Jazira (UAE),al jazira uae,Forward,,,,False,wc2026_official_squad_corrected,,,,,,,,,,,,,,,,,,,,,,,,,,,,,,,,,,,,,,,,,,,,,,,,,False,False,False,False,False,False
dr_congo_yoane_wissa,team_dr_congo,DR Congo,Yoane Wissa,yoane wissa,Newcastle United FC (ENG),newcastle united fc eng,Forward,,,,False,wc2026_official_squad_corrected,1.0,ENG-Premier League,2526,Newcastle United,531,4,,1,0,1,13,5,,,,,5,5,0,6,2,3,0,,,,0.1694915254237288,0.0,0.1694915254237288,2.2033898305084745,0.847457627118644,,,,,0.847457627118644,0.847457627118644,0.0,1.0169491525423728,0.3389830508474576,0.5084745762711864,0.0,,,,0.6779661016949152,,True,True,True,True,True,False,False
dr_congo_lionel_mpasi,team_dr_congo,DR Congo,Lionel Mpasi,lionel mpasi,Le Havre AC (FRA),le havre ac fra,Goalkeeper,,,,False,wc2026_official_squad_corrected,1.0,FRA-Ligue 1,2526,Le Havre,315,3,1,0,0,0,0,0,,,,,0,0,0,0,1,1,0,15,2,,0.0,0.0,0.0,0.0,0.0,,,,,0.0,0.0,0.0,0.0,0.2857142857142857,0.2857142857142857,0.0,4.285714285714286,0.5714285714285714,,0.8571428571428571,0.2857142857142857,False,True,False,False,False,False,False
dr_congo_matthieu_epolo,team_dr_congo,DR Congo,Matthieu Epolo,matthieu epolo,Standard Liège (BEL),standard liege bel,Goalkeeper,,,,False,wc2026_official_squad_corrected,1.0,BEL-Belgian Pro League,2526,Standard Liège,2610,29,8,0,0,0,1,0,,,,,0,0,0,0,8,1,0,101,35,,0.0,0.0,0.0,0.034482758620689655,0.0,,,,,0.0,0.0,0.0,0.0,0.27586206896551724,0.034482758620689655,0.0,3.4827586206896552,1.206896551724138,,1.0,0.27586206896551724,True,True,True,False,False,True,False
dr_congo_timothy_fayulu,team_dr_congo,DR Congo,Timothy Fayulu,timothy fayulu,FC Noah (ARM),fc noah arm,Goalkeeper,,,,False,wc2026_official_squad_corrected,,,,,,,,,,,,,,,,,,,,,,,,,,,,,,,,,,,,,,,,,,,,,,,,,False,False,False,False,False,False
dr_congo_aaron_tshibola,team_dr_congo,DR Congo,Aaron Tshibola,aaron tshibola,Kilmarnock FC (SCO),kilmarnock fc sco,Midfielder,,,,False,wc2026_official_squad_corrected,,,,,,,,,,,,,,,,,,,,,,,,,,,,,,,,,,,,,,,,,,,,,,,,,False,False,False,False,False,False
dr_congo_charles_pickel,team_dr_congo,DR Congo,Charles Pickel,charles pickel,RCD Espanyol (ESP),rcd espanyol esp,Midfielder,,,,False,wc2026_official_squad_corrected,1.0,ESP-La Liga,2526,Espanyol,707,4,,1,0,1,10,4,,,,,6,6,6,14,2,4,2,,,,0.1272984441301273,0.0,0.1272984441301273,1.272984441301273,0.5091937765205092,,,,,0.7637906647807639,0.7637906647807639,0.7637906647807639,1.7821782178217822,0.2545968882602546,0.5091937765205092,0.2545968882602546,,,,0.5091937765205092,,True,True,True,True,True,False,False
dr_congo_edo_kayembe,team_dr_congo,DR Congo,Edo Kayembe,edo kayembe,Watford FC (ENG),watford fc eng,Midfielder,,,,False,wc2026_official_squad_corrected,,,,,,,,,,,,,,,,,,,,,,,,,,,,,,,,,,,,,,,,,,,,,,,,,False,False,False,False,False,False
dr_congo_nathanael_mbuku,team_dr_congo,DR Congo,Nathanael Mbuku,nathanael mbuku,Montpellier HSC (FRA),montpellier hsc fra,Midfielder,,,,False,wc2026_official_squad_corrected,,,,,,,,,,,,,,,,,,,,,,,,,,,,,,,,,,,,,,,,,,,,,,,,,False,False,False,False,False,False
dr_congo_ngalayel_mukau,team_dr_congo,DR Congo,Ngalayel Mukau,ngalayel mukau,Lille OSC (FRA),lille osc fra,Midfielder,,,,False,wc2026_official_squad_corrected,,,,,,,,,,,,,,,,,,,,,,,,,,,,,,,,,,,,,,,,,,,,,,,,,False,False,False,False,False,False
dr_congo_noah_sadiki,team_dr_congo,DR Congo,Noah Sadiki,noah sadiki,Sunderland AFC (ENG),sunderland afc eng,Midfielder,,,,False,wc2026_official_squad_corrected,1.0,ENG-Premier League,2526,Sunderland,2889,33,,0,1,0,19,5,,,,,26,26,33,31,40,9,0,,,,0.0,0.03115264797507788,0.0,0.5919003115264797,0.1557632398753894,,,,,0.8099688473520249,0.8099688473520249,1.02803738317757,0.9657320872274143,1.2461059190031152,0.2803738317757009,0.0,,,,1.02803738317757,,True,True,True,True,True,False,False
dr_congo_samuel_moutoussamy,team_dr_congo,DR Congo,Samuel Moutoussamy,samuel moutoussamy,Atromitos FC (GRE),atromitos fc gre,Midfielder,,,,False,wc2026_official_squad_corrected,,,,,,,,,,,,,,,,,,,,,,,,,,,,,,,,,,,,,,,,,,,,,,,,,False,False,False,False,False,False
dr_congo_theo_bongonda,team_dr_congo,DR Congo,Theo Bongonda,theo bongonda,FC Spartak Moscow (RUS),fc spartak moscow rus,Midfielder,,,,False,wc2026_official_squad_corrected,,,,,,,,,,,,,,,,,,,,,,,,,,,,,,,,,,,,,,,,,,,,,,,,,False,False,False,False,False,False
ecuador_angelo_preciado,team_ecuador,Ecuador,Angelo Preciado,angelo preciado,Atlético Mineiro (BRA),atletico mineiro bra,Defender,,,,False,wc2026_official_squad_corrected,,,,,,,,,,,,,,,,,,,,,,,,,,,,,,,,,,,,,,,,,,,,,,,,,False,False,False,False,False,False
ecuador_felix_torres,team_ecuador,Ecuador,Felix Torres,felix torres,SC Internacional (BRA),sc internacional bra,Defender,,,,False,wc2026_official_squad_corrected,,,,,,,,,,,,,,,,,,,,,,,,,,,,,,,,,,,,,,,,,,,,,,,,,False,False,False,False,False,False
ecuador_jackson_porozo,team_ecuador,Ecuador,Jackson Porozo,jackson porozo,Club Tijuana (MEX),club tijuana mex,Defender,,,,False,wc2026_official_squad_corrected,,,,,,,,,,,,,,,,,,,,,,,,,,,,,,,,,,,,,,,,,,,,,,,,,False,False,False,False,False,False
ecuador_joel_ordonez,team_ecuador,Ecuador,Joel Ordonez,joel ordonez,Club Brugge (BEL),club brugge bel,Defender,,,,False,wc2026_official_squad_corrected,1.0,BEL-Belgian Pro League,2526,Club Brugge,2666,30,,3,0,3,16,4,,,,,28,28,25,38,17,4,2,,,,0.10127531882970742,0.0,0.10127531882970742,0.5401350337584396,0.1350337584396099,,,,,0.9452363090772693,0.9452363090772693,0.8439609902475619,1.282820705176294,0.5738934733683421,0.1350337584396099,0.06751687921980495,,,,1.0127531882970742,,True,True,True,True,True,False,False
ecuador_pervis_estupinan,team_ecuador,Ecuador,Pervis Estupinan,pervis estupinan,AC Milan (ITA),ac milan ita,Defender,,,,False,wc2026_official_squad_corrected,1.0,ITA-Serie A,2526,Milan,1034,13,,1,1,1,9,1,,,,,9,9,11,17,8,5,1,,,,0.08704061895551257,0.08704061895551257,0.08704061895551257,0.7833655705996132,0.08704061895551257,,,,,0.7833655705996132,0.7833655705996132,0.9574468085106383,1.4796905222437138,0.6963249516441006,0.43520309477756286,0.08704061895551257,,,,1.1315280464216635,,True,True,True,True,True,False,False
ecuador_piero_hincapie,team_ecuador,Ecuador,Piero Hincapie,piero hincapie,Arsenal FC (ENG),arsenal fc eng,Defender,,,,False,wc2026_official_squad_corrected,2.0,"ENG-Premier League, GER-Bundesliga",2526,"Arsenal, Leverkusen",1882,21,,1,2,1,5,3,,,,,26,26,28,20,14,2,0,,,,0.04782146652497343,0.09564293304994687,0.04782146652497343,0.23910733262486716,0.1434643995749203,,,,,1.2433581296493093,1.2433581296493093,1.3390010626992561,0.9564293304994687,0.6695005313496281,0.09564293304994687,0.0,,,,1.004250797024442,,True,True,True,True,True,False,False
ecuador_willian_pacho,team_ecuador,Ecuador,Willian Pacho,willian pacho,Paris Saint-Germain (FRA),paris saint germain fra,Defender,,,,False,wc2026_official_squad_corrected,1.0,FRA-Ligue 1,2526,Paris Saint-Germain,1914,21,,0,0,0,8,1,,,,,26,26,26,6,7,0,0,,,,0.0,0.0,0.0,0.3761755485893417,0.047021943573667714,,,,,1.2225705329153607,1.2225705329153607,1.2225705329153607,0.2821316614420063,0.329153605015674,0.0,0.0,,,,0.987460815047022,,True,True,True,True,True,False,False
ecuador_yaimar_medina,team_ecuador,Ecuador,Yaimar Medina,yaimar medina,KRC Genk (BEL),krc genk bel,Defender,,,,False,wc2026_official_squad_corrected,1.0,BEL-Belgian Pro League,2526,Genk,1528,18,,0,3,0,27,11,,,,,17,17,13,16,29,4,0,,,,0.0,0.17670157068062828,0.0,1.5903141361256545,0.6479057591623036,,,,,1.0013089005235603,1.0013089005235603,0.7657068062827225,0.9424083769633508,1.7081151832460733,0.2356020942408377,0.0,,,,1.0602094240837696,,True,True,True,True,True,False,False
ecuador_enner_valencia,team_ecuador,Ecuador,Enner Valencia,enner valencia,CF Pachuca (MEX),cf pachuca mex,Forward,,,,False,wc2026_official_squad_corrected,,,,,,,,,,,,,,,,,,,,,,,,,,,,,,,,,,,,,,,,,,,,,,,,,False,False,False,False,False,False
ecuador_gonzalo_plata,team_ecuador,Ecuador,Gonzalo Plata,gonzalo plata,CR Flamengo (BRA),cr flamengo bra,Forward,,,,False,wc2026_official_squad_corrected,,,,,,,,,,,,,,,,,,,,,,,,,,,,,,,,,,,,,,,,,,,,,,,,,False,False,False,False,False,False
ecuador_jeremy_arevalo,team_ecuador,Ecuador,Jeremy Arevalo,jeremy arevalo,VfB Stuttgart (GER),vfb stuttgart ger,Forward,,,,False,wc2026_official_squad_corrected,1.0,GER-Bundesliga,2526,Stuttgart,38,0,,0,0,0,3,1,,,,,0,0,0,0,3,0,0,,,,0.0,0.0,0.0,7.105263157894737,2.3684210526315788,,,,,0.0,0.0,0.0,0.0,7.105263157894737,0.0,0.0,,,,0.0,,False,True,False,False,False,False,False
ecuador_john_yeboah,team_ecuador,Ecuador,John Yeboah,john yeboah,Venezia FC (ITA),venezia fc ita,Forward,,,,False,wc2026_official_squad_corrected,,,,,,,,,,,,,,,,,,,,,,,,,,,,,,,,,,,,,,,,,,,,,,,,,False,False,False,False,False,False
ecuador_jordy_caicedo,team_ecuador,Ecuador,Jordy Caicedo,jordy caicedo,CA Huracán (ARG),ca huracan arg,Forward,,,,False,wc2026_official_squad_corrected,,,,,,,,,,,,,,,,,,,,,,,,,,,,,,,,,,,,,,,,,,,,,,,,,False,False,False,False,False,False
ecuador_kevin_rodriguez,team_ecuador,Ecuador,Kevin Rodriguez,kevin rodriguez,Royale Union Saint-Gilloise (BEL),royale union saint gilloise bel,Forward,,,,False,wc2026_official_squad_corrected,1.0,BEL-Belgian Pro League,2526,Union SG,1817,22,,10,2,10,78,31,,,,,12,12,5,32,45,2,0,,,,0.4953219592735278,0.09906439185470556,0.4953219592735278,3.8635112823335165,1.535498073747936,,,,,0.5943863511282333,0.5943863511282333,0.2476609796367639,1.585030269675289,2.228948816730875,0.09906439185470556,0.0,,,,1.089708310401761,,True,True,True,True,True,False,False
ecuador_nilson_angulo,team_ecuador,Ecuador,Nilson Angulo,nilson angulo,Sunderland AFC (ENG),sunderland afc eng,Forward,,,,False,wc2026_official_squad_corrected,2.0,"BEL-Belgian Pro League, ENG-Premier League",2526,"Anderlecht, Sunderland",2298,27,,6,5,6,40,19,,,,,43,43,21,42,42,5,1,,,,0.23498694516971277,0.19582245430809397,0.23498694516971277,1.5665796344647518,0.7441253263707571,,,,,1.6840731070496082,1.6840731070496082,0.8224543080939948,1.6449086161879896,1.6449086161879896,0.19582245430809397,0.03916449086161879,,,,1.0574412532637074,,True,True,True,True,True,False,False
ecuador_gonzalo_valle,team_ecuador,Ecuador,Gonzalo Valle,gonzalo valle,LDU Quito (ECU),ldu quito ecu,Goalkeeper,,,,False,wc2026_official_squad_corrected,,,,,,,,,,,,,,,,,,,,,,,,,,,,,,,,,,,,,,,,,,,,,,,,,False,False,False,False,False,False
ecuador_hernan_galindez,team_ecuador,Ecuador,Hernan Galindez,hernan galindez,CA Huracán (ARG),ca huracan arg,Goalkeeper,,,,False,wc2026_official_squad_corrected,,,,,,,,,,,,,,,,,,,,,,,,,,,,,,,,,,,,,,,,,,,,,,,,,False,False,False,False,False,False
ecuador_moises_ramirez,team_ecuador,Ecuador,Moises Ramirez,moises ramirez,AE Kifisia FC (GRE),ae kifisia fc gre,Goalkeeper,,,,False,wc2026_official_squad_corrected,,,,,,,,,,,,,,,,,,,,,,,,,,,,,,,,,,,,,,,,,,,,,,,,,False,False,False,False,False,False
ecuador_alan_franco,team_ecuador,Ecuador,Alan Franco,alan franco,Atlético Mineiro (BRA),atletico mineiro bra,Midfielder,,,,False,wc2026_official_squad_corrected,,,,,,,,,,,,,,,,,,,,,,,,,,,,,,,,,,,,,,,,,,,,,,,,,False,False,False,False,False,False
ecuador_alan_minda,team_ecuador,Ecuador,Alan Minda,alan minda,Atlético Mineiro (BRA),atletico mineiro bra,Midfielder,,,,False,wc2026_official_squad_corrected,1.0,BEL-Belgian Pro League,2526,Cercle Brugge,969,11,,3,2,3,26,12,,,,,2,2,4,3,10,0,0,,,,0.2786377708978328,0.18575851393188852,0.2786377708978328,2.414860681114551,1.1145510835913313,,,,,0.18575851393188852,0.18575851393188852,0.37151702786377705,0.2786377708978328,0.9287925696594427,0.0,0.0,,,,1.021671826625387,,True,True,True,True,True,False,False
ecuador_anthony_valencia,team_ecuador,Ecuador,Anthony Valencia,anthony valencia,Royal Antwerp FC (BEL),royal antwerp fc bel,Midfielder,,,,False,wc2026_official_squad_corrected,1.0,BEL-Belgian Pro League,2526,Antwerp,1329,12,,4,2,4,29,12,,,,,17,17,11,16,18,3,0,,,,0.27088036117381487,0.13544018058690743,0.27088036117381487,1.9638826185101579,0.8126410835214446,,,,,1.1512415349887133,1.1512415349887133,0.7449209932279909,1.0835214446952595,1.218961625282167,0.20316027088036115,0.0,,,,0.8126410835214446,,True,True,True,True,True,False,False
ecuador_denil_castillo,team_ecuador,Ecuador,Denil Castillo,denil castillo,FC Midtjylland (DEN),fc midtjylland den,Midfielder,,,,False,wc2026_official_squad_corrected,,,,,,,,,,,,,,,,,,,,,,,,,,,,,,,,,,,,,,,,,,,,,,,,,False,False,False,False,False,False
ecuador_jordy_alcivar,team_ecuador,Ecuador,Jordy Alcivar,jordy alcivar,Independiente Del Valle (ECU),independiente del valle ecu,Midfielder,,,,False,wc2026_official_squad_corrected,,,,,,,,,,,,,,,,,,,,,,,,,,,,,,,,,,,,,,,,,,,,,,,,,False,False,False,False,False,False
ecuador_kendry_paez,team_ecuador,Ecuador,Kendry Paez,kendry paez,CA River Plate (ARG),ca river plate arg,Midfielder,,,,False,wc2026_official_squad_corrected,1.0,FRA-Ligue 1,2526,Strasbourg,424,4,,1,0,1,10,4,,,,,4,4,3,7,3,0,0,,,,0.2122641509433962,0.0,0.2122641509433962,2.1226415094339623,0.8490566037735848,,,,,0.8490566037735848,0.8490566037735848,0.6367924528301887,1.4858490566037736,0.6367924528301887,0.0,0.0,,,,0.8490566037735848,,False,True,False,False,False,False,False
ecuador_moises_caicedo,team_ecuador,Ecuador,Moises Caicedo,moises caicedo,Chelsea FC (ENG),chelsea fc eng,Midfielder,,,,False,wc2026_official_squad_corrected,1.0,ENG-Premier League,2526,Chelsea,2795,32,,3,1,3,27,7,,,,,47,47,59,54,55,11,1,,,,0.09660107334525939,0.032200357781753126,0.09660107334525939,0.8694096601073344,0.2254025044722719,,,,,1.513416815742397,1.513416815742397,1.8998211091234347,1.738819320214669,1.771019677996422,0.3542039355992844,0.032200357781753126,,,,1.0304114490161,,True,True,True,True,True,False,False
ecuador_pedro_vite,team_ecuador,Ecuador,Pedro Vite,pedro vite,Pumas UNAM (MEX),pumas unam mex,Midfielder,,,,False,wc2026_official_squad_corrected,,,,,,,,,,,,,,,,,,,,,,,,,,,,,,,,,,,,,,,,,,,,,,,,,False,False,False,False,False,False
egypt_ahmed_fatouh,team_egypt,Egypt,Ahmed Fatouh,ahmed fatouh,Zamalek SC (EGY),zamalek sc egy,Defender,,,,False,wc2026_official_squad_corrected,,,,,,,,,,,,,,,,,,,,,,,,,,,,,,,,,,,,,,,,,,,,,,,,,False,False,False,False,False,False
egypt_hossam_abdelmaguid,team_egypt,Egypt,Hossam Abdelmaguid,hossam abdelmaguid,Zamalek SC (EGY),zamalek sc egy,Defender,,,,False,wc2026_official_squad_corrected,,,,,,,,,,,,,,,,,,,,,,,,,,,,,,,,,,,,,,,,,,,,,,,,,False,False,False,False,False,False
egypt_karim_hafez,team_egypt,Egypt,Karim Hafez,karim hafez,Pyramids FC (EGY),pyramids fc egy,Defender,,,,False,wc2026_official_squad_corrected,,,,,,,,,,,,,,,,,,,,,,,,,,,,,,,,,,,,,,,,,,,,,,,,,False,False,False,False,False,False
egypt_mohamed_abdelmoneim,team_egypt,Egypt,Mohamed Abdelmoneim,mohamed abdelmoneim,OGC Nice (FRA),ogc nice fra,Defender,,,,False,wc2026_official_squad_corrected,,,,,,,,,,,,,,,,,,,,,,,,,,,,,,,,,,,,,,,,,,,,,,,,,False,False,False,False,False,False
egypt_mohamed_hany,team_egypt,Egypt,Mohamed Hany,mohamed hany,Al Ahly FC (EGY),al ahly fc egy,Defender,,,,False,wc2026_official_squad_corrected,,,,,,,,,,,,,,,,,,,,,,,,,,,,,,,,,,,,,,,,,,,,,,,,,False,False,False,False,False,False
egypt_ramy_rabia,team_egypt,Egypt,Ramy Rabia,ramy rabia,Al Ain FC (UAE),al ain fc uae,Defender,,,,False,wc2026_official_squad_corrected,,,,,,,,,,,,,,,,,,,,,,,,,,,,,,,,,,,,,,,,,,,,,,,,,False,False,False,False,False,False
egypt_tarek_alaa,team_egypt,Egypt,Tarek Alaa,tarek alaa,ZED FC (EGY),zed fc egy,Defender,,,,False,wc2026_official_squad_corrected,,,,,,,,,,,,,,,,,,,,,,,,,,,,,,,,,,,,,,,,,,,,,,,,,False,False,False,False,False,False
egypt_yasser_ibrahim,team_egypt,Egypt,Yasser Ibrahim,yasser ibrahim,Al Ahly FC (EGY),al ahly fc egy,Defender,,,,False,wc2026_official_squad_corrected,,,,,,,,,,,,,,,,,,,,,,,,,,,,,,,,,,,,,,,,,,,,,,,,,False,False,False,False,False,False
egypt_haissem_hassan,team_egypt,Egypt,Haissem Hassan,haissem hassan,Real Oviedo (ESP),real oviedo esp,Forward,,,,False,wc2026_official_squad_corrected,1.0,ESP-La Liga,2526,Oviedo,1942,20,,0,3,0,34,8,,,,,26,26,6,12,25,1,0,,,,0.0,0.13903192584963953,0.0,1.575695159629248,0.3707518022657054,,,,,1.2049433573635426,1.2049433573635426,0.27806385169927905,0.5561277033985581,1.1585993820803295,0.04634397528321318,0.0,,,,0.9268795056642636,,True,True,True,True,True,False,False
egypt_hamza_abdelkarim,team_egypt,Egypt,Hamza Abdelkarim,hamza abdelkarim,FC Barcelona (ESP),fc barcelona esp,Forward,,,,False,wc2026_official_squad_corrected,,,,,,,,,,,,,,,,,,,,,,,,,,,,,,,,,,,,,,,,,,,,,,,,,False,False,False,False,False,False
egypt_ibrahim_adel,team_egypt,Egypt,Ibrahim Adel,ibrahim adel,FC Nordsjælland (DEN),fc nordsj lland den,Forward,,,,False,wc2026_official_squad_corrected,,,,,,,,,,,,,,,,,,,,,,,,,,,,,,,,,,,,,,,,,,,,,,,,,False,False,False,False,False,False
egypt_mohamed_salah,team_egypt,Egypt,Mohamed Salah,mohamed salah,Liverpool FC (ENG),liverpool fc eng,Forward,,,,False,wc2026_official_squad_corrected,1.0,ENG-Premier League,2526,Liverpool,2146,23,,7,7,6,68,19,,,,,12,12,3,10,16,1,0,,,,0.293569431500466,0.293569431500466,0.2516309412861137,2.851817334575955,0.7968313140726934,,,,,0.5032618825722274,0.5032618825722274,0.12581547064305684,0.4193849021435228,0.6710158434296365,0.04193849021435228,0.0,,,,0.9645852749301025,,True,True,True,True,True,False,False
egypt_omar_marmoush,team_egypt,Egypt,Omar Marmoush,omar marmoush,Manchester City FC (ENG),manchester city fc eng,Forward,,,,False,wc2026_official_squad_corrected,1.0,ENG-Premier League,2526,Manchester City,700,8,,3,3,3,30,9,,,,,8,8,2,10,21,3,0,,,,0.38571428571428573,0.38571428571428573,0.38571428571428573,3.857142857142857,1.1571428571428573,,,,,1.0285714285714287,1.0285714285714287,0.2571428571428572,1.2857142857142858,2.7,0.38571428571428573,0.0,,,,1.0285714285714287,,True,True,True,True,True,False,False
egypt_trezeguet,team_egypt,Egypt,Trezeguet,trezeguet,Al Ahly FC (EGY),al ahly fc egy,Forward,,,,False,wc2026_official_squad_corrected,,,,,,,,,,,,,,,,,,,,,,,,,,,,,,,,,,,,,,,,,,,,,,,,,False,False,False,False,False,False
egypt_zizo,team_egypt,Egypt,Zizo,zizo,Al Ahly FC (EGY),al ahly fc egy,Forward,,,,False,wc2026_official_squad_corrected,,,,,,,,,,,,,,,,,,,,,,,,,,,,,,,,,,,,,,,,,,,,,,,,,False,False,False,False,False,False
egypt_mahdy_soliman,team_egypt,Egypt,Mahdy Soliman,mahdy soliman,Zamalek SC (EGY),zamalek sc egy,Goalkeeper,,,,False,wc2026_official_squad_corrected,,,,,,,,,,,,,,,,,,,,,,,,,,,,,,,,,,,,,,,,,,,,,,,,,False,False,False,False,False,False
egypt_mohamed_alaa,team_egypt,Egypt,Mohamed Alaa,mohamed alaa,El Gouna FC (EGY),el gouna fc egy,Goalkeeper,,,,False,wc2026_official_squad_corrected,,,,,,,,,,,,,,,,,,,,,,,,,,,,,,,,,,,,,,,,,,,,,,,,,False,False,False,False,False,False
egypt_mohamed_elshenawy,team_egypt,Egypt,Mohamed Elshenawy,mohamed elshenawy,Al Ahly FC (EGY),al ahly fc egy,Goalkeeper,,,,False,wc2026_official_squad_corrected,,,,,,,,,,,,,,,,,,,,,,,,,,,,,,,,,,,,,,,,,,,,,,,,,False,False,False,False,False,False
egypt_mostafa_shoubir,team_egypt,Egypt,Mostafa Shoubir,mostafa shoubir,Al Ahly FC (EGY),al ahly fc egy,Goalkeeper,,,,False,wc2026_official_squad_corrected,,,,,,,,,,,,,,,,,,,,,,,,,,,,,,,,,,,,,,,,,,,,,,,,,False,False,False,False,False,False
egypt_emam_ashour,team_egypt,Egypt,Emam Ashour,emam ashour,Al Ahly FC (EGY),al ahly fc egy,Midfielder,,,,False,wc2026_official_squad_corrected,,,,,,,,,,,,,,,,,,,,,,,,,,,,,,,,,,,,,,,,,,,,,,,,,False,False,False,False,False,False
egypt_hamdy_fathy,team_egypt,Egypt,Hamdy Fathy,hamdy fathy,Al Wakrah SC (QAT),al wakrah sc qat,Midfielder,,,,False,wc2026_official_squad_corrected,,,,,,,,,,,,,,,,,,,,,,,,,,,,,,,,,,,,,,,,,,,,,,,,,False,False,False,False,False,False
egypt_mahmoud_saber,team_egypt,Egypt,Mahmoud Saber,mahmoud saber,ZED FC (EGY),zed fc egy,Midfielder,,,,False,wc2026_official_squad_corrected,,,,,,,,,,,,,,,,,,,,,,,,,,,,,,,,,,,,,,,,,,,,,,,,,False,False,False,False,False,False
egypt_marawan_attia,team_egypt,Egypt,Marawan Attia,marawan attia,Al Ahly FC (EGY),al ahly fc egy,Midfielder,,,,False,wc2026_official_squad_corrected,,,,,,,,,,,,,,,,,,,,,,,,,,,,,,,,,,,,,,,,,,,,,,,,,False,False,False,False,False,False
egypt_mohanad_lashin,team_egypt,Egypt,Mohanad Lashin,mohanad lashin,Pyramids FC (EGY),pyramids fc egy,Midfielder,,,,False,wc2026_official_squad_corrected,,,,,,,,,,,,,,,,,,,,,,,,,,,,,,,,,,,,,,,,,,,,,,,,,False,False,False,False,False,False
egypt_mostafa_zico,team_egypt,Egypt,Mostafa Zico,mostafa zico,Pyramids FC (EGY),pyramids fc egy,Midfielder,,,,False,wc2026_official_squad_corrected,,,,,,,,,,,,,,,,,,,,,,,,,,,,,,,,,,,,,,,,,,,,,,,,,False,False,False,False,False,False
egypt_nabil_donga,team_egypt,Egypt,Nabil Donga,nabil donga,Al Najmah SC (KSA),al najmah sc ksa,Midfielder,,,,False,wc2026_official_squad_corrected,,,,,,,,,,,,,,,,,,,,,,,,,,,,,,,,,,,,,,,,,,,,,,,,,False,False,False,False,False,False
england_dan_burn,team_england,England,Dan Burn,dan burn,Newcastle United FC (ENG),newcastle united fc eng,Defender,,,,False,wc2026_official_squad_corrected,1.0,ENG-Premier League,2526,Newcastle United,2199,25,,1,2,1,10,3,,,,,26,26,20,36,13,11,1,,,,0.04092769440654843,0.08185538881309685,0.04092769440654843,0.4092769440654843,0.12278308321964529,,,,,1.0641200545702592,1.0641200545702592,0.8185538881309686,1.4733969986357436,0.5320600272851296,0.45020463847203274,0.04092769440654843,,,,1.0231923601637107,,True,True,True,True,True,False,False
england_djed_spence,team_england,England,Djed Spence,djed spence,Tottenham Hotspur FC (ENG),tottenham hotspur fc eng,Defender,,,,False,wc2026_official_squad_corrected,1.0,ENG-Premier League,2526,Tottenham Hotspur,2055,23,,0,0,0,13,8,,,,,25,25,15,28,21,4,0,,,,0.0,0.0,0.0,0.5693430656934307,0.35036496350364965,,,,,1.094890510948905,1.094890510948905,0.6569343065693432,1.2262773722627738,0.9197080291970804,0.17518248175182483,0.0,,,,1.0072992700729928,,True,True,True,True,True,False,False
england_ezri_konsa,team_england,England,Ezri Konsa,ezri konsa,Aston Villa FC (ENG),aston villa fc eng,Defender,,,,False,wc2026_official_squad_corrected,1.0,ENG-Premier League,2526,Aston Villa,3035,34,,0,0,0,11,2,,,,,8,8,22,11,42,0,1,,,,0.0,0.0,0.0,0.32619439868204286,0.05930807248764415,,,,,0.2372322899505766,0.2372322899505766,0.6523887973640857,0.32619439868204286,1.2454695222405272,0.0,0.029654036243822075,,,,1.0082372322899507,,True,True,True,True,True,False,False
england_jarell_quansah,team_england,England,Jarell Quansah,jarell quansah,Bayer 04 Leverkusen (GER),bayer 04 leverkusen ger,Defender,,,,False,wc2026_official_squad_corrected,1.0,GER-Bundesliga,2526,Leverkusen,2299,25,,4,0,4,18,8,,,,,22,22,26,18,21,9,0,,,,0.156589821661592,0.0,0.156589821661592,0.704654197477164,0.313179643323184,,,,,0.861244019138756,0.861244019138756,1.017833840800348,0.704654197477164,0.8220965637233579,0.352327098738582,0.0,,,,0.97868638538495,,True,True,True,True,True,False,False
england_john_stones,team_england,England,John Stones,john stones,Manchester City FC (ENG),manchester city fc eng,Defender,,,,False,wc2026_official_squad_corrected,1.0,ENG-Premier League,2526,Manchester City,439,5,,0,0,0,0,0,,,,,1,1,3,0,0,0,0,,,,0.0,0.0,0.0,0.0,0.0,,,,,0.20501138952164008,0.20501138952164008,0.6150341685649202,0.0,0.0,0.0,0.0,,,,1.0250569476082003,,False,True,False,False,False,False,False
england_marc_guehi,team_england,England,Marc Guehi,marc guehi,Manchester City FC (ENG),manchester city fc eng,Defender,,,,False,wc2026_official_squad_corrected,2.0,ENG-Premier League,2526,"Crystal Palace, Manchester City",3150,35,,3,3,3,32,9,,,,,31,31,49,25,38,6,0,,,,0.08571428571428572,0.08571428571428572,0.08571428571428572,0.9142857142857143,0.2571428571428571,,,,,0.8857142857142857,0.8857142857142857,1.4,0.7142857142857143,1.0857142857142856,0.17142857142857143,0.0,,,,1.0,,True,True,True,True,True,False,False
england_nico_oreilly,team_england,England,Nico Oreilly,nico oreilly,Manchester City FC (ENG),manchester city fc eng,Defender,,,,False,wc2026_official_squad_corrected,,,,,,,,,,,,,,,,,,,,,,,,,,,,,,,,,,,,,,,,,,,,,,,,,False,False,False,False,False,False
england_reece_james,team_england,England,Reece James,reece james,Chelsea FC (ENG),chelsea fc eng,Defender,,,,False,wc2026_official_squad_corrected,1.0,ENG-Premier League,2526,Chelsea,1963,20,,2,4,2,22,7,,,,,33,33,32,26,22,4,0,,,,0.09169638308711157,0.18339276617422315,0.09169638308711157,1.0086602139582272,0.3209373408048905,,,,,1.512990320937341,1.512990320937341,1.4671421293937852,1.1920529801324504,1.0086602139582272,0.18339276617422315,0.0,,,,0.9169638308711157,,True,True,True,True,True,False,False
england_tino_livramento,team_england,England,Tino Livramento,tino livramento,Newcastle United FC (ENG),newcastle united fc eng,Defender,,,,False,wc2026_official_squad_corrected,1.0,ENG-Premier League,2526,Newcastle United,1328,14,,0,1,0,3,0,,,,,14,14,2,7,16,1,0,,,,0.0,0.0677710843373494,0.0,0.20331325301204817,0.0,,,,,0.9487951807228915,0.9487951807228915,0.1355421686746988,0.47439759036144574,1.0843373493975903,0.0677710843373494,0.0,,,,0.9487951807228915,,True,True,True,True,True,False,False
england_anthony_gordon,team_england,England,Anthony Gordon,anthony gordon,Newcastle United FC (ENG),newcastle united fc eng,Forward,,,,False,wc2026_official_squad_corrected,1.0,ENG-Premier League,2526,Newcastle United,1795,24,,6,2,3,48,20,,,,,13,13,3,13,40,3,1,,,,0.3008356545961003,0.10027855153203344,0.15041782729805014,2.4066852367688023,1.0027855153203344,,,,,0.6518105849582173,0.6518105849582173,0.15041782729805014,0.6518105849582173,2.005571030640669,0.15041782729805014,0.05013927576601672,,,,1.2033426183844012,,True,True,True,True,True,False,False
england_bukayo_saka,team_england,England,Bukayo Saka,bukayo saka,Arsenal FC (ENG),arsenal fc eng,Forward,,,,False,wc2026_official_squad_corrected,1.0,ENG-Premier League,2526,Arsenal,2222,25,,7,5,6,71,27,,,,,19,19,16,33,54,2,0,,,,0.2835283528352835,0.20252025202520252,0.243024302430243,2.8757875787578757,1.0936093609360935,,,,,0.7695769576957695,0.7695769576957695,0.648064806480648,1.3366336633663365,2.187218721872187,0.081008100810081,0.0,,,,1.0126012601260126,,True,True,True,True,True,False,False
england_harry_kane,team_england,England,Harry Kane,harry kane,FC Bayern München (GER),fc bayern munchen ger,Forward,,,,False,wc2026_official_squad_corrected,1.0,GER-Bundesliga,2526,Bayern Munich,2377,25,,36,5,26,119,67,,,,,13,13,8,25,32,1,0,,,,1.3630626840555322,0.18931426167437948,0.9844341607067733,4.5056794278502315,2.536811106436685,,,,,0.4922170803533866,0.4922170803533866,0.30290281867900715,0.9465713083718973,1.2116112747160286,0.03786285233487589,0.0,,,,0.9465713083718973,,True,True,True,True,True,False,False
england_ivan_toney,team_england,England,Ivan Toney,ivan toney,Al Ahli FC (KSA),al ahli fc ksa,Forward,,,,False,wc2026_official_squad_corrected,1.0,KSA-Saudi Pro League,2526,Al-Ahli,2745,31,,32,7,22,92,48,,,,,12,12,6,37,39,4,0,,,,1.0491803278688525,0.22950819672131148,0.7213114754098361,3.0163934426229506,1.5737704918032787,,,,,0.39344262295081966,0.39344262295081966,0.19672131147540983,1.2131147540983607,1.278688524590164,0.13114754098360656,0.0,,,,1.0163934426229508,,True,True,True,True,True,False,False
england_marcus_rashford,team_england,England,Marcus Rashford,marcus rashford,FC Barcelona (ESP),fc barcelona esp,Forward,,,,False,wc2026_official_squad_corrected,1.0,ESP-La Liga,2526,Barcelona,1763,18,,8,7,8,76,29,,,,,8,8,2,10,25,3,0,,,,0.40839478162223486,0.3573454339194555,0.40839478162223486,3.8797504254112307,1.4804310833806014,,,,,0.40839478162223486,0.40839478162223486,0.10209869540555871,0.5104934770277936,1.276233692569484,0.15314804310833807,0.0,,,,0.9188882586500283,,True,True,True,True,True,False,False
england_noni_madueke,team_england,England,Noni Madueke,noni madueke,Arsenal FC (ENG),arsenal fc eng,Forward,,,,False,wc2026_official_squad_corrected,1.0,ENG-Premier League,2526,Arsenal,1211,16,,3,1,3,25,9,,,,,10,10,5,15,15,0,0,,,,0.22295623451692814,0.07431874483897605,0.22295623451692814,1.8579686209744013,0.6688687035507844,,,,,0.7431874483897605,0.7431874483897605,0.37159372419488024,1.1147811725846408,1.1147811725846408,0.0,0.0,,,,1.1890999174236168,,True,True,True,True,True,False,False
england_ollie_watkins,team_england,England,Ollie Watkins,ollie watkins,Aston Villa FC (ENG),aston villa fc eng,Forward,,,,False,wc2026_official_squad_corrected,1.0,ENG-Premier League,2526,Aston Villa,2839,33,,16,3,16,83,38,,,,,14,14,5,35,32,4,0,,,,0.5072208524128214,0.09510390982740402,0.5072208524128214,2.6312081718915112,1.204649524480451,,,,,0.44381824586121876,0.44381824586121876,0.1585065163790067,1.109545614653047,1.0144417048256429,0.12680521310320536,0.0,,,,1.0461430081014442,,True,True,True,True,True,False,False
england_dean_henderson,team_england,England,Dean Henderson,dean henderson,Crystal Palace FC (ENG),crystal palace fc eng,Goalkeeper,,,,False,wc2026_official_squad_corrected,1.0,ENG-Premier League,2526,Crystal Palace,3330,37,11,0,0,0,0,0,,,,,0,0,1,2,5,5,0,104,51,,0.0,0.0,0.0,0.0,0.0,,,,,0.0,0.0,0.02702702702702703,0.05405405405405406,0.13513513513513514,0.13513513513513514,0.0,2.810810810810811,1.3783783783783783,,1.0,0.2972972972972973,True,True,True,False,False,True,False
england_james_trafford,team_england,England,James Trafford,james trafford,Manchester City FC (ENG),manchester city fc eng,Goalkeeper,,,,False,wc2026_official_squad_corrected,1.0,ENG-Premier League,2526,Manchester City,360,4,1,0,0,0,0,0,,,,,1,1,0,0,1,0,0,14,6,,0.0,0.0,0.0,0.0,0.0,,,,,0.25,0.25,0.0,0.0,0.25,0.0,0.0,3.5,1.5,,1.0,0.25,False,True,False,False,False,False,False
england_jordan_pickford,team_england,England,Jordan Pickford,jordan pickford,Everton FC (ENG),everton fc eng,Goalkeeper,,,,False,wc2026_official_squad_corrected,1.0,ENG-Premier League,2526,Everton,3420,38,11,0,0,0,0,0,,,,,1,1,0,1,6,4,0,99,50,,0.0,0.0,0.0,0.0,0.0,,,,,0.02631578947368421,0.02631578947368421,0.0,0.02631578947368421,0.15789473684210525,0.10526315789473684,0.0,2.6052631578947367,1.3157894736842106,,1.0,0.2894736842105263,True,True,True,False,False,True,False
england_declan_rice,team_england,England,Declan Rice,declan rice,Arsenal FC (ENG),arsenal fc eng,Midfielder,,,,False,wc2026_official_squad_corrected,1.0,ENG-Premier League,2526,Arsenal,3094,35,,4,5,4,40,13,,,,,33,33,33,26,11,3,0,,,,0.11635423400129281,0.14544279250161601,0.11635423400129281,1.1635423400129281,0.37815126050420167,,,,,0.9599224305106657,0.9599224305106657,0.9599224305106657,0.7563025210084033,0.31997414350355524,0.08726567550096961,0.0,,,,1.0180995475113122,,True,True,True,True,True,False,False
england_eberechi_eze,team_england,England,Eberechi Eze,eberechi eze,Arsenal FC (ENG),arsenal fc eng,Midfielder,,,,False,wc2026_official_squad_corrected,2.0,ENG-Premier League,2526,"Arsenal, Crystal Palace",1895,22,,7,2,7,63,20,,,,,14,14,11,16,39,1,0,,,,0.33245382585751976,0.09498680738786279,0.33245382585751976,2.992084432717678,0.9498680738786279,,,,,0.6649076517150395,0.6649076517150395,0.5224274406332453,0.7598944591029023,1.8522427440633245,0.047493403693931395,0.0,,,,1.0448548812664906,,True,True,True,True,True,False,False
england_elliot_anderson,team_england,England,Elliot Anderson,elliot anderson,Nottingham Forest FC (ENG),nottingham forest fc eng,Midfielder,,,,False,wc2026_official_squad_corrected,1.0,ENG-Premier League,2526,Nottingham Forest,3331,37,,4,4,3,44,10,,,,,60,60,41,57,80,8,0,,,,0.10807565295706995,0.10807565295706995,0.08105673971780246,1.1888321825277695,0.27018913239267484,,,,,1.6211347943560492,1.6211347943560492,1.1077754428099669,1.5400780546382467,2.1615130591413987,0.2161513059141399,0.0,,,,0.999699789852897,,True,True,True,True,True,False,False
england_jordan_henderson,team_england,England,Jordan Henderson,jordan henderson,Brentford FC (ENG),brentford fc eng,Midfielder,,,,False,wc2026_official_squad_corrected,1.0,ENG-Premier League,2526,Brentford,1919,22,,1,3,1,6,1,,,,,14,14,16,13,7,6,0,,,,0.04689942678478374,0.14069828035435122,0.04689942678478374,0.28139656070870245,0.04689942678478374,,,,,0.6565919749869724,0.6565919749869724,0.7503908285565398,0.6096925482021887,0.3282959874934862,0.28139656070870245,0.0,,,,1.0317873892652423,,True,True,True,True,True,False,False
england_jude_bellingham,team_england,England,Jude Bellingham,jude bellingham,Real Madrid C. F. (ESP),real madrid c f esp,Midfielder,,,,False,wc2026_official_squad_corrected,1.0,ESP-La Liga,2526,Real Madrid,1916,22,,6,4,6,51,26,,,,,37,37,14,33,55,3,0,,,,0.2818371607515658,0.18789144050104384,0.2818371607515658,2.395615866388309,1.221294363256785,,,,,1.7379958246346556,1.7379958246346556,0.6576200417536535,1.5501043841336117,2.583507306889353,0.1409185803757829,0.0,,,,1.033402922755741,,True,True,True,True,True,False,False
england_kobbie_mainoo,team_england,England,Kobbie Mainoo,kobbie mainoo,Manchester United FC (ENG),manchester united fc eng,Midfielder,,,,False,wc2026_official_squad_corrected,1.0,ENG-Premier League,2526,Manchester Utd,1662,16,,1,2,1,13,3,,,,,20,20,19,12,22,2,0,,,,0.05415162454873647,0.10830324909747294,0.05415162454873647,0.703971119133574,0.1624548736462094,,,,,1.0830324909747293,1.0830324909747293,1.028880866425993,0.6498194945848376,1.1913357400722022,0.10830324909747294,0.0,,,,0.8664259927797835,,True,True,True,True,True,False,False
england_morgan_rogers,team_england,England,Morgan Rogers,morgan rogers,Aston Villa FC (ENG),aston villa fc eng,Midfielder,,,,False,wc2026_official_squad_corrected,1.0,ENG-Premier League,2526,Aston Villa,3280,37,,10,6,10,84,32,,,,,23,23,13,46,49,7,0,,,,0.27439024390243905,0.16463414634146342,0.27439024390243905,2.304878048780488,0.8780487804878049,,,,,0.6310975609756098,0.6310975609756098,0.35670731707317077,1.2621951219512195,1.3445121951219512,0.19207317073170732,0.0,,,,1.0152439024390245,,True,True,True,True,True,False,False
france_dayot_upamecano,team_france,France,Dayot Upamecano,dayot upamecano,FC Bayern München (GER),fc bayern munchen ger,Defender,,,,False,wc2026_official_squad_corrected,1.0,GER-Bundesliga,2526,Bayern Munich,1794,21,,1,1,1,8,2,,,,,26,26,21,15,5,4,0,,,,0.05016722408026756,0.05016722408026756,0.05016722408026756,0.4013377926421405,0.10033444816053512,,,,,1.3043478260869565,1.3043478260869565,1.0535117056856187,0.7525083612040133,0.2508361204013378,0.20066889632107024,0.0,,,,1.0535117056856187,,True,True,True,True,True,False,False
france_ibrahima_konate,team_france,France,Ibrahima Konate,ibrahima konate,Liverpool FC (ENG),liverpool fc eng,Defender,,,,False,wc2026_official_squad_corrected,1.0,ENG-Premier League,2526,Liverpool,3090,36,,1,0,1,12,4,,,,,31,31,28,33,41,7,0,,,,0.029126213592233007,0.0,0.029126213592233007,0.3495145631067961,0.11650485436893203,,,,,0.9029126213592232,0.9029126213592232,0.8155339805825242,0.9611650485436892,1.1941747572815533,0.20388349514563106,0.0,,,,1.0485436893203883,,True,True,True,True,True,False,False
france_jules_kounde,team_france,France,Jules Kounde,jules kounde,FC Barcelona (ESP),fc barcelona esp,Defender,,,,False,wc2026_official_squad_corrected,1.0,ESP-La Liga,2526,Barcelona,2261,24,,1,3,1,14,4,,,,,24,24,31,24,24,6,0,,,,0.039805395842547546,0.11941618752764263,0.039805395842547546,0.5572755417956656,0.15922158337019018,,,,,0.955329500221141,0.955329500221141,1.2339672711189738,0.955329500221141,0.955329500221141,0.23883237505528526,0.0,,,,0.955329500221141,,True,True,True,True,True,False,False
france_lucas_digne,team_france,France,Lucas Digne,lucas digne,Aston Villa FC (ENG),aston villa fc eng,Defender,,,,False,wc2026_official_squad_corrected,1.0,ENG-Premier League,2526,Aston Villa,1852,21,,0,6,0,14,5,,,,,26,26,13,14,12,3,0,,,,0.0,0.2915766738660907,0.0,0.6803455723542116,0.24298056155507558,,,,,1.263498920086393,1.263498920086393,0.6317494600431965,0.6803455723542116,0.5831533477321814,0.14578833693304535,0.0,,,,1.0205183585313173,,True,True,True,True,True,False,False
france_lucas_hernandez,team_france,France,Lucas Hernandez,lucas hernandez,Paris Saint-Germain (FRA),paris saint germain fra,Defender,,,,False,wc2026_official_squad_corrected,1.0,FRA-Ligue 1,2526,Paris Saint-Germain,1747,20,,0,3,0,11,3,,,,,14,14,21,22,19,4,0,,,,0.0,0.15455065827132228,0.0,0.5666857469948483,0.15455065827132228,,,,,0.7212364052661706,0.7212364052661706,1.081854607899256,1.1333714939896966,0.9788208357183743,0.20606754436176303,0.0,,,,1.030337721808815,,True,True,True,True,True,False,False
france_malo_gusto,team_france,France,Malo Gusto,malo gusto,Chelsea FC (ENG),chelsea fc eng,Defender,,,,False,wc2026_official_squad_corrected,1.0,ENG-Premier League,2526,Chelsea,2261,26,,2,3,2,12,6,,,,,23,23,30,20,20,5,1,,,,0.07961079168509509,0.11941618752764263,0.07961079168509509,0.4776647501105705,0.23883237505528526,,,,,0.9155241043785934,0.9155241043785934,1.1941618752764263,0.7961079168509508,0.7961079168509508,0.1990269792127377,0.039805395842547546,,,,1.034940291906236,,True,True,True,True,True,False,False
france_maxence_lacroix,team_france,France,Maxence Lacroix,maxence lacroix,Crystal Palace FC (ENG),crystal palace fc eng,Defender,,,,False,wc2026_official_squad_corrected,1.0,ENG-Premier League,2526,Crystal Palace,3085,35,,1,2,1,25,7,,,,,38,38,45,34,19,4,1,,,,0.029173419773095625,0.05834683954619125,0.029173419773095625,0.7293354943273905,0.20421393841166938,,,,,1.1085899513776336,1.1085899513776336,1.312803889789303,0.9918962722852512,0.5542949756888168,0.1166936790923825,0.029173419773095625,,,,1.0210696920583469,,True,True,True,True,True,False,False
france_theo_hernandez,team_france,France,Theo Hernandez,theo hernandez,Al Hilal SC (KSA),al hilal sc ksa,Defender,,,,False,wc2026_official_squad_corrected,1.0,KSA-Saudi Pro League,2526,Al-Hilal,2740,31,,5,1,5,51,15,,,,,22,22,26,26,50,7,0,,,,0.1642335766423358,0.032846715328467155,0.1642335766423358,1.6751824817518248,0.4927007299270073,,,,,0.7226277372262774,0.7226277372262774,0.854014598540146,0.854014598540146,1.6423357664233578,0.2299270072992701,0.0,,,,1.018248175182482,,True,True,True,True,True,False,False
france_william_saliba,team_france,France,William Saliba,william saliba,Arsenal FC (ENG),arsenal fc eng,Defender,,,,False,wc2026_official_squad_corrected,1.0,ENG-Premier League,2526,Arsenal,2614,30,,1,0,1,5,1,,,,,23,23,15,22,16,2,0,,,,0.03442999234889059,0.0,0.03442999234889059,0.17214996174445293,0.03442999234889059,,,,,0.7918898240244836,0.7918898240244836,0.5164498852333589,0.7574598316755929,0.5508798775822494,0.06885998469778118,0.0,,,,1.0328997704667178,,True,True,True,True,True,False,False
france_bradley_barcola,team_france,France,Bradley Barcola,bradley barcola,Paris Saint-Germain (FRA),paris saint germain fra,Forward,,,,False,wc2026_official_squad_corrected,1.0,FRA-Ligue 1,2526,Paris Saint-Germain,1743,21,,11,1,11,66,30,,,,,16,16,12,20,10,2,0,,,,0.5679862306368331,0.05163511187607573,0.5679862306368331,3.4079173838209984,1.549053356282272,,,,,0.8261617900172117,0.8261617900172117,0.6196213425129088,1.0327022375215147,0.5163511187607573,0.10327022375215146,0.0,,,,1.0843373493975903,,True,True,True,True,True,False,False
france_desire_doue,team_france,France,Desire Doue,desire doue,Paris Saint-Germain (FRA),paris saint germain fra,Forward,,,,False,wc2026_official_squad_corrected,1.0,FRA-Ligue 1,2526,Paris Saint-Germain,1348,16,,7,4,7,55,19,,,,,20,20,12,24,28,0,0,,,,0.46735905044510384,0.26706231454005935,0.46735905044510384,3.672106824925816,1.268545994065282,,,,,1.3353115727002967,1.3353115727002967,0.8011869436201781,1.6023738872403561,1.8694362017804154,0.0,0.0,,,,1.0682492581602374,,True,True,True,True,True,False,False
france_jean_philippe_mateta,team_france,France,Jean-Philippe Mateta,jean philippe mateta,Crystal Palace FC (ENG),crystal palace fc eng,Forward,,,,False,wc2026_official_squad_corrected,1.0,ENG-Premier League,2526,Crystal Palace,2218,25,,12,0,8,63,32,,,,,4,4,6,21,19,2,0,,,,0.48692515779981965,0.0,0.3246167718665464,2.5563570784490532,1.2984670874661857,,,,,0.1623083859332732,0.1623083859332732,0.24346257889990983,0.8521190261496844,0.7709648331830478,0.0811541929666366,0.0,,,,1.0144274120829575,,True,True,True,True,True,False,False
france_kylian_mbappe,team_france,France,Kylian Mbappe,kylian mbappe,Real Madrid C. F. (ESP),real madrid c f esp,Forward,,,,False,wc2026_official_squad_corrected,1.0,ESP-La Liga,2526,Real Madrid,2599,29,,25,5,17,146,63,,,,,1,1,3,13,36,4,0,,,,0.8657175836860331,0.17314351673720663,0.5886879569065026,5.055790688726433,2.1816083108888034,,,,,0.03462870334744132,0.03462870334744132,0.10388611004232398,0.4501731435167372,1.2466333205078877,0.1385148133897653,0.0,,,,1.0042323970757985,,True,True,True,True,True,False,False
france_marcus_thuram,team_france,France,Marcus Thuram,marcus thuram,FC Internazionale Milano (ITA),fc internazionale milano ita,Forward,,,,False,wc2026_official_squad_corrected,1.0,ITA-Serie A,2526,Inter,1900,24,,13,6,13,74,29,,,,,13,13,1,43,41,2,0,,,,0.6157894736842106,0.28421052631578947,0.6157894736842106,3.505263157894737,1.3736842105263158,,,,,0.6157894736842106,0.6157894736842106,0.04736842105263158,2.036842105263158,1.9421052631578948,0.09473684210526316,0.0,,,,1.1368421052631579,,True,True,True,True,True,False,False
france_michael_olise,team_france,France,Michael Olise,michael olise,FC Bayern München (GER),fc bayern munchen ger,Forward,,,,False,wc2026_official_squad_corrected,1.0,GER-Bundesliga,2526,Bayern Munich,2316,23,,15,19,15,102,50,,,,,11,11,14,32,58,8,0,,,,0.582901554404145,0.7383419689119171,0.582901554404145,3.9637305699481864,1.9430051813471503,,,,,0.427461139896373,0.427461139896373,0.544041450777202,1.2435233160621761,2.2538860103626943,0.31088082901554404,0.0,,,,0.8937823834196891,,True,True,True,True,True,False,False
france_ousmane_dembele,team_france,France,Ousmane Dembele,ousmane dembele,Paris Saint-Germain (FRA),paris saint germain fra,Forward,,,,False,wc2026_official_squad_corrected,1.0,FRA-Ligue 1,2526,Paris Saint-Germain,1063,11,,10,7,8,45,18,,,,,3,3,0,3,4,0,0,,,,0.8466603951081844,0.592662276575729,0.6773283160865474,3.8099717779868296,1.523988711194732,,,,,0.2539981185324553,0.2539981185324553,0.0,0.2539981185324553,0.3386641580432737,0.0,0.0,,,,0.9313264346190028,,True,True,True,True,True,False,False
france_brice_samba,team_france,France,Brice Samba,brice samba,Stade Rennais FC (FRA),stade rennais fc fra,Goalkeeper,,,,False,wc2026_official_squad_corrected,1.0,FRA-Ligue 1,2526,Rennes,2880,32,10,0,0,0,0,0,,,,,1,1,0,1,7,5,0,84,44,,0.0,0.0,0.0,0.0,0.0,,,,,0.03125,0.03125,0.0,0.03125,0.21875,0.15625,0.0,2.625,1.375,,1.0,0.3125,True,True,True,False,False,True,False
france_mike_maignan,team_france,France,Mike Maignan,mike maignan,AC Milan (ITA),ac milan ita,Goalkeeper,,,,False,wc2026_official_squad_corrected,1.0,ITA-Serie A,2526,Milan,3295,37,14,0,0,0,0,0,,,,,0,0,1,0,6,4,0,106,35,,0.0,0.0,0.0,0.0,0.0,,,,,0.0,0.0,0.02731411229135053,0.0,0.16388467374810317,0.10925644916540211,0.0,2.895295902883156,0.9559939301972685,,1.0106221547799696,0.3823975720789074,True,True,True,False,False,True,False
france_robin_risser,team_france,France,Robin Risser,robin risser,RC Lens (FRA),rc lens fra,Goalkeeper,,,,False,wc2026_official_squad_corrected,1.0,FRA-Ligue 1,2526,Lens,2970,33,11,0,1,0,0,0,,,,,0,0,0,0,5,2,0,76,35,,0.0,0.030303030303030304,0.0,0.0,0.0,,,,,0.0,0.0,0.0,0.0,0.15151515151515152,0.06060606060606061,0.0,2.303030303030303,1.0606060606060606,,1.0,0.3333333333333333,True,True,True,False,False,True,False
france_adrien_rabiot,team_france,France,Adrien Rabiot,adrien rabiot,AC Milan (ITA),ac milan ita,Midfielder,,,,False,wc2026_official_squad_corrected,2.0,"FRA-Ligue 1, ITA-Serie A",2526,"Marseille, Milan",2640,29,,6,4,6,47,12,,,,,31,31,20,37,56,7,1,,,,0.20454545454545456,0.13636363636363638,0.20454545454545456,1.6022727272727273,0.4090909090909091,,,,,1.0568181818181819,1.0568181818181819,0.6818181818181819,1.2613636363636365,1.9090909090909092,0.23863636363636365,0.034090909090909095,,,,0.9886363636363636,,True,True,True,True,True,False,False
france_aurelien_tchouameni,team_france,France,Aurelien Tchouameni,aurelien tchouameni,Real Madrid C. F. (ESP),real madrid c f esp,Midfielder,,,,False,wc2026_official_squad_corrected,1.0,ESP-La Liga,2526,Real Madrid,2615,31,,1,0,1,45,7,,,,,41,41,45,31,27,8,0,,,,0.03441682600382409,0.0,0.03441682600382409,1.5487571701720841,0.24091778202676864,,,,,1.4110898661567877,1.4110898661567877,1.5487571701720841,1.0669216061185467,0.9292543021032504,0.27533460803059273,0.0,,,,1.0669216061185467,,True,True,True,True,True,False,False
france_maghnes_akliouche,team_france,France,Maghnes Akliouche,maghnes akliouche,AS Monaco (FRA),as monaco fra,Midfielder,,,,False,wc2026_official_squad_corrected,1.0,FRA-Ligue 1,2526,Monaco,2400,28,,6,6,6,48,19,,,,,26,26,18,29,36,3,0,,,,0.22499999999999998,0.22499999999999998,0.22499999999999998,1.7999999999999998,0.7125,,,,,0.975,0.975,0.6749999999999999,1.0875,1.3499999999999999,0.11249999999999999,0.0,,,,1.05,,True,True,True,True,True,False,False
france_manu_kone,team_france,France,Manu Kone,manu kone,AS Roma (ITA),as roma ita,Midfielder,,,,False,wc2026_official_squad_corrected,1.0,ITA-Serie A,2526,Roma,2456,28,,2,3,2,21,5,,,,,27,27,20,47,53,2,0,,,,0.0732899022801303,0.10993485342019545,0.0732899022801303,0.7695439739413681,0.18322475570032573,,,,,0.989413680781759,0.989413680781759,0.7328990228013029,1.7223127035830619,1.9421824104234529,0.0732899022801303,0.0,,,,1.0260586319218241,,True,True,True,True,True,False,False
france_ngolo_kante,team_france,France,Ngolo Kante,ngolo kante,Fenerbahçe SK (TUR),fenerbahce sk tur,Midfielder,,,,False,wc2026_official_squad_corrected,,,,,,,,,,,,,,,,,,,,,,,,,,,,,,,,,,,,,,,,,,,,,,,,,False,False,False,False,False,False
france_rayan_cherki,team_france,France,Rayan Cherki,rayan cherki,Manchester City FC (ENG),manchester city fc eng,Midfielder,,,,False,wc2026_official_squad_corrected,1.0,ENG-Premier League,2526,Manchester City,1786,19,,4,12,4,55,13,,,,,16,16,7,18,34,1,0,,,,0.20156774916013437,0.6047032474804032,0.20156774916013437,2.7715565509518476,0.6550951847704367,,,,,0.8062709966405375,0.8062709966405375,0.35274356103023513,0.9070548712206047,1.7133258678611423,0.05039193729003359,0.0,,,,0.9574468085106382,,True,True,True,True,True,False,False
france_warren_zaire_emery,team_france,France,Warren Zaire-Emery,warren zaire emery,Paris Saint-Germain (FRA),paris saint germain fra,Midfielder,,,,False,wc2026_official_squad_corrected,1.0,FRA-Ligue 1,2526,Paris Saint-Germain,2447,27,,3,4,3,19,7,,,,,29,29,11,35,17,3,0,,,,0.1103391908459338,0.14711892112791172,0.1103391908459338,0.6988148753575807,0.2574581119738455,,,,,1.06661217817736,1.06661217817736,0.40457703310175724,1.2872905598692275,0.6252554147936248,0.1103391908459338,0.0,,,,0.9930527176134041,,True,True,True,True,True,False,False
germany_antonio_ruediger,team_germany,Germany,Antonio Ruediger,antonio ruediger,Real Madrid C. F. (ESP),real madrid c f esp,Defender,,,,False,wc2026_official_squad_corrected,,,,,,,,,,,,,,,,,,,,,,,,,,,,,,,,,,,,,,,,,,,,,,,,,False,False,False,False,False,False
germany_david_raum,team_germany,Germany,David Raum,david raum,RB Leipzig (GER),rb leipzig ger,Defender,,,,False,wc2026_official_squad_corrected,1.0,GER-Bundesliga,2526,RB Leipzig,2553,29,,3,7,2,24,8,,,,,35,35,33,29,17,6,0,,,,0.10575793184488837,0.24676850763807284,0.07050528789659224,0.8460634547591069,0.282021151586369,,,,,1.2338425381903642,1.2338425381903642,1.163337250293772,1.0223266745005875,0.599294947121034,0.21151586368977673,0.0,,,,1.0223266745005875,,True,True,True,True,True,False,False
germany_jonathan_tah,team_germany,Germany,Jonathan Tah,jonathan tah,FC Bayern München (GER),fc bayern munchen ger,Defender,,,,False,wc2026_official_squad_corrected,1.0,GER-Bundesliga,2526,Bayern Munich,2018,23,,2,1,2,8,5,,,,,18,18,25,26,6,7,0,,,,0.089197224975223,0.0445986124876115,0.089197224975223,0.356788899900892,0.2229930624380575,,,,,0.802775024777007,0.802775024777007,1.1149653121902874,1.159563924677899,0.267591674925669,0.3121902874132805,0.0,,,,1.0257680872150645,,True,True,True,True,True,False,False
germany_joshua_kimmich,team_germany,Germany,Joshua Kimmich,joshua kimmich,FC Bayern München (GER),fc bayern munchen ger,Defender,,,,False,wc2026_official_squad_corrected,1.0,GER-Bundesliga,2526,Bayern Munich,2280,24,,2,8,2,28,10,,,,,26,26,24,8,21,4,0,,,,0.07894736842105264,0.31578947368421056,0.07894736842105264,1.105263157894737,0.39473684210526316,,,,,1.0263157894736843,1.0263157894736843,0.9473684210526316,0.31578947368421056,0.8289473684210527,0.15789473684210528,0.0,,,,0.9473684210526316,,True,True,True,True,True,False,False
germany_malick_thiaw,team_germany,Germany,Malick Thiaw,malick thiaw,Newcastle United FC (ENG),newcastle united fc eng,Defender,,,,False,wc2026_official_squad_corrected,1.0,ENG-Premier League,2526,Newcastle United,2965,33,,4,0,4,28,14,,,,,34,34,30,24,11,4,0,,,,0.12141652613827994,0.0,0.12141652613827994,0.8499156829679596,0.4249578414839798,,,,,1.0320404721753795,1.0320404721753795,0.9106239460370995,0.7284991568296796,0.33389544688026984,0.12141652613827994,0.0,,,,1.0016863406408094,,True,True,True,True,True,False,False
germany_nathaniel_brown,team_germany,Germany,Nathaniel Brown,nathaniel brown,Eintracht Frankfurt (GER),eintracht frankfurt ger,Defender,,,,False,wc2026_official_squad_corrected,1.0,GER-Bundesliga,2526,Eintracht Frankfurt,2656,29,,4,4,4,18,9,,,,,57,57,25,27,33,3,0,,,,0.1355421686746988,0.1355421686746988,0.1355421686746988,0.6099397590361445,0.30496987951807225,,,,,1.9314759036144578,1.9314759036144578,0.8471385542168675,0.9149096385542168,1.118222891566265,0.10165662650602408,0.0,,,,0.9826807228915662,,True,True,True,True,True,False,False
germany_nico_schlotterbeck,team_germany,Germany,Nico Schlotterbeck,nico schlotterbeck,Borussia Dortmund (GER),borussia dortmund ger,Defender,,,,False,wc2026_official_squad_corrected,1.0,GER-Bundesliga,2526,Dortmund,2520,28,,5,1,5,32,9,,,,,38,38,24,30,27,8,0,,,,0.17857142857142858,0.03571428571428571,0.17857142857142858,1.1428571428571428,0.32142857142857145,,,,,1.3571428571428572,1.3571428571428572,0.8571428571428571,1.0714285714285714,0.9642857142857143,0.2857142857142857,0.0,,,,1.0,,True,True,True,True,True,False,False
germany_waldemar_anton,team_germany,Germany,Waldemar Anton,waldemar anton,Borussia Dortmund (GER),borussia dortmund ger,Defender,,,,False,wc2026_official_squad_corrected,1.0,GER-Bundesliga,2526,Dortmund,2880,32,,2,0,2,16,6,,,,,42,42,33,26,16,3,0,,,,0.0625,0.0,0.0625,0.5,0.1875,,,,,1.3125,1.3125,1.03125,0.8125,0.5,0.09375,0.0,,,,1.0,,True,True,True,True,True,False,False
germany_deniz_undav,team_germany,Germany,Deniz Undav,deniz undav,VfB Stuttgart (GER),vfb stuttgart ger,Forward,,,,False,wc2026_official_squad_corrected,1.0,GER-Bundesliga,2526,Stuttgart,2241,25,,19,7,19,124,46,,,,,14,14,4,32,23,5,0,,,,0.7630522088353414,0.28112449799196787,0.7630522088353414,4.97991967871486,1.8473895582329318,,,,,0.5622489959839357,0.5622489959839357,0.1606425702811245,1.285140562248996,0.9236947791164659,0.20080321285140562,0.0,,,,1.0040160642570282,,True,True,True,True,True,False,False
germany_kai_havertz,team_germany,Germany,Kai Havertz,kai havertz,Arsenal FC (ENG),arsenal fc eng,Forward,,,,False,wc2026_official_squad_corrected,1.0,ENG-Premier League,2526,Arsenal,581,7,,2,3,2,18,4,,,,,5,5,1,8,8,1,0,,,,0.3098106712564544,0.46471600688468157,0.3098106712564544,2.7882960413080893,0.6196213425129088,,,,,0.774526678141136,0.774526678141136,0.1549053356282272,1.2392426850258176,1.2392426850258176,0.1549053356282272,0.0,,,,1.0843373493975903,,True,True,True,True,True,False,False
germany_maximilian_beier,team_germany,Germany,Maximilian Beier,maximilian beier,Borussia Dortmund (GER),borussia dortmund ger,Forward,,,,False,wc2026_official_squad_corrected,1.0,GER-Bundesliga,2526,Dortmund,2026,24,,9,6,9,50,20,,,,,16,16,11,31,24,3,0,,,,0.39980256663376107,0.26653504442250736,0.39980256663376107,2.2211253701875617,0.8884501480750246,,,,,0.7107601184600197,0.7107601184600197,0.4886475814412635,1.377097729516288,1.0661401776900294,0.13326752221125368,0.0,,,,1.0661401776900294,,True,True,True,True,True,False,False
germany_nick_woltemade,team_germany,Germany,Nick Woltemade,nick woltemade,Newcastle United FC (ENG),newcastle united fc eng,Forward,,,,False,wc2026_official_squad_corrected,2.0,"ENG-Premier League, GER-Bundesliga",2526,"Newcastle United, Stuttgart",1992,25,,8,3,7,32,13,,,,,13,13,5,21,23,0,0,,,,0.3614457831325301,0.1355421686746988,0.31626506024096385,1.4457831325301205,0.5873493975903614,,,,,0.5873493975903614,0.5873493975903614,0.22590361445783133,0.9487951807228916,1.0391566265060241,0.0,0.0,,,,1.1295180722891567,,True,True,True,True,True,False,False
germany_alexander_nuebel,team_germany,Germany,Alexander Nuebel,alexander nuebel,VfB Stuttgart (GER),vfb stuttgart ger,Goalkeeper,,,,False,wc2026_official_squad_corrected,,,,,,,,,,,,,,,,,,,,,,,,,,,,,,,,,,,,,,,,,,,,,,,,,False,False,False,False,False,False
germany_manuel_neuer,team_germany,Germany,Manuel Neuer,manuel neuer,FC Bayern München (GER),fc bayern munchen ger,Goalkeeper,,,,False,wc2026_official_squad_corrected,1.0,GER-Bundesliga,2526,Bayern Munich,1859,22,7,0,0,0,0,0,,,,,0,0,0,0,2,0,0,31,20,,0.0,0.0,0.0,0.0,0.0,,,,,0.0,0.0,0.0,0.0,0.09682625067240452,0.0,0.0,1.50080688542227,0.9682625067240452,,1.0650887573964498,0.3388918773534158,True,True,True,False,False,True,False
germany_oliver_baumann,team_germany,Germany,Oliver Baumann,oliver baumann,TSG Hoffenheim (GER),tsg hoffenheim ger,Goalkeeper,,,,False,wc2026_official_squad_corrected,1.0,GER-Bundesliga,2526,Hoffenheim,3060,34,7,0,0,0,0,0,,,,,0,0,1,1,6,3,0,98,52,,0.0,0.0,0.0,0.0,0.0,,,,,0.0,0.0,0.029411764705882353,0.029411764705882353,0.17647058823529413,0.08823529411764706,0.0,2.8823529411764706,1.5294117647058822,,1.0,0.20588235294117646,True,True,True,False,False,True,False
germany_aleksandar_pavlovic,team_germany,Germany,Aleksandar Pavlovic,aleksandar pavlovic,FC Bayern München (GER),fc bayern munchen ger,Midfielder,,,,False,wc2026_official_squad_corrected,1.0,GER-Bundesliga,2526,Bayern Munich,1462,16,,3,1,3,10,5,,,,,15,15,13,19,10,2,0,,,,0.18467852257181944,0.061559507523939815,0.18467852257181944,0.6155950752393982,0.3077975376196991,,,,,0.9233926128590971,0.9233926128590971,0.8002735978112175,1.1696306429548564,0.6155950752393982,0.12311901504787963,0.0,,,,0.984952120383037,,True,True,True,True,True,False,False
germany_angelo_stiller,team_germany,Germany,Angelo Stiller,angelo stiller,VfB Stuttgart (GER),vfb stuttgart ger,Midfielder,,,,False,wc2026_official_squad_corrected,1.0,GER-Bundesliga,2526,Stuttgart,2743,30,,2,5,2,17,8,,,,,23,23,28,18,44,1,0,,,,0.06562158220925994,0.16405395552314983,0.06562158220925994,0.5577834487787094,0.26248632883703976,,,,,0.7546481954064892,0.7546481954064892,0.918702150929639,0.5905942398833394,1.4436748086037186,0.03281079110462997,0.0,,,,0.984323733138899,,True,True,True,True,True,False,False
germany_felix_nmecha,team_germany,Germany,Felix Nmecha,felix nmecha,Borussia Dortmund (GER),borussia dortmund ger,Midfielder,,,,False,wc2026_official_squad_corrected,1.0,GER-Bundesliga,2526,Dortmund,2176,25,,2,3,2,33,7,,,,,23,23,25,28,22,0,0,,,,0.08272058823529412,0.12408088235294118,0.08272058823529412,1.364889705882353,0.28952205882352944,,,,,0.9512867647058824,0.9512867647058824,1.0340073529411764,1.1580882352941178,0.9099264705882353,0.0,0.0,,,,1.0340073529411764,,True,True,True,True,True,False,False
germany_florian_wirtz,team_germany,Germany,Florian Wirtz,florian wirtz,Liverpool FC (ENG),liverpool fc eng,Midfielder,,,,False,wc2026_official_squad_corrected,1.0,ENG-Premier League,2526,Liverpool,2378,27,,5,3,5,51,18,,,,,26,26,12,22,19,1,0,,,,0.18923465096719932,0.1135407905803196,0.18923465096719932,1.9301934398654332,0.6812447434819177,,,,,0.9840201850294366,0.9840201850294366,0.4541631623212784,0.832632464255677,0.7190916736753575,0.03784693019343987,0.0,,,,1.0218671152228764,,True,True,True,True,True,False,False
germany_jamal_musiala,team_germany,Germany,Jamal Musiala,jamal musiala,FC Bayern München (GER),fc bayern munchen ger,Midfielder,,,,False,wc2026_official_squad_corrected,1.0,GER-Bundesliga,2526,Bayern Munich,683,7,,3,4,2,30,9,,,,,5,5,3,5,18,1,0,,,,0.3953147877013177,0.527086383601757,0.2635431918008785,3.953147877013177,1.1859443631039532,,,,,0.6588579795021963,0.6588579795021963,0.3953147877013177,0.6588579795021963,2.3718887262079065,0.13177159590043924,0.0,,,,0.9224011713030748,,True,True,True,True,True,False,False
germany_jamie_leweling,team_germany,Germany,Jamie Leweling,jamie leweling,VfB Stuttgart (GER),vfb stuttgart ger,Midfielder,,,,False,wc2026_official_squad_corrected,1.0,GER-Bundesliga,2526,Stuttgart,2367,26,,7,9,7,49,18,,,,,12,12,13,17,43,4,0,,,,0.2661596958174905,0.34220532319391633,0.2661596958174905,1.8631178707224334,0.6844106463878327,,,,,0.45627376425855515,0.45627376425855515,0.49429657794676807,0.6463878326996197,1.6349809885931559,0.1520912547528517,0.0,,,,0.9885931558935361,,True,True,True,True,True,False,False
germany_lennart_karl,team_germany,Germany,Lennart Karl,lennart karl,FC Bayern München (GER),fc bayern munchen ger,Midfielder,,,,False,wc2026_official_squad_corrected,1.0,GER-Bundesliga,2526,Bayern Munich,1281,16,,5,5,5,42,21,,,,,15,15,11,5,11,1,0,,,,0.351288056206089,0.351288056206089,0.351288056206089,2.9508196721311477,1.4754098360655739,,,,,1.053864168618267,1.053864168618267,0.7728337236533959,0.351288056206089,0.7728337236533959,0.07025761124121781,0.0,,,,1.124121779859485,,True,True,True,True,True,False,False
germany_leon_goretzka,team_germany,Germany,Leon Goretzka,leon goretzka,FC Bayern München (GER),fc bayern munchen ger,Midfielder,,,,False,wc2026_official_squad_corrected,1.0,GER-Bundesliga,2526,Bayern Munich,1947,25,,5,3,5,35,11,,,,,19,19,26,15,16,4,0,,,,0.23112480739599384,0.13867488443759632,0.23112480739599384,1.617873651771957,0.5084745762711864,,,,,0.8782742681047766,0.8782742681047766,1.201848998459168,0.6933744221879815,0.7395993836671803,0.18489984591679506,0.0,,,,1.1556240369799693,,True,True,True,True,True,False,False
germany_leroy_sane,team_germany,Germany,Leroy Sane,leroy sane,Galatasaray SK (TUR),galatasaray sk tur,Midfielder,,,,False,wc2026_official_squad_corrected,1.0,TUR-Super Lig,2526,Galatasaray,2280,27,,7,5,7,49,15,,,,,21,21,11,28,19,1,1,,,,0.27631578947368424,0.19736842105263158,0.27631578947368424,1.9342105263157896,0.5921052631578948,,,,,0.8289473684210527,0.8289473684210527,0.4342105263157895,1.105263157894737,0.75,0.03947368421052632,0.03947368421052632,,,,1.0657894736842106,,True,True,True,True,True,False,False
germany_nadiem_amiri,team_germany,Germany,Nadiem Amiri,nadiem amiri,1. FSV Mainz 05 (GER),1 fsv mainz 05 ger,Midfielder,,,,False,wc2026_official_squad_corrected,1.0,GER-Bundesliga,2526,Mainz 05,2083,24,,12,2,4,54,22,,,,,18,18,19,20,26,6,0,,,,0.5184829572731636,0.08641382621219394,0.17282765242438788,2.3331733077292367,0.9505520883341334,,,,,0.7777244359097455,0.7777244359097455,0.8209313490158425,0.8641382621219394,1.1233797407585213,0.2592414786365818,0.0,,,,1.0369659145463272,,True,True,True,True,True,False,False
germany_pascal_gross,team_germany,Germany,Pascal Gross,pascal gross,Brighton & Hove Albion FC (ENG),brighton hove albion fc eng,Midfielder,,,,False,wc2026_official_squad_corrected,2.0,"ENG-Premier League, GER-Bundesliga",2526,"Brighton, Dortmund",2249,25,,1,4,1,26,10,,,,,23,23,16,27,16,2,0,,,,0.04001778568252557,0.16007114273010228,0.04001778568252557,1.0404624277456649,0.4001778568252557,,,,,0.9204090706980881,0.9204090706980881,0.6402845709204091,1.0804802134281903,0.6402845709204091,0.08003557136505114,0.0,,,,1.0004446420631392,,True,True,True,True,True,False,False
ghana_abdul_mumin,team_ghana,Ghana,Abdul Mumin,abdul mumin,Rayo Vallecano (ESP),rayo vallecano esp,Defender,,,,False,wc2026_official_squad_corrected,1.0,ESP-La Liga,2526,Rayo Vallecano,79,1,,0,0,0,0,0,,,,,0,0,2,2,1,0,0,,,,0.0,0.0,0.0,0.0,0.0,,,,,0.0,0.0,2.278481012658228,2.278481012658228,1.139240506329114,0.0,0.0,,,,1.139240506329114,,False,True,False,False,False,False,False
ghana_alidu_seidu,team_ghana,Ghana,Alidu Seidu,alidu seidu,Stade Rennais FC (FRA),stade rennais fc fra,Defender,,,,False,wc2026_official_squad_corrected,1.0,FRA-Ligue 1,2526,Rennes,1186,13,,0,1,0,5,1,,,,,22,22,17,16,31,1,0,,,,0.0,0.07588532883642496,0.0,0.3794266441821248,0.07588532883642496,,,,,1.669477234401349,1.669477234401349,1.2900505902192243,1.2141652613827993,2.352445193929174,0.07588532883642496,0.0,,,,0.9865092748735245,,True,True,True,True,True,False,False
ghana_baba_rahman,team_ghana,Ghana,Baba Rahman,baba rahman,PAOK Saloniki (GRE),paok saloniki gre,Defender,,,,False,wc2026_official_squad_corrected,,,,,,,,,,,,,,,,,,,,,,,,,,,,,,,,,,,,,,,,,,,,,,,,,False,False,False,False,False,False
ghana_derrick_luckassen,team_ghana,Ghana,Derrick Luckassen,derrick luckassen,Pafos FC (CYP),pafos fc cyp,Defender,,,,False,wc2026_official_squad_corrected,,,,,,,,,,,,,,,,,,,,,,,,,,,,,,,,,,,,,,,,,,,,,,,,,False,False,False,False,False,False
ghana_gideon_mensah,team_ghana,Ghana,Gideon Mensah,gideon mensah,AJ Auxerre (FRA),aj auxerre fra,Defender,,,,False,wc2026_official_squad_corrected,1.0,FRA-Ligue 1,2526,Auxerre,2327,26,,0,2,0,1,0,,,,,37,37,23,37,34,8,0,,,,0.0,0.07735281478298238,0.0,0.03867640739149119,0.0,,,,,1.4310270734851742,1.4310270734851742,0.8895573700042975,1.4310270734851742,1.3149978513107006,0.3094112591319295,0.0,,,,1.005586592178771,,True,True,True,True,True,False,False
ghana_jerome_opoku,team_ghana,Ghana,Jerome Opoku,jerome opoku,Başakşehir FK (TUR),basaksehir fk tur,Defender,,,,False,wc2026_official_squad_corrected,1.0,TUR-Super Lig,2526,Başakşehir,2739,31,,0,1,0,16,2,,,,,17,17,37,54,40,10,0,,,,0.0,0.03285870755750274,0.0,0.5257393209200438,0.06571741511500548,,,,,0.5585980284775466,0.5585980284775466,1.2157721796276013,1.7743702081051478,1.3143483023001095,0.32858707557502737,0.0,,,,1.0186199342825848,,True,True,True,True,True,False,False
ghana_jonas_adjetey,team_ghana,Ghana,Jonas Adjetey,jonas adjetey,VfL Wolfsburg (GER),vfl wolfsburg ger,Defender,,,,False,wc2026_official_squad_corrected,1.0,GER-Bundesliga,2526,Wolfsburg,137,1,,0,0,0,3,0,,,,,1,1,1,4,0,1,0,,,,0.0,0.0,0.0,1.9708029197080292,0.0,,,,,0.6569343065693432,0.6569343065693432,0.6569343065693432,2.6277372262773726,0.0,0.6569343065693432,0.0,,,,0.6569343065693432,,False,True,False,False,False,False,False
ghana_kojo_peprah_oppong,team_ghana,Ghana,Kojo Peprah Oppong,kojo peprah oppong,OGC Nice (FRA),ogc nice fra,Defender,,,,False,wc2026_official_squad_corrected,1.0,FRA-Ligue 1,2526,Nice,2425,28,,1,0,1,10,3,,,,,28,28,30,31,30,4,0,,,,0.03711340206185567,0.0,0.03711340206185567,0.3711340206185567,0.11134020618556702,,,,,1.0391752577319588,1.0391752577319588,1.1134020618556701,1.150515463917526,1.1134020618556701,0.14845360824742268,0.0,,,,1.0391752577319588,,True,True,True,True,True,False,False
ghana_marvin_senaya,team_ghana,Ghana,Marvin Senaya,marvin senaya,AJ Auxerre (FRA),aj auxerre fra,Defender,,,,False,wc2026_official_squad_corrected,1.0,FRA-Ligue 1,2526,Auxerre,1780,20,,1,0,1,15,5,,,,,31,31,34,26,32,5,0,,,,0.05056179775280899,0.0,0.05056179775280899,0.7584269662921348,0.25280898876404495,,,,,1.5674157303370786,1.5674157303370786,1.7191011235955056,1.3146067415730336,1.6179775280898876,0.25280898876404495,0.0,,,,1.0112359550561798,,True,True,True,True,True,False,False
ghana_brandon_thomas_asante,team_ghana,Ghana,Brandon Thomas-Asante,brandon thomas asante,Coventry City FC (ENG),coventry city fc eng,Forward,,,,False,wc2026_official_squad_corrected,,,,,,,,,,,,,,,,,,,,,,,,,,,,,,,,,,,,,,,,,,,,,,,,,False,False,False,False,False,False
ghana_christopher_bonsu_baah,team_ghana,Ghana,Christopher Bonsu Baah,christopher bonsu baah,Al Qadsiah FC (KSA),al qadsiah fc ksa,Forward,,,,False,wc2026_official_squad_corrected,1.0,KSA-Saudi Pro League,2526,Al-Qadsiah,2666,32,,3,12,3,30,11,,,,,32,32,19,46,52,5,0,,,,0.10127531882970742,0.40510127531882967,0.10127531882970742,1.0127531882970742,0.37134283570892723,,,,,1.0802700675168793,1.0802700675168793,0.641410352588147,1.5528882220555138,1.7554388597149286,0.16879219804951237,0.0,,,,1.0802700675168793,,True,True,True,True,True,False,False
ghana_ernest_nuamah,team_ghana,Ghana,Ernest Nuamah,ernest nuamah,Olympique Lyonnais (FRA),olympique lyonnais fra,Forward,,,,False,wc2026_official_squad_corrected,1.0,FRA-Ligue 1,2526,Lyon,35,0,,0,0,0,2,0,,,,,0,0,0,0,0,0,0,,,,0.0,0.0,0.0,5.142857142857142,0.0,,,,,0.0,0.0,0.0,0.0,0.0,0.0,0.0,,,,0.0,,False,True,False,False,False,False,False
ghana_fatawu_issahaku,team_ghana,Ghana,Fatawu Issahaku,fatawu issahaku,Leicester City FC (ENG),leicester city fc eng,Forward,,,,False,wc2026_official_squad_corrected,,,,,,,,,,,,,,,,,,,,,,,,,,,,,,,,,,,,,,,,,,,,,,,,,False,False,False,False,False,False
ghana_inaki_williams,team_ghana,Ghana,Inaki Williams,inaki williams,Athletic Club (ESP),athletic club esp,Forward,,,,False,wc2026_official_squad_corrected,1.0,ESP-La Liga,2526,Athletic Club,2157,25,,3,6,2,57,20,,,,,9,9,8,28,23,2,0,,,,0.12517385257301808,0.25034770514603616,0.08344923504867872,2.3783031988873438,0.8344923504867873,,,,,0.37552155771905427,0.37552155771905427,0.3337969401947149,1.1682892906815021,0.9596662030598053,0.08344923504867872,0.0,,,,1.0431154381084842,,True,True,True,True,True,False,False
ghana_jordan_ayew,team_ghana,Ghana,Jordan Ayew,jordan ayew,Leicester City FC (ENG),leicester city fc eng,Forward,,,,False,wc2026_official_squad_corrected,,,,,,,,,,,,,,,,,,,,,,,,,,,,,,,,,,,,,,,,,,,,,,,,,False,False,False,False,False,False
ghana_kamaldeen_sulemana,team_ghana,Ghana,Kamaldeen Sulemana,kamaldeen sulemana,Atalanta Bergamo (ITA),atalanta bergamo ita,Forward,,,,False,wc2026_official_squad_corrected,1.0,ITA-Serie A,2526,Atalanta,1011,9,,2,1,2,25,10,,,,,5,5,2,14,14,4,0,,,,0.17804154302670624,0.08902077151335312,0.17804154302670624,2.225519287833828,0.8902077151335313,,,,,0.4451038575667656,0.4451038575667656,0.17804154302670624,1.2462908011869438,1.2462908011869438,0.3560830860534125,0.0,,,,0.8011869436201781,,True,True,True,True,True,False,False
ghana_prince_adu,team_ghana,Ghana,Prince Adu,prince adu,FC Viktoria Plzeň (CZE),fc viktoria plzen cze,Forward,,,,False,wc2026_official_squad_corrected,,,,,,,,,,,,,,,,,,,,,,,,,,,,,,,,,,,,,,,,,,,,,,,,,False,False,False,False,False,False
ghana_benjamin_asare,team_ghana,Ghana,Benjamin Asare,benjamin asare,Hearts Of Oak SC (GHA),hearts of oak sc gha,Goalkeeper,,,,False,wc2026_official_squad_corrected,,,,,,,,,,,,,,,,,,,,,,,,,,,,,,,,,,,,,,,,,,,,,,,,,False,False,False,False,False,False
ghana_joseph_anang,team_ghana,Ghana,Joseph Anang,joseph anang,St Patrick's Athletic FC (IRL),st patrick s athletic fc irl,Goalkeeper,,,,False,wc2026_official_squad_corrected,,,,,,,,,,,,,,,,,,,,,,,,,,,,,,,,,,,,,,,,,,,,,,,,,False,False,False,False,False,False
ghana_lawrence_ati_zigi,team_ghana,Ghana,Lawrence Ati Zigi,lawrence ati zigi,FC St. Gallen (SUI),fc st gallen sui,Goalkeeper,,,,False,wc2026_official_squad_corrected,,,,,,,,,,,,,,,,,,,,,,,,,,,,,,,,,,,,,,,,,,,,,,,,,False,False,False,False,False,False
ghana_antoine_semenyo,team_ghana,Ghana,Antoine Semenyo,antoine semenyo,Manchester City FC (ENG),manchester city fc eng,Midfielder,,,,False,wc2026_official_squad_corrected,2.0,ENG-Premier League,2526,"Bournemouth, Manchester City",3195,37,,17,4,16,83,41,,,,,31,31,12,54,21,7,0,,,,0.4788732394366197,0.11267605633802817,0.4507042253521127,2.3380281690140845,1.1549295774647887,,,,,0.8732394366197183,0.8732394366197183,0.3380281690140845,1.5211267605633803,0.5915492957746479,0.19718309859154928,0.0,,,,1.0422535211267605,,True,True,True,True,True,False,False
ghana_augustine_boakye,team_ghana,Ghana,Augustine Boakye,augustine boakye,AS Saint-Etienne (FRA),as saint etienne fra,Midfielder,,,,False,wc2026_official_squad_corrected,,,,,,,,,,,,,,,,,,,,,,,,,,,,,,,,,,,,,,,,,,,,,,,,,False,False,False,False,False,False
ghana_caleb_yirenkyi,team_ghana,Ghana,Caleb Yirenkyi,caleb yirenkyi,FC Nordsjælland (DEN),fc nordsj lland den,Midfielder,,,,False,wc2026_official_squad_corrected,,,,,,,,,,,,,,,,,,,,,,,,,,,,,,,,,,,,,,,,,,,,,,,,,False,False,False,False,False,False
ghana_elisha_owusu,team_ghana,Ghana,Elisha Owusu,elisha owusu,AJ Auxerre (FRA),aj auxerre fra,Midfielder,,,,False,wc2026_official_squad_corrected,1.0,FRA-Ligue 1,2526,Auxerre,2344,27,,0,0,0,7,0,,,,,51,51,21,48,22,7,0,,,,0.0,0.0,0.0,0.2687713310580205,0.0,,,,,1.9581911262798635,1.9581911262798635,0.8063139931740614,1.8430034129692834,0.8447098976109215,0.2687713310580205,0.0,,,,1.036689419795222,,True,True,True,True,True,False,False
ghana_kwasi_sibo,team_ghana,Ghana,Kwasi Sibo,kwasi sibo,Real Oviedo (ESP),real oviedo esp,Midfielder,,,,False,wc2026_official_squad_corrected,1.0,ESP-La Liga,2526,Oviedo,1681,21,,0,0,0,9,2,,,,,20,20,14,30,4,3,1,,,,0.0,0.0,0.0,0.4818560380725759,0.10707911957168352,,,,,1.0707911957168352,1.0707911957168352,0.7495538370017847,1.606186793575253,0.21415823914336704,0.1606186793575253,0.05353955978584176,,,,1.124330755502677,,True,True,True,True,True,False,False
ghana_thomas_partey,team_ghana,Ghana,Thomas Partey,thomas partey,Villarreal CF (ESP),villarreal cf esp,Midfielder,,,,False,wc2026_official_squad_corrected,1.0,ESP-La Liga,2526,Villarreal,934,8,,0,0,0,11,2,,,,,6,6,13,11,6,1,0,,,,0.0,0.0,0.0,1.0599571734475375,0.19271948608137043,,,,,0.5781584582441113,0.5781584582441113,1.2526766595289078,1.0599571734475375,0.5781584582441113,0.09635974304068522,0.0,,,,0.7708779443254817,,True,True,True,True,True,False,False
haiti_carlens_arcus,team_haiti,Haiti,Carlens Arcus,carlens arcus,Angers SCO (FRA),angers sco fra,Defender,,,,False,wc2026_official_squad_corrected,1.0,FRA-Ligue 1,2526,Angers,2040,24,,0,3,0,9,1,,,,,29,29,29,33,16,7,0,,,,0.0,0.1323529411764706,0.0,0.39705882352941174,0.044117647058823525,,,,,1.2794117647058822,1.2794117647058822,1.2794117647058822,1.4558823529411764,0.7058823529411764,0.30882352941176466,0.0,,,,1.0588235294117647,,True,True,True,True,True,False,False
haiti_hannes_delcroix,team_haiti,Haiti,Hannes Delcroix,hannes delcroix,FC Lugano (SUI),fc lugano sui,Defender,,,,False,wc2026_official_squad_corrected,,,,,,,,,,,,,,,,,,,,,,,,,,,,,,,,,,,,,,,,,,,,,,,,,False,False,False,False,False,False
haiti_jean_kevin_duverne,team_haiti,Haiti,Jean-Kevin Duverne,jean kevin duverne,KAA Gent (BEL),kaa gent bel,Defender,,,,False,wc2026_official_squad_corrected,2.0,"BEL-Belgian Pro League, FRA-Ligue 1",2526,"Gent, Nantes",1157,12,,1,1,1,4,3,,,,,12,12,12,11,4,5,0,,,,0.07778738115816768,0.07778738115816768,0.07778738115816768,0.3111495246326707,0.23336214347450301,,,,,0.9334485738980121,0.9334485738980121,0.9334485738980121,0.8556611927398444,0.3111495246326707,0.38893690579083834,0.0,,,,0.9334485738980121,,True,True,True,True,True,False,False
haiti_keeto_thermoncy,team_haiti,Haiti,Keeto Thermoncy,keeto thermoncy,BSC Young Boys (SUI),bsc young boys sui,Defender,,,,False,wc2026_official_squad_corrected,,,,,,,,,,,,,,,,,,,,,,,,,,,,,,,,,,,,,,,,,,,,,,,,,False,False,False,False,False,False
haiti_markhus_lacroix,team_haiti,Haiti,Markhus Lacroix,markhus lacroix,Colorado Springs Switchbacks FC (USA),colorado springs switchbacks fc usa,Defender,,,,False,wc2026_official_squad_corrected,,,,,,,,,,,,,,,,,,,,,,,,,,,,,,,,,,,,,,,,,,,,,,,,,False,False,False,False,False,False
haiti_martin_experience,team_haiti,Haiti,Martin Experience,martin experience,AS Nancy (FRA),as nancy fra,Defender,,,,False,wc2026_official_squad_corrected,,,,,,,,,,,,,,,,,,,,,,,,,,,,,,,,,,,,,,,,,,,,,,,,,False,False,False,False,False,False
haiti_ricardo_ade,team_haiti,Haiti,Ricardo Ade,ricardo ade,LDU Quito (ECU),ldu quito ecu,Defender,,,,False,wc2026_official_squad_corrected,,,,,,,,,,,,,,,,,,,,,,,,,,,,,,,,,,,,,,,,,,,,,,,,,False,False,False,False,False,False
haiti_wilguens_paugain,team_haiti,Haiti,Wilguens Paugain,wilguens paugain,SV Zulte Waregem (BEL),sv zulte waregem bel,Defender,,,,False,wc2026_official_squad_corrected,1.0,BEL-Belgian Pro League,2526,Zulte Waregem,1279,15,,1,0,1,6,1,,,,,25,25,30,12,26,1,0,,,,0.07036747458952307,0.0,0.07036747458952307,0.42220484753713844,0.07036747458952307,,,,,1.7591868647380766,1.7591868647380766,2.111024237685692,0.8444096950742769,1.8295543393275997,0.07036747458952307,0.0,,,,1.055512118842846,,True,True,True,True,True,False,False
haiti_derrick_etienne,team_haiti,Haiti,Derrick Etienne,derrick etienne,Toronto FC (CAN),toronto fc can,Forward,,,,False,wc2026_official_squad_corrected,1.0,USA-Major League Soccer,2026,Toronto FC,646,6,,2,0,2,11,7,,,,,5,5,4,9,8,0,0,,,,0.2786377708978328,0.0,0.2786377708978328,1.5325077399380804,0.9752321981424148,,,,,0.696594427244582,0.696594427244582,0.5572755417956656,1.2538699690402477,1.1145510835913313,0.0,0.0,,,,0.8359133126934984,,True,True,True,True,True,False,False
haiti_duckens_nazon,team_haiti,Haiti,Duckens Nazon,duckens nazon,Esteghlal Tehran FC (IRN),esteghlal tehran fc irn,Forward,,,,False,wc2026_official_squad_corrected,,,,,,,,,,,,,,,,,,,,,,,,,,,,,,,,,,,,,,,,,,,,,,,,,False,False,False,False,False,False
haiti_frantzdy_pierrot,team_haiti,Haiti,Frantzdy Pierrot,frantzdy pierrot,Çaykur Rizespor (TUR),caykur rizespor tur,Forward,,,,False,wc2026_official_squad_corrected,1.0,TUR-Super Lig,2526,Rizespor,123,0,,0,0,0,5,1,,,,,0,0,0,1,3,0,0,,,,0.0,0.0,0.0,3.658536585365854,0.7317073170731707,,,,,0.0,0.0,0.0,0.7317073170731707,2.1951219512195124,0.0,0.0,,,,0.0,,False,True,False,False,False,False,False
haiti_josue_casimir,team_haiti,Haiti,Josue Casimir,josue casimir,AJ Auxerre (FRA),aj auxerre fra,Forward,,,,False,wc2026_official_squad_corrected,1.0,FRA-Ligue 1,2526,Auxerre,1522,16,,1,0,1,22,12,,,,,17,17,11,34,32,6,1,,,,0.05913272010512483,0.0,0.05913272010512483,1.3009198423127464,0.709592641261498,,,,,1.0052562417871223,1.0052562417871223,0.6504599211563732,2.0105124835742445,1.8922470433639946,0.354796320630749,0.05913272010512483,,,,0.9461235216819973,,True,True,True,True,True,False,False
haiti_lenny_joseph,team_haiti,Haiti,Lenny Joseph,lenny joseph,Ferencvárosi TC (HUN),ferencvarosi tc hun,Forward,,,,False,wc2026_official_squad_corrected,,,,,,,,,,,,,,,,,,,,,,,,,,,,,,,,,,,,,,,,,,,,,,,,,False,False,False,False,False,False
haiti_louicius_deedson,team_haiti,Haiti,Louicius Deedson,louicius deedson,FC Dallas (USA),fc dallas usa,Forward,,,,False,wc2026_official_squad_corrected,1.0,USA-Major League Soccer,2026,FC Dallas,254,3,,1,0,1,6,1,,,,,0,0,4,4,1,0,0,,,,0.3543307086614173,0.0,0.3543307086614173,2.1259842519685037,0.3543307086614173,,,,,0.0,0.0,1.4173228346456692,1.4173228346456692,0.3543307086614173,0.0,0.0,,,,1.0629921259842519,,False,True,False,False,False,False,False
haiti_ruben_providence,team_haiti,Haiti,Ruben Providence,ruben providence,Almere City FC (NED),almere city fc ned,Forward,,,,False,wc2026_official_squad_corrected,,,,,,,,,,,,,,,,,,,,,,,,,,,,,,,,,,,,,,,,,,,,,,,,,False,False,False,False,False,False
haiti_wilson_isidor,team_haiti,Haiti,Wilson Isidor,wilson isidor,Sunderland AFC (ENG),sunderland afc eng,Forward,,,,False,wc2026_official_squad_corrected,1.0,ENG-Premier League,2526,Sunderland,1165,11,,6,0,6,43,17,,,,,8,8,2,14,7,1,0,,,,0.463519313304721,0.0,0.463519313304721,3.3218884120171674,1.3133047210300428,,,,,0.6180257510729613,0.6180257510729613,0.15450643776824033,1.0815450643776825,0.5407725321888412,0.07725321888412016,0.0,,,,0.8497854077253219,,True,True,True,True,True,False,False
haiti_yassin_fortune,team_haiti,Haiti,Yassin Fortune,yassin fortune,FC Vizela (POR),fc vizela por,Forward,,,,False,wc2026_official_squad_corrected,,,,,,,,,,,,,,,,,,,,,,,,,,,,,,,,,,,,,,,,,,,,,,,,,False,False,False,False,False,False
haiti_alexandre_pierre,team_haiti,Haiti,Alexandre Pierre,alexandre pierre,FC Sochaux-Montbéliard (FRA),fc sochaux montbeliard fra,Goalkeeper,,,,False,wc2026_official_squad_corrected,,,,,,,,,,,,,,,,,,,,,,,,,,,,,,,,,,,,,,,,,,,,,,,,,False,False,False,False,False,False
haiti_johny_placide,team_haiti,Haiti,Johny Placide,johny placide,SC Bastia (FRA),sc bastia fra,Goalkeeper,,,,False,wc2026_official_squad_corrected,,,,,,,,,,,,,,,,,,,,,,,,,,,,,,,,,,,,,,,,,,,,,,,,,False,False,False,False,False,False
haiti_josue_duverger,team_haiti,Haiti,Josue Duverger,josue duverger,FC Cosmos Koblenz (GER),fc cosmos koblenz ger,Goalkeeper,,,,False,wc2026_official_squad_corrected,,,,,,,,,,,,,,,,,,,,,,,,,,,,,,,,,,,,,,,,,,,,,,,,,False,False,False,False,False,False
haiti_carl_sainte,team_haiti,Haiti,Carl Sainte,carl sainte,El Paso Locomotive FC (USA),el paso locomotive fc usa,Midfielder,,,,False,wc2026_official_squad_corrected,,,,,,,,,,,,,,,,,,,,,,,,,,,,,,,,,,,,,,,,,,,,,,,,,False,False,False,False,False,False
haiti_danley_jean_jacques,team_haiti,Haiti,Danley Jean Jacques,danley jean jacques,Philadelphia Union (USA),philadelphia union usa,Midfielder,,,,False,wc2026_official_squad_corrected,1.0,USA-Major League Soccer,2026,Philadelphia Union,1150,13,,2,0,2,12,2,,,,,13,13,17,16,11,5,0,,,,0.15652173913043477,0.0,0.15652173913043477,0.9391304347826086,0.15652173913043477,,,,,1.017391304347826,1.017391304347826,1.3304347826086955,1.2521739130434781,0.8608695652173912,0.3913043478260869,0.0,,,,1.017391304347826,,True,True,True,True,True,False,False
haiti_dominique_simon,team_haiti,Haiti,Dominique Simon,dominique simon,FC Tatran Prešov (SVK),fc tatran presov svk,Midfielder,,,,False,wc2026_official_squad_corrected,,,,,,,,,,,,,,,,,,,,,,,,,,,,,,,,,,,,,,,,,,,,,,,,,False,False,False,False,False,False
haiti_jean_ricner_bellegarde,team_haiti,Haiti,Jean-Ricner Bellegarde,jean ricner bellegarde,Wolverhampton Wanderers FC (ENG),wolverhampton wanderers fc eng,Midfielder,,,,False,wc2026_official_squad_corrected,1.0,ENG-Premier League,2526,Wolves,1248,15,,1,1,1,21,7,,,,,15,15,9,20,41,5,0,,,,0.07211538461538461,0.07211538461538461,0.07211538461538461,1.5144230769230769,0.5048076923076923,,,,,1.0817307692307692,1.0817307692307692,0.6490384615384616,1.4423076923076923,2.956730769230769,0.3605769230769231,0.0,,,,1.0817307692307692,,True,True,True,True,True,False,False
haiti_leverton_pierre,team_haiti,Haiti,Leverton Pierre,leverton pierre,FC Vizela (POR),fc vizela por,Midfielder,,,,False,wc2026_official_squad_corrected,,,,,,,,,,,,,,,,,,,,,,,,,,,,,,,,,,,,,,,,,,,,,,,,,False,False,False,False,False,False
haiti_woodensky_pierre,team_haiti,Haiti,Woodensky Pierre,woodensky pierre,Violette AC (HAI),violette ac hai,Midfielder,,,,False,wc2026_official_squad_corrected,,,,,,,,,,,,,,,,,,,,,,,,,,,,,,,,,,,,,,,,,,,,,,,,,False,False,False,False,False,False
iran_ali_nemati,team_iran,Iran,Ali Nemati,ali nemati,Foolad Khuzestan FC (IRN),foolad khuzestan fc irn,Defender,,,,False,wc2026_official_squad_corrected,,,,,,,,,,,,,,,,,,,,,,,,,,,,,,,,,,,,,,,,,,,,,,,,,False,False,False,False,False,False
iran_arya_yousefi,team_iran,Iran,Arya Yousefi,arya yousefi,Sepahan SC (IRN),sepahan sc irn,Defender,,,,False,wc2026_official_squad_corrected,,,,,,,,,,,,,,,,,,,,,,,,,,,,,,,,,,,,,,,,,,,,,,,,,False,False,False,False,False,False
iran_danial_iri,team_iran,Iran,Danial Iri,danial iri,Malavan Anzali FC (IRN),malavan anzali fc irn,Defender,,,,False,wc2026_official_squad_corrected,,,,,,,,,,,,,,,,,,,,,,,,,,,,,,,,,,,,,,,,,,,,,,,,,False,False,False,False,False,False
iran_ehsan_hajisafi,team_iran,Iran,Ehsan Hajisafi,ehsan hajisafi,Sepahan SC (IRN),sepahan sc irn,Defender,,,,False,wc2026_official_squad_corrected,,,,,,,,,,,,,,,,,,,,,,,,,,,,,,,,,,,,,,,,,,,,,,,,,False,False,False,False,False,False
iran_hossein_kanani,team_iran,Iran,Hossein Kanani,hossein kanani,Persepolis FC (IRN),persepolis fc irn,Defender,,,,False,wc2026_official_squad_corrected,,,,,,,,,,,,,,,,,,,,,,,,,,,,,,,,,,,,,,,,,,,,,,,,,False,False,False,False,False,False
iran_milad_mohammadi,team_iran,Iran,Milad Mohammadi,milad mohammadi,Persepolis FC (IRN),persepolis fc irn,Defender,,,,False,wc2026_official_squad_corrected,,,,,,,,,,,,,,,,,,,,,,,,,,,,,,,,,,,,,,,,,,,,,,,,,False,False,False,False,False,False
iran_ramin_rezaeian,team_iran,Iran,Ramin Rezaeian,ramin rezaeian,Foolad Khuzestan FC (IRN),foolad khuzestan fc irn,Defender,,,,False,wc2026_official_squad_corrected,,,,,,,,,,,,,,,,,,,,,,,,,,,,,,,,,,,,,,,,,,,,,,,,,False,False,False,False,False,False
iran_saleh_hardani,team_iran,Iran,Saleh Hardani,saleh hardani,Esteghlal Tehran FC (IRN),esteghlal tehran fc irn,Defender,,,,False,wc2026_official_squad_corrected,,,,,,,,,,,,,,,,,,,,,,,,,,,,,,,,,,,,,,,,,,,,,,,,,False,False,False,False,False,False
iran_shoja_khalilzadeh,team_iran,Iran,Shoja Khalilzadeh,shoja khalilzadeh,Tractor Sazi Tabriz FC (IRN),tractor sazi tabriz fc irn,Defender,,,,False,wc2026_official_squad_corrected,,,,,,,,,,,,,,,,,,,,,,,,,,,,,,,,,,,,,,,,,,,,,,,,,False,False,False,False,False,False
iran_ali_alipour,team_iran,Iran,Ali Alipour,ali alipour,Persepolis FC (IRN),persepolis fc irn,Forward,,,,False,wc2026_official_squad_corrected,,,,,,,,,,,,,,,,,,,,,,,,,,,,,,,,,,,,,,,,,,,,,,,,,False,False,False,False,False,False
iran_amirhossein_hosseinzadeh,team_iran,Iran,Amirhossein Hosseinzadeh,amirhossein hosseinzadeh,Tractor Sazi Tabriz FC (IRN),tractor sazi tabriz fc irn,Forward,,,,False,wc2026_official_squad_corrected,,,,,,,,,,,,,,,,,,,,,,,,,,,,,,,,,,,,,,,,,,,,,,,,,False,False,False,False,False,False
iran_dennis_dargahi,team_iran,Iran,Dennis Dargahi,dennis dargahi,Standard Liège (BEL),standard liege bel,Forward,,,,False,wc2026_official_squad_corrected,,,,,,,,,,,,,,,,,,,,,,,,,,,,,,,,,,,,,,,,,,,,,,,,,False,False,False,False,False,False
iran_mehdi_ghayedi,team_iran,Iran,Mehdi Ghayedi,mehdi ghayedi,Al Nasr SC (UAE),al nasr sc uae,Forward,,,,False,wc2026_official_squad_corrected,,,,,,,,,,,,,,,,,,,,,,,,,,,,,,,,,,,,,,,,,,,,,,,,,False,False,False,False,False,False
iran_mehdi_taremi,team_iran,Iran,Mehdi Taremi,mehdi taremi,Olympiacos FC (GRE),olympiacos fc gre,Forward,,,,False,wc2026_official_squad_corrected,,,,,,,,,,,,,,,,,,,,,,,,,,,,,,,,,,,,,,,,,,,,,,,,,False,False,False,False,False,False
iran_shahriyar_moghanloo,team_iran,Iran,Shahriyar Moghanloo,shahriyar moghanloo,Al Ittihad Kalba SCC (UAE),al ittihad kalba scc uae,Forward,,,,False,wc2026_official_squad_corrected,,,,,,,,,,,,,,,,,,,,,,,,,,,,,,,,,,,,,,,,,,,,,,,,,False,False,False,False,False,False
iran_alireza_beiranvand,team_iran,Iran,Alireza Beiranvand,alireza beiranvand,Tractor Sazi Tabriz FC (IRN),tractor sazi tabriz fc irn,Goalkeeper,,,,False,wc2026_official_squad_corrected,,,,,,,,,,,,,,,,,,,,,,,,,,,,,,,,,,,,,,,,,,,,,,,,,False,False,False,False,False,False
iran_hossein_hosseini,team_iran,Iran,Hossein Hosseini,hossein hosseini,Sepahan SC (IRN),sepahan sc irn,Goalkeeper,,,,False,wc2026_official_squad_corrected,,,,,,,,,,,,,,,,,,,,,,,,,,,,,,,,,,,,,,,,,,,,,,,,,False,False,False,False,False,False
iran_payam_niazmand,team_iran,Iran,Payam Niazmand,payam niazmand,Persepolis FC (IRN),persepolis fc irn,Goalkeeper,,,,False,wc2026_official_squad_corrected,,,,,,,,,,,,,,,,,,,,,,,,,,,,,,,,,,,,,,,,,,,,,,,,,False,False,False,False,False,False
iran_alireza_jahanbakhsh,team_iran,Iran,Alireza Jahanbakhsh,alireza jahanbakhsh,FCV Dender EH (BEL),fcv dender eh bel,Midfielder,,,,False,wc2026_official_squad_corrected,1.0,BEL-Belgian Pro League,2526,Dender,903,9,,1,1,0,20,7,,,,,6,6,4,14,13,5,0,,,,0.09966777408637874,0.09966777408637874,0.0,1.9933554817275747,0.6976744186046512,,,,,0.5980066445182725,0.5980066445182725,0.39867109634551495,1.3953488372093024,1.2956810631229236,0.4983388704318937,0.0,,,,0.8970099667774086,,True,True,True,True,True,False,False
iran_amirmohammad_razaghinia,team_iran,Iran,Amirmohammad Razaghinia,amirmohammad razaghinia,Esteghlal Tehran FC (IRN),esteghlal tehran fc irn,Midfielder,,,,False,wc2026_official_squad_corrected,,,,,,,,,,,,,,,,,,,,,,,,,,,,,,,,,,,,,,,,,,,,,,,,,False,False,False,False,False,False
iran_mehdi_torabi,team_iran,Iran,Mehdi Torabi,mehdi torabi,Tractor Sazi Tabriz FC (IRN),tractor sazi tabriz fc irn,Midfielder,,,,False,wc2026_official_squad_corrected,,,,,,,,,,,,,,,,,,,,,,,,,,,,,,,,,,,,,,,,,,,,,,,,,False,False,False,False,False,False
iran_mohammad_ghorbani,team_iran,Iran,Mohammad Ghorbani,mohammad ghorbani,Al Wahda SC (UAE),al wahda sc uae,Midfielder,,,,False,wc2026_official_squad_corrected,,,,,,,,,,,,,,,,,,,,,,,,,,,,,,,,,,,,,,,,,,,,,,,,,False,False,False,False,False,False
iran_mohammad_mohebbi,team_iran,Iran,Mohammad Mohebbi,mohammad mohebbi,FC Rostov (RUS),fc rostov rus,Midfielder,,,,False,wc2026_official_squad_corrected,,,,,,,,,,,,,,,,,,,,,,,,,,,,,,,,,,,,,,,,,,,,,,,,,False,False,False,False,False,False
iran_roozbeh_cheshmi,team_iran,Iran,Roozbeh Cheshmi,roozbeh cheshmi,Esteghlal Tehran FC (IRN),esteghlal tehran fc irn,Midfielder,,,,False,wc2026_official_squad_corrected,,,,,,,,,,,,,,,,,,,,,,,,,,,,,,,,,,,,,,,,,,,,,,,,,False,False,False,False,False,False
iran_saeid_ezatolahi,team_iran,Iran,Saeid Ezatolahi,saeid ezatolahi,Shabab Al Ahli Club (UAE),shabab al ahli club uae,Midfielder,,,,False,wc2026_official_squad_corrected,,,,,,,,,,,,,,,,,,,,,,,,,,,,,,,,,,,,,,,,,,,,,,,,,False,False,False,False,False,False
iran_saman_ghoddos,team_iran,Iran,Saman Ghoddos,saman ghoddos,Al Ittihad Kalba SCC (UAE),al ittihad kalba scc uae,Midfielder,,,,False,wc2026_official_squad_corrected,,,,,,,,,,,,,,,,,,,,,,,,,,,,,,,,,,,,,,,,,,,,,,,,,False,False,False,False,False,False
iraq_ahmed_yahya,team_iraq,Iraq,Ahmed Yahya,ahmed yahya,Al Shorta SC (IRQ),al shorta sc irq,Defender,,,,False,wc2026_official_squad_corrected,,,,,,,,,,,,,,,,,,,,,,,,,,,,,,,,,,,,,,,,,,,,,,,,,False,False,False,False,False,False
iraq_akam_hashim,team_iraq,Iraq,Akam Hashim,akam hashim,Al Zawra'a SC (IRQ),al zawra a sc irq,Defender,,,,False,wc2026_official_squad_corrected,,,,,,,,,,,,,,,,,,,,,,,,,,,,,,,,,,,,,,,,,,,,,,,,,False,False,False,False,False,False
iraq_frans_putros,team_iraq,Iraq,Frans Putros,frans putros,Persib Bandung (IDN),persib bandung idn,Defender,,,,False,wc2026_official_squad_corrected,,,,,,,,,,,,,,,,,,,,,,,,,,,,,,,,,,,,,,,,,,,,,,,,,False,False,False,False,False,False
iraq_hussein_ali,team_iraq,Iraq,Hussein Ali,hussein ali,Pogoń Szczecin (POL),pogon szczecin pol,Defender,,,,False,wc2026_official_squad_corrected,,,,,,,,,,,,,,,,,,,,,,,,,,,,,,,,,,,,,,,,,,,,,,,,,False,False,False,False,False,False
iraq_merchas_doski,team_iraq,Iraq,Merchas Doski,merchas doski,FC Viktoria Plzeň (CZE),fc viktoria plzen cze,Defender,,,,False,wc2026_official_squad_corrected,,,,,,,,,,,,,,,,,,,,,,,,,,,,,,,,,,,,,,,,,,,,,,,,,False,False,False,False,False,False
iraq_munaf_younus,team_iraq,Iraq,Munaf Younus,munaf younus,Al Shorta SC (IRQ),al shorta sc irq,Defender,,,,False,wc2026_official_squad_corrected,,,,,,,,,,,,,,,,,,,,,,,,,,,,,,,,,,,,,,,,,,,,,,,,,False,False,False,False,False,False
iraq_mustafa_saadoon,team_iraq,Iraq,Mustafa Saadoon,mustafa saadoon,Al Shorta SC (IRQ),al shorta sc irq,Defender,,,,False,wc2026_official_squad_corrected,,,,,,,,,,,,,,,,,,,,,,,,,,,,,,,,,,,,,,,,,,,,,,,,,False,False,False,False,False,False
iraq_rebin_ghareeb,team_iraq,Iraq,Rebin Ghareeb,rebin ghareeb,Port FC (THA),port fc tha,Defender,,,,False,wc2026_official_squad_corrected,,,,,,,,,,,,,,,,,,,,,,,,,,,,,,,,,,,,,,,,,,,,,,,,,False,False,False,False,False,False
iraq_zaid_tahseen,team_iraq,Iraq,Zaid Tahseen,zaid tahseen,Pakhtakor Tashkent FK (UZB),pakhtakor tashkent fk uzb,Defender,,,,False,wc2026_official_squad_corrected,,,,,,,,,,,,,,,,,,,,,,,,,,,,,,,,,,,,,,,,,,,,,,,,,False,False,False,False,False,False
iraq_ahmed_qasim,team_iraq,Iraq,Ahmed Qasim,ahmed qasim,Nashville SC (USA),nashville sc usa,Forward,,,,False,wc2026_official_squad_corrected,,,,,,,,,,,,,,,,,,,,,,,,,,,,,,,,,,,,,,,,,,,,,,,,,False,False,False,False,False,False
iraq_ali_alhamadi,team_iraq,Iraq,Ali Alhamadi,ali alhamadi,Luton Town FC (ENG),luton town fc eng,Forward,,,,False,wc2026_official_squad_corrected,,,,,,,,,,,,,,,,,,,,,,,,,,,,,,,,,,,,,,,,,,,,,,,,,False,False,False,False,False,False
iraq_ali_jasim,team_iraq,Iraq,Ali Jasim,ali jasim,Al Najmah SC (KSA),al najmah sc ksa,Forward,,,,False,wc2026_official_squad_corrected,1.0,KSA-Saudi Pro League,2526,Al-Najma,1612,19,,4,1,4,43,18,,,,,16,16,5,18,16,1,0,,,,0.22332506203473945,0.05583126550868486,0.22332506203473945,2.400744416873449,1.0049627791563276,,,,,0.8933002481389578,0.8933002481389578,0.2791563275434243,1.0049627791563276,0.8933002481389578,0.05583126550868486,0.0,,,,1.0607940446650124,,True,True,True,True,True,False,False
iraq_ali_yousif,team_iraq,Iraq,Ali Yousif,ali yousif,Al Talaba SC (IRQ),al talaba sc irq,Forward,,,,False,wc2026_official_squad_corrected,,,,,,,,,,,,,,,,,,,,,,,,,,,,,,,,,,,,,,,,,,,,,,,,,False,False,False,False,False,False
iraq_aymen_hussein,team_iraq,Iraq,Aymen Hussein,aymen hussein,Al Karma SC (IRQ),al karma sc irq,Forward,,,,False,wc2026_official_squad_corrected,,,,,,,,,,,,,,,,,,,,,,,,,,,,,,,,,,,,,,,,,,,,,,,,,False,False,False,False,False,False
iraq_marko_farji,team_iraq,Iraq,Marko Farji,marko farji,Venezia FC (ITA),venezia fc ita,Forward,,,,False,wc2026_official_squad_corrected,,,,,,,,,,,,,,,,,,,,,,,,,,,,,,,,,,,,,,,,,,,,,,,,,False,False,False,False,False,False
iraq_mohanad_ali,team_iraq,Iraq,Mohanad Ali,mohanad ali,Dibba FC (UAE),dibba fc uae,Forward,,,,False,wc2026_official_squad_corrected,,,,,,,,,,,,,,,,,,,,,,,,,,,,,,,,,,,,,,,,,,,,,,,,,False,False,False,False,False,False
iraq_ahmed_basil,team_iraq,Iraq,Ahmed Basil,ahmed basil,Al Shorta SC (IRQ),al shorta sc irq,Goalkeeper,,,,False,wc2026_official_squad_corrected,,,,,,,,,,,,,,,,,,,,,,,,,,,,,,,,,,,,,,,,,,,,,,,,,False,False,False,False,False,False
iraq_fahad_talib,team_iraq,Iraq,Fahad Talib,fahad talib,Al Talaba SC (IRQ),al talaba sc irq,Goalkeeper,,,,False,wc2026_official_squad_corrected,,,,,,,,,,,,,,,,,,,,,,,,,,,,,,,,,,,,,,,,,,,,,,,,,False,False,False,False,False,False
iraq_jalal_hassan,team_iraq,Iraq,Jalal Hassan,jalal hassan,Al Zawra'a SC (IRQ),al zawra a sc irq,Goalkeeper,,,,False,wc2026_official_squad_corrected,,,,,,,,,,,,,,,,,,,,,,,,,,,,,,,,,,,,,,,,,,,,,,,,,False,False,False,False,False,False
iraq_aimar_sher,team_iraq,Iraq,Aimar Sher,aimar sher,Sarpsborg 08 FF (NOR),sarpsborg 08 ff nor,Midfielder,,,,False,wc2026_official_squad_corrected,,,,,,,,,,,,,,,,,,,,,,,,,,,,,,,,,,,,,,,,,,,,,,,,,False,False,False,False,False,False
iraq_amir_alammari,team_iraq,Iraq,Amir Alammari,amir alammari,KS Cracovia (POL),ks cracovia pol,Midfielder,,,,False,wc2026_official_squad_corrected,,,,,,,,,,,,,,,,,,,,,,,,,,,,,,,,,,,,,,,,,,,,,,,,,False,False,False,False,False,False
iraq_ibrahim_bayesh,team_iraq,Iraq,Ibrahim Bayesh,ibrahim bayesh,Al Dhafra SCC (UAE),al dhafra scc uae,Midfielder,,,,False,wc2026_official_squad_corrected,1.0,KSA-Saudi Pro League,2526,Al-Riyadh SC,1021,11,,1,0,1,9,4,,,,,13,13,14,22,14,5,1,,,,0.0881488736532811,0.0,0.0881488736532811,0.7933398628795298,0.3525954946131244,,,,,1.1459353574926543,1.1459353574926543,1.2340842311459352,1.9392752203721841,1.2340842311459352,0.44074436826640545,0.0881488736532811,,,,0.9696376101860921,,True,True,True,True,True,False,False
iraq_kevin_yakob,team_iraq,Iraq,Kevin Yakob,kevin yakob,Aarhus GF (DEN),aarhus gf den,Midfielder,,,,False,wc2026_official_squad_corrected,,,,,,,,,,,,,,,,,,,,,,,,,,,,,,,,,,,,,,,,,,,,,,,,,False,False,False,False,False,False
iraq_youssef_amyn,team_iraq,Iraq,Youssef Amyn,youssef amyn,AEK Larnaca FC (CYP),aek larnaca fc cyp,Midfielder,,,,False,wc2026_official_squad_corrected,,,,,,,,,,,,,,,,,,,,,,,,,,,,,,,,,,,,,,,,,,,,,,,,,False,False,False,False,False,False
iraq_zaid_ismael,team_iraq,Iraq,Zaid Ismael,zaid ismael,Al Talaba SC (IRQ),al talaba sc irq,Midfielder,,,,False,wc2026_official_squad_corrected,,,,,,,,,,,,,,,,,,,,,,,,,,,,,,,,,,,,,,,,,,,,,,,,,False,False,False,False,False,False
iraq_zidane_iqbal,team_iraq,Iraq,Zidane Iqbal,zidane iqbal,FC Utrecht (NED),fc utrecht ned,Midfielder,,,,False,wc2026_official_squad_corrected,1.0,NED-Eredivisie,2526,Utrecht,254,3,,0,0,0,0,0,,,,,3,3,3,2,4,1,0,,,,0.0,0.0,0.0,0.0,0.0,,,,,1.0629921259842519,1.0629921259842519,1.0629921259842519,0.7086614173228346,1.4173228346456692,0.3543307086614173,0.0,,,,1.0629921259842519,,False,True,False,False,False,False,False
ivory_coast_christopher_operi,team_ivory_coast,Ivory Coast,Christopher Operi,christopher operi,Başakşehir FK (TUR),basaksehir fk tur,Defender,,,,False,wc2026_official_squad_corrected,1.0,TUR-Super Lig,2526,Başakşehir,1821,22,,0,4,0,13,2,,,,,17,17,22,21,26,3,0,,,,0.0,0.19769357495881382,0.0,0.642504118616145,0.09884678747940691,,,,,0.8401976935749588,0.8401976935749588,1.087314662273476,1.0378912685337727,1.28500823723229,0.14827018121911037,0.0,,,,1.087314662273476,,True,True,True,True,True,False,False
ivory_coast_emmanuel_agbadou,team_ivory_coast,Ivory Coast,Emmanuel Agbadou,emmanuel agbadou,Beşiktaş JK (TUR),besiktas jk tur,Defender,,,,False,wc2026_official_squad_corrected,2.0,"ENG-Premier League, TUR-Super Lig",2526,"Beşiktaş, Wolves",2192,24,,1,1,1,19,7,,,,,36,36,31,28,10,5,1,,,,0.04105839416058395,0.04105839416058395,0.04105839416058395,0.7801094890510949,0.2874087591240876,,,,,1.478102189781022,1.478102189781022,1.2728102189781023,1.1496350364963503,0.41058394160583944,0.20529197080291972,0.04105839416058395,,,,0.9854014598540146,,True,True,True,True,True,False,False
ivory_coast_evan_ndicka,team_ivory_coast,Ivory Coast,Evan Ndicka,evan ndicka,AS Roma (ITA),as roma ita,Defender,,,,False,wc2026_official_squad_corrected,,,,,,,,,,,,,,,,,,,,,,,,,,,,,,,,,,,,,,,,,,,,,,,,,False,False,False,False,False,False
ivory_coast_ghislain_konan,team_ivory_coast,Ivory Coast,Ghislain Konan,ghislain konan,Gil Vicente FC (POR),gil vicente fc por,Defender,,,,False,wc2026_official_squad_corrected,1.0,POR-Primeira Liga,2526,Gil Vicente FC,2658,30,,0,0,0,17,6,,,,,28,28,26,23,26,5,0,,,,0.0,0.0,0.0,0.5756207674943566,0.20316027088036115,,,,,0.9480812641083521,0.9480812641083521,0.8803611738148984,0.7787810383747178,0.8803611738148984,0.1693002257336343,0.0,,,,1.0158013544018059,,True,True,True,True,True,False,False
ivory_coast_guela_doue,team_ivory_coast,Ivory Coast,Guela Doue,guela doue,RC Strasbourg (FRA),rc strasbourg fra,Defender,,,,False,wc2026_official_squad_corrected,1.0,FRA-Ligue 1,2526,Strasbourg,2061,23,,2,6,2,12,5,,,,,38,38,27,42,24,3,0,,,,0.08733624454148473,0.26200873362445415,0.08733624454148473,0.5240174672489083,0.2183406113537118,,,,,1.6593886462882097,1.6593886462882097,1.1790393013100438,1.834061135371179,1.0480349344978166,0.13100436681222707,0.0,,,,1.0043668122270744,,True,True,True,True,True,False,False
ivory_coast_odilon_kossounou,team_ivory_coast,Ivory Coast,Odilon Kossounou,odilon kossounou,Atalanta Bergamo (ITA),atalanta bergamo ita,Defender,,,,False,wc2026_official_squad_corrected,1.0,ITA-Serie A,2526,Atalanta,988,10,,1,0,1,5,1,,,,,14,14,10,16,3,1,0,,,,0.09109311740890688,0.0,0.09109311740890688,0.45546558704453444,0.09109311740890688,,,,,1.2753036437246963,1.2753036437246963,0.9109311740890689,1.45748987854251,0.2732793522267207,0.09109311740890688,0.0,,,,0.9109311740890689,,True,True,True,True,True,False,False
ivory_coast_ousmane_diomande,team_ivory_coast,Ivory Coast,Ousmane Diomande,ousmane diomande,Sporting CP (POR),sporting cp por,Defender,,,,False,wc2026_official_squad_corrected,1.0,POR-Primeira Liga,2526,Sporting CP,1296,15,,0,1,0,10,2,,,,,10,10,13,28,8,5,0,,,,0.0,0.06944444444444445,0.0,0.6944444444444444,0.1388888888888889,,,,,0.6944444444444444,0.6944444444444444,0.9027777777777778,1.9444444444444444,0.5555555555555556,0.3472222222222222,0.0,,,,1.0416666666666667,,True,True,True,True,True,False,False
ivory_coast_wilfried_singo,team_ivory_coast,Ivory Coast,Wilfried Singo,wilfried singo,Galatasaray SK (TUR),galatasaray sk tur,Defender,,,,False,wc2026_official_squad_corrected,2.0,"FRA-Ligue 1, TUR-Super Lig",2526,"Galatasaray, Monaco",951,11,,2,1,2,12,3,,,,,11,11,14,19,18,3,0,,,,0.18927444794952683,0.09463722397476342,0.18927444794952683,1.135646687697161,0.28391167192429023,,,,,1.0410094637223974,1.0410094637223974,1.3249211356466877,1.7981072555205049,1.7034700315457414,0.28391167192429023,0.0,,,,1.0410094637223974,,True,True,True,True,True,False,False
ivory_coast_amad_diallo,team_ivory_coast,Ivory Coast,Amad Diallo,amad diallo,Manchester United FC (ENG),manchester united fc eng,Forward,,,,False,wc2026_official_squad_corrected,1.0,ENG-Premier League,2526,Manchester Utd,2341,27,,2,3,2,53,23,,,,,23,23,15,24,38,2,0,,,,0.07689021785561725,0.11533532678342588,0.07689021785561725,2.037590773173857,0.8842375053395984,,,,,0.8842375053395984,0.8842375053395984,0.5766766339171294,0.922682614267407,1.4609141392567278,0.07689021785561725,0.0,,,,1.038017941050833,,True,True,True,True,True,False,False
ivory_coast_ange_yoan_bonny,team_ivory_coast,Ivory Coast,Ange-Yoan Bonny,ange yoan bonny,FC Internazionale Milano (ITA),fc internazionale milano ita,Forward,,,,False,wc2026_official_squad_corrected,1.0,ITA-Serie A,2526,Inter,1142,10,,5,4,5,22,9,,,,,9,9,1,17,24,1,0,,,,0.394045534150613,0.3152364273204904,0.394045534150613,1.733800350262697,0.7092819614711033,,,,,0.7092819614711033,0.7092819614711033,0.0788091068301226,1.339754816112084,1.8914185639229424,0.0788091068301226,0.0,,,,0.788091068301226,,True,True,True,True,True,False,False
ivory_coast_bazoumana_toure,team_ivory_coast,Ivory Coast,Bazoumana Toure,bazoumana toure,TSG Hoffenheim (GER),tsg hoffenheim ger,Forward,,,,False,wc2026_official_squad_corrected,1.0,GER-Bundesliga,2526,Hoffenheim,2308,29,,5,9,5,48,13,,,,,22,22,6,44,29,2,0,,,,0.1949740034662045,0.3509532062391681,0.1949740034662045,1.8717504332755632,0.5069324090121317,,,,,0.8578856152512998,0.8578856152512998,0.2339688041594454,1.7157712305025996,1.1308492201039861,0.0779896013864818,0.0,,,,1.1308492201039861,,True,True,True,True,True,False,False
ivory_coast_elye_wahi,team_ivory_coast,Ivory Coast,Elye Wahi,elye wahi,OGC Nice (FRA),ogc nice fra,Forward,,,,False,wc2026_official_squad_corrected,2.0,"FRA-Ligue 1, GER-Bundesliga",2526,"Eintracht Frankfurt, Nice",1246,14,,5,2,4,30,18,,,,,5,5,2,23,9,6,0,,,,0.3611556982343499,0.14446227929373998,0.28892455858747995,2.1669341894060996,1.3001605136436596,,,,,0.3611556982343499,0.3611556982343499,0.14446227929373998,1.6613162118780096,0.6500802568218298,0.4333868378812199,0.0,,,,1.0112359550561798,,True,True,True,True,True,False,False
ivory_coast_evann_guessand,team_ivory_coast,Ivory Coast,Evann Guessand,evann guessand,Crystal Palace FC (ENG),crystal palace fc eng,Forward,,,,False,wc2026_official_squad_corrected,2.0,ENG-Premier League,2526,"Aston Villa, Crystal Palace",918,9,,1,2,1,11,6,,,,,11,11,5,15,20,0,0,,,,0.09803921568627452,0.19607843137254904,0.09803921568627452,1.0784313725490198,0.5882352941176471,,,,,1.0784313725490198,1.0784313725490198,0.4901960784313726,1.4705882352941178,1.9607843137254903,0.0,0.0,,,,0.8823529411764707,,True,True,True,True,True,False,False
ivory_coast_nicolas_pepe,team_ivory_coast,Ivory Coast,Nicolas Pepe,nicolas pepe,Villarreal CF (ESP),villarreal cf esp,Forward,,,,False,wc2026_official_squad_corrected,1.0,ESP-La Liga,2526,Villarreal,2393,26,,8,8,7,63,25,,,,,21,21,15,23,43,4,0,,,,0.30087755954868367,0.30087755954868367,0.2632678646050982,2.369410781445884,0.9402423735896365,,,,,0.7898035938152946,0.7898035938152946,0.5641454241537819,0.8650229837024656,1.6172168825741746,0.15043877977434184,0.0,,,,0.9778520685332219,,True,True,True,True,True,False,False
ivory_coast_oumar_diakite,team_ivory_coast,Ivory Coast,Oumar Diakite,oumar diakite,Cercle Brugge (BEL),cercle brugge bel,Forward,,,,False,wc2026_official_squad_corrected,1.0,BEL-Belgian Pro League,2526,Cercle Brugge,1424,15,,7,0,6,39,18,,,,,10,10,1,30,21,4,1,,,,0.44241573033707865,0.0,0.3792134831460674,2.464887640449438,1.1376404494382022,,,,,0.6320224719101123,0.6320224719101123,0.06320224719101124,1.896067415730337,1.327247191011236,0.25280898876404495,0.06320224719101124,,,,0.9480337078651685,,True,True,True,True,True,False,False
ivory_coast_simon_adingra,team_ivory_coast,Ivory Coast,Simon Adingra,simon adingra,AS Monaco (FRA),as monaco fra,Forward,,,,False,wc2026_official_squad_corrected,2.0,"ENG-Premier League, FRA-Ligue 1",2526,"Monaco, Sunderland",1508,19,,4,2,4,28,8,,,,,17,17,8,25,11,2,0,,,,0.23872679045092837,0.11936339522546419,0.23872679045092837,1.6710875331564985,0.47745358090185674,,,,,1.0145888594164456,1.0145888594164456,0.47745358090185674,1.4920424403183024,0.656498673740053,0.11936339522546419,0.0,,,,1.1339522546419099,,True,True,True,True,True,False,False
ivory_coast_yan_diomande,team_ivory_coast,Ivory Coast,Yan Diomande,yan diomande,RB Leipzig (GER),rb leipzig ger,Forward,,,,False,wc2026_official_squad_corrected,1.0,GER-Bundesliga,2526,RB Leipzig,2472,28,,12,8,12,53,26,,,,,19,19,16,19,34,2,0,,,,0.4368932038834952,0.29126213592233013,0.4368932038834952,1.929611650485437,0.9466019417475728,,,,,0.691747572815534,0.691747572815534,0.5825242718446603,0.691747572815534,1.237864077669903,0.07281553398058253,0.0,,,,1.0194174757281553,,True,True,True,True,True,False,False
ivory_coast_alban_lafont,team_ivory_coast,Ivory Coast,Alban Lafont,alban lafont,Panathinaikos FC (GRE),panathinaikos fc gre,Goalkeeper,,,,False,wc2026_official_squad_corrected,,,,,,,,,,,,,,,,,,,,,,,,,,,,,,,,,,,,,,,,,,,,,,,,,False,False,False,False,False,False
ivory_coast_mohamed_kone,team_ivory_coast,Ivory Coast,Mohamed Kone,mohamed kone,Sporting Charleroi (BEL),sporting charleroi bel,Goalkeeper,,,,False,wc2026_official_squad_corrected,1.0,BEL-Belgian Pro League,2526,Charleroi,1710,19,6,0,0,0,0,0,,,,,1,1,0,0,4,2,0,50,18,,0.0,0.0,0.0,0.0,0.0,,,,,0.05263157894736842,0.05263157894736842,0.0,0.0,0.21052631578947367,0.10526315789473684,0.0,2.6315789473684212,0.9473684210526315,,1.0,0.3157894736842105,True,True,True,False,False,True,False
ivory_coast_yahia_fofana,team_ivory_coast,Ivory Coast,Yahia Fofana,yahia fofana,Çaykur Rizespor (TUR),caykur rizespor tur,Goalkeeper,,,,False,wc2026_official_squad_corrected,1.0,TUR-Super Lig,2526,Rizespor,2430,27,6,0,1,0,0,0,,,,,0,0,1,0,8,2,0,88,42,,0.0,0.037037037037037035,0.0,0.0,0.0,,,,,0.0,0.0,0.037037037037037035,0.0,0.2962962962962963,0.07407407407407407,0.0,3.259259259259259,1.5555555555555556,,1.0,0.2222222222222222,True,True,True,False,False,True,False
ivory_coast_christ_inao_oulai,team_ivory_coast,Ivory Coast,Christ Inao Oulai,christ inao oulai,Trabzonspor (TUR),trabzonspor tur,Midfielder,,,,False,wc2026_official_squad_corrected,1.0,TUR-Super Lig,2526,Trabzonspor,2067,24,,2,4,2,24,7,,,,,27,27,22,39,49,9,0,,,,0.08708272859216257,0.17416545718432513,0.08708272859216257,1.0449927431059507,0.30478955007256897,,,,,1.1756168359941945,1.1756168359941945,0.9579100145137882,1.6981132075471699,2.1335268505079825,0.3918722786647315,0.0,,,,1.0449927431059507,,True,True,True,True,True,False,False
ivory_coast_franck_kessie,team_ivory_coast,Ivory Coast,Franck Kessie,franck kessie,Al Ahli FC (KSA),al ahli fc ksa,Midfielder,,,,False,wc2026_official_squad_corrected,1.0,KSA-Saudi Pro League,2526,Al-Ahli,2165,26,,5,3,5,33,19,,,,,15,15,16,33,16,5,0,,,,0.20785219399538105,0.12471131639722863,0.20785219399538105,1.371824480369515,0.789838337182448,,,,,0.6235565819861432,0.6235565819861432,0.6651270207852193,1.371824480369515,0.6651270207852193,0.20785219399538105,0.0,,,,1.0808314087759814,,True,True,True,True,True,False,False
ivory_coast_ibrahim_sangare,team_ivory_coast,Ivory Coast,Ibrahim Sangare,ibrahim sangare,Nottingham Forest FC (ENG),nottingham forest fc eng,Midfielder,,,,False,wc2026_official_squad_corrected,1.0,ENG-Premier League,2526,Nottingham Forest,2075,25,,2,2,2,16,5,,,,,32,32,22,42,18,5,0,,,,0.08674698795180723,0.08674698795180723,0.08674698795180723,0.6939759036144578,0.21686746987951805,,,,,1.3879518072289156,1.3879518072289156,0.9542168674698794,1.8216867469879516,0.780722891566265,0.21686746987951805,0.0,,,,1.0843373493975903,,True,True,True,True,True,False,False
ivory_coast_jean_michael_seri,team_ivory_coast,Ivory Coast,Jean Michael Seri,jean michael seri,NK Maribor (SVN),nk maribor svn,Midfielder,,,,False,wc2026_official_squad_corrected,,,,,,,,,,,,,,,,,,,,,,,,,,,,,,,,,,,,,,,,,,,,,,,,,False,False,False,False,False,False
ivory_coast_parfait_guiagon,team_ivory_coast,Ivory Coast,Parfait Guiagon,parfait guiagon,Sporting Charleroi (BEL),sporting charleroi bel,Midfielder,,,,False,wc2026_official_squad_corrected,1.0,BEL-Belgian Pro League,2526,Charleroi,2544,29,,9,5,6,80,22,,,,,14,14,12,30,63,6,0,,,,0.31839622641509435,0.1768867924528302,0.21226415094339623,2.8301886792452833,0.7783018867924528,,,,,0.49528301886792453,0.49528301886792453,0.42452830188679247,1.0613207547169812,2.2287735849056602,0.21226415094339623,0.0,,,,1.025943396226415,,True,True,True,True,True,False,False
ivory_coast_seko_fofana,team_ivory_coast,Ivory Coast,Seko Fofana,seko fofana,FC Porto (POR),fc porto por,Midfielder,,,,False,wc2026_official_squad_corrected,2.0,"FRA-Ligue 1, POR-Primeira Liga",2526,"Porto, Rennes",940,8,,4,0,4,19,6,,,,,7,7,3,5,16,1,0,,,,0.3829787234042553,0.0,0.3829787234042553,1.8191489361702127,0.5744680851063829,,,,,0.6702127659574468,0.6702127659574468,0.28723404255319146,0.4787234042553191,1.5319148936170213,0.09574468085106383,0.0,,,,0.7659574468085106,,True,True,True,True,True,False,False
japan_ayumu_seko,team_japan,Japan,Ayumu Seko,ayumu seko,Le Havre AC (FRA),le havre ac fra,Defender,,,,False,wc2026_official_squad_corrected,1.0,FRA-Ligue 1,2526,Le Havre,2625,29,,0,0,0,17,6,,,,,24,24,35,28,20,6,0,,,,0.0,0.0,0.0,0.5828571428571429,0.2057142857142857,,,,,0.8228571428571428,0.8228571428571428,1.2,0.96,0.6857142857142857,0.2057142857142857,0.0,,,,0.9942857142857142,,True,True,True,True,True,False,False
japan_hiroki_ito,team_japan,Japan,Hiroki Ito,hiroki ito,FC Bayern München (GER),fc bayern munchen ger,Defender,,,,False,wc2026_official_squad_corrected,1.0,GER-Bundesliga,2526,Bayern Munich,920,10,,1,2,1,10,3,,,,,3,3,13,10,3,0,0,,,,0.09782608695652174,0.1956521739130435,0.09782608695652174,0.9782608695652175,0.29347826086956524,,,,,0.29347826086956524,0.29347826086956524,1.2717391304347827,0.9782608695652175,0.29347826086956524,0.0,0.0,,,,0.9782608695652175,,True,True,True,True,True,False,False
japan_junnosuke_suzuki,team_japan,Japan,Junnosuke Suzuki,junnosuke suzuki,FC København (DEN),fc k benhavn den,Defender,,,,False,wc2026_official_squad_corrected,,,,,,,,,,,,,,,,,,,,,,,,,,,,,,,,,,,,,,,,,,,,,,,,,False,False,False,False,False,False
japan_kou_itakura,team_japan,Japan,Kou Itakura,kou itakura,AFC Ajax (NED),afc ajax ned,Defender,,,,False,wc2026_official_squad_corrected,,,,,,,,,,,,,,,,,,,,,,,,,,,,,,,,,,,,,,,,,,,,,,,,,False,False,False,False,False,False
japan_shogo_taniguchi,team_japan,Japan,Shogo Taniguchi,shogo taniguchi,Sint-Truiden VV (BEL),sint truiden vv bel,Defender,,,,False,wc2026_official_squad_corrected,1.0,BEL-Belgian Pro League,2526,Sint-Truiden,2958,32,,1,1,1,13,2,,,,,28,28,42,25,25,4,0,,,,0.030425963488843813,0.030425963488843813,0.030425963488843813,0.39553752535496955,0.060851926977687626,,,,,0.8519269776876267,0.8519269776876267,1.2778904665314401,0.7606490872210954,0.7606490872210954,0.12170385395537525,0.0,,,,0.973630831643002,,True,True,True,True,True,False,False
japan_takehiro_tomiyasu,team_japan,Japan,Takehiro Tomiyasu,takehiro tomiyasu,AFC Ajax (NED),afc ajax ned,Defender,,,,False,wc2026_official_squad_corrected,1.0,NED-Eredivisie,2526,Ajax,207,2,,0,0,0,1,0,,,,,2,2,6,2,2,0,1,,,,0.0,0.0,0.0,0.4347826086956522,0.0,,,,,0.8695652173913044,0.8695652173913044,2.608695652173913,0.8695652173913044,0.8695652173913044,0.0,0.4347826086956522,,,,0.8695652173913044,,False,True,False,False,False,False,False
japan_tsuyoshi_watanabe,team_japan,Japan,Tsuyoshi Watanabe,tsuyoshi watanabe,Feyenoord Rotterdam (NED),feyenoord rotterdam ned,Defender,,,,False,wc2026_official_squad_corrected,1.0,NED-Eredivisie,2526,Feyenoord,2634,30,,2,0,2,23,10,,,,,22,22,29,22,15,1,0,,,,0.0683371298405467,0.0,0.0683371298405467,0.785876993166287,0.3416856492027335,,,,,0.7517084282460137,0.7517084282460137,0.9908883826879271,0.7517084282460137,0.5125284738041003,0.03416856492027335,0.0,,,,1.0250569476082005,,True,True,True,True,True,False,False
japan_yukinari_sugawara,team_japan,Japan,Yukinari Sugawara,yukinari sugawara,SV Werder Bremen (GER),sv werder bremen ger,Defender,,,,False,wc2026_official_squad_corrected,1.0,GER-Bundesliga,2526,Werder Bremen,2428,29,,0,6,0,30,11,,,,,22,22,15,22,11,2,1,,,,0.0,0.22240527182866557,0.0,1.112026359143328,0.40774299835255357,,,,,0.8154859967051071,0.8154859967051071,0.556013179571664,0.8154859967051071,0.40774299835255357,0.07413509060955518,0.03706754530477759,,,,1.0749588138385502,,True,True,True,True,True,False,False
japan_yuto_nagatomo,team_japan,Japan,Yuto Nagatomo,yuto nagatomo,FC Tokyo (JPN),fc tokyo jpn,Defender,,,,False,wc2026_official_squad_corrected,,,,,,,,,,,,,,,,,,,,,,,,,,,,,,,,,,,,,,,,,,,,,,,,,False,False,False,False,False,False
japan_ayase_ueda,team_japan,Japan,Ayase Ueda,ayase ueda,Feyenoord Rotterdam (NED),feyenoord rotterdam ned,Forward,,,,False,wc2026_official_squad_corrected,1.0,NED-Eredivisie,2526,Feyenoord,2518,31,,25,1,24,102,46,,,,,6,6,3,24,60,2,0,,,,0.8935663224781573,0.035742652899126294,0.857823669579031,3.6457505957108816,1.6441620333598093,,,,,0.21445591739475775,0.21445591739475775,0.10722795869737888,0.857823669579031,2.1445591739475773,0.07148530579825259,0.0,,,,1.108022239872915,,True,True,True,True,True,False,False
japan_keisuke_goto,team_japan,Japan,Keisuke Goto,keisuke goto,Sint-Truiden VV (BEL),sint truiden vv bel,Forward,,,,False,wc2026_official_squad_corrected,1.0,BEL-Belgian Pro League,2526,Sint-Truiden,2878,32,,11,7,9,62,25,,,,,22,22,10,37,33,5,0,,,,0.3439888811674774,0.21890201528839473,0.28144544822793605,1.9388464211257819,0.7817929117442669,,,,,0.6879777623349548,0.6879777623349548,0.3127171646977067,1.1570535093815149,1.0319666435024322,0.15635858234885336,0.0,,,,1.0006949270326615,,True,True,True,True,True,False,False
japan_kento_shiogai,team_japan,Japan,Kento Shiogai,kento shiogai,VfL Wolfsburg (GER),vfl wolfsburg ger,Forward,,,,False,wc2026_official_squad_corrected,2.0,"GER-Bundesliga, NED-Eredivisie",2526,"NEC Nijmegen, Wolfsburg",689,3,,8,0,8,23,14,,,,,6,6,3,17,12,4,0,,,,1.0449927431059507,0.0,1.0449927431059507,3.004354136429608,1.8287373004354135,,,,,0.7837445573294629,0.7837445573294629,0.39187227866473145,2.2206095791001452,1.5674891146589258,0.5224963715529753,0.0,,,,0.39187227866473145,,True,True,True,True,True,False,False
japan_koki_ogawa,team_japan,Japan,Koki Ogawa,koki ogawa,NEC Nijmegen (NED),nec nijmegen ned,Forward,,,,False,wc2026_official_squad_corrected,1.0,NED-Eredivisie,2526,NEC Nijmegen,1269,17,,8,3,7,43,18,,,,,7,7,3,13,16,1,0,,,,0.5673758865248227,0.2127659574468085,0.49645390070921985,3.049645390070922,1.2765957446808511,,,,,0.49645390070921985,0.49645390070921985,0.2127659574468085,0.9219858156028369,1.1347517730496455,0.07092198581560284,0.0,,,,1.2056737588652482,,True,True,True,True,True,False,False
japan_keisuke_osako,team_japan,Japan,Keisuke Osako,keisuke osako,Sanfrecce Hiroshima (JPN),sanfrecce hiroshima jpn,Goalkeeper,,,,False,wc2026_official_squad_corrected,,,,,,,,,,,,,,,,,,,,,,,,,,,,,,,,,,,,,,,,,,,,,,,,,False,False,False,False,False,False
japan_tomoki_hayakawa,team_japan,Japan,Tomoki Hayakawa,tomoki hayakawa,Kashima Antlers (JPN),kashima antlers jpn,Goalkeeper,,,,False,wc2026_official_squad_corrected,,,,,,,,,,,,,,,,,,,,,,,,,,,,,,,,,,,,,,,,,,,,,,,,,False,False,False,False,False,False
japan_zion_suzuki,team_japan,Japan,Zion Suzuki,zion suzuki,Parma (ITA),parma ita,Goalkeeper,,,,False,wc2026_official_squad_corrected,1.0,ITA-Serie A,2526,Parma,1800,20,5,0,0,0,0,0,,,,,0,0,0,0,4,1,0,65,28,,0.0,0.0,0.0,0.0,0.0,,,,,0.0,0.0,0.0,0.0,0.2,0.05,0.0,3.25,1.4,,1.0,0.25,True,True,True,False,False,True,False
japan_ao_tanaka,team_japan,Japan,Ao Tanaka,ao tanaka,Leeds United FC (ENG),leeds united fc eng,Midfielder,,,,False,wc2026_official_squad_corrected,1.0,ENG-Premier League,2526,Leeds United,1315,14,,2,0,2,17,5,,,,,15,15,21,13,10,1,0,,,,0.13688212927756654,0.0,0.13688212927756654,1.1634980988593155,0.34220532319391633,,,,,1.0266159695817492,1.0266159695817492,1.4372623574144487,0.8897338403041826,0.6844106463878327,0.06844106463878327,0.0,,,,0.9581749049429658,,True,True,True,True,True,False,False
japan_daichi_kamada,team_japan,Japan,Daichi Kamada,daichi kamada,Crystal Palace FC (ENG),crystal palace fc eng,Midfielder,,,,False,wc2026_official_squad_corrected,1.0,ENG-Premier League,2526,Crystal Palace,1902,22,,0,0,0,19,4,,,,,35,35,14,30,28,3,0,,,,0.0,0.0,0.0,0.8990536277602524,0.18927444794952683,,,,,1.6561514195583598,1.6561514195583598,0.6624605678233438,1.4195583596214512,1.3249211356466877,0.14195583596214512,0.0,,,,1.0410094637223974,,True,True,True,True,True,False,False
japan_daizen_maeda,team_japan,Japan,Daizen Maeda,daizen maeda,Celtic FC (SCO),celtic fc sco,Midfielder,,,,False,wc2026_official_squad_corrected,,,,,,,,,,,,,,,,,,,,,,,,,,,,,,,,,,,,,,,,,,,,,,,,,False,False,False,False,False,False
japan_junya_ito,team_japan,Japan,Junya Ito,junya ito,KRC Genk (BEL),krc genk bel,Midfielder,,,,False,wc2026_official_squad_corrected,1.0,BEL-Belgian Pro League,2526,Genk,1773,22,,6,5,6,35,16,,,,,21,21,16,15,13,4,0,,,,0.30456852791878175,0.25380710659898476,0.30456852791878175,1.7766497461928934,0.8121827411167513,,,,,1.0659898477157361,1.0659898477157361,0.8121827411167513,0.7614213197969544,0.6598984771573604,0.20304568527918782,0.0,,,,1.116751269035533,,True,True,True,True,True,False,False
japan_kaishu_sano,team_japan,Japan,Kaishu Sano,kaishu sano,1. FSV Mainz 05 (GER),1 fsv mainz 05 ger,Midfielder,,,,False,wc2026_official_squad_corrected,1.0,GER-Bundesliga,2526,Mainz 05,3059,34,,1,2,1,24,6,,,,,31,31,67,14,29,1,0,,,,0.029421379535796013,0.058842759071592025,0.029421379535796013,0.7061131088591043,0.17652827721477607,,,,,0.9120627656096764,0.9120627656096764,1.971232428898333,0.41189931350114417,0.8532200065380844,0.029421379535796013,0.0,,,,1.0003269042170644,,True,True,True,True,True,False,False
japan_keito_nakamura,team_japan,Japan,Keito Nakamura,keito nakamura,Stade Reims (FRA),stade reims fra,Midfielder,,,,False,wc2026_official_squad_corrected,,,,,,,,,,,,,,,,,,,,,,,,,,,,,,,,,,,,,,,,,,,,,,,,,False,False,False,False,False,False
japan_ritsu_doan,team_japan,Japan,Ritsu Doan,ritsu doan,Eintracht Frankfurt (GER),eintracht frankfurt ger,Midfielder,,,,False,wc2026_official_squad_corrected,1.0,GER-Bundesliga,2526,Eintracht Frankfurt,2364,28,,5,5,5,41,15,,,,,23,23,17,26,35,5,0,,,,0.1903553299492386,0.1903553299492386,0.1903553299492386,1.5609137055837563,0.5710659898477157,,,,,0.8756345177664975,0.8756345177664975,0.6472081218274112,0.9898477157360407,1.33248730964467,0.1903553299492386,0.0,,,,1.0659898477157361,,True,True,True,True,True,False,False
japan_takefusa_kubo,team_japan,Japan,Takefusa Kubo,takefusa kubo,Real Sociedad (ESP),real sociedad esp,Midfielder,,,,False,wc2026_official_squad_corrected,1.0,ESP-La Liga,2526,Real Sociedad,1503,17,,2,4,2,28,12,,,,,18,18,10,9,51,2,0,,,,0.11976047904191617,0.23952095808383234,0.11976047904191617,1.6766467065868265,0.718562874251497,,,,,1.0778443113772456,1.0778443113772456,0.5988023952095809,0.5389221556886228,3.0538922155688626,0.11976047904191617,0.0,,,,1.0179640718562875,,True,True,True,True,True,False,False
japan_wataru_endo,team_japan,Japan,Wataru Endo,wataru endo,Liverpool FC (ENG),liverpool fc eng,Midfielder,,,,False,wc2026_official_squad_corrected,1.0,ENG-Premier League,2526,Liverpool,175,1,,0,1,0,1,0,,,,,3,3,0,2,3,1,0,,,,0.0,0.5142857142857143,0.0,0.5142857142857143,0.0,,,,,1.542857142857143,1.542857142857143,0.0,1.0285714285714287,1.542857142857143,0.5142857142857143,0.0,,,,0.5142857142857143,,False,True,False,False,False,False,False
japan_yuito_suzuki,team_japan,Japan,Yuito Suzuki,yuito suzuki,SC Freiburg (GER),sc freiburg ger,Midfielder,,,,False,wc2026_official_squad_corrected,1.0,GER-Bundesliga,2526,Freiburg,1632,18,,4,2,4,38,14,,,,,12,12,10,20,10,3,0,,,,0.22058823529411764,0.11029411764705882,0.22058823529411764,2.0955882352941178,0.7720588235294118,,,,,0.6617647058823529,0.6617647058823529,0.5514705882352942,1.1029411764705883,0.5514705882352942,0.16544117647058823,0.0,,,,0.9926470588235294,,True,True,True,True,True,False,False
jordan_abdallah_nasib,team_jordan,Jordan,Abdallah Nasib,abdallah nasib,Al Zawra'a SC (IRQ),al zawra a sc irq,Defender,,,,False,wc2026_official_squad_corrected,,,,,,,,,,,,,,,,,,,,,,,,,,,,,,,,,,,,,,,,,,,,,,,,,False,False,False,False,False,False
jordan_anas_badawi,team_jordan,Jordan,Anas Badawi,anas badawi,Al Faisaly SC (JOR),al faisaly sc jor,Defender,,,,False,wc2026_official_squad_corrected,,,,,,,,,,,,,,,,,,,,,,,,,,,,,,,,,,,,,,,,,,,,,,,,,False,False,False,False,False,False
jordan_ehsan_haddad,team_jordan,Jordan,Ehsan Haddad,ehsan haddad,Al Hussein SC (JOR),al hussein sc jor,Defender,,,,False,wc2026_official_squad_corrected,,,,,,,,,,,,,,,,,,,,,,,,,,,,,,,,,,,,,,,,,,,,,,,,,False,False,False,False,False,False
jordan_husam_abudahab,team_jordan,Jordan,Husam Abudahab,husam abudahab,Al Faisaly SC (JOR),al faisaly sc jor,Defender,,,,False,wc2026_official_squad_corrected,,,,,,,,,,,,,,,,,,,,,,,,,,,,,,,,,,,,,,,,,,,,,,,,,False,False,False,False,False,False
jordan_mohammad_abualnadi,team_jordan,Jordan,Mohammad Abualnadi,mohammad abualnadi,Selangor FC (MAS),selangor fc mas,Defender,,,,False,wc2026_official_squad_corrected,,,,,,,,,,,,,,,,,,,,,,,,,,,,,,,,,,,,,,,,,,,,,,,,,False,False,False,False,False,False
jordan_mohammad_abuhasheesh,team_jordan,Jordan,Mohammad Abuhasheesh,mohammad abuhasheesh,Al Karma SC (IRQ),al karma sc irq,Defender,,,,False,wc2026_official_squad_corrected,,,,,,,,,,,,,,,,,,,,,,,,,,,,,,,,,,,,,,,,,,,,,,,,,False,False,False,False,False,False
jordan_saed_alrosan,team_jordan,Jordan,Saed Alrosan,saed alrosan,Al Hussein SC (JOR),al hussein sc jor,Defender,,,,False,wc2026_official_squad_corrected,,,,,,,,,,,,,,,,,,,,,,,,,,,,,,,,,,,,,,,,,,,,,,,,,False,False,False,False,False,False
jordan_saleem_obaid,team_jordan,Jordan,Saleem Obaid,saleem obaid,Al Hussein SC (JOR),al hussein sc jor,Defender,,,,False,wc2026_official_squad_corrected,,,,,,,,,,,,,,,,,,,,,,,,,,,,,,,,,,,,,,,,,,,,,,,,,False,False,False,False,False,False
jordan_yazan_alarab,team_jordan,Jordan,Yazan Alarab,yazan alarab,FC Seoul (KOR),fc seoul kor,Defender,,,,False,wc2026_official_squad_corrected,,,,,,,,,,,,,,,,,,,,,,,,,,,,,,,,,,,,,,,,,,,,,,,,,False,False,False,False,False,False
jordan_ali_azaizeh,team_jordan,Jordan,Ali Azaizeh,ali azaizeh,Al Shabab FC (KSA),al shabab fc ksa,Forward,,,,False,wc2026_official_squad_corrected,1.0,KSA-Saudi Pro League,2526,Al-Shabab,628,8,,2,1,2,12,4,,,,,6,6,5,8,9,0,0,,,,0.28662420382165604,0.14331210191082802,0.28662420382165604,1.7197452229299364,0.5732484076433121,,,,,0.8598726114649682,0.8598726114649682,0.7165605095541401,1.1464968152866242,1.2898089171974523,0.0,0.0,,,,1.1464968152866242,,True,True,True,True,True,False,False
jordan_ali_olwan,team_jordan,Jordan,Ali Olwan,ali olwan,Al Sailiya SC (QAT),al sailiya sc qat,Forward,,,,False,wc2026_official_squad_corrected,,,,,,,,,,,,,,,,,,,,,,,,,,,,,,,,,,,,,,,,,,,,,,,,,False,False,False,False,False,False
jordan_ibrahim_sabra,team_jordan,Jordan,Ibrahim Sabra,ibrahim sabra,NK Lokomotiva Zagreb (CRO),nk lokomotiva zagreb cro,Forward,,,,False,wc2026_official_squad_corrected,1.0,TUR-Super Lig,2526,Göztepe,91,0,,1,0,1,5,3,,,,,0,0,0,5,1,1,0,,,,0.989010989010989,0.0,0.989010989010989,4.945054945054945,2.967032967032967,,,,,0.0,0.0,0.0,4.945054945054945,0.989010989010989,0.989010989010989,0.0,,,,0.0,,False,True,False,False,False,False,False
jordan_mahmoud_almardi,team_jordan,Jordan,Mahmoud Almardi,mahmoud almardi,Al Hussein SC (JOR),al hussein sc jor,Forward,,,,False,wc2026_official_squad_corrected,,,,,,,,,,,,,,,,,,,,,,,,,,,,,,,,,,,,,,,,,,,,,,,,,False,False,False,False,False,False
jordan_mohammad_abuzraiq,team_jordan,Jordan,Mohammad Abuzraiq,mohammad abuzraiq,Raja Casablanca (MAR),raja casablanca mar,Forward,,,,False,wc2026_official_squad_corrected,,,,,,,,,,,,,,,,,,,,,,,,,,,,,,,,,,,,,,,,,,,,,,,,,False,False,False,False,False,False
jordan_mousa_altamari,team_jordan,Jordan,Mousa Altamari,mousa altamari,Stade Rennais FC (FRA),stade rennais fc fra,Forward,,,,False,wc2026_official_squad_corrected,,,,,,,,,,,,,,,,,,,,,,,,,,,,,,,,,,,,,,,,,,,,,,,,,False,False,False,False,False,False
jordan_odeh_fakhoury,team_jordan,Jordan,Odeh Fakhoury,odeh fakhoury,Pyramids FC (EGY),pyramids fc egy,Forward,,,,False,wc2026_official_squad_corrected,,,,,,,,,,,,,,,,,,,,,,,,,,,,,,,,,,,,,,,,,,,,,,,,,False,False,False,False,False,False
jordan_abdallah_alfakhori,team_jordan,Jordan,Abdallah Alfakhori,abdallah alfakhori,Al Wahdat SC (JOR),al wahdat sc jor,Goalkeeper,,,,False,wc2026_official_squad_corrected,,,,,,,,,,,,,,,,,,,,,,,,,,,,,,,,,,,,,,,,,,,,,,,,,False,False,False,False,False,False
jordan_nour_baniateyah,team_jordan,Jordan,Nour Baniateyah,nour baniateyah,Al Faisaly SC (JOR),al faisaly sc jor,Goalkeeper,,,,False,wc2026_official_squad_corrected,,,,,,,,,,,,,,,,,,,,,,,,,,,,,,,,,,,,,,,,,,,,,,,,,False,False,False,False,False,False
jordan_yazeed_abulaila,team_jordan,Jordan,Yazeed Abulaila,yazeed abulaila,Al Hussein SC (JOR),al hussein sc jor,Goalkeeper,,,,False,wc2026_official_squad_corrected,,,,,,,,,,,,,,,,,,,,,,,,,,,,,,,,,,,,,,,,,,,,,,,,,False,False,False,False,False,False
jordan_amer_jamous,team_jordan,Jordan,Amer Jamous,amer jamous,Al Zawra'a SC (IRQ),al zawra a sc irq,Midfielder,,,,False,wc2026_official_squad_corrected,,,,,,,,,,,,,,,,,,,,,,,,,,,,,,,,,,,,,,,,,,,,,,,,,False,False,False,False,False,False
jordan_ibrahim_sadeh,team_jordan,Jordan,Ibrahim Sadeh,ibrahim sadeh,Al Karma SC (IRQ),al karma sc irq,Midfielder,,,,False,wc2026_official_squad_corrected,,,,,,,,,,,,,,,,,,,,,,,,,,,,,,,,,,,,,,,,,,,,,,,,,False,False,False,False,False,False
jordan_mohammad_aldaoud,team_jordan,Jordan,Mohammad Aldaoud,mohammad aldaoud,Al Wahdat SC (JOR),al wahdat sc jor,Midfielder,,,,False,wc2026_official_squad_corrected,,,,,,,,,,,,,,,,,,,,,,,,,,,,,,,,,,,,,,,,,,,,,,,,,False,False,False,False,False,False
jordan_mohannad_abutaha,team_jordan,Jordan,Mohannad Abutaha,mohannad abutaha,Al-Quwa Al-Jawiya (IRQ),al quwa al jawiya irq,Midfielder,,,,False,wc2026_official_squad_corrected,,,,,,,,,,,,,,,,,,,,,,,,,,,,,,,,,,,,,,,,,,,,,,,,,False,False,False,False,False,False
jordan_nizar_alrashdan,team_jordan,Jordan,Nizar Alrashdan,nizar alrashdan,Qatar SC (QAT),qatar sc qat,Midfielder,,,,False,wc2026_official_squad_corrected,,,,,,,,,,,,,,,,,,,,,,,,,,,,,,,,,,,,,,,,,,,,,,,,,False,False,False,False,False,False
jordan_noor_alrawabdeh,team_jordan,Jordan,Noor Alrawabdeh,noor alrawabdeh,Selangor FC (MAS),selangor fc mas,Midfielder,,,,False,wc2026_official_squad_corrected,,,,,,,,,,,,,,,,,,,,,,,,,,,,,,,,,,,,,,,,,,,,,,,,,False,False,False,False,False,False
jordan_rajaei_ayed,team_jordan,Jordan,Rajaei Ayed,rajaei ayed,Al Hussein SC (JOR),al hussein sc jor,Midfielder,,,,False,wc2026_official_squad_corrected,,,,,,,,,,,,,,,,,,,,,,,,,,,,,,,,,,,,,,,,,,,,,,,,,False,False,False,False,False,False
mexico_cesar_montes,team_mexico,Mexico,Cesar Montes,cesar montes,FC Lokomotiv Moscow (RUS),fc lokomotiv moscow rus,Defender,,,,False,wc2026_official_squad_corrected,,,,,,,,,,,,,,,,,,,,,,,,,,,,,,,,,,,,,,,,,,,,,,,,,False,False,False,False,False,False
mexico_edson_alvarez,team_mexico,Mexico,Edson Alvarez,edson alvarez,Fenerbahçe SK (TUR),fenerbahce sk tur,Defender,,,,False,wc2026_official_squad_corrected,2.0,"ENG-Premier League, TUR-Super Lig",2526,"Fenerbahçe, West Ham United",762,10,,0,1,0,10,5,,,,,18,18,16,22,14,4,0,,,,0.0,0.11811023622047244,0.0,1.1811023622047243,0.5905511811023622,,,,,2.1259842519685037,2.1259842519685037,1.889763779527559,2.5984251968503935,1.6535433070866141,0.47244094488188976,0.0,,,,1.1811023622047243,,True,True,True,True,True,False,False
mexico_israel_reyes,team_mexico,Mexico,Israel Reyes,israel reyes,Club América (MEX),club america mex,Defender,,,,False,wc2026_official_squad_corrected,,,,,,,,,,,,,,,,,,,,,,,,,,,,,,,,,,,,,,,,,,,,,,,,,False,False,False,False,False,False
mexico_jesus_gallardo,team_mexico,Mexico,Jesus Gallardo,jesus gallardo,Deportivo Toluca FC (MEX),deportivo toluca fc mex,Defender,,,,False,wc2026_official_squad_corrected,,,,,,,,,,,,,,,,,,,,,,,,,,,,,,,,,,,,,,,,,,,,,,,,,False,False,False,False,False,False
mexico_johan_vasquez,team_mexico,Mexico,Johan Vasquez,johan vasquez,Genoa CFC (ITA),genoa cfc ita,Defender,,,,False,wc2026_official_squad_corrected,1.0,ITA-Serie A,2526,Genoa,3215,36,,1,0,1,24,6,,,,,38,38,46,23,46,2,0,,,,0.027993779160186624,0.0,0.027993779160186624,0.671850699844479,0.16796267496111975,,,,,1.0637636080870918,1.0637636080870918,1.2877138413685847,0.6438569206842923,1.2877138413685847,0.05598755832037325,0.0,,,,1.0077760497667185,,True,True,True,True,True,False,False
mexico_jorge_sanchez,team_mexico,Mexico,Jorge Sanchez,jorge sanchez,PAOK Saloniki (GRE),paok saloniki gre,Defender,,,,False,wc2026_official_squad_corrected,,,,,,,,,,,,,,,,,,,,,,,,,,,,,,,,,,,,,,,,,,,,,,,,,False,False,False,False,False,False
mexico_mateo_chavez,team_mexico,Mexico,Mateo Chavez,mateo chavez,AZ Alkmaar (NED),az alkmaar ned,Defender,,,,False,wc2026_official_squad_corrected,1.0,NED-Eredivisie,2526,AZ Alkmaar,829,9,,1,2,1,15,5,,,,,33,33,16,13,15,5,0,,,,0.10856453558504223,0.21712907117008445,0.10856453558504223,1.6284680337756334,0.5428226779252111,,,,,3.5826296743063937,3.5826296743063937,1.7370325693606756,1.411338962605549,1.6284680337756334,0.5428226779252111,0.0,,,,0.97708082026538,,True,True,True,True,True,False,False
mexico_alexis_vega,team_mexico,Mexico,Alexis Vega,alexis vega,Deportivo Toluca FC (MEX),deportivo toluca fc mex,Forward,,,,False,wc2026_official_squad_corrected,,,,,,,,,,,,,,,,,,,,,,,,,,,,,,,,,,,,,,,,,,,,,,,,,False,False,False,False,False,False
mexico_armando_gonzalez,team_mexico,Mexico,Armando Gonzalez,armando gonzalez,CD Guadalajara (MEX),cd guadalajara mex,Forward,,,,False,wc2026_official_squad_corrected,,,,,,,,,,,,,,,,,,,,,,,,,,,,,,,,,,,,,,,,,,,,,,,,,False,False,False,False,False,False
mexico_cesar_huerta,team_mexico,Mexico,Cesar Huerta,cesar huerta,RSC Anderlecht (BEL),rsc anderlecht bel,Forward,,,,False,wc2026_official_squad_corrected,1.0,BEL-Belgian Pro League,2526,Anderlecht,539,8,,1,0,1,16,6,,,,,11,11,3,13,8,4,0,,,,0.16697588126159554,0.0,0.16697588126159554,2.6716141001855287,1.0018552875695732,,,,,1.836734693877551,1.836734693877551,0.5009276437847866,2.170686456400742,1.3358070500927643,0.6679035250463822,0.0,,,,1.3358070500927643,,True,True,True,True,True,False,False
mexico_guillermo_martinez,team_mexico,Mexico,Guillermo Martinez,guillermo martinez,Pumas UNAM (MEX),pumas unam mex,Forward,,,,False,wc2026_official_squad_corrected,,,,,,,,,,,,,,,,,,,,,,,,,,,,,,,,,,,,,,,,,,,,,,,,,False,False,False,False,False,False
mexico_julian_quinones,team_mexico,Mexico,Julian Quinones,julian quinones,Al Qadsiah FC (KSA),al qadsiah fc ksa,Forward,,,,False,wc2026_official_squad_corrected,1.0,KSA-Saudi Pro League,2526,Al-Qadsiah,2717,31,,33,4,31,136,59,,,,,8,8,7,18,38,4,0,,,,1.0931174089068825,0.13249907986750092,1.026867868973132,4.504968715495031,1.9543614280456385,,,,,0.26499815973500185,0.26499815973500185,0.2318733897681266,0.5962458594037541,1.2587412587412588,0.13249907986750092,0.0,,,,1.026867868973132,,True,True,True,True,True,False,False
mexico_raul_jimenez,team_mexico,Mexico,Raul Jimenez,raul jimenez,Fulham FC (ENG),fulham fc eng,Forward,,,,False,wc2026_official_squad_corrected,1.0,ENG-Premier League,2526,Fulham,2189,27,,9,3,5,73,18,,,,,20,20,7,46,34,5,0,,,,0.3700319780721791,0.12334399269072635,0.2055733211512106,3.001370488807675,0.7400639561443582,,,,,0.8222932846048424,0.8222932846048424,0.2878026496116948,1.8912745545911374,1.397898583828232,0.2055733211512106,0.0,,,,1.1100959342165373,,True,True,True,True,True,False,False
mexico_roberto_alvarado,team_mexico,Mexico,Roberto Alvarado,roberto alvarado,CD Guadalajara (MEX),cd guadalajara mex,Forward,,,,False,wc2026_official_squad_corrected,,,,,,,,,,,,,,,,,,,,,,,,,,,,,,,,,,,,,,,,,,,,,,,,,False,False,False,False,False,False
mexico_santiago_gimenez,team_mexico,Mexico,Santiago Gimenez,santiago gimenez,AC Milan (ITA),ac milan ita,Forward,,,,False,wc2026_official_squad_corrected,1.0,ITA-Serie A,2526,Milan,892,11,,0,1,0,27,9,,,,,5,5,1,10,15,2,0,,,,0.0,0.10089686098654709,0.0,2.724215246636771,0.9080717488789237,,,,,0.5044843049327354,0.5044843049327354,0.10089686098654709,1.0089686098654709,1.5134529147982063,0.20179372197309417,0.0,,,,1.109865470852018,,True,True,True,True,True,False,False
mexico_carlos_acevedo,team_mexico,Mexico,Carlos Acevedo,carlos acevedo,Club Santos Laguna (MEX),club santos laguna mex,Goalkeeper,,,,False,wc2026_official_squad_corrected,,,,,,,,,,,,,,,,,,,,,,,,,,,,,,,,,,,,,,,,,,,,,,,,,False,False,False,False,False,False
mexico_guillermo_ochoa,team_mexico,Mexico,Guillermo Ochoa,guillermo ochoa,AEL Limassol (CYP),ael limassol cyp,Goalkeeper,,,,False,wc2026_official_squad_corrected,,,,,,,,,,,,,,,,,,,,,,,,,,,,,,,,,,,,,,,,,,,,,,,,,False,False,False,False,False,False
mexico_raul_rangel,team_mexico,Mexico,Raul Rangel,raul rangel,CD Guadalajara (MEX),cd guadalajara mex,Goalkeeper,,,,False,wc2026_official_squad_corrected,,,,,,,,,,,,,,,,,,,,,,,,,,,,,,,,,,,,,,,,,,,,,,,,,False,False,False,False,False,False
mexico_alvaro_fidalgo,team_mexico,Mexico,Alvaro Fidalgo,alvaro fidalgo,Real Betis (ESP),real betis esp,Midfielder,,,,False,wc2026_official_squad_corrected,1.0,ESP-La Liga,2526,Real Betis,542,8,,1,0,1,4,2,,,,,5,5,4,2,6,0,0,,,,0.16605166051660517,0.0,0.16605166051660517,0.6642066420664207,0.33210332103321033,,,,,0.8302583025830258,0.8302583025830258,0.6642066420664207,0.33210332103321033,0.996309963099631,0.0,0.0,,,,1.3284132841328413,,True,True,True,True,True,False,False
mexico_brian_gutierrez,team_mexico,Mexico,Brian Gutierrez,brian gutierrez,CD Guadalajara (MEX),cd guadalajara mex,Midfielder,,,,False,wc2026_official_squad_corrected,,,,,,,,,,,,,,,,,,,,,,,,,,,,,,,,,,,,,,,,,,,,,,,,,False,False,False,False,False,False
mexico_erik_lira,team_mexico,Mexico,Erik Lira,erik lira,CF Cruz Azul (MEX),cf cruz azul mex,Midfielder,,,,False,wc2026_official_squad_corrected,,,,,,,,,,,,,,,,,,,,,,,,,,,,,,,,,,,,,,,,,,,,,,,,,False,False,False,False,False,False
mexico_gilberto_mora,team_mexico,Mexico,Gilberto Mora,gilberto mora,Club Tijuana (MEX),club tijuana mex,Midfielder,,,,False,wc2026_official_squad_corrected,,,,,,,,,,,,,,,,,,,,,,,,,,,,,,,,,,,,,,,,,,,,,,,,,False,False,False,False,False,False
mexico_luis_chavez,team_mexico,Mexico,Luis Chavez,luis chavez,FC Dynamo Moscow (RUS),fc dynamo moscow rus,Midfielder,,,,False,wc2026_official_squad_corrected,,,,,,,,,,,,,,,,,,,,,,,,,,,,,,,,,,,,,,,,,,,,,,,,,False,False,False,False,False,False
mexico_luis_romo,team_mexico,Mexico,Luis Romo,luis romo,CD Guadalajara (MEX),cd guadalajara mex,Midfielder,,,,False,wc2026_official_squad_corrected,,,,,,,,,,,,,,,,,,,,,,,,,,,,,,,,,,,,,,,,,,,,,,,,,False,False,False,False,False,False
mexico_obed_vargas,team_mexico,Mexico,Obed Vargas,obed vargas,Atlético De Madrid (ESP),atletico de madrid esp,Midfielder,,,,False,wc2026_official_squad_corrected,1.0,ESP-La Liga,2526,Atlético Madrid,740,8,,0,1,0,5,0,,,,,16,16,8,4,9,2,0,,,,0.0,0.12162162162162163,0.0,0.6081081081081081,0.0,,,,,1.945945945945946,1.945945945945946,0.972972972972973,0.4864864864864865,1.0945945945945947,0.24324324324324326,0.0,,,,0.972972972972973,,True,True,True,True,True,False,False
mexico_orbelin_pineda,team_mexico,Mexico,Orbelin Pineda,orbelin pineda,AEK Athens (GRE),aek athens gre,Midfielder,,,,False,wc2026_official_squad_corrected,,,,,,,,,,,,,,,,,,,,,,,,,,,,,,,,,,,,,,,,,,,,,,,,,False,False,False,False,False,False
morocco_achraf_hakimi,team_morocco,Morocco,Achraf Hakimi,achraf hakimi,Paris Saint-Germain (FRA),paris saint germain fra,Defender,,,,False,wc2026_official_squad_corrected,1.0,FRA-Ligue 1,2526,Paris Saint-Germain,1375,15,,2,2,2,27,9,,,,,13,13,11,9,17,3,1,,,,0.1309090909090909,0.1309090909090909,0.1309090909090909,1.767272727272727,0.5890909090909091,,,,,0.8509090909090908,0.8509090909090908,0.72,0.5890909090909091,1.1127272727272726,0.19636363636363635,0.06545454545454545,,,,0.9818181818181818,,True,True,True,True,True,False,False
morocco_anass_salah_eddine,team_morocco,Morocco,Anass Salah Eddine,anass salah eddine,PSV Eindhoven (NED),psv eindhoven ned,Defender,,,,False,wc2026_official_squad_corrected,1.0,NED-Eredivisie,2526,PSV,1093,12,,0,0,0,8,2,,,,,22,22,11,14,16,3,1,,,,0.0,0.0,0.0,0.6587374199451053,0.16468435498627632,,,,,1.8115279048490394,1.8115279048490394,0.9057639524245197,1.152790484903934,1.3174748398902105,0.24702653247941447,0.08234217749313816,,,,0.9881061299176579,,True,True,True,True,True,False,False
morocco_chadi_riad,team_morocco,Morocco,Chadi Riad,chadi riad,Crystal Palace FC (ENG),crystal palace fc eng,Defender,,,,False,wc2026_official_squad_corrected,1.0,ENG-Premier League,2526,Crystal Palace,552,6,,0,1,0,4,2,,,,,5,5,4,5,3,2,0,,,,0.0,0.16304347826086957,0.0,0.6521739130434783,0.32608695652173914,,,,,0.8152173913043478,0.8152173913043478,0.6521739130434783,0.8152173913043478,0.48913043478260865,0.32608695652173914,0.0,,,,0.9782608695652173,,True,True,True,True,True,False,False
morocco_issa_diop,team_morocco,Morocco,Issa Diop,issa diop,Fulham FC (ENG),fulham fc eng,Defender,,,,False,wc2026_official_squad_corrected,1.0,ENG-Premier League,2526,Fulham,816,8,,1,0,1,2,1,,,,,2,2,6,9,3,2,0,,,,0.11029411764705882,0.0,0.11029411764705882,0.22058823529411764,0.11029411764705882,,,,,0.22058823529411764,0.22058823529411764,0.6617647058823529,0.9926470588235294,0.33088235294117646,0.22058823529411764,0.0,,,,0.8823529411764706,,True,True,True,True,True,False,False
morocco_nayef_aguerd,team_morocco,Morocco,Nayef Aguerd,nayef aguerd,Olympique Marseille (FRA),olympique marseille fra,Defender,,,,False,wc2026_official_squad_corrected,2.0,"ENG-Premier League, FRA-Ligue 1",2526,"Marseille, West Ham United",1576,18,,1,0,1,12,2,,,,,16,16,22,21,7,4,0,,,,0.05710659898477157,0.0,0.05710659898477157,0.6852791878172588,0.11421319796954314,,,,,0.9137055837563451,0.9137055837563451,1.2563451776649746,1.199238578680203,0.39974619289340096,0.22842639593908629,0.0,,,,1.0279187817258881,,True,True,True,True,True,False,False
morocco_noussair_mazraoui,team_morocco,Morocco,Noussair Mazraoui,noussair mazraoui,Manchester United FC (ENG),manchester united fc eng,Defender,,,,False,wc2026_official_squad_corrected,1.0,ENG-Premier League,2526,Manchester Utd,985,11,,0,0,0,5,0,,,,,15,15,11,12,14,3,0,,,,0.0,0.0,0.0,0.45685279187817257,0.0,,,,,1.3705583756345177,1.3705583756345177,1.0050761421319796,1.0964467005076142,1.2791878172588833,0.27411167512690354,0.0,,,,1.0050761421319796,,True,True,True,True,True,False,False
morocco_redouane_halhal,team_morocco,Morocco,Redouane Halhal,redouane halhal,KV Mechelen (BEL),kv mechelen bel,Defender,,,,False,wc2026_official_squad_corrected,1.0,BEL-Belgian Pro League,2526,Mechelen,2847,32,,1,2,1,12,4,,,,,36,36,49,53,48,10,0,,,,0.03161222339304531,0.06322444678609063,0.03161222339304531,0.37934668071654376,0.12644889357218125,,,,,1.1380400421496313,1.1380400421496313,1.5489989462592202,1.6754478398314014,1.517386722866175,0.31612223393045313,0.0,,,,1.01159114857745,,True,True,True,True,True,False,False
morocco_youssef_belammari,team_morocco,Morocco,Youssef Belammari,youssef belammari,Al Ahly FC (EGY),al ahly fc egy,Defender,,,,False,wc2026_official_squad_corrected,,,,,,,,,,,,,,,,,,,,,,,,,,,,,,,,,,,,,,,,,,,,,,,,,False,False,False,False,False,False
morocco_zakaria_el_ouahdi,team_morocco,Morocco,Zakaria el Ouahdi,zakaria el ouahdi,KRC Genk (BEL),krc genk bel,Defender,,,,False,wc2026_official_squad_corrected,1.0,BEL-Belgian Pro League,2526,Genk,2991,34,,8,4,8,70,25,,,,,25,25,27,20,38,4,0,,,,0.24072216649949849,0.12036108324974924,0.24072216649949849,2.106318956870612,0.7522567703109327,,,,,0.7522567703109327,0.7522567703109327,0.8124373119358074,0.6018054162487462,1.1434302908726177,0.12036108324974924,0.0,,,,1.0230692076228687,,True,True,True,True,True,False,False
morocco_abde_ezzalzouli,team_morocco,Morocco,Abde Ezzalzouli,abde ezzalzouli,Real Betis (ESP),real betis esp,Forward,,,,False,wc2026_official_squad_corrected,1.0,ESP-La Liga,2526,Real Betis,2247,26,,10,8,10,73,26,,,,,32,32,15,28,71,3,0,,,,0.4005340453938585,0.3204272363150868,0.4005340453938585,2.923898531375167,1.041388518024032,,,,,1.2817089452603472,1.2817089452603472,0.6008010680907877,1.1214953271028039,2.8437917222963955,0.12016021361815755,0.0,,,,1.041388518024032,,True,True,True,True,True,False,False
morocco_ayoub_el_kaabi,team_morocco,Morocco,Ayoub el Kaabi,ayoub el kaabi,Olympiacos FC (GRE),olympiacos fc gre,Forward,,,,False,wc2026_official_squad_corrected,,,,,,,,,,,,,,,,,,,,,,,,,,,,,,,,,,,,,,,,,,,,,,,,,False,False,False,False,False,False
morocco_ayoube_amaimouni,team_morocco,Morocco,Ayoube Amaimouni,ayoube amaimouni,Eintracht Frankfurt (GER),eintracht frankfurt ger,Forward,,,,False,wc2026_official_squad_corrected,1.0,GER-Bundesliga,2526,Eintracht Frankfurt,586,6,,2,3,2,12,7,,,,,5,5,2,8,10,1,0,,,,0.30716723549488056,0.46075085324232085,0.30716723549488056,1.8430034129692834,1.075085324232082,,,,,0.7679180887372014,0.7679180887372014,0.30716723549488056,1.2286689419795223,1.5358361774744027,0.15358361774744028,0.0,,,,0.9215017064846417,,True,True,True,True,True,False,False
morocco_brahim_diaz,team_morocco,Morocco,Brahim Diaz,brahim diaz,Real Madrid C. F. (ESP),real madrid c f esp,Forward,,,,False,wc2026_official_squad_corrected,1.0,ESP-La Liga,2526,Real Madrid,1257,13,,1,6,1,15,7,,,,,10,10,2,19,37,2,0,,,,0.07159904534606205,0.4295942720763723,0.07159904534606205,1.0739856801909309,0.5011933174224343,,,,,0.7159904534606205,0.7159904534606205,0.1431980906921241,1.360381861575179,2.649164677804296,0.1431980906921241,0.0,,,,0.9307875894988067,,True,True,True,True,True,False,False
morocco_soufiane_rahimi,team_morocco,Morocco,Soufiane Rahimi,soufiane rahimi,Al Ain FC (UAE),al ain fc uae,Forward,,,,False,wc2026_official_squad_corrected,,,,,,,,,,,,,,,,,,,,,,,,,,,,,,,,,,,,,,,,,,,,,,,,,False,False,False,False,False,False
morocco_ahmed_reda_tagnaouti,team_morocco,Morocco,Ahmed Reda Tagnaouti,ahmed reda tagnaouti,ASFAR (MAR),asfar mar,Goalkeeper,,,,False,wc2026_official_squad_corrected,,,,,,,,,,,,,,,,,,,,,,,,,,,,,,,,,,,,,,,,,,,,,,,,,False,False,False,False,False,False
morocco_munir_el_kajoui,team_morocco,Morocco,Munir el Kajoui,munir el kajoui,RS Berkane (MAR),rs berkane mar,Goalkeeper,,,,False,wc2026_official_squad_corrected,,,,,,,,,,,,,,,,,,,,,,,,,,,,,,,,,,,,,,,,,,,,,,,,,False,False,False,False,False,False
morocco_yassine_bounou,team_morocco,Morocco,Yassine Bounou,yassine bounou,Al Hilal SC (KSA),al hilal sc ksa,Goalkeeper,,,,False,wc2026_official_squad_corrected,1.0,KSA-Saudi Pro League,2526,Al-Hilal,2340,26,14,0,0,0,0,0,,,,,0,0,0,0,1,0,0,44,20,,0.0,0.0,0.0,0.0,0.0,,,,,0.0,0.0,0.0,0.0,0.038461538461538464,0.0,0.0,1.6923076923076923,0.7692307692307693,,1.0,0.5384615384615384,True,True,True,False,False,True,False
morocco_ayyoub_bouaddi,team_morocco,Morocco,Ayyoub Bouaddi,ayyoub bouaddi,Lille OSC (FRA),lille osc fra,Midfielder,,,,False,wc2026_official_squad_corrected,1.0,FRA-Ligue 1,2526,Lille,2321,28,,0,1,0,16,5,,,,,40,40,27,37,24,7,1,,,,0.0,0.03877638948728996,0.0,0.6204222317966394,0.19388194743644982,,,,,1.5510555794915986,1.5510555794915986,1.046962516156829,1.4347264110297286,0.9306333476949591,0.2714347264110297,0.03877638948728996,,,,1.085738905644119,,True,True,True,True,True,False,False
morocco_azzedine_ounahi,team_morocco,Morocco,Azzedine Ounahi,azzedine ounahi,Girona FC (ESP),girona fc esp,Midfielder,,,,False,wc2026_official_squad_corrected,1.0,ESP-La Liga,2526,Girona,1760,20,,5,2,4,51,19,,,,,15,15,16,18,63,6,0,,,,0.2556818181818182,0.10227272727272727,0.20454545454545453,2.6079545454545454,0.9715909090909091,,,,,0.7670454545454545,0.7670454545454545,0.8181818181818181,0.9204545454545454,3.2215909090909087,0.30681818181818177,0.0,,,,1.0227272727272727,,True,True,True,True,True,False,False
morocco_bilal_el_khannouss,team_morocco,Morocco,Bilal el Khannouss,bilal el khannouss,VfB Stuttgart (GER),vfb stuttgart ger,Midfielder,,,,False,wc2026_official_squad_corrected,1.0,GER-Bundesliga,2526,Stuttgart,1630,19,,4,5,4,42,15,,,,,21,21,10,19,9,6,0,,,,0.22085889570552147,0.27607361963190186,0.22085889570552147,2.3190184049079754,0.8282208588957055,,,,,1.1595092024539877,1.1595092024539877,0.5521472392638037,1.049079754601227,0.49693251533742333,0.33128834355828224,0.0,,,,1.049079754601227,,True,True,True,True,True,False,False
morocco_chemsdine_talbi,team_morocco,Morocco,Chemsdine Talbi,chemsdine talbi,Sunderland AFC (ENG),sunderland afc eng,Midfielder,,,,False,wc2026_official_squad_corrected,1.0,ENG-Premier League,2526,Sunderland,1561,16,,4,1,4,25,10,,,,,6,6,3,5,1,0,0,,,,0.23062139654067904,0.05765534913516976,0.23062139654067904,1.4413837283792441,0.5765534913516976,,,,,0.34593209481101855,0.34593209481101855,0.17296604740550928,0.2882767456758488,0.05765534913516976,0.0,0.0,,,,0.9224855861627161,,True,True,True,True,True,False,False
morocco_gessime_yassine,team_morocco,Morocco,Gessime Yassine,gessime yassine,RC Strasbourg (FRA),rc strasbourg fra,Midfielder,,,,False,wc2026_official_squad_corrected,1.0,FRA-Ligue 1,2526,Strasbourg,510,6,,0,1,0,8,1,,,,,9,9,1,9,19,0,0,,,,0.0,0.1764705882352941,0.0,1.4117647058823528,0.1764705882352941,,,,,1.588235294117647,1.588235294117647,0.1764705882352941,1.588235294117647,3.352941176470588,0.0,0.0,,,,1.0588235294117647,,True,True,True,True,True,False,False
morocco_ismael_saibari,team_morocco,Morocco,Ismael Saibari,ismael saibari,PSV Eindhoven (NED),psv eindhoven ned,Midfielder,,,,False,wc2026_official_squad_corrected,1.0,NED-Eredivisie,2526,PSV,2136,26,,15,8,14,92,38,,,,,20,20,7,27,21,2,0,,,,0.6320224719101123,0.33707865168539325,0.5898876404494382,3.8764044943820224,1.601123595505618,,,,,0.8426966292134831,0.8426966292134831,0.2949438202247191,1.1376404494382022,0.8848314606741573,0.08426966292134831,0.0,,,,1.095505617977528,,True,True,True,True,True,False,False
morocco_neil_el_aynaoui,team_morocco,Morocco,Neil el Aynaoui,neil el aynaoui,AS Roma (ITA),as roma ita,Midfielder,,,,False,wc2026_official_squad_corrected,1.0,ITA-Serie A,2526,Roma,999,8,,1,2,1,6,4,,,,,10,10,18,23,10,5,0,,,,0.0900900900900901,0.1801801801801802,0.0900900900900901,0.5405405405405406,0.3603603603603604,,,,,0.9009009009009009,0.9009009009009009,1.6216216216216217,2.0720720720720722,0.9009009009009009,0.45045045045045046,0.0,,,,0.7207207207207208,,True,True,True,True,True,False,False
morocco_samir_el_mourabet,team_morocco,Morocco,Samir el Mourabet,samir el mourabet,RC Strasbourg (FRA),rc strasbourg fra,Midfielder,,,,False,wc2026_official_squad_corrected,1.0,FRA-Ligue 1,2526,Strasbourg,2128,25,,1,2,1,12,1,,,,,37,37,27,23,26,4,0,,,,0.042293233082706765,0.08458646616541353,0.042293233082706765,0.5075187969924811,0.042293233082706765,,,,,1.5648496240601504,1.5648496240601504,1.1419172932330826,0.9727443609022556,1.099624060150376,0.16917293233082706,0.0,,,,1.0573308270676691,,True,True,True,True,True,False,False
morocco_sofyan_amrabat,team_morocco,Morocco,Sofyan Amrabat,sofyan amrabat,Real Betis (ESP),real betis esp,Midfielder,,,,False,wc2026_official_squad_corrected,2.0,"ESP-La Liga, TUR-Super Lig",2526,"Fenerbahçe, Real Betis",1392,15,,0,0,0,8,1,,,,,13,13,13,24,23,4,0,,,,0.0,0.0,0.0,0.5172413793103449,0.06465517241379311,,,,,0.8405172413793104,0.8405172413793104,0.8405172413793104,1.5517241379310345,1.4870689655172413,0.25862068965517243,0.0,,,,0.9698275862068966,,True,True,True,True,True,False,False
netherlands_denzel_dumfries,team_netherlands,Netherlands,Denzel Dumfries,denzel dumfries,FC Internazionale Milano (ITA),fc internazionale milano ita,Defender,,,,False,wc2026_official_squad_corrected,1.0,ITA-Serie A,2526,Inter,1325,15,,3,1,3,23,5,,,,,9,9,7,20,13,2,0,,,,0.2037735849056604,0.06792452830188679,0.2037735849056604,1.5622641509433963,0.339622641509434,,,,,0.6113207547169812,0.6113207547169812,0.47547169811320755,1.358490566037736,0.8830188679245283,0.13584905660377358,0.0,,,,1.0188679245283019,,True,True,True,True,True,False,False
netherlands_jan_paul_van_hecke,team_netherlands,Netherlands,Jan Paul van Hecke,jan paul van hecke,Brighton & Hove Albion FC (ENG),brighton hove albion fc eng,Defender,,,,False,wc2026_official_squad_corrected,1.0,ENG-Premier League,2526,Brighton,3210,36,,3,3,3,23,10,,,,,31,31,45,27,43,9,0,,,,0.08411214953271029,0.08411214953271029,0.08411214953271029,0.6448598130841122,0.28037383177570097,,,,,0.869158878504673,0.869158878504673,1.2616822429906542,0.7570093457943926,1.205607476635514,0.25233644859813087,0.0,,,,1.0093457943925235,,True,True,True,True,True,False,False
netherlands_jorrel_hato,team_netherlands,Netherlands,Jorrel Hato,jorrel hato,Chelsea FC (ENG),chelsea fc eng,Defender,,,,False,wc2026_official_squad_corrected,1.0,ENG-Premier League,2526,Chelsea,1148,12,,0,0,0,4,0,,,,,19,19,17,15,2,7,0,,,,0.0,0.0,0.0,0.313588850174216,0.0,,,,,1.489547038327526,1.489547038327526,1.332752613240418,1.17595818815331,0.156794425087108,0.548780487804878,0.0,,,,0.940766550522648,,True,True,True,True,True,False,False
netherlands_jurrien_timber,team_netherlands,Netherlands,Jurrien Timber,jurrien timber,Arsenal FC (ENG),arsenal fc eng,Defender,,,,False,wc2026_official_squad_corrected,1.0,ENG-Premier League,2526,Arsenal,2454,28,,3,5,3,25,7,,,,,35,35,24,38,29,5,0,,,,0.11002444987775062,0.18337408312958436,0.11002444987775062,0.9168704156479218,0.2567237163814181,,,,,1.2836185819070904,1.2836185819070904,0.880195599022005,1.3936430317848412,1.0635696821515892,0.18337408312958436,0.0,,,,1.0268948655256724,,True,True,True,True,True,False,False
netherlands_mats_wieffer,team_netherlands,Netherlands,Mats Wieffer,mats wieffer,Brighton & Hove Albion FC (ENG),brighton hove albion fc eng,Defender,,,,False,wc2026_official_squad_corrected,1.0,ENG-Premier League,2526,Brighton,1903,23,,2,3,2,18,6,,,,,43,43,24,30,22,8,0,,,,0.09458749343142406,0.1418812401471361,0.09458749343142406,0.8512874408828166,0.2837624802942722,,,,,2.033631108775617,2.033631108775617,1.1350499211770888,1.418812401471361,1.0404624277456647,0.37834997372569623,0.0,,,,1.0877561744613766,,True,True,True,True,True,False,False
netherlands_micky_van_de_ven,team_netherlands,Netherlands,Micky van de Ven,micky van de ven,Tottenham Hotspur FC (ENG),tottenham hotspur fc eng,Defender,,,,False,wc2026_official_squad_corrected,1.0,ENG-Premier League,2526,Tottenham Hotspur,3041,35,,4,1,4,16,6,,,,,20,20,21,28,22,9,1,,,,0.1183821111476488,0.0295955277869122,0.1183821111476488,0.4735284445905952,0.1775731667214732,,,,,0.5919105557382439,0.5919105557382439,0.6215060835251561,0.8286747780335415,0.6511016113120683,0.2663597500822098,0.0295955277869122,,,,1.035843472541927,,True,True,True,True,True,False,False
netherlands_nathan_ake,team_netherlands,Netherlands,Nathan Ake,nathan ake,Manchester City FC (ENG),manchester city fc eng,Defender,,,,False,wc2026_official_squad_corrected,1.0,ENG-Premier League,2526,Manchester City,695,6,,0,0,0,7,1,,,,,6,6,5,3,8,1,0,,,,0.0,0.0,0.0,0.9064748201438849,0.12949640287769784,,,,,0.776978417266187,0.776978417266187,0.6474820143884892,0.3884892086330935,1.0359712230215827,0.12949640287769784,0.0,,,,0.776978417266187,,True,True,True,True,True,False,False
netherlands_virgil_van_dijk,team_netherlands,Netherlands,Virgil van Dijk,virgil van dijk,Liverpool FC (ENG),liverpool fc eng,Defender,,,,False,wc2026_official_squad_corrected,1.0,ENG-Premier League,2526,Liverpool,3420,38,,6,0,6,30,14,,,,,15,15,26,19,18,4,0,,,,0.15789473684210525,0.0,0.15789473684210525,0.7894736842105263,0.3684210526315789,,,,,0.39473684210526316,0.39473684210526316,0.6842105263157895,0.5,0.47368421052631576,0.10526315789473684,0.0,,,,1.0,,True,True,True,True,True,False,False
netherlands_brian_brobbey,team_netherlands,Netherlands,Brian Brobbey,brian brobbey,Sunderland AFC (ENG),sunderland afc eng,Forward,,,,False,wc2026_official_squad_corrected,2.0,"ENG-Premier League, NED-Eredivisie",2526,"Ajax, Sunderland",1927,22,,7,1,7,36,18,,,,,2,2,0,33,37,6,0,,,,0.3269330565646082,0.046704722366372596,0.3269330565646082,1.6813700051894136,0.8406850025947068,,,,,0.09340944473274519,0.09340944473274519,0.0,1.5412558380902959,1.7280747275557862,0.2802283341982356,0.0,,,,1.027503892060197,,True,True,True,True,True,False,False
netherlands_cody_gakpo,team_netherlands,Netherlands,Cody Gakpo,cody gakpo,Liverpool FC (ENG),liverpool fc eng,Forward,,,,False,wc2026_official_squad_corrected,1.0,ENG-Premier League,2526,Liverpool,2737,32,,7,5,7,87,21,,,,,15,15,12,42,44,3,0,,,,0.23017902813299232,0.16441359152356594,0.23017902813299232,2.8607964925100475,0.690537084398977,,,,,0.4932407745706978,0.4932407745706978,0.3945926196565583,1.381074168797954,1.4468396054073804,0.09864815491413957,0.0,,,,1.052246985750822,,True,True,True,True,True,False,False
netherlands_crysencio_summerville,team_netherlands,Netherlands,Crysencio Summerville,crysencio summerville,West Ham United FC (ENG),west ham united fc eng,Forward,,,,False,wc2026_official_squad_corrected,1.0,ENG-Premier League,2526,West Ham United,2470,29,,5,2,5,54,15,,,,,26,26,15,49,67,6,0,,,,0.18218623481781376,0.07287449392712551,0.18218623481781376,1.9676113360323888,0.5465587044534413,,,,,0.9473684210526316,0.9473684210526316,0.5465587044534413,1.785425101214575,2.4412955465587047,0.21862348178137653,0.0,,,,1.05668016194332,,True,True,True,True,True,False,False
netherlands_donyell_malen,team_netherlands,Netherlands,Donyell Malen,donyell malen,AS Roma (ITA),as roma ita,Forward,,,,False,wc2026_official_squad_corrected,2.0,"ENG-Premier League, ITA-Serie A",2526,"Aston Villa, Roma",2123,23,,18,3,15,97,40,,,,,5,5,3,14,23,1,0,,,,0.7630711257654262,0.12717852096090437,0.6358926048045219,4.112105511069242,1.6957136128120585,,,,,0.2119642016015073,0.2119642016015073,0.12717852096090437,0.5934997644842205,0.9750353273669335,0.04239284032030146,0.0,,,,0.9750353273669335,,True,True,True,True,True,False,False
netherlands_memphis_depay,team_netherlands,Netherlands,Memphis Depay,memphis depay,SC Corinthians (BRA),sc corinthians bra,Forward,,,,False,wc2026_official_squad_corrected,,,,,,,,,,,,,,,,,,,,,,,,,,,,,,,,,,,,,,,,,,,,,,,,,False,False,False,False,False,False
netherlands_noa_lang,team_netherlands,Netherlands,Noa Lang,noa lang,Galatasaray SK (TUR),galatasaray sk tur,Forward,,,,False,wc2026_official_squad_corrected,2.0,"ITA-Serie A, TUR-Super Lig",2526,"Galatasaray, Napoli",1369,14,,1,5,1,25,11,,,,,13,13,4,11,19,4,0,,,,0.06574141709276844,0.32870708546384225,0.06574141709276844,1.643535427319211,0.7231555880204529,,,,,0.8546384222059898,0.8546384222059898,0.26296566837107377,0.7231555880204529,1.2490869247626004,0.26296566837107377,0.0,,,,0.9203798392987582,,True,True,True,True,True,False,False
netherlands_wout_weghorst,team_netherlands,Netherlands,Wout Weghorst,wout weghorst,AFC Ajax (NED),afc ajax ned,Forward,,,,False,wc2026_official_squad_corrected,1.0,NED-Eredivisie,2526,Ajax,1784,20,,8,4,8,51,17,,,,,6,6,3,29,31,6,0,,,,0.40358744394618834,0.20179372197309417,0.40358744394618834,2.5728699551569507,0.8576233183856502,,,,,0.30269058295964124,0.30269058295964124,0.15134529147982062,1.4630044843049328,1.5639013452914798,0.30269058295964124,0.0,,,,1.0089686098654709,,True,True,True,True,True,False,False
netherlands_bart_verbruggen,team_netherlands,Netherlands,Bart Verbruggen,bart verbruggen,Brighton & Hove Albion FC (ENG),brighton hove albion fc eng,Goalkeeper,,,,False,wc2026_official_squad_corrected,1.0,ENG-Premier League,2526,Brighton,3420,38,10,0,0,0,0,0,,,,,1,1,0,2,2,3,0,103,46,,0.0,0.0,0.0,0.0,0.0,,,,,0.02631578947368421,0.02631578947368421,0.0,0.05263157894736842,0.05263157894736842,0.07894736842105263,0.0,2.710526315789474,1.2105263157894737,,1.0,0.2631578947368421,True,True,True,False,False,True,False
netherlands_mark_flekken,team_netherlands,Netherlands,Mark Flekken,mark flekken,Bayer 04 Leverkusen (GER),bayer 04 leverkusen ger,Goalkeeper,,,,False,wc2026_official_squad_corrected,1.0,GER-Bundesliga,2526,Leverkusen,2129,24,5,0,0,0,0,0,,,,,0,0,0,0,3,2,0,79,38,,0.0,0.0,0.0,0.0,0.0,,,,,0.0,0.0,0.0,0.0,0.12682010333489901,0.08454673555659935,0.0,3.339596054485674,1.6063879755753876,,1.0145608266791921,0.21136683889149835,True,True,True,False,False,True,False
netherlands_robin_roefs,team_netherlands,Netherlands,Robin Roefs,robin roefs,Sunderland AFC (ENG),sunderland afc eng,Goalkeeper,,,,False,wc2026_official_squad_corrected,1.0,ENG-Premier League,2526,Sunderland,3150,35,10,0,0,0,0,0,,,,,0,0,0,0,14,4,0,108,46,,0.0,0.0,0.0,0.0,0.0,,,,,0.0,0.0,0.0,0.0,0.4,0.11428571428571428,0.0,3.085714285714286,1.3142857142857143,,1.0,0.2857142857142857,True,True,True,False,False,True,False
netherlands_frenkie_de_jong,team_netherlands,Netherlands,Frenkie de Jong,frenkie de jong,FC Barcelona (ESP),fc barcelona esp,Midfielder,,,,False,wc2026_official_squad_corrected,1.0,ESP-La Liga,2526,Barcelona,1636,16,,1,5,1,7,2,,,,,19,19,17,10,26,4,1,,,,0.05501222493887531,0.27506112469437655,0.05501222493887531,0.38508557457212717,0.11002444987775062,,,,,1.0452322738386308,1.0452322738386308,0.9352078239608802,0.5501222493887531,1.430317848410758,0.22004889975550124,0.05501222493887531,,,,0.880195599022005,,True,True,True,True,True,False,False
netherlands_guus_til,team_netherlands,Netherlands,Guus Til,guus til,PSV Eindhoven (NED),psv eindhoven ned,Midfielder,,,,False,wc2026_official_squad_corrected,1.0,NED-Eredivisie,2526,PSV,2239,25,,14,4,14,61,28,,,,,11,11,2,28,20,2,0,,,,0.5627512282268871,0.16078606520768202,0.5627512282268871,2.4519874944171507,1.1255024564537741,,,,,0.44216167932112554,0.44216167932112554,0.08039303260384101,1.1255024564537741,0.8039303260384101,0.08039303260384101,0.0,,,,1.0049129075480125,,True,True,True,True,True,False,False
netherlands_justin_kluivert,team_netherlands,Netherlands,Justin Kluivert,justin kluivert,AFC Bournemouth (ENG),afc bournemouth eng,Midfielder,,,,False,wc2026_official_squad_corrected,1.0,ENG-Premier League,2526,Bournemouth,952,10,,2,0,2,17,4,,,,,7,7,4,18,10,5,0,,,,0.18907563025210083,0.0,0.18907563025210083,1.6071428571428572,0.37815126050420167,,,,,0.6617647058823529,0.6617647058823529,0.37815126050420167,1.7016806722689075,0.9453781512605042,0.4726890756302521,0.0,,,,0.9453781512605042,,True,True,True,True,True,False,False
netherlands_marten_de_roon,team_netherlands,Netherlands,Marten de Roon,marten de roon,Atalanta Bergamo (ITA),atalanta bergamo ita,Midfielder,,,,False,wc2026_official_squad_corrected,1.0,ITA-Serie A,2526,Atalanta,2691,32,,1,2,1,16,4,,,,,44,44,26,37,11,8,1,,,,0.033444816053511704,0.06688963210702341,0.033444816053511704,0.5351170568561873,0.13377926421404682,,,,,1.4715719063545152,1.4715719063545152,0.8695652173913044,1.2374581939799332,0.3678929765886288,0.26755852842809363,0.033444816053511704,,,,1.0702341137123745,,True,True,True,True,True,False,False
netherlands_quinten_timber,team_netherlands,Netherlands,Quinten Timber,quinten timber,Olympique Marseille (FRA),olympique marseille fra,Midfielder,,,,False,wc2026_official_squad_corrected,2.0,"FRA-Ligue 1, NED-Eredivisie",2526,"Feyenoord, Marseille",2422,28,,2,4,1,33,10,,,,,33,33,27,28,35,5,0,,,,0.07431874483897605,0.1486374896779521,0.037159372419488024,1.2262592898431048,0.37159372419488024,,,,,1.2262592898431048,1.2262592898431048,1.0033030553261768,1.0404624277456647,1.300578034682081,0.18579686209744012,0.0,,,,1.0404624277456647,,True,True,True,True,True,False,False
netherlands_ryan_gravenberch,team_netherlands,Netherlands,Ryan Gravenberch,ryan gravenberch,Liverpool FC (ENG),liverpool fc eng,Midfielder,,,,False,wc2026_official_squad_corrected,1.0,ENG-Premier League,2526,Liverpool,2992,34,,5,3,5,38,13,,,,,35,35,44,38,42,5,0,,,,0.15040106951871657,0.09024064171122993,0.15040106951871657,1.143048128342246,0.39104278074866305,,,,,1.052807486631016,1.052807486631016,1.3235294117647058,1.143048128342246,1.263368983957219,0.15040106951871657,0.0,,,,1.0227272727272727,,True,True,True,True,True,False,False
netherlands_teun_koopmeiners,team_netherlands,Netherlands,Teun Koopmeiners,teun koopmeiners,Juventus FC (ITA),juventus fc ita,Midfielder,,,,False,wc2026_official_squad_corrected,1.0,ITA-Serie A,2526,Juventus,1827,18,,0,0,0,28,7,,,,,13,13,18,33,11,5,0,,,,0.0,0.0,0.0,1.379310344827586,0.3448275862068965,,,,,0.6403940886699507,0.6403940886699507,0.8866995073891625,1.625615763546798,0.541871921182266,0.24630541871921183,0.0,,,,0.8866995073891625,,True,True,True,True,True,False,False
netherlands_tijjani_reijnders,team_netherlands,Netherlands,Tijjani Reijnders,tijjani reijnders,Manchester City FC (ENG),manchester city fc eng,Midfielder,,,,False,wc2026_official_squad_corrected,1.0,ENG-Premier League,2526,Manchester City,1631,19,,5,2,5,49,16,,,,,4,4,11,19,15,2,0,,,,0.275904353157572,0.1103617412630288,0.275904353157572,2.703862660944206,0.8828939301042305,,,,,0.2207234825260576,0.2207234825260576,0.6069895769466584,1.0484365419987738,0.8277130594727161,0.1103617412630288,0.0,,,,1.0484365419987738,,True,True,True,True,True,False,False
new_zealand_callan_elliot,team_new_zealand,New Zealand,Callan Elliot,callan elliot,Auckland FC (NZL),auckland fc nzl,Defender,,,,False,wc2026_official_squad_corrected,,,,,,,,,,,,,,,,,,,,,,,,,,,,,,,,,,,,,,,,,,,,,,,,,False,False,False,False,False,False
new_zealand_finn_surman,team_new_zealand,New Zealand,Finn Surman,finn surman,Portland Timbers (USA),portland timbers usa,Defender,,,,False,wc2026_official_squad_corrected,1.0,USA-Major League Soccer,2026,Portland Timbers,1215,14,,0,1,0,4,2,,,,,15,15,19,5,10,1,0,,,,0.0,0.07407407407407407,0.0,0.2962962962962963,0.14814814814814814,,,,,1.1111111111111112,1.1111111111111112,1.4074074074074074,0.37037037037037035,0.7407407407407407,0.07407407407407407,0.0,,,,1.037037037037037,,True,True,True,True,True,False,False
new_zealand_francis_de_vries,team_new_zealand,New Zealand,Francis de Vries,francis de vries,Auckland FC (NZL),auckland fc nzl,Defender,,,,False,wc2026_official_squad_corrected,,,,,,,,,,,,,,,,,,,,,,,,,,,,,,,,,,,,,,,,,,,,,,,,,False,False,False,False,False,False
new_zealand_liberato_cacace,team_new_zealand,New Zealand,Liberato Cacace,liberato cacace,Wrexham AFC (WAL),wrexham afc wal,Defender,,,,False,wc2026_official_squad_corrected,,,,,,,,,,,,,,,,,,,,,,,,,,,,,,,,,,,,,,,,,,,,,,,,,False,False,False,False,False,False
new_zealand_michael_boxall,team_new_zealand,New Zealand,Michael Boxall,michael boxall,Minnesota United FC (USA),minnesota united fc usa,Defender,,,,False,wc2026_official_squad_corrected,1.0,USA-Major League Soccer,2026,Minnesota Utd,397,5,,0,0,0,0,0,,,,,1,1,4,5,3,0,0,,,,0.0,0.0,0.0,0.0,0.0,,,,,0.22670025188916876,0.22670025188916876,0.906801007556675,1.1335012594458438,0.6801007556675063,0.0,0.0,,,,1.1335012594458438,,False,True,False,False,False,False,False
new_zealand_nando_pijnaker,team_new_zealand,New Zealand,Nando Pijnaker,nando pijnaker,Auckland FC (NZL),auckland fc nzl,Defender,,,,False,wc2026_official_squad_corrected,,,,,,,,,,,,,,,,,,,,,,,,,,,,,,,,,,,,,,,,,,,,,,,,,False,False,False,False,False,False
new_zealand_tim_payne,team_new_zealand,New Zealand,Tim Payne,tim payne,Wellington Phoenix FC (NZL),wellington phoenix fc nzl,Defender,,,,False,wc2026_official_squad_corrected,,,,,,,,,,,,,,,,,,,,,,,,,,,,,,,,,,,,,,,,,,,,,,,,,False,False,False,False,False,False
new_zealand_tommy_smith,team_new_zealand,New Zealand,Tommy Smith,tommy smith,Braintree Town FC (ENG),braintree town fc eng,Defender,,,,False,wc2026_official_squad_corrected,,,,,,,,,,,,,,,,,,,,,,,,,,,,,,,,,,,,,,,,,,,,,,,,,False,False,False,False,False,False
new_zealand_tyler_bindon,team_new_zealand,New Zealand,Tyler Bindon,tyler bindon,Shefield United FC (ENG),shefield united fc eng,Defender,,,,False,wc2026_official_squad_corrected,,,,,,,,,,,,,,,,,,,,,,,,,,,,,,,,,,,,,,,,,,,,,,,,,False,False,False,False,False,False
new_zealand_ben_waine,team_new_zealand,New Zealand,Ben Waine,ben waine,Port Vale FC (ENG),port vale fc eng,Forward,,,,False,wc2026_official_squad_corrected,,,,,,,,,,,,,,,,,,,,,,,,,,,,,,,,,,,,,,,,,,,,,,,,,False,False,False,False,False,False
new_zealand_chris_wood,team_new_zealand,New Zealand,Chris Wood,chris wood,Nottingham Forest FC (ENG),nottingham forest fc eng,Forward,,,,False,wc2026_official_squad_corrected,1.0,ENG-Premier League,2526,Nottingham Forest,901,11,,3,0,3,23,9,,,,,1,1,1,6,6,0,0,,,,0.29966703662597116,0.0,0.29966703662597116,2.297447280799112,0.8990011098779135,,,,,0.09988901220865705,0.09988901220865705,0.09988901220865705,0.5993340732519423,0.5993340732519423,0.0,0.0,,,,1.0987791342952276,,True,True,True,True,True,False,False
new_zealand_jesse_randall,team_new_zealand,New Zealand,Jesse Randall,jesse randall,Auckland FC (NZL),auckland fc nzl,Forward,,,,False,wc2026_official_squad_corrected,,,,,,,,,,,,,,,,,,,,,,,,,,,,,,,,,,,,,,,,,,,,,,,,,False,False,False,False,False,False
new_zealand_kosta_barbarouses,team_new_zealand,New Zealand,Kosta Barbarouses,kosta barbarouses,WS Wanderers FC (AUS),ws wanderers fc aus,Forward,,,,False,wc2026_official_squad_corrected,,,,,,,,,,,,,,,,,,,,,,,,,,,,,,,,,,,,,,,,,,,,,,,,,False,False,False,False,False,False
new_zealand_alex_paulsen,team_new_zealand,New Zealand,Alex Paulsen,alex paulsen,Lechia Gdańsk (POL),lechia gdansk pol,Goalkeeper,,,,False,wc2026_official_squad_corrected,,,,,,,,,,,,,,,,,,,,,,,,,,,,,,,,,,,,,,,,,,,,,,,,,False,False,False,False,False,False
new_zealand_max_crocombe,team_new_zealand,New Zealand,Max Crocombe,max crocombe,Millwall FC (ENG),millwall fc eng,Goalkeeper,,,,False,wc2026_official_squad_corrected,,,,,,,,,,,,,,,,,,,,,,,,,,,,,,,,,,,,,,,,,,,,,,,,,False,False,False,False,False,False
new_zealand_michael_woud,team_new_zealand,New Zealand,Michael Woud,michael woud,Auckland FC (NZL),auckland fc nzl,Goalkeeper,,,,False,wc2026_official_squad_corrected,,,,,,,,,,,,,,,,,,,,,,,,,,,,,,,,,,,,,,,,,,,,,,,,,False,False,False,False,False,False
new_zealand_alex_rufer,team_new_zealand,New Zealand,Alex Rufer,alex rufer,Wellington Phoenix FC (NZL),wellington phoenix fc nzl,Midfielder,,,,False,wc2026_official_squad_corrected,,,,,,,,,,,,,,,,,,,,,,,,,,,,,,,,,,,,,,,,,,,,,,,,,False,False,False,False,False,False
new_zealand_ben_old,team_new_zealand,New Zealand,Ben Old,ben old,AS Saint-Etienne (FRA),as saint etienne fra,Midfielder,,,,False,wc2026_official_squad_corrected,,,,,,,,,,,,,,,,,,,,,,,,,,,,,,,,,,,,,,,,,,,,,,,,,False,False,False,False,False,False
new_zealand_elijah_just,team_new_zealand,New Zealand,Elijah Just,elijah just,Motherwell FC (SCO),motherwell fc sco,Midfielder,,,,False,wc2026_official_squad_corrected,,,,,,,,,,,,,,,,,,,,,,,,,,,,,,,,,,,,,,,,,,,,,,,,,False,False,False,False,False,False
new_zealand_joe_bell,team_new_zealand,New Zealand,Joe Bell,joe bell,Viking Stavanger (NOR),viking stavanger nor,Midfielder,,,,False,wc2026_official_squad_corrected,,,,,,,,,,,,,,,,,,,,,,,,,,,,,,,,,,,,,,,,,,,,,,,,,False,False,False,False,False,False
new_zealand_lachlan_bayliss,team_new_zealand,New Zealand,Lachlan Bayliss,lachlan bayliss,Newcastle United Jets FC (AUS),newcastle united jets fc aus,Midfielder,,,,False,wc2026_official_squad_corrected,,,,,,,,,,,,,,,,,,,,,,,,,,,,,,,,,,,,,,,,,,,,,,,,,False,False,False,False,False,False
new_zealand_marko_stamenic,team_new_zealand,New Zealand,Marko Stamenic,marko stamenic,Swansea City AFC (WAL),swansea city afc wal,Midfielder,,,,False,wc2026_official_squad_corrected,,,,,,,,,,,,,,,,,,,,,,,,,,,,,,,,,,,,,,,,,,,,,,,,,False,False,False,False,False,False
new_zealand_matthew_garbett,team_new_zealand,New Zealand,Matthew Garbett,matthew garbett,Peterborough United FC (ENG),peterborough united fc eng,Midfielder,,,,False,wc2026_official_squad_corrected,,,,,,,,,,,,,,,,,,,,,,,,,,,,,,,,,,,,,,,,,,,,,,,,,False,False,False,False,False,False
new_zealand_mccowatt_callum,team_new_zealand,New Zealand,McCOWATT Callum,mccowatt callum,Silkeborg IF (DEN),silkeborg if den,Midfielder,,,,False,wc2026_official_squad_corrected,,,,,,,,,,,,,,,,,,,,,,,,,,,,,,,,,,,,,,,,,,,,,,,,,False,False,False,False,False,False
new_zealand_ryan_thomas,team_new_zealand,New Zealand,Ryan Thomas,ryan thomas,PEC Zwolle (NED),pec zwolle ned,Midfielder,,,,False,wc2026_official_squad_corrected,1.0,NED-Eredivisie,2526,Zwolle,2148,27,,1,1,1,14,2,,,,,43,43,51,37,34,7,0,,,,0.04189944134078212,0.04189944134078212,0.04189944134078212,0.5865921787709497,0.08379888268156424,,,,,1.8016759776536313,1.8016759776536313,2.136871508379888,1.5502793296089385,1.4245810055865922,0.29329608938547486,0.0,,,,1.1312849162011174,,True,True,True,True,True,False,False
new_zealand_sarpreet_singh,team_new_zealand,New Zealand,Sarpreet Singh,sarpreet singh,Wellington Phoenix FC (NZL),wellington phoenix fc nzl,Midfielder,,,,False,wc2026_official_squad_corrected,,,,,,,,,,,,,,,,,,,,,,,,,,,,,,,,,,,,,,,,,,,,,,,,,False,False,False,False,False,False
norway_david_moller_wolfe,team_norway,Norway,David Moller Wolfe,david moller wolfe,Wolverhampton Wanderers FC (ENG),wolverhampton wanderers fc eng,Defender,,,,False,wc2026_official_squad_corrected,,,,,,,,,,,,,,,,,,,,,,,,,,,,,,,,,,,,,,,,,,,,,,,,,False,False,False,False,False,False
norway_fredrik_andre_bjorkan,team_norway,Norway,Fredrik Andre Bjorkan,fredrik andre bjorkan,FK Bodø/Glimt (NOR),fk bod glimt nor,Defender,,,,False,wc2026_official_squad_corrected,,,,,,,,,,,,,,,,,,,,,,,,,,,,,,,,,,,,,,,,,,,,,,,,,False,False,False,False,False,False
norway_henrik_falchener,team_norway,Norway,Henrik Falchener,henrik falchener,Viking Stavanger (NOR),viking stavanger nor,Defender,,,,False,wc2026_official_squad_corrected,,,,,,,,,,,,,,,,,,,,,,,,,,,,,,,,,,,,,,,,,,,,,,,,,False,False,False,False,False,False
norway_kristoffer_ajer,team_norway,Norway,Kristoffer Ajer,kristoffer ajer,Brentford FC (ENG),brentford fc eng,Defender,,,,False,wc2026_official_squad_corrected,1.0,ENG-Premier League,2526,Brentford,1810,20,,0,1,0,10,3,,,,,23,23,15,23,5,4,0,,,,0.0,0.049723756906077346,0.0,0.4972375690607735,0.14917127071823205,,,,,1.143646408839779,1.143646408839779,0.7458563535911602,1.143646408839779,0.24861878453038674,0.19889502762430938,0.0,,,,0.994475138121547,,True,True,True,True,True,False,False
norway_leo_ostigard,team_norway,Norway,Leo Ostigard,leo ostigard,Genoa CFC (ITA),genoa cfc ita,Defender,,,,False,wc2026_official_squad_corrected,,,,,,,,,,,,,,,,,,,,,,,,,,,,,,,,,,,,,,,,,,,,,,,,,False,False,False,False,False,False
norway_marcus_holmgren_pedersen,team_norway,Norway,Marcus Holmgren Pedersen,marcus holmgren pedersen,Torino FC (ITA),torino fc ita,Defender,,,,False,wc2026_official_squad_corrected,,,,,,,,,,,,,,,,,,,,,,,,,,,,,,,,,,,,,,,,,,,,,,,,,False,False,False,False,False,False
norway_sondre_langas,team_norway,Norway,Sondre Langas,sondre langas,Derby County FC (ENG),derby county fc eng,Defender,,,,False,wc2026_official_squad_corrected,,,,,,,,,,,,,,,,,,,,,,,,,,,,,,,,,,,,,,,,,,,,,,,,,False,False,False,False,False,False
norway_torbjorn_heggem,team_norway,Norway,Torbjorn Heggem,torbjorn heggem,Bologna FC (ITA),bologna fc ita,Defender,,,,False,wc2026_official_squad_corrected,,,,,,,,,,,,,,,,,,,,,,,,,,,,,,,,,,,,,,,,,,,,,,,,,False,False,False,False,False,False
norway_alexander_sorloth,team_norway,Norway,Alexander Sorloth,alexander sorloth,Atlético De Madrid (ESP),atletico de madrid esp,Forward,,,,False,wc2026_official_squad_corrected,,,,,,,,,,,,,,,,,,,,,,,,,,,,,,,,,,,,,,,,,,,,,,,,,False,False,False,False,False,False
norway_antonio_nusa,team_norway,Norway,Antonio Nusa,antonio nusa,RB Leipzig (GER),rb leipzig ger,Forward,,,,False,wc2026_official_squad_corrected,1.0,GER-Bundesliga,2526,RB Leipzig,2027,24,,4,3,4,61,20,,,,,14,14,7,9,64,0,0,,,,0.17760236803157375,0.13320177602368033,0.17760236803157375,2.7084361124815,0.8880118401578688,,,,,0.6216082881105082,0.6216082881105082,0.3108041440552541,0.39960532807104093,2.84163788850518,0.0,0.0,,,,1.0656142081894426,,True,True,True,True,True,False,False
norway_erling_haaland,team_norway,Norway,Erling Haaland,erling haaland,Manchester City FC (ENG),manchester city fc eng,Forward,,,,False,wc2026_official_squad_corrected,1.0,ENG-Premier League,2526,Manchester City,2953,34,,27,8,24,126,59,,,,,7,7,4,24,25,2,0,,,,0.822891974263461,0.24381984422621064,0.731459532678632,3.8401625465628175,1.7981713511683035,,,,,0.2133423636979343,0.2133423636979343,0.12190992211310532,0.731459532678632,0.7619370132069082,0.06095496105655266,0.0,,,,1.0362343379613952,,True,True,True,True,True,False,False
norway_jorgen_strand_larsen,team_norway,Norway,Jorgen Strand Larsen,jorgen strand larsen,Crystal Palace FC (ENG),crystal palace fc eng,Forward,,,,False,wc2026_official_squad_corrected,,,,,,,,,,,,,,,,,,,,,,,,,,,,,,,,,,,,,,,,,,,,,,,,,False,False,False,False,False,False
norway_julian_ryerson,team_norway,Norway,Julian Ryerson,julian ryerson,Borussia Dortmund (GER),borussia dortmund ger,Forward,,,,False,wc2026_official_squad_corrected,1.0,GER-Bundesliga,2526,Dortmund,2266,26,,0,15,0,12,1,,,,,21,21,12,26,21,8,0,,,,0.0,0.5957634598411298,0.0,0.4766107678729038,0.03971756398940865,,,,,0.8340688437775816,0.8340688437775816,0.4766107678729038,1.0326566637246248,0.8340688437775816,0.3177405119152692,0.0,,,,1.0326566637246248,,True,True,True,True,True,False,False
norway_egil_selvik,team_norway,Norway,Egil Selvik,egil selvik,Watford FC (ENG),watford fc eng,Goalkeeper,,,,False,wc2026_official_squad_corrected,,,,,,,,,,,,,,,,,,,,,,,,,,,,,,,,,,,,,,,,,,,,,,,,,False,False,False,False,False,False
norway_orjan_nyland,team_norway,Norway,Orjan Nyland,orjan nyland,Sevilla FC (ESP),sevilla fc esp,Goalkeeper,,,,False,wc2026_official_squad_corrected,,,,,,,,,,,,,,,,,,,,,,,,,,,,,,,,,,,,,,,,,,,,,,,,,False,False,False,False,False,False
norway_sander_tangvik,team_norway,Norway,Sander Tangvik,sander tangvik,Hamburger SV (GER),hamburger sv ger,Goalkeeper,,,,False,wc2026_official_squad_corrected,1.0,GER-Bundesliga,2526,Hamburger SV,90,1,0,0,0,0,0,0,,,,,0,0,0,0,1,0,0,6,1,,0.0,0.0,0.0,0.0,0.0,,,,,0.0,0.0,0.0,0.0,1.0,0.0,0.0,6.0,1.0,,1.0,0.0,False,True,False,False,False,False,False
norway_andreas_schjelderup,team_norway,Norway,Andreas Schjelderup,andreas schjelderup,SL Benfica (POR),sl benfica por,Midfielder,,,,False,wc2026_official_squad_corrected,1.0,POR-Primeira Liga,2526,Benfica,1723,20,,7,5,5,47,14,,,,,14,14,2,25,38,2,0,,,,0.3656413232733604,0.261172373766686,0.261172373766686,2.4550203134068482,0.7312826465467208,,,,,0.7312826465467208,0.7312826465467208,0.1044689495066744,1.30586186883343,1.9849100406268136,0.1044689495066744,0.0,,,,1.044689495066744,,True,True,True,True,True,False,False
norway_fredrik_aursnes,team_norway,Norway,Fredrik Aursnes,fredrik aursnes,SL Benfica (POR),sl benfica por,Midfielder,,,,False,wc2026_official_squad_corrected,1.0,POR-Primeira Liga,2526,Benfica,2291,26,,3,3,3,28,8,,,,,34,34,27,24,13,2,0,,,,0.1178524661719773,0.1178524661719773,0.1178524661719773,1.099956350938455,0.3142732431252728,,,,,1.3356612832824095,1.3356612832824095,1.0606721955477958,0.9428197293758184,0.5106940200785683,0.0785683107813182,0.0,,,,1.0213880401571367,,True,True,True,True,True,False,False
norway_jens_petter_hauge,team_norway,Norway,Jens Petter Hauge,jens petter hauge,FK Bodø/Glimt (NOR),fk bod glimt nor,Midfielder,,,,False,wc2026_official_squad_corrected,,,,,,,,,,,,,,,,,,,,,,,,,,,,,,,,,,,,,,,,,,,,,,,,,False,False,False,False,False,False
norway_kristian_thorstvedt,team_norway,Norway,Kristian Thorstvedt,kristian thorstvedt,US Sassuolo (ITA),us sassuolo ita,Midfielder,,,,False,wc2026_official_squad_corrected,1.0,ITA-Serie A,2526,Sassuolo,2460,27,,4,4,4,43,13,,,,,20,20,31,34,57,9,0,,,,0.14634146341463417,0.14634146341463417,0.14634146341463417,1.5731707317073171,0.475609756097561,,,,,0.7317073170731707,0.7317073170731707,1.1341463414634148,1.2439024390243902,2.0853658536585367,0.32926829268292684,0.0,,,,0.9878048780487805,,True,True,True,True,True,False,False
norway_martin_odegaard,team_norway,Norway,Martin Odegaard,martin odegaard,Arsenal FC (ENG),arsenal fc eng,Midfielder,,,,False,wc2026_official_squad_corrected,,,,,,,,,,,,,,,,,,,,,,,,,,,,,,,,,,,,,,,,,,,,,,,,,False,False,False,False,False,False
norway_morten_thorsby,team_norway,Norway,Morten Thorsby,morten thorsby,US Cremonese (ITA),us cremonese ita,Midfielder,,,,False,wc2026_official_squad_corrected,2.0,ITA-Serie A,2526,"Cremonese, Genoa",1374,16,,3,1,3,21,8,,,,,7,7,6,25,11,4,0,,,,0.1965065502183406,0.06550218340611354,0.1965065502183406,1.3755458515283843,0.5240174672489083,,,,,0.4585152838427947,0.4585152838427947,0.3930131004366812,1.6375545851528384,0.7205240174672489,0.26200873362445415,0.0,,,,1.0480349344978166,,True,True,True,True,True,False,False
norway_oscar_bobb,team_norway,Norway,Oscar Bobb,oscar bobb,Fulham FC (ENG),fulham fc eng,Midfielder,,,,False,wc2026_official_squad_corrected,2.0,ENG-Premier League,2526,"Fulham, Manchester City",1039,11,,0,1,0,12,3,,,,,12,12,9,9,17,1,0,,,,0.0,0.08662175168431184,0.0,1.039461020211742,0.2598652550529355,,,,,1.039461020211742,1.039461020211742,0.7795957651588066,0.7795957651588066,1.4725697786333012,0.08662175168431184,0.0,,,,0.9528392685274303,,True,True,True,True,True,False,False
norway_patrick_berg,team_norway,Norway,Patrick Berg,patrick berg,FK Bodø/Glimt (NOR),fk bod glimt nor,Midfielder,,,,False,wc2026_official_squad_corrected,,,,,,,,,,,,,,,,,,,,,,,,,,,,,,,,,,,,,,,,,,,,,,,,,False,False,False,False,False,False
norway_sander_berge,team_norway,Norway,Sander Berge,sander berge,Fulham FC (ENG),fulham fc eng,Midfielder,,,,False,wc2026_official_squad_corrected,1.0,ENG-Premier League,2526,Fulham,2905,34,,0,1,0,14,3,,,,,41,41,26,35,14,5,0,,,,0.0,0.03098106712564544,0.0,0.43373493975903615,0.09294320137693632,,,,,1.270223752151463,1.270223752151463,0.8055077452667814,1.0843373493975903,0.43373493975903615,0.1549053356282272,0.0,,,,1.0533562822719449,,True,True,True,True,True,False,False
norway_thelo_aasgaard,team_norway,Norway,Thelo Aasgaard,thelo aasgaard,Rangers FC (SCO),rangers fc sco,Midfielder,,,,False,wc2026_official_squad_corrected,,,,,,,,,,,,,,,,,,,,,,,,,,,,,,,,,,,,,,,,,,,,,,,,,False,False,False,False,False,False
panama_amir_murillo,team_panama,Panama,Amir Murillo,amir murillo,Beşiktaş JK (TUR),besiktas jk tur,Defender,,,,False,wc2026_official_squad_corrected,,,,,,,,,,,,,,,,,,,,,,,,,,,,,,,,,,,,,,,,,,,,,,,,,False,False,False,False,False,False
panama_andres_andrade,team_panama,Panama,Andres Andrade,andres andrade,LASK Linz (AUT),lask linz aut,Defender,,,,False,wc2026_official_squad_corrected,,,,,,,,,,,,,,,,,,,,,,,,,,,,,,,,,,,,,,,,,,,,,,,,,False,False,False,False,False,False
panama_carlos_harvey,team_panama,Panama,Carlos Harvey,carlos harvey,Minnesota United FC (USA),minnesota united fc usa,Defender,,,,False,wc2026_official_squad_corrected,1.0,USA-Major League Soccer,2026,Minnesota Utd,100,1,,0,0,0,0,0,,,,,1,1,2,2,0,0,0,,,,0.0,0.0,0.0,0.0,0.0,,,,,0.8999999999999999,0.8999999999999999,1.7999999999999998,1.7999999999999998,0.0,0.0,0.0,,,,0.8999999999999999,,False,True,False,False,False,False,False
panama_cesar_blackman,team_panama,Panama,Cesar Blackman,cesar blackman,ŠK Slovan Bratislava (SVK),sk slovan bratislava svk,Defender,,,,False,wc2026_official_squad_corrected,,,,,,,,,,,,,,,,,,,,,,,,,,,,,,,,,,,,,,,,,,,,,,,,,False,False,False,False,False,False
panama_edgardo_farina,team_panama,Panama,Edgardo Farina,edgardo farina,FC Pari Nizhny Novgorod (RUS),fc pari nizhny novgorod rus,Defender,,,,False,wc2026_official_squad_corrected,,,,,,,,,,,,,,,,,,,,,,,,,,,,,,,,,,,,,,,,,,,,,,,,,False,False,False,False,False,False
panama_eric_davis,team_panama,Panama,Eric Davis,eric davis,CD Plaza Amador (PAN),cd plaza amador pan,Defender,,,,False,wc2026_official_squad_corrected,,,,,,,,,,,,,,,,,,,,,,,,,,,,,,,,,,,,,,,,,,,,,,,,,False,False,False,False,False,False
panama_fidel_escobar,team_panama,Panama,Fidel Escobar,fidel escobar,Deportivo Saprissa (CRC),deportivo saprissa crc,Defender,,,,False,wc2026_official_squad_corrected,,,,,,,,,,,,,,,,,,,,,,,,,,,,,,,,,,,,,,,,,,,,,,,,,False,False,False,False,False,False
panama_jiovany_ramos,team_panama,Panama,Jiovany Ramos,jiovany ramos,Puerto Cabello CF (VEN),puerto cabello cf ven,Defender,,,,False,wc2026_official_squad_corrected,,,,,,,,,,,,,,,,,,,,,,,,,,,,,,,,,,,,,,,,,,,,,,,,,False,False,False,False,False,False
panama_jorge_gutierrez,team_panama,Panama,Jorge Gutierrez,jorge gutierrez,Deportivo La Guaira (VEN),deportivo la guaira ven,Defender,,,,False,wc2026_official_squad_corrected,,,,,,,,,,,,,,,,,,,,,,,,,,,,,,,,,,,,,,,,,,,,,,,,,False,False,False,False,False,False
panama_jose_cordoba,team_panama,Panama,Jose Cordoba,jose cordoba,Norwich City FC (ENG),norwich city fc eng,Defender,,,,False,wc2026_official_squad_corrected,,,,,,,,,,,,,,,,,,,,,,,,,,,,,,,,,,,,,,,,,,,,,,,,,False,False,False,False,False,False
panama_roderick_miller,team_panama,Panama,Roderick Miller,roderick miller,Turan Tovuz (AZE),turan tovuz aze,Defender,,,,False,wc2026_official_squad_corrected,,,,,,,,,,,,,,,,,,,,,,,,,,,,,,,,,,,,,,,,,,,,,,,,,False,False,False,False,False,False
panama_azarias_londono,team_panama,Panama,Azarias Londono,azarias londono,CD Universidad Católica (ECU),cd universidad catolica ecu,Forward,,,,False,wc2026_official_squad_corrected,,,,,,,,,,,,,,,,,,,,,,,,,,,,,,,,,,,,,,,,,,,,,,,,,False,False,False,False,False,False
panama_cecilio_waterman,team_panama,Panama,Cecilio Waterman,cecilio waterman,CD Universidad De Concepción (CHI),cd universidad de concepcion chi,Forward,,,,False,wc2026_official_squad_corrected,,,,,,,,,,,,,,,,,,,,,,,,,,,,,,,,,,,,,,,,,,,,,,,,,False,False,False,False,False,False
panama_jose_fajardo,team_panama,Panama,Jose Fajardo,jose fajardo,CD Universidad Católica (ECU),cd universidad catolica ecu,Forward,,,,False,wc2026_official_squad_corrected,,,,,,,,,,,,,,,,,,,,,,,,,,,,,,,,,,,,,,,,,,,,,,,,,False,False,False,False,False,False
panama_tomas_rodriguez,team_panama,Panama,Tomas Rodriguez,tomas rodriguez,Deportivo Saprissa (CRC),deportivo saprissa crc,Forward,,,,False,wc2026_official_squad_corrected,,,,,,,,,,,,,,,,,,,,,,,,,,,,,,,,,,,,,,,,,,,,,,,,,False,False,False,False,False,False
panama_cesar_samudio,team_panama,Panama,Cesar Samudio,cesar samudio,CD Marathón (HON),cd marathon hon,Goalkeeper,,,,False,wc2026_official_squad_corrected,,,,,,,,,,,,,,,,,,,,,,,,,,,,,,,,,,,,,,,,,,,,,,,,,False,False,False,False,False,False
panama_luis_mejia,team_panama,Panama,Luis Mejia,luis mejia,Club Nacional (URU),club nacional uru,Goalkeeper,,,,False,wc2026_official_squad_corrected,,,,,,,,,,,,,,,,,,,,,,,,,,,,,,,,,,,,,,,,,,,,,,,,,False,False,False,False,False,False
panama_orlando_mosquera,team_panama,Panama,Orlando Mosquera,orlando mosquera,Al Fayha FC (KSA),al fayha fc ksa,Goalkeeper,,,,False,wc2026_official_squad_corrected,1.0,KSA-Saudi Pro League,2526,Al-Fayha,2880,32,7,0,0,0,0,0,,,,,0,0,0,0,8,0,0,92,50,,0.0,0.0,0.0,0.0,0.0,,,,,0.0,0.0,0.0,0.0,0.25,0.0,0.0,2.875,1.5625,,1.0,0.21875,True,True,True,False,False,True,False
panama_adalberto_carrasquilla,team_panama,Panama,Adalberto Carrasquilla,adalberto carrasquilla,Pumas UNAM (MEX),pumas unam mex,Midfielder,,,,False,wc2026_official_squad_corrected,,,,,,,,,,,,,,,,,,,,,,,,,,,,,,,,,,,,,,,,,,,,,,,,,False,False,False,False,False,False
panama_alberto_quintero,team_panama,Panama,Alberto Quintero,alberto quintero,CD Plaza Amador (PAN),cd plaza amador pan,Midfielder,,,,False,wc2026_official_squad_corrected,,,,,,,,,,,,,,,,,,,,,,,,,,,,,,,,,,,,,,,,,,,,,,,,,False,False,False,False,False,False
panama_anibal_godoy,team_panama,Panama,Anibal Godoy,anibal godoy,San Diego FC (USA),san diego fc usa,Midfielder,,,,False,wc2026_official_squad_corrected,1.0,USA-Major League Soccer,2026,San Diego FC,795,10,,0,1,0,1,0,,,,,10,10,8,15,20,3,0,,,,0.0,0.11320754716981131,0.0,0.11320754716981131,0.0,,,,,1.1320754716981132,1.1320754716981132,0.9056603773584905,1.6981132075471697,2.2641509433962264,0.33962264150943394,0.0,,,,1.1320754716981132,,True,True,True,True,True,False,False
panama_cesar_yanis,team_panama,Panama,Cesar Yanis,cesar yanis,CD Cobresal (CHI),cd cobresal chi,Midfielder,,,,False,wc2026_official_squad_corrected,,,,,,,,,,,,,,,,,,,,,,,,,,,,,,,,,,,,,,,,,,,,,,,,,False,False,False,False,False,False
panama_cristian_martinez,team_panama,Panama,Cristian Martinez,cristian martinez,Hapoel Kiryat Shmona FC (ISR),hapoel kiryat shmona fc isr,Midfielder,,,,False,wc2026_official_squad_corrected,,,,,,,,,,,,,,,,,,,,,,,,,,,,,,,,,,,,,,,,,,,,,,,,,False,False,False,False,False,False
panama_edgar_yoel_barcenas,team_panama,Panama,Edgar Yoel Barcenas,edgar yoel barcenas,Mazatlán FC (MEX),mazatlan fc mex,Midfielder,,,,False,wc2026_official_squad_corrected,,,,,,,,,,,,,,,,,,,,,,,,,,,,,,,,,,,,,,,,,,,,,,,,,False,False,False,False,False,False
panama_ismael_diaz,team_panama,Panama,Ismael Diaz,ismael diaz,Club León (MEX),club leon mex,Midfielder,,,,False,wc2026_official_squad_corrected,,,,,,,,,,,,,,,,,,,,,,,,,,,,,,,,,,,,,,,,,,,,,,,,,False,False,False,False,False,False
panama_jose_luis_rodriguez,team_panama,Panama,Jose Luis Rodriguez,jose luis rodriguez,FC Juárez (MEX),fc juarez mex,Midfielder,,,,False,wc2026_official_squad_corrected,,,,,,,,,,,,,,,,,,,,,,,,,,,,,,,,,,,,,,,,,,,,,,,,,False,False,False,False,False,False
paraguay_alexandro_maidana,team_paraguay,Paraguay,Alexandro Maidana,alexandro maidana,CA Talleres (ARG),ca talleres arg,Defender,,,,False,wc2026_official_squad_corrected,,,,,,,,,,,,,,,,,,,,,,,,,,,,,,,,,,,,,,,,,,,,,,,,,False,False,False,False,False,False
paraguay_fabian_balbuena,team_paraguay,Paraguay,Fabian Balbuena,fabian balbuena,Grêmio FBPA (BRA),gremio fbpa bra,Defender,,,,False,wc2026_official_squad_corrected,,,,,,,,,,,,,,,,,,,,,,,,,,,,,,,,,,,,,,,,,,,,,,,,,False,False,False,False,False,False
paraguay_gustavo_gomez,team_paraguay,Paraguay,Gustavo Gomez,gustavo gomez,SE Palmeiras (BRA),se palmeiras bra,Defender,,,,False,wc2026_official_squad_corrected,,,,,,,,,,,,,,,,,,,,,,,,,,,,,,,,,,,,,,,,,,,,,,,,,False,False,False,False,False,False
paraguay_gustavo_velazquez,team_paraguay,Paraguay,Gustavo Velazquez,gustavo velazquez,Cerro Porteño (PAR),cerro porteno par,Defender,,,,False,wc2026_official_squad_corrected,,,,,,,,,,,,,,,,,,,,,,,,,,,,,,,,,,,,,,,,,,,,,,,,,False,False,False,False,False,False
paraguay_jose_canale,team_paraguay,Paraguay,Jose Canale,jose canale,CA Lanús (ARG),ca lanus arg,Defender,,,,False,wc2026_official_squad_corrected,,,,,,,,,,,,,,,,,,,,,,,,,,,,,,,,,,,,,,,,,,,,,,,,,False,False,False,False,False,False
paraguay_juan_jose_caceres,team_paraguay,Paraguay,Juan Jose Caceres,juan jose caceres,FC Dynamo Moscow (RUS),fc dynamo moscow rus,Defender,,,,False,wc2026_official_squad_corrected,,,,,,,,,,,,,,,,,,,,,,,,,,,,,,,,,,,,,,,,,,,,,,,,,False,False,False,False,False,False
paraguay_junior_alonso,team_paraguay,Paraguay,Junior Alonso,junior alonso,Atlético Mineiro (BRA),atletico mineiro bra,Defender,,,,False,wc2026_official_squad_corrected,,,,,,,,,,,,,,,,,,,,,,,,,,,,,,,,,,,,,,,,,,,,,,,,,False,False,False,False,False,False
paraguay_omar_alderete,team_paraguay,Paraguay,Omar Alderete,omar alderete,Sunderland AFC (ENG),sunderland afc eng,Defender,,,,False,wc2026_official_squad_corrected,1.0,ENG-Premier League,2526,Sunderland,2798,32,,1,1,1,24,9,,,,,18,18,36,34,10,6,0,,,,0.032165832737669764,0.032165832737669764,0.032165832737669764,0.7719799857040743,0.2894924946390279,,,,,0.5789849892780558,0.5789849892780558,1.1579699785561115,1.093638313080772,0.32165832737669764,0.19299499642601858,0.0,,,,1.0293066476054324,,True,True,True,True,True,False,False
paraguay_alejandro_romero_gamarra,team_paraguay,Paraguay,Alejandro Romero Gamarra,alejandro romero gamarra,Al Ain FC (UAE),al ain fc uae,Forward,,,,False,wc2026_official_squad_corrected,,,,,,,,,,,,,,,,,,,,,,,,,,,,,,,,,,,,,,,,,,,,,,,,,False,False,False,False,False,False
paraguay_alex_arce,team_paraguay,Paraguay,Alex Arce,alex arce,CS Independiente Rivadavia (ARG),cs independiente rivadavia arg,Forward,,,,False,wc2026_official_squad_corrected,,,,,,,,,,,,,,,,,,,,,,,,,,,,,,,,,,,,,,,,,,,,,,,,,False,False,False,False,False,False
paraguay_antonio_sanabria,team_paraguay,Paraguay,Antonio Sanabria,antonio sanabria,US Cremonese (ITA),us cremonese ita,Forward,,,,False,wc2026_official_squad_corrected,1.0,ITA-Serie A,2526,Cremonese,945,10,,1,1,1,12,4,,,,,2,2,1,15,15,2,0,,,,0.09523809523809523,0.09523809523809523,0.09523809523809523,1.1428571428571428,0.38095238095238093,,,,,0.19047619047619047,0.19047619047619047,0.09523809523809523,1.4285714285714286,1.4285714285714286,0.19047619047619047,0.0,,,,0.9523809523809523,,True,True,True,True,True,False,False
paraguay_gabriel_avalos,team_paraguay,Paraguay,Gabriel Avalos,gabriel avalos,CA Independiente (ARG),ca independiente arg,Forward,,,,False,wc2026_official_squad_corrected,,,,,,,,,,,,,,,,,,,,,,,,,,,,,,,,,,,,,,,,,,,,,,,,,False,False,False,False,False,False
paraguay_isidro_pitta,team_paraguay,Paraguay,Isidro Pitta,isidro pitta,Red Bull Bragantino (BRA),red bull bragantino bra,Forward,,,,False,wc2026_official_squad_corrected,,,,,,,,,,,,,,,,,,,,,,,,,,,,,,,,,,,,,,,,,,,,,,,,,False,False,False,False,False,False
paraguay_julio_enciso,team_paraguay,Paraguay,Julio Enciso,julio enciso,RC Strasbourg (FRA),rc strasbourg fra,Forward,,,,False,wc2026_official_squad_corrected,1.0,FRA-Ligue 1,2526,Strasbourg,1883,22,,3,6,2,61,22,,,,,10,10,7,20,31,2,0,,,,0.14338821030270846,0.2867764206054169,0.09559214020180563,2.915560276155072,1.051513542219862,,,,,0.47796070100902815,0.47796070100902815,0.3345724907063197,0.9559214020180563,1.4816781731279873,0.09559214020180563,0.0,,,,1.051513542219862,,True,True,True,True,True,False,False
paraguay_gaston_olveira,team_paraguay,Paraguay,Gaston Olveira,gaston olveira,Club Olimpia (PAR),club olimpia par,Goalkeeper,,,,False,wc2026_official_squad_corrected,,,,,,,,,,,,,,,,,,,,,,,,,,,,,,,,,,,,,,,,,,,,,,,,,False,False,False,False,False,False
paraguay_gatito_fernandez,team_paraguay,Paraguay,Gatito Fernandez,gatito fernandez,Cerro Porteño (PAR),cerro porteno par,Goalkeeper,,,,False,wc2026_official_squad_corrected,,,,,,,,,,,,,,,,,,,,,,,,,,,,,,,,,,,,,,,,,,,,,,,,,False,False,False,False,False,False
paraguay_orlando_gill,team_paraguay,Paraguay,Orlando Gill,orlando gill,CA San Lorenzo (ARG),ca san lorenzo arg,Goalkeeper,,,,False,wc2026_official_squad_corrected,,,,,,,,,,,,,,,,,,,,,,,,,,,,,,,,,,,,,,,,,,,,,,,,,False,False,False,False,False,False
paraguay_andres_cubas,team_paraguay,Paraguay,Andres Cubas,andres cubas,Vancouver Whitecaps FC (CAN),vancouver whitecaps fc can,Midfielder,,,,False,wc2026_official_squad_corrected,1.0,USA-Major League Soccer,2026,Vancouver W'caps,860,10,,0,1,0,5,1,,,,,28,28,21,19,13,5,0,,,,0.0,0.10465116279069768,0.0,0.5232558139534884,0.10465116279069768,,,,,2.9302325581395348,2.9302325581395348,2.197674418604651,1.9883720930232558,1.3604651162790697,0.5232558139534884,0.0,,,,1.0465116279069768,,True,True,True,True,True,False,False
paraguay_braian_ojeda,team_paraguay,Paraguay,Braian Ojeda,braian ojeda,Orlando City SC (USA),orlando city sc usa,Midfielder,,,,False,wc2026_official_squad_corrected,1.0,USA-Major League Soccer,2026,Orlando City,1335,15,,0,1,0,11,0,,,,,9,9,15,20,33,1,0,,,,0.0,0.06741573033707865,0.0,0.7415730337078651,0.0,,,,,0.6067415730337078,0.6067415730337078,1.0112359550561798,1.348314606741573,2.2247191011235956,0.06741573033707865,0.0,,,,1.0112359550561798,,True,True,True,True,True,False,False
paraguay_damian_bobadilla,team_paraguay,Paraguay,Damian Bobadilla,damian bobadilla,São Paulo FC (BRA),sao paulo fc bra,Midfielder,,,,False,wc2026_official_squad_corrected,,,,,,,,,,,,,,,,,,,,,,,,,,,,,,,,,,,,,,,,,,,,,,,,,False,False,False,False,False,False
paraguay_diego_gomez,team_paraguay,Paraguay,Diego Gomez,diego gomez,Brighton & Hove Albion FC (ENG),brighton hove albion fc eng,Midfielder,,,,False,wc2026_official_squad_corrected,1.0,ENG-Premier League,2526,Brighton,2120,26,,5,1,5,42,14,,,,,49,49,19,49,11,9,0,,,,0.2122641509433962,0.04245283018867924,0.2122641509433962,1.7830188679245282,0.5943396226415094,,,,,2.080188679245283,2.080188679245283,0.8066037735849056,2.080188679245283,0.46698113207547165,0.3820754716981132,0.0,,,,1.1037735849056602,,True,True,True,True,True,False,False
paraguay_gustavo_caballero,team_paraguay,Paraguay,Gustavo Caballero,gustavo caballero,Portsmouth FC (ENG),portsmouth fc eng,Midfielder,,,,False,wc2026_official_squad_corrected,,,,,,,,,,,,,,,,,,,,,,,,,,,,,,,,,,,,,,,,,,,,,,,,,False,False,False,False,False,False
paraguay_matias_galarza,team_paraguay,Paraguay,Matias Galarza,matias galarza,Atlanta United FC (USA),atlanta united fc usa,Midfielder,,,,False,wc2026_official_squad_corrected,1.0,USA-Major League Soccer,2026,Atlanta Utd,663,8,,0,0,0,18,5,,,,,17,17,4,18,15,2,0,,,,0.0,0.0,0.0,2.4434389140271495,0.6787330316742082,,,,,2.307692307692308,2.307692307692308,0.5429864253393666,2.4434389140271495,2.0361990950226247,0.2714932126696833,0.0,,,,1.0859728506787332,,True,True,True,True,True,False,False
paraguay_mauricio,team_paraguay,Paraguay,Mauricio,mauricio,SE Palmeiras (BRA),se palmeiras bra,Midfielder,,,,False,wc2026_official_squad_corrected,,,,,,,,,,,,,,,,,,,,,,,,,,,,,,,,,,,,,,,,,,,,,,,,,False,False,False,False,False,False
paraguay_miguel_almiron,team_paraguay,Paraguay,Miguel Almiron,miguel almiron,Atlanta United FC (USA),atlanta united fc usa,Midfielder,,,,False,wc2026_official_squad_corrected,1.0,USA-Major League Soccer,2026,Atlanta Utd,658,7,,0,2,0,19,5,,,,,9,9,3,3,13,0,0,,,,0.0,0.2735562310030395,0.0,2.5987841945288754,0.6838905775075989,,,,,1.231003039513678,1.231003039513678,0.4103343465045593,0.4103343465045593,1.778115501519757,0.0,0.0,,,,0.9574468085106383,,True,True,True,True,True,False,False
paraguay_ramon_sosa,team_paraguay,Paraguay,Ramon Sosa,ramon sosa,SE Palmeiras (BRA),se palmeiras bra,Midfielder,,,,False,wc2026_official_squad_corrected,,,,,,,,,,,,,,,,,,,,,,,,,,,,,,,,,,,,,,,,,,,,,,,,,False,False,False,False,False,False
portugal_diogo_dalot,team_portugal,Portugal,Diogo Dalot,diogo dalot,Manchester United FC (ENG),manchester united fc eng,Defender,,,,False,wc2026_official_squad_corrected,1.0,ENG-Premier League,2526,Manchester Utd,2614,29,,1,3,1,24,6,,,,,30,30,26,25,14,5,0,,,,0.03442999234889059,0.10328997704667177,0.03442999234889059,0.8263198163733741,0.20657995409334354,,,,,1.0328997704667178,1.0328997704667178,0.8951798010711554,0.8607498087222647,0.4820198928844682,0.17214996174445293,0.0,,,,0.9984697781178271,,True,True,True,True,True,False,False
portugal_goncalo_inacio,team_portugal,Portugal,Goncalo Inacio,goncalo inacio,Sporting CP (POR),sporting cp por,Defender,,,,False,wc2026_official_squad_corrected,1.0,POR-Primeira Liga,2526,Sporting CP,2502,29,,2,3,2,11,3,,,,,26,26,29,21,23,4,1,,,,0.07194244604316546,0.1079136690647482,0.07194244604316546,0.39568345323741005,0.1079136690647482,,,,,0.935251798561151,0.935251798561151,1.0431654676258992,0.7553956834532374,0.8273381294964028,0.14388489208633093,0.03597122302158273,,,,1.0431654676258992,,True,True,True,True,True,False,False
portugal_joao_cancelo,team_portugal,Portugal,Joao Cancelo,joao cancelo,FC Barcelona (ESP),fc barcelona esp,Defender,,,,False,wc2026_official_squad_corrected,2.0,"ESP-La Liga, KSA-Saudi Pro League",2526,"Al-Hilal, Barcelona",1127,13,,2,2,2,17,5,,,,,21,21,12,16,18,1,0,,,,0.15971606033717836,0.15971606033717836,0.15971606033717836,1.357586512866016,0.3992901508429459,,,,,1.6770186335403727,1.6770186335403727,0.9582963620230701,1.277728482697427,1.4374445430346052,0.07985803016858918,0.0,,,,1.0381543921916592,,True,True,True,True,True,False,False
portugal_nelson_semedo,team_portugal,Portugal,Nelson Semedo,nelson semedo,Fenerbahçe SK (TUR),fenerbahce sk tur,Defender,,,,False,wc2026_official_squad_corrected,1.0,TUR-Super Lig,2526,Fenerbahçe,1933,25,,1,3,1,14,2,,,,,34,34,29,20,29,8,0,,,,0.04655975168132437,0.1396792550439731,0.04655975168132437,0.6518365235385412,0.09311950336264874,,,,,1.5830315571650284,1.5830315571650284,1.3502327987584066,0.9311950336264874,1.3502327987584066,0.37247801345059495,0.0,,,,1.1639937920331092,,True,True,True,True,True,False,False
portugal_nuno_mendes,team_portugal,Portugal,Nuno Mendes,nuno mendes,Paris Saint-Germain (FRA),paris saint germain fra,Defender,,,,False,wc2026_official_squad_corrected,1.0,FRA-Ligue 1,2526,Paris Saint-Germain,1256,13,,4,5,3,30,15,,,,,20,20,14,12,25,1,0,,,,0.28662420382165604,0.35828025477707004,0.21496815286624205,2.1496815286624202,1.0748407643312101,,,,,1.4331210191082802,1.4331210191082802,1.003184713375796,0.8598726114649682,1.7914012738853502,0.07165605095541401,0.0,,,,0.9315286624203821,,True,True,True,True,True,False,False
portugal_renato_veiga,team_portugal,Portugal,Renato Veiga,renato veiga,Villarreal CF (ESP),villarreal cf esp,Defender,,,,False,wc2026_official_squad_corrected,1.0,ESP-La Liga,2526,Villarreal,2481,27,,0,0,0,9,3,,,,,9,9,26,24,6,5,1,,,,0.0,0.0,0.0,0.3264812575574365,0.10882708585247884,,,,,0.3264812575574365,0.3264812575574365,0.9431680773881499,0.8706166868198307,0.21765417170495768,0.18137847642079807,0.036275695284159616,,,,0.9794437726723095,,True,True,True,True,True,False,False
portugal_ruben_dias,team_portugal,Portugal,Ruben Dias,ruben dias,Manchester City FC (ENG),manchester city fc eng,Defender,,,,False,wc2026_official_squad_corrected,1.0,ENG-Premier League,2526,Manchester City,2141,24,,2,0,2,10,4,,,,,6,6,23,15,9,3,0,,,,0.08407286314806166,0.0,0.08407286314806166,0.4203643157403083,0.16814572629612332,,,,,0.25221858944418496,0.25221858944418496,0.966837926202709,0.6305464736104625,0.37832788416627744,0.12610929472209248,0.0,,,,1.0088743577767398,,True,True,True,True,True,False,False
portugal_samu_costa,team_portugal,Portugal,Samu Costa,samu costa,RCD Mallorca (ESP),rcd mallorca esp,Defender,,,,False,wc2026_official_squad_corrected,1.0,ESP-La Liga,2526,Mallorca,2697,31,,7,2,7,39,16,,,,,37,37,26,64,68,11,0,,,,0.2335928809788654,0.06674082313681869,0.2335928809788654,1.3014460511679644,0.5339265850945495,,,,,1.2347052280311457,1.2347052280311457,0.867630700778643,2.135706340378198,2.2691879866518354,0.3670745272525028,0.0,,,,1.0344827586206897,,True,True,True,True,True,False,False
portugal_tomas_araujo,team_portugal,Portugal,Tomas Araujo,tomas araujo,SL Benfica (POR),sl benfica por,Defender,,,,False,wc2026_official_squad_corrected,1.0,POR-Primeira Liga,2526,Benfica,1684,19,,1,2,1,17,4,,,,,22,22,22,9,1,3,0,,,,0.05344418052256532,0.10688836104513064,0.05344418052256532,0.9085510688836104,0.21377672209026127,,,,,1.175771971496437,1.175771971496437,1.175771971496437,0.4809976247030879,0.05344418052256532,0.16033254156769594,0.0,,,,1.015439429928741,,True,True,True,True,True,False,False
portugal_cristiano_ronaldo,team_portugal,Portugal,Cristiano Ronaldo,cristiano ronaldo,Al Nassr FC (KSA),al nassr fc ksa,Forward,,,,False,wc2026_official_squad_corrected,1.0,KSA-Saudi Pro League,2526,Al-Nassr,2601,30,,28,2,22,161,60,,,,,2,2,3,12,19,2,0,,,,0.9688581314878894,0.06920415224913495,0.7612456747404844,5.570934256055364,2.0761245674740487,,,,,0.06920415224913495,0.06920415224913495,0.10380622837370243,0.4152249134948097,0.6574394463667821,0.06920415224913495,0.0,,,,1.0380622837370244,,True,True,True,True,True,False,False
portugal_francisco_conceicao,team_portugal,Portugal,Francisco Conceicao,francisco conceicao,Juventus FC (ITA),juventus fc ita,Forward,,,,False,wc2026_official_squad_corrected,1.0,ITA-Serie A,2526,Juventus,2078,27,,3,5,3,73,23,,,,,26,26,7,32,40,3,0,,,,0.12993262752646775,0.2165543792107796,0.12993262752646775,3.161693936477382,0.9961501443695862,,,,,1.126082771896054,1.126082771896054,0.30317613089509143,1.3859480269489894,1.7324350336862369,0.12993262752646775,0.0,,,,1.1693936477382099,,True,True,True,True,True,False,False
portugal_francisco_trincao,team_portugal,Portugal,Francisco Trincao,francisco trincao,Sporting CP (POR),sporting cp por,Forward,,,,False,wc2026_official_squad_corrected,1.0,POR-Primeira Liga,2526,Sporting CP,2847,32,,7,11,7,74,24,,,,,21,21,10,22,21,1,0,,,,0.22128556375131717,0.34773445732349845,0.22128556375131717,2.339304531085353,0.7586933614330875,,,,,0.6638566912539515,0.6638566912539515,0.31612223393045313,0.6954689146469969,0.6638566912539515,0.03161222339304531,0.0,,,,1.01159114857745,,True,True,True,True,True,False,False
portugal_goncalo_guedes,team_portugal,Portugal,Goncalo Guedes,goncalo guedes,Real Sociedad (ESP),real sociedad esp,Forward,,,,False,wc2026_official_squad_corrected,1.0,ESP-La Liga,2526,Real Sociedad,1823,22,,8,4,8,46,18,,,,,16,16,4,18,33,3,0,,,,0.3949533735600658,0.1974766867800329,0.3949533735600658,2.2709818979703784,0.8886450905101481,,,,,0.7899067471201316,0.7899067471201316,0.1974766867800329,0.8886450905101481,1.6291826659352715,0.14810751508502468,0.0,,,,1.086121777290181,,True,True,True,True,True,False,False
portugal_goncalo_ramos,team_portugal,Portugal,Goncalo Ramos,goncalo ramos,Paris Saint-Germain (FRA),paris saint germain fra,Forward,,,,False,wc2026_official_squad_corrected,1.0,FRA-Ligue 1,2526,Paris Saint-Germain,1318,13,,6,1,5,58,25,,,,,14,14,5,24,23,4,1,,,,0.40971168437025796,0.06828528072837634,0.34142640364188165,3.960546282245827,1.7071320182094083,,,,,0.9559939301972686,0.9559939301972686,0.34142640364188165,1.6388467374810318,1.5705614567526556,0.27314112291350534,0.06828528072837634,,,,0.8877086494688923,,True,True,True,True,True,False,False
portugal_joao_felix,team_portugal,Portugal,Joao Felix,joao felix,Al Nassr FC (KSA),al nassr fc ksa,Forward,,,,False,wc2026_official_squad_corrected,1.0,KSA-Saudi Pro League,2526,Al-Nassr,2904,33,,20,13,19,116,51,,,,,18,18,8,57,76,7,0,,,,0.6198347107438017,0.40289256198347106,0.5888429752066116,3.59504132231405,1.5805785123966942,,,,,0.5578512396694215,0.5578512396694215,0.24793388429752067,1.7665289256198347,2.355371900826446,0.21694214876033058,0.0,,,,1.0227272727272727,,True,True,True,True,True,False,False
portugal_pedro_neto,team_portugal,Portugal,Pedro Neto,pedro neto,Chelsea FC (ENG),chelsea fc eng,Forward,,,,False,wc2026_official_squad_corrected,1.0,ENG-Premier League,2526,Chelsea,2631,30,,5,6,5,46,13,,,,,11,11,6,17,25,4,1,,,,0.1710376282782212,0.20524515393386544,0.1710376282782212,1.573546180159635,0.4446978335233751,,,,,0.37628278221208666,0.37628278221208666,0.20524515393386544,0.5815279361459521,0.855188141391106,0.13683010262257697,0.03420752565564424,,,,1.0262257696693273,,True,True,True,True,True,False,False
portugal_rafael_leao,team_portugal,Portugal,Rafael Leao,rafael leao,AC Milan (ITA),ac milan ita,Forward,,,,False,wc2026_official_squad_corrected,1.0,ITA-Serie A,2526,Milan,1851,23,,9,3,7,63,24,,,,,3,3,5,19,34,5,0,,,,0.4376012965964344,0.14586709886547813,0.34035656401944897,3.0632090761750406,1.166936790923825,,,,,0.14586709886547813,0.14586709886547813,0.24311183144246354,0.9238249594813615,1.653160453808752,0.24311183144246354,0.0,,,,1.1183144246353323,,True,True,True,True,True,False,False
portugal_diogo_costa,team_portugal,Portugal,Diogo Costa,diogo costa,FC Porto (POR),fc porto por,Goalkeeper,,,,False,wc2026_official_squad_corrected,1.0,POR-Primeira Liga,2526,Porto,2906,33,21,0,0,0,0,0,,,,,0,0,0,0,4,3,0,59,15,,0.0,0.0,0.0,0.0,0.0,,,,,0.0,0.0,0.0,0.0,0.12388162422573984,0.09291121816930488,0.0,1.8272539573296627,0.4645560908465244,,1.0220233998623536,0.6503785271851341,True,True,True,False,False,True,False
portugal_jose_sa,team_portugal,Portugal,Jose Sa,jose sa,Wolverhampton Wanderers FC (ENG),wolverhampton wanderers fc eng,Goalkeeper,,,,False,wc2026_official_squad_corrected,1.0,ENG-Premier League,2526,Wolves,2070,23,4,0,0,0,0,0,,,,,0,0,0,0,6,2,0,65,37,,0.0,0.0,0.0,0.0,0.0,,,,,0.0,0.0,0.0,0.0,0.2608695652173913,0.08695652173913043,0.0,2.8260869565217392,1.608695652173913,,1.0,0.17391304347826086,True,True,True,False,False,True,False
portugal_rui_silva,team_portugal,Portugal,Rui Silva,rui silva,Sporting CP (POR),sporting cp por,Goalkeeper,,,,False,wc2026_official_squad_corrected,1.0,POR-Primeira Liga,2526,Sporting CP,2880,32,14,0,0,0,0,0,,,,,0,0,0,0,1,4,0,74,23,,0.0,0.0,0.0,0.0,0.0,,,,,0.0,0.0,0.0,0.0,0.03125,0.125,0.0,2.3125,0.71875,,1.0,0.4375,True,True,True,False,False,True,False
portugal_bernardo_silva,team_portugal,Portugal,Bernardo Silva,bernardo silva,Manchester City FC (ENG),manchester city fc eng,Midfielder,,,,False,wc2026_official_squad_corrected,1.0,ENG-Premier League,2526,Manchester City,2872,34,,2,4,2,30,7,,,,,28,28,21,36,22,10,0,,,,0.06267409470752089,0.12534818941504178,0.06267409470752089,0.9401114206128134,0.2193593314763231,,,,,0.8774373259052924,0.8774373259052924,0.6580779944289693,1.128133704735376,0.6894150417827298,0.31337047353760444,0.0,,,,1.065459610027855,,True,True,True,True,True,False,False
portugal_bruno_fernandes,team_portugal,Portugal,Bruno Fernandes,bruno fernandes,Manchester United FC (ENG),manchester united fc eng,Midfielder,,,,False,wc2026_official_squad_corrected,1.0,ENG-Premier League,2526,Manchester Utd,3063,35,,9,21,5,85,24,,,,,35,35,21,24,35,5,0,,,,0.2644466209598433,0.6170421155729677,0.14691478942213518,2.497551420176298,0.7051909892262488,,,,,1.0284035259549462,1.0284035259549462,0.6170421155729677,0.7051909892262488,1.0284035259549462,0.14691478942213518,0.0,,,,1.0284035259549462,,True,True,True,True,True,False,False
portugal_joao_neves,team_portugal,Portugal,Joao Neves,joao neves,Paris Saint-Germain (FRA),paris saint germain fra,Midfielder,,,,False,wc2026_official_squad_corrected,1.0,FRA-Ligue 1,2526,Paris Saint-Germain,1287,13,,5,1,5,27,6,,,,,14,14,6,13,13,0,0,,,,0.34965034965034963,0.06993006993006992,0.34965034965034963,1.8881118881118881,0.4195804195804196,,,,,0.979020979020979,0.979020979020979,0.4195804195804196,0.9090909090909091,0.9090909090909091,0.0,0.0,,,,0.9090909090909091,,True,True,True,True,True,False,False
portugal_matheus_nunes,team_portugal,Portugal,Matheus Nunes,matheus nunes,Manchester City FC (ENG),manchester city fc eng,Midfielder,,,,False,wc2026_official_squad_corrected,1.0,ENG-Premier League,2526,Manchester City,2862,32,,1,5,1,7,2,,,,,41,41,29,17,30,5,0,,,,0.031446540880503145,0.15723270440251572,0.031446540880503145,0.22012578616352202,0.06289308176100629,,,,,1.2893081761006289,1.2893081761006289,0.9119496855345912,0.5345911949685535,0.9433962264150944,0.15723270440251572,0.0,,,,1.0062893081761006,,True,True,True,True,True,False,False
portugal_ruben_neves,team_portugal,Portugal,Ruben Neves,ruben neves,Al Hilal SC (KSA),al hilal sc ksa,Midfielder,,,,False,wc2026_official_squad_corrected,1.0,KSA-Saudi Pro League,2526,Al-Hilal,2748,31,,12,6,4,50,18,,,,,34,34,23,13,15,4,0,,,,0.3930131004366812,0.1965065502183406,0.13100436681222707,1.6375545851528384,0.5895196506550218,,,,,1.1135371179039302,1.1135371179039302,0.7532751091703056,0.425764192139738,0.4912663755458515,0.13100436681222707,0.0,,,,1.0152838427947597,,True,True,True,True,True,False,False
portugal_vitinha,team_portugal,Portugal,Vitinha,vitinha,Paris Saint-Germain (FRA),paris saint germain fra,Midfielder,,,,False,wc2026_official_squad_corrected,2.0,"FRA-Ligue 1, ITA-Serie A",2526,"Genoa, Paris Saint-Germain",4345,52,,6,8,6,99,30,,,,,52,52,40,47,89,7,0,,,,0.1242807825086306,0.16570771001150747,0.1242807825086306,2.050632911392405,0.6214039125431531,,,,,1.0771001150747985,1.0771001150747985,0.8285385500575374,0.9735327963176065,1.8434982738780208,0.14499424626006904,0.0,,,,1.0771001150747985,,True,True,True,True,True,False,False
qatar_alhashmi_alhussein,team_qatar,Qatar,Alhashmi Alhussein,alhashmi alhussein,Al Arabi SC (QAT),al arabi sc qat,Defender,,,,False,wc2026_official_squad_corrected,,,,,,,,,,,,,,,,,,,,,,,,,,,,,,,,,,,,,,,,,,,,,,,,,False,False,False,False,False,False
qatar_ayoub_aloui,team_qatar,Qatar,Ayoub Aloui,ayoub aloui,Al Gharafa SC (QAT),al gharafa sc qat,Defender,,,,False,wc2026_official_squad_corrected,,,,,,,,,,,,,,,,,,,,,,,,,,,,,,,,,,,,,,,,,,,,,,,,,False,False,False,False,False,False
qatar_boualem_khoukhi,team_qatar,Qatar,Boualem Khoukhi,boualem khoukhi,Al Sadd SC (QAT),al sadd sc qat,Defender,,,,False,wc2026_official_squad_corrected,,,,,,,,,,,,,,,,,,,,,,,,,,,,,,,,,,,,,,,,,,,,,,,,,False,False,False,False,False,False
qatar_homam_ahmed,team_qatar,Qatar,Homam Ahmed,homam ahmed,Cultural Leonesa (ESP),cultural leonesa esp,Defender,,,,False,wc2026_official_squad_corrected,,,,,,,,,,,,,,,,,,,,,,,,,,,,,,,,,,,,,,,,,,,,,,,,,False,False,False,False,False,False
qatar_issa_laye,team_qatar,Qatar,Issa Laye,issa laye,Al Arabi SC (QAT),al arabi sc qat,Defender,,,,False,wc2026_official_squad_corrected,,,,,,,,,,,,,,,,,,,,,,,,,,,,,,,,,,,,,,,,,,,,,,,,,False,False,False,False,False,False
qatar_jassem_gaber,team_qatar,Qatar,Jassem Gaber,jassem gaber,Al Rayyan SC (QAT),al rayyan sc qat,Defender,,,,False,wc2026_official_squad_corrected,,,,,,,,,,,,,,,,,,,,,,,,,,,,,,,,,,,,,,,,,,,,,,,,,False,False,False,False,False,False
qatar_lucas_mendes,team_qatar,Qatar,Lucas Mendes,lucas mendes,Al Wakrah SC (QAT),al wakrah sc qat,Defender,,,,False,wc2026_official_squad_corrected,,,,,,,,,,,,,,,,,,,,,,,,,,,,,,,,,,,,,,,,,,,,,,,,,False,False,False,False,False,False
qatar_pedro_miguel,team_qatar,Qatar,Pedro Miguel,pedro miguel,Al Sadd SC (QAT),al sadd sc qat,Defender,,,,False,wc2026_official_squad_corrected,,,,,,,,,,,,,,,,,,,,,,,,,,,,,,,,,,,,,,,,,,,,,,,,,False,False,False,False,False,False
qatar_sultan_albrake,team_qatar,Qatar,Sultan Albrake,sultan albrake,Al Duhail SC (QAT),al duhail sc qat,Defender,,,,False,wc2026_official_squad_corrected,,,,,,,,,,,,,,,,,,,,,,,,,,,,,,,,,,,,,,,,,,,,,,,,,False,False,False,False,False,False
qatar_ahmed_alaaeldin,team_qatar,Qatar,Ahmed Alaaeldin,ahmed alaaeldin,Al Rayyan SC (QAT),al rayyan sc qat,Forward,,,,False,wc2026_official_squad_corrected,,,,,,,,,,,,,,,,,,,,,,,,,,,,,,,,,,,,,,,,,,,,,,,,,False,False,False,False,False,False
qatar_akram_afif,team_qatar,Qatar,Akram Afif,akram afif,Al Sadd SC (QAT),al sadd sc qat,Forward,,,,False,wc2026_official_squad_corrected,,,,,,,,,,,,,,,,,,,,,,,,,,,,,,,,,,,,,,,,,,,,,,,,,False,False,False,False,False,False
qatar_almoez_ali,team_qatar,Qatar,Almoez Ali,almoez ali,Al Duhail SC (QAT),al duhail sc qat,Forward,,,,False,wc2026_official_squad_corrected,,,,,,,,,,,,,,,,,,,,,,,,,,,,,,,,,,,,,,,,,,,,,,,,,False,False,False,False,False,False
qatar_edmilson_junior,team_qatar,Qatar,Edmilson Junior,edmilson junior,Al Duhail SC (QAT),al duhail sc qat,Forward,,,,False,wc2026_official_squad_corrected,,,,,,,,,,,,,,,,,,,,,,,,,,,,,,,,,,,,,,,,,,,,,,,,,False,False,False,False,False,False
qatar_hassan_alhaydos,team_qatar,Qatar,Hassan Alhaydos,hassan alhaydos,Al Sadd SC (QAT),al sadd sc qat,Forward,,,,False,wc2026_official_squad_corrected,,,,,,,,,,,,,,,,,,,,,,,,,,,,,,,,,,,,,,,,,,,,,,,,,False,False,False,False,False,False
qatar_mohamed_manai,team_qatar,Qatar,Mohamed Manai,mohamed manai,Al Shamal SC (QAT),al shamal sc qat,Forward,,,,False,wc2026_official_squad_corrected,,,,,,,,,,,,,,,,,,,,,,,,,,,,,,,,,,,,,,,,,,,,,,,,,False,False,False,False,False,False
qatar_mohammed_muntari,team_qatar,Qatar,Mohammed Muntari,mohammed muntari,Al Gharafa SC (QAT),al gharafa sc qat,Forward,,,,False,wc2026_official_squad_corrected,,,,,,,,,,,,,,,,,,,,,,,,,,,,,,,,,,,,,,,,,,,,,,,,,False,False,False,False,False,False
qatar_tahsin_jamshid,team_qatar,Qatar,Tahsin Jamshid,tahsin jamshid,Al Duhail SC (QAT),al duhail sc qat,Forward,,,,False,wc2026_official_squad_corrected,,,,,,,,,,,,,,,,,,,,,,,,,,,,,,,,,,,,,,,,,,,,,,,,,False,False,False,False,False,False
qatar_yusuf_abdurisag,team_qatar,Qatar,Yusuf Abdurisag,yusuf abdurisag,Al Wakrah SC (QAT),al wakrah sc qat,Forward,,,,False,wc2026_official_squad_corrected,,,,,,,,,,,,,,,,,,,,,,,,,,,,,,,,,,,,,,,,,,,,,,,,,False,False,False,False,False,False
qatar_mahmoud_abunada,team_qatar,Qatar,Mahmoud Abunada,mahmoud abunada,Al Rayyan SC (QAT),al rayyan sc qat,Goalkeeper,,,,False,wc2026_official_squad_corrected,,,,,,,,,,,,,,,,,,,,,,,,,,,,,,,,,,,,,,,,,,,,,,,,,False,False,False,False,False,False
qatar_meshaal_barsham,team_qatar,Qatar,Meshaal Barsham,meshaal barsham,Al Sadd SC (QAT),al sadd sc qat,Goalkeeper,,,,False,wc2026_official_squad_corrected,,,,,,,,,,,,,,,,,,,,,,,,,,,,,,,,,,,,,,,,,,,,,,,,,False,False,False,False,False,False
qatar_salah_zakaria,team_qatar,Qatar,Salah Zakaria,salah zakaria,Al Duhail SC (QAT),al duhail sc qat,Goalkeeper,,,,False,wc2026_official_squad_corrected,,,,,,,,,,,,,,,,,,,,,,,,,,,,,,,,,,,,,,,,,,,,,,,,,False,False,False,False,False,False
qatar_abdulaziz_hatem,team_qatar,Qatar,Abdulaziz Hatem,abdulaziz hatem,Al Rayyan SC (QAT),al rayyan sc qat,Midfielder,,,,False,wc2026_official_squad_corrected,,,,,,,,,,,,,,,,,,,,,,,,,,,,,,,,,,,,,,,,,,,,,,,,,False,False,False,False,False,False
qatar_ahmed_alganehi,team_qatar,Qatar,Ahmed Alganehi,ahmed alganehi,Al Gharafa SC (QAT),al gharafa sc qat,Midfielder,,,,False,wc2026_official_squad_corrected,,,,,,,,,,,,,,,,,,,,,,,,,,,,,,,,,,,,,,,,,,,,,,,,,False,False,False,False,False,False
qatar_ahmed_fathy,team_qatar,Qatar,Ahmed Fathy,ahmed fathy,Al Arabi SC (QAT),al arabi sc qat,Midfielder,,,,False,wc2026_official_squad_corrected,,,,,,,,,,,,,,,,,,,,,,,,,,,,,,,,,,,,,,,,,,,,,,,,,False,False,False,False,False,False
qatar_assim_madibo,team_qatar,Qatar,Assim Madibo,assim madibo,Al Wakrah SC (QAT),al wakrah sc qat,Midfielder,,,,False,wc2026_official_squad_corrected,,,,,,,,,,,,,,,,,,,,,,,,,,,,,,,,,,,,,,,,,,,,,,,,,False,False,False,False,False,False
qatar_karim_boudiaf,team_qatar,Qatar,Karim Boudiaf,karim boudiaf,Al Duhail SC (QAT),al duhail sc qat,Midfielder,,,,False,wc2026_official_squad_corrected,,,,,,,,,,,,,,,,,,,,,,,,,,,,,,,,,,,,,,,,,,,,,,,,,False,False,False,False,False,False
saudi_arabia_abdulelah_alamri,team_saudi_arabia,Saudi Arabia,Abdulelah Alamri,abdulelah alamri,Al Nassr FC (KSA),al nassr fc ksa,Defender,,,,False,wc2026_official_squad_corrected,,,,,,,,,,,,,,,,,,,,,,,,,,,,,,,,,,,,,,,,,,,,,,,,,False,False,False,False,False,False
saudi_arabia_ali_lajami,team_saudi_arabia,Saudi Arabia,Ali Lajami,ali lajami,Al Hilal SC (KSA),al hilal sc ksa,Defender,,,,False,wc2026_official_squad_corrected,1.0,KSA-Saudi Pro League,2526,Al-Hilal,642,5,,0,0,0,4,0,,,,,4,4,21,10,1,0,0,,,,0.0,0.0,0.0,0.5607476635514018,0.0,,,,,0.5607476635514018,0.5607476635514018,2.9439252336448596,1.4018691588785046,0.14018691588785046,0.0,0.0,,,,0.7009345794392523,,True,True,True,True,True,False,False
saudi_arabia_ali_majrashi,team_saudi_arabia,Saudi Arabia,Ali Majrashi,ali majrashi,Al Ahli FC (KSA),al ahli fc ksa,Defender,,,,False,wc2026_official_squad_corrected,1.0,KSA-Saudi Pro League,2526,Al-Ahli,2156,26,,1,3,1,18,6,,,,,47,47,35,47,45,7,2,,,,0.041743970315398886,0.12523191094619665,0.041743970315398886,0.75139146567718,0.2504638218923933,,,,,1.9619666048237476,1.9619666048237476,1.4610389610389611,1.9619666048237476,1.8784786641929498,0.2922077922077922,0.08348794063079777,,,,1.085343228200371,,True,True,True,True,True,False,False
saudi_arabia_hassan_altambakti,team_saudi_arabia,Saudi Arabia,Hassan Altambakti,hassan altambakti,Al Hilal SC (KSA),al hilal sc ksa,Defender,,,,False,wc2026_official_squad_corrected,,,,,,,,,,,,,,,,,,,,,,,,,,,,,,,,,,,,,,,,,,,,,,,,,False,False,False,False,False,False
saudi_arabia_hassan_kadish,team_saudi_arabia,Saudi Arabia,Hassan Kadish,hassan kadish,Al Ittihad (KSA),al ittihad ksa,Defender,,,,False,wc2026_official_squad_corrected,,,,,,,,,,,,,,,,,,,,,,,,,,,,,,,,,,,,,,,,,,,,,,,,,False,False,False,False,False,False
saudi_arabia_jehad_thikri,team_saudi_arabia,Saudi Arabia,Jehad Thikri,jehad thikri,Al Qadsiah FC (KSA),al qadsiah fc ksa,Defender,,,,False,wc2026_official_squad_corrected,,,,,,,,,,,,,,,,,,,,,,,,,,,,,,,,,,,,,,,,,,,,,,,,,False,False,False,False,False,False
saudi_arabia_mohammed_abu_alshamat,team_saudi_arabia,Saudi Arabia,Mohammed Abu Alshamat,mohammed abu alshamat,Al Qadsiah FC (KSA),al qadsiah fc ksa,Defender,,,,False,wc2026_official_squad_corrected,,,,,,,,,,,,,,,,,,,,,,,,,,,,,,,,,,,,,,,,,,,,,,,,,False,False,False,False,False,False
saudi_arabia_moteb_alharbi,team_saudi_arabia,Saudi Arabia,Moteb Alharbi,moteb alharbi,Al Hilal SC (KSA),al hilal sc ksa,Defender,,,,False,wc2026_official_squad_corrected,,,,,,,,,,,,,,,,,,,,,,,,,,,,,,,,,,,,,,,,,,,,,,,,,False,False,False,False,False,False
saudi_arabia_nawaf_bu_washl,team_saudi_arabia,Saudi Arabia,Nawaf Bu Washl,nawaf bu washl,Al Nassr FC (KSA),al nassr fc ksa,Defender,,,,False,wc2026_official_squad_corrected,,,,,,,,,,,,,,,,,,,,,,,,,,,,,,,,,,,,,,,,,,,,,,,,,False,False,False,False,False,False
saudi_arabia_saud_abdulhamid,team_saudi_arabia,Saudi Arabia,Saud Abdulhamid,saud abdulhamid,RC Lens (FRA),rc lens fra,Defender,,,,False,wc2026_official_squad_corrected,1.0,FRA-Ligue 1,2526,Lens,1352,14,,2,4,2,8,3,,,,,22,22,9,26,14,4,1,,,,0.13313609467455623,0.26627218934911245,0.13313609467455623,0.5325443786982249,0.1997041420118343,,,,,1.4644970414201184,1.4644970414201184,0.599112426035503,1.7307692307692308,0.9319526627218935,0.26627218934911245,0.06656804733727811,,,,0.9319526627218935,,True,True,True,True,True,False,False
saudi_arabia_abdullah_alhamddan,team_saudi_arabia,Saudi Arabia,Abdullah Alhamddan,abdullah alhamddan,Al Nassr FC (KSA),al nassr fc ksa,Forward,,,,False,wc2026_official_squad_corrected,,,,,,,,,,,,,,,,,,,,,,,,,,,,,,,,,,,,,,,,,,,,,,,,,False,False,False,False,False,False
saudi_arabia_aiman_yahya,team_saudi_arabia,Saudi Arabia,Aiman Yahya,aiman yahya,Al Nassr FC (KSA),al nassr fc ksa,Forward,,,,False,wc2026_official_squad_corrected,,,,,,,,,,,,,,,,,,,,,,,,,,,,,,,,,,,,,,,,,,,,,,,,,False,False,False,False,False,False
saudi_arabia_feras_albrikan,team_saudi_arabia,Saudi Arabia,Feras Albrikan,feras albrikan,Al Ahli FC (KSA),al ahli fc ksa,Forward,,,,False,wc2026_official_squad_corrected,,,,,,,,,,,,,,,,,,,,,,,,,,,,,,,,,,,,,,,,,,,,,,,,,False,False,False,False,False,False
saudi_arabia_khalid_alghannam,team_saudi_arabia,Saudi Arabia,Khalid Alghannam,khalid alghannam,Al Ettifaq FC (KSA),al ettifaq fc ksa,Forward,,,,False,wc2026_official_squad_corrected,,,,,,,,,,,,,,,,,,,,,,,,,,,,,,,,,,,,,,,,,,,,,,,,,False,False,False,False,False,False
saudi_arabia_saleh_alshehri,team_saudi_arabia,Saudi Arabia,Saleh Alshehri,saleh alshehri,Al Ittihad (KSA),al ittihad ksa,Forward,,,,False,wc2026_official_squad_corrected,,,,,,,,,,,,,,,,,,,,,,,,,,,,,,,,,,,,,,,,,,,,,,,,,False,False,False,False,False,False
saudi_arabia_salem_aldawsari,team_saudi_arabia,Saudi Arabia,Salem Aldawsari,salem aldawsari,Al Hilal SC (KSA),al hilal sc ksa,Forward,,,,False,wc2026_official_squad_corrected,,,,,,,,,,,,,,,,,,,,,,,,,,,,,,,,,,,,,,,,,,,,,,,,,False,False,False,False,False,False
saudi_arabia_sultan_mandash,team_saudi_arabia,Saudi Arabia,Sultan Mandash,sultan mandash,Al Hilal SC (KSA),al hilal sc ksa,Forward,,,,False,wc2026_official_squad_corrected,,,,,,,,,,,,,,,,,,,,,,,,,,,,,,,,,,,,,,,,,,,,,,,,,False,False,False,False,False,False
saudi_arabia_ahmed_alkassar,team_saudi_arabia,Saudi Arabia,Ahmed Alkassar,ahmed alkassar,Al Qadsiah FC (KSA),al qadsiah fc ksa,Goalkeeper,,,,False,wc2026_official_squad_corrected,,,,,,,,,,,,,,,,,,,,,,,,,,,,,,,,,,,,,,,,,,,,,,,,,False,False,False,False,False,False
saudi_arabia_mohammed_alowais,team_saudi_arabia,Saudi Arabia,Mohammed Alowais,mohammed alowais,Al Ula Saudi FC (KSA),al ula saudi fc ksa,Goalkeeper,,,,False,wc2026_official_squad_corrected,,,,,,,,,,,,,,,,,,,,,,,,,,,,,,,,,,,,,,,,,,,,,,,,,False,False,False,False,False,False
saudi_arabia_nawaf_alaqidi,team_saudi_arabia,Saudi Arabia,Nawaf Alaqidi,nawaf alaqidi,Al Nassr FC (KSA),al nassr fc ksa,Goalkeeper,,,,False,wc2026_official_squad_corrected,,,,,,,,,,,,,,,,,,,,,,,,,,,,,,,,,,,,,,,,,,,,,,,,,False,False,False,False,False,False
saudi_arabia_abdullah_alkhaibari,team_saudi_arabia,Saudi Arabia,Abdullah Alkhaibari,abdullah alkhaibari,Al Nassr FC (KSA),al nassr fc ksa,Midfielder,,,,False,wc2026_official_squad_corrected,,,,,,,,,,,,,,,,,,,,,,,,,,,,,,,,,,,,,,,,,,,,,,,,,False,False,False,False,False,False
saudi_arabia_ala_alhajji,team_saudi_arabia,Saudi Arabia,Ala Alhajji,ala alhajji,Neom SC (KSA),neom sc ksa,Midfielder,,,,False,wc2026_official_squad_corrected,,,,,,,,,,,,,,,,,,,,,,,,,,,,,,,,,,,,,,,,,,,,,,,,,False,False,False,False,False,False
saudi_arabia_mohamed_kanno,team_saudi_arabia,Saudi Arabia,Mohamed Kanno,mohamed kanno,Al Hilal SC (KSA),al hilal sc ksa,Midfielder,,,,False,wc2026_official_squad_corrected,1.0,KSA-Saudi Pro League,2526,Al-Hilal,2082,25,,5,4,5,31,20,,,,,36,36,27,30,9,2,0,,,,0.21613832853025938,0.1729106628242075,0.21613832853025938,1.340057636887608,0.8645533141210375,,,,,1.5561959654178674,1.5561959654178674,1.1671469740634006,1.2968299711815563,0.38904899135446686,0.08645533141210375,0.0,,,,1.080691642651297,,True,True,True,True,True,False,False
saudi_arabia_musab_aljuwayr,team_saudi_arabia,Saudi Arabia,Musab Aljuwayr,musab aljuwayr,Al Qadsiah FC (KSA),al qadsiah fc ksa,Midfielder,,,,False,wc2026_official_squad_corrected,,,,,,,,,,,,,,,,,,,,,,,,,,,,,,,,,,,,,,,,,,,,,,,,,False,False,False,False,False,False
saudi_arabia_nasser_aldawsari,team_saudi_arabia,Saudi Arabia,Nasser Aldawsari,nasser aldawsari,Al Hilal SC (KSA),al hilal sc ksa,Midfielder,,,,False,wc2026_official_squad_corrected,,,,,,,,,,,,,,,,,,,,,,,,,,,,,,,,,,,,,,,,,,,,,,,,,False,False,False,False,False,False
saudi_arabia_ziyad_aljohani,team_saudi_arabia,Saudi Arabia,Ziyad Aljohani,ziyad aljohani,Al Ahli FC (KSA),al ahli fc ksa,Midfielder,,,,False,wc2026_official_squad_corrected,,,,,,,,,,,,,,,,,,,,,,,,,,,,,,,,,,,,,,,,,,,,,,,,,False,False,False,False,False,False
scotland_aaron_hickey,team_scotland,Scotland,Aaron Hickey,aaron hickey,Brentford FC (ENG),brentford fc eng,Defender,,,,False,wc2026_official_squad_corrected,1.0,ENG-Premier League,2526,Brentford,690,8,,0,0,0,6,1,,,,,7,7,8,7,9,1,0,,,,0.0,0.0,0.0,0.7826086956521738,0.13043478260869565,,,,,0.9130434782608695,0.9130434782608695,1.0434782608695652,0.9130434782608695,1.1739130434782608,0.13043478260869565,0.0,,,,1.0434782608695652,,True,True,True,True,True,False,False
scotland_andy_robertson,team_scotland,Scotland,Andy Robertson,andy robertson,Liverpool FC (ENG),liverpool fc eng,Defender,,,,False,wc2026_official_squad_corrected,,,,,,,,,,,,,,,,,,,,,,,,,,,,,,,,,,,,,,,,,,,,,,,,,False,False,False,False,False,False
scotland_anthony_ralston,team_scotland,Scotland,Anthony Ralston,anthony ralston,Celtic FC (SCO),celtic fc sco,Defender,,,,False,wc2026_official_squad_corrected,,,,,,,,,,,,,,,,,,,,,,,,,,,,,,,,,,,,,,,,,,,,,,,,,False,False,False,False,False,False
scotland_dominic_hyam,team_scotland,Scotland,Dominic Hyam,dominic hyam,Wrexham AFC (WAL),wrexham afc wal,Defender,,,,False,wc2026_official_squad_corrected,,,,,,,,,,,,,,,,,,,,,,,,,,,,,,,,,,,,,,,,,,,,,,,,,False,False,False,False,False,False
scotland_grant_hanley,team_scotland,Scotland,Grant Hanley,grant hanley,Hibernian FC (SCO),hibernian fc sco,Defender,,,,False,wc2026_official_squad_corrected,,,,,,,,,,,,,,,,,,,,,,,,,,,,,,,,,,,,,,,,,,,,,,,,,False,False,False,False,False,False
scotland_jack_hendry,team_scotland,Scotland,Jack Hendry,jack hendry,Al Ettifaq FC (KSA),al ettifaq fc ksa,Defender,,,,False,wc2026_official_squad_corrected,1.0,KSA-Saudi Pro League,2526,Al-Ettifaq,2556,29,,1,0,1,5,1,,,,,12,12,15,30,23,7,1,,,,0.035211267605633804,0.0,0.035211267605633804,0.17605633802816903,0.035211267605633804,,,,,0.4225352112676057,0.4225352112676057,0.5281690140845071,1.0563380281690142,0.8098591549295775,0.24647887323943662,0.035211267605633804,,,,1.0211267605633803,,True,True,True,True,True,False,False
scotland_john_souttar,team_scotland,Scotland,John Souttar,john souttar,Rangers FC (SCO),rangers fc sco,Defender,,,,False,wc2026_official_squad_corrected,,,,,,,,,,,,,,,,,,,,,,,,,,,,,,,,,,,,,,,,,,,,,,,,,False,False,False,False,False,False
scotland_kieran_tierney,team_scotland,Scotland,Kieran Tierney,kieran tierney,Celtic FC (SCO),celtic fc sco,Defender,,,,False,wc2026_official_squad_corrected,,,,,,,,,,,,,,,,,,,,,,,,,,,,,,,,,,,,,,,,,,,,,,,,,False,False,False,False,False,False
scotland_mckenna_scott,team_scotland,Scotland,McKENNA Scott,mckenna scott,GNK Dinamo Zagreb (CRO),gnk dinamo zagreb cro,Defender,,,,False,wc2026_official_squad_corrected,,,,,,,,,,,,,,,,,,,,,,,,,,,,,,,,,,,,,,,,,,,,,,,,,False,False,False,False,False,False
scotland_nathan_patterson,team_scotland,Scotland,Nathan Patterson,nathan patterson,Everton FC (ENG),everton fc eng,Defender,,,,False,wc2026_official_squad_corrected,1.0,ENG-Premier League,2526,Everton,241,3,,0,0,0,1,1,,,,,4,4,2,2,2,0,0,,,,0.0,0.0,0.0,0.37344398340248963,0.37344398340248963,,,,,1.4937759336099585,1.4937759336099585,0.7468879668049793,0.7468879668049793,0.7468879668049793,0.0,0.0,,,,1.120331950207469,,False,True,False,False,False,False,False
scotland_ben_gannon_doak,team_scotland,Scotland,Ben Gannon-Doak,ben gannon doak,AFC Bournemouth (ENG),afc bournemouth eng,Forward,,,,False,wc2026_official_squad_corrected,1.0,ENG-Premier League,2526,Bournemouth,113,0,,0,1,0,3,1,,,,,2,2,1,3,1,0,0,,,,0.0,0.7964601769911505,0.0,2.3893805309734515,0.7964601769911505,,,,,1.592920353982301,1.592920353982301,0.7964601769911505,2.3893805309734515,0.7964601769911505,0.0,0.0,,,,0.0,,False,True,False,False,False,False,False
scotland_che_adams,team_scotland,Scotland,Che Adams,che adams,Torino FC (ITA),torino fc ita,Forward,,,,False,wc2026_official_squad_corrected,1.0,ITA-Serie A,2526,Torino,1893,19,,6,2,6,53,18,,,,,9,9,1,18,15,0,0,,,,0.28526148969889065,0.09508716323296354,0.28526148969889065,2.519809825673534,0.8557844690966718,,,,,0.4278922345483359,0.4278922345483359,0.04754358161648177,0.8557844690966718,0.7131537242472266,0.0,0.0,,,,0.9033280507131537,,True,True,True,True,True,False,False
scotland_findlay_curtis,team_scotland,Scotland,Findlay Curtis,findlay curtis,Kilmarnock FC (SCO),kilmarnock fc sco,Forward,,,,False,wc2026_official_squad_corrected,,,,,,,,,,,,,,,,,,,,,,,,,,,,,,,,,,,,,,,,,,,,,,,,,False,False,False,False,False,False
scotland_george_hirst,team_scotland,Scotland,George Hirst,george hirst,Ipswich Town FC (ENG),ipswich town fc eng,Forward,,,,False,wc2026_official_squad_corrected,,,,,,,,,,,,,,,,,,,,,,,,,,,,,,,,,,,,,,,,,,,,,,,,,False,False,False,False,False,False
scotland_lawrence_shankland,team_scotland,Scotland,Lawrence Shankland,lawrence shankland,Heart Of Midlothian FC (SCO),heart of midlothian fc sco,Forward,,,,False,wc2026_official_squad_corrected,,,,,,,,,,,,,,,,,,,,,,,,,,,,,,,,,,,,,,,,,,,,,,,,,False,False,False,False,False,False
scotland_lyndon_dykes,team_scotland,Scotland,Lyndon Dykes,lyndon dykes,Charlton Athletic FC (ENG),charlton athletic fc eng,Forward,,,,False,wc2026_official_squad_corrected,,,,,,,,,,,,,,,,,,,,,,,,,,,,,,,,,,,,,,,,,,,,,,,,,False,False,False,False,False,False
scotland_ross_stewart,team_scotland,Scotland,Ross Stewart,ross stewart,Southampton FC (ENG),southampton fc eng,Forward,,,,False,wc2026_official_squad_corrected,,,,,,,,,,,,,,,,,,,,,,,,,,,,,,,,,,,,,,,,,,,,,,,,,False,False,False,False,False,False
scotland_angus_gunn,team_scotland,Scotland,Angus Gunn,angus gunn,Nottingham Forest FC (ENG),nottingham forest fc eng,Goalkeeper,,,,False,wc2026_official_squad_corrected,1.0,ENG-Premier League,2526,Nottingham Forest,45,0,0,0,0,0,0,0,,,,,0,0,0,0,0,0,0,0,0,,0.0,0.0,0.0,0.0,0.0,,,,,0.0,0.0,0.0,0.0,0.0,0.0,0.0,0.0,0.0,,0.0,0.0,False,True,False,False,False,False,False
scotland_craig_gordon,team_scotland,Scotland,Craig Gordon,craig gordon,Heart Of Midlothian FC (SCO),heart of midlothian fc sco,Goalkeeper,,,,False,wc2026_official_squad_corrected,,,,,,,,,,,,,,,,,,,,,,,,,,,,,,,,,,,,,,,,,,,,,,,,,False,False,False,False,False,False
scotland_liam_kelly,team_scotland,Scotland,Liam Kelly,liam kelly,Rangers FC (SCO),rangers fc sco,Goalkeeper,,,,False,wc2026_official_squad_corrected,,,,,,,,,,,,,,,,,,,,,,,,,,,,,,,,,,,,,,,,,,,,,,,,,False,False,False,False,False,False
scotland_lewis_ferguson,team_scotland,Scotland,Lewis Ferguson,lewis ferguson,Bologna FC (ITA),bologna fc ita,Midfielder,,,,False,wc2026_official_squad_corrected,1.0,ITA-Serie A,2526,Bologna,1601,17,,1,0,1,13,2,,,,,16,16,12,34,26,7,1,,,,0.05621486570893192,0.0,0.05621486570893192,0.730793254216115,0.11242973141786385,,,,,0.8994378513429108,0.8994378513429108,0.6745783885071831,1.9113054341036853,1.46158650843223,0.39350405996252347,0.05621486570893192,,,,0.9556527170518426,,True,True,True,True,True,False,False
scotland_mcginn_john,team_scotland,Scotland,McGINN John,mcginn john,Aston Villa FC (ENG),aston villa fc eng,Midfielder,,,,False,wc2026_official_squad_corrected,,,,,,,,,,,,,,,,,,,,,,,,,,,,,,,,,,,,,,,,,,,,,,,,,False,False,False,False,False,False
scotland_mclean_kenny,team_scotland,Scotland,McLEAN Kenny,mclean kenny,Norwich City FC (ENG),norwich city fc eng,Midfielder,,,,False,wc2026_official_squad_corrected,,,,,,,,,,,,,,,,,,,,,,,,,,,,,,,,,,,,,,,,,,,,,,,,,False,False,False,False,False,False
scotland_mctominay_scott,team_scotland,Scotland,McTOMINAY Scott,mctominay scott,SSC Napoli (ITA),ssc napoli ita,Midfielder,,,,False,wc2026_official_squad_corrected,,,,,,,,,,,,,,,,,,,,,,,,,,,,,,,,,,,,,,,,,,,,,,,,,False,False,False,False,False,False
scotland_ryan_christie,team_scotland,Scotland,Ryan Christie,ryan christie,AFC Bournemouth (ENG),afc bournemouth eng,Midfielder,,,,False,wc2026_official_squad_corrected,1.0,ENG-Premier League,2526,Bournemouth,993,9,,2,0,2,25,8,,,,,20,20,11,16,22,3,1,,,,0.18126888217522658,0.0,0.18126888217522658,2.2658610271903323,0.7250755287009063,,,,,1.8126888217522659,1.8126888217522659,0.9969788519637462,1.4501510574018126,1.9939577039274925,0.2719033232628399,0.09063444108761329,,,,0.8157099697885196,,True,True,True,True,True,False,False
scotland_tyler_fletcher,team_scotland,Scotland,Tyler Fletcher,tyler fletcher,Manchester United FC (ENG),manchester united fc eng,Midfielder,,,,False,wc2026_official_squad_corrected,1.0,ENG-Premier League,2526,Manchester Utd,18,0,,0,0,0,0,0,,,,,0,0,0,0,0,0,0,,,,0.0,0.0,0.0,0.0,0.0,,,,,0.0,0.0,0.0,0.0,0.0,0.0,0.0,,,,0.0,,False,True,False,False,False,False,False
senegal_abdoulaye_seck,team_senegal,Senegal,Abdoulaye Seck,abdoulaye seck,Maccabi Haifa FC (ISR),maccabi haifa fc isr,Defender,,,,False,wc2026_official_squad_corrected,,,,,,,,,,,,,,,,,,,,,,,,,,,,,,,,,,,,,,,,,,,,,,,,,False,False,False,False,False,False
senegal_antoine_mendy,team_senegal,Senegal,Antoine Mendy,antoine mendy,OGC Nice (FRA),ogc nice fra,Defender,,,,False,wc2026_official_squad_corrected,1.0,FRA-Ligue 1,2526,Nice,2097,24,,1,0,1,17,7,,,,,35,35,19,30,22,5,0,,,,0.04291845493562232,0.0,0.04291845493562232,0.7296137339055794,0.3004291845493562,,,,,1.502145922746781,1.502145922746781,0.815450643776824,1.2875536480686696,0.944206008583691,0.2145922746781116,0.0,,,,1.0300429184549356,,True,True,True,True,True,False,False
senegal_ismail_jakobs,team_senegal,Senegal,Ismail Jakobs,ismail jakobs,Galatasaray SK (TUR),galatasaray sk tur,Defender,,,,False,wc2026_official_squad_corrected,1.0,TUR-Super Lig,2526,Galatasaray,1301,15,,0,1,0,7,0,,,,,14,14,13,12,10,1,0,,,,0.0,0.06917755572636433,0.0,0.48424289008455035,0.0,,,,,0.9684857801691007,0.9684857801691007,0.8993082244427364,0.830130668716372,0.6917755572636434,0.06917755572636433,0.0,,,,1.037663335895465,,True,True,True,True,True,False,False
senegal_kalidou_koulibaly,team_senegal,Senegal,Kalidou Koulibaly,kalidou koulibaly,Al Hilal SC (KSA),al hilal sc ksa,Defender,,,,False,wc2026_official_squad_corrected,1.0,KSA-Saudi Pro League,2526,Al-Hilal,1593,18,,1,2,1,11,3,,,,,22,22,26,12,3,6,1,,,,0.05649717514124294,0.11299435028248588,0.05649717514124294,0.6214689265536724,0.16949152542372883,,,,,1.2429378531073447,1.2429378531073447,1.4689265536723164,0.6779661016949153,0.16949152542372883,0.33898305084745767,0.05649717514124294,,,,1.0169491525423728,,True,True,True,True,True,False,False
senegal_krepin_diatta,team_senegal,Senegal,Krepin Diatta,krepin diatta,AS Monaco (FRA),as monaco fra,Defender,,,,False,wc2026_official_squad_corrected,1.0,FRA-Ligue 1,2526,Monaco,1013,10,,0,1,0,7,1,,,,,16,16,15,8,10,2,0,,,,0.0,0.08884501480750247,0.0,0.6219151036525172,0.08884501480750247,,,,,1.4215202369200395,1.4215202369200395,1.3326752221125369,0.7107601184600197,0.8884501480750246,0.17769002961500494,0.0,,,,0.8884501480750246,,True,True,True,True,True,False,False
senegal_mamadou_sarr,team_senegal,Senegal,Mamadou Sarr,mamadou sarr,Chelsea FC (ENG),chelsea fc eng,Defender,,,,False,wc2026_official_squad_corrected,2.0,"ENG-Premier League, FRA-Ligue 1",2526,"Chelsea, Strasbourg",1407,16,,0,0,0,2,0,,,,,13,13,6,16,11,3,0,,,,0.0,0.0,0.0,0.1279317697228145,0.0,,,,,0.8315565031982942,0.8315565031982942,0.3837953091684435,1.023454157782516,0.7036247334754797,0.19189765458422176,0.0,,,,1.023454157782516,,True,True,True,True,True,False,False
senegal_moussa_niakhate,team_senegal,Senegal,Moussa Niakhate,moussa niakhate,Olympique Lyonnais (FRA),olympique lyonnais fra,Defender,,,,False,wc2026_official_squad_corrected,1.0,FRA-Ligue 1,2526,Lyon,2759,30,,0,2,0,4,0,,,,,22,22,32,38,32,3,0,,,,0.0,0.06524102935846321,0.0,0.13048205871692642,0.0,,,,,0.7176513229430953,0.7176513229430953,1.0438564697354114,1.239579557810801,1.0438564697354114,0.09786154403769481,0.0,,,,0.9786154403769481,,True,True,True,True,True,False,False
senegal_el_hadji_malick_diouf,team_senegal,Senegal,el Hadji Malick Diouf,el hadji malick diouf,West Ham United FC (ENG),west ham united fc eng,Defender,,,,False,wc2026_official_squad_corrected,1.0,ENG-Premier League,2526,West Ham United,2707,30,,0,5,0,18,4,,,,,19,19,32,28,25,6,0,,,,0.0,0.1662356852604359,0.0,0.5984484669375693,0.1329885482083487,,,,,0.6316956039896564,0.6316956039896564,1.0639083856667897,0.930919837458441,0.8311784263021795,0.19948282231252307,0.0,,,,0.9974141115626154,,True,True,True,True,True,False,False
senegal_assane_diao,team_senegal,Senegal,Assane Diao,assane diao,Como (ITA),como ita,Forward,,,,False,wc2026_official_squad_corrected,1.0,ITA-Serie A,2526,Como,1075,13,,2,1,2,31,10,,,,,5,5,4,15,39,2,0,,,,0.16744186046511628,0.08372093023255814,0.16744186046511628,2.5953488372093023,0.8372093023255813,,,,,0.41860465116279066,0.41860465116279066,0.33488372093023255,1.255813953488372,3.265116279069767,0.16744186046511628,0.0,,,,1.0883720930232559,,True,True,True,True,True,False,False
senegal_bamba_dieng,team_senegal,Senegal,Bamba Dieng,bamba dieng,FC Lorient (FRA),fc lorient fra,Forward,,,,False,wc2026_official_squad_corrected,1.0,FRA-Ligue 1,2526,Lorient,1212,15,,10,1,9,45,24,,,,,2,2,2,15,13,2,0,,,,0.7425742574257426,0.07425742574257425,0.6683168316831684,3.3415841584158414,1.7821782178217822,,,,,0.1485148514851485,0.1485148514851485,0.1485148514851485,1.113861386138614,0.9653465346534653,0.1485148514851485,0.0,,,,1.113861386138614,,True,True,True,True,True,False,False
senegal_cherif_ndiaye,team_senegal,Senegal,Cherif Ndiaye,cherif ndiaye,Samsunspor (TUR),samsunspor tur,Forward,,,,False,wc2026_official_squad_corrected,1.0,TUR-Super Lig,2526,Samsunspor,1420,16,,7,1,7,30,12,,,,,11,11,0,35,50,4,1,,,,0.4436619718309859,0.06338028169014084,0.4436619718309859,1.9014084507042253,0.7605633802816901,,,,,0.6971830985915493,0.6971830985915493,0.0,2.2183098591549295,3.169014084507042,0.2535211267605634,0.06338028169014084,,,,1.0140845070422535,,True,True,True,True,True,False,False
senegal_ibrahim_mbaye,team_senegal,Senegal,Ibrahim Mbaye,ibrahim mbaye,Paris Saint-Germain (FRA),paris saint germain fra,Forward,,,,False,wc2026_official_squad_corrected,1.0,FRA-Ligue 1,2526,Paris Saint-Germain,1006,10,,3,2,3,24,10,,,,,7,7,4,10,13,0,0,,,,0.26838966202783304,0.17892644135188868,0.26838966202783304,2.1471172962226643,0.8946322067594434,,,,,0.6262425447316103,0.6262425447316103,0.35785288270377735,0.8946322067594434,1.1630218687872764,0.0,0.0,,,,0.8946322067594434,,True,True,True,True,True,False,False
senegal_iliman_ndiaye,team_senegal,Senegal,Iliman Ndiaye,iliman ndiaye,Everton FC (ENG),everton fc eng,Forward,,,,False,wc2026_official_squad_corrected,1.0,ENG-Premier League,2526,Everton,2778,32,,6,3,4,43,22,,,,,40,40,17,30,37,2,0,,,,0.19438444924406048,0.09719222462203024,0.12958963282937364,1.3930885529157666,0.712742980561555,,,,,1.2958963282937366,1.2958963282937366,0.550755939524838,0.9719222462203023,1.1987041036717063,0.06479481641468682,0.0,,,,1.036717062634989,,True,True,True,True,True,False,False
senegal_ismaila_sarr,team_senegal,Senegal,Ismaila Sarr,ismaila sarr,Crystal Palace FC (ENG),crystal palace fc eng,Forward,,,,False,wc2026_official_squad_corrected,1.0,ENG-Premier League,2526,Crystal Palace,2174,24,,9,1,6,48,21,,,,,9,9,7,12,42,2,0,,,,0.37258509659613614,0.04139834406623735,0.24839006439742412,1.987120515179393,0.8693652253909844,,,,,0.37258509659613614,0.37258509659613614,0.28978840846366144,0.49678012879484823,1.7387304507819688,0.0827966881324747,0.0,,,,0.9935602575896965,,True,True,True,True,True,False,False
senegal_nicolas_jackson,team_senegal,Senegal,Nicolas Jackson,nicolas jackson,FC Bayern München (GER),fc bayern munchen ger,Forward,,,,False,wc2026_official_squad_corrected,1.0,GER-Bundesliga,2526,Bayern Munich,1007,12,,8,1,8,38,21,,,,,4,4,4,15,10,2,1,,,,0.7149950347567031,0.08937437934458789,0.7149950347567031,3.3962264150943398,1.8768619662363457,,,,,0.35749751737835156,0.35749751737835156,0.35749751737835156,1.3406156901688184,0.893743793445879,0.17874875868917578,0.08937437934458789,,,,1.0724925521350548,,True,True,True,True,True,False,False
senegal_sadio_mane,team_senegal,Senegal,Sadio Mane,sadio mane,Al Nassr FC (KSA),al nassr fc ksa,Forward,,,,False,wc2026_official_squad_corrected,1.0,KSA-Saudi Pro League,2526,Al-Nassr,2124,25,,10,6,9,61,30,,,,,21,21,9,29,28,6,0,,,,0.423728813559322,0.2542372881355932,0.3813559322033898,2.584745762711864,1.271186440677966,,,,,0.8898305084745762,0.8898305084745762,0.3813559322033898,1.2288135593220337,1.1864406779661016,0.2542372881355932,0.0,,,,1.059322033898305,,True,True,True,True,True,False,False
senegal_edouard_mendy,team_senegal,Senegal,Edouard Mendy,edouard mendy,Al Ahli FC (KSA),al ahli fc ksa,Goalkeeper,,,,False,wc2026_official_squad_corrected,1.0,KSA-Saudi Pro League,2526,Al-Ahli,2340,26,14,0,0,0,0,0,,,,,0,0,0,0,4,2,0,43,18,,0.0,0.0,0.0,0.0,0.0,,,,,0.0,0.0,0.0,0.0,0.15384615384615385,0.07692307692307693,0.0,1.6538461538461537,0.6923076923076923,,1.0,0.5384615384615384,True,True,True,False,False,True,False
senegal_mory_diaw,team_senegal,Senegal,Mory Diaw,mory diaw,Le Havre AC (FRA),le havre ac fra,Goalkeeper,,,,False,wc2026_official_squad_corrected,1.0,FRA-Ligue 1,2526,Le Havre,2655,30,7,0,1,0,0,0,,,,,0,0,2,0,6,1,0,80,41,,0.0,0.03389830508474576,0.0,0.0,0.0,,,,,0.0,0.0,0.06779661016949153,0.0,0.2033898305084746,0.03389830508474576,0.0,2.711864406779661,1.3898305084745763,,1.0169491525423728,0.23728813559322035,True,True,True,False,False,True,False
senegal_yehvann_diouf,team_senegal,Senegal,Yehvann Diouf,yehvann diouf,OGC Nice (FRA),ogc nice fra,Goalkeeper,,,,False,wc2026_official_squad_corrected,1.0,FRA-Ligue 1,2526,Nice,2340,26,5,0,0,0,0,0,,,,,0,0,2,0,4,1,0,91,45,,0.0,0.0,0.0,0.0,0.0,,,,,0.0,0.0,0.07692307692307693,0.0,0.15384615384615385,0.038461538461538464,0.0,3.5,1.7307692307692308,,1.0,0.19230769230769232,True,True,True,False,False,True,False
senegal_bara_sapoko_ndiaye,team_senegal,Senegal,Bara Sapoko Ndiaye,bara sapoko ndiaye,FC Bayern München (GER),fc bayern munchen ger,Midfielder,,,,False,wc2026_official_squad_corrected,,,,,,,,,,,,,,,,,,,,,,,,,,,,,,,,,,,,,,,,,,,,,,,,,False,False,False,False,False,False
senegal_habib_diarra,team_senegal,Senegal,Habib Diarra,habib diarra,Sunderland AFC (ENG),sunderland afc eng,Midfielder,,,,False,wc2026_official_squad_corrected,1.0,ENG-Premier League,2526,Sunderland,1405,15,,2,2,1,26,8,,,,,7,7,4,19,27,6,0,,,,0.12811387900355872,0.12811387900355872,0.06405693950177936,1.6654804270462633,0.5124555160142349,,,,,0.4483985765124555,0.4483985765124555,0.25622775800711745,1.217081850533808,1.7295373665480427,0.38434163701067614,0.0,,,,0.9608540925266904,,True,True,True,True,True,False,False
senegal_idrissa_gana_gueye,team_senegal,Senegal,Idrissa Gana Gueye,idrissa gana gueye,Everton FC (ENG),everton fc eng,Midfielder,,,,False,wc2026_official_squad_corrected,1.0,ENG-Premier League,2526,Everton,2093,25,,2,3,2,29,7,,,,,21,21,29,21,31,1,1,,,,0.08600095556617296,0.12900143334925943,0.08600095556617296,1.2470138557095078,0.3010033444816053,,,,,0.903010033444816,0.903010033444816,1.2470138557095078,0.903010033444816,1.3330148112756808,0.04300047778308648,0.04300047778308648,,,,1.075011944577162,,True,True,True,True,True,False,False
senegal_lamine_camara,team_senegal,Senegal,Lamine Camara,lamine camara,AS Monaco (FRA),as monaco fra,Midfielder,,,,False,wc2026_official_squad_corrected,1.0,FRA-Ligue 1,2526,Monaco,1847,22,,3,4,3,25,4,,,,,33,33,38,28,48,6,0,,,,0.1461829994585815,0.19491066594477532,0.1461829994585815,1.2181916621548456,0.19491066594477532,,,,,1.6080129940443963,1.6080129940443963,1.8516513264753656,1.3643746616134271,2.338927991337304,0.292365998917163,0.0,,,,1.0720086626962642,,True,True,True,True,True,False,False
senegal_pape_gueye,team_senegal,Senegal,Pape Gueye,pape gueye,Villarreal CF (ESP),villarreal cf esp,Midfielder,,,,False,wc2026_official_squad_corrected,1.0,ESP-La Liga,2526,Villarreal,2131,26,,5,2,4,47,13,,,,,22,22,35,35,54,8,0,,,,0.21116846550915064,0.08446738620366026,0.16893477240732052,1.984983575786016,0.5490380103237916,,,,,0.9291412482402628,0.9291412482402628,1.4781792585640545,1.4781792585640545,2.2806194274988267,0.33786954481464104,0.0,,,,1.0980760206475833,,True,True,True,True,True,False,False
senegal_pape_matar_sarr,team_senegal,Senegal,Pape Matar Sarr,pape matar sarr,Tottenham Hotspur FC (ENG),tottenham hotspur fc eng,Midfielder,,,,False,wc2026_official_squad_corrected,1.0,ENG-Premier League,2526,Tottenham Hotspur,1397,13,,2,4,2,17,6,,,,,21,21,14,29,13,3,0,,,,0.12884753042233357,0.25769506084466715,0.12884753042233357,1.0952040085898354,0.3865425912670007,,,,,1.3528990694345024,1.3528990694345024,0.901932712956335,1.8682891911238368,0.8375089477451683,0.19327129563350035,0.0,,,,0.8375089477451683,,True,True,True,True,True,False,False
senegal_pathe_ciss,team_senegal,Senegal,Pathe Ciss,pathe ciss,Rayo Vallecano (ESP),rayo vallecano esp,Midfielder,,,,False,wc2026_official_squad_corrected,1.0,ESP-La Liga,2526,Rayo Vallecano,1998,20,,2,1,2,20,8,,,,,35,35,35,30,13,9,2,,,,0.0900900900900901,0.04504504504504505,0.0900900900900901,0.9009009009009009,0.3603603603603604,,,,,1.5765765765765767,1.5765765765765767,1.5765765765765767,1.3513513513513513,0.5855855855855856,0.40540540540540543,0.0900900900900901,,,,0.9009009009009009,,True,True,True,True,True,False,False
south_africa_aubrey_modiba,team_south_africa,South Africa,Aubrey Modiba,aubrey modiba,Mamelodi Sundowns FC (RSA),mamelodi sundowns fc rsa,Defender,,,,False,wc2026_official_squad_corrected,,,,,,,,,,,,,,,,,,,,,,,,,,,,,,,,,,,,,,,,,,,,,,,,,False,False,False,False,False,False
south_africa_bradley_cross,team_south_africa,South Africa,Bradley Cross,bradley cross,Kaizer Chiefs FC (RSA),kaizer chiefs fc rsa,Defender,,,,False,wc2026_official_squad_corrected,,,,,,,,,,,,,,,,,,,,,,,,,,,,,,,,,,,,,,,,,,,,,,,,,False,False,False,False,False,False
south_africa_ime_okon,team_south_africa,South Africa,Ime Okon,ime okon,Hannover 96 (GER),hannover 96 ger,Defender,,,,False,wc2026_official_squad_corrected,,,,,,,,,,,,,,,,,,,,,,,,,,,,,,,,,,,,,,,,,,,,,,,,,False,False,False,False,False,False
south_africa_khuliso_mudau,team_south_africa,South Africa,Khuliso Mudau,khuliso mudau,Mamelodi Sundowns FC (RSA),mamelodi sundowns fc rsa,Defender,,,,False,wc2026_official_squad_corrected,,,,,,,,,,,,,,,,,,,,,,,,,,,,,,,,,,,,,,,,,,,,,,,,,False,False,False,False,False,False
south_africa_khulumani_ndamane,team_south_africa,South Africa,Khulumani Ndamane,khulumani ndamane,Mamelodi Sundowns FC (RSA),mamelodi sundowns fc rsa,Defender,,,,False,wc2026_official_squad_corrected,,,,,,,,,,,,,,,,,,,,,,,,,,,,,,,,,,,,,,,,,,,,,,,,,False,False,False,False,False,False
south_africa_mbekezeli_mbokazi,team_south_africa,South Africa,Mbekezeli Mbokazi,mbekezeli mbokazi,Chicago Fire FC (USA),chicago fire fc usa,Defender,,,,False,wc2026_official_squad_corrected,1.0,USA-Major League Soccer,2026,Chicago Fire,1048,12,,0,0,0,7,3,,,,,14,14,11,4,11,2,0,,,,0.0,0.0,0.0,0.601145038167939,0.25763358778625955,,,,,1.202290076335878,1.202290076335878,0.9446564885496184,0.3435114503816794,0.9446564885496184,0.1717557251908397,0.0,,,,1.0305343511450382,,True,True,True,True,True,False,False
south_africa_nkosinathi_sibisi,team_south_africa,South Africa,Nkosinathi Sibisi,nkosinathi sibisi,Orlando Pirates FC (RSA),orlando pirates fc rsa,Defender,,,,False,wc2026_official_squad_corrected,,,,,,,,,,,,,,,,,,,,,,,,,,,,,,,,,,,,,,,,,,,,,,,,,False,False,False,False,False,False
south_africa_olwethu_makhanya,team_south_africa,South Africa,Olwethu Makhanya,olwethu makhanya,Philadelphia Union (USA),philadelphia union usa,Defender,,,,False,wc2026_official_squad_corrected,1.0,USA-Major League Soccer,2026,Philadelphia Union,1169,13,,0,0,0,7,1,,,,,16,16,19,15,2,6,1,,,,0.0,0.0,0.0,0.5389221556886228,0.07698887938408897,,,,,1.2318220701454234,1.2318220701454234,1.4627887082976903,1.1548331907613345,0.15397775876817793,0.4619332763045338,0.07698887938408897,,,,1.0008554319931566,,True,True,True,True,True,False,False
south_africa_samukele_kabini,team_south_africa,South Africa,Samukele Kabini,samukele kabini,Molde FK (NOR),molde fk nor,Defender,,,,False,wc2026_official_squad_corrected,,,,,,,,,,,,,,,,,,,,,,,,,,,,,,,,,,,,,,,,,,,,,,,,,False,False,False,False,False,False
south_africa_thabang_matuludi,team_south_africa,South Africa,Thabang Matuludi,thabang matuludi,Polokwane City FC (RSA),polokwane city fc rsa,Defender,,,,False,wc2026_official_squad_corrected,,,,,,,,,,,,,,,,,,,,,,,,,,,,,,,,,,,,,,,,,,,,,,,,,False,False,False,False,False,False
south_africa_evidence_makgopa,team_south_africa,South Africa,Evidence Makgopa,evidence makgopa,Orlando Pirates FC (RSA),orlando pirates fc rsa,Forward,,,,False,wc2026_official_squad_corrected,,,,,,,,,,,,,,,,,,,,,,,,,,,,,,,,,,,,,,,,,,,,,,,,,False,False,False,False,False,False
south_africa_iqraam_rayners,team_south_africa,South Africa,Iqraam Rayners,iqraam rayners,Mamelodi Sundowns FC (RSA),mamelodi sundowns fc rsa,Forward,,,,False,wc2026_official_squad_corrected,,,,,,,,,,,,,,,,,,,,,,,,,,,,,,,,,,,,,,,,,,,,,,,,,False,False,False,False,False,False
south_africa_kamogelo_sebelebele,team_south_africa,South Africa,Kamogelo Sebelebele,kamogelo sebelebele,Orlando Pirates FC (RSA),orlando pirates fc rsa,Forward,,,,False,wc2026_official_squad_corrected,,,,,,,,,,,,,,,,,,,,,,,,,,,,,,,,,,,,,,,,,,,,,,,,,False,False,False,False,False,False
south_africa_lyle_foster,team_south_africa,South Africa,Lyle Foster,lyle foster,Burnley FC (ENG),burnley fc eng,Forward,,,,False,wc2026_official_squad_corrected,1.0,ENG-Premier League,2526,Burnley,1371,15,,3,2,3,20,6,,,,,12,12,4,22,13,4,0,,,,0.19693654266958427,0.1312910284463895,0.19693654266958427,1.3129102844638951,0.39387308533916854,,,,,0.7877461706783371,0.7877461706783371,0.262582056892779,1.4442013129102846,0.8533916849015317,0.262582056892779,0.0,,,,0.9846827133479212,,True,True,True,True,True,False,False
south_africa_oswin_appollis,team_south_africa,South Africa,Oswin Appollis,oswin appollis,Orlando Pirates FC (RSA),orlando pirates fc rsa,Forward,,,,False,wc2026_official_squad_corrected,,,,,,,,,,,,,,,,,,,,,,,,,,,,,,,,,,,,,,,,,,,,,,,,,False,False,False,False,False,False
south_africa_relebohile_mofokeng,team_south_africa,South Africa,Relebohile Mofokeng,relebohile mofokeng,Orlando Pirates FC (RSA),orlando pirates fc rsa,Forward,,,,False,wc2026_official_squad_corrected,,,,,,,,,,,,,,,,,,,,,,,,,,,,,,,,,,,,,,,,,,,,,,,,,False,False,False,False,False,False
south_africa_thapelo_maseko,team_south_africa,South Africa,Thapelo Maseko,thapelo maseko,AEL Limassol (CYP),ael limassol cyp,Forward,,,,False,wc2026_official_squad_corrected,,,,,,,,,,,,,,,,,,,,,,,,,,,,,,,,,,,,,,,,,,,,,,,,,False,False,False,False,False,False
south_africa_tshepang_moremi,team_south_africa,South Africa,Tshepang Moremi,tshepang moremi,Orlando Pirates FC (RSA),orlando pirates fc rsa,Forward,,,,False,wc2026_official_squad_corrected,,,,,,,,,,,,,,,,,,,,,,,,,,,,,,,,,,,,,,,,,,,,,,,,,False,False,False,False,False,False
south_africa_ricardo_goss,team_south_africa,South Africa,Ricardo Goss,ricardo goss,Siwelele FC (RSA),siwelele fc rsa,Goalkeeper,,,,False,wc2026_official_squad_corrected,,,,,,,,,,,,,,,,,,,,,,,,,,,,,,,,,,,,,,,,,,,,,,,,,False,False,False,False,False,False
south_africa_ronwen_williams,team_south_africa,South Africa,Ronwen Williams,ronwen williams,Mamelodi Sundowns FC (RSA),mamelodi sundowns fc rsa,Goalkeeper,,,,False,wc2026_official_squad_corrected,,,,,,,,,,,,,,,,,,,,,,,,,,,,,,,,,,,,,,,,,,,,,,,,,False,False,False,False,False,False
south_africa_sipho_chaine,team_south_africa,South Africa,Sipho Chaine,sipho chaine,Orlando Pirates FC (RSA),orlando pirates fc rsa,Goalkeeper,,,,False,wc2026_official_squad_corrected,,,,,,,,,,,,,,,,,,,,,,,,,,,,,,,,,,,,,,,,,,,,,,,,,False,False,False,False,False,False
south_africa_jayden_adams,team_south_africa,South Africa,Jayden Adams,jayden adams,Mamelodi Sundowns FC (RSA),mamelodi sundowns fc rsa,Midfielder,,,,False,wc2026_official_squad_corrected,,,,,,,,,,,,,,,,,,,,,,,,,,,,,,,,,,,,,,,,,,,,,,,,,False,False,False,False,False,False
south_africa_sphephelo_sithole,team_south_africa,South Africa,Sphephelo Sithole,sphephelo sithole,CD Tondela (POR),cd tondela por,Midfielder,,,,False,wc2026_official_squad_corrected,1.0,POR-Primeira Liga,2526,Tondela,1543,16,,1,0,1,4,2,,,,,20,20,9,36,9,6,0,,,,0.05832793259883344,0.0,0.05832793259883344,0.23331173039533376,0.11665586519766688,,,,,1.1665586519766686,1.1665586519766686,0.5249513933895009,2.0998055735580037,0.5249513933895009,0.3499675955930006,0.0,,,,0.933246921581335,,True,True,True,True,True,False,False
south_africa_teboho_mokoena,team_south_africa,South Africa,Teboho Mokoena,teboho mokoena,Mamelodi Sundowns FC (RSA),mamelodi sundowns fc rsa,Midfielder,,,,False,wc2026_official_squad_corrected,,,,,,,,,,,,,,,,,,,,,,,,,,,,,,,,,,,,,,,,,,,,,,,,,False,False,False,False,False,False
south_africa_thalente_mbatha,team_south_africa,South Africa,Thalente Mbatha,thalente mbatha,Orlando Pirates FC (RSA),orlando pirates fc rsa,Midfielder,,,,False,wc2026_official_squad_corrected,,,,,,,,,,,,,,,,,,,,,,,,,,,,,,,,,,,,,,,,,,,,,,,,,False,False,False,False,False,False
south_africa_themba_zwane,team_south_africa,South Africa,Themba Zwane,themba zwane,Mamelodi Sundowns FC (RSA),mamelodi sundowns fc rsa,Midfielder,,,,False,wc2026_official_squad_corrected,,,,,,,,,,,,,,,,,,,,,,,,,,,,,,,,,,,,,,,,,,,,,,,,,False,False,False,False,False,False
south_korea_hanbeom_lee,team_south_korea,South Korea,Hanbeom Lee,hanbeom lee,FC Midtjylland (DEN),fc midtjylland den,Defender,,,,False,wc2026_official_squad_corrected,,,,,,,,,,,,,,,,,,,,,,,,,,,,,,,,,,,,,,,,,,,,,,,,,False,False,False,False,False,False
south_korea_jens_castrop,team_south_korea,South Korea,Jens Castrop,jens castrop,Borussia Mönchengladbach (GER),borussia monchengladbach ger,Defender,,,,False,wc2026_official_squad_corrected,,,,,,,,,,,,,,,,,,,,,,,,,,,,,,,,,,,,,,,,,,,,,,,,,False,False,False,False,False,False
south_korea_jinseob_park,team_south_korea,South Korea,Jinseob Park,jinseob park,Zhejiang FC (CHN),zhejiang fc chn,Defender,,,,False,wc2026_official_squad_corrected,,,,,,,,,,,,,,,,,,,,,,,,,,,,,,,,,,,,,,,,,,,,,,,,,False,False,False,False,False,False
south_korea_minjae_kim,team_south_korea,South Korea,Minjae Kim,minjae kim,FC Bayern München (GER),fc bayern munchen ger,Defender,,,,False,wc2026_official_squad_corrected,,,,,,,,,,,,,,,,,,,,,,,,,,,,,,,,,,,,,,,,,,,,,,,,,False,False,False,False,False,False
south_korea_moonhwan_kim,team_south_korea,South Korea,Moonhwan Kim,moonhwan kim,Daejeon Hana Citizen FC (KOR),daejeon hana citizen fc kor,Defender,,,,False,wc2026_official_squad_corrected,,,,,,,,,,,,,,,,,,,,,,,,,,,,,,,,,,,,,,,,,,,,,,,,,False,False,False,False,False,False
south_korea_taehyeon_kim,team_south_korea,South Korea,Taehyeon Kim,taehyeon kim,Kashima Antlers (JPN),kashima antlers jpn,Defender,,,,False,wc2026_official_squad_corrected,,,,,,,,,,,,,,,,,,,,,,,,,,,,,,,,,,,,,,,,,,,,,,,,,False,False,False,False,False,False
south_korea_taeseok_lee,team_south_korea,South Korea,Taeseok Lee,taeseok lee,FK Austria Wien (AUT),fk austria wien aut,Defender,,,,False,wc2026_official_squad_corrected,,,,,,,,,,,,,,,,,,,,,,,,,,,,,,,,,,,,,,,,,,,,,,,,,False,False,False,False,False,False
south_korea_wije_cho,team_south_korea,South Korea,Wije Cho,wije cho,Jeonbuk Hyundai Motors FC (KOR),jeonbuk hyundai motors fc kor,Defender,,,,False,wc2026_official_squad_corrected,,,,,,,,,,,,,,,,,,,,,,,,,,,,,,,,,,,,,,,,,,,,,,,,,False,False,False,False,False,False
south_korea_youngwoo_seol,team_south_korea,South Korea,Youngwoo Seol,youngwoo seol,FK Crvena Zvezda (SRB),fk crvena zvezda srb,Defender,,,,False,wc2026_official_squad_corrected,,,,,,,,,,,,,,,,,,,,,,,,,,,,,,,,,,,,,,,,,,,,,,,,,False,False,False,False,False,False
south_korea_guesung_cho,team_south_korea,South Korea,Guesung Cho,guesung cho,FC Midtjylland (DEN),fc midtjylland den,Forward,,,,False,wc2026_official_squad_corrected,,,,,,,,,,,,,,,,,,,,,,,,,,,,,,,,,,,,,,,,,,,,,,,,,False,False,False,False,False,False
south_korea_heungmin_son,team_south_korea,South Korea,Heungmin Son,heungmin son,LAFC (USA),lafc usa,Forward,,,,False,wc2026_official_squad_corrected,,,,,,,,,,,,,,,,,,,,,,,,,,,,,,,,,,,,,,,,,,,,,,,,,False,False,False,False,False,False
south_korea_hyeongyu_oh,team_south_korea,South Korea,Hyeongyu Oh,hyeongyu oh,Beşiktaş JK (TUR),besiktas jk tur,Forward,,,,False,wc2026_official_squad_corrected,,,,,,,,,,,,,,,,,,,,,,,,,,,,,,,,,,,,,,,,,,,,,,,,,False,False,False,False,False,False
south_korea_bumkeun_song,team_south_korea,South Korea,Bumkeun Song,bumkeun song,Jeonbuk Hyundai Motors FC (KOR),jeonbuk hyundai motors fc kor,Goalkeeper,,,,False,wc2026_official_squad_corrected,,,,,,,,,,,,,,,,,,,,,,,,,,,,,,,,,,,,,,,,,,,,,,,,,False,False,False,False,False,False
south_korea_hyeonwoo_jo,team_south_korea,South Korea,Hyeonwoo Jo,hyeonwoo jo,Ulsan HD (KOR),ulsan hd kor,Goalkeeper,,,,False,wc2026_official_squad_corrected,,,,,,,,,,,,,,,,,,,,,,,,,,,,,,,,,,,,,,,,,,,,,,,,,False,False,False,False,False,False
south_korea_seunggyu_kim,team_south_korea,South Korea,Seunggyu Kim,seunggyu kim,FC Tokyo (JPN),fc tokyo jpn,Goalkeeper,,,,False,wc2026_official_squad_corrected,,,,,,,,,,,,,,,,,,,,,,,,,,,,,,,,,,,,,,,,,,,,,,,,,False,False,False,False,False,False
south_korea_donggyeong_lee,team_south_korea,South Korea,Donggyeong Lee,donggyeong lee,Ulsan HD (KOR),ulsan hd kor,Midfielder,,,,False,wc2026_official_squad_corrected,,,,,,,,,,,,,,,,,,,,,,,,,,,,,,,,,,,,,,,,,,,,,,,,,False,False,False,False,False,False
south_korea_gihyuk_lee,team_south_korea,South Korea,Gihyuk Lee,gihyuk lee,Gangwon FC (KOR),gangwon fc kor,Midfielder,,,,False,wc2026_official_squad_corrected,,,,,,,,,,,,,,,,,,,,,,,,,,,,,,,,,,,,,,,,,,,,,,,,,False,False,False,False,False,False
south_korea_heechan_hwang,team_south_korea,South Korea,Heechan Hwang,heechan hwang,Wolverhampton Wanderers FC (ENG),wolverhampton wanderers fc eng,Midfielder,,,,False,wc2026_official_squad_corrected,,,,,,,,,,,,,,,,,,,,,,,,,,,,,,,,,,,,,,,,,,,,,,,,,False,False,False,False,False,False
south_korea_hyunjun_yang,team_south_korea,South Korea,Hyunjun Yang,hyunjun yang,Celtic FC (SCO),celtic fc sco,Midfielder,,,,False,wc2026_official_squad_corrected,,,,,,,,,,,,,,,,,,,,,,,,,,,,,,,,,,,,,,,,,,,,,,,,,False,False,False,False,False,False
south_korea_inbeom_hwang,team_south_korea,South Korea,Inbeom Hwang,inbeom hwang,Feyenoord Rotterdam (NED),feyenoord rotterdam ned,Midfielder,,,,False,wc2026_official_squad_corrected,,,,,,,,,,,,,,,,,,,,,,,,,,,,,,,,,,,,,,,,,,,,,,,,,False,False,False,False,False,False
south_korea_jaesung_lee,team_south_korea,South Korea,Jaesung Lee,jaesung lee,1. FSV Mainz 05 (GER),1 fsv mainz 05 ger,Midfielder,,,,False,wc2026_official_squad_corrected,,,,,,,,,,,,,,,,,,,,,,,,,,,,,,,,,,,,,,,,,,,,,,,,,False,False,False,False,False,False
south_korea_jingyu_kim,team_south_korea,South Korea,Jingyu Kim,jingyu kim,Jeonbuk Hyundai Motors FC (KOR),jeonbuk hyundai motors fc kor,Midfielder,,,,False,wc2026_official_squad_corrected,,,,,,,,,,,,,,,,,,,,,,,,,,,,,,,,,,,,,,,,,,,,,,,,,False,False,False,False,False,False
south_korea_jisung_eom,team_south_korea,South Korea,Jisung Eom,jisung eom,Swansea City AFC (WAL),swansea city afc wal,Midfielder,,,,False,wc2026_official_squad_corrected,,,,,,,,,,,,,,,,,,,,,,,,,,,,,,,,,,,,,,,,,,,,,,,,,False,False,False,False,False,False
south_korea_junho_bae,team_south_korea,South Korea,Junho Bae,junho bae,Stoke City FC (ENG),stoke city fc eng,Midfielder,,,,False,wc2026_official_squad_corrected,,,,,,,,,,,,,,,,,,,,,,,,,,,,,,,,,,,,,,,,,,,,,,,,,False,False,False,False,False,False
south_korea_kangin_lee,team_south_korea,South Korea,Kangin Lee,kangin lee,Paris Saint-Germain (FRA),paris saint germain fra,Midfielder,,,,False,wc2026_official_squad_corrected,,,,,,,,,,,,,,,,,,,,,,,,,,,,,,,,,,,,,,,,,,,,,,,,,False,False,False,False,False,False
south_korea_seungho_paik,team_south_korea,South Korea,Seungho Paik,seungho paik,Birmingham City FC (ENG),birmingham city fc eng,Midfielder,,,,False,wc2026_official_squad_corrected,,,,,,,,,,,,,,,,,,,,,,,,,,,,,,,,,,,,,,,,,,,,,,,,,False,False,False,False,False,False
spain_alex_grimaldo,team_spain,Spain,Alex Grimaldo,alex grimaldo,Bayer 04 Leverkusen (GER),bayer 04 leverkusen ger,Defender,,,,False,wc2026_official_squad_corrected,1.0,GER-Bundesliga,2526,Leverkusen,2521,29,,8,7,5,61,21,,,,,25,25,18,11,29,5,0,,,,0.2856009520031733,0.24990083300277666,0.17850059500198334,2.1777072590241966,0.74970249900833,,,,,0.8925029750099166,0.8925029750099166,0.6426021420071399,0.39270130900436334,1.0353034510115033,0.17850059500198334,0.0,,,,1.0353034510115033,,True,True,True,True,True,False,False
spain_aymeric_laporte,team_spain,Spain,Aymeric Laporte,aymeric laporte,Athletic Club (ESP),athletic club esp,Defender,,,,False,wc2026_official_squad_corrected,1.0,ESP-La Liga,2526,Athletic Club,2058,24,,0,1,0,15,5,,,,,17,17,27,9,13,4,0,,,,0.0,0.043731778425655975,0.0,0.6559766763848396,0.21865889212827988,,,,,0.7434402332361516,0.7434402332361516,1.1807580174927113,0.3935860058309038,0.5685131195335277,0.1749271137026239,0.0,,,,1.0495626822157433,,True,True,True,True,True,False,False
spain_eric_garcia,team_spain,Spain,Eric Garcia,eric garcia,FC Barcelona (ESP),fc barcelona esp,Defender,,,,False,wc2026_official_squad_corrected,1.0,ESP-La Liga,2526,Barcelona,2721,32,,1,1,1,25,7,,,,,44,44,50,33,24,6,0,,,,0.0330760749724366,0.0330760749724366,0.0330760749724366,0.8269018743109151,0.23153252480705622,,,,,1.4553472987872105,1.4553472987872105,1.6538037486218302,1.0915104740904078,0.7938257993384785,0.19845644983461963,0.0,,,,1.0584343991179712,,True,True,True,True,True,False,False
spain_marc_cucurella,team_spain,Spain,Marc Cucurella,marc cucurella,Chelsea FC (ENG),chelsea fc eng,Defender,,,,False,wc2026_official_squad_corrected,1.0,ENG-Premier League,2526,Chelsea,2707,31,,1,4,1,20,6,,,,,40,40,28,45,29,8,1,,,,0.03324713705208718,0.1329885482083487,0.03324713705208718,0.6649427410417436,0.19948282231252307,,,,,1.3298854820834871,1.3298854820834871,0.930919837458441,1.4961211673439232,0.9641669745105282,0.2659770964166974,0.03324713705208718,,,,1.0306612486147027,,True,True,True,True,True,False,False
spain_marc_pubill,team_spain,Spain,Marc Pubill,marc pubill,Atlético De Madrid (ESP),atletico de madrid esp,Defender,,,,False,wc2026_official_squad_corrected,1.0,ESP-La Liga,2526,Atlético Madrid,1381,15,,1,1,1,11,4,,,,,15,15,18,16,14,2,0,,,,0.06517016654598116,0.06517016654598116,0.06517016654598116,0.7168718320057929,0.26068066618392466,,,,,0.9775524981897176,0.9775524981897176,1.173062997827661,1.0427226647356986,0.9123823316437364,0.13034033309196233,0.0,,,,0.9775524981897176,,True,True,True,True,True,False,False
spain_marcos_llorente,team_spain,Spain,Marcos Llorente,marcos llorente,Atlético De Madrid (ESP),atletico de madrid esp,Defender,,,,False,wc2026_official_squad_corrected,1.0,ESP-La Liga,2526,Atlético Madrid,2181,25,,0,4,0,18,6,,,,,41,41,13,28,11,7,1,,,,0.0,0.16506189821182943,0.0,0.7427785419532325,0.24759284731774414,,,,,1.6918844566712516,1.6918844566712516,0.5364511691884456,1.155433287482806,0.4539202200825309,0.2888583218707015,0.04126547455295736,,,,1.031636863823934,,True,True,True,True,True,False,False
spain_pau_cubarsi,team_spain,Spain,Pau Cubarsi,pau cubarsi,FC Barcelona (ESP),fc barcelona esp,Defender,,,,False,wc2026_official_squad_corrected,1.0,ESP-La Liga,2526,Barcelona,2703,31,,1,0,1,10,2,,,,,28,28,30,25,9,3,0,,,,0.03329633740288568,0.0,0.03329633740288568,0.3329633740288568,0.06659267480577136,,,,,0.9322974472807991,0.9322974472807991,0.9988901220865705,0.832408435072142,0.2996670366259711,0.09988901220865704,0.0,,,,1.032186459489456,,True,True,True,True,True,False,False
spain_pedro_porro,team_spain,Spain,Pedro Porro,pedro porro,Tottenham Hotspur FC (ENG),tottenham hotspur fc eng,Defender,,,,False,wc2026_official_squad_corrected,1.0,ENG-Premier League,2526,Tottenham Hotspur,2796,32,,1,2,1,32,8,,,,,50,50,31,32,26,10,0,,,,0.032188841201716736,0.06437768240343347,0.032188841201716736,1.0300429184549356,0.2575107296137339,,,,,1.609442060085837,1.609442060085837,0.9978540772532188,1.0300429184549356,0.8369098712446352,0.3218884120171674,0.0,,,,1.0300429184549356,,True,True,True,True,True,False,False
spain_borja_iglesias,team_spain,Spain,Borja Iglesias,borja iglesias,RC Celta Vigo (ESP),rc celta vigo esp,Forward,,,,False,wc2026_official_squad_corrected,1.0,ESP-La Liga,2526,Celta Vigo,1900,21,,14,2,10,46,26,,,,,5,5,0,38,30,7,0,,,,0.6631578947368422,0.09473684210526316,0.4736842105263158,2.1789473684210527,1.231578947368421,,,,,0.2368421052631579,0.2368421052631579,0.0,1.8,1.4210526315789473,0.3315789473684211,0.0,,,,0.9947368421052631,,True,True,True,True,True,False,False
spain_dani_olmo,team_spain,Spain,Dani Olmo,dani olmo,FC Barcelona (ESP),fc barcelona esp,Forward,,,,False,wc2026_official_squad_corrected,1.0,ESP-La Liga,2526,Barcelona,2067,24,,7,8,7,70,21,,,,,23,23,14,27,42,1,0,,,,0.30478955007256897,0.34833091436865027,0.30478955007256897,3.04789550072569,0.9143686502177069,,,,,1.0014513788098693,1.0014513788098693,0.6095791001451379,1.1756168359941945,1.8287373004354137,0.043541364296081284,0.0,,,,1.0449927431059507,,True,True,True,True,True,False,False
spain_ferran_torres,team_spain,Spain,Ferran Torres,ferran torres,FC Barcelona (ESP),fc barcelona esp,Forward,,,,False,wc2026_official_squad_corrected,1.0,ESP-La Liga,2526,Barcelona,1965,23,,16,2,16,69,37,,,,,6,6,4,13,20,2,0,,,,0.732824427480916,0.0916030534351145,0.732824427480916,3.1603053435114505,1.6946564885496185,,,,,0.2748091603053435,0.2748091603053435,0.183206106870229,0.5954198473282443,0.9160305343511451,0.0916030534351145,0.0,,,,1.0534351145038168,,True,True,True,True,True,False,False
spain_lamine_yamal,team_spain,Spain,Lamine Yamal,lamine yamal,FC Barcelona (ESP),fc barcelona esp,Forward,,,,False,wc2026_official_squad_corrected,1.0,ESP-La Liga,2526,Barcelona,2262,26,,16,11,13,117,37,,,,,20,20,8,28,52,1,0,,,,0.636604774535809,0.4376657824933687,0.5172413793103449,4.655172413793103,1.4721485411140585,,,,,0.7957559681697612,0.7957559681697612,0.3183023872679045,1.1140583554376657,2.0689655172413794,0.03978779840848806,0.0,,,,1.0344827586206897,,True,True,True,True,True,False,False
spain_mikel_oyarzabal,team_spain,Spain,Mikel Oyarzabal,mikel oyarzabal,Real Sociedad (ESP),real sociedad esp,Forward,,,,False,wc2026_official_squad_corrected,1.0,ESP-La Liga,2526,Real Sociedad,2710,30,,15,4,8,79,36,,,,,20,20,5,28,42,3,0,,,,0.4981549815498155,0.13284132841328414,0.2656826568265683,2.623616236162362,1.1955719557195572,,,,,0.6642066420664207,0.6642066420664207,0.16605166051660517,0.929889298892989,1.3948339483394834,0.0996309963099631,0.0,,,,0.996309963099631,,True,True,True,True,True,False,False
spain_nico_williams,team_spain,Spain,Nico Williams,nico williams,Athletic Club (ESP),athletic club esp,Forward,,,,False,wc2026_official_squad_corrected,1.0,ESP-La Liga,2526,Athletic Club,1674,20,,6,3,5,46,16,,,,,9,9,7,26,29,2,0,,,,0.3225806451612903,0.16129032258064516,0.26881720430107525,2.4731182795698925,0.8602150537634408,,,,,0.48387096774193544,0.48387096774193544,0.3763440860215054,1.3978494623655913,1.5591397849462365,0.1075268817204301,0.0,,,,1.075268817204301,,True,True,True,True,True,False,False
spain_victor_munoz,team_spain,Spain,Victor Munoz,victor munoz,CA Osasuna (ESP),ca osasuna esp,Forward,,,,False,wc2026_official_squad_corrected,1.0,ESP-La Liga,2526,Osasuna,2656,31,,6,2,6,81,31,,,,,13,13,10,32,54,3,0,,,,0.20331325301204817,0.0677710843373494,0.20331325301204817,2.7447289156626504,1.0504518072289155,,,,,0.44051204819277107,0.44051204819277107,0.338855421686747,1.0843373493975903,1.8298192771084336,0.10165662650602408,0.0,,,,1.0504518072289155,,True,True,True,True,True,False,False
spain_yeremy_pino,team_spain,Spain,Yeremy Pino,yeremy pino,Crystal Palace FC (ENG),crystal palace fc eng,Forward,,,,False,wc2026_official_squad_corrected,,,,,,,,,,,,,,,,,,,,,,,,,,,,,,,,,,,,,,,,,,,,,,,,,False,False,False,False,False,False
spain_david_raya,team_spain,Spain,David Raya,david raya,Arsenal FC (ENG),arsenal fc eng,Goalkeeper,,,,False,wc2026_official_squad_corrected,1.0,ENG-Premier League,2526,Arsenal,3330,37,19,0,0,0,0,0,,,,,1,1,1,0,14,1,0,59,26,,0.0,0.0,0.0,0.0,0.0,,,,,0.02702702702702703,0.02702702702702703,0.02702702702702703,0.0,0.3783783783783784,0.02702702702702703,0.0,1.5945945945945945,0.7027027027027027,,1.0,0.5135135135135135,True,True,True,False,False,True,False
spain_joan_garcia,team_spain,Spain,Joan Garcia,joan garcia,FC Barcelona (ESP),fc barcelona esp,Goalkeeper,,,,False,wc2026_official_squad_corrected,1.0,ESP-La Liga,2526,Barcelona,2700,30,15,0,0,0,0,0,,,,,4,4,1,0,4,1,0,74,21,,0.0,0.0,0.0,0.0,0.0,,,,,0.13333333333333333,0.13333333333333333,0.03333333333333333,0.0,0.13333333333333333,0.03333333333333333,0.0,2.466666666666667,0.7,,1.0,0.5,True,True,True,False,False,True,False
spain_unai_simon,team_spain,Spain,Unai Simon,unai simon,Athletic Club (ESP),athletic club esp,Goalkeeper,,,,False,wc2026_official_squad_corrected,1.0,ESP-La Liga,2526,Athletic Club,3330,37,6,0,0,0,0,0,,,,,0,0,0,0,8,1,0,97,54,,0.0,0.0,0.0,0.0,0.0,,,,,0.0,0.0,0.0,0.0,0.21621621621621623,0.02702702702702703,0.0,2.6216216216216215,1.4594594594594594,,1.0,0.16216216216216217,True,True,True,False,False,True,False
spain_alex_baena,team_spain,Spain,Alex Baena,alex baena,Atlético De Madrid (ESP),atletico de madrid esp,Midfielder,,,,False,wc2026_official_squad_corrected,1.0,ESP-La Liga,2526,Atlético Madrid,1560,21,,2,3,2,29,7,,,,,11,11,16,26,29,5,0,,,,0.11538461538461539,0.1730769230769231,0.11538461538461539,1.6730769230769231,0.40384615384615385,,,,,0.6346153846153847,0.6346153846153847,0.9230769230769231,1.5,1.6730769230769231,0.2884615384615385,0.0,,,,1.2115384615384617,,True,True,True,True,True,False,False
spain_fabian_ruiz,team_spain,Spain,Fabian Ruiz,fabian ruiz,Paris Saint-Germain (FRA),paris saint germain fra,Midfielder,,,,False,wc2026_official_squad_corrected,,,,,,,,,,,,,,,,,,,,,,,,,,,,,,,,,,,,,,,,,,,,,,,,,False,False,False,False,False,False
spain_gavi,team_spain,Spain,Gavi,gavi,FC Barcelona (ESP),fc barcelona esp,Midfielder,,,,False,wc2026_official_squad_corrected,1.0,ESP-La Liga,2526,Barcelona,573,7,,0,1,0,0,0,,,,,8,8,3,11,14,3,0,,,,0.0,0.15706806282722513,0.0,0.0,0.0,,,,,1.256544502617801,1.256544502617801,0.47120418848167545,1.7277486910994766,2.198952879581152,0.47120418848167545,0.0,,,,1.099476439790576,,True,True,True,True,True,False,False
spain_martin_zubimendi,team_spain,Spain,Martin Zubimendi,martin zubimendi,Arsenal FC (ENG),arsenal fc eng,Midfielder,,,,False,wc2026_official_squad_corrected,1.0,ENG-Premier League,2526,Arsenal,2992,34,,5,1,5,27,9,,,,,39,39,39,33,15,4,0,,,,0.15040106951871657,0.030080213903743314,0.15040106951871657,0.8121657754010695,0.2707219251336898,,,,,1.1731283422459893,1.1731283422459893,1.1731283422459893,0.9926470588235293,0.4512032085561497,0.12032085561497326,0.0,,,,1.0227272727272727,,True,True,True,True,True,False,False
spain_mikel_merino,team_spain,Spain,Mikel Merino,mikel merino,Arsenal FC (ENG),arsenal fc eng,Midfielder,,,,False,wc2026_official_squad_corrected,1.0,ENG-Premier League,2526,Arsenal,1036,10,,4,3,4,22,8,,,,,13,13,9,22,20,1,0,,,,0.3474903474903475,0.2606177606177606,0.3474903474903475,1.9111969111969112,0.694980694980695,,,,,1.1293436293436294,1.1293436293436294,0.7818532818532818,1.9111969111969112,1.7374517374517375,0.08687258687258688,0.0,,,,0.8687258687258688,,True,True,True,True,True,False,False
spain_pedri,team_spain,Spain,Pedri,pedri,FC Barcelona (ESP),fc barcelona esp,Midfielder,,,,False,wc2026_official_squad_corrected,1.0,ESP-La Liga,2526,Barcelona,2104,23,,2,9,2,21,10,,,,,33,33,24,9,43,2,1,,,,0.0855513307984791,0.38498098859315594,0.0855513307984791,0.8982889733840305,0.4277566539923955,,,,,1.411596958174905,1.411596958174905,1.0266159695817492,0.38498098859315594,1.8393536121673004,0.0855513307984791,0.04277566539923955,,,,0.9838403041825096,,True,True,True,True,True,False,False
spain_rodri,team_spain,Spain,Rodri,rodri,Manchester City FC (ENG),manchester city fc eng,Midfielder,,,,False,wc2026_official_squad_corrected,2.0,"ENG-Premier League, POR-Primeira Liga",2526,"Manchester City, Moreirense",3003,34,,4,3,4,27,8,,,,,34,34,21,45,55,9,0,,,,0.11988011988011987,0.0899100899100899,0.11988011988011987,0.8091908091908092,0.23976023976023975,,,,,1.018981018981019,1.018981018981019,0.6293706293706294,1.3486513486513487,1.6483516483516483,0.2697302697302697,0.0,,,,1.018981018981019,,True,True,True,True,True,False,False
sweden_alexander_bernhardsson,team_sweden,Sweden,Alexander Bernhardsson,alexander bernhardsson,Holstein Kiel (GER),holstein kiel ger,Defender,,,,False,wc2026_official_squad_corrected,,,,,,,,,,,,,,,,,,,,,,,,,,,,,,,,,,,,,,,,,,,,,,,,,False,False,False,False,False,False
sweden_carl_starfelt,team_sweden,Sweden,Carl Starfelt,carl starfelt,RC Celta Vigo (ESP),rc celta vigo esp,Defender,,,,False,wc2026_official_squad_corrected,1.0,ESP-La Liga,2526,Celta Vigo,1491,17,,0,0,0,4,1,,,,,16,16,16,19,8,3,1,,,,0.0,0.0,0.0,0.2414486921529175,0.060362173038229376,,,,,0.96579476861167,0.96579476861167,0.96579476861167,1.1468812877263581,0.482897384305835,0.18108651911468812,0.060362173038229376,,,,1.0261569416498995,,True,True,True,True,True,False,False
sweden_daniel_svensson,team_sweden,Sweden,Daniel Svensson,daniel svensson,Borussia Dortmund (GER),borussia dortmund ger,Defender,,,,False,wc2026_official_squad_corrected,1.0,GER-Bundesliga,2526,Dortmund,2454,27,,2,2,2,12,4,,,,,26,26,20,28,22,0,0,,,,0.07334963325183375,0.07334963325183375,0.07334963325183375,0.4400977995110025,0.1466992665036675,,,,,0.9535452322738387,0.9535452322738387,0.7334963325183375,1.0268948655256724,0.8068459657701712,0.0,0.0,,,,0.9902200488997556,,True,True,True,True,True,False,False
sweden_elliot_stroud,team_sweden,Sweden,Elliot Stroud,elliot stroud,Mjällby AIF (SWE),mjallby aif swe,Defender,,,,False,wc2026_official_squad_corrected,,,,,,,,,,,,,,,,,,,,,,,,,,,,,,,,,,,,,,,,,,,,,,,,,False,False,False,False,False,False
sweden_eric_smith,team_sweden,Sweden,Eric Smith,eric smith,FC St. Pauli (GER),fc st pauli ger,Defender,,,,False,wc2026_official_squad_corrected,1.0,GER-Bundesliga,2526,St Pauli,2311,26,,2,2,2,12,5,,,,,23,23,24,15,29,4,1,,,,0.07788836001730852,0.07788836001730852,0.07788836001730852,0.46733016010385114,0.1947209000432713,,,,,0.8957161401990481,0.8957161401990481,0.9346603202077023,0.584162700129814,1.1293812202509736,0.15577672003461704,0.03894418000865426,,,,1.0125486802250108,,True,True,True,True,True,False,False
sweden_gabriel_gudmundsson,team_sweden,Sweden,Gabriel Gudmundsson,gabriel gudmundsson,Leeds United FC (ENG),leeds united fc eng,Defender,,,,False,wc2026_official_squad_corrected,1.0,ENG-Premier League,2526,Leeds United,2631,31,,0,0,0,18,3,,,,,47,47,28,31,56,6,1,,,,0.0,0.0,0.0,0.6157354618015963,0.10262257696693272,,,,,1.6077537058152793,1.6077537058152793,0.9578107183580388,1.0604332953249715,1.9156214367160775,0.20524515393386544,0.03420752565564424,,,,1.0604332953249715,,True,True,True,True,True,False,False
sweden_gustaf_lagerbielke,team_sweden,Sweden,Gustaf Lagerbielke,gustaf lagerbielke,SC Braga (POR),sc braga por,Defender,,,,False,wc2026_official_squad_corrected,1.0,POR-Primeira Liga,2526,Braga,2391,26,,2,0,2,18,4,,,,,13,13,24,46,25,8,1,,,,0.07528230865746549,0.0,0.07528230865746549,0.6775407779171895,0.15056461731493098,,,,,0.4893350062735257,0.4893350062735257,0.903387703889586,1.7314930991217063,0.9410288582183187,0.30112923462986196,0.037641154328732745,,,,0.9786700125470514,,True,True,True,True,True,False,False
sweden_herman_johansson,team_sweden,Sweden,Herman Johansson,herman johansson,FC Dallas (USA),fc dallas usa,Defender,,,,False,wc2026_official_squad_corrected,1.0,USA-Major League Soccer,2026,FC Dallas,996,11,,0,2,0,3,2,,,,,11,11,3,23,7,2,0,,,,0.0,0.18072289156626506,0.0,0.2710843373493976,0.18072289156626506,,,,,0.9939759036144579,0.9939759036144579,0.2710843373493976,2.0783132530120483,0.6325301204819277,0.18072289156626506,0.0,,,,0.9939759036144579,,True,True,True,True,True,False,False
sweden_hjalmar_ekdal,team_sweden,Sweden,Hjalmar Ekdal,hjalmar ekdal,Burnley FC (ENG),burnley fc eng,Defender,,,,False,wc2026_official_squad_corrected,1.0,ENG-Premier League,2526,Burnley,1539,17,,0,0,0,6,1,,,,,17,17,12,5,7,0,0,,,,0.0,0.0,0.0,0.3508771929824561,0.05847953216374269,,,,,0.9941520467836257,0.9941520467836257,0.7017543859649122,0.29239766081871343,0.4093567251461988,0.0,0.0,,,,0.9941520467836257,,True,True,True,True,True,False,False
sweden_isak_hien,team_sweden,Sweden,Isak Hien,isak hien,Atalanta Bergamo (ITA),atalanta bergamo ita,Defender,,,,False,wc2026_official_squad_corrected,1.0,ITA-Serie A,2526,Atalanta,1970,20,,1,0,1,9,3,,,,,34,34,29,36,21,5,0,,,,0.04568527918781726,0.0,0.04568527918781726,0.41116751269035534,0.13705583756345177,,,,,1.5532994923857868,1.5532994923857868,1.3248730964467006,1.6446700507614214,0.9593908629441624,0.22842639593908629,0.0,,,,0.9137055837563451,,True,True,True,True,True,False,False
sweden_victor_lindelof,team_sweden,Sweden,Victor Lindelof,victor lindelof,Aston Villa FC (ENG),aston villa fc eng,Defender,,,,False,wc2026_official_squad_corrected,1.0,ENG-Premier League,2526,Aston Villa,948,11,,0,1,0,3,0,,,,,3,3,8,2,0,0,0,,,,0.0,0.0949367088607595,0.0,0.2848101265822785,0.0,,,,,0.2848101265822785,0.2848101265822785,0.759493670886076,0.189873417721519,0.0,0.0,0.0,,,,1.0443037974683544,,True,True,True,True,True,False,False
sweden_alexander_isak,team_sweden,Sweden,Alexander Isak,alexander isak,Liverpool FC (ENG),liverpool fc eng,Forward,,,,False,wc2026_official_squad_corrected,1.0,ENG-Premier League,2526,Liverpool,699,8,,3,1,3,17,6,,,,,6,6,0,5,1,0,0,,,,0.38626609442060084,0.12875536480686695,0.38626609442060084,2.188841201716738,0.7725321888412017,,,,,0.7725321888412017,0.7725321888412017,0.0,0.6437768240343348,0.12875536480686695,0.0,0.0,,,,1.0300429184549356,,True,True,True,True,True,False,False
sweden_anthony_elanga,team_sweden,Sweden,Anthony Elanga,anthony elanga,Newcastle United FC (ENG),newcastle united fc eng,Forward,,,,False,wc2026_official_squad_corrected,1.0,ENG-Premier League,2526,Newcastle United,1319,14,,0,1,0,17,4,,,,,11,11,3,8,25,0,0,,,,0.0,0.06823351023502654,0.0,1.159969673995451,0.27293404094010615,,,,,0.750568612585292,0.750568612585292,0.20470053070507963,0.5458680818802123,1.7058377558756634,0.0,0.0,,,,0.9552691432903715,,True,True,True,True,True,False,False
sweden_gustaf_nilsson,team_sweden,Sweden,Gustaf Nilsson,gustaf nilsson,Club Brugge (BEL),club brugge bel,Forward,,,,False,wc2026_official_squad_corrected,1.0,BEL-Belgian Pro League,2526,Club Brugge,46,0,,0,0,0,3,1,,,,,0,0,0,7,0,1,0,,,,0.0,0.0,0.0,5.869565217391305,1.956521739130435,,,,,0.0,0.0,0.0,13.695652173913045,0.0,1.956521739130435,0.0,,,,0.0,,False,True,False,False,False,False,False
sweden_taha_ali,team_sweden,Sweden,Taha Ali,taha ali,Malmö FF (SWE),malmo ff swe,Forward,,,,False,wc2026_official_squad_corrected,,,,,,,,,,,,,,,,,,,,,,,,,,,,,,,,,,,,,,,,,,,,,,,,,False,False,False,False,False,False
sweden_viktor_gyokeres,team_sweden,Sweden,Viktor Gyokeres,viktor gyokeres,Arsenal FC (ENG),arsenal fc eng,Forward,,,,False,wc2026_official_squad_corrected,1.0,ENG-Premier League,2526,Arsenal,2224,26,,14,1,11,55,22,,,,,5,5,1,35,31,5,0,,,,0.5665467625899281,0.040467625899280574,0.44514388489208634,2.2257194244604315,0.8902877697841727,,,,,0.20233812949640287,0.20233812949640287,0.040467625899280574,1.41636690647482,1.2544964028776977,0.20233812949640287,0.0,,,,1.0521582733812949,,True,True,True,True,True,False,False
sweden_jacob_widell_zetterstrom,team_sweden,Sweden,Jacob Widell Zetterstrom,jacob widell zetterstrom,Derby County FC (ENG),derby county fc eng,Goalkeeper,,,,False,wc2026_official_squad_corrected,,,,,,,,,,,,,,,,,,,,,,,,,,,,,,,,,,,,,,,,,,,,,,,,,False,False,False,False,False,False
sweden_kristoffer_nordfeldt,team_sweden,Sweden,Kristoffer Nordfeldt,kristoffer nordfeldt,AIK Stockholm (SWE),aik stockholm swe,Goalkeeper,,,,False,wc2026_official_squad_corrected,,,,,,,,,,,,,,,,,,,,,,,,,,,,,,,,,,,,,,,,,,,,,,,,,False,False,False,False,False,False
sweden_viktor_johansson,team_sweden,Sweden,Viktor Johansson,viktor johansson,Stoke City FC (ENG),stoke city fc eng,Goalkeeper,,,,False,wc2026_official_squad_corrected,,,,,,,,,,,,,,,,,,,,,,,,,,,,,,,,,,,,,,,,,,,,,,,,,False,False,False,False,False,False
sweden_benjamin_nygren,team_sweden,Sweden,Benjamin Nygren,benjamin nygren,Celtic FC (SCO),celtic fc sco,Midfielder,,,,False,wc2026_official_squad_corrected,,,,,,,,,,,,,,,,,,,,,,,,,,,,,,,,,,,,,,,,,,,,,,,,,False,False,False,False,False,False
sweden_besfort_zeneli,team_sweden,Sweden,Besfort Zeneli,besfort zeneli,Royale Union Saint-Gilloise (BEL),royale union saint gilloise bel,Midfielder,,,,False,wc2026_official_squad_corrected,1.0,BEL-Belgian Pro League,2526,Union SG,766,8,,3,6,3,16,8,,,,,4,4,4,7,9,0,0,,,,0.3524804177545692,0.7049608355091384,0.3524804177545692,1.8798955613577024,0.9399477806788512,,,,,0.4699738903394256,0.4699738903394256,0.4699738903394256,0.8224543080939948,1.0574412532637076,0.0,0.0,,,,0.9399477806788512,,True,True,True,True,True,False,False
sweden_jesper_karlstrom,team_sweden,Sweden,Jesper Karlstrom,jesper karlstrom,Udinese (ITA),udinese ita,Midfielder,,,,False,wc2026_official_squad_corrected,1.0,ITA-Serie A,2526,Udinese,3146,36,,1,0,1,20,3,,,,,34,34,37,42,30,6,0,,,,0.028607755880483154,0.0,0.028607755880483154,0.5721551176096631,0.08582326764144946,,,,,0.9726636999364272,0.9726636999364272,1.0584869675778767,1.2015257469802925,0.8582326764144946,0.17164653528289892,0.0,,,,1.0298792116973936,,True,True,True,True,True,False,False
sweden_ken_sema,team_sweden,Sweden,Ken Sema,ken sema,Pafos FC (CYP),pafos fc cyp,Midfielder,,,,False,wc2026_official_squad_corrected,,,,,,,,,,,,,,,,,,,,,,,,,,,,,,,,,,,,,,,,,,,,,,,,,False,False,False,False,False,False
sweden_lucas_bergvall,team_sweden,Sweden,Lucas Bergvall,lucas bergvall,Tottenham Hotspur FC (ENG),tottenham hotspur fc eng,Midfielder,,,,False,wc2026_official_squad_corrected,1.0,ENG-Premier League,2526,Tottenham Hotspur,965,11,,1,3,1,12,5,,,,,14,14,3,24,7,2,0,,,,0.09326424870466322,0.27979274611398963,0.09326424870466322,1.1191709844559585,0.4663212435233161,,,,,1.3056994818652852,1.3056994818652852,0.27979274611398963,2.238341968911917,0.6528497409326426,0.18652849740932645,0.0,,,,1.0259067357512954,,True,True,True,True,True,False,False
sweden_mattias_svanberg,team_sweden,Sweden,Mattias Svanberg,mattias svanberg,VfL Wolfsburg (GER),vfl wolfsburg ger,Midfielder,,,,False,wc2026_official_squad_corrected,1.0,GER-Bundesliga,2526,Wolfsburg,861,8,,3,1,3,21,8,,,,,7,7,10,18,19,6,1,,,,0.31358885017421606,0.10452961672473868,0.31358885017421606,2.1951219512195124,0.8362369337979094,,,,,0.7317073170731707,0.7317073170731707,1.0452961672473868,1.8815331010452963,1.986062717770035,0.6271777003484321,0.10452961672473868,,,,0.8362369337979094,,True,True,True,True,True,False,False
sweden_yasin_ayari,team_sweden,Sweden,Yasin Ayari,yasin ayari,Brighton & Hove Albion FC (ENG),brighton hove albion fc eng,Midfielder,,,,False,wc2026_official_squad_corrected,1.0,ENG-Premier League,2526,Brighton,1929,20,,3,3,3,41,10,,,,,25,25,26,24,28,1,0,,,,0.13996889580093314,0.13996889580093314,0.13996889580093314,1.9129082426127526,0.4665629860031104,,,,,1.166407465007776,1.166407465007776,1.213063763608087,1.119751166407465,1.3063763608087091,0.04665629860031104,0.0,,,,0.9331259720062208,,True,True,True,True,True,False,False
switzerland_aurele_amenda,team_switzerland,Switzerland,Aurele Amenda,aurele amenda,Eintracht Frankfurt (GER),eintracht frankfurt ger,Defender,,,,False,wc2026_official_squad_corrected,1.0,GER-Bundesliga,2526,Eintracht Frankfurt,1678,18,,0,0,0,10,2,,,,,12,12,29,22,13,5,0,,,,0.0,0.0,0.0,0.536352800953516,0.1072705601907032,,,,,0.6436233611442193,0.6436233611442193,1.5554231227651965,1.1799761620977354,0.6972586412395708,0.268176400476758,0.0,,,,0.9654350417163289,,True,True,True,True,True,False,False
switzerland_eray_coemert,team_switzerland,Switzerland,Eray Coemert,eray coemert,Valencia CF (ESP),valencia cf esp,Defender,,,,False,wc2026_official_squad_corrected,,,,,,,,,,,,,,,,,,,,,,,,,,,,,,,,,,,,,,,,,,,,,,,,,False,False,False,False,False,False
switzerland_luca_jaquez,team_switzerland,Switzerland,Luca Jaquez,luca jaquez,VfB Stuttgart (GER),vfb stuttgart ger,Defender,,,,False,wc2026_official_squad_corrected,1.0,GER-Bundesliga,2526,Stuttgart,898,10,,0,1,0,4,0,,,,,7,7,11,4,2,1,0,,,,0.0,0.10022271714922049,0.0,0.40089086859688194,0.0,,,,,0.7015590200445434,0.7015590200445434,1.1024498886414253,0.40089086859688194,0.20044543429844097,0.10022271714922049,0.0,,,,1.0022271714922049,,True,True,True,True,True,False,False
switzerland_manuel_akanji,team_switzerland,Switzerland,Manuel Akanji,manuel akanji,FC Internazionale Milano (ITA),fc internazionale milano ita,Defender,,,,False,wc2026_official_squad_corrected,2.0,"ENG-Premier League, ITA-Serie A",2526,"Inter, Manchester City",2821,31,,2,0,2,23,6,,,,,24,24,37,26,18,4,0,,,,0.06380716058135413,0.0,0.06380716058135413,0.7337823466855725,0.1914214817440624,,,,,0.7656859269762496,0.7656859269762496,1.1804324707550513,0.8294930875576036,0.5742644452321871,0.12761432116270827,0.0,,,,0.9890109890109889,,True,True,True,True,True,False,False
switzerland_miro_muheim,team_switzerland,Switzerland,Miro Muheim,miro muheim,Hamburger SV (GER),hamburger sv ger,Defender,,,,False,wc2026_official_squad_corrected,1.0,GER-Bundesliga,2526,Hamburger SV,2435,27,,0,4,0,24,7,,,,,35,35,27,39,50,7,1,,,,0.0,0.14784394250513347,0.0,0.8870636550308008,0.2587268993839836,,,,,1.2936344969199178,1.2936344969199178,0.9979466119096508,1.4414784394250513,1.8480492813141682,0.2587268993839836,0.03696098562628337,,,,0.9979466119096508,,True,True,True,True,True,False,False
switzerland_nico_elvedi,team_switzerland,Switzerland,Nico Elvedi,nico elvedi,Borussia Mönchengladbach (GER),borussia monchengladbach ger,Defender,,,,False,wc2026_official_squad_corrected,1.0,GER-Bundesliga,2526,Gladbach,2966,33,,0,2,0,9,0,,,,,32,32,40,18,16,5,0,,,,0.0,0.060687795010114634,0.0,0.2730950775455158,0.0,,,,,0.9710047201618341,0.9710047201618341,1.2137559002022926,0.5461901550910316,0.4855023600809171,0.15171948752528658,0.0,,,,1.0013486176668915,,True,True,True,True,True,False,False
switzerland_ricardo_rodriguez,team_switzerland,Switzerland,Ricardo Rodriguez,ricardo rodriguez,Real Betis (ESP),real betis esp,Defender,,,,False,wc2026_official_squad_corrected,1.0,ESP-La Liga,2526,Real Betis,1547,18,,0,1,0,3,0,,,,,14,14,8,11,5,0,0,,,,0.0,0.05817711700064641,0.0,0.17453135100193923,0.0,,,,,0.8144796380090498,0.8144796380090498,0.46541693600517126,0.6399482870071105,0.29088558500323203,0.0,0.0,,,,1.0471881060116353,,True,True,True,True,True,False,False
switzerland_silvan_widmer,team_switzerland,Switzerland,Silvan Widmer,silvan widmer,1. FSV Mainz 05 (GER),1 fsv mainz 05 ger,Defender,,,,False,wc2026_official_squad_corrected,1.0,GER-Bundesliga,2526,Mainz 05,1810,22,,2,1,2,20,4,,,,,27,27,18,15,11,5,0,,,,0.09944751381215469,0.049723756906077346,0.09944751381215469,0.994475138121547,0.19889502762430938,,,,,1.3425414364640884,1.3425414364640884,0.8950276243093923,0.7458563535911602,0.5469613259668509,0.24861878453038674,0.0,,,,1.0939226519337018,,True,True,True,True,True,False,False
switzerland_breel_embolo,team_switzerland,Switzerland,Breel Embolo,breel embolo,Stade Rennais FC (FRA),stade rennais fc fra,Forward,,,,False,wc2026_official_squad_corrected,1.0,FRA-Ligue 1,2526,Rennes,1872,20,,9,3,9,41,18,,,,,14,14,4,48,58,3,0,,,,0.43269230769230765,0.14423076923076922,0.43269230769230765,1.971153846153846,0.8653846153846153,,,,,0.673076923076923,0.673076923076923,0.1923076923076923,2.3076923076923075,2.7884615384615383,0.14423076923076922,0.0,,,,0.9615384615384615,,True,True,True,True,True,False,False
switzerland_cedric_itten,team_switzerland,Switzerland,Cedric Itten,cedric itten,Fortuna Düsseldorf (GER),fortuna dusseldorf ger,Forward,,,,False,wc2026_official_squad_corrected,,,,,,,,,,,,,,,,,,,,,,,,,,,,,,,,,,,,,,,,,,,,,,,,,False,False,False,False,False,False
switzerland_christian_fassnacht,team_switzerland,Switzerland,Christian Fassnacht,christian fassnacht,BSC Young Boys (SUI),bsc young boys sui,Forward,,,,False,wc2026_official_squad_corrected,,,,,,,,,,,,,,,,,,,,,,,,,,,,,,,,,,,,,,,,,,,,,,,,,False,False,False,False,False,False
switzerland_dan_ndoye,team_switzerland,Switzerland,Dan Ndoye,dan ndoye,Nottingham Forest FC (ENG),nottingham forest fc eng,Forward,,,,False,wc2026_official_squad_corrected,1.0,ENG-Premier League,2526,Nottingham Forest,1173,14,,1,1,1,15,4,,,,,11,11,10,16,22,1,0,,,,0.07672634271099744,0.07672634271099744,0.07672634271099744,1.1508951406649617,0.3069053708439898,,,,,0.8439897698209718,0.8439897698209718,0.7672634271099744,1.227621483375959,1.6879795396419437,0.07672634271099744,0.0,,,,1.0741687979539642,,True,True,True,True,True,False,False
switzerland_noah_okafor,team_switzerland,Switzerland,Noah Okafor,noah okafor,Leeds United FC (ENG),leeds united fc eng,Forward,,,,False,wc2026_official_squad_corrected,1.0,ENG-Premier League,2526,Leeds United,1561,19,,8,1,8,35,15,,,,,15,15,12,18,14,3,0,,,,0.46124279308135807,0.05765534913516976,0.46124279308135807,2.0179372197309418,0.8648302370275465,,,,,0.8648302370275465,0.8648302370275465,0.6918641896220371,1.0377962844330557,0.8071748878923767,0.17296604740550928,0.0,,,,1.0954516335682254,,True,True,True,True,True,False,False
switzerland_ruben_vargas,team_switzerland,Switzerland,Ruben Vargas,ruben vargas,Sevilla FC (ESP),sevilla fc esp,Forward,,,,False,wc2026_official_squad_corrected,1.0,ESP-La Liga,2526,Sevilla,1594,20,,3,6,2,41,8,,,,,15,15,7,13,17,2,0,,,,0.16938519447929737,0.33877038895859474,0.11292346298619824,2.314930991217064,0.45169385194479295,,,,,0.8469259723964868,0.8469259723964868,0.3952321204516938,0.7340025094102886,0.959849435382685,0.11292346298619824,0.0,,,,1.1292346298619824,,True,True,True,True,True,False,False
switzerland_zeki_amdouni,team_switzerland,Switzerland,Zeki Amdouni,zeki amdouni,Burnley FC (ENG),burnley fc eng,Forward,,,,False,wc2026_official_squad_corrected,1.0,ENG-Premier League,2526,Burnley,73,0,,0,0,0,3,1,,,,,0,0,0,1,1,0,0,,,,0.0,0.0,0.0,3.6986301369863015,1.2328767123287672,,,,,0.0,0.0,0.0,1.2328767123287672,1.2328767123287672,0.0,0.0,,,,0.0,,False,True,False,False,False,False,False
switzerland_gregor_kobel,team_switzerland,Switzerland,Gregor Kobel,gregor kobel,Borussia Dortmund (GER),borussia dortmund ger,Goalkeeper,,,,False,wc2026_official_squad_corrected,1.0,GER-Bundesliga,2526,Dortmund,3060,34,15,0,0,0,0,0,,,,,0,0,0,0,5,3,0,88,34,,0.0,0.0,0.0,0.0,0.0,,,,,0.0,0.0,0.0,0.0,0.14705882352941177,0.08823529411764706,0.0,2.588235294117647,1.0,,1.0,0.4411764705882353,True,True,True,False,False,True,False
switzerland_marvin_keller,team_switzerland,Switzerland,Marvin Keller,marvin keller,BSC Young Boys (SUI),bsc young boys sui,Goalkeeper,,,,False,wc2026_official_squad_corrected,,,,,,,,,,,,,,,,,,,,,,,,,,,,,,,,,,,,,,,,,,,,,,,,,False,False,False,False,False,False
switzerland_yvon_mvogo,team_switzerland,Switzerland,Yvon Mvogo,yvon mvogo,FC Lorient (FRA),fc lorient fra,Goalkeeper,,,,False,wc2026_official_squad_corrected,1.0,FRA-Ligue 1,2526,Lorient,2790,31,6,0,0,0,0,0,,,,,1,1,1,0,4,0,0,76,43,,0.0,0.0,0.0,0.0,0.0,,,,,0.03225806451612903,0.03225806451612903,0.03225806451612903,0.0,0.12903225806451613,0.0,0.0,2.4516129032258065,1.3870967741935485,,1.0,0.1935483870967742,True,True,True,False,False,True,False
switzerland_ardon_jashari,team_switzerland,Switzerland,Ardon Jashari,ardon jashari,AC Milan (ITA),ac milan ita,Midfielder,,,,False,wc2026_official_squad_corrected,1.0,ITA-Serie A,2526,Milan,701,7,,0,1,0,7,2,,,,,11,11,5,11,8,0,0,,,,0.0,0.12838801711840228,0.0,0.8987161198288159,0.25677603423680456,,,,,1.412268188302425,1.412268188302425,0.6419400855920114,1.412268188302425,1.0271041369472182,0.0,0.0,,,,0.8987161198288159,,True,True,True,True,True,False,False
switzerland_denis_zakaria,team_switzerland,Switzerland,Denis Zakaria,denis zakaria,AS Monaco (FRA),as monaco fra,Midfielder,,,,False,wc2026_official_squad_corrected,1.0,FRA-Ligue 1,2526,Monaco,2031,23,,2,1,2,18,3,,,,,25,25,45,26,7,4,1,,,,0.08862629246676514,0.04431314623338257,0.08862629246676514,0.7976366322008863,0.1329394387001477,,,,,1.1078286558345642,1.1078286558345642,1.9940915805022157,1.1521418020679468,0.310192023633678,0.17725258493353027,0.04431314623338257,,,,1.0192023633677991,,True,True,True,True,True,False,False
switzerland_djibril_sow,team_switzerland,Switzerland,Djibril Sow,djibril sow,Sevilla FC (ESP),sevilla fc esp,Midfielder,,,,False,wc2026_official_squad_corrected,1.0,ESP-La Liga,2526,Sevilla,2187,27,,5,4,5,19,8,,,,,27,27,23,42,29,6,0,,,,0.205761316872428,0.1646090534979424,0.205761316872428,0.7818930041152263,0.3292181069958848,,,,,1.1111111111111112,1.1111111111111112,0.9465020576131687,1.728395061728395,1.1934156378600822,0.24691358024691357,0.0,,,,1.1111111111111112,,True,True,True,True,True,False,False
switzerland_fabian_rieder,team_switzerland,Switzerland,Fabian Rieder,fabian rieder,FC Augsburg (GER),fc augsburg ger,Midfielder,,,,False,wc2026_official_squad_corrected,2.0,"FRA-Ligue 1, GER-Bundesliga",2526,"Augsburg, Rennes",2476,30,,6,3,4,39,13,,,,,22,22,15,47,39,4,0,,,,0.21809369951534732,0.10904684975767366,0.14539579967689822,1.4176090468497575,0.4725363489499192,,,,,0.7996768982229402,0.7996768982229402,0.5452342487883683,1.708400646203554,1.4176090468497575,0.14539579967689822,0.0,,,,1.0904684975767367,,True,True,True,True,True,False,False
switzerland_granit_xhaka,team_switzerland,Switzerland,Granit Xhaka,granit xhaka,Sunderland AFC (ENG),sunderland afc eng,Midfielder,,,,False,wc2026_official_squad_corrected,1.0,ENG-Premier League,2526,Sunderland,2904,32,,1,6,1,21,5,,,,,33,33,29,23,40,8,0,,,,0.030991735537190084,0.18595041322314051,0.030991735537190084,0.6508264462809917,0.15495867768595042,,,,,1.0227272727272727,1.0227272727272727,0.8987603305785125,0.7128099173553719,1.2396694214876034,0.24793388429752067,0.0,,,,0.9917355371900827,,True,True,True,True,True,False,False
switzerland_johan_manzambi,team_switzerland,Switzerland,Johan Manzambi,johan manzambi,SC Freiburg (GER),sc freiburg ger,Midfielder,,,,False,wc2026_official_squad_corrected,1.0,GER-Bundesliga,2526,Freiburg,2077,26,,5,4,5,51,13,,,,,14,14,27,22,78,4,2,,,,0.21665864227250842,0.17332691381800672,0.21665864227250842,2.209918151179586,0.5633124699085219,,,,,0.6066441983630235,0.6066441983630235,1.1699566682715454,0.953298025999037,3.3798748194511314,0.17332691381800672,0.08666345690900336,,,,1.1266249398170438,,True,True,True,True,True,False,False
switzerland_michel_aebischer,team_switzerland,Switzerland,Michel Aebischer,michel aebischer,Pisa SC (ITA),pisa sc ita,Midfielder,,,,False,wc2026_official_squad_corrected,1.0,ITA-Serie A,2526,Pisa,2892,33,,1,2,1,19,5,,,,,37,37,35,44,38,8,0,,,,0.03112033195020747,0.06224066390041494,0.03112033195020747,0.5912863070539419,0.15560165975103735,,,,,1.1514522821576763,1.1514522821576763,1.0892116182572613,1.3692946058091287,1.1825726141078838,0.24896265560165975,0.0,,,,1.0269709543568464,,True,True,True,True,True,False,False
switzerland_remo_freuler,team_switzerland,Switzerland,Remo Freuler,remo freuler,Bologna FC (ITA),bologna fc ita,Midfielder,,,,False,wc2026_official_squad_corrected,1.0,ITA-Serie A,2526,Bologna,2213,26,,1,2,1,8,1,,,,,31,31,22,19,24,5,0,,,,0.04066877541798464,0.08133755083596927,0.04066877541798464,0.3253502033438771,0.04066877541798464,,,,,1.2607320379575238,1.2607320379575238,0.894713059195662,0.7727067329417081,0.9760506100316313,0.2033438770899232,0.0,,,,1.0573881608676006,,True,True,True,True,True,False,False
tunisia_adam_arous,team_tunisia,Tunisia,Adam Arous,adam arous,Kasımpaşa SK (TUR),kas mpasa sk tur,Defender,,,,False,wc2026_official_squad_corrected,,,,,,,,,,,,,,,,,,,,,,,,,,,,,,,,,,,,,,,,,,,,,,,,,False,False,False,False,False,False
tunisia_ali_abdi,team_tunisia,Tunisia,Ali Abdi,ali abdi,OGC Nice (FRA),ogc nice fra,Defender,,,,False,wc2026_official_squad_corrected,1.0,FRA-Ligue 1,2526,Nice,1187,13,,3,0,3,16,4,,,,,11,11,10,22,18,4,1,,,,0.2274641954507161,0.0,0.2274641954507161,1.2131423757371524,0.3032855939342881,,,,,0.8340353833192924,0.8340353833192924,0.7582139848357203,1.6680707666385848,1.3647851727042966,0.3032855939342881,0.07582139848357203,,,,0.9856781802864364,,True,True,True,True,True,False,False
tunisia_dylan_bronn,team_tunisia,Tunisia,Dylan Bronn,dylan bronn,Servette FC (SUI),servette fc sui,Defender,,,,False,wc2026_official_squad_corrected,,,,,,,,,,,,,,,,,,,,,,,,,,,,,,,,,,,,,,,,,,,,,,,,,False,False,False,False,False,False
tunisia_mohamed_amine_ben_hmida,team_tunisia,Tunisia,Mohamed Amine Ben Hmida,mohamed amine ben hmida,Espérance De Tunisie (TUN),esperance de tunisie tun,Defender,,,,False,wc2026_official_squad_corrected,,,,,,,,,,,,,,,,,,,,,,,,,,,,,,,,,,,,,,,,,,,,,,,,,False,False,False,False,False,False
tunisia_montassar_talbi,team_tunisia,Tunisia,Montassar Talbi,montassar talbi,FC Lorient (FRA),fc lorient fra,Defender,,,,False,wc2026_official_squad_corrected,1.0,FRA-Ligue 1,2526,Lorient,2610,29,,0,1,0,14,2,,,,,19,19,27,7,13,3,0,,,,0.0,0.034482758620689655,0.0,0.4827586206896552,0.06896551724137931,,,,,0.6551724137931034,0.6551724137931034,0.9310344827586207,0.2413793103448276,0.4482758620689655,0.10344827586206896,0.0,,,,1.0,,True,True,True,True,True,False,False
tunisia_mortadha_ben_ouanes,team_tunisia,Tunisia,Mortadha Ben Ouanes,mortadha ben ouanes,Kasımpaşa SK (TUR),kas mpasa sk tur,Defender,,,,False,wc2026_official_squad_corrected,1.0,TUR-Super Lig,2526,Kasımpaşa,2272,26,,2,6,2,23,4,,,,,13,13,26,40,58,8,1,,,,0.07922535211267606,0.23767605633802819,0.07922535211267606,0.9110915492957746,0.15845070422535212,,,,,0.5149647887323944,0.5149647887323944,1.0299295774647887,1.5845070422535212,2.2975352112676055,0.31690140845070425,0.03961267605633803,,,,1.0299295774647887,,True,True,True,True,True,False,False
tunisia_moutaz_neffati,team_tunisia,Tunisia,Moutaz Neffati,moutaz neffati,IFK Norrköping FK (SWE),ifk norrkoping fk swe,Defender,,,,False,wc2026_official_squad_corrected,,,,,,,,,,,,,,,,,,,,,,,,,,,,,,,,,,,,,,,,,,,,,,,,,False,False,False,False,False,False
tunisia_omar_rekik,team_tunisia,Tunisia,Omar Rekik,omar rekik,NK Maribor (SVN),nk maribor svn,Defender,,,,False,wc2026_official_squad_corrected,,,,,,,,,,,,,,,,,,,,,,,,,,,,,,,,,,,,,,,,,,,,,,,,,False,False,False,False,False,False
tunisia_raed_chikhaoui,team_tunisia,Tunisia,Raed Chikhaoui,raed chikhaoui,US Monastir (TUN),us monastir tun,Defender,,,,False,wc2026_official_squad_corrected,,,,,,,,,,,,,,,,,,,,,,,,,,,,,,,,,,,,,,,,,,,,,,,,,False,False,False,False,False,False
tunisia_yan_valery,team_tunisia,Tunisia,Yan Valery,yan valery,BSC Young Boys (SUI),bsc young boys sui,Defender,,,,False,wc2026_official_squad_corrected,,,,,,,,,,,,,,,,,,,,,,,,,,,,,,,,,,,,,,,,,,,,,,,,,False,False,False,False,False,False
tunisia_elias_achouri,team_tunisia,Tunisia,Elias Achouri,elias achouri,FC København (DEN),fc k benhavn den,Forward,,,,False,wc2026_official_squad_corrected,,,,,,,,,,,,,,,,,,,,,,,,,,,,,,,,,,,,,,,,,,,,,,,,,False,False,False,False,False,False
tunisia_elias_saad,team_tunisia,Tunisia,Elias Saad,elias saad,Hannover 96 (GER),hannover 96 ger,Forward,,,,False,wc2026_official_squad_corrected,1.0,GER-Bundesliga,2526,Augsburg,497,7,,0,0,0,6,3,,,,,8,8,1,8,12,1,0,,,,0.0,0.0,0.0,1.0865191146881288,0.5432595573440644,,,,,1.448692152917505,1.448692152917505,0.18108651911468812,1.448692152917505,2.1730382293762576,0.18108651911468812,0.0,,,,1.267605633802817,,True,True,True,True,True,False,False
tunisia_firas_chaouat,team_tunisia,Tunisia,Firas Chaouat,firas chaouat,Club Africain (TUN),club africain tun,Forward,,,,False,wc2026_official_squad_corrected,,,,,,,,,,,,,,,,,,,,,,,,,,,,,,,,,,,,,,,,,,,,,,,,,False,False,False,False,False,False
tunisia_hazem_mastouri,team_tunisia,Tunisia,Hazem Mastouri,hazem mastouri,FC Dynamo Makhachkala (RUS),fc dynamo makhachkala rus,Forward,,,,False,wc2026_official_squad_corrected,,,,,,,,,,,,,,,,,,,,,,,,,,,,,,,,,,,,,,,,,,,,,,,,,False,False,False,False,False,False
tunisia_rayan_elloumi,team_tunisia,Tunisia,Rayan Elloumi,rayan elloumi,Vancouver Whitecaps FC (CAN),vancouver whitecaps fc can,Forward,,,,False,wc2026_official_squad_corrected,1.0,USA-Major League Soccer,2026,Vancouver W'caps,81,0,,0,0,0,2,2,,,,,2,2,3,5,5,0,0,,,,0.0,0.0,0.0,2.2222222222222223,2.2222222222222223,,,,,2.2222222222222223,2.2222222222222223,3.333333333333333,5.555555555555555,5.555555555555555,0.0,0.0,,,,0.0,,False,True,False,False,False,False,False
tunisia_aymen_dahmen,team_tunisia,Tunisia,Aymen Dahmen,aymen dahmen,CS Sfaxien (TUN),cs sfaxien tun,Goalkeeper,,,,False,wc2026_official_squad_corrected,,,,,,,,,,,,,,,,,,,,,,,,,,,,,,,,,,,,,,,,,,,,,,,,,False,False,False,False,False,False
tunisia_mouhib_chamakh,team_tunisia,Tunisia,Mouhib Chamakh,mouhib chamakh,Club Africain (TUN),club africain tun,Goalkeeper,,,,False,wc2026_official_squad_corrected,,,,,,,,,,,,,,,,,,,,,,,,,,,,,,,,,,,,,,,,,,,,,,,,,False,False,False,False,False,False
tunisia_sabri_ben_hessen,team_tunisia,Tunisia,Sabri Ben Hessen,sabri ben hessen,Étoile Du Sahel (TUN),etoile du sahel tun,Goalkeeper,,,,False,wc2026_official_squad_corrected,,,,,,,,,,,,,,,,,,,,,,,,,,,,,,,,,,,,,,,,,,,,,,,,,False,False,False,False,False,False
tunisia_anis_slimane,team_tunisia,Tunisia,Anis Slimane,anis slimane,Norwich City FC (ENG),norwich city fc eng,Midfielder,,,,False,wc2026_official_squad_corrected,,,,,,,,,,,,,,,,,,,,,,,,,,,,,,,,,,,,,,,,,,,,,,,,,False,False,False,False,False,False
tunisia_ellyes_skhiri,team_tunisia,Tunisia,Ellyes Skhiri,ellyes skhiri,Eintracht Frankfurt (GER),eintracht frankfurt ger,Midfielder,,,,False,wc2026_official_squad_corrected,1.0,GER-Bundesliga,2526,Eintracht Frankfurt,1444,16,,0,0,0,8,0,,,,,8,8,25,11,13,3,1,,,,0.0,0.0,0.0,0.4986149584487535,0.0,,,,,0.4986149584487535,0.4986149584487535,1.5581717451523547,0.685595567867036,0.8102493074792244,0.18698060941828254,0.062326869806094184,,,,0.997229916897507,,True,True,True,True,True,False,False
tunisia_hannibal_mejbri,team_tunisia,Tunisia,Hannibal Mejbri,hannibal mejbri,Burnley FC (ENG),burnley fc eng,Midfielder,,,,False,wc2026_official_squad_corrected,1.0,ENG-Premier League,2526,Burnley,1229,15,,1,4,1,19,5,,,,,17,17,7,23,46,10,0,,,,0.07323026851098455,0.2929210740439382,0.07323026851098455,1.3913751017087064,0.3661513425549227,,,,,1.2449145646867372,1.2449145646867372,0.5126118795768918,1.6842961757526445,3.368592351505289,0.7323026851098454,0.0,,,,1.098454027664768,,True,True,True,True,True,False,False
tunisia_ismael_gharbi,team_tunisia,Tunisia,Ismael Gharbi,ismael gharbi,FC Augsburg (GER),fc augsburg ger,Midfielder,,,,False,wc2026_official_squad_corrected,2.0,"GER-Bundesliga, POR-Primeira Liga",2526,"Augsburg, Braga",162,1,,0,0,0,3,0,,,,,2,2,0,6,10,0,0,,,,0.0,0.0,0.0,1.6666666666666665,0.0,,,,,1.1111111111111112,1.1111111111111112,0.0,3.333333333333333,5.555555555555555,0.0,0.0,,,,0.5555555555555556,,False,True,False,False,False,False,False
tunisia_khalil_ayari,team_tunisia,Tunisia,Khalil Ayari,khalil ayari,Paris Saint-Germain (FRA),paris saint germain fra,Midfielder,,,,False,wc2026_official_squad_corrected,,,,,,,,,,,,,,,,,,,,,,,,,,,,,,,,,,,,,,,,,,,,,,,,,False,False,False,False,False,False
tunisia_mohamed_hadj_mahmoud,team_tunisia,Tunisia,Mohamed Hadj Mahmoud,mohamed hadj mahmoud,FC Lugano (SUI),fc lugano sui,Midfielder,,,,False,wc2026_official_squad_corrected,,,,,,,,,,,,,,,,,,,,,,,,,,,,,,,,,,,,,,,,,,,,,,,,,False,False,False,False,False,False
tunisia_rani_khedira,team_tunisia,Tunisia,Rani Khedira,rani khedira,1. FC Union Berlin (GER),1 fc union berlin ger,Midfielder,,,,False,wc2026_official_squad_corrected,1.0,GER-Bundesliga,2526,Union Berlin,2830,32,,5,1,5,23,10,,,,,35,35,37,52,18,7,0,,,,0.1590106007067138,0.03180212014134276,0.1590106007067138,0.7314487632508835,0.3180212014134276,,,,,1.1130742049469966,1.1130742049469966,1.1766784452296821,1.6537102473498233,0.5724381625441697,0.2226148409893993,0.0,,,,1.0176678445229683,,True,True,True,True,True,False,False
tunisia_sebastian_tounekti,team_tunisia,Tunisia,Sebastian Tounekti,sebastian tounekti,Celtic FC (SCO),celtic fc sco,Midfielder,,,,False,wc2026_official_squad_corrected,,,,,,,,,,,,,,,,,,,,,,,,,,,,,,,,,,,,,,,,,,,,,,,,,False,False,False,False,False,False
turkey_abdulkerim_bardakci,team_turkey,Turkey,Abdulkerim Bardakci,abdulkerim bardakci,Galatasaray SK (TUR),galatasaray sk tur,Defender,,,,False,wc2026_official_squad_corrected,,,,,,,,,,,,,,,,,,,,,,,,,,,,,,,,,,,,,,,,,,,,,,,,,False,False,False,False,False,False
turkey_caglar_soyuncu,team_turkey,Turkey,Caglar Soyuncu,caglar soyuncu,Fenerbahçe SK (TUR),fenerbahce sk tur,Defender,,,,False,wc2026_official_squad_corrected,1.0,TUR-Super Lig,2526,Fenerbahçe,770,10,,0,1,0,2,0,,,,,12,12,6,15,8,0,0,,,,0.0,0.11688311688311688,0.0,0.23376623376623376,0.0,,,,,1.4025974025974026,1.4025974025974026,0.7012987012987013,1.7532467532467533,0.935064935064935,0.0,0.0,,,,1.1688311688311688,,True,True,True,True,True,False,False
turkey_eren_elmali,team_turkey,Turkey,Eren Elmali,eren elmali,Galatasaray SK (TUR),galatasaray sk tur,Defender,,,,False,wc2026_official_squad_corrected,,,,,,,,,,,,,,,,,,,,,,,,,,,,,,,,,,,,,,,,,,,,,,,,,False,False,False,False,False,False
turkey_ferdi_kadioglu,team_turkey,Turkey,Ferdi Kadioglu,ferdi kadioglu,Brighton & Hove Albion FC (ENG),brighton hove albion fc eng,Defender,,,,False,wc2026_official_squad_corrected,1.0,ENG-Premier League,2526,Brighton,3133,34,,1,0,1,28,13,,,,,39,39,25,22,36,6,0,,,,0.028726460261729973,0.0,0.028726460261729973,0.8043408873284392,0.37344398340248963,,,,,1.120331950207469,1.120331950207469,0.7181615065432493,0.6319821257580593,1.034152569422279,0.17235876157037983,0.0,,,,0.9766996488988191,,True,True,True,True,True,False,False
turkey_merih_demiral,team_turkey,Turkey,Merih Demiral,merih demiral,Al Ahli FC (KSA),al ahli fc ksa,Defender,,,,False,wc2026_official_squad_corrected,1.0,KSA-Saudi Pro League,2526,Al-Ahli,1643,20,,2,0,2,14,5,,,,,13,13,14,25,7,5,0,,,,0.10955569080949482,0.0,0.10955569080949482,0.7668898356664637,0.2738892270237371,,,,,0.7121119902617163,0.7121119902617163,0.7668898356664637,1.3694461351186853,0.38344491783323187,0.2738892270237371,0.0,,,,1.0955569080949483,,True,True,True,True,True,False,False
turkey_mert_muldur,team_turkey,Turkey,Mert Muldur,mert muldur,Fenerbahçe SK (TUR),fenerbahce sk tur,Defender,,,,False,wc2026_official_squad_corrected,1.0,TUR-Super Lig,2526,Fenerbahçe,1219,11,,1,2,1,11,2,,,,,27,27,20,6,20,4,0,,,,0.07383100902378999,0.14766201804757997,0.07383100902378999,0.8121410992616899,0.14766201804757997,,,,,1.9934372436423298,1.9934372436423298,1.4766201804758,0.44298605414273995,1.4766201804758,0.29532403609515995,0.0,,,,0.8121410992616899,,True,True,True,True,True,False,False
turkey_ozan_kabak,team_turkey,Turkey,Ozan Kabak,ozan kabak,TSG Hoffenheim (GER),tsg hoffenheim ger,Defender,,,,False,wc2026_official_squad_corrected,1.0,GER-Bundesliga,2526,Hoffenheim,1751,18,,4,0,4,35,12,,,,,17,17,26,26,8,5,0,,,,0.20559680182752713,0.0,0.20559680182752713,1.7989720159908624,0.6167904054825813,,,,,0.8737864077669902,0.8737864077669902,1.3363792118789264,1.3363792118789264,0.41119360365505425,0.2569960022844089,0.0,,,,0.9251856082238721,,True,True,True,True,True,False,False
turkey_samet_akaydin,team_turkey,Turkey,Samet Akaydin,samet akaydin,Çaykur Rizespor (TUR),caykur rizespor tur,Defender,,,,False,wc2026_official_squad_corrected,,,,,,,,,,,,,,,,,,,,,,,,,,,,,,,,,,,,,,,,,,,,,,,,,False,False,False,False,False,False
turkey_zeki_celik,team_turkey,Turkey,Zeki Celik,zeki celik,AS Roma (ITA),as roma ita,Defender,,,,False,wc2026_official_squad_corrected,1.0,ITA-Serie A,2526,Roma,2723,32,,1,2,1,22,4,,,,,40,40,24,35,18,2,1,,,,0.03305178112376056,0.06610356224752112,0.03305178112376056,0.7271391847227323,0.13220712449504224,,,,,1.3220712449504224,1.3220712449504224,0.7932427469702533,1.1568123393316194,0.5949320602276901,0.06610356224752112,0.03305178112376056,,,,1.057656995960338,,True,True,True,True,True,False,False
turkey_arda_guler,team_turkey,Turkey,Arda Guler,arda guler,Real Madrid C. F. (ESP),real madrid c f esp,Forward,,,,False,wc2026_official_squad_corrected,1.0,ESP-La Liga,2526,Real Madrid,2014,25,,4,9,4,49,19,,,,,28,28,8,21,32,1,0,,,,0.17874875868917578,0.4021847070506455,0.17874875868917578,2.189672293942403,0.8490566037735849,,,,,1.2512413108242304,1.2512413108242304,0.35749751737835156,0.9384309831181729,1.4299900695134062,0.044687189672293945,0.0,,,,1.1171797418073486,,True,True,True,True,True,False,False
turkey_baris_alper_yilmaz,team_turkey,Turkey,Baris Alper Yilmaz,baris alper yilmaz,Galatasaray SK (TUR),galatasaray sk tur,Forward,,,,False,wc2026_official_squad_corrected,,,,,,,,,,,,,,,,,,,,,,,,,,,,,,,,,,,,,,,,,,,,,,,,,False,False,False,False,False,False
turkey_can_uzun,team_turkey,Turkey,Can Uzun,can uzun,Eintracht Frankfurt (GER),eintracht frankfurt ger,Forward,,,,False,wc2026_official_squad_corrected,1.0,GER-Bundesliga,2526,Eintracht Frankfurt,1156,15,,8,4,7,41,19,,,,,9,9,3,15,26,3,0,,,,0.6228373702422145,0.31141868512110726,0.5449826989619377,3.1920415224913494,1.4792387543252594,,,,,0.7006920415224913,0.7006920415224913,0.23356401384083045,1.1678200692041523,2.024221453287197,0.23356401384083045,0.0,,,,1.1678200692041523,,True,True,True,True,True,False,False
turkey_deniz_gul,team_turkey,Turkey,Deniz Gul,deniz gul,FC Porto (POR),fc porto por,Forward,,,,False,wc2026_official_squad_corrected,1.0,POR-Primeira Liga,2526,Porto,1175,12,,5,1,4,26,13,,,,,5,5,2,37,12,3,0,,,,0.3829787234042553,0.07659574468085106,0.30638297872340425,1.9914893617021276,0.9957446808510638,,,,,0.3829787234042553,0.3829787234042553,0.15319148936170213,2.8340425531914892,0.9191489361702128,0.2297872340425532,0.0,,,,0.9191489361702128,,True,True,True,True,True,False,False
turkey_irfan_can_kahveci,team_turkey,Turkey,Irfan Can Kahveci,irfan can kahveci,Kasımpaşa SK (TUR),kas mpasa sk tur,Forward,,,,False,wc2026_official_squad_corrected,,,,,,,,,,,,,,,,,,,,,,,,,,,,,,,,,,,,,,,,,,,,,,,,,False,False,False,False,False,False
turkey_kenan_yildiz,team_turkey,Turkey,Kenan Yildiz,kenan yildiz,Juventus FC (ITA),juventus fc ita,Forward,,,,False,wc2026_official_squad_corrected,,,,,,,,,,,,,,,,,,,,,,,,,,,,,,,,,,,,,,,,,,,,,,,,,False,False,False,False,False,False
turkey_kerem_akturkoglu,team_turkey,Turkey,Kerem Akturkoglu,kerem akturkoglu,Fenerbahçe SK (TUR),fenerbahce sk tur,Forward,,,,False,wc2026_official_squad_corrected,2.0,"POR-Primeira Liga, TUR-Super Lig",2526,"Benfica, Fenerbahçe",1974,24,,8,7,7,45,23,,,,,14,14,9,15,39,3,0,,,,0.364741641337386,0.3191489361702128,0.3191489361702128,2.0516717325227964,1.0486322188449848,,,,,0.6382978723404256,0.6382978723404256,0.41033434650455924,0.6838905775075987,1.7781155015197567,0.13677811550151975,0.0,,,,1.094224924012158,,True,True,True,True,True,False,False
turkey_oguz_aydin,team_turkey,Turkey,Oguz Aydin,oguz aydin,Fenerbahçe SK (TUR),fenerbahce sk tur,Forward,,,,False,wc2026_official_squad_corrected,,,,,,,,,,,,,,,,,,,,,,,,,,,,,,,,,,,,,,,,,,,,,,,,,False,False,False,False,False,False
turkey_yunus_akgun,team_turkey,Turkey,Yunus Akgun,yunus akgun,Galatasaray SK (TUR),galatasaray sk tur,Forward,,,,False,wc2026_official_squad_corrected,1.0,TUR-Super Lig,2526,Galatasaray,1813,23,,7,9,7,41,11,,,,,13,13,10,16,20,1,0,,,,0.34749034749034746,0.44677330391616105,0.34749034749034746,2.035300606729178,0.5460562603419746,,,,,0.6453392167677882,0.6453392167677882,0.4964147821290678,0.7942636514065085,0.9928295642581356,0.04964147821290678,0.0,,,,1.141753998896856,,True,True,True,True,True,False,False
turkey_altay_bayindir,team_turkey,Turkey,Altay Bayindir,altay bayindir,Manchester United FC (ENG),manchester united fc eng,Goalkeeper,,,,False,wc2026_official_squad_corrected,,,,,,,,,,,,,,,,,,,,,,,,,,,,,,,,,,,,,,,,,,,,,,,,,False,False,False,False,False,False
turkey_mert_gunok,team_turkey,Turkey,Mert Gunok,mert gunok,Fenerbahçe SK (TUR),fenerbahce sk tur,Goalkeeper,,,,False,wc2026_official_squad_corrected,2.0,TUR-Super Lig,2526,"Beşiktaş, Fenerbahçe",1106,12,2,0,0,0,0,0,,,,,0,0,0,0,2,0,0,24,19,,0.0,0.0,0.0,0.0,0.0,,,,,0.0,0.0,0.0,0.0,0.162748643761302,0.0,0.0,1.9529837251356237,1.5461121157323687,,0.9764918625678118,0.162748643761302,True,True,True,False,False,True,False
turkey_ugurcan_cakir,team_turkey,Turkey,Ugurcan Cakir,ugurcan cakir,Galatasaray SK (TUR),galatasaray sk tur,Goalkeeper,,,,False,wc2026_official_squad_corrected,,,,,,,,,,,,,,,,,,,,,,,,,,,,,,,,,,,,,,,,,,,,,,,,,False,False,False,False,False,False
turkey_hakan_calhanoglu,team_turkey,Turkey,Hakan Calhanoglu,hakan calhanoglu,FC Internazionale Milano (ITA),fc internazionale milano ita,Midfielder,,,,False,wc2026_official_squad_corrected,1.0,ITA-Serie A,2526,Inter,1639,20,,9,4,5,50,17,,,,,17,17,19,28,11,7,0,,,,0.4942037827943868,0.21964612568639413,0.2745576571079927,2.7455765710799267,0.9334960341671751,,,,,0.9334960341671751,0.9334960341671751,1.043319097010372,1.5375228798047589,0.6040268456375839,0.3843807199511897,0.0,,,,1.0982306284319707,,True,True,True,True,True,False,False
turkey_ismail_yuksek,team_turkey,Turkey,Ismail Yuksek,ismail yuksek,Fenerbahçe SK (TUR),fenerbahce sk tur,Midfielder,,,,False,wc2026_official_squad_corrected,1.0,TUR-Super Lig,2526,Fenerbahçe,1765,19,,1,2,1,32,8,,,,,38,38,23,39,34,5,0,,,,0.05099150141643059,0.10198300283286119,0.05099150141643059,1.631728045325779,0.40793201133144474,,,,,1.9376770538243626,1.9376770538243626,1.1728045325779037,1.9886685552407932,1.7337110481586402,0.254957507082153,0.0,,,,0.9688385269121813,,True,True,True,True,True,False,False
turkey_kaan_ayhan,team_turkey,Turkey,Kaan Ayhan,kaan ayhan,Galatasaray SK (TUR),galatasaray sk tur,Midfielder,,,,False,wc2026_official_squad_corrected,1.0,TUR-Super Lig,2526,Galatasaray,394,2,,1,0,1,6,1,,,,,9,9,4,6,4,1,0,,,,0.22842639593908629,0.0,0.22842639593908629,1.3705583756345177,0.22842639593908629,,,,,2.0558375634517763,2.0558375634517763,0.9137055837563451,1.3705583756345177,0.9137055837563451,0.22842639593908629,0.0,,,,0.45685279187817257,,False,True,False,False,False,False,False
turkey_orkun_kokcu,team_turkey,Turkey,Orkun Kokcu,orkun kokcu,Beşiktaş JK (TUR),besiktas jk tur,Midfielder,,,,False,wc2026_official_squad_corrected,1.0,TUR-Super Lig,2526,Beşiktaş,2474,29,,8,8,6,89,32,,,,,15,15,8,23,52,5,2,,,,0.29102667744543254,0.29102667744543254,0.21827000808407437,3.2376717865804365,1.1641067097817301,,,,,0.545675020210186,0.545675020210186,0.29102667744543254,0.8367016976556185,1.8916734033953113,0.18189167340339532,0.07275666936135813,,,,1.0549717057396928,,True,True,True,True,True,False,False
turkey_salih_ozcan,team_turkey,Turkey,Salih Ozcan,salih ozcan,Borussia Dortmund (GER),borussia dortmund ger,Midfielder,,,,False,wc2026_official_squad_corrected,1.0,GER-Bundesliga,2526,Dortmund,81,0,,0,0,0,1,0,,,,,2,2,0,1,1,0,0,,,,0.0,0.0,0.0,1.1111111111111112,0.0,,,,,2.2222222222222223,2.2222222222222223,0.0,1.1111111111111112,1.1111111111111112,0.0,0.0,,,,0.0,,False,True,False,False,False,False,False
united_states_alex_freeman,team_united_states,United States,Alex Freeman,alex freeman,Villarreal CF (ESP),villarreal cf esp,Defender,,,,False,wc2026_official_squad_corrected,1.0,ESP-La Liga,2526,Villarreal,346,3,,0,0,0,1,0,,,,,8,8,5,2,3,0,0,,,,0.0,0.0,0.0,0.26011560693641617,0.0,,,,,2.0809248554913293,2.0809248554913293,1.300578034682081,0.5202312138728323,0.7803468208092486,0.0,0.0,,,,0.7803468208092486,,False,True,False,False,False,False,False
united_states_antonee_robinson,team_united_states,United States,Antonee Robinson,antonee robinson,Fulham FC (ENG),fulham fc eng,Defender,,,,False,wc2026_official_squad_corrected,1.0,ENG-Premier League,2526,Fulham,1492,17,,1,0,0,6,1,,,,,31,31,28,15,9,5,0,,,,0.06032171581769436,0.0,0.0,0.3619302949061662,0.06032171581769436,,,,,1.8699731903485253,1.8699731903485253,1.6890080428954422,0.9048257372654155,0.5428954423592492,0.30160857908847183,0.0,,,,1.0254691689008042,,True,True,True,True,True,False,False
united_states_auston_trusty,team_united_states,United States,Auston Trusty,auston trusty,Celtic FC (SCO),celtic fc sco,Defender,,,,False,wc2026_official_squad_corrected,,,,,,,,,,,,,,,,,,,,,,,,,,,,,,,,,,,,,,,,,,,,,,,,,False,False,False,False,False,False
united_states_chris_richards,team_united_states,United States,Chris Richards,chris richards,Crystal Palace FC (ENG),crystal palace fc eng,Defender,,,,False,wc2026_official_squad_corrected,1.0,ENG-Premier League,2526,Crystal Palace,2827,31,,1,0,1,15,2,,,,,35,35,43,17,5,4,0,,,,0.0318358684117439,0.0,0.0318358684117439,0.4775380261761585,0.0636717368234878,,,,,1.1142553944110365,1.1142553944110365,1.3689423417049875,0.5412097629996463,0.15917934205871948,0.1273434736469756,0.0,,,,0.9869119207640609,,True,True,True,True,True,False,False
united_states_joe_scally,team_united_states,United States,Joe Scally,joe scally,Borussia Mönchengladbach (GER),borussia monchengladbach ger,Defender,,,,False,wc2026_official_squad_corrected,1.0,GER-Bundesliga,2526,Gladbach,2608,29,,2,3,2,16,10,,,,,27,27,18,33,51,8,0,,,,0.06901840490797546,0.10352760736196319,0.06901840490797546,0.5521472392638037,0.3450920245398773,,,,,0.9317484662576687,0.9317484662576687,0.6211656441717791,1.1388036809815951,1.7599693251533741,0.27607361963190186,0.0,,,,1.0007668711656441,,True,True,True,True,True,False,False
united_states_max_arfsten,team_united_states,United States,Max Arfsten,max arfsten,Columbus Crew (USA),columbus crew usa,Defender,,,,False,wc2026_official_squad_corrected,1.0,USA-Major League Soccer,2026,Columbus Crew,1282,15,,4,4,4,19,8,,,,,16,16,6,15,17,2,0,,,,0.280811232449298,0.280811232449298,0.280811232449298,1.3338533541341655,0.561622464898596,,,,,1.123244929797192,1.123244929797192,0.421216848673947,1.0530421216848675,1.1934477379095165,0.140405616224649,0.0,,,,1.0530421216848675,,True,True,True,True,True,False,False
united_states_mckenzie_mark,team_united_states,United States,McKENZIE Mark,mckenzie mark,Toulouse FC (FRA),toulouse fc fra,Defender,,,,False,wc2026_official_squad_corrected,,,,,,,,,,,,,,,,,,,,,,,,,,,,,,,,,,,,,,,,,,,,,,,,,False,False,False,False,False,False
united_states_miles_robinson,team_united_states,United States,Miles Robinson,miles robinson,FC Cincinnatti (USA),fc cincinnatti usa,Defender,,,,False,wc2026_official_squad_corrected,1.0,USA-Major League Soccer,2026,FC Cincinnati,603,8,,0,0,0,3,2,,,,,11,11,7,9,2,1,1,,,,0.0,0.0,0.0,0.44776119402985076,0.29850746268656714,,,,,1.6417910447761193,1.6417910447761193,1.044776119402985,1.3432835820895521,0.29850746268656714,0.14925373134328357,0.14925373134328357,,,,1.1940298507462686,,True,True,True,True,True,False,False
united_states_sergino_dest,team_united_states,United States,Sergino Dest,sergino dest,PSV Eindhoven (NED),psv eindhoven ned,Defender,,,,False,wc2026_official_squad_corrected,1.0,NED-Eredivisie,2526,PSV,2199,26,,1,5,1,14,5,,,,,33,33,15,17,36,5,0,,,,0.04092769440654843,0.20463847203274216,0.04092769440654843,0.572987721691678,0.20463847203274216,,,,,1.3506139154160983,1.3506139154160983,0.6139154160982264,0.6957708049113234,1.4733969986357436,0.20463847203274216,0.0,,,,1.0641200545702592,,True,True,True,True,True,False,False
united_states_tim_ream,team_united_states,United States,Tim Ream,tim ream,Charlotte FC (USA),charlotte fc usa,Defender,,,,False,wc2026_official_squad_corrected,1.0,USA-Major League Soccer,2026,Charlotte,945,11,,0,1,0,1,0,,,,,2,2,6,5,5,0,0,,,,0.0,0.09523809523809523,0.0,0.09523809523809523,0.0,,,,,0.19047619047619047,0.19047619047619047,0.5714285714285714,0.47619047619047616,0.47619047619047616,0.0,0.0,,,,1.0476190476190477,,True,True,True,True,True,False,False
united_states_alex_zendejas,team_united_states,United States,Alex Zendejas,alex zendejas,Club América (MEX),club america mex,Forward,,,,False,wc2026_official_squad_corrected,,,,,,,,,,,,,,,,,,,,,,,,,,,,,,,,,,,,,,,,,,,,,,,,,False,False,False,False,False,False
united_states_brenden_aaronson,team_united_states,United States,Brenden Aaronson,brenden aaronson,Leeds United FC (ENG),leeds united fc eng,Forward,,,,False,wc2026_official_squad_corrected,1.0,ENG-Premier League,2526,Leeds United,2449,30,,4,5,4,47,17,,,,,27,27,17,20,51,3,0,,,,0.14699877501020825,0.1837484687627603,0.14699877501020825,1.7272356063699468,0.624744793793385,,,,,0.9922417313189056,0.9922417313189056,0.624744793793385,0.7349938750510412,1.8742343813801552,0.11024908125765619,0.0,,,,1.1024908125765618,,True,True,True,True,True,False,False
united_states_christian_pulisic,team_united_states,United States,Christian Pulisic,christian pulisic,AC Milan (ITA),ac milan ita,Forward,,,,False,wc2026_official_squad_corrected,1.0,ITA-Serie A,2526,Milan,1609,18,,8,4,8,54,25,,,,,8,8,3,11,23,0,0,,,,0.44748290863890616,0.22374145431945308,0.44748290863890616,3.0205096333126167,1.3983840894965818,,,,,0.44748290863890616,0.44748290863890616,0.16780609073958982,0.615288999378496,1.2865133623368552,0.0,0.0,,,,1.006836544437539,,True,True,True,True,True,False,False
united_states_folarin_balogun,team_united_states,United States,Folarin Balogun,folarin balogun,AS Monaco (FRA),as monaco fra,Forward,,,,False,wc2026_official_squad_corrected,1.0,FRA-Ligue 1,2526,Monaco,2230,26,,13,4,10,77,32,,,,,6,6,4,44,37,4,1,,,,0.5246636771300448,0.16143497757847533,0.40358744394618834,3.10762331838565,1.2914798206278026,,,,,0.242152466367713,0.242152466367713,0.16143497757847533,1.7757847533632287,1.4932735426008967,0.16143497757847533,0.04035874439461883,,,,1.0493273542600896,,True,True,True,True,True,False,False
united_states_haji_wright,team_united_states,United States,Haji Wright,haji wright,Coventry City FC (ENG),coventry city fc eng,Forward,,,,False,wc2026_official_squad_corrected,,,,,,,,,,,,,,,,,,,,,,,,,,,,,,,,,,,,,,,,,,,,,,,,,False,False,False,False,False,False
united_states_ricardo_pepi,team_united_states,United States,Ricardo Pepi,ricardo pepi,PSV Eindhoven (NED),psv eindhoven ned,Forward,,,,False,wc2026_official_squad_corrected,1.0,NED-Eredivisie,2526,PSV,1412,16,,16,1,14,61,32,,,,,4,4,3,11,11,1,0,,,,1.019830028328612,0.06373937677053824,0.8923512747875354,3.888101983002833,2.039660056657224,,,,,0.254957507082153,0.254957507082153,0.19121813031161475,0.7011331444759207,0.7011331444759207,0.06373937677053824,0.0,,,,1.019830028328612,,True,True,True,True,True,False,False
united_states_timothy_weah,team_united_states,United States,Timothy Weah,timothy weah,Olympique Marseille (FRA),olympique marseille fra,Forward,,,,False,wc2026_official_squad_corrected,1.0,FRA-Ligue 1,2526,Marseille,2253,26,,2,2,2,29,10,,,,,35,35,15,32,18,5,0,,,,0.07989347536617843,0.07989347536617843,0.07989347536617843,1.158455392809587,0.3994673768308921,,,,,1.3981358189081223,1.3981358189081223,0.5992010652463382,1.2782956058588548,0.7190412782956058,0.19973368841544606,0.0,,,,1.0386151797603196,,True,True,True,True,True,False,False
united_states_chris_brady,team_united_states,United States,Chris Brady,chris brady,Chicago Fire FC (USA),chicago fire fc usa,Goalkeeper,,,,False,wc2026_official_squad_corrected,1.0,USA-Major League Soccer,2026,Chicago Fire,1260,14,6,0,0,0,0,0,,,,,0,0,0,1,4,1,0,42,16,,0.0,0.0,0.0,0.0,0.0,,,,,0.0,0.0,0.0,0.07142857142857142,0.2857142857142857,0.07142857142857142,0.0,3.0,1.1428571428571428,,1.0,0.42857142857142855,True,True,True,False,False,True,False
united_states_matt_freese,team_united_states,United States,Matt Freese,matt freese,New York City FC (USA),new york city fc usa,Goalkeeper,,,,False,wc2026_official_squad_corrected,1.0,USA-Major League Soccer,2026,NYCFC,1350,15,3,0,0,0,1,0,,,,,0,0,0,0,3,0,0,51,21,,0.0,0.0,0.0,0.06666666666666667,0.0,,,,,0.0,0.0,0.0,0.0,0.2,0.0,0.0,3.4,1.4,,1.0,0.2,True,True,True,False,False,True,False
united_states_matt_turner,team_united_states,United States,Matt Turner,matt turner,New England Revolution (USA),new england revolution usa,Goalkeeper,,,,False,wc2026_official_squad_corrected,1.0,USA-Major League Soccer,2026,NE Revolution,1260,14,3,0,0,0,0,0,,,,,0,0,0,0,4,1,0,61,18,,0.0,0.0,0.0,0.0,0.0,,,,,0.0,0.0,0.0,0.0,0.2857142857142857,0.07142857142857142,0.0,4.357142857142857,1.2857142857142858,,1.0,0.21428571428571427,True,True,True,False,False,True,False
united_states_cristian_roldan,team_united_states,United States,Cristian Roldan,cristian roldan,Seattle Sounders FC (USA),seattle sounders fc usa,Midfielder,,,,False,wc2026_official_squad_corrected,1.0,USA-Major League Soccer,2026,Seattle Sounders,956,10,,3,1,3,16,5,,,,,15,15,9,8,10,1,0,,,,0.2824267782426778,0.09414225941422595,0.2824267782426778,1.5062761506276152,0.47071129707112974,,,,,1.4121338912133892,1.4121338912133892,0.8472803347280335,0.7531380753138076,0.9414225941422595,0.09414225941422595,0.0,,,,0.9414225941422595,,True,True,True,True,True,False,False
united_states_giovanni_reyna,team_united_states,United States,Giovanni Reyna,giovanni reyna,Borussia Mönchengladbach (GER),borussia monchengladbach ger,Midfielder,,,,False,wc2026_official_squad_corrected,,,,,,,,,,,,,,,,,,,,,,,,,,,,,,,,,,,,,,,,,,,,,,,,,False,False,False,False,False,False
united_states_malik_tillman,team_united_states,United States,Malik Tillman,malik tillman,Bayer 04 Leverkusen (GER),bayer 04 leverkusen ger,Midfielder,,,,False,wc2026_official_squad_corrected,1.0,GER-Bundesliga,2526,Leverkusen,1674,18,,6,1,6,34,13,,,,,30,30,19,19,29,2,0,,,,0.3225806451612903,0.05376344086021505,0.3225806451612903,1.8279569892473118,0.6989247311827956,,,,,1.6129032258064515,1.6129032258064515,1.021505376344086,1.021505376344086,1.5591397849462365,0.1075268817204301,0.0,,,,0.9677419354838709,,True,True,True,True,True,False,False
united_states_mckennie_weston,team_united_states,United States,McKENNIE Weston,mckennie weston,Juventus FC (ITA),juventus fc ita,Midfielder,,,,False,wc2026_official_squad_corrected,,,,,,,,,,,,,,,,,,,,,,,,,,,,,,,,,,,,,,,,,,,,,,,,,False,False,False,False,False,False
united_states_sebastian_berhalter,team_united_states,United States,Sebastian Berhalter,sebastian berhalter,Vancouver Whitecaps FC (CAN),vancouver whitecaps fc can,Midfielder,,,,False,wc2026_official_squad_corrected,1.0,USA-Major League Soccer,2026,Vancouver W'caps,1121,13,,6,4,5,32,9,,,,,17,17,10,29,21,3,0,,,,0.4817127564674398,0.32114183764495985,0.40142729705619984,2.569134701159679,0.7225691347011597,,,,,1.3648528099910793,1.3648528099910793,0.8028545941123997,2.328278322925959,1.6859946476360392,0.2408563782337199,0.0,,,,1.0437109723461195,,True,True,True,True,True,False,False
united_states_tyler_adams,team_united_states,United States,Tyler Adams,tyler adams,AFC Bournemouth (ENG),afc bournemouth eng,Midfielder,,,,False,wc2026_official_squad_corrected,1.0,ENG-Premier League,2526,Bournemouth,1773,21,,2,2,2,10,6,,,,,24,24,30,36,13,8,0,,,,0.10152284263959391,0.10152284263959391,0.10152284263959391,0.5076142131979695,0.30456852791878175,,,,,1.218274111675127,1.218274111675127,1.5228426395939088,1.8274111675126905,0.6598984771573604,0.40609137055837563,0.0,,,,1.0659898477157361,,True,True,True,True,True,False,False
uruguay_guillermo_varela,team_uruguay,Uruguay,Guillermo Varela,guillermo varela,CR Flamengo (BRA),cr flamengo bra,Defender,,,,False,wc2026_official_squad_corrected,,,,,,,,,,,,,,,,,,,,,,,,,,,,,,,,,,,,,,,,,,,,,,,,,False,False,False,False,False,False
uruguay_jose_maria_gimenez,team_uruguay,Uruguay,Jose Maria Gimenez,jose maria gimenez,Atlético De Madrid (ESP),atletico de madrid esp,Defender,,,,False,wc2026_official_squad_corrected,1.0,ESP-La Liga,2526,Atlético Madrid,1178,13,,0,1,0,13,3,,,,,12,12,15,20,10,3,0,,,,0.0,0.07640067911714771,0.0,0.9932088285229203,0.22920203735144312,,,,,0.9168081494057725,0.9168081494057725,1.1460101867572157,1.5280135823429541,0.7640067911714771,0.22920203735144312,0.0,,,,0.9932088285229203,,True,True,True,True,True,False,False
uruguay_mathias_olivera,team_uruguay,Uruguay,Mathias Olivera,mathias olivera,SSC Napoli (ITA),ssc napoli ita,Defender,,,,False,wc2026_official_squad_corrected,1.0,ITA-Serie A,2526,Napoli,1370,15,,0,0,0,8,3,,,,,22,22,16,17,10,3,0,,,,0.0,0.0,0.0,0.5255474452554745,0.19708029197080293,,,,,1.4452554744525548,1.4452554744525548,1.051094890510949,1.1167883211678833,0.6569343065693432,0.19708029197080293,0.0,,,,0.9854014598540146,,True,True,True,True,True,False,False
uruguay_matias_vina,team_uruguay,Uruguay,Matias Vina,matias vina,CA River Plate (ARG),ca river plate arg,Defender,,,,False,wc2026_official_squad_corrected,,,,,,,,,,,,,,,,,,,,,,,,,,,,,,,,,,,,,,,,,,,,,,,,,False,False,False,False,False,False
uruguay_ronald_araujo,team_uruguay,Uruguay,Ronald Araujo,ronald araujo,FC Barcelona (ESP),fc barcelona esp,Defender,,,,False,wc2026_official_squad_corrected,1.0,ESP-La Liga,2526,Barcelona,1071,11,,3,0,3,12,5,,,,,15,15,10,17,3,2,0,,,,0.25210084033613445,0.0,0.25210084033613445,1.0084033613445378,0.42016806722689076,,,,,1.2605042016806722,1.2605042016806722,0.8403361344537815,1.4285714285714286,0.25210084033613445,0.1680672268907563,0.0,,,,0.9243697478991596,,True,True,True,True,True,False,False
uruguay_santiago_bueno,team_uruguay,Uruguay,Santiago Bueno,santiago bueno,Wolverhampton Wanderers FC (ENG),wolverhampton wanderers fc eng,Defender,,,,False,wc2026_official_squad_corrected,1.0,ENG-Premier League,2526,Wolves,2553,28,,3,1,3,10,7,,,,,30,30,27,29,11,4,0,,,,0.10575793184488837,0.03525264394829612,0.10575793184488837,0.3525264394829612,0.24676850763807284,,,,,1.0575793184488838,1.0575793184488838,0.9518213866039953,1.0223266745005875,0.38777908343125733,0.1410105757931845,0.0,,,,0.9870740305522914,,True,True,True,True,True,False,False
uruguay_sebastian_caceres,team_uruguay,Uruguay,Sebastian Caceres,sebastian caceres,Club América (MEX),club america mex,Defender,,,,False,wc2026_official_squad_corrected,,,,,,,,,,,,,,,,,,,,,,,,,,,,,,,,,,,,,,,,,,,,,,,,,False,False,False,False,False,False
uruguay_brian_rodriguez,team_uruguay,Uruguay,Brian Rodriguez,brian rodriguez,Club América (MEX),club america mex,Forward,,,,False,wc2026_official_squad_corrected,,,,,,,,,,,,,,,,,,,,,,,,,,,,,,,,,,,,,,,,,,,,,,,,,False,False,False,False,False,False
uruguay_darwin_nunez,team_uruguay,Uruguay,Darwin Nunez,darwin nunez,Al Hilal SC (KSA),al hilal sc ksa,Forward,,,,False,wc2026_official_squad_corrected,1.0,KSA-Saudi Pro League,2526,Al-Hilal,1247,14,,6,4,6,43,23,,,,,8,8,2,15,16,0,0,,,,0.4330392943063352,0.28869286287089013,0.4330392943063352,3.103448275862069,1.6599839615076182,,,,,0.5773857257417803,0.5773857257417803,0.14434643143544507,1.082598235765838,1.1547714514835605,0.0,0.0,,,,1.0104250200481155,,True,True,True,True,True,False,False
uruguay_facundo_pellistri,team_uruguay,Uruguay,Facundo Pellistri,facundo pellistri,Panathinaikos FC (GRE),panathinaikos fc gre,Forward,,,,False,wc2026_official_squad_corrected,,,,,,,,,,,,,,,,,,,,,,,,,,,,,,,,,,,,,,,,,,,,,,,,,False,False,False,False,False,False
uruguay_federico_vinas,team_uruguay,Uruguay,Federico Vinas,federico vinas,Real Oviedo (ESP),real oviedo esp,Forward,,,,False,wc2026_official_squad_corrected,1.0,ESP-La Liga,2526,Oviedo,2439,28,,9,1,7,57,21,,,,,32,32,13,46,69,7,3,,,,0.33210332103321033,0.03690036900369004,0.25830258302583026,2.103321033210332,0.7749077490774907,,,,,1.1808118081180812,1.1808118081180812,0.4797047970479705,1.6974169741697416,2.5461254612546123,0.25830258302583026,0.11070110701107011,,,,1.033210332103321,,True,True,True,True,True,False,False
uruguay_rodrigo_aguirre,team_uruguay,Uruguay,Rodrigo Aguirre,rodrigo aguirre,Tigres UANL (MEX),tigres uanl mex,Forward,,,,False,wc2026_official_squad_corrected,,,,,,,,,,,,,,,,,,,,,,,,,,,,,,,,,,,,,,,,,,,,,,,,,False,False,False,False,False,False
uruguay_fernando_muslera,team_uruguay,Uruguay,Fernando Muslera,fernando muslera,Estudiantes LP (ARG),estudiantes lp arg,Goalkeeper,,,,False,wc2026_official_squad_corrected,,,,,,,,,,,,,,,,,,,,,,,,,,,,,,,,,,,,,,,,,,,,,,,,,False,False,False,False,False,False
uruguay_santiago_mele,team_uruguay,Uruguay,Santiago Mele,santiago mele,CF Monterrey (MEX),cf monterrey mex,Goalkeeper,,,,False,wc2026_official_squad_corrected,,,,,,,,,,,,,,,,,,,,,,,,,,,,,,,,,,,,,,,,,,,,,,,,,False,False,False,False,False,False
uruguay_sergio_rochet,team_uruguay,Uruguay,Sergio Rochet,sergio rochet,SC Internacional (BRA),sc internacional bra,Goalkeeper,,,,False,wc2026_official_squad_corrected,,,,,,,,,,,,,,,,,,,,,,,,,,,,,,,,,,,,,,,,,,,,,,,,,False,False,False,False,False,False
uruguay_agustin_canobbio,team_uruguay,Uruguay,Agustin Canobbio,agustin canobbio,Fluminense FC (BRA),fluminense fc bra,Midfielder,,,,False,wc2026_official_squad_corrected,,,,,,,,,,,,,,,,,,,,,,,,,,,,,,,,,,,,,,,,,,,,,,,,,False,False,False,False,False,False
uruguay_emiliano_martinez,team_uruguay,Uruguay,Emiliano Martinez,emiliano martinez,SE Palmeiras (BRA),se palmeiras bra,Midfielder,,,,False,wc2026_official_squad_corrected,,,,,,,,,,,,,,,,,,,,,,,,,,,,,,,,,,,,,,,,,,,,,,,,,False,False,False,False,False,False
uruguay_federico_valverde,team_uruguay,Uruguay,Federico Valverde,federico valverde,Real Madrid C. F. (ESP),real madrid c f esp,Midfielder,,,,False,wc2026_official_squad_corrected,1.0,ESP-La Liga,2526,Real Madrid,2740,31,,5,8,5,51,22,,,,,25,25,25,18,14,3,1,,,,0.1642335766423358,0.26277372262773724,0.1642335766423358,1.6751824817518248,0.7226277372262774,,,,,0.8211678832116789,0.8211678832116789,0.8211678832116789,0.5912408759124088,0.4598540145985402,0.09854014598540146,0.032846715328467155,,,,1.018248175182482,,True,True,True,True,True,False,False
uruguay_giorgian_de_arrascaeta,team_uruguay,Uruguay,Giorgian de Arrascaeta,giorgian de arrascaeta,CR Flamengo (BRA),cr flamengo bra,Midfielder,,,,False,wc2026_official_squad_corrected,,,,,,,,,,,,,,,,,,,,,,,,,,,,,,,,,,,,,,,,,,,,,,,,,False,False,False,False,False,False
uruguay_joaquin_piquerez,team_uruguay,Uruguay,Joaquin Piquerez,joaquin piquerez,SE Palmeiras (BRA),se palmeiras bra,Midfielder,,,,False,wc2026_official_squad_corrected,,,,,,,,,,,,,,,,,,,,,,,,,,,,,,,,,,,,,,,,,,,,,,,,,False,False,False,False,False,False
uruguay_juan_manuel_sanabria,team_uruguay,Uruguay,Juan Manuel Sanabria,juan manuel sanabria,Real Salt Lake (USA),real salt lake usa,Midfielder,,,,False,wc2026_official_squad_corrected,1.0,USA-Major League Soccer,2026,Real Salt Lake,907,10,,0,4,0,12,3,,,,,13,13,9,8,6,2,0,,,,0.0,0.39691289966923926,0.0,1.1907386990077178,0.29768467475192945,,,,,1.2899669239250275,1.2899669239250275,0.8930540242557884,0.7938257993384785,0.5953693495038589,0.19845644983461963,0.0,,,,0.9922822491730982,,True,True,True,True,True,False,False
uruguay_manuel_ugarte,team_uruguay,Uruguay,Manuel Ugarte,manuel ugarte,Manchester United FC (ENG),manchester united fc eng,Midfielder,,,,False,wc2026_official_squad_corrected,1.0,ENG-Premier League,2526,Manchester Utd,887,8,,0,0,0,13,1,,,,,30,30,20,24,15,1,0,,,,0.0,0.0,0.0,1.319052987598647,0.10146561443066515,,,,,3.0439684329199546,3.0439684329199546,2.029312288613303,2.4351747463359636,1.5219842164599773,0.10146561443066515,0.0,,,,0.8117249154453212,,True,True,True,True,True,False,False
uruguay_maxi_araujo,team_uruguay,Uruguay,Maxi Araujo,maxi araujo,Sporting CP (POR),sporting cp por,Midfielder,,,,False,wc2026_official_squad_corrected,,,,,,,,,,,,,,,,,,,,,,,,,,,,,,,,,,,,,,,,,,,,,,,,,False,False,False,False,False,False
uruguay_nicolas_de_la_cruz,team_uruguay,Uruguay,Nicolas de la Cruz,nicolas de la cruz,CR Flamengo (BRA),cr flamengo bra,Midfielder,,,,False,wc2026_official_squad_corrected,,,,,,,,,,,,,,,,,,,,,,,,,,,,,,,,,,,,,,,,,,,,,,,,,False,False,False,False,False,False
uruguay_rodrigo_bentancur,team_uruguay,Uruguay,Rodrigo Bentancur,rodrigo bentancur,Tottenham Hotspur FC (ENG),tottenham hotspur fc eng,Midfielder,,,,False,wc2026_official_squad_corrected,1.0,ENG-Premier League,2526,Tottenham Hotspur,1883,23,,1,1,1,13,3,,,,,36,36,36,19,8,7,0,,,,0.04779607010090282,0.04779607010090282,0.04779607010090282,0.6213489113117366,0.14338821030270846,,,,,1.7206585236325014,1.7206585236325014,1.7206585236325014,0.9081253319171535,0.38236856080722254,0.3345724907063197,0.0,,,,1.0993096123207649,,True,True,True,True,True,False,False
uruguay_rodrigo_zalazar,team_uruguay,Uruguay,Rodrigo Zalazar,rodrigo zalazar,SC Braga (POR),sc braga por,Midfielder,,,,False,wc2026_official_squad_corrected,1.0,POR-Primeira Liga,2526,Braga,1940,22,,16,5,6,68,27,,,,,14,14,5,17,49,6,0,,,,0.7422680412371133,0.23195876288659792,0.2783505154639175,3.154639175257732,1.2525773195876289,,,,,0.6494845360824741,0.6494845360824741,0.23195876288659792,0.788659793814433,2.2731958762886597,0.2783505154639175,0.0,,,,1.0206185567010309,,True,True,True,True,True,False,False
uzbekistan_abdukodir_khusanov,team_uzbekistan,Uzbekistan,Abdukodir Khusanov,abdukodir khusanov,Manchester City FC (ENG),manchester city fc eng,Defender,,,,False,wc2026_official_squad_corrected,1.0,ENG-Premier League,2526,Manchester City,1432,15,,0,0,0,7,1,,,,,20,20,29,14,6,2,0,,,,0.0,0.0,0.0,0.43994413407821226,0.06284916201117319,,,,,1.2569832402234637,1.2569832402234637,1.8226256983240223,0.8798882681564245,0.3770949720670391,0.12569832402234637,0.0,,,,0.9427374301675977,,True,True,True,True,True,False,False
uzbekistan_abdulla_abdullaev,team_uzbekistan,Uzbekistan,Abdulla Abdullaev,abdulla abdullaev,Dibba FC (UAE),dibba fc uae,Defender,,,,False,wc2026_official_squad_corrected,,,,,,,,,,,,,,,,,,,,,,,,,,,,,,,,,,,,,,,,,,,,,,,,,False,False,False,False,False,False
uzbekistan_avazbek_ulmasaliyev,team_uzbekistan,Uzbekistan,Avazbek Ulmasaliyev,avazbek ulmasaliyev,OKMK FK (UZB),okmk fk uzb,Defender,,,,False,wc2026_official_squad_corrected,,,,,,,,,,,,,,,,,,,,,,,,,,,,,,,,,,,,,,,,,,,,,,,,,False,False,False,False,False,False
uzbekistan_behruzjon_karimov,team_uzbekistan,Uzbekistan,Behruzjon Karimov,behruzjon karimov,Surkhon FK (UZB),surkhon fk uzb,Defender,,,,False,wc2026_official_squad_corrected,,,,,,,,,,,,,,,,,,,,,,,,,,,,,,,,,,,,,,,,,,,,,,,,,False,False,False,False,False,False
uzbekistan_farrukh_sayfiev,team_uzbekistan,Uzbekistan,Farrukh Sayfiev,farrukh sayfiev,FK Neftchi Farg'ona (UZB),fk neftchi farg ona uzb,Defender,,,,False,wc2026_official_squad_corrected,,,,,,,,,,,,,,,,,,,,,,,,,,,,,,,,,,,,,,,,,,,,,,,,,False,False,False,False,False,False
uzbekistan_jakhongir_urozov,team_uzbekistan,Uzbekistan,Jakhongir Urozov,jakhongir urozov,FK Dinamo Samarkand (UZB),fk dinamo samarkand uzb,Defender,,,,False,wc2026_official_squad_corrected,,,,,,,,,,,,,,,,,,,,,,,,,,,,,,,,,,,,,,,,,,,,,,,,,False,False,False,False,False,False
uzbekistan_khojiakbar_alijonov,team_uzbekistan,Uzbekistan,Khojiakbar Alijonov,khojiakbar alijonov,Pakhtakor Tashkent FK (UZB),pakhtakor tashkent fk uzb,Defender,,,,False,wc2026_official_squad_corrected,,,,,,,,,,,,,,,,,,,,,,,,,,,,,,,,,,,,,,,,,,,,,,,,,False,False,False,False,False,False
uzbekistan_rustam_ashurmatov,team_uzbekistan,Uzbekistan,Rustam Ashurmatov,rustam ashurmatov,Esteghlal Tehran FC (IRN),esteghlal tehran fc irn,Defender,,,,False,wc2026_official_squad_corrected,,,,,,,,,,,,,,,,,,,,,,,,,,,,,,,,,,,,,,,,,,,,,,,,,False,False,False,False,False,False
uzbekistan_sherzod_nasrullaev,team_uzbekistan,Uzbekistan,Sherzod Nasrullaev,sherzod nasrullaev,Pakhtakor Tashkent FK (UZB),pakhtakor tashkent fk uzb,Defender,,,,False,wc2026_official_squad_corrected,,,,,,,,,,,,,,,,,,,,,,,,,,,,,,,,,,,,,,,,,,,,,,,,,False,False,False,False,False,False
uzbekistan_umar_eshmurodov,team_uzbekistan,Uzbekistan,Umar Eshmurodov,umar eshmurodov,Nasaf Qarshi FC (UZB),nasaf qarshi fc uzb,Defender,,,,False,wc2026_official_squad_corrected,,,,,,,,,,,,,,,,,,,,,,,,,,,,,,,,,,,,,,,,,,,,,,,,,False,False,False,False,False,False
uzbekistan_azizbek_amonov,team_uzbekistan,Uzbekistan,Azizbek Amonov,azizbek amonov,FK Dinamo Samarkand (UZB),fk dinamo samarkand uzb,Forward,,,,False,wc2026_official_squad_corrected,,,,,,,,,,,,,,,,,,,,,,,,,,,,,,,,,,,,,,,,,,,,,,,,,False,False,False,False,False,False
uzbekistan_eldor_shomurodov,team_uzbekistan,Uzbekistan,Eldor Shomurodov,eldor shomurodov,Başakşehir FK (TUR),basaksehir fk tur,Forward,,,,False,wc2026_official_squad_corrected,1.0,TUR-Super Lig,2526,Başakşehir,2916,34,,22,5,18,95,48,,,,,17,17,4,21,18,0,0,,,,0.6790123456790124,0.154320987654321,0.5555555555555556,2.932098765432099,1.4814814814814816,,,,,0.5246913580246914,0.5246913580246914,0.1234567901234568,0.6481481481481481,0.5555555555555556,0.0,0.0,,,,1.0493827160493827,,True,True,True,True,True,False,False
uzbekistan_igor_sergeev,team_uzbekistan,Uzbekistan,Igor Sergeev,igor sergeev,Persepolis FC (IRN),persepolis fc irn,Forward,,,,False,wc2026_official_squad_corrected,,,,,,,,,,,,,,,,,,,,,,,,,,,,,,,,,,,,,,,,,,,,,,,,,False,False,False,False,False,False
uzbekistan_abduvohid_nematov,team_uzbekistan,Uzbekistan,Abduvohid Nematov,abduvohid nematov,Nasaf Qarshi FC (UZB),nasaf qarshi fc uzb,Goalkeeper,,,,False,wc2026_official_squad_corrected,,,,,,,,,,,,,,,,,,,,,,,,,,,,,,,,,,,,,,,,,,,,,,,,,False,False,False,False,False,False
uzbekistan_botirali_ergashev,team_uzbekistan,Uzbekistan,Botirali Ergashev,botirali ergashev,FK Neftchi Farg'ona (UZB),fk neftchi farg ona uzb,Goalkeeper,,,,False,wc2026_official_squad_corrected,,,,,,,,,,,,,,,,,,,,,,,,,,,,,,,,,,,,,,,,,,,,,,,,,False,False,False,False,False,False
uzbekistan_utkir_yusupov,team_uzbekistan,Uzbekistan,Utkir Yusupov,utkir yusupov,PFC Navbahor Namangan (UZB),pfc navbahor namangan uzb,Goalkeeper,,,,False,wc2026_official_squad_corrected,,,,,,,,,,,,,,,,,,,,,,,,,,,,,,,,,,,,,,,,,,,,,,,,,False,False,False,False,False,False
uzbekistan_abbosbek_fayzullaev,team_uzbekistan,Uzbekistan,Abbosbek Fayzullaev,abbosbek fayzullaev,Başakşehir FK (TUR),basaksehir fk tur,Midfielder,,,,False,wc2026_official_squad_corrected,,,,,,,,,,,,,,,,,,,,,,,,,,,,,,,,,,,,,,,,,,,,,,,,,False,False,False,False,False,False
uzbekistan_akmal_mozgovoy,team_uzbekistan,Uzbekistan,Akmal Mozgovoy,akmal mozgovoy,Pakhtakor Tashkent FK (UZB),pakhtakor tashkent fk uzb,Midfielder,,,,False,wc2026_official_squad_corrected,,,,,,,,,,,,,,,,,,,,,,,,,,,,,,,,,,,,,,,,,,,,,,,,,False,False,False,False,False,False
uzbekistan_azizjon_ganiev,team_uzbekistan,Uzbekistan,Azizjon Ganiev,azizjon ganiev,Al Bataeh Club (UAE),al bataeh club uae,Midfielder,,,,False,wc2026_official_squad_corrected,,,,,,,,,,,,,,,,,,,,,,,,,,,,,,,,,,,,,,,,,,,,,,,,,False,False,False,False,False,False
uzbekistan_dostonbek_khamdamov,team_uzbekistan,Uzbekistan,Dostonbek Khamdamov,dostonbek khamdamov,Pakhtakor Tashkent FK (UZB),pakhtakor tashkent fk uzb,Midfielder,,,,False,wc2026_official_squad_corrected,,,,,,,,,,,,,,,,,,,,,,,,,,,,,,,,,,,,,,,,,,,,,,,,,False,False,False,False,False,False
uzbekistan_jaloliddin_masharipov,team_uzbekistan,Uzbekistan,Jaloliddin Masharipov,jaloliddin masharipov,Esteghlal Tehran FC (IRN),esteghlal tehran fc irn,Midfielder,,,,False,wc2026_official_squad_corrected,,,,,,,,,,,,,,,,,,,,,,,,,,,,,,,,,,,,,,,,,,,,,,,,,False,False,False,False,False,False
uzbekistan_jamshid_iskanderov,team_uzbekistan,Uzbekistan,Jamshid Iskanderov,jamshid iskanderov,FK Neftchi Farg'ona (UZB),fk neftchi farg ona uzb,Midfielder,,,,False,wc2026_official_squad_corrected,,,,,,,,,,,,,,,,,,,,,,,,,,,,,,,,,,,,,,,,,,,,,,,,,False,False,False,False,False,False
uzbekistan_odiljon_xamrobekov,team_uzbekistan,Uzbekistan,Odiljon Xamrobekov,odiljon xamrobekov,Tractor Sazi Tabriz FC (IRN),tractor sazi tabriz fc irn,Midfielder,,,,False,wc2026_official_squad_corrected,,,,,,,,,,,,,,,,,,,,,,,,,,,,,,,,,,,,,,,,,,,,,,,,,False,False,False,False,False,False
uzbekistan_oston_urunov,team_uzbekistan,Uzbekistan,Oston Urunov,oston urunov,Persepolis FC (IRN),persepolis fc irn,Midfielder,,,,False,wc2026_official_squad_corrected,,,,,,,,,,,,,,,,,,,,,,,,,,,,,,,,,,,,,,,,,,,,,,,,,False,False,False,False,False,False
uzbekistan_otabek_shukurov,team_uzbekistan,Uzbekistan,Otabek Shukurov,otabek shukurov,Baniyas Club (UAE),baniyas club uae,Midfielder,,,,False,wc2026_official_squad_corrected,,,,,,,,,,,,,,,,,,,,,,,,,,,,,,,,,,,,,,,,,,,,,,,,,False,False,False,False,False,False
uzbekistan_sherzod_esanov,team_uzbekistan,Uzbekistan,Sherzod Esanov,sherzod esanov,FK Buxoro (UZB),fk buxoro uzb,Midfielder,,,,False,wc2026_official_squad_corrected,,,,,,,,,,,,,,,,,,,,,,,,,,,,,,,,,,,,,,,,,,,,,,,,,False,False,False,False,False,False
