team_canonical,issue,match_method,name_similarity,player_name_current,player_name_fifa,fifa_player_name_raw,club_current,club_fifa,position_current,position_fifa,squad_number_fifa,dob_fifa,height_cm_fifa,club_raw_match,club_norm_match,club_match,position_match
Algeria,left_only,unmatched,,Adam Zorgane,,,Union Saint-Gilloise,,Midfielder,,,,,,,,
Algeria,left_only,unmatched,,Ahmed Kendouci,,,Ceramica Cleopatra,,Midfielder,,,,,,,,
Algeria,left_only,unmatched,,Anthony Mandrea,,,SM Caen,,Goalkeeper,,,,,,,,
Algeria,left_only,unmatched,,Baghdad Bounedjah,,,Al-Shamal,,Forward,,,,,,,,
Algeria,left_only,unmatched,,Ismaël Bennacer,,,Dinamo Zagreb,,Midfielder,,,,,,,,
Algeria,left_only,unmatched,,Mehdi Dorval,,,SSC Bari,,Defender,,,,,,,,
Algeria,left_only,unmatched,,Youcef Atal,,,Al-Sadd SC,,Defender,,,,,,,,
Argentina,left_only,unmatched,,Ezequiel Fernández,,,Bayer Leverkusen (Alemania),,Midfielder,,,,,,,,
Bosnia and Herzegovina,left_only,unmatched,,Osman Hadzikic,,,Slaven Belupo,,Goalkeeper,,,,,,,,
Canada,left_only,unmatched,,Kamal Miller,,,Portland Timbers,,Defender,,,,,,,,
Cape Verde,left_only,unmatched,,Ianique Tavares,,,Torreense,,Defender,,,,,,,,
Cape Verde,left_only,unmatched,,Josimar Dias,,,Chaves,,Goalkeeper,,,,,,,,
Cape Verde,left_only,unmatched,,Roberto Lopes,,,Shamrock Rovers,,Defender,,,,,,,,
DR Congo,left_only,unmatched,,Rocky Bushiri,,,Hibernian FC,,Defender,,,,,,,,
Egypt,left_only,unmatched,,Mohamed Abdelmonem,,,OGC Niza,,Defender,,,,,,,,
Egypt,left_only,unmatched,,"Mostafa Abdelraouf ""Ziko""",,,ZED FC,,Forward,,,,,,,,
Ghana,left_only,unmatched,,Alexander Djiku,,,Spartak Moscow,,Defender,,,,,,,,
Ghana,left_only,unmatched,,Daniel Amartey,,,Beşiktaş,,Defender,,,,,,,,
Ghana,left_only,unmatched,,Forson Amankwah,,,RB Salzburg,,Midfielder,,,,,,,,
Ghana,left_only,unmatched,,Iddrisu Baba,,,UD Almería,,Midfielder,,,,,,,,
Ghana,left_only,unmatched,,Joseph Paintsil,,,LA Galaxy,,Forward,,,,,,,,
Ghana,left_only,unmatched,,Majeed Ashimeru,,,RSC Anderlecht,,Midfielder,,,,,,,,
Ghana,left_only,unmatched,,Mohammed Salisu,,,AS Monaco,,Defender,,,,,,,,
Ghana,left_only,unmatched,,Osman Bukari,,,Austin FC,,Forward,,,,,,,,
Ghana,left_only,unmatched,,Salis Abdul Samed,,,RC Lens,,Midfielder,,,,,,,,
Ghana,left_only,unmatched,,Stephan Ambrosius,,,FC St. Gallen,,Defender,,,,,,,,
Ghana,left_only,unmatched,,Tariq Lamptey,,,Brighton & Hove Albion,,Defender,,,,,,,,
Iraq,left_only,unmatched,,Rebin Sulaka,,,Port,,Defender,,,,,,,,
Japan,left_only,unmatched,,Daiki Hashioka,,,Luton Town,,Defender,,,,,,,,
Japan,left_only,unmatched,,Hidemasa Morita,,,Sporting CP,,Midfielder,,,,,,,,
Japan,left_only,unmatched,,Kaoru Mitoma,,,Brighton & Hove Albion,,Forward,,,,,,,,
Japan,left_only,unmatched,,Koki Machida,,,Royale Union Saint-Gilloise,,Defender,,,,,,,,
Japan,left_only,unmatched,,Kosei Tani,,,Gamba Osaka,,Goalkeeper,,,,,,,,
Japan,left_only,unmatched,,Reo Hatate,,,Celtic FC,,Midfielder,,,,,,,,
Japan,left_only,unmatched,,Seiya Maikuma,,,AZ Alkmaar,,Defender,,,,,,,,
Japan,left_only,unmatched,,Shuto Machino,,,Holstein Kiel,,Forward,,,,,,,,
Japan,left_only,unmatched,,Takumi Minamino,,,AS Monaco,,Midfielder,,,,,,,,
Jordan,left_only,unmatched,,Ahmad Al-Juaidi,,,Shabab Al-Ordon,,Goalkeeper,,,,,,,,
Jordan,left_only,unmatched,,Anas Al-Awadat,,,Al-Wehdat,,Midfielder,,,,,,,,
Jordan,left_only,unmatched,,Aref Al-Haj,,,Al-Faisaly,,Forward,,,,,,,,
Jordan,left_only,unmatched,,Bara' Marei,,,Al-Faisaly,,Defender,,,,,,,,
Jordan,left_only,unmatched,,Feras Shelbaieh,,,Al-Wehdat,,Defender,,,,,,,,
Jordan,left_only,unmatched,,Saleh Ratib,,,Al-Wehdat,,Midfielder,,,,,,,,
Jordan,left_only,unmatched,,Salem Al-Ajalin,,,Al-Faisaly,,Defender,,,,,,,,
Jordan,left_only,unmatched,,Yazan Al-Naimat,,,Al-Ahli SC,,Forward,,,,,,,,
Morocco,left_only,unmatched,,Abdelkabir Abqar,,,Deportivo Alavés,,Defender,,,,,,,,
Morocco,left_only,unmatched,,Achraf Dari,,,Al Ahly SC,,Defender,,,,,,,,
Morocco,left_only,unmatched,,Adam Aznou,,,Bayern Múnich,,Defender,,,,,,,,
Morocco,left_only,unmatched,,Amine Adli,,,Bayer 04 Leverkusen,,Forward,,,,,,,,
Morocco,left_only,unmatched,,Amir Richardson,,,ACF Fiorentina,,Midfielder,,,,,,,,
Morocco,left_only,unmatched,,El Mehdi Benabid,,,AS FAR,,Goalkeeper,,,,,,,,
Morocco,left_only,unmatched,,Eliesse Ben Seghir,,,AS Monaco,,Forward,,,,,,,,
Morocco,left_only,unmatched,,Hakim Ziyech,,,Galatasaray,,Forward,,,,,,,,
Morocco,left_only,unmatched,,Ilias Akhomach,,,Villarreal CF,,Forward,,,,,,,,
Morocco,left_only,unmatched,,Munir Mohamedi,,,RS Berkane,,Goalkeeper,,,,,,,,
Morocco,left_only,unmatched,,Oussama El Azzouzi,,,Bologna FC,,Midfielder,,,,,,,,
Morocco,left_only,unmatched,,Yahya Attiat-Allah,,,Al Ahly SC,,Defender,,,,,,,,
Morocco,left_only,unmatched,,Youssef En-Nesyri,,,Fenerbahçe,,Forward,,,,,,,,
Norway,left_only,unmatched,,Andreas Hanche-Olsen,,,1. FSV Mainz 05,,Defender,,,,,,,,
Norway,left_only,unmatched,,Hugo Vetlesen,,,Club Brugge,,Midfielder,,,,,,,,
Norway,left_only,unmatched,,Jesper Daland,,,Cardiff City,,Defender,,,,,,,,
Norway,left_only,unmatched,,Markus Solbakken,,,AC Sparta Praga,,Midfielder,,,,,,,,
Norway,left_only,unmatched,,Mathias Dyngeland,,,SK Brann,,Goalkeeper,,,,,,,,
Norway,left_only,unmatched,,Stian Gregersen,,,Atlanta United,,Defender,,,,,,,,
Paraguay,left_only,unmatched,,Adam Bareiro,,,River Plate,,Forward,,,,,,,,
Paraguay,left_only,unmatched,,Agustín Sández,,,Rosario Central,,Defender,,,,,,,,
Paraguay,left_only,unmatched,,Carlos Coronel,,,New York Red Bulls,,Goalkeeper,,,,,,,,
Paraguay,left_only,unmatched,,Fabrizio Peralta,,,Cruzeiro,,Midfielder,,,,,,,,
Paraguay,left_only,unmatched,,Juan Espínola,,,Belgrano,,Goalkeeper,,,,,,,,
Paraguay,left_only,unmatched,,Mateo Gamarra,,,Athletico Paranaense,,Defender,,,,,,,,
Paraguay,left_only,unmatched,,Mathías Villasanti,,,Grêmio,,Midfielder,,,,,,,,
Paraguay,left_only,unmatched,,Ángel Romero,,,Corinthians,,Forward,,,,,,,,
Portugal,left_only,unmatched,,António Silva,,,SL Benfica,,Defender,,,,,,,,
Portugal,left_only,unmatched,,Diogo Jota,,,Liverpool FC,,Forward,,,,,,,,
Portugal,left_only,unmatched,,João Palhinha,,,Bayern Múnich,,Midfielder,,,,,,,,
Portugal,left_only,unmatched,,Otávio,,,Al-Nassr,,Midfielder,,,,,,,,
Portugal,left_only,unmatched,,Raphaël Guerreiro,,,Bayern Múnich,,Defender,,,,,,,,
Portugal,left_only,unmatched,,Tiago Djaló,,,FC Porto,,Defender,,,,,,,,
Qatar,left_only,unmatched,,Abdullah Al-Ahrak,,,Qatar SC,,Midfielder,,,,,,,,
Qatar,left_only,unmatched,,Ahmed Al-Rawi,,,Al-Rayyan SC,,Forward,,,,,,,,
Qatar,left_only,unmatched,,Ali Assadalla,,,Al-Sadd SC,,Midfielder,,,,,,,,
Qatar,left_only,unmatched,,Almahdi Ali Mukhtar,,,Al-Wakrah SC,,Defender,,,,,,,,
Qatar,left_only,unmatched,,Bassam Al-Rawi,,,Al-Rayyan SC,,Defender,,,,,,,,
Qatar,left_only,unmatched,,Ismaeel Mohammad,,,Al-Duhail SC,,Forward,,,,,,,,
Qatar,left_only,unmatched,,Khalid Muneer,,,Al-Wakrah SC,,Forward,,,,,,,,
Qatar,left_only,unmatched,,Mohammed Waad,,,Al-Sadd SC,,Midfielder,,,,,,,,
Qatar,left_only,unmatched,,Mostafa Meshaal,,,Al-Sadd SC,,Midfielder,,,,,,,,
Qatar,left_only,unmatched,,Saad Al-Sheeb,,,Al-Sadd SC,,Goalkeeper,,,,,,,,
Qatar,left_only,unmatched,,Tameem Al-Abdullah,,,Al-Rayyan SC,,Forward,,,,,,,,
Qatar,left_only,unmatched,,Tarek Salman,,,Al-Sadd SC,,Defender,,,,,,,,
Saudi Arabia,left_only,unmatched,,Abdulrahman Ghareeb,,,Al-Nassr,,Forward,,,,,,,,
Saudi Arabia,left_only,unmatched,,Ali Al-Bulaihi,,,Al-Hilal,,Defender,,,,,,,,
Saudi Arabia,left_only,unmatched,,Faisal Al-Ghamdi,,,Beerschot VA,,Midfielder,,,,,,,,
Saudi Arabia,left_only,unmatched,,Marwan Al-Sahafi,,,Beerschot VA,,Forward,,,,,,,,
Saudi Arabia,left_only,unmatched,,Mukhtar Ali,,,Al-Nassr,,Midfielder,,,,,,,,
Saudi Arabia,left_only,unmatched,,Raghed Al-Najjar,,,Al-Nassr,,Goalkeeper,,,,,,,,
Saudi Arabia,left_only,unmatched,,Rayan Hamid,,,Al-Ahli,,Defender,,,,,,,,
Saudi Arabia,left_only,unmatched,,Sami Al-Najei,,,Al-Nassr,,Midfielder,,,,,,,,
Saudi Arabia,left_only,unmatched,,Sultan Al-Ghannam,,,Al-Nassr,,Defender,,,,,,,,
Saudi Arabia,left_only,unmatched,,Yasser Al-Shahrani,,,Al-Hilal,,Defender,,,,,,,,
Scotland,left_only,unmatched,,Billy Gilmour,,,Napoli,,Midfielder,,,,,,,,
Senegal,left_only,unmatched,,Abdallah Sima,,,Stade Brestois,,Forward,,,,,,,,
Senegal,left_only,unmatched,,Abdou Diallo,,,Al-Arabi SC,,Defender,,,,,,,,
Senegal,left_only,unmatched,,Arouna Sangante,,,Le Havre AC,,Defender,,,,,,,,
Senegal,left_only,unmatched,,Boulaye Dia,,,SS Lazio,,Forward,,,,,,,,
Senegal,left_only,unmatched,,Cheikhou Kouyaté,,,Nottingham Forest,,Midfielder,,,,,,,,
Senegal,left_only,unmatched,,Dion Lopy,,,UD Almería,,Midfielder,,,,,,,,
Senegal,left_only,unmatched,,Fodé Ballo-Touré,,,AC Milan,,Defender,,,,,,,,
Senegal,left_only,unmatched,,Formose Mendy,,,FC Lorient,,Defender,,,,,,,,
Senegal,left_only,unmatched,,Habib Diallo,,,Al-Shabab,,Forward,,,,,,,,
Senegal,left_only,unmatched,,Nampalys Mendy,,,RC Lens,,Midfielder,,,,,,,,
Senegal,left_only,unmatched,,Seny Dieng,,,Middlesbrough FC,,Goalkeeper,,,,,,,,
South Africa,left_only,unmatched,,Bathusi Aubaas,,,Mamelodi Sundowns,,Midfielder,,,,,,,,
South Africa,left_only,unmatched,,Bongokuhle Hlongwane,,,Minnesota United,,Forward,,,,,,,,
South Africa,left_only,unmatched,,Grant Kekana,,,Mamelodi Sundowns,,Defender,,,,,,,,
South Africa,left_only,unmatched,,Grant Margeman,,,SuperSport United,,Midfielder,,,,,,,,
South Africa,left_only,unmatched,,Luke Le Roux,,,IFK Värnamo,,Midfielder,,,,,,,,
South Africa,left_only,unmatched,,Mihlali Mayambela,,,Aris Limassol,,Forward,,,,,,,,
South Africa,left_only,unmatched,,Mothobi Mvala,,,Mamelodi Sundowns,,Defender,,,,,,,,
South Africa,left_only,unmatched,,Percy Tau,,,Al Ahly SC,,Forward,,,,,,,,
South Africa,left_only,unmatched,,Siyanda Xulu,,,SuperSport United,,Defender,,,,,,,,
South Africa,left_only,unmatched,,Terrence Mashego,,,Mamelodi Sundowns,,Defender,,,,,,,,
South Africa,left_only,unmatched,,Thapelo Morena,,,Mamelodi Sundowns,,Defender,,,,,,,,
South Africa,left_only,unmatched,,Veli Mothwa,,,AmaZulu FC,,Goalkeeper,,,,,,,,
South Korea,left_only,unmatched,,Hyun-seok Hong,,,1. FSV Mainz 05,,Midfielder,,,,,,,,
South Korea,left_only,unmatched,,Jae-won Hwang,,,Daegu FC,,Defender,,,,,,,,
South Korea,left_only,unmatched,,Min-hyeok Yang,,,Tottenham Hotspur,,Forward,,,,,,,,
South Korea,left_only,unmatched,,Min-kyu Joo,,,Ulsan HD,,Forward,,,,,,,,
South Korea,left_only,unmatched,,Myung-jae Lee,,,Ulsan HD,,Defender,,,,,,,,
South Korea,left_only,unmatched,,Seung-hyun Jung,,,Al-Wasl,,Defender,,,,,,,,
South Korea,left_only,unmatched,,Woo-yeong Jeong,,,1. FC Union Berlin,,Midfielder,,,,,,,,
South Korea,left_only,unmatched,,Yong-woo Park,,,Al-Ain,,Midfielder,,,,,,,,
South Korea,left_only,unmatched,,Young-gwon Kim,,,Ulsan HD,,Defender,,,,,,,,
South Korea,left_only,unmatched,,Yu-min Cho,,,Sharjah FC,,Defender,,,,,,,,
Spain,left_only,unmatched,,Álex Remiro,,,Real Sociedad,,Goalkeeper,,,,,,,,
Sweden,left_only,unmatched,,Emil Holm,,,Juventus,,Defender,,,,,,,,
Switzerland,left_only,unmatched,,Andi Zeqiri,,,KRC Genk,,Forward,,,,,,,,
Switzerland,left_only,unmatched,,Cédric Zesiger,,,VfL Wolfsburg,,Defender,,,,,,,,
Switzerland,left_only,unmatched,,Fabian Schär,,,Newcastle United,,Defender,,,,,,,,
Switzerland,left_only,unmatched,,Jonas Omlin,,,Borussia Mönchengladbach,,Goalkeeper,,,,,,,,
Switzerland,left_only,unmatched,,Kwadwo Duah,,,Ludogorets Razgrad,,Forward,,,,,,,,
Switzerland,left_only,unmatched,,Leonidas Stergiou,,,VfB Stuttgart,,Defender,,,,,,,,
Switzerland,left_only,unmatched,,Philipp Köhn,,,AS Monaco,,Goalkeeper,,,,,,,,
Switzerland,left_only,unmatched,,Ulisses Garcia,,,Olympique de Marsella,,Defender,,,,,,,,
Switzerland,left_only,unmatched,,Vincent Sierro,,,Toulouse FC,,Midfielder,,,,,,,,
Tunisia,left_only,unmatched,,Alaa Ghram,,,Shakhtar Donetsk,,Defender,,,,,,,,
Tunisia,left_only,unmatched,,Amanallah Memmiche,,,Espérance de Tunis,,Goalkeeper,,,,,,,,
Tunisia,left_only,unmatched,,Aïssa Laïdouni,,,Al-Wakrah,,Midfielder,,,,,,,,
Tunisia,left_only,unmatched,,Bechir Ben Said,,,US Monastir,,Goalkeeper,,,,,,,,
Tunisia,left_only,unmatched,,Hamza Mathlouthi,,,Zamalek SC,,Defender,,,,,,,,
Tunisia,left_only,unmatched,,Hamza Rafia,,,US Lecce,,Midfielder,,,,,,,,
Tunisia,left_only,unmatched,,Haythem Jouini,,,Stade Tunisien,,Forward,,,,,,,,
Tunisia,left_only,unmatched,,Issam Jebali,,,Gamba Osaka,,Forward,,,,,,,,
Tunisia,left_only,unmatched,,Mohamed Ali Ben Romdhane,,,Ferencvárosi TC,,Midfielder,,,,,,,,
Tunisia,left_only,unmatched,,Nader Ghandri,,,Akhmat Grozny,,Midfielder,,,,,,,,
Tunisia,left_only,unmatched,,Oussama Haddadi,,,SpVgg Greuther Fürth,,Defender,,,,,,,,
Tunisia,left_only,unmatched,,Samy Chouchane,,,Brighton & Hove Albion,,Midfielder,,,,,,,,
Tunisia,left_only,unmatched,,Sayfallah Ltaief,,,FC Twente,,Forward,,,,,,,,
Tunisia,left_only,unmatched,,Seifeddine Jaziri,,,Zamalek SC,,Forward,,,,,,,,
Tunisia,left_only,unmatched,,Wajdi Kechrida,,,Atromitos FC,,Defender,,,,,,,,
Tunisia,left_only,unmatched,,Yassine Meriah,,,Espérance de Tunis,,Defender,,,,,,,,
Tunisia,left_only,unmatched,,Youssef Msakni,,,Al-Arabi SC,,Forward,,,,,,,,
Turkey,left_only,unmatched,,Ahmetcan Kaplan,,,NEC Nijmegen,,Defender,,,,,,,,
Turkey,left_only,unmatched,,Bertuğ Yıldırım,,,Getafe CF,,Forward,,,,,,,,
Turkey,left_only,unmatched,,Enes Ünal,,,AFC Bournemouth,,Forward,,,,,,,,
Turkey,left_only,unmatched,,Okay Yokuşlu,,,Trabzonspor,,Midfielder,,,,,,,,
Turkey,left_only,unmatched,,Semih Kılıçsoy,,,Beşiktaş,,Forward,,,,,,,,
United States,left_only,unmatched,,Aidan Morris,,,Middlesbrough FC,,Midfielder,,,,,,,,
United States,left_only,unmatched,,Cameron Carter-Vickers,,,Celtic FC,,Defender,,,,,,,,
United States,left_only,unmatched,,Ethan Horvath,,,Cardiff City,,Goalkeeper,,,,,,,,
United States,left_only,unmatched,,Johnny Cardoso,,,Real Betis,,Midfielder,,,,,,,,
United States,left_only,unmatched,,Josh Sargent,,,Norwich City,,Forward,,,,,,,,
United States,left_only,unmatched,,Kevin Paredes,,,VfL Wolfsburg,,Forward,,,,,,,,
United States,left_only,unmatched,,Patrick Schulte,,,Columbus Crew,,Goalkeeper,,,,,,,,
United States,left_only,unmatched,,Yunus Musah,,,AC Milan,,Midfielder,,,,,,,,
Uzbekistan,left_only,unmatched,,Azizbek Turgunboev,,,Sivasspor,,Midfielder,,,,,,,,
Uzbekistan,left_only,unmatched,,Bobur Abdikholikov,,,Nasaf,,Forward,,,,,,,,
Uzbekistan,left_only,unmatched,,Diyor Kholmatov,,,Pakhtakor,,Midfielder,,,,,,,,
Uzbekistan,left_only,unmatched,,Husayin Norchaev,,,Neftchi,,Forward,,,,,,,,
Uzbekistan,left_only,unmatched,,Husniddin Aliqulov,,,Çaykur Rizespor,,Defender,,,,,,,,
Uzbekistan,left_only,unmatched,,Jasurbek Yakhshiboev,,,Ordabasy,,Forward,,,,,,,,
Uzbekistan,left_only,unmatched,,Khojimat Erkinov,,,Al Wahda,,Midfielder,,,,,,,,
Uzbekistan,left_only,unmatched,,Zafarmurod Abdurakhmatov,,,Nasaf,,Defender,,,,,,,,
Algeria,right_only,unmatched,,,Achraf Abada,ABADA Achraf,,USM Alger (ALG),,Defender,3,15/06/1999,185,,,,
Algeria,right_only,unmatched,,,Fares Ghedjemis,GHEDJEMIS Fares,,Frosinone (ITA),,Forward,25,06/09/2002,183,,,,
Algeria,right_only,unmatched,,,Melvin Mastil,MASTIL Melvin,,FC Stade Nyonnais (SUI),,Goalkeeper,1,19/02/2000,194,,,,
Algeria,right_only,unmatched,,,Nabil Bentaleb,BENTALEB Nabil,,Lille OSC (FRA),,Midfielder,19,24/11/1994,189,,,,
Algeria,right_only,unmatched,,,Nadhir Benbouali,BENBOUALI Nadhir,,Györi ETO FC (HUN),,Forward,12,17/04/2000,190,,,,
Algeria,right_only,unmatched,,,Samir Chergui,CHERGUI Samir,,Paris FC (FRA),,Defender,26,06/02/1999,185,,,,
Algeria,right_only,unmatched,,,Yassine Titraoui,TITRAOUI Yassine,,Sporting Charleroi (BEL),,Midfielder,24,26/08/2003,180,,,,
Argentina,right_only,unmatched,,,Giuliano Simeone,SIMEONE Giuliano,,Atlético De Madrid (ESP),,Forward,17,18/12/2002,174,,,,
Bosnia and Herzegovina,right_only,unmatched,,,Mladen Jurkas,JURKAS Mladen,,FK Borac Banja Luka (BIH),,Goalkeeper,12,07/10/2007,193,,,,
Canada,right_only,unmatched,,,Nathan Saliba,SALIBA Nathan,,RSC Anderlecht (BEL),,Midfielder,25,07/02/2004,174,,,,
Cape Verde,right_only,unmatched,,,Pico Lopes,PICO LOPES,,Shamrock Rovers FC (IRL),,Defender,4,17/06/1992,186,,,,
Cape Verde,right_only,unmatched,,,Stopira,STOPIRA,,SCU Torreense (POR),,Defender,2,20/05/1988,178,,,,
Cape Verde,right_only,unmatched,,,Vozinha,VOZINHA,,GD Chaves (POR),,Goalkeeper,1,03/06/1986,189,,,,
DR Congo,right_only,unmatched,,,Aaron Tshibola,TSHIBOLA Aaron,,Kilmarnock FC (SCO),,Midfielder,15,02/01/1995,184,,,,
Egypt,right_only,unmatched,,,ABDELMONEIMMohamed Abdelmoneim Elsayed M Mohamed,MOHAMED ABDELMONEIMMohamed Abdelmoneim Elsayed M,,OGC Nice (FRA),,Defender,6,01/02/1999,184,,,,
Egypt,right_only,unmatched,,,Mostafa Zico,MOSTAFA ZICO,,Pyramids FC (EGY),,Midfielder,11,27/04/1997,179,,,,
Ghana,right_only,unmatched,,,Abdul Mumin,MUMIN Abdul,,Rayo Vallecano (ESP),,Defender,6,06/06/1998,188,,,,
Ghana,right_only,unmatched,,,Augustine Boakye,BOAKYE Augustine,,AS Saint-Etienne (FRA),,Midfielder,20,03/11/2000,178,,,,
Ghana,right_only,unmatched,,,Brandon Thomas-Asante,THOMAS-ASANTE Brandon,,Coventry City FC (ENG),,Forward,10,29/12/1998,182,,,,
Ghana,right_only,unmatched,,,Caleb Yirenkyi,YIRENKYI Caleb,,FC Nordsjælland (DEN),,Midfielder,3,15/01/2006,182,,,,
Ghana,right_only,unmatched,,,Derrick Luckassen,LUCKASSEN Derrick,,Pafos FC (CYP),,Defender,23,03/07/1995,188,,,,
Ghana,right_only,unmatched,,,Jerome Opoku,OPOKU Jerome,,Başakşehir FK (TUR),,Defender,18,14/10/1998,197,,,,
Ghana,right_only,unmatched,,,Jonas Adjetey,ADJETEY Jonas,,VfL Wolfsburg (GER),,Defender,4,13/12/2003,188,,,,
Ghana,right_only,unmatched,,,Kojo Peprah Oppong,OPPONG Kojo Peprah,,OGC Nice (FRA),,Defender,21,04/06/2004,185,,,,
Ghana,right_only,unmatched,,,Kwasi Sibo,SIBO Kwasi,,Real Oviedo (ESP),,Midfielder,8,24/06/1998,183,,,,
Ghana,right_only,unmatched,,,Marvin Senaya,SENAYA Marvin,,AJ Auxerre (FRA),,Defender,26,28/01/2001,181,,,,
Ghana,right_only,unmatched,,,Prince Adu,ADU Prince,,FC Viktoria Plzeň (CZE),,Forward,25,23/09/2003,179,,,,
Iraq,right_only,unmatched,,,Rebin Ghareeb,REBIN GHAREEB,,Port FC (THA),,Defender,2,12/04/1992,193,,,,
Japan,right_only,unmatched,,,Ayumu Seko,SEKO Ayumu,,Le Havre AC (FRA),,Defender,20,07/06/2000,186,,,,
Japan,right_only,unmatched,,,Junnosuke Suzuki,SUZUKI Junnosuke,,FC København (DEN),,Defender,25,12/07/2003,180,,,,
Japan,right_only,unmatched,,,Kaishu Sano,SANO Kaishu,,1. FSV Mainz 05 (GER),,Midfielder,24,30/12/2000,176,,,,
Japan,right_only,unmatched,,,Keisuke Goto,GOTO Keisuke,,Sint-Truiden VV (BEL),,Forward,9,03/06/2005,191,,,,
Japan,right_only,unmatched,,,Kento Shiogai,SHIOGAI Kento,,VfL Wolfsburg (GER),,Forward,26,26/03/2005,180,,,,
Japan,right_only,unmatched,,,Tomoki Hayakawa,HAYAKAWA Tomoki,,Kashima Antlers (JPN),,Goalkeeper,23,03/03/1999,187,,,,
Japan,right_only,unmatched,,,Tsuyoshi Watanabe,WATANABE Tsuyoshi,,Feyenoord Rotterdam (NED),,Defender,16,05/02/1997,184,,,,
Japan,right_only,unmatched,,,Yuito Suzuki,SUZUKI Yuito,,SC Freiburg (GER),,Midfielder,17,25/10/2001,175,,,,
Japan,right_only,unmatched,,,Yuto Nagatomo,NAGATOMO Yuto,,FC Tokyo (JPN),,Defender,5,12/09/1986,170,,,,
Jordan,right_only,unmatched,,,Ali Azaizeh,ALI AZAIZEH,,Al Shabab FC (KSA),,Forward,24,13/04/2004,178,,,,
Jordan,right_only,unmatched,,,Amer Jamous,AMER JAMOUS,,Al Zawra'a SC (IRQ),,Midfielder,6,03/07/2002,177,,,,
Jordan,right_only,unmatched,,,Anas Badawi,ANAS BADAWI,,Al Faisaly SC (JOR),,Defender,26,13/09/1997,174,,,,
Jordan,right_only,unmatched,,,Mohammad Abualnadi,MOHAMMAD ABUALNADI,,Selangor FC (MAS),,Defender,16,08/02/2001,185,,,,
Jordan,right_only,unmatched,,,Mohammad Aldaoud,MOHAMMAD ALDAOUD,,Al Wahdat SC (JOR),,Midfielder,25,12/04/1992,185,,,,
Jordan,right_only,unmatched,,,Nour Baniateyah,NOUR BANIATEYAH,,Al Faisaly SC (JOR),,Goalkeeper,12,25/01/1993,179,,,,
Jordan,right_only,unmatched,,,Odeh Fakhoury,ODEH FAKHOURY,,Pyramids FC (EGY),,Forward,11,22/11/2005,180,,,,
Jordan,right_only,unmatched,,,Saleem Obaid,SALEEM OBAID,,Al Hussein SC (JOR),,Defender,17,17/01/1992,187,,,,
Morocco,right_only,unmatched,,,Ahmed Reda Tagnaouti,TAGNAOUTI Ahmed Reda,,ASFAR (MAR),,Goalkeeper,22,05/04/1996,194,,,,
Morocco,right_only,unmatched,,,Anass Salah Eddine,SALAH EDDINE Anass,,PSV Eindhoven (NED),,Defender,26,18/01/2002,181,,,,
Morocco,right_only,unmatched,,,Ayoube Amaimouni,AMAIMOUNI Ayoube,,Eintracht Frankfurt (GER),,Forward,21,30/11/2004,179,,,,
Morocco,right_only,unmatched,,,Ayyoub Bouaddi,BOUADDI Ayyoub,,Lille OSC (FRA),,Midfielder,6,02/10/2007,185,,,,
Morocco,right_only,unmatched,,,Chemsdine Talbi,TALBI Chemsdine,,Sunderland AFC (ENG),,Midfielder,7,09/05/2005,175,,,,
Morocco,right_only,unmatched,,,Gessime Yassine,YASSINE Gessime,,RC Strasbourg (FRA),,Midfielder,16,22/11/2005,172,,,,
Morocco,right_only,unmatched,,,Issa Diop,DIOP Issa,,Fulham FC (ENG),,Defender,14,09/01/1997,194,,,,
Morocco,right_only,unmatched,,,Munir el Kajoui,EL KAJOUI Munir,,RS Berkane (MAR),,Goalkeeper,12,10/05/1989,190,,,,
Morocco,right_only,unmatched,,,Neil el Aynaoui,EL AYNAOUI Neil,,AS Roma (ITA),,Midfielder,24,02/07/2001,185,,,,
Morocco,right_only,unmatched,,,Redouane Halhal,HALHAL Redouane,,KV Mechelen (BEL),,Defender,25,05/03/2003,189,,,,
Morocco,right_only,unmatched,,,Samir el Mourabet,EL MOURABET Samir,,RC Strasbourg (FRA),,Midfielder,15,06/10/2005,187,,,,
Morocco,right_only,unmatched,,,Youssef Belammari,BELAMMARI Youssef,,Al Ahly FC (EGY),,Defender,19,20/09/1998,175,,,,
Morocco,right_only,unmatched,,,Zakaria el Ouahdi,EL OUAHDI Zakaria,,KRC Genk (BEL),,Defender,13,31/12/2001,171,,,,
Norway,right_only,unmatched,,,Fredrik Aursnes,AURSNES Fredrik,,SL Benfica (POR),,Midfielder,14,10/12/1995,181,,,,
Norway,right_only,unmatched,,,Henrik Falchener,FALCHENER Henrik,,Viking Stavanger (NOR),,Defender,25,08/05/2003,194,,,,
Norway,right_only,unmatched,,,Sander Tangvik,TANGVIK Sander,,Hamburger SV (GER),,Goalkeeper,12,29/11/2002,193,,,,
Norway,right_only,unmatched,,,Sondre Langas,LANGAS Sondre,,Derby County FC (ENG),,Defender,24,02/02/2001,190,,,,
Norway,right_only,unmatched,,,Thelo Aasgaard,AASGAARD Thelo,,Rangers FC (SCO),,Midfielder,19,02/05/2002,188,,,,
Norway,right_only,unmatched,,,Torbjorn Heggem,HEGGEM Torbjorn,,Bologna FC (ITA),,Defender,17,12/01/1999,192,,,,
Paraguay,right_only,unmatched,,,Alexandro Maidana,MAIDANA Alexandro,,CA Talleres (ARG),,Defender,26,26/07/2005,173,,,,
Paraguay,right_only,unmatched,,,Braian Ojeda,OJEDA Braian,,Orlando City SC (USA),,Midfielder,20,27/06/2000,173,,,,
Paraguay,right_only,unmatched,,,Gabriel Avalos,AVALOS Gabriel,,CA Independiente (ARG),,Forward,21,12/10/1990,185,,,,
Paraguay,right_only,unmatched,,,Gaston Olveira,OLVEIRA Gaston,,Club Olimpia (PAR),,Goalkeeper,22,21/04/1993,191,,,,
Paraguay,right_only,unmatched,,,Gustavo Caballero,CABALLERO Gustavo,,Portsmouth FC (ENG),,Midfielder,24,21/09/2001,189,,,,
Paraguay,right_only,unmatched,,,Jose Canale,CANALE Jose,,CA Lanús (ARG),,Defender,13,20/07/1996,192,,,,
Paraguay,right_only,unmatched,,,Mauricio,MAURICIO,,SE Palmeiras (BRA),,Midfielder,11,22/06/2001,175,,,,
Paraguay,right_only,unmatched,,,Orlando Gill,GILL Orlando,,CA San Lorenzo (ARG),,Goalkeeper,12,11/06/2000,190,,,,
Portugal,right_only,unmatched,,,Francisco Trincao,FRANCISCO TRINCAO,,Sporting CP (POR),,Forward,16,29/12/1999,184,,,,
Portugal,right_only,unmatched,,,Goncalo Guedes,GONCALO GUEDES,,Real Sociedad (ESP),,Forward,19,29/11/1996,179,,,,
Portugal,right_only,unmatched,,,Nelson Semedo,NELSON SEMEDO,,Fenerbahçe SK (TUR),,Defender,2,16/11/1993,179,,,,
Portugal,right_only,unmatched,,,Renato Veiga,RENATO VEIGA,,Villarreal CF (ESP),,Defender,13,29/07/2003,188,,,,
Portugal,right_only,unmatched,,,Samu Costa,SAMU COSTA,,RCD Mallorca (ESP),,Defender,24,27/11/2000,185,,,,
Portugal,right_only,unmatched,,,Tomas Araujo,TOMAS ARAUJO,,SL Benfica (POR),,Defender,4,16/05/2002,187,,,,
Qatar,right_only,unmatched,,,Ahmed Alganehi,AHMED ALGANEHI,,Al Gharafa SC (QAT),,Midfielder,17,22/09/2000,175,,,,
Qatar,right_only,unmatched,,,Alhashmi Alhussein,ALHASHMI ALHUSSEIN,,Al Arabi SC (QAT),,Defender,25,15/08/2003,182,,,,
Qatar,right_only,unmatched,,,Assim Madibo,ASSIM MADIBO,,Al Wakrah SC (QAT),,Midfielder,23,22/10/1996,168,,,,
Qatar,right_only,unmatched,,,Ayoub Aloui,AYOUB ALOUI,,Al Gharafa SC (QAT),,Defender,13,11/03/2005,181,,,,
Qatar,right_only,unmatched,,,Edmilson Junior,EDMILSON JUNIOR,,Al Duhail SC (QAT),,Forward,8,19/08/1994,180,,,,
Qatar,right_only,unmatched,,,Hassan Alhaydos,HASSAN ALHAYDOS,,Al Sadd SC (QAT),,Forward,10,11/12/1990,174,,,,
Qatar,right_only,unmatched,,,Issa Laye,ISSA LAYE,,Al Arabi SC (QAT),,Defender,4,22/12/1997,178,,,,
Qatar,right_only,unmatched,,,Karim Boudiaf,KARIM BOUDIAF,,Al Duhail SC (QAT),,Midfielder,12,16/09/1990,190,,,,
Qatar,right_only,unmatched,,,Mahmoud Abunada,MAHMOUD ABUNADA,,Al Rayyan SC (QAT),,Goalkeeper,1,05/02/2000,185,,,,
Qatar,right_only,unmatched,,,Mohamed Manai,MOHAMED MANAI,,Al Shamal SC (QAT),,Forward,26,25/10/2002,180,,,,
Qatar,right_only,unmatched,,,Mohammed Muntari,MOHAMMED MUNTARI,,Al Gharafa SC (QAT),,Forward,9,20/12/1993,192,,,,
Qatar,right_only,unmatched,,,Tahsin Jamshid,TAHSIN JAMSHID,,Al Duhail SC (QAT),,Forward,24,16/06/2006,166,,,,
Saudi Arabia,right_only,unmatched,,,Ala Alhajji,ALA ALHAJJI,,Neom SC (KSA),,Midfielder,18,03/12/1995,178,,,,
Saudi Arabia,right_only,unmatched,,,Ali Majrashi,ALI MAJRASHI,,Al Ahli FC (KSA),,Defender,2,02/10/1999,169,,,,
Saudi Arabia,right_only,unmatched,,,Jehad Thikri,JEHAD THIKRI,,Al Qadsiah FC (KSA),,Defender,25,21/07/2001,184,,,,
Saudi Arabia,right_only,unmatched,,,Khalid Alghannam,KHALID ALGHANNAM,,Al Ettifaq FC (KSA),,Forward,17,08/11/2000,171,,,,
Saudi Arabia,right_only,unmatched,,,Mohammed Abu Alshamat,MOHAMMED ABU ALSHAMAT,,Al Qadsiah FC (KSA),,Defender,26,11/08/2002,170,,,,
Saudi Arabia,right_only,unmatched,,,Moteb Alharbi,MOTEB ALHARBI,,Al Hilal SC (KSA),,Defender,24,20/02/2000,177,,,,
Saudi Arabia,right_only,unmatched,,,Nawaf Alaqidi,NAWAF ALAQIDI,,Al Nassr FC (KSA),,Goalkeeper,1,10/05/2000,186,,,,
Saudi Arabia,right_only,unmatched,,,Nawaf Bu Washl,NAWAF BU WASHL,,Al Nassr FC (KSA),,Defender,13,16/09/1999,173,,,,
Saudi Arabia,right_only,unmatched,,,Sultan Mandash,SULTAN MANDASH,,Al Hilal SC (KSA),,Forward,20,17/10/1994,172,,,,
Saudi Arabia,right_only,unmatched,,,Ziyad Aljohani,ZIYAD ALJOHANI,,Al Ahli FC (KSA),,Midfielder,16,11/11/2001,180,,,,
Scotland,right_only,unmatched,,,Tyler Fletcher,FLETCHER Tyler,,Manchester United FC (ENG),,Midfielder,8,19/03/2007,183,,,,
Senegal,right_only,unmatched,,,Antoine Mendy,MENDY Antoine,,OGC Nice (FRA),,Defender,24,27/05/2004,187,,,,
Senegal,right_only,unmatched,,,Assane Diao,DIAO Assane,,Como (ITA),,Forward,7,07/09/2005,185,,,,
Senegal,right_only,unmatched,,,Bamba Dieng,DIENG Bamba,,FC Lorient (FRA),,Forward,9,23/03/2000,178,,,,
Senegal,right_only,unmatched,,,Bara Sapoko Ndiaye,NDIAYE Bara Sapoko,,FC Bayern München (GER),,Midfielder,22,31/12/2007,180,,,,
Senegal,right_only,unmatched,,,Cherif Ndiaye,NDIAYE Cherif,,Samsunspor (TUR),,Forward,12,23/01/1996,190,,,,
Senegal,right_only,unmatched,,,Ibrahim Mbaye,MBAYE Ibrahim,,Paris Saint-Germain (FRA),,Forward,20,24/01/2008,175,,,,
Senegal,right_only,unmatched,,,Krepin Diatta,DIATTA Krepin,,AS Monaco (FRA),,Defender,15,25/02/1999,173,,,,
Senegal,right_only,unmatched,,,Mamadou Sarr,SARR Mamadou,,Chelsea FC (ENG),,Defender,2,29/08/2005,194,,,,
Senegal,right_only,unmatched,,,Pathe Ciss,CISS Pathe,,Rayo Vallecano (ESP),,Midfielder,6,16/03/1994,186,,,,
Senegal,right_only,unmatched,,,Yehvann Diouf,DIOUF Yehvann,,OGC Nice (FRA),,Goalkeeper,1,16/11/1999,188,,,,
Senegal,right_only,unmatched,,,el Hadji Malick Diouf,DIOUF El Hadji Malick,,West Ham United FC (ENG),,Defender,25,29/12/2004,177,,,,
South Africa,right_only,unmatched,,,Bradley Cross,CROSS Bradley,,Kaizer Chiefs FC (RSA),,Defender,26,30/01/2001,175,,,,
South Africa,right_only,unmatched,,,Ime Okon,OKON Ime,,Hannover 96 (GER),,Defender,21,20/02/2004,187,,,,
South Africa,right_only,unmatched,,,Kamogelo Sebelebele,SEBELEBELE Kamogelo,,Orlando Pirates FC (RSA),,Forward,25,21/07/2002,166,,,,
South Africa,right_only,unmatched,,,Khulumani Ndamane,NDAMANE Khulumani,,Mamelodi Sundowns FC (RSA),,Defender,3,05/02/2004,183,,,,
South Africa,right_only,unmatched,,,Mbekezeli Mbokazi,MBOKAZI Mbekezeli,,Chicago Fire FC (USA),,Defender,14,19/09/2005,177,,,,
South Africa,right_only,unmatched,,,Olwethu Makhanya,MAKHANYA Olwethu,,Philadelphia Union (USA),,Defender,24,30/04/2004,185,,,,
South Africa,right_only,unmatched,,,Relebohile Mofokeng,MOFOKENG Relebohile,,Orlando Pirates FC (RSA),,Forward,10,23/10/2004,168,,,,
South Africa,right_only,unmatched,,,Samukele Kabini,KABINI Samukele,,Molde FK (NOR),,Defender,18,15/03/2004,179,,,,
South Africa,right_only,unmatched,,,Sipho Chaine,CHAINE Sipho,,Orlando Pirates FC (RSA),,Goalkeeper,16,14/12/1996,186,,,,
South Africa,right_only,unmatched,,,Thabang Matuludi,MATULUDI Thabang,,Polokwane City FC (RSA),,Defender,2,14/01/1999,189,,,,
South Africa,right_only,unmatched,,,Thalente Mbatha,MBATHA Thalente,,Orlando Pirates FC (RSA),,Midfielder,5,06/03/2000,179,,,,
South Africa,right_only,unmatched,,,Tshepang Moremi,MOREMI Tshepang,,Orlando Pirates FC (RSA),,Forward,8,02/10/2000,169,,,,
South Korea,right_only,unmatched,,,Donggyeong Lee,LEE Donggyeong,,Ulsan HD (KOR),,Midfielder,26,20/09/1997,175,,,,
South Korea,right_only,unmatched,,,Gihyuk Lee,LEE Gihyuk,,Gangwon FC (KOR),,Midfielder,3,07/07/2000,184,,,,
South Korea,right_only,unmatched,,,Hanbeom Lee,LEE Hanbeom,,FC Midtjylland (DEN),,Defender,2,17/06/2002,188,,,,
South Korea,right_only,unmatched,,,Hyunjun Yang,YANG Hyunjun,,Celtic FC (SCO),,Midfielder,20,25/05/2002,179,,,,
South Korea,right_only,unmatched,,,Jens Castrop,CASTROP Jens,,Borussia Mönchengladbach (GER),,Defender,23,29/07/2003,178,,,,
South Korea,right_only,unmatched,,,Jinseob Park,PARK Jinseob,,Zhejiang FC (CHN),,Defender,16,23/10/1995,183,,,,
South Korea,right_only,unmatched,,,Jisung Eom,EOM Jisung,,Swansea City AFC (WAL),,Midfielder,25,09/05/2002,177,,,,
South Korea,right_only,unmatched,,,Taehyeon Kim,KIM Taehyeon,,Kashima Antlers (JPN),,Defender,5,17/09/2000,186,,,,
South Korea,right_only,unmatched,,,Taeseok Lee,LEE Taeseok,,FK Austria Wien (AUT),,Defender,13,28/07/2002,174,,,,
South Korea,right_only,unmatched,,,Wije Cho,CHO Wije,,Jeonbuk Hyundai Motors FC (KOR),,Defender,14,25/08/2001,190,,,,
Spain,right_only,unmatched,,,Joan Garcia,GARCIA Joan,,FC Barcelona (ESP),,Goalkeeper,13,04/05/2001,194,,,,
Sweden,right_only,unmatched,,,Herman Johansson,JOHANSSON Herman,,FC Dallas (USA),,Defender,6,16/10/1997,190,,,,
Switzerland,right_only,unmatched,,,Aurele Amenda,AMENDA Aurele,,Eintracht Frankfurt (GER),,Defender,24,31/07/2003,194,,,,
Switzerland,right_only,unmatched,,,Cedric Itten,ITTEN Cedric,,Fortuna Düsseldorf (GER),,Forward,26,27/12/1996,190,,,,
Switzerland,right_only,unmatched,,,Christian Fassnacht,FASSNACHT Christian,,BSC Young Boys (SUI),,Forward,16,11/11/1993,185,,,,
Switzerland,right_only,unmatched,,,Eray Coemert,COEMERT Eray,,Valencia CF (ESP),,Defender,18,04/02/1998,183,,,,
Switzerland,right_only,unmatched,,,Johan Manzambi,MANZAMBI Johan,,SC Freiburg (GER),,Midfielder,9,14/10/2005,182,,,,
Switzerland,right_only,unmatched,,,Luca Jaquez,JAQUEZ Luca,,VfB Stuttgart (GER),,Defender,25,02/06/2003,187,,,,
Switzerland,right_only,unmatched,,,Marvin Keller,KELLER Marvin,,BSC Young Boys (SUI),,Goalkeeper,21,03/07/2002,189,,,,
Switzerland,right_only,unmatched,,,Miro Muheim,MUHEIM Miro,,Hamburger SV (GER),,Defender,2,24/03/1998,182,,,,
Switzerland,right_only,unmatched,,,Yvon Mvogo,MVOGO Yvon,,FC Lorient (FRA),,Goalkeeper,12,06/06/1994,190,,,,
Tunisia,right_only,unmatched,,,Adam Arous,AROUS Adam,,Kasımpaşa SK (TUR),,Defender,5,17/07/2004,188,,,,
Tunisia,right_only,unmatched,,,Anis Slimane,SLIMANE Anis,,Norwich City FC (ENG),,Midfielder,25,16/03/2001,188,,,,
Tunisia,right_only,unmatched,,,Firas Chaouat,CHAOUAT Firas,,Club Africain (TUN),,Forward,19,08/05/1996,185,,,,
Tunisia,right_only,unmatched,,,Hazem Mastouri,MASTOURI Hazem,,FC Dynamo Makhachkala (RUS),,Forward,9,18/06/1997,191,,,,
Tunisia,right_only,unmatched,,,Ismael Gharbi,GHARBI Ismael,,FC Augsburg (GER),,Midfielder,11,10/04/2004,180,,,,
Tunisia,right_only,unmatched,,,Khalil Ayari,AYARI Khalil,,Paris Saint-Germain (FRA),,Midfielder,14,02/02/2005,174,,,,
Tunisia,right_only,unmatched,,,Mohamed Amine Ben Hmida,BEN HMIDA Mohamed Amine,,Espérance De Tunisie (TUN),,Defender,21,15/12/1995,181,,,,
Tunisia,right_only,unmatched,,,Mohamed Hadj Mahmoud,HADJ MAHMOUD Mohamed,,FC Lugano (SUI),,Midfielder,15,24/04/2000,179,,,,
Tunisia,right_only,unmatched,,,Mortadha Ben Ouanes,BEN OUANES Mortadha,,Kasımpaşa SK (TUR),,Defender,12,02/07/1994,188,,,,
Tunisia,right_only,unmatched,,,Mouhib Chamakh,CHAMAKH Mouhib,,Club Africain (TUN),,Goalkeeper,1,25/08/2001,189,,,,
Tunisia,right_only,unmatched,,,Moutaz Neffati,NEFFATI Moutaz,,IFK Norrköping FK (SWE),,Defender,23,04/09/2004,182,,,,
Tunisia,right_only,unmatched,,,Omar Rekik,REKIK Omar,,NK Maribor (SVN),,Defender,4,20/12/2001,188,,,,
Tunisia,right_only,unmatched,,,Raed Chikhaoui,CHIKHAOUI Raed,,US Monastir (TUN),,Defender,24,09/06/2004,191,,,,
Tunisia,right_only,unmatched,,,Rani Khedira,KHEDIRA Rani,,1. FC Union Berlin (GER),,Midfielder,13,27/01/1994,188,,,,
Tunisia,right_only,unmatched,,,Rayan Elloumi,ELLOUMI Rayan,,Vancouver Whitecaps FC (CAN),,Forward,18,17/09/2007,180,,,,
Tunisia,right_only,unmatched,,,Sabri Ben Hessen,BEN HESSEN Sabri,,Étoile Du Sahel (TUN),,Goalkeeper,22,13/06/1996,189,,,,
Tunisia,right_only,unmatched,,,Sebastian Tounekti,TOUNEKTI Sebastian,,Celtic FC (SCO),,Midfielder,26,13/07/2002,182,,,,
Turkey,right_only,unmatched,,,Deniz Gul,GUL Deniz,,FC Porto (POR),,Forward,9,02/07/2004,192,,,,
Turkey,right_only,unmatched,,,Eren Elmali,ELMALI Eren,,Galatasaray SK (TUR),,Defender,13,07/07/2000,181,,,,
Turkey,right_only,unmatched,,,Oguz Aydin,AYDIN Oguz,,Fenerbahçe SK (TUR),,Forward,24,27/10/2000,183,,,,
Turkey,right_only,unmatched,,,Ozan Kabak,KABAK Ozan,,TSG Hoffenheim (GER),,Defender,15,25/03/2000,187,,,,
Turkey,right_only,unmatched,,,Samet Akaydin,AKAYDIN Samet,,Çaykur Rizespor (TUR),,Defender,25,13/03/1994,190,,,,
United States,right_only,unmatched,,,Alex Freeman,FREEMAN Alex,,Villarreal CF (ESP),,Defender,16,09/08/2004,188,,,,
United States,right_only,unmatched,,,Alex Zendejas,ZENDEJAS Alex,,Club América (MEX),,Forward,26,07/02/1998,167,,,,
United States,right_only,unmatched,,,Auston Trusty,TRUSTY Auston,,Celtic FC (SCO),,Defender,6,12/08/1998,190,,,,
United States,right_only,unmatched,,,Chris Brady,BRADY Chris,,Chicago Fire FC (USA),,Goalkeeper,25,03/03/2004,193,,,,
United States,right_only,unmatched,,,Cristian Roldan,ROLDAN Cristian,,Seattle Sounders FC (USA),,Midfielder,15,03/06/1995,173,,,,
United States,right_only,unmatched,,,Matt Freese,FREESE Matt,,New York City FC (USA),,Goalkeeper,24,02/09/1998,198,,,,
United States,right_only,unmatched,,,Max Arfsten,ARFSTEN Max,,Columbus Crew (USA),,Defender,18,19/04/2001,185,,,,
United States,right_only,unmatched,,,Sebastian Berhalter,BERHALTER Sebastian,,Vancouver Whitecaps FC (CAN),,Midfielder,14,10/05/2001,175,,,,
Uzbekistan,right_only,unmatched,,,Akmal Mozgovoy,MOZGOVOY Akmal,,Pakhtakor Tashkent FK (UZB),,Midfielder,6,02/04/1999,180,,,,
Uzbekistan,right_only,unmatched,,,Avazbek Ulmasaliyev,ULMASALIYEV Avazbek,,OKMK FK (UZB),,Defender,25,27/03/2000,187,,,,
Uzbekistan,right_only,unmatched,,,Azizjon Ganiev,GANIEV Azizjon,,Al Bataeh Club (UAE),,Midfielder,19,22/02/1998,178,,,,
Uzbekistan,right_only,unmatched,,,Behruzjon Karimov,KARIMOV Behruzjon,,Surkhon FK (UZB),,Defender,24,07/08/2007,172,,,,
Uzbekistan,right_only,unmatched,,,Dostonbek Khamdamov,KHAMDAMOV Dostonbek,,Pakhtakor Tashkent FK (UZB),,Midfielder,17,24/07/1996,178,,,,
Uzbekistan,right_only,unmatched,,,Jakhongir Urozov,UROZOV Jakhongir,,FK Dinamo Samarkand (UZB),,Defender,26,18/01/2004,190,,,,
Uzbekistan,right_only,unmatched,,,Khojiakbar Alijonov,ALIJONOV Khojiakbar,,Pakhtakor Tashkent FK (UZB),,Defender,3,19/04/1997,180,,,,
Uzbekistan,right_only,unmatched,,,Sherzod Esanov,ESANOV Sherzod,,FK Buxoro (UZB),,Midfielder,23,01/02/2003,190,,,,
Austria,club_and_position_mismatch,exact,1.0,Patrick Wimmer,Patrick Wimmer,WIMMER Patrick,Wolfsburg,VfL Wolfsburg (GER),Midfielder,Forward,21,30/05/2001,182,False,False,False,False
Bosnia and Herzegovina,club_and_position_mismatch,exact,1.0,Kerim Alajbegovic,Kerim Alajbegovic,ALAJBEGOVIC Kerim,RB Salzburg,FC Red Bull Salzburg (AUT),Midfielder,Forward,19,21/09/2007,186,False,False,False,False
Cape Verde,club_and_position_mismatch,exact,1.0,Jovane Cabral,Jovane Cabral,JOVANE CABRAL,Estrela Amadora,CF Estrela Da Amadora (POR),Forward,Midfielder,7,14/06/1998,174,False,False,False,False
Cape Verde,club_and_position_mismatch,exact,1.0,Nuno da Costa,Nuno da Costa,NUNO DA COSTA,Istanbul Basaksehir,Başakşehir FK (TUR),Forward,Midfielder,21,10/02/1991,182,False,False,False,False
Colombia,club_and_position_mismatch,exact,1.0,Gustavo Puerta,Gustavo Puerta,PUERTA Gustavo,Racing-ESP,Racing Santander (ESP),Midfielder,Defender,14,23/07/2003,173,False,False,False,False
Curacao,club_and_position_mismatch,exact,1.0,Tahith Chong,Tahith Chong,CHONG Tahith,Sheffield United,Shefield United FC (ENG),Forward,Midfielder,21,04/12/1999,185,False,False,False,False
Germany,club_and_position_mismatch,exact,1.0,Nadiem Amiri,Nadiem Amiri,AMIRI Nadiem,Mainz 05,1. FSV Mainz 05 (GER),Forward,Midfielder,20,27/10/1996,178,False,False,False,False
Ghana,club_and_position_mismatch,exact,1.0,Christopher Bonsu Baah,Christopher Bonsu Baah,BAAH Christopher Bonsu,KRC Genk,Al Qadsiah FC (KSA),Midfielder,Forward,13,14/12/2004,172,False,False,False,False
Ghana,club_and_position_mismatch,exact,1.0,Ernest Nuamah,Ernest Nuamah,NUAMAH Ernest,Olympique de Lyon,Olympique Lyonnais (FRA),Midfielder,Forward,24,01/11/2003,178,False,False,False,False
Iran,club_and_position_mismatch,exact,1.0,Arya Yousefi,Arya Yousefi,YOUSEFI Arya,Sepahan S.C.,Sepahan SC (IRN),Midfielder,Defender,17,22/04/2002,181,False,False,False,False
Iran,club_and_position_mismatch,exact,1.0,Mehdi Torabi,Mehdi Torabi,TORABI Mehdi,Tractor S.C.,Tractor Sazi Tabriz FC (IRN),Forward,Midfielder,16,10/09/1994,185,False,False,False,False
Iraq,club_and_position_mismatch,exact,1.0,Ali Jasim,Ali Jasim,ALI JASIM,Al-Najma,Al Najmah SC (KSA),Midfielder,Forward,17,20/01/2004,178,False,False,False,False
Japan,club_and_position_mismatch,exact,1.0,Junya Ito,Junya Ito,ITO Junya,Stade de Reims,KRC Genk (BEL),Forward,Midfielder,14,09/03/1993,177,False,False,False,False
Japan,club_and_position_mismatch,exact,1.0,Keito Nakamura,Keito Nakamura,NAKAMURA Keito,Stade de Reims,Stade Reims (FRA),Forward,Midfielder,13,28/07/2000,180,False,False,False,False
Japan,club_and_position_mismatch,exact,1.0,Ritsu Doan,Ritsu Doan,DOAN Ritsu,SC Friburgo,Eintracht Frankfurt (GER),Forward,Midfielder,10,16/06/1998,172,False,False,False,False
Jordan,club_and_position_mismatch,name_format,0.967741935483871,Mahmoud Al-Mardi,Mahmoud Almardi,MAHMOUD ALMARDI,Al-Hussein Irbid,Al Hussein SC (JOR),Midfielder,Forward,13,06/10/1993,173,False,False,False,False
Jordan,club_and_position_mismatch,fuzzy,0.9142857142857143,"Mohammad Abu Zrayq ""Sharara""",Mohammad Abuzraiq,MOHAMMAD ABUZRAIQ,Al-Wehdat,Raja Casablanca (MAR),Midfielder,Forward,7,30/12/1997,170,False,False,False,False
Mexico,club_and_position_mismatch,accent,1.0,César Huerta,Cesar Huerta,HUERTA Cesar,Anderlecht,RSC Anderlecht (BEL),Midfielder,Forward,21,03/12/2000,171,False,False,False,False
Netherlands,club_and_position_mismatch,exact,1.0,Mats Wieffer,Mats Wieffer,WIEFFER Mats,Brighton,Brighton & Hove Albion FC (ENG),Midfielder,Defender,12,16/11/1999,189,False,False,False,False
New Zealand,club_and_position_mismatch,exact,1.0,Ben Old,Ben Old,OLD Ben,Saint-Etienne,AS Saint-Etienne (FRA),Forward,Midfielder,19,13/08/2002,173,False,False,False,False
Norway,club_and_position_mismatch,exact,1.0,Oscar Bobb,Oscar Bobb,BOBB Oscar,Manchester City,Fulham FC (ENG),Forward,Midfielder,22,12/07/2003,177,False,False,False,False
Panama,club_and_position_mismatch,accent,1.0,Ismael Díaz,Ismael Diaz,DIAZ Ismael,Universidad Católica (Ecuador),Club León (MEX),Forward,Midfielder,10,12/05/1997,184,False,False,False,False
Qatar,club_and_position_mismatch,exact,1.0,Jassem Gaber,Jassem Gaber,JASSEM GABER,Al-Arabi SC,Al Rayyan SC (QAT),Midfielder,Defender,5,20/02/2002,181,False,False,False,False
Saudi Arabia,club_and_position_mismatch,fuzzy,0.8,Abdulellah Al-Malki,Abdulelah Alamri,ABDULELAH ALAMRI,Al-Ettifaq,Al Nassr FC (KSA),Midfielder,Defender,4,15/01/1997,185,False,False,False,False
Turkey,club_and_position_mismatch,exact,1.0,Can Uzun,Can Uzun,UZUN Can,Eintracht Fráncfort,Eintracht Frankfurt (GER),Midfielder,Forward,26,11/11/2005,186,False,False,False,False
Turkey,club_and_position_mismatch,accent,1.0,İrfan Can Kahveci,Irfan Can Kahveci,KAHVECI Irfan Can,Fenerbahçe,Kasımpaşa SK (TUR),Midfielder,Forward,17,15/07/1995,180,False,False,False,False
Argentina,position_mismatch,fuzzy,0.8421052631578947,Nicolás Paz,Nico Paz,PAZ Nico,Como (Italia),Como (ITA),Midfielder,Forward,18,08/09/2004,185,False,True,True,False
Argentina,position_mismatch,exact,1.0,Thiago Almada,Thiago Almada,ALMADA Thiago,Atlético de Madrid (España),Atlético De Madrid (ESP),Midfielder,Forward,16,26/04/2001,171,False,True,True,False
Australia,position_mismatch,exact,1.0,Ajdin Hrustic,Ajdin Hrustic,HRUSTIC Ajdin,Heracles Almelo,SC Heracles Almelo (NED),Midfielder,Forward,10,05/07/1996,180,False,True,True,False
Australia,position_mismatch,exact,1.0,Cristian Volpato,Cristian Volpato,VOLPATO Cristian,Sassuolo,US Sassuolo (ITA),Midfielder,Forward,20,15/11/2003,187,False,True,True,False
Austria,position_mismatch,exact,1.0,Alexander Prass,Alexander Prass,PRASS Alexander,TSG Hoffenheim,TSG Hoffenheim (GER),Defender,Midfielder,22,26/05/2001,180,False,True,True,False
Belgium,position_mismatch,exact,1.0,Alexis Saelemaekers,Alexis Saelemaekers,SAELEMAEKERS Alexis,AC Milan,AC Milan (ITA),Forward,Midfielder,22,27/06/1999,180,False,True,True,False
Belgium,position_mismatch,exact,1.0,Diego Moreira,Diego Moreira,MOREIRA Diego,Strasbourg,RC Strasbourg (FRA),Forward,Midfielder,19,06/08/2004,179,False,True,True,False
Bosnia and Herzegovina,position_mismatch,exact,1.0,Esmir Bajraktarevic,Esmir Bajraktarevic,BAJRAKTAREVIC Esmir,PSV Eindhoven,PSV Eindhoven (NED),Midfielder,Forward,20,10/03/2005,175,False,True,True,False
Canada,position_mismatch,exact,1.0,Ali Ahmed,Ali Ahmed,AHMED Ali,Norwich City FC,Norwich City FC (ENG),Midfielder,Forward,20,10/10/2000,180,False,True,True,False
Canada,position_mismatch,exact,1.0,Tajon Buchanan,Tajon Buchanan,BUCHANAN Tajon,Villarreal CF,Villarreal CF (ESP),Midfielder,Forward,17,08/02/1999,183,False,True,True,False
Cape Verde,position_mismatch,exact,1.0,Garry Rodrigues,Garry Rodrigues,GARRY RODRIGUES,Apollon Limassol,Apollon Limassol (CYP),Forward,Midfielder,11,27/11/1990,173,False,True,True,False
Cape Verde,position_mismatch,exact,1.0,Helio Varela,Helio Varela,HELIO VARELA,Maccabi Tel Aviv,Maccabi Tel-Aviv FC (ISR),Forward,Midfielder,26,03/05/2002,176,False,True,True,False
Cape Verde,position_mismatch,partial,0.6666666666666666,João Paulo Fernandes,Joao Paulo,JOAO PAULO,FCSB,FC FCSB (ROU),Defender,Midfielder,8,26/05/1998,180,False,True,True,False
Cape Verde,position_mismatch,exact,1.0,Willy Semedo,Willy Semedo,WILLY SEMEDO,Omonia,AC Omonia (CYP),Forward,Midfielder,17,27/04/1994,185,False,True,True,False
Colombia,position_mismatch,exact,1.0,Jaminton Campaz,Jaminton Campaz,CAMPAZ Jaminton,Rosario Central-ARG,CA Rosario Central (ARG),Midfielder,Forward,21,24/05/2000,166,False,True,True,False
Croatia,position_mismatch,exact,1.0,Kristijan Jakic,Kristijan Jakic,JAKIC Kristijan,Augsburg,FC Augsburg (GER),Midfielder,Defender,18,14/05/1997,181,False,True,True,False
Curacao,position_mismatch,exact,1.0,Tyrese Noslin,Tyrese Noslin,NOSLIN Tyrese,Telstar,SC Telstar (NED),Midfielder,Forward,13,11/09/2002,182,False,True,True,False
Czech Republic,position_mismatch,exact,1.0,Denis Visinsky,Denis Visinsky,VISINSKY Denis,Viktoria Plzen,FC Viktoria Plzeň (CZE),Midfielder,Forward,26,21/03/2003,178,False,True,True,False
Czech Republic,position_mismatch,exact,1.0,Pavel Sulc,Pavel Sulc,SULC Pavel,Lyon,Olympique Lyonnais (FRA),Midfielder,Forward,15,29/12/2000,177,False,True,True,False
DR Congo,position_mismatch,exact,1.0,Brian Cipenga,Brian Cipenga,CIPENGA Brian,Castellón,CD Castellón (ESP),Midfielder,Forward,9,11/03/1998,172,False,True,True,False
DR Congo,position_mismatch,accent,1.0,Gaël Kakuta,Gael Kakuta,KAKUTA Gael,AEL,AEL FC (GRE),Midfielder,Forward,11,21/06/1991,174,False,True,True,False
Ecuador,position_mismatch,exact,1.0,Anthony Valencia,Anthony Valencia,VALENCIA Anthony,Royal Antwerp,Royal Antwerp FC (BEL),Forward,Midfielder,8,21/07/2003,173,False,True,True,False
Ecuador,position_mismatch,exact,1.0,Gonzalo Plata,Gonzalo Plata,PLATA Gonzalo,CR Flamengo,CR Flamengo (BRA),Midfielder,Forward,19,01/11/2000,178,False,True,True,False
Ecuador,position_mismatch,exact,1.0,John Yeboah,John Yeboah,YEBOAH John,Venezia FC,Venezia FC (ITA),Midfielder,Forward,9,23/06/2000,170,False,True,True,False
Egypt,position_mismatch,nickname,0.0,"Ahmed Sayed ""Zizo""",Zizo,ZIZO,Al Ahly SC,Al Ahly FC (EGY),Midfielder,Forward,25,10/01/1996,175,False,True,True,False
Egypt,position_mismatch,nickname,0.08695652173913043,"Mahmoud Hassan ""Trézéguet""",Trezeguet,TREZEGUET,Al Ahly SC,Al Ahly FC (EGY),Midfielder,Forward,7,01/10/1994,181,False,True,True,False
France,position_mismatch,exact,1.0,Maghnes Akliouche,Maghnes Akliouche,AKLIOUCHE Maghnes,AS Monaco,AS Monaco (FRA),Forward,Midfielder,25,25/02/2002,183,False,True,True,False
France,position_mismatch,exact,1.0,Rayan Cherki,Rayan Cherki,CHERKI Rayan,Manchester City,Manchester City FC (ENG),Forward,Midfielder,24,17/08/2003,180,False,True,True,False
Germany,position_mismatch,exact,1.0,Jamie Leweling,Jamie Leweling,LEWELING Jamie,Stuttgart,VfB Stuttgart (GER),Forward,Midfielder,9,26/02/2001,185,False,True,True,False
Germany,position_mismatch,exact,1.0,Joshua Kimmich,Joshua Kimmich,KIMMICH Joshua,Bayern Munich,FC Bayern München (GER),Midfielder,Defender,6,08/02/1995,177,False,True,True,False
Germany,position_mismatch,accent,1.0,Leroy Sané,Leroy Sane,SANE Leroy,Galatasaray,Galatasaray SK (TUR),Forward,Midfielder,19,11/01/1996,183,False,True,True,False
Ghana,position_mismatch,exact,1.0,Antoine Semenyo,Antoine Semenyo,SEMENYO Antoine,Manchester City,Manchester City FC (ENG),Forward,Midfielder,11,07/01/2000,185,False,True,True,False
Iran,position_mismatch,fuzzy,0.967741935483871,Mohammad Mohebi,Mohammad Mohebbi,MOHEBBI Mohammad,FC Rostov,FC Rostov (RUS),Forward,Midfielder,8,20/12/1998,187,False,True,True,False
Iraq,position_mismatch,fuzzy,0.9090909090909091,Ahmed Qasem,Ahmed Qasim,AHMED QASIM,Nashville SC,Nashville SC (USA),Midfielder,Forward,11,12/07/2003,183,False,True,True,False
Iraq,position_mismatch,exact,1.0,Marko Farji,Marko Farji,MARKO FARJI,Venezia,Venezia FC (ITA),Midfielder,Forward,21,16/03/2004,185,False,True,True,False
Japan,position_mismatch,exact,1.0,Daizen Maeda,Daizen Maeda,MAEDA Daizen,Celtic,Celtic FC (SCO),Forward,Midfielder,11,20/10/1997,173,False,True,True,False
Mexico,position_mismatch,accent,1.0,Edson Álvarez,Edson Alvarez,ALVAREZ Edson,Fenerbahce,Fenerbahçe SK (TUR),Midfielder,Defender,4,24/10/1997,180,False,True,True,False
Morocco,position_mismatch,accent,1.0,Brahim Díaz,Brahim Diaz,DIAZ Brahim,Real Madrid,Real Madrid C. F. (ESP),Midfielder,Forward,10,03/08/1999,170,False,True,True,False
Netherlands,position_mismatch,exact,1.0,Tijjani Reijnders,Tijjani Reijnders,REIJNDERS Tijjani,Manchester City,Manchester City FC (ENG),Forward,Midfielder,14,29/07/1998,178,False,True,True,False
New Zealand,position_mismatch,name_format,0.5333333333333333,Callum McCowatt,McCOWATT Callum,McCOWATT Callum,Silkeborg IF,Silkeborg IF (DEN),Forward,Midfielder,20,30/04/1999,180,False,True,True,False
New Zealand,position_mismatch,fuzzy,0.8421052631578947,Eli Just,Elijah Just,JUST Elijah,Motherwell,Motherwell FC (SCO),Forward,Midfielder,11,01/05/2000,176,False,True,True,False
New Zealand,position_mismatch,exact,1.0,Lachlan Bayliss,Lachlan Bayliss,BAYLISS Lachlan,Newcastle Jets,Newcastle United Jets FC (AUS),Forward,Midfielder,25,24/07/2002,178,False,True,True,False
Norway,position_mismatch,exact,1.0,Andreas Schjelderup,Andreas Schjelderup,SCHJELDERUP Andreas,SL Benfica,SL Benfica (POR),Forward,Midfielder,21,01/06/2004,177,False,True,True,False
Norway,position_mismatch,exact,1.0,Jens Petter Hauge,Jens Petter Hauge,HAUGE Jens Petter,FK Bodø/Glimt,FK Bodø/Glimt (NOR),Forward,Midfielder,23,12/10/1999,184,False,True,True,False
Norway,position_mismatch,exact,1.0,Julian Ryerson,Julian Ryerson,RYERSON Julian,Borussia Dortmund,Borussia Dortmund (GER),Defender,Forward,26,17/11/1997,186,False,True,True,False
Panama,position_mismatch,accent,1.0,Azarias Londoño,Azarias Londono,LONDONO Azarias,Universidad Católica,CD Universidad Católica (ECU),Midfielder,Forward,24,21/06/2001,185,False,True,True,False
Panama,position_mismatch,exact,1.0,Carlos Harvey,Carlos Harvey,HARVEY Carlos,Minnesota United,Minnesota United FC (USA),Midfielder,Defender,14,03/02/2000,184,False,True,True,False
Paraguay,position_mismatch,name_format,1.0,Alejandro Romero Gamarra 'Kaku',Alejandro Romero Gamarra,ROMERO GAMARRA Alejandro,Al Ain,Al Ain FC (UAE),Midfielder,Forward,17,11/01/1995,165,False,True,True,False
Paraguay,position_mismatch,accent,1.0,Miguel Almirón,Miguel Almiron,ALMIRON Miguel,Atlanta United,Atlanta United FC (USA),Forward,Midfielder,10,10/02/1994,178,False,True,True,False
Paraguay,position_mismatch,accent,1.0,Ramón Sosa,Ramon Sosa,SOSA Ramon,Palmeiras,SE Palmeiras (BRA),Forward,Midfielder,7,31/08/1999,178,False,True,True,False
Scotland,position_mismatch,exact,1.0,Ben Gannon-Doak,Ben Gannon-Doak,GANNON-DOAK Ben,Bournemouth,AFC Bournemouth (ENG),Midfielder,Forward,17,11/11/2005,173,False,True,True,False
Scotland,position_mismatch,exact,1.0,Findlay Curtis,Findlay Curtis,CURTIS Findlay,Kilmarnock,Kilmarnock FC (SCO),Midfielder,Forward,25,09/06/2006,180,False,True,True,False
South Korea,position_mismatch,name_format,0.9629629629629629,Hee-chan Hwang,Heechan Hwang,HWANG Heechan,Wolverhampton Wanderers,Wolverhampton Wanderers FC (ENG),Forward,Midfielder,11,26/01/1996,177,False,True,True,False
South Korea,position_mismatch,fuzzy,0.8,Jin-su Kim,Jingyu Kim,KIM Jingyu,Jeonbuk Hyundai Motors,Jeonbuk Hyundai Motors FC (KOR),Defender,Midfielder,24,24/02/1997,177,False,True,True,False
Sweden,position_mismatch,exact,1.0,Alexander Bernhardsson,Alexander Bernhardsson,BERNHARDSSON Alexander,Holstein Kiel,Holstein Kiel (GER),Forward,Defender,21,08/09/1998,184,False,True,True,False
Turkey,position_mismatch,accent,1.0,Arda Güler,Arda Guler,GULER Arda,Real Madrid,Real Madrid C. F. (ESP),Midfielder,Forward,8,25/02/2005,175,False,True,True,False
Turkey,position_mismatch,exact,1.0,Kaan Ayhan,Kaan Ayhan,AYHAN Kaan,Galatasaray,Galatasaray SK (TUR),Defender,Midfielder,22,10/11/1994,185,False,True,True,False
United States,position_mismatch,exact,1.0,Brenden Aaronson,Brenden Aaronson,AARONSON Brenden,Leeds United,Leeds United FC (ENG),Midfielder,Forward,11,22/10/2000,177,False,True,True,False
Uruguay,position_mismatch,exact,1.0,Facundo Pellistri,Facundo Pellistri,PELLISTRI Facundo,Panathinaikos,Panathinaikos FC (GRE),Midfielder,Forward,11,20/12/2001,174,False,True,True,False
Uruguay,position_mismatch,accent,1.0,Joaquín Piquerez,Joaquin Piquerez,PIQUEREZ Joaquin,Palmeiras,SE Palmeiras (BRA),Defender,Midfielder,22,24/08/1998,185,False,True,True,False
Australia,club_mismatch,exact,1.0,Alessandro Circati,Alessandro Circati,CIRCATI Alessandro,Parma Calcio 1913,Parma (ITA),Defender,Defender,3,10/10/2003,191,False,False,False,True
Australia,club_mismatch,exact,1.0,Cameron Devlin,Cameron Devlin,DEVLIN Cameron,Hearts,Heart Of Midlothian FC (SCO),Midfielder,Midfielder,14,07/06/1998,170,False,False,False,True
Australia,club_mismatch,fuzzy,0.9565217391304348,Matthew Ryan,Mathew Ryan,RYAN Mathew,Levante,Levante UD (ESP),Goalkeeper,Goalkeeper,1,08/04/1992,184,False,False,False,True
Austria,club_mismatch,exact,1.0,Alexander Schlager,Alexander Schlager,SCHLAGER Alexander,RB Salzburg,FC Red Bull Salzburg (AUT),Goalkeeper,Goalkeeper,1,01/02/1996,188,False,False,False,True
Austria,club_mismatch,exact,1.0,Kevin Danso,Kevin Danso,DANSO Kevin,Tottehham,Tottenham Hotspur FC (ENG),Defender,Defender,3,19/09/1998,190,False,False,False,True
Austria,club_mismatch,exact,1.0,Marko Arnautovic,Marko Arnautovic,ARNAUTOVIC Marko,Red Star Belgrade,FK Crvena Zvezda (SRB),Forward,Forward,7,19/04/1989,192,False,False,False,True
Austria,club_mismatch,exact,1.0,Patrick Pentz,Patrick Pentz,PENTZ Patrick,Brondby,Brøndby IF (DEN),Goalkeeper,Goalkeeper,13,02/01/1997,183,False,False,False,True
Austria,club_mismatch,fuzzy,0.9230769230769231,Philipp Mwene,Phillip Mwene,MWENE Phillip,Mainz 05,1. FSV Mainz 05 (GER),Defender,Defender,16,29/01/1994,170,False,False,False,True
Austria,club_mismatch,exact,1.0,Stefan Posch,Stefan Posch,POSCH Stefan,Mainz 05,1. FSV Mainz 05 (GER),Defender,Defender,5,14/05/1997,188,False,False,False,True
Belgium,club_mismatch,exact,1.0,Mike Penders,Mike Penders,PENDERS Mike,Chelsea,RC Strasbourg (FRA),Goalkeeper,Goalkeeper,13,31/07/2005,200,False,False,False,True
Bosnia and Herzegovina,club_mismatch,exact,1.0,Benjamin Tahirovic,Benjamin Tahirovic,TAHIROVIC Benjamin,Brondby,Brøndby IF (DEN),Midfielder,Midfielder,6,03/03/2003,191,False,False,False,True
Bosnia and Herzegovina,club_mismatch,exact,1.0,Dennis Hadzikadunic,Dennis Hadzikadunic,HADZIKADUNIC Dennis,Sampdoria,UC Sampdoria (ITA),Defender,Defender,3,09/07/1998,191,False,False,False,True
Bosnia and Herzegovina,club_mismatch,exact,1.0,Samed Bazdar,Samed Bazdar,BAZDAR Samed,Jagiellonia Bialystok,Jagiellonia Białystok (POL),Forward,Forward,9,31/01/2004,189,False,False,False,True
Brazil,club_mismatch,exact,1.0,Weverton,Weverton,WEVERTON,Grêmio,Grêmio FBPA (BRA),Goalkeeper,Goalkeeper,12,13/12/1987,189,False,False,False,True
Canada,club_mismatch,exact,1.0,Cyle Larin,Cyle Larin,LARIN Cyle,RCD Mallorca,Southampton FC (ENG),Forward,Forward,9,17/04/1995,188,False,False,False,True
Canada,club_mismatch,exact,1.0,Derek Cornelius,Derek Cornelius,CORNELIUS Derek,Olympique de Marseille,Rangers FC (SCO),Defender,Defender,13,25/11/1997,186,False,False,False,True
Canada,club_mismatch,accent,1.0,Ismaël Koné,Ismael Kone,KONE Ismael,U.S. Sassuolo Calcio,US Sassuolo (ITA),Midfielder,Midfielder,8,16/06/2002,188,False,False,False,True
Canada,club_mismatch,exact,1.0,Luc de Fougerolles,Luc de Fougerolles,DE FOUGEROLLES Luc,Fulham FC,FCV Dender EH (BEL),Defender,Defender,4,12/10/2005,183,False,False,False,True
Canada,club_mismatch,exact,1.0,Niko Sigur,Niko Sigur,SIGUR Niko,Hadjuk Split,HNK Hajduk Split (CRO),Defender,Defender,23,09/09/2003,178,False,False,False,True
Canada,club_mismatch,accent,1.0,Stephen Eustáquio,Stephen Eustaquio,EUSTAQUIO Stephen,FC Porto,LAFC (USA),Midfielder,Midfielder,7,21/12/1996,175,False,False,False,True
Cape Verde,club_mismatch,exact,1.0,Deroy Duarte,Deroy Duarte,DEROY DUARTE,Ludogorets Razgrad,PFC Ludogorets Razgrad (BUL),Midfielder,Midfielder,14,04/07/1999,177,False,False,False,True
Cape Verde,club_mismatch,fuzzy_lenient,0.7692307692307693,Edilson Borges,Diney Borges,DINEY BORGES,Al-Bataeh CSC,Al Bataeh Club (UAE),Defender,Defender,3,17/01/1995,185,False,False,False,True
Cape Verde,club_mismatch,partial,0.88,Márcio da Rosa,Marcio Rosa,MARCIO ROSA,Montana,PFC Montana (BUL),Goalkeeper,Goalkeeper,12,23/02/1997,186,False,False,False,True
Cape Verde,club_mismatch,exact,1.0,Ryan Mendes,Ryan Mendes,RYAN MENDES,Igdir,Iğdır FK (TUR),Forward,Forward,20,08/01/1990,178,False,False,False,True
Cape Verde,club_mismatch,exact,1.0,Telmo Arcanjo,Telmo Arcanjo,TELMO ARCANJO,Vitoria Guimaraes,Vitória SC (POR),Midfielder,Midfielder,18,21/06/2001,180,False,False,False,True
Colombia,club_mismatch,exact,1.0,Johan Mojica,Johan Mojica,MOJICA Johan,Mallorca-ESP,RCD Mallorca (ESP),Defender,Defender,17,21/08/1992,184,False,False,False,True
Croatia,club_mismatch,fuzzy,0.9411764705882353,Dominic Livakovic,Dominik Livakovic,LIVAKOVIC Dominik,Dinamo,GNK Dinamo Zagreb (CRO),Goalkeeper,Goalkeeper,1,09/01/1995,188,False,False,False,True
Croatia,club_mismatch,exact,1.0,Dominik Kotarski,Dominik Kotarski,KOTARSKI Dominik,Kobenhavn,FC København (DEN),Goalkeeper,Goalkeeper,23,10/02/2000,190,False,False,False,True
Croatia,club_mismatch,exact,1.0,Luka Vuskovic,Luka Vuskovic,VUSKOVIC Luka,Hamburg,Hamburger SV (GER),Defender,Defender,22,24/02/2007,193,False,False,False,True
Croatia,club_mismatch,exact,1.0,Marin Pongracic,Marin Pongracic,PONGRACIC Marin,Fiorentina,ACF Fiorentina (ITA),Defender,Defender,3,11/09/1997,193,False,False,False,True
Curacao,club_mismatch,exact,1.0,Jeremy Antonisse,Jeremy Antonisse,ANTONISSE Jeremy,Kifisia,AE Kifisia FC (GRE),Forward,Forward,11,29/03/2002,164,False,False,False,True
Curacao,club_mismatch,exact,1.0,Leandro Bacuna,Leandro Bacuna,BACUNA Leandro,Igdir,Iğdır FK (TUR),Midfielder,Midfielder,10,21/08/1991,180,False,False,False,True
Czech Republic,club_mismatch,accent,1.0,Ladislav Krejcí,Ladislav Krejci,KREJCI Ladislav,Wolverhampton,Wolverhampton Wanderers FC (ENG),Defender,Defender,7,20/04/1999,191,False,False,False,True
DR Congo,club_mismatch,exact,1.0,Charles Pickel,Charles Pickel,PICKEL Charles,Espanyol,RCD Espanyol (ESP),Midfielder,Midfielder,18,15/05/1997,187,False,False,False,True
DR Congo,club_mismatch,exact,1.0,Joris Kayembe,Joris Kayembe,KAYEMBE Joris,Genk,KRC Genk (BEL),Defender,Defender,12,08/08/1994,180,False,False,False,True
Ecuador,club_mismatch,exact,1.0,Alan Minda,Alan Minda,MINDA Alan,Cercle Brugge,Atlético Mineiro (BRA),Midfielder,Midfielder,14,14/05/2003,174,False,False,False,True
Ecuador,club_mismatch,accent,1.0,Jordy Alcívar,Jordy Alcivar,ALCIVAR Jordy,Independiente,Independiente Del Valle (ECU),Midfielder,Midfielder,5,05/08/1999,168,False,False,False,True
Ecuador,club_mismatch,accent,1.0,Kevin Rodríguez,Kevin Rodriguez,RODRIGUEZ Kevin,Union Saint-Gilloise,Royale Union Saint-Gilloise (BEL),Forward,Forward,11,04/03/2000,190,False,False,False,True
Ecuador,club_mismatch,accent,1.0,Moisés Ramírez,Moises Ramirez,RAMIREZ Moises,AE Kifisias,AE Kifisia FC (GRE),Goalkeeper,Goalkeeper,12,09/09/2000,185,False,False,False,True
Germany,club_mismatch,exact,1.0,Florian Wirtz,Florian Wirtz,WIRTZ Florian,Nottingham Forest,Liverpool FC (ENG),Midfielder,Midfielder,17,03/05/2003,176,False,False,False,True
Germany,club_mismatch,exact,1.0,Pascal Groß,Pascal Gross,GROSS Pascal,Brighton,Brighton & Hove Albion FC (ENG),Midfielder,Midfielder,13,15/06/1991,181,False,False,False,True
Ghana,club_mismatch,exact,1.0,Baba Rahman,Baba Rahman,RAHMAN Baba,PAOK Salónica,PAOK Saloniki (GRE),Defender,Defender,17,02/07/1994,179,False,False,False,True
Ghana,club_mismatch,exact,1.0,Benjamin Asare,Benjamin Asare,ASARE Benjamin,Accra Hearts of Oak,Hearts Of Oak SC (GHA),Goalkeeper,Goalkeeper,16,13/07/1992,188,False,False,False,True
Ghana,club_mismatch,exact,1.0,Kamaldeen Sulemana,Kamaldeen Sulemana,SULEMANA Kamaldeen,Southampton FC,Atalanta Bergamo (ITA),Forward,Forward,22,15/02/2002,174,False,False,False,True
Haiti,club_mismatch,exact,1.0,Alexandre Pierre,Alexandre Pierre,PIERRE Alexandre,Sochaux,FC Sochaux-Montbéliard (FRA),Goalkeeper,Goalkeeper,12,25/02/2001,190,False,False,False,True
Haiti,club_mismatch,exact,1.0,Duckens Nazon,Duckens Nazon,NAZON Duckens,Esteghlal,Esteghlal Tehran FC (IRN),Forward,Forward,9,07/04/1994,181,False,False,False,True
Haiti,club_mismatch,accent,1.0,Jean-Kévin Duverne,Jean-Kevin Duverne,DUVERNE Jean-Kevin,Gent,KAA Gent (BEL),Defender,Defender,22,12/07/1997,184,False,False,False,True
Haiti,club_mismatch,exact,1.0,Lenny Joseph,Lenny Joseph,JOSEPH Lenny,Ferencváros,Ferencvárosi TC (HUN),Forward,Forward,16,12/10/2000,182,False,False,False,True
Haiti,club_mismatch,accent,1.0,Martin Expérience,Martin Experience,EXPERIENCE Martin,Nancy,AS Nancy (FRA),Defender,Defender,8,09/03/1999,178,False,False,False,True
Iran,club_mismatch,exact,1.0,Ali Nemati,Ali Nemati,NEMATI Ali,Persepolis FC (Irán),Foolad Khuzestan FC (IRN),Defender,Defender,19,08/02/1996,182,False,False,False,True
Iran,club_mismatch,exact,1.0,Alireza Beiranvand,Alireza Beiranvand,BEIRANVAND Alireza,Tractor,Tractor Sazi Tabriz FC (IRN),Goalkeeper,Goalkeeper,1,21/09/1992,195,False,False,False,True
Iran,club_mismatch,exact,1.0,Alireza Jahanbakhsh,Alireza Jahanbakhsh,JAHANBAKHSH Alireza,Dender,FCV Dender EH (BEL),Midfielder,Midfielder,7,11/08/1993,180,False,False,False,True
Iran,club_mismatch,exact,1.0,Amirhossein Hosseinzadeh,Amirhossein Hosseinzadeh,HOSSEINZADEH Amirhossein,Tractor,Tractor Sazi Tabriz FC (IRN),Forward,Forward,18,30/10/2000,178,False,False,False,True
Iran,club_mismatch,fuzzy,0.9787234042553191,Amirmohammad Razzaghinia,Amirmohammad Razaghinia,RAZAGHINIA Amirmohammad,Esteghlal F.C.,Esteghlal Tehran FC (IRN),Midfielder,Midfielder,26,11/04/2006,187,False,False,False,True
Iran,club_mismatch,exact,1.0,Danial Iri,Danial Iri,IRI Danial,Zob Ahan,Malavan Anzali FC (IRN),Defender,Defender,25,26/10/2003,182,False,False,False,True
Iran,club_mismatch,fuzzy_lenient,0.7647058823529411,Denis Eckert Dargahi,Dennis Dargahi,DARGAHI Dennis,Standard de Liège,Standard Liège (BEL),Forward,Forward,24,09/01/1997,182,False,False,False,True
Iran,club_mismatch,exact,1.0,Mehdi Ghayedi,Mehdi Ghayedi,GHAYEDI Mehdi,Kalba FC,Al Nasr SC (UAE),Forward,Forward,10,05/12/1998,166,False,False,False,True
Iran,club_mismatch,exact,1.0,Mehdi Taremi,Mehdi Taremi,TAREMI Mehdi,Inter de Milán,Olympiacos FC (GRE),Forward,Forward,9,18/07/1992,187,False,False,False,True
Iran,club_mismatch,exact,1.0,Ramin Rezaeian,Ramin Rezaeian,REZAEIAN Ramin,Foolad,Foolad Khuzestan FC (IRN),Defender,Defender,23,21/03/1990,184,False,False,False,True
Iran,club_mismatch,fuzzy,0.9333333333333333,Rouzbeh Cheshmi,Roozbeh Cheshmi,CHESHMI Roozbeh,Esteghlal,Esteghlal Tehran FC (IRN),Midfielder,Midfielder,15,24/07/1993,192,False,False,False,True
Iran,club_mismatch,exact,1.0,Saleh Hardani,Saleh Hardani,HARDANI Saleh,Esteghlal,Esteghlal Tehran FC (IRN),Defender,Defender,2,26/12/1998,176,False,False,False,True
Iran,club_mismatch,exact,1.0,Saman Ghoddos,Saman Ghoddos,GHODDOS Saman,Kalba,Al Ittihad Kalba SCC (UAE),Midfielder,Midfielder,14,06/09/1993,176,False,False,False,True
Iran,club_mismatch,partial,0.8421052631578947,Seyed Hossein Hosseini,Hossein Hosseini,HOSSEINI Hossein,Sepahan S.C.,Sepahan SC (IRN),Goalkeeper,Goalkeeper,22,30/06/1992,189,False,False,False,True
Iran,club_mismatch,fuzzy,0.9473684210526315,Shahriyar Moghanlou,Shahriyar Moghanloo,MOGHANLOO Shahriyar,Kalba FC,Al Ittihad Kalba SCC (UAE),Forward,Forward,20,21/12/1994,189,False,False,False,True
Iran,club_mismatch,fuzzy,0.9714285714285714,Shojae Khalilzadeh,Shoja Khalilzadeh,KHALILZADEH Shoja,Tractor S.C.,Tractor Sazi Tabriz FC (IRN),Defender,Defender,4,14/05/1989,183,False,False,False,True
Iraq,club_mismatch,exact,1.0,Aimar Sher,Aimar Sher,AIMAR SHER,Sarpsborg,Sarpsborg 08 FF (NOR),Midfielder,Midfielder,20,20/12/2002,180,False,False,False,True
Iraq,club_mismatch,exact,1.0,Akam Hashim,Akam Hashim,AKAM HASHIM,Al-Zawraa,Al Zawra'a SC (IRQ),Defender,Defender,5,16/08/1998,184,False,False,False,True
Iraq,club_mismatch,name_format,0.96,Ali Al-Hamadi,Ali Alhamadi,ALI ALHAMADI,Ipswich,Luton Town FC (ENG),Forward,Forward,9,01/03/2002,187,False,False,False,True
Iraq,club_mismatch,exact,1.0,Frans Putros,Frans Putros,FRANS PUTROS,Persib,Persib Bandung (IDN),Defender,Defender,26,14/07/1993,182,False,False,False,True
Iraq,club_mismatch,exact,1.0,Ibrahim Bayesh,Ibrahim Bayesh,IBRAHIM BAYESH,Al-Dhafra,Al Dhafra SCC (UAE),Midfielder,Midfielder,8,01/05/2000,180,False,False,False,True
Iraq,club_mismatch,exact,1.0,Jalal Hassan,Jalal Hassan,JALAL HASSAN,Al-Zawraa,Al Zawra'a SC (IRQ),Goalkeeper,Goalkeeper,12,18/05/1991,188,False,False,False,True
Iraq,club_mismatch,exact,1.0,Zaid Tahseen,Zaid Tahseen,ZAID TAHSEEN,Pakhtakor,Pakhtakor Tashkent FK (UZB),Defender,Defender,4,29/01/2001,187,False,False,False,True
Ivory Coast,club_mismatch,accent,1.0,Christopher Opéri,Christopher Operi,OPERI Christopher,İstanbul Başakşehir,Başakşehir FK (TUR),Defender,Defender,13,29/04/1997,183,False,False,False,True
Ivory Coast,club_mismatch,exact,1.0,Evann Guessand,Evann Guessand,GUESSAND Evann,Aston Villa,Crystal Palace FC (ENG),Forward,Forward,22,01/07/2001,188,False,False,False,True
Ivory Coast,club_mismatch,exact,1.0,Yahia Fofana,Yahia Fofana,FOFANA Yahia,Rizespor,Çaykur Rizespor (TUR),Goalkeeper,Goalkeeper,1,21/08/2000,194,False,False,False,True
Japan,club_mismatch,exact,1.0,Shogo Taniguchi,Shogo Taniguchi,TANIGUCHI Shogo,Sint-Truiden,Sint-Truiden VV (BEL),Defender,Defender,3,15/07/1991,185,False,False,False,True
Jordan,club_mismatch,exact,1.0,Abdallah Nasib,Abdallah Nasib,ABDALLAH NASIB,Al-Zawraa,Al Zawra'a SC (IRQ),Defender,Defender,3,25/02/1994,184,False,False,False,True
Jordan,club_mismatch,exact,1.0,Ibrahim Sabra,Ibrahim Sabra,IBRAHIM SABRA,Lokomotiva Zagreb,NK Lokomotiva Zagreb (CRO),Forward,Forward,18,01/02/2006,184,False,False,False,True
Jordan,club_mismatch,fuzzy,0.9166666666666666,Ihsan Haddad,Ehsan Haddad,EHSAN HADDAD,Al-Hussein Irbid,Al Hussein SC (JOR),Defender,Defender,23,05/02/1994,174,False,False,False,True
Jordan,club_mismatch,name_format,0.975609756097561,Mohammad Abu Hasheesh,Mohammad Abuhasheesh,MOHAMMAD ABUHASHEESH,Al-Hussein Irbid,Al Karma SC (IRQ),Defender,Defender,2,09/05/1995,179,False,False,False,True
Jordan,club_mismatch,name_format,0.9696969696969697,Mohannad Abu Taha,Mohannad Abutaha,MOHANNAD ABUTAHA,Al-Wehdat,Al-Quwa Al-Jawiya (IRQ),Midfielder,Midfielder,20,02/02/2003,173,False,False,False,True
Jordan,club_mismatch,fuzzy,0.896551724137931,Musa Al-Taamari,Mousa Altamari,MOUSA ALTAMARI,Montpellier HSC,Stade Rennais FC (FRA),Forward,Forward,10,10/06/1997,176,False,False,False,True
Jordan,club_mismatch,name_format,0.96,Saed Al-Rosan,Saed Alrosan,SAED ALROSAN,Al-Hussein Irbid,Al Hussein SC (JOR),Defender,Defender,19,01/02/1997,186,False,False,False,True
Jordan,club_mismatch,exact,1.0,Yazeed Abulaila,Yazeed Abulaila,YAZEED ABULAILA,Al-Hussein Irbid,Al Hussein SC (JOR),Goalkeeper,Goalkeeper,1,08/01/1993,188,False,False,False,True
Mexico,club_mismatch,accent,1.0,Guillermo Martínez,Guillermo Martinez,MARTINEZ Guillermo,Pumas,Pumas UNAM (MEX),Forward,Forward,22,15/03/1995,191,False,False,False,True
Mexico,club_mismatch,accent,1.0,Johan Vásquez,Johan Vasquez,VASQUEZ Johan,Genoa,Genoa CFC (ITA),Defender,Defender,5,22/10/1998,182,False,False,False,True
Mexico,club_mismatch,accent,1.0,Jorge Sánchez,Jorge Sanchez,SANCHEZ Jorge,PAOK,PAOK Saloniki (GRE),Defender,Defender,2,10/12/1997,176,False,False,False,True
Mexico,club_mismatch,accent,1.0,Luis Chávez,Luis Chavez,CHAVEZ Luis,Dinamo Moscu,FC Dynamo Moscow (RUS),Midfielder,Midfielder,24,15/01/1996,178,False,False,False,True
Mexico,club_mismatch,accent,1.0,Orbelín Pineda,Orbelin Pineda,PINEDA Orbelin,AEK,AEK Athens (GRE),Midfielder,Midfielder,17,24/03/1996,169,False,False,False,True
Morocco,club_mismatch,exact,1.0,Ayoub El Kaabi,Ayoub el Kaabi,EL KAABI Ayoub,Olympiakos,Olympiacos FC (GRE),Forward,Forward,20,25/06/1993,182,False,False,False,True
Morocco,club_mismatch,exact,1.0,Bilal El Khannouss,Bilal el Khannouss,EL KHANNOUSS Bilal,Leicester City,VfB Stuttgart (GER),Midfielder,Midfielder,23,10/05/2004,180,False,False,False,True
Morocco,club_mismatch,exact,1.0,Ismael Saibari,Ismael Saibari,SAIBARI Ismael,PSV Einhoven,PSV Eindhoven (NED),Midfielder,Midfielder,11,28/01/2001,185,False,False,False,True
Morocco,club_mismatch,exact,1.0,Nayef Aguerd,Nayef Aguerd,AGUERD Nayef,OM,Olympique Marseille (FRA),Defender,Defender,5,30/03/1996,190,False,False,False,True
Netherlands,club_mismatch,exact,1.0,Bart Verbruggen,Bart Verbruggen,VERBRUGGEN Bart,Brighton,Brighton & Hove Albion FC (ENG),Goalkeeper,Goalkeeper,1,18/08/2002,193,False,False,False,True
Netherlands,club_mismatch,exact,1.0,Donyell Malen,Donyell Malen,MALEN Donyell,Roma,AS Roma (ITA),Forward,Forward,18,19/01/1999,178,False,False,False,True
Netherlands,club_mismatch,exact,1.0,Jan Paul van Hecke,Jan Paul van Hecke,VAN HECKE Jan Paul,Brighton,Brighton & Hove Albion FC (ENG),Defender,Defender,6,08/06/2000,189,False,False,False,True
New Zealand,club_mismatch,exact,1.0,Joe Bell,Joe Bell,BELL Joe,Viking FK,Viking Stavanger (NOR),Midfielder,Midfielder,6,27/04/1999,182,False,False,False,True
New Zealand,club_mismatch,exact,1.0,Kosta Barbarouses,Kosta Barbarouses,BARBAROUSES Kosta,Western Sydney Wanderers,WS Wanderers FC (AUS),Forward,Forward,17,19/02/1990,171,False,False,False,True
New Zealand,club_mismatch,exact,1.0,Tyler Bindon,Tyler Bindon,BINDON Tyler,Nottingham Forest,Shefield United FC (ENG),Defender,Defender,4,27/01/2005,190,False,False,False,True
Norway,club_mismatch,fuzzy,0.9565217391304348,Leo Østigard,Leo Ostigard,OSTIGARD Leo,Genoa,Genoa CFC (ITA),Defender,Defender,4,28/11/1999,183,False,False,False,True
Panama,club_mismatch,accent,1.0,Andrés Andrade,Andres Andrade,ANDRADE Andres,LASK,LASK Linz (AUT),Defender,Defender,16,16/10/1998,187,False,False,False,True
Panama,club_mismatch,exact,1.0,Cecilio Waterman,Cecilio Waterman,WATERMAN Cecilio,Alianza Lima (Perú),CD Universidad De Concepción (CHI),Forward,Forward,18,13/04/1991,180,False,False,False,True
Panama,club_mismatch,accent,1.0,Cristian Martínez,Cristian Martinez,MARTINEZ Cristian,Ironi Kiryat Shmona,Hapoel Kiryat Shmona FC (ISR),Midfielder,Midfielder,6,06/02/1997,170,False,False,False,True
Panama,club_mismatch,accent,1.0,Tomás Rodríguez,Tomas Rodriguez,RODRIGUEZ Tomas,Monagas SC (Venezuela),Deportivo Saprissa (CRC),Forward,Forward,9,09/03/1999,183,False,False,False,True
Paraguay,club_mismatch,exact,1.0,Alex Arce,Alex Arce,ARCE Alex,Independiente Rivadavia,CS Independiente Rivadavia (ARG),Forward,Forward,18,16/06/1995,188,False,False,False,True
Paraguay,club_mismatch,accent,1.0,Fabián Balbuena,Fabian Balbuena,BALBUENA Fabian,Gremio,Grêmio FBPA (BRA),Defender,Defender,5,23/08/1991,188,False,False,False,True
Paraguay,club_mismatch,accent,1.0,Juan José Cáceres,Juan Jose Caceres,CACERES Juan Jose,CA Lanús,FC Dynamo Moscow (RUS),Defender,Defender,4,01/06/2000,187,False,False,False,True
Paraguay,club_mismatch,fuzzy_lenient,0.7272727272727273,"Roberto ""Gatito"" Fernández",Gatito Fernandez,FERNANDEZ Gatito,Botafogo,Cerro Porteño (PAR),Goalkeeper,Goalkeeper,1,29/03/1988,191,False,False,False,True
Qatar,club_mismatch,exact,1.0,Ahmed Alaaeldin,Ahmed Alaaeldin,AHMED ALAAELDIN,Al-Gharafa SC,Al Rayyan SC (QAT),Forward,Forward,7,31/01/1993,179,False,False,False,True
Qatar,club_mismatch,exact,1.0,Homam Ahmed,Homam Ahmed,HOMAM AHMED,Al-Gharafa SC,Cultural Leonesa (ESP),Defender,Defender,14,25/08/1999,188,False,False,False,True
Saudi Arabia,club_mismatch,fuzzy_lenient,0.6875,Abdullah Radif,Abdullah Alhamddan,ABDULLAH ALHAMDDAN,Al-Ettifaq,Al Nassr FC (KSA),Forward,Forward,19,13/09/1999,186,False,False,False,True
Saudi Arabia,club_mismatch,name_format,0.9696969696969697,Mohammed Al-Owais,Mohammed Alowais,MOHAMMED ALOWAIS,Al-Hilal,Al Ula Saudi FC (KSA),Goalkeeper,Goalkeeper,21,10/10/1991,185,False,False,False,True
Scotland,club_mismatch,exact,1.0,Craig Gordon,Craig Gordon,GORDON Craig,Hearts,Heart Of Midlothian FC (SCO),Goalkeeper,Goalkeeper,21,31/12/1982,193,False,False,False,True
Scotland,club_mismatch,exact,1.0,George Hirst,George Hirst,HIRST George,Ipswich,Ipswich Town FC (ENG),Forward,Forward,18,15/02/1999,191,False,False,False,True
Scotland,club_mismatch,name_format,0.5,Kenny McLean,McLEAN Kenny,McLEAN Kenny,Norwich,Norwich City FC (ENG),Midfielder,Midfielder,23,08/01/1992,183,False,False,False,True
Scotland,club_mismatch,exact,1.0,Lawrence Shankland,Lawrence Shankland,SHANKLAND Lawrence,Hearts,Heart Of Midlothian FC (SCO),Forward,Forward,20,10/08/1995,185,False,False,False,True
Scotland,club_mismatch,name_format,0.5384615384615384,Scott McKenna,McKENNA Scott,McKENNA Scott,Dinamo Zagreb,GNK Dinamo Zagreb (CRO),Defender,Defender,26,12/11/1996,189,False,False,False,True
Senegal,club_mismatch,exact,1.0,Kalidou Koulibaly,Kalidou Koulibaly,KOULIBALY Kalidou,Al Ahli,Al Hilal SC (KSA),Defender,Defender,3,20/06/1991,186,False,False,False,True
Senegal,club_mismatch,exact,1.0,Lamine Camara,Lamine Camara,CAMARA Lamine,Mónaco,AS Monaco (FRA),Midfielder,Midfielder,8,01/01/2004,174,False,False,False,True
Senegal,club_mismatch,accent,1.0,Moussa Niakhaté,Moussa Niakhate,NIAKHATE Moussa,O. Lyon,Olympique Lyonnais (FRA),Defender,Defender,19,08/03/1996,190,False,False,False,True
South Africa,club_mismatch,exact,1.0,Ronwen Williams,Ronwen Williams,WILLIAMS Ronwen,Mamelodi Sundowns C,Mamelodi Sundowns FC (RSA),Goalkeeper,Goalkeeper,1,21/01/1992,184,False,False,False,True
South Korea,club_mismatch,name_format,0.9565217391304348,Hyeon-gyu Oh,Hyeongyu Oh,OH Hyeongyu,KRC Genk,Beşiktaş JK (TUR),Forward,Forward,18,12/04/2001,183,False,False,False,True
South Korea,club_mismatch,name_format,0.9565217391304348,Jae-Sung Lee,Jaesung Lee,LEE Jaesung,Mainz,1. FSV Mainz 05 (GER),Midfielder,Midfielder,10,10/08/1992,180,False,False,False,True
South Korea,club_mismatch,name_format,0.9629629629629629,Young-Woo Seol,Youngwoo Seol,SEOL Youngwoo,Red Star Belgrade,FK Crvena Zvezda (SRB),Defender,Defender,22,05/12/1998,180,False,False,False,True
Sweden,club_mismatch,exact,1.0,Besfort Zeneli,Besfort Zeneli,ZENELI Besfort,Union St-Gilloise,Royale Union Saint-Gilloise (BEL),Midfielder,Midfielder,22,21/11/2002,187,False,False,False,True
Sweden,club_mismatch,exact,1.0,Elliot Stroud,Elliot Stroud,STROUD Elliot,Mjallby,Mjällby AIF (SWE),Defender,Defender,24,22/06/2002,185,False,False,False,True
Sweden,club_mismatch,exact,1.0,Mattias Svanberg,Mattias Svanberg,SVANBERG Mattias,Wolfsburg,VfL Wolfsburg (GER),Midfielder,Midfielder,19,05/01/1999,186,False,False,False,True
Sweden,club_mismatch,exact,1.0,Taha Ali,Taha Ali,ALI Taha,Malmö,Malmö FF (SWE),Forward,Forward,26,01/07/1998,174,False,False,False,True
Sweden,club_mismatch,exact,1.0,Yasin Ayari,Yasin Ayari,AYARI Yasin,Brighton,Brighton & Hove Albion FC (ENG),Midfielder,Midfielder,18,06/10/2003,172,False,False,False,True
Switzerland,club_mismatch,exact,1.0,Denis Zakaria,Denis Zakaria,ZAKARIA Denis,Monaco,AS Monaco (FRA),Midfielder,Midfielder,6,20/11/1996,189,False,False,False,True
Switzerland,club_mismatch,exact,1.0,Ruben Vargas,Ruben Vargas,VARGAS Ruben,FC Augsburg,Sevilla FC (ESP),Forward,Forward,17,05/08/1998,179,False,False,False,True
Switzerland,club_mismatch,exact,1.0,Silvan Widmer,Silvan Widmer,WIDMER Silvan,Mainz,1. FSV Mainz 05 (GER),Defender,Defender,3,05/03/1993,183,False,False,False,True
Tunisia,club_mismatch,exact,1.0,Elias Achouri,Elias Achouri,ACHOURI Elias,Copenhagen,FC København (DEN),Forward,Forward,7,10/02/1999,187,False,False,False,True
Turkey,club_mismatch,accent,1.0,Hakan Çalhanoglu,Hakan Calhanoglu,CALHANOGLU Hakan,Inter de Milán,FC Internazionale Milano (ITA),Midfielder,Midfielder,10,08/02/1994,178,False,False,False,True
Turkey,club_mismatch,accent,1.0,Kerem Aktürkoğlu,Kerem Akturkoglu,AKTURKOGLU Kerem,SL Benfica,Fenerbahçe SK (TUR),Forward,Forward,7,21/10/1998,172,False,False,False,True
Turkey,club_mismatch,exact,1.0,Merih Demiral,Merih Demiral,DEMIRAL Merih,Al-Ahli Saudi,Al Ahli FC (KSA),Defender,Defender,3,05/03/1998,190,False,False,False,True
Turkey,club_mismatch,fuzzy,0.9230769230769231,Uğurcan Çakır,Ugurcan Cakir,CAKIR Ugurcan,Trabzonspor,Galatasaray SK (TUR),Goalkeeper,Goalkeeper,23,05/04/1996,191,False,False,False,True
United States,club_mismatch,exact,1.0,Giovanni Reyna,Giovanni Reyna,REYNA Giovanni,Borussia Dortmund,Borussia Mönchengladbach (GER),Midfielder,Midfielder,7,13/11/2002,187,False,False,False,True
United States,club_mismatch,exact,1.0,Miles Robinson,Miles Robinson,ROBINSON Miles,FC Cincinnati,FC Cincinnatti (USA),Defender,Defender,12,14/03/1997,187,False,False,False,True
United States,club_mismatch,exact,1.0,Timothy Weah,Timothy Weah,WEAH Timothy,Juventus,Olympique Marseille (FRA),Forward,Forward,21,22/02/2000,183,False,False,False,True
Uruguay,club_mismatch,exact,1.0,Fernando Muslera,Fernando Muslera,MUSLERA Fernando,Estudiantes de La Plata,Estudiantes LP (ARG),Goalkeeper,Goalkeeper,23,16/06/1986,190,False,False,False,True
Uruguay,club_mismatch,exact,1.0,Rodrigo Aguirre,Rodrigo Aguirre,AGUIRRE Rodrigo,Tigres,Tigres UANL (MEX),Forward,Forward,19,01/10/1994,182,False,False,False,True
Uruguay,club_mismatch,exact,1.0,Rodrigo Zalazar,Rodrigo Zalazar,ZALAZAR Rodrigo,Sporting de Lisboa,SC Braga (POR),Midfielder,Midfielder,26,12/08/1999,175,False,False,False,True
Uruguay,club_mismatch,exact,1.0,Sergio Rochet,Sergio Rochet,ROCHET Sergio,Internacional de Porto Alegre,SC Internacional (BRA),Goalkeeper,Goalkeeper,1,23/03/1993,189,False,False,False,True
Uzbekistan,club_mismatch,exact,1.0,Abbosbek Fayzullaev,Abbosbek Fayzullaev,FAYZULLAEV Abbosbek,CSKA Moscú,Başakşehir FK (TUR),Midfielder,Midfielder,22,03/10/2003,167,False,False,False,True
Uzbekistan,club_mismatch,exact,1.0,Abdulla Abdullaev,Abdulla Abdullaev,ABDULLAEV Abdulla,Dibba Al Fujairah,Dibba FC (UAE),Defender,Defender,18,01/09/1997,181,False,False,False,True
Uzbekistan,club_mismatch,exact,1.0,Abduvohid Nematov,Abduvohid Nematov,NEMATOV Abduvohid,Nasaf,Nasaf Qarshi FC (UZB),Goalkeeper,Goalkeeper,12,20/03/2001,182,False,False,False,True
Uzbekistan,club_mismatch,exact,1.0,Azizbek Amonov,Azizbek Amonov,AMONOV Azizbek,Buxoro,FK Dinamo Samarkand (UZB),Forward,Forward,20,30/10/1997,181,False,False,False,True
Uzbekistan,club_mismatch,exact,1.0,Botirali Ergashev,Botirali Ergashev,ERGASHEV Botirali,AGMK,FK Neftchi Farg'ona (UZB),Goalkeeper,Goalkeeper,16,23/06/1995,189,False,False,False,True
Uzbekistan,club_mismatch,exact,1.0,Eldor Shomurodov,Eldor Shomurodov,SHOMURODOV Eldor,Istanbul Basaksehir,Başakşehir FK (TUR),Forward,Forward,14,29/06/1995,190,False,False,False,True
Uzbekistan,club_mismatch,exact,1.0,Farrukh Sayfiev,Farrukh Sayfiev,SAYFIEV Farrukh,Neftchi,FK Neftchi Farg'ona (UZB),Defender,Defender,4,17/01/1991,183,False,False,False,True
Uzbekistan,club_mismatch,exact,1.0,Jaloliddin Masharipov,Jaloliddin Masharipov,MASHARIPOV Jaloliddin,Esteghlal,Esteghlal Tehran FC (IRN),Midfielder,Midfielder,10,01/09/1993,174,False,False,False,True
Uzbekistan,club_mismatch,exact,1.0,Jamshid Iskanderov,Jamshid Iskanderov,ISKANDEROV Jamshid,Neftchi,FK Neftchi Farg'ona (UZB),Midfielder,Midfielder,8,16/10/1993,171,False,False,False,True
Uzbekistan,club_mismatch,fuzzy,0.9444444444444444,Odiljon Hamrobekov,Odiljon Xamrobekov,XAMROBEKOV Odiljon,Navbahor,Tractor Sazi Tabriz FC (IRN),Midfielder,Midfielder,9,13/02/1996,180,False,False,False,True
Uzbekistan,club_mismatch,exact,1.0,Rustam Ashurmatov,Rustam Ashurmatov,ASHURMATOV Rustam,Rubin Kazán,Esteghlal Tehran FC (IRN),Defender,Defender,5,07/07/1996,186,False,False,False,True
Uzbekistan,club_mismatch,exact,1.0,Sherzod Nasrullaev,Sherzod Nasrullaev,NASRULLAEV Sherzod,Nasaf,Pakhtakor Tashkent FK (UZB),Defender,Defender,13,23/07/1998,183,False,False,False,True
Uzbekistan,club_mismatch,exact,1.0,Umar Eshmurodov,Umar Eshmurodov,ESHMURODOV Umar,Selangor FC,Nasaf Qarshi FC (UZB),Defender,Defender,15,30/11/1992,185,False,False,False,True
Uzbekistan,club_mismatch,exact,1.0,Utkir Yusupov,Utkir Yusupov,YUSUPOV Utkir,Navbahor,PFC Navbahor Namangan (UZB),Goalkeeper,Goalkeeper,1,04/01/1991,185,False,False,False,True
Algeria,club_suffix_only,exact,1.0,Amine Gouiri,Amine Gouiri,GOUIRI Amine,Olympique de Marseille,Olympique Marseille (FRA),Forward,Forward,9,16/02/2000,180,False,True,True,True
Algeria,club_suffix_only,exact,1.0,Anis Hadj Moussa,Anis Hadj Moussa,HADJ MOUSSA Anis,Feyenoord Rotterdam,Feyenoord Rotterdam (NED),Forward,Forward,11,11/02/2002,176,False,True,True,True
Algeria,club_suffix_only,exact,1.0,Hicham Boudaoui,Hicham Boudaoui,BOUDAOUI Hicham,Nice,OGC Nice (FRA),Midfielder,Midfielder,14,23/09/1999,175,False,True,True,True
Algeria,club_suffix_only,exact,1.0,Houssem Aouar,Houssem Aouar,AOUAR Houssem,Al Ittihad,Al Ittihad (KSA),Midfielder,Midfielder,8,30/06/1998,175,False,True,True,True
Algeria,club_suffix_only,exact,1.0,Ibrahim Maza,Ibrahim Maza,MAZA Ibrahim,Bayer Leverkusen,Bayer 04 Leverkusen (GER),Midfielder,Midfielder,22,24/11/2005,180,False,True,True,True
Algeria,club_suffix_only,exact,1.0,Jaouen Hadjam,Jaouen Hadjam,HADJAM Jaouen,Young Boys Bern,BSC Young Boys (SUI),Defender,Defender,13,26/03/2003,185,False,True,True,True
Algeria,club_suffix_only,exact,1.0,Luca Zidane,Luca Zidane,ZIDANE Luca,Granada,Granada CF (ESP),Goalkeeper,Goalkeeper,23,13/05/1998,183,False,True,True,True
Algeria,club_suffix_only,exact,1.0,Mohamed Amine Tougai,Mohamed Amine Tougai,TOUGAI Mohamed Amine,Esperance,Espérance De Tunisie (TUN),Defender,Defender,4,22/01/2000,186,False,True,True,True
Algeria,club_suffix_only,exact,1.0,Mohamed Amoura,Mohamed Amoura,AMOURA Mohamed,VfL Wolfsburg,VfL Wolfsburg (GER),Forward,Forward,18,09/05/2000,170,False,True,True,True
Algeria,club_suffix_only,exact,1.0,Oussama Benbot,Oussama Benbot,BENBOT Oussama,USM Alger,USM Alger (ALG),Goalkeeper,Goalkeeper,16,11/10/1994,188,False,True,True,True
Algeria,club_suffix_only,exact,1.0,Ramiz Zerrouki,Ramiz Zerrouki,ZERROUKI Ramiz,FC Twente,FC Twente (NED),Midfielder,Midfielder,6,26/05/1998,183,False,True,True,True
Algeria,club_suffix_only,exact,1.0,Ramy Bensebaini,Ramy Bensebaini,BENSEBAINI Ramy,Borussia Dortmund,Borussia Dortmund (GER),Defender,Defender,21,16/04/1995,187,False,True,True,True
Algeria,club_suffix_only,exact,1.0,Riyad Mahrez,Riyad Mahrez,MAHREZ Riyad,Al-Ahli,Al Ahli FC (KSA),Forward,Forward,7,21/02/1991,179,False,True,True,True
Argentina,club_suffix_only,exact,1.0,Alexis Mac Allister,Alexis Mac Allister,MAC ALLISTER Alexis,Liverpool,Liverpool FC (ENG),Midfielder,Midfielder,20,24/12/1998,176,False,True,True,True
Argentina,club_suffix_only,exact,1.0,Cristian Romero,Cristian Romero,ROMERO Cristian,Tottenham,Tottenham Hotspur FC (ENG),Defender,Defender,13,27/04/1998,185,False,True,True,True
Argentina,club_suffix_only,exact,1.0,Exequiel Palacios,Exequiel Palacios,PALACIOS Exequiel,Bayer Leverkusen,Bayer 04 Leverkusen (GER),Midfielder,Midfielder,14,05/10/1998,177,False,True,True,True
Argentina,club_suffix_only,exact,1.0,Facundo Medina,Facundo Medina,MEDINA Facundo,Marseille,Olympique Marseille (FRA),Defender,Defender,25,28/05/1999,184,False,True,True,True
Argentina,club_suffix_only,exact,1.0,Giovani Lo Celso,Giovani Lo Celso,LO CELSO Giovani,Real Betis,Real Betis (ESP),Midfielder,Midfielder,11,09/04/1996,177,False,True,True,True
Argentina,club_suffix_only,exact,1.0,Gonzalo Montiel,Gonzalo Montiel,MONTIEL Gonzalo,River Plate,CA River Plate (ARG),Defender,Defender,4,01/01/1997,175,False,True,True,True
Argentina,club_suffix_only,exact,1.0,Juan Musso,Juan Musso,MUSSO Juan,Atlético Madrid,Atlético De Madrid (ESP),Goalkeeper,Goalkeeper,1,06/05/1994,193,False,True,True,True
Argentina,club_suffix_only,exact,1.0,Leandro Paredes,Leandro Paredes,PAREDES Leandro,Boca Juniors,CA Boca Juniors (ARG),Midfielder,Midfielder,5,29/06/1994,182,False,True,True,True
Argentina,club_suffix_only,exact,1.0,Leonardo Balerdi,Leonardo Balerdi,BALERDI Leonardo,Marseille,Olympique Marseille (FRA),Defender,Defender,2,26/01/1999,188,False,True,True,True
Argentina,club_suffix_only,exact,1.0,Lionel Messi,Lionel Messi,MESSI Lionel,Inter Miami,Inter Miami CF (USA),Forward,Forward,10,24/06/1987,170,False,True,True,True
Argentina,club_suffix_only,exact,1.0,Nahuel Molina,Nahuel Molina,MOLINA Nahuel,Atlético Madrid,Atlético De Madrid (ESP),Defender,Defender,26,06/04/1998,179,False,True,True,True
Argentina,club_suffix_only,exact,1.0,Rodrigo De Paul,Rodrigo de Paul,DE PAUL Rodrigo,Inter Miami,Inter Miami CF (USA),Midfielder,Midfielder,7,24/05/1994,178,False,True,True,True
Australia,club_suffix_only,exact,1.0,Awer Mabil,Awer Mabil,MABIL Awer,CD Castellón,CD Castellón (ESP),Forward,Forward,11,15/09/1995,178,False,True,True,True
Australia,club_suffix_only,exact,1.0,Aziz Behich,Aziz Behich,BEHICH Aziz,Melbourne City,Melbourne City FC (AUS),Defender,Defender,16,16/12/1990,170,False,True,True,True
Australia,club_suffix_only,exact,1.0,Cameron Burgess,Cameron Burgess,BURGESS Cameron,Swansea City,Swansea City AFC (WAL),Defender,Defender,21,21/10/1995,194,False,True,True,True
Australia,club_suffix_only,exact,1.0,Connor Metcalfe,Connor Metcalfe,METCALFE Connor,St Pauli FC,FC St. Pauli (GER),Midfielder,Midfielder,8,05/11/1999,183,False,True,True,True
Australia,club_suffix_only,exact,1.0,Harry Souttar,Harry Souttar,SOUTTAR Harry,Leicester City,Leicester City FC (ENG),Defender,Defender,19,22/10/1998,198,False,True,True,True
Australia,club_suffix_only,exact,1.0,Jackson Irvine,Jackson Irvine,IRVINE Jackson,St Pauli,FC St. Pauli (GER),Midfielder,Midfielder,22,07/03/1993,189,False,True,True,True
Australia,club_suffix_only,exact,1.0,Jacob Italiano,Jacob Italiano,ITALIANO Jacob,Grazer AK,Grazer AK (AUT),Defender,Defender,4,30/07/2001,177,False,True,True,True
Australia,club_suffix_only,exact,1.0,Jason Geria,Jason Geria,GERIA Jason,Albirex Niigata,Albirex Niigata (JPN),Defender,Defender,6,10/05/1993,181,False,True,True,True
Australia,club_suffix_only,exact,1.0,Jordan Bos,Jordan Bos,BOS Jordan,Feyenoord,Feyenoord Rotterdam (NED),Defender,Defender,5,29/10/2002,180,False,True,True,True
Australia,club_suffix_only,exact,1.0,Kai Trewin,Kai Trewin,TREWIN Kai,New York City,New York City FC (USA),Defender,Defender,15,18/05/2001,183,False,True,True,True
Australia,club_suffix_only,exact,1.0,Lucas Herrington,Lucas Herrington,HERRINGTON Lucas,Colorado Rapids,Colorado Rapids (USA),Defender,Defender,25,05/09/2007,193,False,True,True,True
Australia,club_suffix_only,exact,1.0,Mathew Leckie,Mathew Leckie,LECKIE Mathew,Melbourne City,Melbourne City FC (AUS),Forward,Forward,7,04/02/1991,181,False,True,True,True
Australia,club_suffix_only,exact,1.0,Milos Degenek,Milos Degenek,DEGENEK Milos,Apoel FC,APOEL FC (CYP),Defender,Defender,2,28/04/1994,187,False,True,True,True
Australia,club_suffix_only,exact,1.0,Mohamed Toure,Mohamed Toure,TOURE Mohamed,Norwich City,Norwich City FC (ENG),Forward,Forward,9,26/03/2004,186,False,True,True,True
Australia,club_suffix_only,exact,1.0,Nestory Irankunda,Nestory Irankunda,IRANKUNDA Nestory,Watford,Watford FC (ENG),Forward,Forward,17,09/02/2006,165,False,True,True,True
Australia,club_suffix_only,exact,1.0,Nishan Velupillay,Nishan Velupillay,VELUPILLAY Nishan,Melbourne Victory,Melbourne Victory FC (AUS),Forward,Forward,23,07/05/2001,181,False,True,True,True
Australia,club_suffix_only,exact,1.0,Patrick Beach,Patrick Beach,BEACH Patrick,Melbourne City,Melbourne City FC (AUS),Goalkeeper,Goalkeeper,18,06/08/2003,189,False,True,True,True
Australia,club_suffix_only,exact,1.0,Paul Izzo,Paul Izzo,IZZO Paul,Randers FC,Randers FC (DEN),Goalkeeper,Goalkeeper,12,06/01/1995,184,False,True,True,True
Australia,club_suffix_only,exact,1.0,Tete Yengi,Tete Yengi,YENGI Tete,Machida Zelvia,FC Machida Zelvia (JPN),Forward,Forward,26,28/11/2000,197,False,True,True,True
Austria,club_suffix_only,exact,1.0,Carney Chukwuemeka,Carney Chukwuemeka,CHUKWUEMEKA Carney,Borussia Dortmund,Borussia Dortmund (GER),Midfielder,Midfielder,17,20/10/2003,187,False,True,True,True
Austria,club_suffix_only,exact,1.0,Christoph Baumgartner,Christoph Baumgartner,BAUMGARTNER Christoph,RB Leipzig,RB Leipzig (GER),Midfielder,Midfielder,19,01/08/1999,180,False,True,True,True
Austria,club_suffix_only,exact,1.0,David Affengruber,David Affengruber,AFFENGRUBER David,Elche,Elche CF (ESP),Defender,Defender,2,19/03/2001,185,False,True,True,True
Austria,club_suffix_only,exact,1.0,David Alaba,David Alaba,ALABA David,Real Madrid,Real Madrid C. F. (ESP),Defender,Defender,8,24/06/1992,180,False,True,True,True
Austria,club_suffix_only,exact,1.0,Florian Grillitsch,Florian Grillitsch,GRILLITSCH Florian,Braga,SC Braga (POR),Midfielder,Midfielder,10,07/08/1995,186,False,True,True,True
Austria,club_suffix_only,exact,1.0,Florian Wiegele,Florian Wiegele,WIEGELE Florian,Viktoria Plzen,FC Viktoria Plzeň (CZE),Goalkeeper,Goalkeeper,12,21/03/2001,205,False,True,True,True
Austria,club_suffix_only,exact,1.0,Konrad Laimer,Konrad Laimer,LAIMER Konrad,Bayern Munich,FC Bayern München (GER),Midfielder,Midfielder,20,27/05/1997,180,False,True,True,True
Austria,club_suffix_only,exact,1.0,Marcel Sabitzer,Marcel Sabitzer,SABITZER Marcel,Borussia Dortmund,Borussia Dortmund (GER),Midfielder,Midfielder,9,17/03/1994,178,False,True,True,True
Austria,club_suffix_only,exact,1.0,Marco Friedl,Marco Friedl,FRIEDL Marco,Werder Bremen,SV Werder Bremen (GER),Defender,Defender,23,16/03/1998,187,False,True,True,True
Austria,club_suffix_only,exact,1.0,Michael Gregoritsch,Michael Gregoritsch,GREGORITSCH Michael,FC Augsburg,FC Augsburg (GER),Forward,Forward,11,18/04/1994,193,False,True,True,True
Austria,club_suffix_only,exact,1.0,Michael Svoboda,Michael Svoboda,SVOBODA Michael,Venezia,Venezia FC (ITA),Defender,Defender,25,15/10/1998,195,False,True,True,True
Austria,club_suffix_only,exact,1.0,Nicolas Seiwald,Nicolas Seiwald,SEIWALD Nicolas,RB Leipzig,RB Leipzig (GER),Midfielder,Midfielder,6,04/05/2001,179,False,True,True,True
Austria,club_suffix_only,exact,1.0,Paul Wanner,Paul Wanner,WANNER Paul,PSV Eindhoven,PSV Eindhoven (NED),Midfielder,Midfielder,24,23/12/2005,185,False,True,True,True
Austria,club_suffix_only,exact,1.0,Philipp Lienhart,Philipp Lienhart,LIENHART Philipp,SC Freiburg,SC Freiburg (GER),Defender,Defender,15,11/07/1996,189,False,True,True,True
Austria,club_suffix_only,exact,1.0,Romano Schmid,Romano Schmid,SCHMID Romano,Werder Bremen,SV Werder Bremen (GER),Midfielder,Midfielder,18,27/01/2000,168,False,True,True,True
Austria,club_suffix_only,exact,1.0,Sasa Kalajdzic,Sasa Kalajdzic,KALAJDZIC Sasa,LASK Linz,LASK Linz (AUT),Forward,Forward,14,07/07/1997,200,False,True,True,True
Austria,club_suffix_only,exact,1.0,Xaver Schlager,Xaver Schlager,SCHLAGER Xaver,RB Leipzig,RB Leipzig (GER),Midfielder,Midfielder,4,28/09/1997,174,False,True,True,True
Belgium,club_suffix_only,exact,1.0,Amadou Onana,Amadou Onana,ONANA Amadou,Aston Villa,Aston Villa FC (ENG),Midfielder,Midfielder,24,16/08/2001,192,False,True,True,True
Belgium,club_suffix_only,exact,1.0,Arthur Theate,Arthur Theate,THEATE Arthur,Eintracht Frankfurt,Eintracht Frankfurt (GER),Defender,Defender,3,25/05/2000,185,False,True,True,True
Belgium,club_suffix_only,exact,1.0,Axel Witsel,Axel Witsel,WITSEL Axel,Girona,Girona FC (ESP),Midfielder,Midfielder,6,12/01/1989,186,False,True,True,True
Belgium,club_suffix_only,exact,1.0,Brandon Mechele,Brandon Mechele,MECHELE Brandon,Club Brugge,Club Brugge (BEL),Defender,Defender,4,28/01/1993,190,False,True,True,True
Belgium,club_suffix_only,exact,1.0,Charles De Ketelaere,Charles de Ketelaere,DE KETELAERE Charles,Atalanta,Atalanta Bergamo (ITA),Forward,Forward,17,10/03/2001,192,False,True,True,True
Belgium,club_suffix_only,exact,1.0,Dodi Lukebakio,Dodi Lukebakio,LUKEBAKIO Dodi,Benfica,SL Benfica (POR),Forward,Forward,14,24/09/1997,184,False,True,True,True
Belgium,club_suffix_only,exact,1.0,Hans Vanaken,Hans Vanaken,VANAKEN Hans,Club Brugge,Club Brugge (BEL),Midfielder,Midfielder,20,24/08/1992,195,False,True,True,True
Belgium,club_suffix_only,exact,1.0,Joaquin Seys,Joaquin Seys,SEYS Joaquin,Club Brugge,Club Brugge (BEL),Defender,Defender,18,28/03/2005,178,False,True,True,True
Belgium,club_suffix_only,exact,1.0,Kevin De Bruyne,Kevin de Bruyne,DE BRUYNE Kevin,Napoli,SSC Napoli (ITA),Midfielder,Midfielder,7,28/06/1991,181,False,True,True,True
Belgium,club_suffix_only,exact,1.0,Koni De Winter,Koni de Winter,DE WINTER Koni,AC Milan,AC Milan (ITA),Defender,Defender,16,12/06/2002,191,False,True,True,True
Belgium,club_suffix_only,exact,1.0,Leandro Trossard,Leandro Trossard,TROSSARD Leandro,Arsenal,Arsenal FC (ENG),Forward,Forward,10,04/12/1994,172,False,True,True,True
Belgium,club_suffix_only,exact,1.0,Matias Fernandez-Pardo,Matias Fernandez-Pardo,FERNANDEZ-PARDO Matias,Lille,Lille OSC (FRA),Forward,Forward,26,03/02/2005,188,False,True,True,True
Belgium,club_suffix_only,exact,1.0,Maxim De Cuyper,Maxim de Cuyper,DE CUYPER Maxim,Brighton & Hove Albion,Brighton & Hove Albion FC (ENG),Defender,Defender,5,22/12/2000,182,False,True,True,True
Belgium,club_suffix_only,exact,1.0,Nathan Ngoy,Nathan Ngoy,NGOY Nathan,Lille,Lille OSC (FRA),Defender,Defender,25,10/06/2003,183,False,True,True,True
Belgium,club_suffix_only,exact,1.0,Nicolas Raskin,Nicolas Raskin,RASKIN Nicolas,Rangers,Rangers FC (SCO),Midfielder,Midfielder,23,23/02/2001,178,False,True,True,True
Belgium,club_suffix_only,exact,1.0,Romelu Lukaku,Romelu Lukaku,LUKAKU Romelu,Napoli,SSC Napoli (ITA),Forward,Forward,9,13/05/1993,190,False,True,True,True
Belgium,club_suffix_only,exact,1.0,Senne Lammens,Senne Lammens,LAMMENS Senne,Manchester United,Manchester United FC (ENG),Goalkeeper,Goalkeeper,12,07/07/2002,193,False,True,True,True
Belgium,club_suffix_only,exact,1.0,Thibaut Courtois,Thibaut Courtois,COURTOIS Thibaut,Real Madrid,Real Madrid C. F. (ESP),Goalkeeper,Goalkeeper,1,11/05/1992,199,False,True,True,True
Belgium,club_suffix_only,exact,1.0,Thomas Meunier,Thomas Meunier,MEUNIER Thomas,Lille,Lille OSC (FRA),Defender,Defender,15,12/09/1991,190,False,True,True,True
Belgium,club_suffix_only,exact,1.0,Timothy Castagne,Timothy Castagne,CASTAGNE Timothy,Fulham,Fulham FC (ENG),Defender,Defender,21,05/12/1995,185,False,True,True,True
Belgium,club_suffix_only,exact,1.0,Youri Tielemans,Youri Tielemans,TIELEMANS Youri,Aston Villa,Aston Villa FC (ENG),Midfielder,Midfielder,8,07/05/1997,176,False,True,True,True
Belgium,club_suffix_only,exact,1.0,Zeno Debast,Zeno Debast,DEBAST Zeno,Sporting CP,Sporting CP (POR),Defender,Defender,2,24/10/2003,189,False,True,True,True
Bosnia and Herzegovina,club_suffix_only,exact,1.0,Amar Dedic,Amar Dedic,DEDIC Amar,Benfica,SL Benfica (POR),Defender,Defender,7,18/08/2002,180,False,True,True,True
Bosnia and Herzegovina,club_suffix_only,exact,1.0,Amar Memic,Amar Memic,MEMIC Amar,Viktoria Plzen,FC Viktoria Plzeň (CZE),Midfielder,Midfielder,15,20/01/2001,176,False,True,True,True
Bosnia and Herzegovina,club_suffix_only,exact,1.0,Amir Hadziahmetovic,Amir Hadziahmetovic,HADZIAHMETOVIC Amir,Hull City,Hull City FC (ENG),Midfielder,Midfielder,16,08/03/1997,179,False,True,True,True
Bosnia and Herzegovina,club_suffix_only,exact,1.0,Armin Gigovic,Armin Gigovic,GIGOVIC Armin,Young Boys,BSC Young Boys (SUI),Midfielder,Midfielder,8,06/04/2002,187,False,True,True,True
Bosnia and Herzegovina,club_suffix_only,exact,1.0,Dzenis Burnic,Dzenis Burnic,BURNIC Dzenis,Karlsruher SC,Karlsruher SC (GER),Midfielder,Midfielder,17,22/05/1998,182,False,True,True,True
Bosnia and Herzegovina,club_suffix_only,exact,1.0,Edin Dzeko,Edin Dzeko,DZEKO Edin,Schalke 04,FC Schalke 04 (GER),Forward,Forward,11,17/03/1986,192,False,True,True,True
Bosnia and Herzegovina,club_suffix_only,exact,1.0,Ermedin Demirovic,Ermedin Demirovic,DEMIROVIC Ermedin,VfB Stuttgart,VfB Stuttgart (GER),Forward,Forward,10,25/03/1998,185,False,True,True,True
Bosnia and Herzegovina,club_suffix_only,exact,1.0,Ermin Mahmic,Ermin Mahmic,MAHMIC Ermin,Slovan Liberec,FC Slovan Liberec (CZE),Midfielder,Midfielder,26,14/03/2005,182,False,True,True,True
Bosnia and Herzegovina,club_suffix_only,exact,1.0,Haris Tabakovic,Haris Tabakovic,TABAKOVIC Haris,Borussia Moenchengladbach,Borussia Mönchengladbach (GER),Forward,Forward,23,20/06/1994,196,False,True,True,True
Bosnia and Herzegovina,club_suffix_only,exact,1.0,Ivan Basic,Ivan Basic,BASIC Ivan,Astana,FC Astana (KAZ),Midfielder,Midfielder,13,30/04/2002,178,False,True,True,True
Bosnia and Herzegovina,club_suffix_only,exact,1.0,Ivan Sunjic,Ivan Sunjic,SUNJIC Ivan,Pafos,Pafos FC (CYP),Midfielder,Midfielder,14,09/10/1996,183,False,True,True,True
Bosnia and Herzegovina,club_suffix_only,exact,1.0,Jovo Lukic,Jovo Lukic,LUKIC Jovo,Universitatea Cluj,Universitatea Cluj (ROU),Forward,Forward,25,28/11/1998,190,False,True,True,True
Bosnia and Herzegovina,club_suffix_only,exact,1.0,Martin Zlomislic,Martin Zlomislic,ZLOMISLIC Martin,Rijeka,HNK Rijeka (CRO),Goalkeeper,Goalkeeper,22,16/08/1998,189,False,True,True,True
Bosnia and Herzegovina,club_suffix_only,exact,1.0,Nidal Celik,Nidal Celik,CELIK Nidal,Lens,RC Lens (FRA),Defender,Defender,24,17/07/2006,192,False,True,True,True
Bosnia and Herzegovina,club_suffix_only,exact,1.0,Nihad Mujakic,Nihad Mujakic,MUJAKIC Nihad,Gaziantep,Gaziantep FK (TUR),Defender,Defender,2,15/04/1998,189,False,True,True,True
Bosnia and Herzegovina,club_suffix_only,exact,1.0,Nikola Katic,Nikola Katic,KATIC Nikola,Schalke 04,FC Schalke 04 (GER),Defender,Defender,18,10/10/1996,194,False,True,True,True
Bosnia and Herzegovina,club_suffix_only,exact,1.0,Nikola Vasilj,Nikola Vasilj,VASILJ Nikola,St Pauli,FC St. Pauli (GER),Goalkeeper,Goalkeeper,1,02/12/1995,193,False,True,True,True
Bosnia and Herzegovina,club_suffix_only,exact,1.0,Sead Kolasinac,Sead Kolasinac,KOLASINAC Sead,Atalanta,Atalanta Bergamo (ITA),Defender,Defender,5,20/06/1993,183,False,True,True,True
Bosnia and Herzegovina,club_suffix_only,exact,1.0,Stjepan Radeljic,Stjepan Radeljic,RADELJIC Stjepan,Rijeka,HNK Rijeka (CRO),Defender,Defender,21,05/09/1997,201,False,True,True,True
Bosnia and Herzegovina,club_suffix_only,exact,1.0,Tarik Muharemovic,Tarik Muharemovic,MUHAREMOVIC Tarik,Sassuolo,US Sassuolo (ITA),Defender,Defender,4,28/02/2003,192,False,True,True,True
Brazil,club_suffix_only,exact,1.0,Alex Sandro,Alex Sandro,ALEX SANDRO,Flamengo,CR Flamengo (BRA),Defender,Defender,6,26/01/1991,180,False,True,True,True
Brazil,club_suffix_only,exact,1.0,Bremer,Bremer,BREMER,Juventus,Juventus FC (ITA),Defender,Defender,14,18/03/1997,188,False,True,True,True
Brazil,club_suffix_only,exact,1.0,Casemiro,Casemiro,CASEMIRO,Manchester United,Manchester United FC (ENG),Midfielder,Midfielder,5,23/02/1992,185,False,True,True,True
Brazil,club_suffix_only,exact,1.0,Danilo,Danilo,DANILO,Flamengo,CR Flamengo (BRA),Defender,Defender,13,15/07/1991,184,False,True,True,True
Brazil,club_suffix_only,exact,1.0,Danilo Santos,Danilo Santos,DANILO SANTOS,Botafogo,Botafogo (BRA),Midfielder,Midfielder,18,29/04/2001,177,False,True,True,True
Brazil,club_suffix_only,exact,1.0,Douglas Santos,Douglas Santos,DOUGLAS SANTOS,Zenit St. Petersburg,FC Zenit St. Petersburg (RUS),Defender,Defender,16,22/03/1994,173,False,True,True,True
Brazil,club_suffix_only,exact,1.0,Endrick,Endrick,ENDRICK,Lyon,Olympique Lyonnais (FRA),Forward,Forward,19,21/07/2006,172,False,True,True,True
Brazil,club_suffix_only,exact,1.0,Fabinho,Fabinho,FABINHO,Al Ittihad,Al Ittihad (KSA),Midfielder,Midfielder,17,23/10/1993,188,False,True,True,True
Brazil,club_suffix_only,exact,1.0,Gabriel Martinelli,Gabriel Martinelli,GABRIEL MARTINELLI,Arsenal,Arsenal FC (ENG),Forward,Forward,22,18/06/2001,178,False,True,True,True
Brazil,club_suffix_only,exact,1.0,Igor Thiago,Igor Thiago,IGOR THIAGO,Brentford,Brentford FC (ENG),Forward,Forward,25,26/06/2001,190,False,True,True,True
Brazil,club_suffix_only,exact,1.0,Luiz Henrique,Luiz Henrique,LUIZ HENRIQUE,Zenit St. Petersburg,FC Zenit St. Petersburg (RUS),Forward,Forward,21,02/01/2001,182,False,True,True,True
Brazil,club_suffix_only,exact,1.0,Marquinhos,Marquinhos,MARQUINHOS,Paris Saint-Germain,Paris Saint-Germain (FRA),Defender,Defender,4,14/05/1994,183,False,True,True,True
Brazil,club_suffix_only,exact,1.0,Matheus Cunha,Matheus Cunha,MATHEUS CUNHA,Manchester United,Manchester United FC (ENG),Forward,Forward,9,27/05/1999,183,False,True,True,True
Brazil,club_suffix_only,exact,1.0,Raphinha,Raphinha,RAPHINHA,Barcelona,FC Barcelona (ESP),Forward,Forward,11,14/12/1996,176,False,True,True,True
Brazil,club_suffix_only,exact,1.0,Rayan,Rayan,RAYAN,Bournemouth,AFC Bournemouth (ENG),Forward,Forward,26,03/08/2006,187,False,True,True,True
Canada,club_suffix_only,exact,1.0,Alfie Jones,Alfie Jones,JONES Alfie,Middlesbrough FC,Middlesbrough FC (ENG),Defender,Defender,3,07/10/1997,191,False,True,True,True
Canada,club_suffix_only,exact,1.0,Alistair Johnston,Alistair Johnston,JOHNSTON Alistair,Celtic FC,Celtic FC (SCO),Defender,Defender,2,08/10/1998,180,False,True,True,True
Canada,club_suffix_only,exact,1.0,Alphonso Davies,Alphonso Davies,DAVIES Alphonso,Bayern Munich,FC Bayern München (GER),Defender,Defender,19,02/11/2000,183,False,True,True,True
Canada,club_suffix_only,exact,1.0,Dayne St. Clair,Dayne St. Clair,ST. CLAIR Dayne,Inter Miami FC,Inter Miami CF (USA),Goalkeeper,Goalkeeper,1,09/05/1997,191,False,True,True,True
Canada,club_suffix_only,exact,1.0,Joel Waterman,Joel Waterman,WATERMAN Joel,Chicago Fire FC,Chicago Fire FC (USA),Defender,Defender,5,24/01/1996,185,False,True,True,True
Canada,club_suffix_only,exact,1.0,Jonathan David,Jonathan David,DAVID Jonathan,Juventus FC,Juventus FC (ITA),Forward,Forward,10,14/01/2000,175,False,True,True,True
Canada,club_suffix_only,exact,1.0,Jonathan Osorio,Jonathan Osorio,OSORIO Jonathan,Toronto FC,Toronto FC (CAN),Midfielder,Midfielder,21,12/06/1992,175,False,True,True,True
Canada,club_suffix_only,exact,1.0,Liam Millar,Liam Millar,MILLAR Liam,Hull City FC,Hull City FC (ENG),Midfielder,Midfielder,11,27/09/1999,176,False,True,True,True
Canada,club_suffix_only,exact,1.0,Marcelo Flores,Marcelo Flores,FLORES Marcelo,Tigres UANL,Tigres UANL (MEX),Midfielder,Midfielder,26,01/10/2003,164,False,True,True,True
Canada,club_suffix_only,exact,1.0,Owen Goodman,Owen Goodman,GOODMAN Owen,Barnsley FC,Barnsley (ENG),Goalkeeper,Goalkeeper,18,27/11/2003,193,False,True,True,True
Canada,club_suffix_only,exact,1.0,Promise David,Promise David,DAVID Promise,Royale Union Saint-Gilloise,Royale Union Saint-Gilloise (BEL),Forward,Forward,24,03/07/2001,195,False,True,True,True
Canada,club_suffix_only,exact,1.0,Richie Laryea,Richie Laryea,LARYEA Richie,Toronto FC,Toronto FC (CAN),Defender,Defender,22,07/01/1995,175,False,True,True,True
Canada,club_suffix_only,exact,1.0,Tani Oluwaseyi,Tani Oluwaseyi,OLUWASEYI Tani,Villarreal CF,Villarreal CF (ESP),Forward,Forward,12,15/05/2000,187,False,True,True,True
Cape Verde,club_suffix_only,exact,1.0,Dailon Livramento,Dailon Livramento,DAILON LIVRAMENTO,Casa Pia,Casa Pia AC (POR),Forward,Forward,19,04/05/2001,185,False,True,True,True
Cape Verde,club_suffix_only,exact,1.0,Gilson Benchimol,Gilson Benchimol,GILSON BENCHIMOL,Akron Tolyatti,FC Akron Tolyatti (RUS),Forward,Forward,9,29/12/2001,187,False,True,True,True
Cape Verde,club_suffix_only,exact,1.0,Jamiro Monteiro,Jamiro Monteiro,JAMIRO MONTEIRO,PEC Zwolle,PEC Zwolle (NED),Midfielder,Midfielder,10,23/11/1993,175,False,True,True,True
Cape Verde,club_suffix_only,exact,1.0,Kelvin Pires,Kelvin Pires,KELVIN PIRES,SJK,SJK (FIN),Defender,Defender,25,05/06/2000,193,False,True,True,True
Cape Verde,club_suffix_only,exact,1.0,Kevin Pina,Kevin Pina,KEVIN PINA,Krasnodar,FC Krasnodar (RUS),Midfielder,Midfielder,6,27/01/1997,177,False,True,True,True
Cape Verde,club_suffix_only,exact,1.0,Laros Duarte,Laros Duarte,LAROS DUARTE,Puskas Akademia,Puskás Akadémia FC (HUN),Midfielder,Midfielder,15,28/02/1997,180,False,True,True,True
Cape Verde,club_suffix_only,exact,1.0,Logan Costa,Logan Costa,LOGAN COSTA,Villarreal,Villarreal CF (ESP),Defender,Defender,5,01/04/2001,190,False,True,True,True
Cape Verde,club_suffix_only,exact,1.0,Sidny Lopes Cabral,Sidny Lopes Cabral,SIDNY LOPES CABRAL,Benfica,SL Benfica (POR),Defender,Defender,13,18/09/2002,176,False,True,True,True
Cape Verde,club_suffix_only,exact,1.0,Steven Moreira,Steven Moreira,STEVEN MOREIRA,Columbus Crew,Columbus Crew (USA),Defender,Defender,22,13/08/1994,178,False,True,True,True
Cape Verde,club_suffix_only,exact,1.0,Wagner Pina,Wagner Pina,WAGNER PINA,Trabzonspor,Trabzonspor (TUR),Defender,Defender,24,03/11/2002,180,False,True,True,True
Cape Verde,club_suffix_only,exact,1.0,Yannick Semedo,Yannick Semedo,YANNICK SEMEDO,Farense,SC Farense (POR),Midfielder,Midfielder,16,29/12/1995,176,False,True,True,True
Colombia,club_suffix_only,exact,1.0,Camilo Vargas,Camilo Vargas,VARGAS Camilo,Atlas-MEX,Atlas FC (MEX),Goalkeeper,Goalkeeper,12,09/03/1989,183,False,True,True,True
Colombia,club_suffix_only,exact,1.0,David Ospina,David Ospina,OSPINA David,Atlético Nacional,Atlético Nacional (COL),Goalkeeper,Goalkeeper,1,31/08/1988,183,False,True,True,True
Colombia,club_suffix_only,exact,1.0,Deiver Machado,Deiver Machado,MACHADO Deiver,Nantes-FRA,FC Nantes (FRA),Defender,Defender,22,02/09/1993,173,False,True,True,True
Colombia,club_suffix_only,exact,1.0,Jefferson Lerma,Jefferson Lerma,LERMA Jefferson,Crystal Palace-GBR,Crystal Palace FC (ENG),Midfielder,Midfielder,16,25/10/1994,180,False,True,True,True
Colombia,club_suffix_only,exact,1.0,Jhon Arias,Jhon Arias,ARIAS Jhon,Palmeiras-BRA,SE Palmeiras (BRA),Midfielder,Midfielder,11,21/09/1997,168,False,True,True,True
Colombia,club_suffix_only,exact,1.0,Jorge Carrascal,Jorge Carrascal,CARRASCAL Jorge,Flamengo-BRA,CR Flamengo (BRA),Midfielder,Midfielder,8,25/05/1998,180,False,True,True,True
Colombia,club_suffix_only,exact,1.0,Santiago Arias,Santiago Arias,ARIAS Santiago,Independiente-ARG,CA Independiente (ARG),Defender,Defender,4,13/01/1992,177,False,True,True,True
Colombia,club_suffix_only,exact,1.0,Willer Ditta,Willer Ditta,DITTA Willer,Cruz Azul-MEX,CF Cruz Azul (MEX),Defender,Defender,18,23/01/1998,179,False,True,True,True
Colombia,club_suffix_only,exact,1.0,Yerry Mina,Yerry Mina,MINA Yerry,Cagliari-ITA,Cagliari (ITA),Defender,Defender,13,23/09/1994,195,False,True,True,True
Croatia,club_suffix_only,exact,1.0,Andrej Kramaric,Andrej Kramaric,KRAMARIC Andrej,Hoffenheim,TSG Hoffenheim (GER),Forward,Forward,9,19/06/1991,177,False,True,True,True
Croatia,club_suffix_only,exact,1.0,Ante Budimir,Ante Budimir,BUDIMIR Ante,Osasuna,CA Osasuna (ESP),Forward,Forward,11,22/07/1991,190,False,True,True,True
Croatia,club_suffix_only,exact,1.0,Duje Caleta-Car,Duje Caleta-Car,CALETA-CAR Duje,Real Sociedad,Real Sociedad (ESP),Defender,Defender,5,17/09/1996,193,False,True,True,True
Croatia,club_suffix_only,exact,1.0,Igor Matanovic,Igor Matanovic,MATANOVIC Igor,Freiburg,SC Freiburg (GER),Forward,Forward,20,31/03/2003,194,False,True,True,True
Croatia,club_suffix_only,exact,1.0,Ivan Perisic,Ivan Perisic,PERISIC Ivan,PSV Eindhoven,PSV Eindhoven (NED),Forward,Forward,14,02/02/1989,186,False,True,True,True
Croatia,club_suffix_only,exact,1.0,Ivor Pandur,Ivor Pandur,PANDUR Ivor,Hull City,Hull City FC (ENG),Goalkeeper,Goalkeeper,12,25/03/2000,187,False,True,True,True
Croatia,club_suffix_only,exact,1.0,Josip Stanisic,Josip Stanisic,STANISIC Josip,Bayern Munich,FC Bayern München (GER),Defender,Defender,2,02/04/2000,186,False,True,True,True
Croatia,club_suffix_only,exact,1.0,Josip Sutalo,Josip Sutalo,SUTALO Josip,Ajax,AFC Ajax (NED),Defender,Defender,6,28/02/2000,185,False,True,True,True
Croatia,club_suffix_only,exact,1.0,Josko Gvardiol,Josko Gvardiol,GVARDIOL Josko,Manchester City,Manchester City FC (ENG),Defender,Defender,4,23/01/2002,185,False,True,True,True
Croatia,club_suffix_only,exact,1.0,Luka Modric,Luka Modric,MODRIC Luka,AC Milan,AC Milan (ITA),Midfielder,Midfielder,10,09/09/1985,172,False,True,True,True
Croatia,club_suffix_only,exact,1.0,Luka Sucic,Luka Sucic,SUCIC Luka,Real Sociedad,Real Sociedad (ESP),Midfielder,Midfielder,21,08/09/2002,185,False,True,True,True
Croatia,club_suffix_only,exact,1.0,Marco Pasalic,Marco Pasalic,PASALIC Marco,Orlando City,Orlando City SC (USA),Forward,Forward,24,14/09/2000,177,False,True,True,True
Croatia,club_suffix_only,exact,1.0,Mario Pasalic,Mario Pasalic,PASALIC Mario,Atalanta,Atalanta Bergamo (ITA),Midfielder,Midfielder,15,09/02/1995,188,False,True,True,True
Croatia,club_suffix_only,exact,1.0,Martin Baturina,Martin Baturina,BATURINA Martin,Como,Como (ITA),Midfielder,Midfielder,16,16/02/2003,172,False,True,True,True
Croatia,club_suffix_only,exact,1.0,Martin Erlic,Martin Erlic,ERLIC Martin,Midtjylland,FC Midtjylland (DEN),Defender,Defender,25,24/01/1998,192,False,True,True,True
Croatia,club_suffix_only,exact,1.0,Mateo Kovacic,Mateo Kovacic,KOVACIC Mateo,Manchester City,Manchester City FC (ENG),Midfielder,Midfielder,8,06/05/1994,178,False,True,True,True
Croatia,club_suffix_only,exact,1.0,Nikola Moro,Nikola Moro,MORO Nikola,Bologna,Bologna FC (ITA),Midfielder,Midfielder,7,12/03/1998,183,False,True,True,True
Croatia,club_suffix_only,exact,1.0,Nikola Vlasic,Nikola Vlasic,VLASIC Nikola,Torino,Torino FC (ITA),Midfielder,Midfielder,13,04/10/1997,179,False,True,True,True
Croatia,club_suffix_only,exact,1.0,Petar Musa,Petar Musa,MUSA Petar,FC Dallas,FC Dallas (USA),Forward,Forward,26,04/03/1998,190,False,True,True,True
Croatia,club_suffix_only,exact,1.0,Petar Sucic,Petar Sucic,SUCIC Petar,Inter Milan,FC Internazionale Milano (ITA),Midfielder,Midfielder,17,25/10/2003,183,False,True,True,True
Croatia,club_suffix_only,exact,1.0,Toni Fruk,Toni Fruk,FRUK Toni,Rijeka,HNK Rijeka (CRO),Midfielder,Midfielder,19,09/03/2001,177,False,True,True,True
Curacao,club_suffix_only,exact,1.0,Armando Obispo,Armando Obispo,OBISPO Armando,PSV Eindhoven,PSV Eindhoven (NED),Defender,Defender,18,05/03/1999,185,False,True,True,True
Curacao,club_suffix_only,exact,1.0,Brandley Kuwas,Brandley Kuwas,KUWAS Brandley,Volendam,FC Volendam (NED),Forward,Forward,17,19/09/1992,181,False,True,True,True
Curacao,club_suffix_only,exact,1.0,Deveron Fonville,Deveron Fonville,FONVILLE Deveron,NEC Nijmegen,NEC Nijmegen (NED),Defender,Defender,24,16/05/2003,188,False,True,True,True
Curacao,club_suffix_only,exact,1.0,Eloy Room,Eloy Room,ROOM Eloy,Miami FC,Miami FC (USA),Goalkeeper,Goalkeeper,1,06/02/1989,190,False,True,True,True
Curacao,club_suffix_only,exact,1.0,Gervane Kastaneer,Gervane Kastaneer,KASTANEER Gervane,Terengganu,Terengganu FC (MAS),Forward,Forward,19,09/06/1996,189,False,True,True,True
Curacao,club_suffix_only,exact,1.0,Godfried Roemeratoe,Godfried Roemeratoe,ROEMERATOE Godfried,RKC Waalwijk,RKC Waalwijk (NED),Midfielder,Midfielder,6,19/08/1999,178,False,True,True,True
Curacao,club_suffix_only,exact,1.0,Jearl Margaritha,Jearl Margaritha,MARGARITHA Jearl,Beveren,SK Beveren (BEL),Forward,Forward,16,10/04/2000,181,False,True,True,True
Curacao,club_suffix_only,exact,1.0,Joshua Brenet,Joshua Brenet,BRENET Joshua,Kayserispor,Kayserispor (TUR),Defender,Defender,20,20/03/1994,181,False,True,True,True
Curacao,club_suffix_only,exact,1.0,Juninho Bacuna,Juninho Bacuna,BACUNA Juninho,Volendam,FC Volendam (NED),Midfielder,Midfielder,7,07/08/1997,178,False,True,True,True
Curacao,club_suffix_only,exact,1.0,Kevin Felida,Kevin Felida,FELIDA Kevin,Den Bosch,FC Den Bosch (NED),Midfielder,Midfielder,22,11/11/1999,174,False,True,True,True
Curacao,club_suffix_only,exact,1.0,Livano Comenencia,Livano Comenencia,COMENENCIA Livano,Zurich,FC Zürich (SUI),Midfielder,Midfielder,8,03/02/2004,185,False,True,True,True
Curacao,club_suffix_only,exact,1.0,Riechedly Bazoer,Riechedly Bazoer,BAZOER Riechedly,Konyaspor,Konyaspor (TUR),Defender,Defender,23,12/10/1996,184,False,True,True,True
Curacao,club_suffix_only,exact,1.0,Roshon van Eijma,Roshon van Eijma,VAN EIJMA Roshon,RKC Waalwijk,RKC Waalwijk (NED),Defender,Defender,4,09/06/1998,186,False,True,True,True
Curacao,club_suffix_only,exact,1.0,Sherel Floranus,Sherel Floranus,FLORANUS Sherel,PEC Zwolle,PEC Zwolle (NED),Defender,Defender,5,23/08/1998,181,False,True,True,True
Curacao,club_suffix_only,exact,1.0,Shurandy Sambo,Shurandy Sambo,SAMBO Shurandy,Sparta Rotterdam,Sparta Rotterdam (NED),Defender,Defender,2,19/08/2001,174,False,True,True,True
Curacao,club_suffix_only,exact,1.0,Sontje Hansen,Sontje Hansen,HANSEN Sontje,Middlesbrough,Middlesbrough FC (ENG),Forward,Forward,12,18/05/2002,176,False,True,True,True
Curacao,club_suffix_only,exact,1.0,Trevor Doornbusch,Trevor Doornbusch,DOORNBUSCH Trevor,VVV Venlo,VVV Venlo (NED),Goalkeeper,Goalkeeper,26,06/07/1999,188,False,True,True,True
Czech Republic,club_suffix_only,exact,1.0,Adam Hlozek,Adam Hlozek,HLOZEK Adam,Hoffenheim,TSG Hoffenheim (GER),Forward,Forward,9,25/07/2002,188,False,True,True,True
Czech Republic,club_suffix_only,exact,1.0,Alexandr Sojka,Alexandr Sojka,SOJKA Alexandr,Viktoria Plzen,FC Viktoria Plzeň (CZE),Midfielder,Midfielder,24,02/04/2003,188,False,True,True,True
Czech Republic,club_suffix_only,exact,1.0,David Doudera,David Doudera,DOUDERA David,Slavia Prague,SK Slavia Praha (CZE),Defender,Defender,21,31/05/1998,175,False,True,True,True
Czech Republic,club_suffix_only,exact,1.0,David Zima,David Zima,ZIMA David,Slavia Prague,SK Slavia Praha (CZE),Defender,Defender,2,08/11/2000,190,False,True,True,True
Czech Republic,club_suffix_only,exact,1.0,Hugo Sochurek,Hugo Sochurek,SOCHUREK Hugo,Sparta Prague,AC Sparta Praha (CZE),Midfielder,Midfielder,25,07/06/2008,183,False,True,True,True
Czech Republic,club_suffix_only,exact,1.0,Jan Kuchta,Jan Kuchta,KUCHTA Jan,Sparta Prague,AC Sparta Praha (CZE),Forward,Forward,11,08/01/1997,185,False,True,True,True
Czech Republic,club_suffix_only,exact,1.0,Jaroslav Zeleny,Jaroslav Zeleny,ZELENY Jaroslav,Sparta Prague,AC Sparta Praha (CZE),Defender,Defender,20,20/08/1992,190,False,True,True,True
Czech Republic,club_suffix_only,exact,1.0,Jindrich Stanek,Jindrich Stanek,STANEK Jindrich,Slavia Prague,SK Slavia Praha (CZE),Goalkeeper,Goalkeeper,16,27/04/1996,192,False,True,True,True
Czech Republic,club_suffix_only,exact,1.0,Patrik Schick,Patrik Schick,SCHICK Patrik,Bayer Leverkusen,Bayer 04 Leverkusen (GER),Forward,Forward,10,24/01/1996,191,False,True,True,True
DR Congo,club_suffix_only,exact,1.0,Aaron Wan-Bissaka,Aaron Wan-Bissaka,WAN-BISSAKA Aaron,West Ham United,West Ham United FC (ENG),Defender,Defender,2,26/11/1997,183,False,True,True,True
DR Congo,club_suffix_only,exact,1.0,Arthur Masuaku,Arthur Masuaku,MASUAKU Arthur,Lens,RC Lens (FRA),Defender,Defender,26,07/11/1993,179,False,True,True,True
DR Congo,club_suffix_only,exact,1.0,Axel Tuanzebe,Axel Tuanzebe,TUANZEBE Axel,Burnley,Burnley FC (ENG),Defender,Defender,4,14/11/1997,188,False,True,True,True
DR Congo,club_suffix_only,exact,1.0,Chancel Mbemba,Chancel Mbemba,MBEMBA Chancel,Lille,Lille OSC (FRA),Defender,Defender,22,08/08/1994,182,False,True,True,True
DR Congo,club_suffix_only,exact,1.0,Dylan Batubinsika,Dylan Batubinsika,BATUBINSIKA Dylan,AEL,AEL FC (GRE),Defender,Defender,5,15/02/1996,185,False,True,True,True
DR Congo,club_suffix_only,exact,1.0,Edo Kayembe,Edo Kayembe,KAYEMBE Edo,Watford,Watford FC (ENG),Midfielder,Midfielder,25,03/06/1998,183,False,True,True,True
DR Congo,club_suffix_only,exact,1.0,Fiston Mayele,Fiston Mayele,MAYELE Fiston,Pyramids FC,Pyramids FC (EGY),Forward,Forward,19,24/06/1994,185,False,True,True,True
DR Congo,club_suffix_only,exact,1.0,Gedeon Kalulu,Gedeon Kalulu,KALULU Gedeon,Aris Limassol,Aris Limassol FC (CYP),Defender,Defender,24,29/08/1997,178,False,True,True,True
DR Congo,club_suffix_only,exact,1.0,Lionel Mpasi,Lionel Mpasi,MPASI Lionel,Le Havre,Le Havre AC (FRA),Goalkeeper,Goalkeeper,1,01/08/1994,182,False,True,True,True
DR Congo,club_suffix_only,exact,1.0,Matthieu Epolo,Matthieu Epolo,EPOLO Matthieu,Standard Liege,Standard Liège (BEL),Goalkeeper,Goalkeeper,21,15/01/2005,183,False,True,True,True
DR Congo,club_suffix_only,exact,1.0,Meschack Elia,Meschack Elia,ELIA Meschack,Alanyaspor,Alanyaspor (TUR),Forward,Forward,13,06/08/1997,173,False,True,True,True
DR Congo,club_suffix_only,exact,1.0,Noah Sadiki,Noah Sadiki,SADIKI Noah,Sunderland,Sunderland AFC (ENG),Midfielder,Midfielder,14,17/12/2004,165,False,True,True,True
DR Congo,club_suffix_only,exact,1.0,Samuel Moutoussamy,Samuel Moutoussamy,MOUTOUSSAMY Samuel,Atromitos,Atromitos FC (GRE),Midfielder,Midfielder,8,12/08/1996,176,False,True,True,True
DR Congo,club_suffix_only,exact,1.0,Simon Banza,Simon Banza,BANZA Simon,Al Jazira,Al Jazira (UAE),Forward,Forward,23,13/08/1996,189,False,True,True,True
DR Congo,club_suffix_only,exact,1.0,Steve Kapuadi,Steve Kapuadi,KAPUADI Steve,Widzew Łódź,Widzew Łódź (POL),Defender,Defender,3,30/04/1998,196,False,True,True,True
DR Congo,club_suffix_only,exact,1.0,Timothy Fayulu,Timothy Fayulu,FAYULU Timothy,FC Noah,FC Noah (ARM),Goalkeeper,Goalkeeper,16,24/07/1999,192,False,True,True,True
DR Congo,club_suffix_only,exact,1.0,Yoane Wissa,Yoane Wissa,WISSA Yoane,Newcastle United,Newcastle United FC (ENG),Forward,Forward,20,03/09/1996,176,False,True,True,True
Ecuador,club_suffix_only,exact,1.0,Alan Franco,Alan Franco,FRANCO Alan,Atlético Mineiro,Atlético Mineiro (BRA),Midfielder,Midfielder,21,21/08/1998,175,False,True,True,True
Ecuador,club_suffix_only,exact,1.0,Denil Castillo,Denil Castillo,CASTILLO Denil,Midtjylland,FC Midtjylland (DEN),Midfielder,Midfielder,18,24/03/2004,189,False,True,True,True
Ecuador,club_suffix_only,exact,1.0,Enner Valencia,Enner Valencia,VALENCIA Enner,Pachuca,CF Pachuca (MEX),Forward,Forward,13,04/11/1989,177,False,True,True,True
Ecuador,club_suffix_only,exact,1.0,Gonzalo Valle,Gonzalo Valle,VALLE Gonzalo,LDU Quito,LDU Quito (ECU),Goalkeeper,Goalkeeper,22,28/02/1996,186,False,True,True,True
Ecuador,club_suffix_only,exact,1.0,Jackson Porozo,Jackson Porozo,POROZO Jackson,Club Tijuana,Club Tijuana (MEX),Defender,Defender,25,04/08/2000,192,False,True,True,True
Ecuador,club_suffix_only,exact,1.0,Jordy Caicedo,Jordy Caicedo,CAICEDO Jordy,Huracán,CA Huracán (ARG),Forward,Forward,16,18/11/1997,186,False,True,True,True
Ecuador,club_suffix_only,exact,1.0,Nilson Angulo,Nilson Angulo,ANGULO Nilson,Sunderland,Sunderland AFC (ENG),Forward,Forward,20,19/06/2003,184,False,True,True,True
Ecuador,club_suffix_only,exact,1.0,Pedro Vite,Pedro Vite,VITE Pedro,Pumas UNAM,Pumas UNAM (MEX),Midfielder,Midfielder,15,09/03/2002,172,False,True,True,True
Ecuador,club_suffix_only,exact,1.0,Willian Pacho,Willian Pacho,PACHO Willian,PSG,Paris Saint-Germain (FRA),Defender,Defender,6,16/10/2001,188,False,True,True,True
Ecuador,club_suffix_only,exact,1.0,Yaimar Medina,Yaimar Medina,MEDINA Yaimar,KRC Genk,KRC Genk (BEL),Defender,Defender,26,05/11/2004,173,False,True,True,True
Egypt,club_suffix_only,exact,1.0,Ahmed Fatouh,Ahmed Fatouh,AHMED FATOUH,Zamalek,Zamalek SC (EGY),Defender,Defender,13,22/03/1998,177,False,True,True,True
Egypt,club_suffix_only,exact,1.0,Emam Ashour,Emam Ashour,EMAM ASHOUR,Al Ahly,Al Ahly FC (EGY),Midfielder,Midfielder,8,20/02/1998,180,False,True,True,True
Egypt,club_suffix_only,exact,1.0,Hamdy Fathy,Hamdy Fathy,HAMDY FATHY,Al-Wakrah SC,Al Wakrah SC (QAT),Midfielder,Midfielder,14,29/09/1994,183,False,True,True,True
Egypt,club_suffix_only,exact,1.0,Hamza Abdelkarim,Hamza Abdelkarim,HAMZA ABDELKARIM,Barcelona,FC Barcelona (ESP),Forward,Forward,9,01/01/2008,182,False,True,True,True
Egypt,club_suffix_only,exact,1.0,Hossam Abdelmaguid,Hossam Abdelmaguid,HOSSAM ABDELMAGUID,Zamalek,Zamalek SC (EGY),Defender,Defender,4,30/04/2001,193,False,True,True,True
Egypt,club_suffix_only,exact,1.0,Ibrahim Adel,Ibrahim Adel,IBRAHIM ADEL,FC Nordsjælland,FC Nordsjælland (DEN),Forward,Forward,20,23/04/2001,178,False,True,True,True
Egypt,club_suffix_only,exact,1.0,Karim Hafez,Karim Hafez,KARIM HAFEZ,Pyramids,Pyramids FC (EGY),Defender,Defender,15,12/03/1996,174,False,True,True,True
Egypt,club_suffix_only,exact,1.0,Mahmoud Saber,Mahmoud Saber,MAHMOUD SABER,Zed,ZED FC (EGY),Midfielder,Midfielder,21,30/07/2001,170,False,True,True,True
Egypt,club_suffix_only,exact,1.0,Mohamed Alaa,Mohamed Alaa,MOHAMED ALAA,El Gouna,El Gouna FC (EGY),Goalkeeper,Goalkeeper,26,01/01/1999,188,False,True,True,True
Egypt,club_suffix_only,exact,1.0,Mohamed Hany,Mohamed Hany,MOHAMED HANY,Al Ahly,Al Ahly FC (EGY),Defender,Defender,3,02/02/1996,175,False,True,True,True
Egypt,club_suffix_only,exact,1.0,Mohamed Salah,Mohamed Salah,MOHAMED SALAH,Liverpool,Liverpool FC (ENG),Forward,Forward,10,15/06/1992,175,False,True,True,True
Egypt,club_suffix_only,exact,1.0,Omar Marmoush,Omar Marmoush,OMAR MARMOUSH,Manchester City,Manchester City FC (ENG),Forward,Forward,22,07/02/1999,180,False,True,True,True
Egypt,club_suffix_only,exact,1.0,Tarek Alaa,Tarek Alaa,TAREK ALAA,Zed,ZED FC (EGY),Defender,Defender,24,05/01/2002,178,False,True,True,True
Egypt,club_suffix_only,exact,1.0,Yasser Ibrahim,Yasser Ibrahim,YASSER IBRAHIM,Al Ahly,Al Ahly FC (EGY),Defender,Defender,2,10/02/1993,185,False,True,True,True
England,club_suffix_only,exact,1.0,Anthony Gordon,Anthony Gordon,GORDON Anthony,Newcastle United,Newcastle United FC (ENG),Forward,Forward,18,24/02/2001,182,False,True,True,True
England,club_suffix_only,exact,1.0,Bukayo Saka,Bukayo Saka,SAKA Bukayo,Arsenal,Arsenal FC (ENG),Forward,Forward,7,05/09/2001,178,False,True,True,True
England,club_suffix_only,exact,1.0,Dan Burn,Dan Burn,BURN Dan,Newcastle United,Newcastle United FC (ENG),Defender,Defender,15,09/05/1992,201,False,True,True,True
England,club_suffix_only,exact,1.0,Dean Henderson,Dean Henderson,HENDERSON Dean,Crystal Palace,Crystal Palace FC (ENG),Goalkeeper,Goalkeeper,13,12/03/1997,188,False,True,True,True
England,club_suffix_only,exact,1.0,Declan Rice,Declan Rice,RICE Declan,Arsenal,Arsenal FC (ENG),Midfielder,Midfielder,4,14/01/1999,185,False,True,True,True
England,club_suffix_only,exact,1.0,Djed Spence,Djed Spence,SPENCE Djed,Tottenham Hotspur,Tottenham Hotspur FC (ENG),Defender,Defender,25,09/08/2000,184,False,True,True,True
England,club_suffix_only,exact,1.0,Eberechi Eze,Eberechi Eze,EZE Eberechi,Arsenal,Arsenal FC (ENG),Midfielder,Midfielder,21,29/06/1998,178,False,True,True,True
England,club_suffix_only,exact,1.0,Elliot Anderson,Elliot Anderson,ANDERSON Elliot,Nottingham Forest,Nottingham Forest FC (ENG),Midfielder,Midfielder,8,06/11/2002,179,False,True,True,True
England,club_suffix_only,exact,1.0,Ezri Konsa,Ezri Konsa,KONSA Ezri,Aston Villa,Aston Villa FC (ENG),Defender,Defender,2,23/10/1997,180,False,True,True,True
England,club_suffix_only,exact,1.0,Harry Kane,Harry Kane,KANE Harry,Bayern Munich,FC Bayern München (GER),Forward,Forward,9,28/07/1993,190,False,True,True,True
England,club_suffix_only,exact,1.0,Ivan Toney,Ivan Toney,TONEY Ivan,Al-Ahli,Al Ahli FC (KSA),Forward,Forward,22,16/03/1996,185,False,True,True,True
England,club_suffix_only,exact,1.0,James Trafford,James Trafford,TRAFFORD James,Manchester City,Manchester City FC (ENG),Goalkeeper,Goalkeeper,23,10/10/2002,197,False,True,True,True
England,club_suffix_only,exact,1.0,Jarell Quansah,Jarell Quansah,QUANSAH Jarell,Bayer Leverkusen,Bayer 04 Leverkusen (GER),Defender,Defender,26,29/01/2003,190,False,True,True,True
England,club_suffix_only,exact,1.0,John Stones,John Stones,STONES John,Manchester City,Manchester City FC (ENG),Defender,Defender,5,28/05/1994,188,False,True,True,True
England,club_suffix_only,exact,1.0,Jordan Henderson,Jordan Henderson,HENDERSON Jordan,Brentford,Brentford FC (ENG),Midfielder,Midfielder,14,17/06/1990,183,False,True,True,True
England,club_suffix_only,exact,1.0,Jordan Pickford,Jordan Pickford,PICKFORD Jordan,Everton,Everton FC (ENG),Goalkeeper,Goalkeeper,1,07/03/1994,185,False,True,True,True
England,club_suffix_only,exact,1.0,Jude Bellingham,Jude Bellingham,BELLINGHAM Jude,Real Madrid,Real Madrid C. F. (ESP),Midfielder,Midfielder,10,29/06/2003,183,False,True,True,True
England,club_suffix_only,exact,1.0,Kobbie Mainoo,Kobbie Mainoo,MAINOO Kobbie,Manchester United,Manchester United FC (ENG),Midfielder,Midfielder,16,19/04/2005,183,False,True,True,True
England,club_suffix_only,exact,1.0,Marcus Rashford,Marcus Rashford,RASHFORD Marcus,Barcelona,FC Barcelona (ESP),Forward,Forward,11,31/10/1997,180,False,True,True,True
England,club_suffix_only,exact,1.0,Morgan Rogers,Morgan Rogers,ROGERS Morgan,Aston Villa,Aston Villa FC (ENG),Midfielder,Midfielder,17,26/07/2002,187,False,True,True,True
England,club_suffix_only,exact,1.0,Noni Madueke,Noni Madueke,MADUEKE Noni,Arsenal,Arsenal FC (ENG),Forward,Forward,20,10/03/2002,182,False,True,True,True
England,club_suffix_only,exact,1.0,Ollie Watkins,Ollie Watkins,WATKINS Ollie,Aston Villa,Aston Villa FC (ENG),Forward,Forward,19,30/12/1995,180,False,True,True,True
England,club_suffix_only,exact,1.0,Reece James,Reece James,JAMES Reece,Chelsea,Chelsea FC (ENG),Defender,Defender,24,08/12/1999,180,False,True,True,True
England,club_suffix_only,exact,1.0,Tino Livramento,Tino Livramento,LIVRAMENTO Tino,Newcastle United,Newcastle United FC (ENG),Defender,Defender,12,12/11/2002,182,False,True,True,True
France,club_suffix_only,exact,1.0,Adrien Rabiot,Adrien Rabiot,RABIOT Adrien,AC Milan,AC Milan (ITA),Midfielder,Midfielder,14,03/04/1995,191,False,True,True,True
France,club_suffix_only,exact,1.0,Bradley Barcola,Bradley Barcola,BARCOLA Bradley,Paris Saint-Germain,Paris Saint-Germain (FRA),Forward,Forward,12,02/09/2002,187,False,True,True,True
France,club_suffix_only,exact,1.0,Brice Samba,Brice Samba,SAMBA Brice,Rennes,Stade Rennais FC (FRA),Goalkeeper,Goalkeeper,1,25/04/1994,187,False,True,True,True
France,club_suffix_only,exact,1.0,Dayot Upamecano,Dayot Upamecano,UPAMECANO Dayot,Bayern Munich,FC Bayern München (GER),Defender,Defender,4,27/10/1998,186,False,True,True,True
France,club_suffix_only,exact,1.0,Jean-Philippe Mateta,Jean-Philippe Mateta,MATETA Jean-Philippe,Crystal Palace,Crystal Palace FC (ENG),Forward,Forward,22,28/06/1997,192,False,True,True,True
France,club_suffix_only,exact,1.0,Lucas Digne,Lucas Digne,DIGNE Lucas,Aston Villa,Aston Villa FC (ENG),Defender,Defender,3,20/07/1993,178,False,True,True,True
France,club_suffix_only,exact,1.0,Malo Gusto,Malo Gusto,GUSTO Malo,Chelsea,Chelsea FC (ENG),Defender,Defender,2,19/05/2003,179,False,True,True,True
France,club_suffix_only,exact,1.0,Marcus Thuram,Marcus Thuram,THURAM Marcus,Internazionale,FC Internazionale Milano (ITA),Forward,Forward,9,06/08/1997,192,False,True,True,True
France,club_suffix_only,exact,1.0,Maxence Lacroix,Maxence Lacroix,LACROIX Maxence,Crystal Palace,Crystal Palace FC (ENG),Defender,Defender,26,06/04/2000,192,False,True,True,True
France,club_suffix_only,exact,1.0,Michael Olise,Michael Olise,OLISE Michael,Bayern Munich,FC Bayern München (GER),Forward,Forward,11,12/12/2001,184,False,True,True,True
France,club_suffix_only,exact,1.0,Mike Maignan,Mike Maignan,MAIGNAN Mike,AC Milan,AC Milan (ITA),Goalkeeper,Goalkeeper,16,03/07/1995,191,False,True,True,True
France,club_suffix_only,exact,1.0,Robin Risser,Robin Risser,RISSER Robin,Lens,RC Lens (FRA),Goalkeeper,Goalkeeper,23,02/12/2004,193,False,True,True,True
France,club_suffix_only,exact,1.0,William Saliba,William Saliba,SALIBA William,Arsenal,Arsenal FC (ENG),Defender,Defender,17,24/03/2001,192,False,True,True,True
Germany,club_suffix_only,exact,1.0,Aleksandar Pavlovic,Aleksandar Pavlovic,PAVLOVIC Aleksandar,Bayern Munich,FC Bayern München (GER),Midfielder,Midfielder,5,03/05/2004,188,False,True,True,True
Germany,club_suffix_only,exact,1.0,Angelo Stiller,Angelo Stiller,STILLER Angelo,Stuttgart,VfB Stuttgart (GER),Midfielder,Midfielder,16,04/04/2001,183,False,True,True,True
Germany,club_suffix_only,exact,1.0,David Raum,David Raum,RAUM David,RB Leipzig,RB Leipzig (GER),Defender,Defender,22,22/04/1998,180,False,True,True,True
Germany,club_suffix_only,exact,1.0,Deniz Undav,Deniz Undav,UNDAV Deniz,Stuttgart,VfB Stuttgart (GER),Forward,Forward,26,19/07/1996,179,False,True,True,True
Germany,club_suffix_only,exact,1.0,Felix Nmecha,Felix Nmecha,NMECHA Felix,Borussia Dortmund,Borussia Dortmund (GER),Midfielder,Midfielder,23,10/10/2000,190,False,True,True,True
Germany,club_suffix_only,exact,1.0,Jamal Musiala,Jamal Musiala,MUSIALA Jamal,Bayern Munich,FC Bayern München (GER),Midfielder,Midfielder,10,26/02/2003,180,False,True,True,True
Germany,club_suffix_only,exact,1.0,Jonathan Tah,Jonathan Tah,TAH Jonathan,Bayern Munich,FC Bayern München (GER),Defender,Defender,4,11/02/1996,195,False,True,True,True
Germany,club_suffix_only,exact,1.0,Kai Havertz,Kai Havertz,HAVERTZ Kai,Arsenal,Arsenal FC (ENG),Forward,Forward,7,11/06/1999,190,False,True,True,True
Germany,club_suffix_only,exact,1.0,Lennart Karl,Lennart Karl,KARL Lennart,Bayern Munich,FC Bayern München (GER),Midfielder,Midfielder,25,22/02/2008,170,False,True,True,True
Germany,club_suffix_only,exact,1.0,Leon Goretzka,Leon Goretzka,GORETZKA Leon,Bayern Munich,FC Bayern München (GER),Midfielder,Midfielder,8,06/02/1995,189,False,True,True,True
Germany,club_suffix_only,exact,1.0,Malick Thiaw,Malick Thiaw,THIAW Malick,Newcastle,Newcastle United FC (ENG),Defender,Defender,24,08/08/2001,194,False,True,True,True
Germany,club_suffix_only,exact,1.0,Manuel Neuer,Manuel Neuer,NEUER Manuel,Bayern Munich,FC Bayern München (GER),Goalkeeper,Goalkeeper,1,27/03/1986,193,False,True,True,True
Germany,club_suffix_only,exact,1.0,Maximilian Beier,Maximilian Beier,BEIER Maximilian,Borussia Dortmund,Borussia Dortmund (GER),Forward,Forward,14,17/10/2002,185,False,True,True,True
Germany,club_suffix_only,exact,1.0,Nathaniel Brown,Nathaniel Brown,BROWN Nathaniel,Eintracht Frankfurt,Eintracht Frankfurt (GER),Defender,Defender,18,16/06/2003,176,False,True,True,True
Germany,club_suffix_only,exact,1.0,Nick Woltemade,Nick Woltemade,WOLTEMADE Nick,Newcastle,Newcastle United FC (ENG),Forward,Forward,11,14/02/2002,198,False,True,True,True
Germany,club_suffix_only,exact,1.0,Nico Schlotterbeck,Nico Schlotterbeck,SCHLOTTERBECK Nico,Borussia Dortmund,Borussia Dortmund (GER),Defender,Defender,15,01/12/1999,191,False,True,True,True
Germany,club_suffix_only,exact,1.0,Oliver Baumann,Oliver Baumann,BAUMANN Oliver,Hoffenheim,TSG Hoffenheim (GER),Goalkeeper,Goalkeeper,12,02/06/1990,187,False,True,True,True
Germany,club_suffix_only,exact,1.0,Waldemar Anton,Waldemar Anton,ANTON Waldemar,Borussia Dortmund,Borussia Dortmund (GER),Defender,Defender,3,20/07/1996,189,False,True,True,True
Ghana,club_suffix_only,exact,1.0,Alidu Seidu,Alidu Seidu,SEIDU Alidu,Rennes,Stade Rennais FC (FRA),Defender,Defender,2,04/06/2000,173,False,True,True,True
Ghana,club_suffix_only,exact,1.0,Elisha Owusu,Elisha Owusu,OWUSU Elisha,AJ Auxerre,AJ Auxerre (FRA),Midfielder,Midfielder,15,07/11/1997,182,False,True,True,True
Ghana,club_suffix_only,exact,1.0,Gideon Mensah,Gideon Mensah,MENSAH Gideon,Auxerre,AJ Auxerre (FRA),Defender,Defender,14,18/07/1998,178,False,True,True,True
Ghana,club_suffix_only,exact,1.0,Jordan Ayew,Jordan Ayew,AYEW Jordan,Leicester City,Leicester City FC (ENG),Forward,Forward,9,11/09/1991,182,False,True,True,True
Ghana,club_suffix_only,exact,1.0,Joseph Anang,Joseph Anang,ANANG Joseph,St. Patrick's Athletic,St Patrick's Athletic FC (IRL),Goalkeeper,Goalkeeper,12,08/06/2000,190,False,True,True,True
Ghana,club_suffix_only,exact,1.0,Thomas Partey,Thomas Partey,PARTEY Thomas,Villarreal,Villarreal CF (ESP),Midfielder,Midfielder,5,13/06/1993,185,False,True,True,True
Haiti,club_suffix_only,exact,1.0,Carlens Arcus,Carlens Arcus,ARCUS Carlens,Angers,Angers SCO (FRA),Defender,Defender,2,28/06/1996,180,False,True,True,True
Haiti,club_suffix_only,exact,1.0,Danley Jean Jacques,Danley Jean Jacques,JEAN JACQUES Danley,Philadelphia Union,Philadelphia Union (USA),Midfielder,Midfielder,17,20/05/2000,182,False,True,True,True
Haiti,club_suffix_only,exact,1.0,Dominique Simon,Dominique Simon,SIMON Dominique,FC Tatran Prešov,FC Tatran Prešov (SVK),Midfielder,Midfielder,25,29/07/2000,178,False,True,True,True
Haiti,club_suffix_only,exact,1.0,Frantzdy Pierrot,Frantzdy Pierrot,PIERROT Frantzdy,Çaykur Rizespor,Çaykur Rizespor (TUR),Forward,Forward,20,29/03/1995,194,False,True,True,True
Haiti,club_suffix_only,exact,1.0,Hannes Delcroix,Hannes Delcroix,DELCROIX Hannes,Lugano,FC Lugano (SUI),Defender,Defender,5,28/02/1999,183,False,True,True,True
Haiti,club_suffix_only,exact,1.0,Johny Placide,Johny Placide,PLACIDE Johny,Bastia,SC Bastia (FRA),Goalkeeper,Goalkeeper,1,29/01/1988,181,False,True,True,True
Haiti,club_suffix_only,exact,1.0,Josue Duverger,Josue Duverger,DUVERGER Josue,Cosmos Koblenz,FC Cosmos Koblenz (GER),Goalkeeper,Goalkeeper,23,27/04/2000,187,False,True,True,True
Haiti,club_suffix_only,exact,1.0,Keeto Thermoncy,Keeto Thermoncy,THERMONCY Keeto,Young Boys,BSC Young Boys (SUI),Defender,Defender,3,29/03/2006,179,False,True,True,True
Haiti,club_suffix_only,exact,1.0,Leverton Pierre,Leverton Pierre,PIERRE Leverton,Vizela,FC Vizela (POR),Midfielder,Midfielder,14,09/03/1998,181,False,True,True,True
Haiti,club_suffix_only,exact,1.0,Louicius Deedson,Louicius Deedson,DEEDSON Louicius,FC Dallas,FC Dallas (USA),Forward,Forward,11,11/02/2001,178,False,True,True,True
Haiti,club_suffix_only,exact,1.0,Ruben Providence,Ruben Providence,PROVIDENCE Ruben,Almere,Almere City FC (NED),Forward,Forward,15,07/07/2001,178,False,True,True,True
Haiti,club_suffix_only,exact,1.0,Wilguens Paugain,Wilguens Paugain,PAUGAIN Wilguens,Zulte Waregem,SV Zulte Waregem (BEL),Defender,Defender,24,24/08/2001,180,False,True,True,True
Haiti,club_suffix_only,exact,1.0,Wilson Isidor,Wilson Isidor,ISIDOR Wilson,Sunderland,Sunderland AFC (ENG),Forward,Forward,18,27/08/2000,184,False,True,True,True
Haiti,club_suffix_only,exact,1.0,Woodensky Pierre,Woodensky Pierre,PIERRE Woodensky,Violette,Violette AC (HAI),Midfielder,Midfielder,26,30/12/2004,177,False,True,True,True
Iran,club_suffix_only,exact,1.0,Ali Alipour,Ali Alipour,ALIPOUR Ali,Persepolis,Persepolis FC (IRN),Forward,Forward,11,11/11/1995,181,False,True,True,True
Iran,club_suffix_only,exact,1.0,Milad Mohammadi,Milad Mohammadi,MOHAMMADI Milad,Persepolis,Persepolis FC (IRN),Defender,Defender,5,29/09/1993,175,False,True,True,True
Iran,club_suffix_only,exact,1.0,Mohammad Ghorbani,Mohammad Ghorbani,GHORBANI Mohammad,Al-Wahda,Al Wahda SC (UAE),Midfielder,Midfielder,21,07/10/2001,190,False,True,True,True
Iran,club_suffix_only,exact,1.0,Payam Niazmand,Payam Niazmand,NIAZMAND Payam,Persepolis,Persepolis FC (IRN),Goalkeeper,Goalkeeper,12,06/04/1995,193,False,True,True,True
Iran,club_suffix_only,exact,1.0,Saeid Ezatolahi,Saeid Ezatolahi,EZATOLAHI Saeid,Shabab Al-Ahli,Shabab Al Ahli Club (UAE),Midfielder,Midfielder,6,01/10/1996,189,False,True,True,True
Iraq,club_suffix_only,exact,1.0,Ahmed Basil,Ahmed Basil,AHMED BASIL,Al-Shorta,Al Shorta SC (IRQ),Goalkeeper,Goalkeeper,22,19/08/1996,184,False,True,True,True
Iraq,club_suffix_only,exact,1.0,Ahmed Yahya,Ahmed Yahya,AHMED YAHYA,Al-Shorta SC (Irak),Al Shorta SC (IRQ),Defender,Defender,15,01/07/1995,187,False,True,True,True
Iraq,club_suffix_only,exact,1.0,Ali Yousif,Ali Yousif,ALI YOUSIF,Al-Talaba,Al Talaba SC (IRQ),Forward,Forward,13,19/01/1996,180,False,True,True,True
Iraq,club_suffix_only,exact,1.0,Aymen Hussein,Aymen Hussein,AYMEN HUSSEIN,Al-Karma,Al Karma SC (IRQ),Forward,Forward,18,22/03/1996,190,False,True,True,True
Iraq,club_suffix_only,exact,1.0,Fahad Talib,Fahad Talib,FAHAD TALIB,Al-Talaba,Al Talaba SC (IRQ),Goalkeeper,Goalkeeper,1,21/10/1994,192,False,True,True,True
Iraq,club_suffix_only,exact,1.0,Hussein Ali,Hussein Ali,HUSSEIN ALI,Pogon Szczecin,Pogoń Szczecin (POL),Defender,Defender,3,01/03/2002,182,False,True,True,True
Iraq,club_suffix_only,exact,1.0,Kevin Yakob,Kevin Yakob,KEVIN YAKOB,Aarhus GF,Aarhus GF (DEN),Midfielder,Midfielder,19,10/10/2000,180,False,True,True,True
Iraq,club_suffix_only,exact,1.0,Merchas Doski,Merchas Doski,MERCHAS DOSKI,Viktoria Plzen,FC Viktoria Plzeň (CZE),Defender,Defender,23,07/12/1999,173,False,True,True,True
Iraq,club_suffix_only,exact,1.0,Mohanad Ali,Mohanad Ali,MOHANAD ALI,Dibba,Dibba FC (UAE),Forward,Forward,10,20/06/2000,183,False,True,True,True
Iraq,club_suffix_only,exact,1.0,Mustafa Saadoon,Mustafa Saadoon,MUSTAFA SAADOON,Al-Shorta,Al Shorta SC (IRQ),Defender,Defender,25,25/05/2001,181,False,True,True,True
Iraq,club_suffix_only,exact,1.0,Youssef Amyn,Youssef Amyn,YOUSSEF AMYN,AEK Larnaca,AEK Larnaca FC (CYP),Midfielder,Midfielder,7,21/08/2003,172,False,True,True,True
Iraq,club_suffix_only,exact,1.0,Zidane Iqbal,Zidane Iqbal,ZIDANE IQBAL,Utrecht,FC Utrecht (NED),Midfielder,Midfielder,14,27/04/2003,183,False,True,True,True
Ivory Coast,club_suffix_only,exact,1.0,Alban Lafont,Alban Lafont,LAFONT Alban,Panathinaikos,Panathinaikos FC (GRE),Goalkeeper,Goalkeeper,23,23/01/1999,196,False,True,True,True
Ivory Coast,club_suffix_only,exact,1.0,Amad Diallo,Amad Diallo,DIALLO Amad,Manchester United,Manchester United FC (ENG),Forward,Forward,15,11/07/2002,173,False,True,True,True
Ivory Coast,club_suffix_only,exact,1.0,Ange-Yoan Bonny,Ange-Yoan Bonny,BONNY Ange-Yoan,Internazionale,FC Internazionale Milano (ITA),Forward,Forward,9,25/10/2003,189,False,True,True,True
Ivory Coast,club_suffix_only,exact,1.0,Elye Wahi,Elye Wahi,WAHI Elye,Nice,OGC Nice (FRA),Forward,Forward,12,02/01/2003,181,False,True,True,True
Ivory Coast,club_suffix_only,exact,1.0,Emmanuel Agbadou,Emmanuel Agbadou,AGBADOU Emmanuel,Beşiktaş,Beşiktaş JK (TUR),Defender,Defender,20,17/06/1997,185,False,True,True,True
Ivory Coast,club_suffix_only,exact,1.0,Evan Ndicka,Evan Ndicka,NDICKA Evan,AS Roma,AS Roma (ITA),Defender,Defender,21,20/08/1999,192,False,True,True,True
Ivory Coast,club_suffix_only,exact,1.0,Ghislain Konan,Ghislain Konan,KONAN Ghislain,Gil Vicente,Gil Vicente FC (POR),Defender,Defender,3,27/12/1995,176,False,True,True,True
Ivory Coast,club_suffix_only,exact,1.0,Odilon Kossounou,Odilon Kossounou,KOSSOUNOU Odilon,Atalanta,Atalanta Bergamo (ITA),Defender,Defender,7,04/01/2001,191,False,True,True,True
Ivory Coast,club_suffix_only,exact,1.0,Ousmane Diomande,Ousmane Diomande,DIOMANDE Ousmane,Sporting CP,Sporting CP (POR),Defender,Defender,2,04/12/2003,190,False,True,True,True
Ivory Coast,club_suffix_only,exact,1.0,Parfait Guiagon,Parfait Guiagon,GUIAGON Parfait,Charleroi,Sporting Charleroi (BEL),Midfielder,Midfielder,25,22/02/2001,165,False,True,True,True
Ivory Coast,club_suffix_only,exact,1.0,Seko Fofana,Seko Fofana,FOFANA Seko,Porto,FC Porto (POR),Midfielder,Midfielder,6,07/05/1995,185,False,True,True,True
Ivory Coast,club_suffix_only,exact,1.0,Simon Adingra,Simon Adingra,ADINGRA Simon,AS Monaco,AS Monaco (FRA),Forward,Forward,10,01/01/2002,175,False,True,True,True
Ivory Coast,club_suffix_only,exact,1.0,Wilfried Singo,Wilfried Singo,SINGO Wilfried,Galatasaray,Galatasaray SK (TUR),Defender,Defender,5,25/12/2000,182,False,True,True,True
Ivory Coast,club_suffix_only,exact,1.0,Yan Diomande,Yan Diomande,DIOMANDE Yan,RB Leipzig,RB Leipzig (GER),Forward,Forward,11,14/11/2006,180,False,True,True,True
Japan,club_suffix_only,exact,1.0,Ao Tanaka,Ao Tanaka,TANAKA Ao,Leeds United,Leeds United FC (ENG),Midfielder,Midfielder,7,10/09/1998,180,False,True,True,True
Japan,club_suffix_only,exact,1.0,Ayase Ueda,Ayase Ueda,UEDA Ayase,Feyenoord,Feyenoord Rotterdam (NED),Forward,Forward,18,28/08/1998,182,False,True,True,True
Japan,club_suffix_only,exact,1.0,Daichi Kamada,Daichi Kamada,KAMADA Daichi,Crystal Palace,Crystal Palace FC (ENG),Midfielder,Midfielder,15,05/08/1996,180,False,True,True,True
Japan,club_suffix_only,exact,1.0,Hiroki Ito,Hiroki Ito,ITO Hiroki,Bayern Munich,FC Bayern München (GER),Defender,Defender,21,12/05/1999,188,False,True,True,True
Japan,club_suffix_only,exact,1.0,Keisuke Osako,Keisuke Osako,OSAKO Keisuke,Sanfrecce Hiroshima,Sanfrecce Hiroshima (JPN),Goalkeeper,Goalkeeper,12,28/07/1999,188,False,True,True,True
Japan,club_suffix_only,exact,1.0,Koki Ogawa,Koki Ogawa,OGAWA Koki,NEC Nijmegen,NEC Nijmegen (NED),Forward,Forward,19,08/08/1997,186,False,True,True,True
Japan,club_suffix_only,exact,1.0,Takefusa Kubo,Takefusa Kubo,KUBO Takefusa,Real Sociedad,Real Sociedad (ESP),Midfielder,Midfielder,8,04/06/2001,173,False,True,True,True
Japan,club_suffix_only,exact,1.0,Takehiro Tomiyasu,Takehiro Tomiyasu,TOMIYASU Takehiro,Ajax,AFC Ajax (NED),Defender,Defender,22,05/11/1998,187,False,True,True,True
Japan,club_suffix_only,exact,1.0,Wataru Endo,Wataru Endo,ENDO Wataru,Liverpool,Liverpool FC (ENG),Midfielder,Midfielder,6,09/02/1993,178,False,True,True,True
Japan,club_suffix_only,exact,1.0,Yukinari Sugawara,Yukinari Sugawara,SUGAWARA Yukinari,Werder Bremen,SV Werder Bremen (GER),Defender,Defender,2,28/06/2000,179,False,True,True,True
Japan,club_suffix_only,exact,1.0,Zion Suzuki,Zion Suzuki,SUZUKI Zion,Parma,Parma (ITA),Goalkeeper,Goalkeeper,1,21/08/2002,190,False,True,True,True
Jordan,club_suffix_only,exact,1.0,Ali Olwan,Ali Olwan,ALI OLWAN,Al-Sailiaya,Al Sailiya SC (QAT),Forward,Forward,9,26/03/2000,182,False,True,True,True
Jordan,club_suffix_only,exact,1.0,Ibrahim Sadeh,Ibrahim Sadeh,IBRAHIM SADEH,Al-Karma,Al Karma SC (IRQ),Midfielder,Midfielder,15,27/04/2000,175,False,True,True,True
Jordan,club_suffix_only,exact,1.0,Rajaei Ayed,Rajaei Ayed,RAJAEI AYED,Al-Hussein,Al Hussein SC (JOR),Midfielder,Midfielder,14,25/07/1993,175,False,True,True,True
Mexico,club_suffix_only,exact,1.0,Alexis Vega,Alexis Vega,VEGA Alexis,Toluca,Deportivo Toluca FC (MEX),Forward,Forward,10,25/11/1997,175,False,True,True,True
Mexico,club_suffix_only,exact,1.0,Carlos Acevedo,Carlos Acevedo,ACEVEDO Carlos,Santos Laguna,Club Santos Laguna (MEX),Goalkeeper,Goalkeeper,12,19/04/1996,185,False,True,True,True
Mexico,club_suffix_only,exact,1.0,Erik Lira,Erik Lira,LIRA Erik,Cruz Azul,CF Cruz Azul (MEX),Midfielder,Midfielder,6,08/05/2000,172,False,True,True,True
Mexico,club_suffix_only,exact,1.0,Gilberto Mora,Gilberto Mora,MORA Gilberto,Tijuana,Club Tijuana (MEX),Midfielder,Midfielder,19,14/10/2008,175,False,True,True,True
Mexico,club_suffix_only,exact,1.0,Guillermo Ochoa,Guillermo Ochoa,OCHOA Guillermo,AEL Limassol,AEL Limassol (CYP),Goalkeeper,Goalkeeper,13,13/07/1985,185,False,True,True,True
Mexico,club_suffix_only,exact,1.0,Israel Reyes,Israel Reyes,REYES Israel,América,Club América (MEX),Defender,Defender,15,23/05/2000,181,False,True,True,True
Mexico,club_suffix_only,exact,1.0,Luis Romo,Luis Romo,ROMO Luis,Chivas,CD Guadalajara (MEX),Midfielder,Midfielder,7,05/06/1995,183,False,True,True,True
Mexico,club_suffix_only,exact,1.0,Obed Vargas,Obed Vargas,VARGAS Obed,Atlético de Madrid,Atlético De Madrid (ESP),Midfielder,Midfielder,18,05/08/2005,175,False,True,True,True
Mexico,club_suffix_only,exact,1.0,Roberto Alvarado,Roberto Alvarado,ALVARADO Roberto,Chivas,CD Guadalajara (MEX),Forward,Forward,25,07/09/1998,176,False,True,True,True
Mexico,club_suffix_only,exact,1.0,Santiago Gimenez,Santiago Gimenez,GIMENEZ Santiago,Milan,AC Milan (ITA),Forward,Forward,11,18/04/2001,180,False,True,True,True
Morocco,club_suffix_only,exact,1.0,Abde Ezzalzouli,Abde Ezzalzouli,EZZALZOULI Abde,Betis,Real Betis (ESP),Forward,Forward,17,17/12/2001,177,False,True,True,True
Morocco,club_suffix_only,exact,1.0,Achraf Hakimi,Achraf Hakimi,HAKIMI Achraf,PSG,Paris Saint-Germain (FRA),Defender,Defender,2,04/11/1998,180,False,True,True,True
Morocco,club_suffix_only,exact,1.0,Azzedine Ounahi,Azzedine Ounahi,OUNAHI Azzedine,Girona,Girona FC (ESP),Midfielder,Midfielder,8,19/04/2000,182,False,True,True,True
Morocco,club_suffix_only,exact,1.0,Chadi Riad,Chadi Riad,RIAD Chadi,Crystal Palace,Crystal Palace FC (ENG),Defender,Defender,18,17/06/2003,186,False,True,True,True
Morocco,club_suffix_only,exact,1.0,Noussair Mazraoui,Noussair Mazraoui,MAZRAOUI Noussair,Manchester United,Manchester United FC (ENG),Defender,Defender,3,14/11/1997,183,False,True,True,True
Morocco,club_suffix_only,exact,1.0,Sofyan Amrabat,Sofyan Amrabat,AMRABAT Sofyan,Betis,Real Betis (ESP),Midfielder,Midfielder,4,21/08/1996,185,False,True,True,True
Morocco,club_suffix_only,exact,1.0,Soufiane Rahimi,Soufiane Rahimi,RAHIMI Soufiane,Al-Ain,Al Ain FC (UAE),Forward,Forward,9,02/06/1996,180,False,True,True,True
Morocco,club_suffix_only,exact,1.0,Yassine Bounou,Yassine Bounou,BOUNOU Yassine,Al-Hilal,Al Hilal SC (KSA),Goalkeeper,Goalkeeper,1,05/04/1991,192,False,True,True,True
Netherlands,club_suffix_only,exact,1.0,Brian Brobbey,Brian Brobbey,BROBBEY Brian,Sunderland,Sunderland AFC (ENG),Forward,Forward,19,01/02/2002,181,False,True,True,True
Netherlands,club_suffix_only,exact,1.0,Cody Gakpo,Cody Gakpo,GAKPO Cody,Liverpool,Liverpool FC (ENG),Forward,Forward,11,07/05/1999,193,False,True,True,True
Netherlands,club_suffix_only,exact,1.0,Crysencio Summerville,Crysencio Summerville,SUMMERVILLE Crysencio,West Ham,West Ham United FC (ENG),Forward,Forward,24,30/10/2001,172,False,True,True,True
Netherlands,club_suffix_only,exact,1.0,Denzel Dumfries,Denzel Dumfries,DUMFRIES Denzel,Inter Milan,FC Internazionale Milano (ITA),Defender,Defender,22,18/04/1996,188,False,True,True,True
Netherlands,club_suffix_only,exact,1.0,Frenkie de Jong,Frenkie de Jong,DE JONG Frenkie,Barcelona,FC Barcelona (ESP),Midfielder,Midfielder,21,12/05/1997,181,False,True,True,True
Netherlands,club_suffix_only,exact,1.0,Guus Til,Guus Til,TIL Guus,PSV,PSV Eindhoven (NED),Midfielder,Midfielder,16,22/12/1997,188,False,True,True,True
Netherlands,club_suffix_only,exact,1.0,Jorrel Hato,Jorrel Hato,HATO Jorrel,Chelsea,Chelsea FC (ENG),Defender,Defender,25,07/03/2006,182,False,True,True,True
Netherlands,club_suffix_only,exact,1.0,Justin Kluivert,Justin Kluivert,KLUIVERT Justin,Bournemouth,AFC Bournemouth (ENG),Midfielder,Midfielder,7,05/05/1999,173,False,True,True,True
Netherlands,club_suffix_only,exact,1.0,Mark Flekken,Mark Flekken,FLEKKEN Mark,Bayer Leverkusen,Bayer 04 Leverkusen (GER),Goalkeeper,Goalkeeper,23,13/06/1993,195,False,True,True,True
Netherlands,club_suffix_only,exact,1.0,Marten de Roon,Marten de Roon,DE ROON Marten,Atalanta,Atalanta Bergamo (ITA),Midfielder,Midfielder,3,29/03/1991,186,False,True,True,True
Netherlands,club_suffix_only,exact,1.0,Memphis Depay,Memphis Depay,DEPAY Memphis,Corinthians,SC Corinthians (BRA),Forward,Forward,10,13/02/1994,178,False,True,True,True
Netherlands,club_suffix_only,exact,1.0,Micky van de Ven,Micky van de Ven,VAN DE VEN Micky,Tottenham,Tottenham Hotspur FC (ENG),Defender,Defender,15,19/04/2001,193,False,True,True,True
Netherlands,club_suffix_only,exact,1.0,Noa Lang,Noa Lang,LANG Noa,Galatasaray,Galatasaray SK (TUR),Forward,Forward,17,17/06/1999,176,False,True,True,True
Netherlands,club_suffix_only,exact,1.0,Quinten Timber,Quinten Timber,TIMBER Quinten,Marseille,Olympique Marseille (FRA),Midfielder,Midfielder,26,17/06/2001,176,False,True,True,True
Netherlands,club_suffix_only,exact,1.0,Robin Roefs,Robin Roefs,ROEFS Robin,Sunderland,Sunderland AFC (ENG),Goalkeeper,Goalkeeper,13,17/01/2003,193,False,True,True,True
Netherlands,club_suffix_only,exact,1.0,Ryan Gravenberch,Ryan Gravenberch,GRAVENBERCH Ryan,Liverpool,Liverpool FC (ENG),Midfielder,Midfielder,8,16/05/2002,190,False,True,True,True
Netherlands,club_suffix_only,exact,1.0,Teun Koopmeiners,Teun Koopmeiners,KOOPMEINERS Teun,Juventus,Juventus FC (ITA),Midfielder,Midfielder,20,28/02/1998,185,False,True,True,True
Netherlands,club_suffix_only,exact,1.0,Virgil van Dijk,Virgil van Dijk,VAN DIJK Virgil,Liverpool,Liverpool FC (ENG),Defender,Defender,4,08/07/1991,195,False,True,True,True
Netherlands,club_suffix_only,exact,1.0,Wout Weghorst,Wout Weghorst,WEGHORST Wout,Ajax,AFC Ajax (NED),Forward,Forward,9,07/08/1992,197,False,True,True,True
New Zealand,club_suffix_only,exact,1.0,Alex Paulsen,Alex Paulsen,PAULSEN Alex,Lechia Gdańsk,Lechia Gdańsk (POL),Goalkeeper,Goalkeeper,12,04/07/2002,193,False,True,True,True
New Zealand,club_suffix_only,exact,1.0,Alex Rufer,Alex Rufer,RUFER Alex,Wellington Phoenix,Wellington Phoenix FC (NZL),Midfielder,Midfielder,14,12/06/1996,180,False,True,True,True
New Zealand,club_suffix_only,exact,1.0,Ben Waine,Ben Waine,WAINE Ben,Port Vale,Port Vale FC (ENG),Forward,Forward,18,11/06/2001,185,False,True,True,True
New Zealand,club_suffix_only,exact,1.0,Callan Elliot,Callan Elliot,ELLIOT Callan,Auckland FC,Auckland FC (NZL),Defender,Defender,24,07/07/1999,177,False,True,True,True
New Zealand,club_suffix_only,exact,1.0,Chris Wood,Chris Wood,WOOD Chris,Nottingham Forest,Nottingham Forest FC (ENG),Forward,Forward,9,07/12/1991,191,False,True,True,True
New Zealand,club_suffix_only,exact,1.0,Finn Surman,Finn Surman,SURMAN Finn,Portland Timbers,Portland Timbers (USA),Defender,Defender,16,23/09/2003,190,False,True,True,True
New Zealand,club_suffix_only,exact,1.0,Francis De Vries,Francis de Vries,DE VRIES Francis,Auckland FC,Auckland FC (NZL),Defender,Defender,3,28/11/1994,181,False,True,True,True
New Zealand,club_suffix_only,exact,1.0,Jesse Randall,Jesse Randall,RANDALL Jesse,Auckland FC,Auckland FC (NZL),Forward,Forward,21,19/08/2002,176,False,True,True,True
New Zealand,club_suffix_only,exact,1.0,Liberato Cacace,Liberato Cacace,CACACE Liberato,Wrexham,Wrexham AFC (WAL),Defender,Defender,13,27/09/2000,182,False,True,True,True
New Zealand,club_suffix_only,exact,1.0,Marko Stamenic,Marko Stamenic,STAMENIC Marko,Swansea City,Swansea City AFC (WAL),Midfielder,Midfielder,8,19/02/2002,188,False,True,True,True
New Zealand,club_suffix_only,exact,1.0,Max Crocombe,Max Crocombe,CROCOMBE Max,Millwall,Millwall FC (ENG),Goalkeeper,Goalkeeper,1,12/08/1993,190,False,True,True,True
New Zealand,club_suffix_only,exact,1.0,Michael Boxall,Michael Boxall,BOXALL Michael,Minnesota United,Minnesota United FC (USA),Defender,Defender,5,18/08/1988,191,False,True,True,True
New Zealand,club_suffix_only,exact,1.0,Michael Woud,Michael Woud,WOUD Michael,Auckland FC,Auckland FC (NZL),Goalkeeper,Goalkeeper,22,16/01/1999,196,False,True,True,True
New Zealand,club_suffix_only,exact,1.0,Nando Pijnaker,Nando Pijnaker,PIJNAKER Nando,Auckland FC,Auckland FC (NZL),Defender,Defender,15,25/02/1999,185,False,True,True,True
New Zealand,club_suffix_only,exact,1.0,Ryan Thomas,Ryan Thomas,THOMAS Ryan,PEC Zwolle,PEC Zwolle (NED),Midfielder,Midfielder,23,20/12/1994,176,False,True,True,True
New Zealand,club_suffix_only,exact,1.0,Sarpreet Singh,Sarpreet Singh,SINGH Sarpreet,Wellington Phoenix,Wellington Phoenix FC (NZL),Midfielder,Midfielder,10,20/02/1999,180,False,True,True,True
New Zealand,club_suffix_only,exact,1.0,Tim Payne,Tim Payne,PAYNE Tim,Wellington Phoenix,Wellington Phoenix FC (NZL),Defender,Defender,2,10/01/1994,179,False,True,True,True
New Zealand,club_suffix_only,exact,1.0,Tommy Smith,Tommy Smith,SMITH Tommy,Braintree Town,Braintree Town FC (ENG),Defender,Defender,26,31/03/1990,188,False,True,True,True
Norway,club_suffix_only,exact,1.0,Antonio Nusa,Antonio Nusa,NUSA Antonio,RB Leipzig,RB Leipzig (GER),Forward,Forward,20,17/04/2005,183,False,True,True,True
Norway,club_suffix_only,exact,1.0,Egil Selvik,Egil Selvik,SELVIK Egil,Watford,Watford FC (ENG),Goalkeeper,Goalkeeper,13,30/07/1997,187,False,True,True,True
Norway,club_suffix_only,exact,1.0,Erling Haaland,Erling Haaland,HAALAND Erling,Manchester City,Manchester City FC (ENG),Forward,Forward,9,21/07/2000,195,False,True,True,True
Norway,club_suffix_only,exact,1.0,Kristian Thorstvedt,Kristian Thorstvedt,THORSTVEDT Kristian,Sassuolo,US Sassuolo (ITA),Midfielder,Midfielder,18,13/03/1999,189,False,True,True,True
Norway,club_suffix_only,exact,1.0,Kristoffer Ajer,Kristoffer Ajer,AJER Kristoffer,Brentford,Brentford FC (ENG),Defender,Defender,3,17/04/1998,198,False,True,True,True
Norway,club_suffix_only,exact,1.0,Marcus Holmgren Pedersen,Marcus Holmgren Pedersen,HOLMGREN PEDERSEN Marcus,Torino FC,Torino FC (ITA),Defender,Defender,16,16/07/2000,184,False,True,True,True
Norway,club_suffix_only,exact,1.0,Morten Thorsby,Morten Thorsby,THORSBY Morten,Cremonese,US Cremonese (ITA),Midfielder,Midfielder,2,05/05/1996,188,False,True,True,True
Norway,club_suffix_only,exact,1.0,Patrick Berg,Patrick Berg,BERG Patrick,Bodø/Glimt,FK Bodø/Glimt (NOR),Midfielder,Midfielder,6,24/11/1997,178,False,True,True,True
Norway,club_suffix_only,exact,1.0,Sander Berge,Sander Berge,BERGE Sander,Fulham,Fulham FC (ENG),Midfielder,Midfielder,8,14/02/1998,195,False,True,True,True
Panama,club_suffix_only,exact,1.0,Adalberto Carrasquilla,Adalberto Carrasquilla,CARRASQUILLA Adalberto,Pumas UNAM,Pumas UNAM (MEX),Midfielder,Midfielder,8,28/11/1998,171,False,True,True,True
Panama,club_suffix_only,exact,1.0,Alberto Quintero,Alberto Quintero,QUINTERO Alberto,Plaza Amador,CD Plaza Amador (PAN),Midfielder,Midfielder,19,18/12/1987,165,False,True,True,True
Panama,club_suffix_only,exact,1.0,Amir Murillo,Amir Murillo,MURILLO Amir,Beşiktaş,Beşiktaş JK (TUR),Defender,Defender,23,11/02/1996,185,False,True,True,True
Panama,club_suffix_only,exact,1.0,Fidel Escobar,Fidel Escobar,ESCOBAR Fidel,Saprissa,Deportivo Saprissa (CRC),Defender,Defender,4,09/01/1995,184,False,True,True,True
Panama,club_suffix_only,exact,1.0,Jiovany Ramos,Jiovany Ramos,RAMOS Jiovany,Puerto Cabello,Puerto Cabello CF (VEN),Defender,Defender,13,26/01/1997,188,False,True,True,True
Panama,club_suffix_only,exact,1.0,Orlando Mosquera,Orlando Mosquera,MOSQUERA Orlando,Al Fayha,Al Fayha FC (KSA),Goalkeeper,Goalkeeper,22,25/12/1994,191,False,True,True,True
Panama,club_suffix_only,exact,1.0,Roderick Miller,Roderick Miller,MILLER Roderick,Turan Tovuz,Turan Tovuz (AZE),Defender,Defender,25,03/04/1992,190,False,True,True,True
Paraguay,club_suffix_only,exact,1.0,Antonio Sanabria,Antonio Sanabria,SANABRIA Antonio,Cremonese,US Cremonese (ITA),Forward,Forward,9,04/03/1996,180,False,True,True,True
Paraguay,club_suffix_only,exact,1.0,Isidro Pitta,Isidro Pitta,PITTA Isidro,Red Bull Bragantino,Red Bull Bragantino (BRA),Forward,Forward,25,14/08/1999,185,False,True,True,True
Paraguay,club_suffix_only,exact,1.0,Julio Enciso,Julio Enciso,ENCISO Julio,Strasbourg,RC Strasbourg (FRA),Forward,Forward,19,23/01/2004,168,False,True,True,True
Paraguay,club_suffix_only,exact,1.0,Omar Alderete,Omar Alderete,ALDERETE Omar,Sunderland,Sunderland AFC (ENG),Defender,Defender,3,26/12/1996,190,False,True,True,True
Portugal,club_suffix_only,exact,1.0,Bernardo Silva,Bernardo Silva,BERNARDO SILVA,Manchester City,Manchester City FC (ENG),Midfielder,Midfielder,10,10/08/1994,173,False,True,True,True
Portugal,club_suffix_only,exact,1.0,Bruno Fernandes,Bruno Fernandes,BRUNO FERNANDES,Manchester United,Manchester United FC (ENG),Midfielder,Midfielder,8,08/09/1994,183,False,True,True,True
Portugal,club_suffix_only,exact,1.0,Cristiano Ronaldo,Cristiano Ronaldo,CRISTIANO RONALDO,Al Nassr,Al Nassr FC (KSA),Forward,Forward,7,05/02/1985,185,False,True,True,True
Portugal,club_suffix_only,exact,1.0,Diogo Costa,Diogo Costa,DIOGO COSTA,Porto,FC Porto (POR),Goalkeeper,Goalkeeper,1,19/09/1999,188,False,True,True,True
Portugal,club_suffix_only,exact,1.0,Diogo Dalot,Diogo Dalot,DIOGO DALOT,Manchester United,Manchester United FC (ENG),Defender,Defender,5,18/03/1999,184,False,True,True,True
Portugal,club_suffix_only,exact,1.0,Matheus Nunes,Matheus Nunes,MATHEUS NUNES,Manchester City,Manchester City FC (ENG),Midfielder,Midfielder,6,27/08/1998,183,False,True,True,True
Portugal,club_suffix_only,exact,1.0,Nuno Mendes,Nuno Mendes,NUNO MENDES,Paris Saint-Germain,Paris Saint-Germain (FRA),Defender,Defender,25,19/06/2002,177,False,True,True,True
Portugal,club_suffix_only,exact,1.0,Pedro Neto,Pedro Neto,PEDRO NETO,Chelsea,Chelsea FC (ENG),Forward,Forward,18,09/03/2000,174,False,True,True,True
Portugal,club_suffix_only,exact,1.0,Rui Silva,Rui Silva,RUI SILVA,Sporting Lisbon,Sporting CP (POR),Goalkeeper,Goalkeeper,22,07/02/1994,191,False,True,True,True
Portugal,club_suffix_only,exact,1.0,Vitinha,Vitinha,VITINHA,PSG,Paris Saint-Germain (FRA),Midfielder,Midfielder,23,13/02/2000,170,False,True,True,True
Qatar,club_suffix_only,exact,1.0,Abdulaziz Hatem,Abdulaziz Hatem,ABDULAZIZ HATEM,Al Rayyan,Al Rayyan SC (QAT),Midfielder,Midfielder,6,01/01/1990,179,False,True,True,True
Qatar,club_suffix_only,exact,1.0,Ahmed Fathy,Ahmed Fathy,AHMED FATHY,Al-Arabi SC,Al Arabi SC (QAT),Midfielder,Midfielder,20,25/01/1993,171,False,True,True,True
Qatar,club_suffix_only,exact,1.0,Akram Afif,Akram Afif,AKRAM AFIF,Al Sadd,Al Sadd SC (QAT),Forward,Forward,11,18/11/1996,176,False,True,True,True
Qatar,club_suffix_only,exact,1.0,Almoez Ali,Almoez Ali,ALMOEZ ALI,Al Duhail,Al Duhail SC (QAT),Forward,Forward,19,19/08/1996,180,False,True,True,True
Qatar,club_suffix_only,exact,1.0,Boualem Khoukhi,Boualem Khoukhi,BOUALEM KHOUKHI,Al-Sadd SC,Al Sadd SC (QAT),Defender,Defender,16,09/07/1990,185,False,True,True,True
Qatar,club_suffix_only,exact,1.0,Lucas Mendes,Lucas Mendes,LUCAS MENDES,Al Wakrah,Al Wakrah SC (QAT),Defender,Defender,3,03/07/1990,179,False,True,True,True
Qatar,club_suffix_only,exact,1.0,Meshaal Barsham,Meshaal Barsham,MESHAAL BARSHAM,Al Sadd,Al Sadd SC (QAT),Goalkeeper,Goalkeeper,22,14/02/1998,180,False,True,True,True
Qatar,club_suffix_only,exact,1.0,Salah Zakaria,Salah Zakaria,SALAH ZAKARIA,Al Duhail,Al Duhail SC (QAT),Goalkeeper,Goalkeeper,21,24/04/1999,186,False,True,True,True
Qatar,club_suffix_only,exact,1.0,Yusuf Abdurisag,Yusuf Abdurisag,YUSUF ABDURISAG,Al Wakrah,Al Wakrah SC (QAT),Forward,Forward,15,06/08/1999,171,False,True,True,True
Saudi Arabia,club_suffix_only,exact,1.0,Ali Lajami,Ali Lajami,ALI LAJAMI,Al-Hilal,Al Hilal SC (KSA),Defender,Defender,3,24/04/1996,177,False,True,True,True
Saudi Arabia,club_suffix_only,exact,1.0,Mohamed Kanno,Mohamed Kanno,MOHAMED KANNO,Al-Hilal,Al Hilal SC (KSA),Midfielder,Midfielder,23,22/09/1994,191,False,True,True,True
Saudi Arabia,club_suffix_only,exact,1.0,Saud Abdulhamid,Saud Abdulhamid,SAUD ABDULHAMID,Lens,RC Lens (FRA),Defender,Defender,12,18/07/1999,172,False,True,True,True
Scotland,club_suffix_only,exact,1.0,Aaron Hickey,Aaron Hickey,HICKEY Aaron,Brentford,Brentford FC (ENG),Defender,Defender,2,10/06/2002,185,False,True,True,True
Scotland,club_suffix_only,exact,1.0,Andy Robertson,Andy Robertson,ROBERTSON Andy,Liverpool,Liverpool FC (ENG),Defender,Defender,3,11/03/1994,178,False,True,True,True
Scotland,club_suffix_only,exact,1.0,Angus Gunn,Angus Gunn,GUNN Angus,Nottingham Forest,Nottingham Forest FC (ENG),Goalkeeper,Goalkeeper,1,22/01/1996,196,False,True,True,True
Scotland,club_suffix_only,exact,1.0,Anthony Ralston,Anthony Ralston,RALSTON Anthony,Celtic,Celtic FC (SCO),Defender,Defender,24,16/11/1998,178,False,True,True,True
Scotland,club_suffix_only,exact,1.0,Grant Hanley,Grant Hanley,HANLEY Grant,Hibernian,Hibernian FC (SCO),Defender,Defender,5,20/11/1991,188,False,True,True,True
Scotland,club_suffix_only,exact,1.0,Jack Hendry,Jack Hendry,HENDRY Jack,Al Etiffaq,Al Ettifaq FC (KSA),Defender,Defender,13,07/05/1995,192,False,True,True,True
Scotland,club_suffix_only,exact,1.0,John Souttar,John Souttar,SOUTTAR John,Rangers,Rangers FC (SCO),Defender,Defender,15,25/09/1996,186,False,True,True,True
Scotland,club_suffix_only,exact,1.0,Kieran Tierney,Kieran Tierney,TIERNEY Kieran,Celtic,Celtic FC (SCO),Defender,Defender,6,05/06/1997,180,False,True,True,True
Scotland,club_suffix_only,exact,1.0,Lewis Ferguson,Lewis Ferguson,FERGUSON Lewis,Bologna,Bologna FC (ITA),Midfielder,Midfielder,19,24/08/1999,181,False,True,True,True
Scotland,club_suffix_only,exact,1.0,Liam Kelly,Liam Kelly,KELLY Liam,Rangers,Rangers FC (SCO),Goalkeeper,Goalkeeper,12,23/01/1996,184,False,True,True,True
Scotland,club_suffix_only,exact,1.0,Lyndon Dykes,Lyndon Dykes,DYKES Lyndon,Charlton Athletic,Charlton Athletic FC (ENG),Forward,Forward,9,07/10/1995,188,False,True,True,True
Scotland,club_suffix_only,exact,1.0,Nathan Patterson,Nathan Patterson,PATTERSON Nathan,Everton,Everton FC (ENG),Defender,Defender,22,16/10/2001,183,False,True,True,True
Scotland,club_suffix_only,exact,1.0,Ross Stewart,Ross Stewart,STEWART Ross,Southampton,Southampton FC (ENG),Forward,Forward,14,11/07/1996,188,False,True,True,True
Scotland,club_suffix_only,exact,1.0,Ryan Christie,Ryan Christie,CHRISTIE Ryan,Bournemouth,AFC Bournemouth (ENG),Midfielder,Midfielder,11,22/02/1995,178,False,True,True,True
Senegal,club_suffix_only,exact,1.0,Abdoulaye Seck,Abdoulaye Seck,SECK Abdoulaye,Maccabi Haifa,Maccabi Haifa FC (ISR),Defender,Defender,4,04/06/1992,192,False,True,True,True
Senegal,club_suffix_only,exact,1.0,Habib Diarra,Habib Diarra,DIARRA Habib,Sunderland,Sunderland AFC (ENG),Midfielder,Midfielder,21,03/01/2004,178,False,True,True,True
Senegal,club_suffix_only,exact,1.0,Idrissa Gana Gueye,Idrissa Gana Gueye,GUEYE Idrissa Gana,Everton,Everton FC (ENG),Midfielder,Midfielder,5,26/09/1989,174,False,True,True,True
Senegal,club_suffix_only,exact,1.0,Iliman Ndiaye,Iliman Ndiaye,NDIAYE Iliman,Everton,Everton FC (ENG),Forward,Forward,13,06/03/2000,180,False,True,True,True
Senegal,club_suffix_only,exact,1.0,Ismail Jakobs,Ismail Jakobs,JAKOBS Ismail,Galatasaray,Galatasaray SK (TUR),Defender,Defender,14,17/08/1999,184,False,True,True,True
Senegal,club_suffix_only,exact,1.0,Mory Diaw,Mory Diaw,DIAW Mory,Le Havre,Le Havre AC (FRA),Goalkeeper,Goalkeeper,23,22/06/1993,197,False,True,True,True
Senegal,club_suffix_only,exact,1.0,Nicolas Jackson,Nicolas Jackson,JACKSON Nicolas,Bayern,FC Bayern München (GER),Forward,Forward,11,20/06/2001,187,False,True,True,True
Senegal,club_suffix_only,exact,1.0,Pape Gueye,Pape Gueye,GUEYE Pape,Villarreal,Villarreal CF (ESP),Midfielder,Midfielder,26,24/01/1999,189,False,True,True,True
Senegal,club_suffix_only,exact,1.0,Pape Matar Sarr,Pape Matar Sarr,SARR Pape Matar,Tottenham,Tottenham Hotspur FC (ENG),Midfielder,Midfielder,17,14/09/2002,185,False,True,True,True
South Africa,club_suffix_only,exact,1.0,Aubrey Modiba,Aubrey Modiba,MODIBA Aubrey,Mamelodi Sundowns FC,Mamelodi Sundowns FC (RSA),Defender,Defender,6,22/07/1995,171,False,True,True,True
South Africa,club_suffix_only,exact,1.0,Evidence Makgopa,Evidence Makgopa,MAKGOPA Evidence,Orlando Pirates FC,Orlando Pirates FC (RSA),Forward,Forward,17,05/06/2000,183,False,True,True,True
South Africa,club_suffix_only,exact,1.0,Iqraam Rayners,Iqraam Rayners,RAYNERS Iqraam,Mamelodi Sundowns FC,Mamelodi Sundowns FC (RSA),Forward,Forward,15,19/12/1995,174,False,True,True,True
South Africa,club_suffix_only,exact,1.0,Jayden Adams,Jayden Adams,ADAMS Jayden,Mamelodi Sundowns FC,Mamelodi Sundowns FC (RSA),Midfielder,Midfielder,23,05/05/2001,177,False,True,True,True
South Africa,club_suffix_only,exact,1.0,Khuliso Mudau,Khuliso Mudau,MUDAU Khuliso,Mamelodi Sundowns FC,Mamelodi Sundowns FC (RSA),Defender,Defender,20,26/04/1995,179,False,True,True,True
South Africa,club_suffix_only,exact,1.0,Lyle Foster,Lyle Foster,FOSTER Lyle,Burnley FC,Burnley FC (ENG),Forward,Forward,9,03/09/2000,185,False,True,True,True
South Africa,club_suffix_only,exact,1.0,Nkosinathi Sibisi,Nkosinathi Sibisi,SIBISI Nkosinathi,Orlando Pirates,Orlando Pirates FC (RSA),Defender,Defender,19,22/09/1995,172,False,True,True,True
South Africa,club_suffix_only,exact,1.0,Oswin Appollis,Oswin Appollis,APPOLLIS Oswin,Orlando Pirates FC,Orlando Pirates FC (RSA),Forward,Forward,7,25/08/2001,171,False,True,True,True
South Africa,club_suffix_only,exact,1.0,Ricardo Goss,Ricardo Goss,GOSS Ricardo,Siwelele FC,Siwelele FC (RSA),Goalkeeper,Goalkeeper,22,02/04/1994,181,False,True,True,True
South Africa,club_suffix_only,exact,1.0,Sphephelo Sithole,Sphephelo Sithole,SITHOLE Sphephelo,CD Tondela,CD Tondela (POR),Midfielder,Midfielder,13,03/03/1999,197,False,True,True,True
South Africa,club_suffix_only,exact,1.0,Teboho Mokoena,Teboho Mokoena,MOKOENA Teboho,Mamelodi Sundowns FC,Mamelodi Sundowns FC (RSA),Midfielder,Midfielder,4,24/01/1997,177,False,True,True,True
South Africa,club_suffix_only,exact,1.0,Thapelo Maseko,Thapelo Maseko,MASEKO Thapelo,AEL Limassol,AEL Limassol (CYP),Forward,Forward,12,11/11/2003,178,False,True,True,True
South Africa,club_suffix_only,exact,1.0,Themba Zwane,Themba Zwane,ZWANE Themba,Mamelodi Sundowns,Mamelodi Sundowns FC (RSA),Midfielder,Midfielder,11,03/08/1989,178,False,True,True,True
Spain,club_suffix_only,exact,1.0,Aymeric Laporte,Aymeric Laporte,LAPORTE Aymeric,Athletic Club,Athletic Club (ESP),Defender,Defender,14,27/05/1994,191,False,True,True,True
Spain,club_suffix_only,exact,1.0,Borja Iglesias,Borja Iglesias,IGLESIAS Borja,Celta Vigo,RC Celta Vigo (ESP),Forward,Forward,26,17/01/1993,187,False,True,True,True
Spain,club_suffix_only,exact,1.0,Dani Olmo,Dani Olmo,OLMO Dani,Barcelona,FC Barcelona (ESP),Forward,Forward,10,07/05/1998,179,False,True,True,True
Spain,club_suffix_only,exact,1.0,David Raya,David Raya,RAYA David,Arsenal,Arsenal FC (ENG),Goalkeeper,Goalkeeper,1,15/09/1995,186,False,True,True,True
Spain,club_suffix_only,exact,1.0,Ferran Torres,Ferran Torres,TORRES Ferran,Barcelona,FC Barcelona (ESP),Forward,Forward,7,29/02/2000,183,False,True,True,True
Spain,club_suffix_only,exact,1.0,Gavi,Gavi,GAVI,Barcelona,FC Barcelona (ESP),Midfielder,Midfielder,9,05/08/2004,173,False,True,True,True
Spain,club_suffix_only,exact,1.0,Lamine Yamal,Lamine Yamal,YAMAL Lamine,Barcelona,FC Barcelona (ESP),Forward,Forward,19,13/07/2007,183,False,True,True,True
Spain,club_suffix_only,exact,1.0,Marc Cucurella,Marc Cucurella,CUCURELLA Marc,Chelsea,Chelsea FC (ENG),Defender,Defender,24,22/07/1998,173,False,True,True,True
Spain,club_suffix_only,exact,1.0,Marc Pubill,Marc Pubill,PUBILL Marc,Atlético Madrid,Atlético De Madrid (ESP),Defender,Defender,2,20/06/2003,191,False,True,True,True
Spain,club_suffix_only,exact,1.0,Marcos Llorente,Marcos Llorente,LLORENTE Marcos,Atlético Madrid,Atlético De Madrid (ESP),Defender,Defender,5,30/01/1995,183,False,True,True,True
Spain,club_suffix_only,exact,1.0,Mikel Merino,Mikel Merino,MERINO Mikel,Arsenal,Arsenal FC (ENG),Midfielder,Midfielder,6,22/06/1996,188,False,True,True,True
Spain,club_suffix_only,exact,1.0,Mikel Oyarzabal,Mikel Oyarzabal,OYARZABAL Mikel,Real Sociedad,Real Sociedad (ESP),Forward,Forward,21,21/04/1997,181,False,True,True,True
Spain,club_suffix_only,exact,1.0,Nico Williams,Nico Williams,WILLIAMS Nico,Athletic Club,Athletic Club (ESP),Forward,Forward,17,12/07/2002,181,False,True,True,True
Spain,club_suffix_only,exact,1.0,Pedri,Pedri,PEDRI,Barcelona,FC Barcelona (ESP),Midfielder,Midfielder,20,25/11/2002,174,False,True,True,True
Spain,club_suffix_only,exact,1.0,Pedro Porro,Pedro Porro,PORRO Pedro,Tottenham Hotspur,Tottenham Hotspur FC (ENG),Defender,Defender,12,13/09/1999,173,False,True,True,True
Spain,club_suffix_only,exact,1.0,Rodri,Rodri,RODRI,Manchester City,Manchester City FC (ENG),Midfielder,Midfielder,16,22/06/1996,190,False,True,True,True
Sweden,club_suffix_only,exact,1.0,Alexander Isak,Alexander Isak,ISAK Alexander,Liverpool,Liverpool FC (ENG),Forward,Forward,9,21/09/1999,190,False,True,True,True
Sweden,club_suffix_only,exact,1.0,Anthony Elanga,Anthony Elanga,ELANGA Anthony,Newcastle United,Newcastle United FC (ENG),Forward,Forward,11,27/04/2002,178,False,True,True,True
Sweden,club_suffix_only,exact,1.0,Benjamin Nygren,Benjamin Nygren,NYGREN Benjamin,Celtic,Celtic FC (SCO),Midfielder,Midfielder,10,08/07/2001,187,False,True,True,True
Sweden,club_suffix_only,exact,1.0,Carl Starfelt,Carl Starfelt,STARFELT Carl,Celta Vigo,RC Celta Vigo (ESP),Defender,Defender,15,01/06/1995,185,False,True,True,True
Sweden,club_suffix_only,exact,1.0,Daniel Svensson,Daniel Svensson,SVENSSON Daniel,Borussia Dortmund,Borussia Dortmund (GER),Defender,Defender,8,12/02/2002,183,False,True,True,True
Sweden,club_suffix_only,exact,1.0,Eric Smith,Eric Smith,SMITH Eric,St. Pauli,FC St. Pauli (GER),Defender,Defender,20,08/01/1997,192,False,True,True,True
Sweden,club_suffix_only,exact,1.0,Gabriel Gudmundsson,Gabriel Gudmundsson,GUDMUNDSSON Gabriel,Leeds United,Leeds United FC (ENG),Defender,Defender,5,29/04/1999,181,False,True,True,True
Sweden,club_suffix_only,exact,1.0,Gustaf Lagerbielke,Gustaf Lagerbielke,LAGERBIELKE Gustaf,Braga,SC Braga (POR),Defender,Defender,2,10/04/2000,193,False,True,True,True
Sweden,club_suffix_only,exact,1.0,Gustaf Nilsson,Gustaf Nilsson,NILSSON Gustaf,Club Brugge,Club Brugge (BEL),Forward,Forward,25,23/05/1997,197,False,True,True,True
Sweden,club_suffix_only,exact,1.0,Hjalmar Ekdal,Hjalmar Ekdal,EKDAL Hjalmar,Burnley,Burnley FC (ENG),Defender,Defender,14,21/10/1998,187,False,True,True,True
Sweden,club_suffix_only,exact,1.0,Isak Hien,Isak Hien,HIEN Isak,Atalanta,Atalanta Bergamo (ITA),Defender,Defender,4,13/01/1999,191,False,True,True,True
Sweden,club_suffix_only,exact,1.0,Jacob Widell Zetterstrom,Jacob Widell Zetterstrom,WIDELL ZETTERSTROM Jacob,Derby County,Derby County FC (ENG),Goalkeeper,Goalkeeper,1,11/07/1998,197,False,True,True,True
Sweden,club_suffix_only,exact,1.0,Ken Sema,Ken Sema,SEMA Ken,Pafos,Pafos FC (CYP),Midfielder,Midfielder,13,30/09/1993,180,False,True,True,True
Sweden,club_suffix_only,exact,1.0,Kristoffer Nordfeldt,Kristoffer Nordfeldt,NORDFELDT Kristoffer,AIK,AIK Stockholm (SWE),Goalkeeper,Goalkeeper,23,23/06/1989,190,False,True,True,True
Sweden,club_suffix_only,exact,1.0,Lucas Bergvall,Lucas Bergvall,BERGVALL Lucas,Tottenham,Tottenham Hotspur FC (ENG),Midfielder,Midfielder,7,02/02/2006,187,False,True,True,True
Sweden,club_suffix_only,exact,1.0,Viktor Johansson,Viktor Johansson,JOHANSSON Viktor,Stoke City,Stoke City FC (ENG),Goalkeeper,Goalkeeper,12,14/09/1998,187,False,True,True,True
Switzerland,club_suffix_only,exact,1.0,Ardon Jashari,Ardon Jashari,JASHARI Ardon,AC Milan,AC Milan (ITA),Midfielder,Midfielder,14,30/07/2002,181,False,True,True,True
Switzerland,club_suffix_only,exact,1.0,Breel Embolo,Breel Embolo,EMBOLO Breel,Rennes,Stade Rennais FC (FRA),Forward,Forward,7,14/02/1997,184,False,True,True,True
Switzerland,club_suffix_only,exact,1.0,Dan Ndoye,Dan Ndoye,NDOYE Dan,Nottingham Forest,Nottingham Forest FC (ENG),Forward,Forward,11,25/10/2000,184,False,True,True,True
Switzerland,club_suffix_only,exact,1.0,Djibril Sow,Djibril Sow,SOW Djibril,Sevilla,Sevilla FC (ESP),Midfielder,Midfielder,15,06/02/1997,183,False,True,True,True
Switzerland,club_suffix_only,exact,1.0,Fabian Rieder,Fabian Rieder,RIEDER Fabian,Augsburg,FC Augsburg (GER),Midfielder,Midfielder,22,16/02/2002,181,False,True,True,True
Switzerland,club_suffix_only,exact,1.0,Granit Xhaka,Granit Xhaka,XHAKA Granit,Sunderland,Sunderland AFC (ENG),Midfielder,Midfielder,10,27/09/1992,183,False,True,True,True
Switzerland,club_suffix_only,exact,1.0,Gregor Kobel,Gregor Kobel,KOBEL Gregor,Borussia Dortmund,Borussia Dortmund (GER),Goalkeeper,Goalkeeper,1,06/12/1997,196,False,True,True,True
Switzerland,club_suffix_only,exact,1.0,Manuel Akanji,Manuel Akanji,AKANJI Manuel,Inter Milan,FC Internazionale Milano (ITA),Defender,Defender,5,19/07/1995,188,False,True,True,True
Switzerland,club_suffix_only,exact,1.0,Michel Aebischer,Michel Aebischer,AEBISCHER Michel,Pisa,Pisa SC (ITA),Midfielder,Midfielder,20,06/01/1997,183,False,True,True,True
Switzerland,club_suffix_only,exact,1.0,Nico Elvedi,Nico Elvedi,ELVEDI Nico,Borussia Mönchengladbach,Borussia Mönchengladbach (GER),Defender,Defender,4,30/09/1996,189,False,True,True,True
Switzerland,club_suffix_only,exact,1.0,Noah Okafor,Noah Okafor,OKAFOR Noah,Leeds,Leeds United FC (ENG),Forward,Forward,19,24/05/2000,185,False,True,True,True
Switzerland,club_suffix_only,exact,1.0,Remo Freuler,Remo Freuler,FREULER Remo,Bologna,Bologna FC (ITA),Midfielder,Midfielder,8,15/04/1992,181,False,True,True,True
Switzerland,club_suffix_only,exact,1.0,Zeki Amdouni,Zeki Amdouni,AMDOUNI Zeki,Burnley,Burnley FC (ENG),Forward,Forward,23,04/12/2000,183,False,True,True,True
Tunisia,club_suffix_only,exact,1.0,Ali Abdi,Ali Abdi,ABDI Ali,Nice,OGC Nice (FRA),Defender,Defender,2,20/12/1993,177,False,True,True,True
Tunisia,club_suffix_only,exact,1.0,Aymen Dahmen,Aymen Dahmen,DAHMEN Aymen,CS Sfaxien,CS Sfaxien (TUN),Goalkeeper,Goalkeeper,16,28/01/1997,188,False,True,True,True
Tunisia,club_suffix_only,exact,1.0,Dylan Bronn,Dylan Bronn,BRONN Dylan,Servette,Servette FC (SUI),Defender,Defender,6,19/06/1995,186,False,True,True,True
Tunisia,club_suffix_only,exact,1.0,Elias Saad,Elias Saad,SAAD Elias,Hannover 96,Hannover 96 (GER),Forward,Forward,8,27/12/1999,185,False,True,True,True
Tunisia,club_suffix_only,exact,1.0,Ellyes Skhiri,Ellyes Skhiri,SKHIRI Ellyes,Eintracht Frankfurt,Eintracht Frankfurt (GER),Midfielder,Midfielder,17,10/05/1995,185,False,True,True,True
Tunisia,club_suffix_only,exact,1.0,Hannibal Mejbri,Hannibal Mejbri,MEJBRI Hannibal,Burnley,Burnley FC (ENG),Midfielder,Midfielder,10,21/01/2003,177,False,True,True,True
Tunisia,club_suffix_only,exact,1.0,Montassar Talbi,Montassar Talbi,TALBI Montassar,Lorient,FC Lorient (FRA),Defender,Defender,3,26/05/1998,190,False,True,True,True
Tunisia,club_suffix_only,exact,1.0,Yan Valery,Yan Valery,VALERY Yan,Young Boys,BSC Young Boys (SUI),Defender,Defender,20,22/02/1999,181,False,True,True,True
United States,club_suffix_only,exact,1.0,Antonee Robinson,Antonee Robinson,ROBINSON Antonee,Fulham,Fulham FC (ENG),Defender,Defender,5,08/08/1997,183,False,True,True,True
United States,club_suffix_only,exact,1.0,Chris Richards,Chris Richards,RICHARDS Chris,Crystal Palace,Crystal Palace FC (ENG),Defender,Defender,3,28/03/2000,189,False,True,True,True
United States,club_suffix_only,exact,1.0,Christian Pulisic,Christian Pulisic,PULISIC Christian,AC Milan,AC Milan (ITA),Forward,Forward,10,18/09/1998,177,False,True,True,True
United States,club_suffix_only,exact,1.0,Folarin Balogun,Folarin Balogun,BALOGUN Folarin,AS Monaco,AS Monaco (FRA),Forward,Forward,20,03/07/2001,179,False,True,True,True
United States,club_suffix_only,exact,1.0,Haji Wright,Haji Wright,WRIGHT Haji,Coventry City,Coventry City FC (ENG),Forward,Forward,19,27/03/1998,191,False,True,True,True
United States,club_suffix_only,exact,1.0,Joe Scally,Joe Scally,SCALLY Joe,Borussia Mönchengladbach,Borussia Mönchengladbach (GER),Defender,Defender,23,31/12/2002,184,False,True,True,True
United States,club_suffix_only,exact,1.0,Malik Tillman,Malik Tillman,TILLMAN Malik,Bayer Leverkusen,Bayer 04 Leverkusen (GER),Midfielder,Midfielder,17,28/05/2002,187,False,True,True,True
United States,club_suffix_only,exact,1.0,Matt Turner,Matt Turner,TURNER Matt,New England Revolution,New England Revolution (USA),Goalkeeper,Goalkeeper,1,24/06/1994,190,False,True,True,True
United States,club_suffix_only,exact,1.0,Ricardo Pepi,Ricardo Pepi,PEPI Ricardo,PSV Eindhoven,PSV Eindhoven (NED),Forward,Forward,9,09/01/2003,185,False,True,True,True
United States,club_suffix_only,exact,1.0,Tim Ream,Tim Ream,REAM Tim,Charlotte FC,Charlotte FC (USA),Defender,Defender,13,05/10/1987,186,False,True,True,True
United States,club_suffix_only,exact,1.0,Tyler Adams,Tyler Adams,ADAMS Tyler,AFC Bournemouth,AFC Bournemouth (ENG),Midfielder,Midfielder,4,14/02/1999,175,False,True,True,True
Uruguay,club_suffix_only,exact,1.0,Federico Valverde,Federico Valverde,VALVERDE Federico,Real Madrid,Real Madrid C. F. (ESP),Midfielder,Midfielder,8,22/07/1998,182,False,True,True,True
Uruguay,club_suffix_only,exact,1.0,Giorgian De Arrascaeta,Giorgian de Arrascaeta,DE ARRASCAETA Giorgian,Flamengo,CR Flamengo (BRA),Midfielder,Midfielder,10,01/06/1994,177,False,True,True,True
Uruguay,club_suffix_only,exact,1.0,Guillermo Varela,Guillermo Varela,VARELA Guillermo,Flamengo,CR Flamengo (BRA),Defender,Defender,13,24/03/1993,174,False,True,True,True
Uruguay,club_suffix_only,exact,1.0,Juan Manuel Sanabria,Juan Manuel Sanabria,SANABRIA Juan Manuel,Real Salt Lake,Real Salt Lake (USA),Midfielder,Midfielder,25,29/03/2000,170,False,True,True,True
Uruguay,club_suffix_only,exact,1.0,Manuel Ugarte,Manuel Ugarte,UGARTE Manuel,Manchester United,Manchester United FC (ENG),Midfielder,Midfielder,5,11/04/2001,182,False,True,True,True
Uruguay,club_suffix_only,exact,1.0,Rodrigo Bentancur,Rodrigo Bentancur,BENTANCUR Rodrigo,Tottenham Hotspur,Tottenham Hotspur FC (ENG),Midfielder,Midfielder,6,25/06/1997,187,False,True,True,True
Uruguay,club_suffix_only,exact,1.0,Santiago Bueno,Santiago Bueno,BUENO Santiago,Wolverhampton Wanderers,Wolverhampton Wanderers FC (ENG),Defender,Defender,24,09/11/1998,191,False,True,True,True
Uruguay,club_suffix_only,exact,1.0,Santiago Mele,Santiago Mele,MELE Santiago,Monterrey,CF Monterrey (MEX),Goalkeeper,Goalkeeper,12,06/09/1997,185,False,True,True,True
Uzbekistan,club_suffix_only,exact,1.0,Abdukodir Khusanov,Abdukodir Khusanov,KHUSANOV Abdukodir,Manchester City,Manchester City FC (ENG),Defender,Defender,2,29/02/2004,186,False,True,True,True
Uzbekistan,club_suffix_only,exact,1.0,Igor Sergeev,Igor Sergeev,SERGEEV Igor,Persepolis,Persepolis FC (IRN),Forward,Forward,21,30/04/1993,185,False,True,True,True
Uzbekistan,club_suffix_only,exact,1.0,Oston Urunov,Oston Urunov,URUNOV Oston,Persepolis,Persepolis FC (IRN),Midfielder,Midfielder,11,19/12/2000,181,False,True,True,True
Uzbekistan,club_suffix_only,exact,1.0,Otabek Shukurov,Otabek Shukurov,SHUKUROV Otabek,Baniyas,Baniyas Club (UAE),Midfielder,Midfielder,7,22/06/1996,183,False,True,True,True
Algeria,name_fuzzy_match,fuzzy,0.9230769230769231,Adel Boulbina,Adil Boulbina,BOULBINA Adil,Al-Duhail,Al Duhail SC (QAT),Forward,Forward,20,02/05/2003,183,False,True,True,True
Algeria,name_fuzzy_match,fuzzy,0.9285714285714286,Rafiq Belghali,Rafik Belghali,BELGHALI Rafik,Hellas Verona,Hellas Verona FC (ITA),Defender,Defender,17,07/06/2002,180,False,True,True,True
Argentina,name_fuzzy_match,fuzzy,0.896551724137931,Nicolás González,Nico Gonzalez,GONZALEZ Nico,Atlético de Madrid (España),Atlético De Madrid (ESP),Midfielder,Midfielder,15,06/04/1998,180,False,True,True,True
Austria,name_fuzzy_match,fuzzy,0.9714285714285714,Alessandro Schopf,Alessandro Schoepf,SCHOEPF Alessandro,Wolfsberger AC,Wolfsberger AC (AUT),Midfielder,Midfielder,26,07/02/1994,178,False,True,True,True
Canada,name_fuzzy_match,fuzzy,0.723404255319149,Jacob Shaffelburg,JacobJacob Everett Shaffelburg,SHAFFELBURG JacobJacob Everett,LAFC,LAFC (USA),Midfielder,Midfielder,14,26/11/1999,181,False,True,True,True
Cape Verde,name_fuzzy_match,fuzzy,0.7692307692307693,Carlos Santos,Cj dos Santos,CJ DOS SANTOS,San Diego,San Diego FC (USA),Goalkeeper,Goalkeeper,23,24/08/2000,189,False,True,True,True
Colombia,name_fuzzy_match,fuzzy,0.7222222222222222,"Juan Camilo ""Cucho"" Hernández",Cucho Hernandez,HERNANDEZ Cucho,Real Betis,Real Betis (ESP),Forward,Forward,19,20/04/1999,176,False,True,True,True
Curacao,name_fuzzy_match,fuzzy,0.9655172413793104,Jürgen Locadia,Juergen Locadia,LOCADIA Juergen,Miami FC,Miami FC (USA),Forward,Forward,9,07/11/1993,193,False,True,True,True
Curacao,name_fuzzy_match,fuzzy,0.96,Tyrick Bodack,Tyrick Bodak,BODAK Tyrick,SC Telstar,SC Telstar (NED),Goalkeeper,Goalkeeper,25,15/05/2002,190,False,True,True,True
Egypt,name_fuzzy_match,fuzzy,0.7857142857142857,Haitham Hassan,Haissem Hassan,HAISSEM HASSAN,Real Oviedo,Real Oviedo (ESP),Forward,Forward,12,08/02/2002,175,False,True,True,True
Egypt,name_fuzzy_match,fuzzy,0.96,Marwan Attia,Marawan Attia,MARAWAN ATTIA,Al Ahly SC,Al Ahly FC (EGY),Midfielder,Midfielder,19,01/08/1998,176,False,True,True,True
Egypt,name_fuzzy_match,fuzzy,0.8666666666666667,Mohannad Lasheen,Mohanad Lashin,MOHANAD LASHIN,Pyramids FC,Pyramids FC (EGY),Midfielder,Midfielder,17,29/05/1996,186,False,True,True,True
Egypt,name_fuzzy_match,fuzzy,0.9333333333333333,Mostafa Shobeir,Mostafa Shoubir,MOSTAFA SHOUBIR,Al Ahly,Al Ahly FC (EGY),Goalkeeper,Goalkeeper,23,15/05/2000,195,False,True,True,True
Egypt,name_fuzzy_match,fuzzy_lenient,0.6666666666666666,"Nabil Emad ""Donga""",Nabil Donga,NABIL DONGA,Al Najmah,Al Najmah SC (KSA),Midfielder,Midfielder,18,06/04/1996,179,False,True,True,True
Egypt,name_fuzzy_match,fuzzy,0.9,Rami Rabia,Ramy Rabia,RAMY RABIA,Al Ain,Al Ain FC (UAE),Defender,Defender,5,20/05/1993,183,False,True,True,True
Germany,name_fuzzy_match,fuzzy,0.967741935483871,Alexander Nübel,Alexander Nuebel,NUEBEL Alexander,Stuttgart,VfB Stuttgart (GER),Goalkeeper,Goalkeeper,21,30/09/1996,193,False,True,True,True
Germany,name_fuzzy_match,fuzzy,0.967741935483871,Antonio Rüdiger,Antonio Ruediger,RUEDIGER Antonio,Real Madrid,Real Madrid C. F. (ESP),Defender,Defender,2,03/03/1993,190,False,True,True,True
Haiti,name_fuzzy_match,fuzzy_lenient,0.6666666666666666,Duke Lacroix,Markhus Lacroix,LACROIX Markhus,Colorado Springs Switchbacks,Colorado Springs Switchbacks FC (USA),Defender,Defender,13,14/10/1993,175,False,True,True,True
Iran,name_fuzzy_match,fuzzy,0.9629629629629629,Ehsan Hajsafi,Ehsan Hajisafi,HAJISAFI Ehsan,Sepahan,Sepahan SC (IRN),Defender,Defender,3,25/02/1990,178,False,True,True,True
Iran,name_fuzzy_match,fuzzy_lenient,0.6222222222222222,Mohammad Hossein Kanaanizadegan,Hossein Kanani,KANANI Hossein,Persepolis,Persepolis FC (IRN),Defender,Defender,13,23/03/1994,188,False,True,True,True
Iraq,name_fuzzy_match,fuzzy,0.8333333333333334,Manaf Younis,Munaf Younus,MUNAF YOUNUS,Al-Shorta SC (Irak),Al Shorta SC (IRQ),Defender,Defender,6,16/11/1996,184,False,True,True,True
Iraq,name_fuzzy_match,fuzzy,0.9090909090909091,Zaid Ismail,Zaid Ismael,ZAID ISMAEL,Al-Talaba,Al Talaba SC (IRQ),Midfielder,Midfielder,24,03/01/2002,185,False,True,True,True
Japan,name_fuzzy_match,fuzzy,0.9523809523809523,Ko Itakura,Kou Itakura,ITAKURA Kou,Ajax,AFC Ajax (NED),Defender,Defender,4,27/01/1997,188,False,True,True,True
Jordan,name_fuzzy_match,fuzzy,0.9473684210526315,Abdallah Al-Fakhouri,Abdallah Alfakhori,ABDALLAH ALFAKHORI,Al-Wehdat,Al Wahdat SC (JOR),Goalkeeper,Goalkeeper,22,22/01/2000,190,False,True,True,True
Jordan,name_fuzzy_match,fuzzy,0.9333333333333333,Hussam Abu Dahab,Husam Abudahab,HUSAM ABUDAHAB,Al-Faisaly,Al Faisaly SC (JOR),Defender,Defender,4,13/05/2000,186,False,True,True,True
New Zealand,name_fuzzy_match,fuzzy,0.8888888888888888,Matt Garbett,Matthew Garbett,GARBETT Matthew,Peterborough United,Peterborough United FC (ENG),Midfielder,Midfielder,7,13/04/2002,192,False,True,True,True
Norway,name_fuzzy_match,fuzzy,0.9411764705882353,Alexander Sørloth,Alexander Sorloth,SORLOTH Alexander,Atlético Madrid,Atlético De Madrid (ESP),Forward,Forward,7,05/12/1995,196,False,True,True,True
Norway,name_fuzzy_match,fuzzy,0.9444444444444444,David Møller Wolfe,David Moller Wolfe,MOLLER WOLFE David,Wolverhampton Wanderers,Wolverhampton Wanderers FC (ENG),Defender,Defender,5,23/04/2002,185,False,True,True,True
Norway,name_fuzzy_match,fuzzy,0.9523809523809523,Fredrik André Bjørkan,Fredrik Andre Bjorkan,BJORKAN Fredrik Andre,Bodø/Glimt,FK Bodø/Glimt (NOR),Defender,Defender,15,21/08/1998,180,False,True,True,True
Norway,name_fuzzy_match,fuzzy,0.95,Jørgen Strand Larsen,Jorgen Strand Larsen,STRAND LARSEN Jorgen,Crystal Palace,Crystal Palace FC (ENG),Forward,Forward,11,06/02/2000,193,False,True,True,True
Norway,name_fuzzy_match,fuzzy,0.9655172413793104,Martin Ødegaard,Martin Odegaard,ODEGAARD Martin,Arsenal,Arsenal FC (ENG),Midfielder,Midfielder,10,17/12/1998,178,False,True,True,True
Norway,name_fuzzy_match,fuzzy,0.9565217391304348,Ørjan Nyland,Orjan Nyland,NYLAND Orjan,Sevilla,Sevilla FC (ESP),Goalkeeper,Goalkeeper,1,10/09/1990,192,False,True,True,True
Saudi Arabia,name_fuzzy_match,fuzzy,0.9090909090909091,Ayman Yahya,Aiman Yahya,AIMAN YAHYA,Al-Nassr,Al Nassr FC (KSA),Forward,Forward,8,14/05/2001,173,False,True,True,True
Saudi Arabia,name_fuzzy_match,fuzzy,0.8387096774193549,Firas Al-Buraikan,Feras Albrikan,FERAS ALBRIKAN,Al-Ahli,Al Ahli FC (KSA),Forward,Forward,9,14/05/2000,185,False,True,True,True
Saudi Arabia,name_fuzzy_match,fuzzy,0.9230769230769231,Hassan Kadesh,Hassan Kadish,HASSAN KADISH,Al-Ittihad,Al Ittihad (KSA),Defender,Defender,14,26/09/1992,179,False,True,True,True
Scotland,name_fuzzy_match,fuzzy,0.8,Dom Hyam,Dominic Hyam,HYAM Dominic,Wrexham,Wrexham AFC (WAL),Defender,Defender,16,20/12/1995,188,False,True,True,True
Spain,name_fuzzy_match,fuzzy,0.7741935483870968,Alejandro Grimaldo,Alex Grimaldo,GRIMALDO Alex,Bayer 04 Leverkusen,Bayer 04 Leverkusen (GER),Defender,Defender,3,20/09/1995,171,False,True,True,True
Turkey,name_fuzzy_match,fuzzy,0.972972972972973,Abdülkerim Bardakcı,Abdulkerim Bardakci,BARDAKCI Abdulkerim,Galatasaray,Galatasaray SK (TUR),Defender,Defender,14,07/09/1994,185,False,True,True,True
Turkey,name_fuzzy_match,fuzzy,0.8571428571428571,Altay Bayındır,Altay Bayindir,BAYINDIR Altay,Manchester United,Manchester United FC (ENG),Goalkeeper,Goalkeeper,12,14/04/1998,198,False,True,True,True
Turkey,name_fuzzy_match,fuzzy,0.8888888888888888,Barış Alper Yılmaz,Baris Alper Yilmaz,YILMAZ Baris Alper,Galatasaray,Galatasaray SK (TUR),Forward,Forward,21,23/05/2000,186,False,True,True,True
Turkey,name_fuzzy_match,fuzzy,0.9285714285714286,Ferdi Kadıoğlu,Ferdi Kadioglu,KADIOGLU Ferdi,Brighton & Hove Albion,Brighton & Hove Albion FC (ENG),Defender,Defender,20,07/10/1999,174,False,True,True,True
Turkey,name_fuzzy_match,fuzzy,0.8333333333333334,Kenan Yıldız,Kenan Yildiz,YILDIZ Kenan,Juventus,Juventus FC (ITA),Forward,Forward,11,04/05/2005,187,False,True,True,True
Uruguay,name_fuzzy_match,fuzzy,0.7586206896551724,Maximiliano Araújo,Maxi Araujo,ARAUJO Maxi,Sporting de Lisboa,Sporting CP (POR),Midfielder,Midfielder,20,15/02/2000,176,False,True,True,True
Australia,name_partial,partial,0.6666666666666666,Paul Okon,Paul Okon-Engstler,OKON-ENGSTLER Paul,Sydney FC,Sydney FC (AUS),Midfielder,Midfielder,24,24/01/2005,185,False,True,True,True
Brazil,name_partial,partial,0.6666666666666666,Alisson Becker,Alisson,ALISSON,Liverpool,Liverpool FC (ENG),Goalkeeper,Goalkeeper,1,02/10/1992,193,False,True,True,True
Brazil,name_partial,partial,0.631578947368421,Wesley França,Wesley,WESLEY,AS Roma,AS Roma (ITA),Defender,Defender,2,06/09/2003,175,False,True,True,True
Colombia,name_partial,partial,0.7741935483870968,Carlos Andrés Gómez,Andres Gomez,GOMEZ Andres,Vasco Da Gama-BRA,CR Vasco Da Gama (BRA),Forward,Forward,26,12/09/2002,170,False,True,True,True
Colombia,name_partial,partial,0.7878787878787878,Juan Camilo Portilla,Juan Portilla,PORTILLA Juan,Athletico Paranaense-BRA,Athletico Paranaense (BRA),Midfielder,Midfielder,15,12/09/1998,181,False,True,True,True
Colombia,name_partial,partial,0.7428571428571429,Juan Fernando Quintero,Juan Quintero,QUINTERO Juan,River Plate-ARG,CA River Plate (ARG),Midfielder,Midfielder,20,18/01/1993,167,False,True,True,True
Colombia,name_partial,partial,0.7586206896551724,Luis Javier Suárez,Luis Suarez,SUAREZ Luis,Sporting CP,Sporting CP (POR),Forward,Forward,25,02/12/1997,179,False,True,True,True
Egypt,name_partial,partial,0.896551724137931,El Mahdy Soliman,Mahdy Soliman,MAHDY SOLIMAN,Zamalek SC,Zamalek SC (EGY),Goalkeeper,Goalkeeper,16,08/06/1987,189,False,True,True,True
Ghana,name_partial,partial,0.8333333333333334,Abdul Fatawu Issahaku,Fatawu Issahaku,ISSAHAKU Fatawu,Leicester City,Leicester City FC (ENG),Forward,Forward,7,08/03/2004,177,False,True,True,True
Haiti,name_partial,partial,0.9090909090909091,Derrick Etienne Jr.,Derrick Etienne,ETIENNE Derrick,Toronto FC,Toronto FC (CAN),Forward,Forward,7,25/11/1996,178,False,True,True,True
Haiti,name_partial,partial,0.8,Jean-Ricner Bellegarde,Jean-RicnerJean Ricner Bellegarde,BELLEGARDE Jean-RicnerJean Ricner,Wolverhampton Wanderers,Wolverhampton Wanderers FC (ENG),Midfielder,Midfielder,10,27/06/1998,170,False,True,True,True
Panama,name_partial,partial,0.8125,Yoel Bárcenas,Edgar Yoel Barcenas,BARCENAS Edgar Yoel,Mazatlán,Mazatlán FC (MEX),Midfielder,Midfielder,11,23/10/1993,175,False,True,True,True
Sweden,name_partial,partial,0.7894736842105263,Victor Nilsson Lindelöf,Victor Lindelof,LINDELOF Victor,Aston Villa,Aston Villa FC (ENG),Defender,Defender,3,17/07/1994,187,False,True,True,True
Australia,name_format_diff,name_format,0.96,Aiden O’Neill,Aiden Oneill,ONEILL Aiden,New York City,New York City FC (USA),Midfielder,Midfielder,13,04/07/1998,180,False,True,True,True
Curacao,name_format_diff,name_format,0.9629629629629629,Ar'jany Martha,Arjany Martha,MARTHA Arjany,Rotherham United,Rotherham United FC (ENG),Midfielder,Midfielder,15,04/09/2003,180,False,True,True,True
DR Congo,name_format_diff,name_format,0.9655172413793104,Ngal'ayel Mukau,Ngalayel Mukau,MUKAU Ngalayel,Lille,Lille OSC (FRA),Midfielder,Midfielder,6,03/11/2004,186,False,True,True,True
Egypt,name_format_diff,name_format,0.9714285714285714,Mohamed El Shenawy,Mohamed Elshenawy,MOHAMED ELSHENAWY,Al Ahly,Al Ahly FC (EGY),Goalkeeper,Goalkeeper,1,18/12/1988,191,False,True,True,True
England,name_format_diff,name_format,0.96,Nico O'Reilly,Nico Oreilly,OREILLY Nico,Manchester City,Manchester City FC (ENG),Defender,Defender,3,21/03/2005,177,False,True,True,True
France,name_format_diff,name_format,0.9565217391304348,N'Golo Kanté,Ngolo Kante,KANTE Ngolo,Fenerbahçe,Fenerbahçe SK (TUR),Midfielder,Midfielder,13,29/03/1991,171,False,True,True,True
Iraq,name_format_diff,name_format,0.9629629629629629,Amir Al-Ammari,Amir Alammari,AMIR ALAMMARI,Cracovia,KS Cracovia (POL),Midfielder,Midfielder,16,27/07/1997,180,False,True,True,True
Jordan,name_format_diff,name_format,0.967741935483871,Nizar Al-Rashdan,Nizar Alrashdan,NIZAR ALRASHDAN,Qatar SC,Qatar SC (QAT),Midfielder,Midfielder,21,23/03/1999,183,False,True,True,True
Jordan,name_format_diff,name_format,0.967741935483871,Noor Al-Rawabdeh,Noor Alrawabdeh,NOOR ALRAWABDEH,Selangor,Selangor FC (MAS),Midfielder,Midfielder,8,24/02/1997,182,False,True,True,True
Jordan,name_format_diff,name_format,0.96,Yazan Al-Arab,Yazan Alarab,YAZAN ALARAB,FC Seoul,FC Seoul (KOR),Defender,Defender,5,31/01/1996,185,False,True,True,True
Qatar,name_format_diff,name_format,1.0,"Pedro Miguel ""Ró-Ró""",Pedro Miguel,PEDRO MIGUEL,Al-Sadd SC,Al Sadd SC (QAT),Defender,Defender,2,06/08/1990,180,False,True,True,True
Qatar,name_format_diff,name_format,0.9655172413793104,Sultan Al Brake,Sultan Albrake,SULTAN ALBRAKE,Al Duhail,Al Duhail SC (QAT),Defender,Defender,18,07/04/1996,178,False,True,True,True
Saudi Arabia,name_format_diff,name_format,0.9743589743589743,Abdullah Al Khaibari,Abdullah Alkhaibari,ABDULLAH ALKHAIBARI,Al-Nassr,Al Nassr FC (KSA),Midfielder,Midfielder,15,16/08/1996,175,False,True,True,True
Saudi Arabia,name_format_diff,name_format,0.9655172413793104,Ahmed Al-Kassar,Ahmed Alkassar,AHMED ALKASSAR,Al-Qadsiah,Al Qadsiah FC (KSA),Goalkeeper,Goalkeeper,22,08/05/1991,178,False,True,True,True
Saudi Arabia,name_format_diff,name_format,0.9714285714285714,Hassan Al-Tambakti,Hassan Altambakti,HASSAN ALTAMBAKTI,Al-Hilal,Al Hilal SC (KSA),Defender,Defender,5,09/02/1999,183,False,True,True,True
Saudi Arabia,name_format_diff,name_format,0.9655172413793104,Musab Al Juwayr,Musab Aljuwayr,MUSAB ALJUWAYR,Al-Qadsiah,Al Qadsiah FC (KSA),Midfielder,Midfielder,7,20/06/2003,175,False,True,True,True
Saudi Arabia,name_format_diff,name_format,0.9696969696969697,Nasser Al Dawsari,Nasser Aldawsari,NASSER ALDAWSARI,Al-Hilal,Al Hilal SC (KSA),Midfielder,Midfielder,6,19/12/1998,178,False,True,True,True
Saudi Arabia,name_format_diff,name_format,0.9655172413793104,Saleh Al Shehri,Saleh Alshehri,SALEH ALSHEHRI,Al-Ittihad,Al Ittihad (KSA),Forward,Forward,11,01/11/1993,184,False,True,True,True
Saudi Arabia,name_format_diff,name_format,0.967741935483871,Salem Al Dawsari,Salem Aldawsari,SALEM ALDAWSARI,Al-Hilal,Al Hilal SC (KSA),Forward,Forward,10,19/08/1991,173,False,True,True,True
Scotland,name_format_diff,name_format,0.5454545454545454,John McGinn,McGINN John,McGINN John,Aston Villa,Aston Villa FC (ENG),Midfielder,Midfielder,7,18/10/1994,178,False,True,True,True
Scotland,name_format_diff,name_format,0.6,Scott McTominay,McTOMINAY Scott,McTOMINAY Scott,Napoli,SSC Napoli (ITA),Midfielder,Midfielder,4,08/12/1996,193,False,True,True,True
South Korea,name_format_diff,name_format,0.96,Bum-Keun Song,Bumkeun Song,SONG Bumkeun,Jeonbuk Hyundai,Jeonbuk Hyundai Motors FC (KOR),Goalkeeper,Goalkeeper,12,15/10/1997,196,False,True,True,True
South Korea,name_format_diff,name_format,0.9565217391304348,Gue-sung Cho,Guesung Cho,CHO Guesung,FC Midtjylland,FC Midtjylland (DEN),Forward,Forward,9,25/01/1998,188,False,True,True,True
South Korea,name_format_diff,name_format,0.96,Heung-Min Son,Heungmin Son,SON Heungmin,LAFC,LAFC (USA),Forward,Forward,7,08/07/1992,183,False,True,True,True
South Korea,name_format_diff,name_format,0.9565217391304348,Hyeon-woo Jo,Hyeonwoo Jo,JO Hyeonwoo,Ulsan HD,Ulsan HD (KOR),Goalkeeper,Goalkeeper,21,25/09/1991,189,False,True,True,True
South Korea,name_format_diff,name_format,0.96,In-Beom Hwang,Inbeom Hwang,HWANG Inbeom,Feyenoord,Feyenoord Rotterdam (NED),Midfielder,Midfielder,6,20/09/1996,177,False,True,True,True
South Korea,name_format_diff,name_format,0.9473684210526315,Jun-Ho Bae,Junho Bae,BAE Junho,Stoke City,Stoke City FC (ENG),Midfielder,Midfielder,17,21/08/2003,180,False,True,True,True
South Korea,name_format_diff,name_format,0.9523809523809523,Kang-In Lee,Kangin Lee,LEE Kangin,Paris Saint-Germain,Paris Saint-Germain (FRA),Midfielder,Midfielder,19,19/02/2001,174,False,True,True,True
South Korea,name_format_diff,name_format,0.9523809523809523,Min-Jae Kim,Minjae Kim,KIM Minjae,Bayern Munich,FC Bayern München (GER),Defender,Defender,4,15/11/1996,190,False,True,True,True
South Korea,name_format_diff,name_format,0.96,Moon-Hwan Kim,Moonhwan Kim,KIM Moonhwan,Daejeon Hana,Daejeon Hana Citizen FC (KOR),Defender,Defender,15,01/08/1995,173,False,True,True,True
South Korea,name_format_diff,name_format,0.96,Seung-Gyu Kim,Seunggyu Kim,KIM Seunggyu,FC Tokyo,FC Tokyo (JPN),Goalkeeper,Goalkeeper,1,30/09/1990,187,False,True,True,True
South Korea,name_format_diff,name_format,0.96,Seung-Ho Paik,Seungho Paik,PAIK Seungho,Birmingham City,Birmingham City FC (ENG),Midfielder,Midfielder,8,17/03/1997,182,False,True,True,True
United States,name_format_diff,name_format,0.6153846153846154,Mark McKenzie,McKENZIE Mark,McKENZIE Mark,Toulouse,Toulouse FC (FRA),Defender,Defender,22,25/02/1999,186,False,True,True,True
United States,name_format_diff,name_format,0.5333333333333333,Weston McKennie,McKENNIE Weston,McKENNIE Weston,Juventus,Juventus FC (ITA),Midfielder,Midfielder,8,28/08/1998,180,False,True,True,True
Algeria,accent_diff,accent,1.0,Aïssa Mandi,Aissa Mandi,MANDI Aissa,Lille,Lille OSC (FRA),Defender,Defender,2,22/10/1991,184,False,True,True,True
Algeria,accent_diff,accent,1.0,Farès Chaïbi,Fares Chaibi,CHAIBI Fares,Eintracht Frankfurt,Eintracht Frankfurt (GER),Midfielder,Midfielder,10,28/11/2002,183,False,True,True,True
Algeria,accent_diff,accent,1.0,Rayan Ait Nouri,Rayan Ait-Nouri,AIT-NOURI Rayan,Manchester City,Manchester City FC (ENG),Defender,Defender,15,06/06/2001,180,False,True,True,True
Algeria,accent_diff,accent,1.0,Zineddine Belaïd,Zineddine Belaid,BELAID Zineddine,JS Kabylie,JS Kabylie (ALG),Defender,Defender,5,20/03/1999,186,False,True,True,True
Argentina,accent_diff,accent,1.0,Emiliano Martínez,Emiliano Martinez,MARTINEZ Emiliano,Aston Villa,Aston Villa FC (ENG),Goalkeeper,Goalkeeper,23,02/09/1992,195,False,True,True,True
Argentina,accent_diff,accent,1.0,Enzo Fernández,Enzo Fernandez,FERNANDEZ Enzo,Chelsea,Chelsea FC (ENG),Midfielder,Midfielder,24,17/01/2001,178,False,True,True,True
Argentina,accent_diff,accent,1.0,Gerónimo Rulli,Geronimo Rulli,RULLI Geronimo,Marseille,Olympique Marseille (FRA),Goalkeeper,Goalkeeper,12,20/05/1992,189,False,True,True,True
Argentina,accent_diff,accent,1.0,Jose Manuel López,Jose Manuel Lopez,LOPEZ Jose Manuel,Palmeiras,SE Palmeiras (BRA),Forward,Forward,21,06/12/2000,190,False,True,True,True
Argentina,accent_diff,accent,1.0,Julián Álvarez,Julian Alvarez,ALVAREZ Julian,Atlético Madrid,Atlético De Madrid (ESP),Forward,Forward,9,31/01/2000,170,False,True,True,True
Argentina,accent_diff,accent,1.0,Lautaro Martínez,Lautaro Martinez,MARTINEZ Lautaro,Internazionale,FC Internazionale Milano (ITA),Forward,Forward,22,22/08/1997,175,False,True,True,True
Argentina,accent_diff,accent,1.0,Lisandro Martínez,Lisandro Martinez,MARTINEZ Lisandro,Manchester United,Manchester United FC (ENG),Defender,Defender,6,18/01/1998,175,False,True,True,True
Argentina,accent_diff,accent,1.0,Nicolás Otamendi,Nicolas Otamendi,OTAMENDI Nicolas,Benfica,SL Benfica (POR),Defender,Defender,19,12/02/1988,182,False,True,True,True
Argentina,accent_diff,accent,1.0,Nicolás Tagliafico,Nicolas Tagliafico,TAGLIAFICO Nicolas,Lyon,Olympique Lyonnais (FRA),Defender,Defender,3,31/08/1992,172,False,True,True,True
Argentina,accent_diff,accent,1.0,Valentín Barco,Valentin Barco,BARCO Valentin,Strasbourg,RC Strasbourg (FRA),Midfielder,Midfielder,8,23/07/2004,172,False,True,True,True
Belgium,accent_diff,accent,1.0,Jérémy Doku,Jeremy Doku,DOKU Jeremy,Manchester City,Manchester City FC (ENG),Forward,Forward,11,27/05/2002,173,False,True,True,True
Brazil,accent_diff,accent,1.0,Bruno Guimarães,Bruno Guimaraes,BRUNO GUIMARAES,Newcastle United,Newcastle United FC (ENG),Midfielder,Midfielder,8,16/11/1997,182,False,True,True,True
Brazil,accent_diff,accent,1.0,Gabriel Magalhães,Gabriel Magalhaes,GABRIEL MAGALHAES,Arsenal,Arsenal FC (ENG),Defender,Defender,3,19/12/1997,190,False,True,True,True
Brazil,accent_diff,accent,1.0,Lucas Paquetá,Lucas Paqueta,LUCAS PAQUETA,Flamengo,CR Flamengo (BRA),Midfielder,Midfielder,20,27/08/1997,183,False,True,True,True
Brazil,accent_diff,accent,1.0,Léo Pereira,Leo Pereira,LEO PEREIRA,Flamengo,CR Flamengo (BRA),Defender,Defender,15,31/01/1996,189,False,True,True,True
Brazil,accent_diff,accent,1.0,Neymar Jr.,Neymar Jr,NEYMAR JR,Santos FC,Santos FC (BRA),Forward,Forward,10,05/02/1992,175,False,True,True,True
Brazil,accent_diff,accent,1.0,Roger Ibañez,Roger Ibanez,ROGER IBANEZ,Al Ahli,Al Ahli FC (KSA),Defender,Defender,24,23/11/1998,186,False,True,True,True
Brazil,accent_diff,accent,1.0,Vinícius Júnior,Vinicius Junior,VINICIUS JUNIOR,Real Madrid,Real Madrid C. F. (ESP),Forward,Forward,7,12/07/2000,176,False,True,True,True
Brazil,accent_diff,accent,1.0,Éderson,Ederson,EDERSON,Fenerbahce,Fenerbahçe SK (TUR),Goalkeeper,Goalkeeper,23,17/08/1993,188,False,True,True,True
Canada,accent_diff,accent,1.0,Mathieu Choinière,Mathieu Choiniere,CHOINIERE Mathieu,LAFC,LAFC (USA),Midfielder,Midfielder,6,07/02/1999,173,False,True,True,True
Canada,accent_diff,accent,1.0,Maxime Crépeau,Maxime Crepeau,CREPEAU Maxime,Orlando City SC,Orlando City SC (USA),Goalkeeper,Goalkeeper,16,11/05/1994,185,False,True,True,True
Canada,accent_diff,accent,1.0,Moïse Bombito,Moise Bombito,BOMBITO Moise,OGC Nice,OGC Nice (FRA),Defender,Defender,15,30/03/2000,190,False,True,True,True
Colombia,accent_diff,accent,1.0,Daniel Muñoz,Daniel Munoz,MUNOZ Daniel,Crystal Palace-GBR,Crystal Palace FC (ENG),Defender,Defender,2,26/05/1996,180,False,True,True,True
Colombia,accent_diff,accent,1.0,Davinson Sánchez,Davinson Sanchez,SANCHEZ Davinson,Galatasaray-TUR,Galatasaray SK (TUR),Defender,Defender,23,12/06/1996,188,False,True,True,True
Colombia,accent_diff,accent,1.0,James Rodríguez,James Rodriguez,RODRIGUEZ James,Minnesota United-USA,Minnesota United FC (USA),Midfielder,Midfielder,10,12/07/1991,181,False,True,True,True
Colombia,accent_diff,accent,1.0,Jhon Córdoba,Jhon Cordoba,CORDOBA Jhon,Krasnodar-RUS,FC Krasnodar (RUS),Forward,Forward,9,11/05/1993,186,False,True,True,True
Colombia,accent_diff,accent,1.0,Jhon Lucumí,Jhon Lucumi,LUCUMI Jhon,Bologna-ITA,Bologna FC (ITA),Defender,Defender,3,26/06/1998,187,False,True,True,True
Colombia,accent_diff,accent,1.0,Kevin Castaño,Kevin Castano,CASTANO Kevin,River Plate-ARG,CA River Plate (ARG),Midfielder,Midfielder,5,29/09/2000,179,False,True,True,True
Colombia,accent_diff,accent,1.0,Luis Díaz,Luis Diaz,DIAZ Luis,Bayern Munich-GER,FC Bayern München (GER),Forward,Forward,7,13/01/1997,179,False,True,True,True
Colombia,accent_diff,accent,1.0,Richard Ríos,Richard Rios,RIOS Richard,Benfica-POR,SL Benfica (POR),Midfielder,Midfielder,6,02/06/2000,185,False,True,True,True
Colombia,accent_diff,accent,1.0,Álvaro Montero,Alvaro Montero,MONTERO Alvaro,Vélez Sarsfield-ARG,CA Vélez Sarsfield (ARG),Goalkeeper,Goalkeeper,24,29/03/1995,201,False,True,True,True
Curacao,accent_diff,accent,1.0,Juriën Gaari,Jurien Gaari,GAARI Jurien,Abha,Abha Club (KSA),Defender,Defender,3,23/12/1993,183,False,True,True,True
Curacao,accent_diff,accent,1.0,Kenji Gorré,Kenji Gorre,GORRE Kenji,Maccabi Haifa,Maccabi Haifa FC (ISR),Forward,Forward,14,29/09/1994,174,False,True,True,True
Czech Republic,accent_diff,accent,1.0,David Jurásek,David Jurasek,JURASEK David,Slavia Prague,SK Slavia Praha (CZE),Defender,Defender,14,07/08/2000,183,False,True,True,True
Czech Republic,accent_diff,accent,1.0,Lukás Cerv,Lukas Cerv,CERV Lukas,Viktoria Plzen,FC Viktoria Plzeň (CZE),Midfielder,Midfielder,12,10/04/2001,182,False,True,True,True
Czech Republic,accent_diff,accent,1.0,Lukás Hornícek,Lukas Hornicek,HORNICEK Lukas,Braga,SC Braga (POR),Goalkeeper,Goalkeeper,23,13/07/2002,198,False,True,True,True
Czech Republic,accent_diff,accent,1.0,Lukás Provod,Lukas Provod,PROVOD Lukas,Slavia Prague,SK Slavia Praha (CZE),Midfielder,Midfielder,17,23/10/1996,191,False,True,True,True
Czech Republic,accent_diff,accent,1.0,Matej Kovár,Matej Kovar,KOVAR Matej,PSV Eindhoven,PSV Eindhoven (NED),Goalkeeper,Goalkeeper,1,17/05/2000,196,False,True,True,True
Czech Republic,accent_diff,accent,1.0,Michal Sadílek,Michal Sadilek,SADILEK Michal,Slavia Prague,SK Slavia Praha (CZE),Midfielder,Midfielder,18,31/05/1999,169,False,True,True,True
Czech Republic,accent_diff,accent,1.0,Mojmír Chytil,Mojmir Chytil,CHYTIL Mojmir,Slavia Prague,SK Slavia Praha (CZE),Forward,Forward,13,29/04/1999,187,False,True,True,True
Czech Republic,accent_diff,accent,1.0,Robin Hranác,Robin Hranac,HRANAC Robin,Hoffenheim,TSG Hoffenheim (GER),Defender,Defender,4,29/01/2000,189,False,True,True,True
Czech Republic,accent_diff,accent,1.0,Stepán Chaloupek,Stepan Chaloupek,CHALOUPEK Stepan,Slavia Prague,SK Slavia Praha (CZE),Defender,Defender,6,08/03/2003,188,False,True,True,True
Czech Republic,accent_diff,accent,1.0,Tomás Chory,Tomas Chory,CHORY Tomas,Slavia Prague,SK Slavia Praha (CZE),Forward,Forward,19,26/01/1995,199,False,True,True,True
Czech Republic,accent_diff,accent,1.0,Tomás Holes,Tomas Holes,HOLES Tomas,Slavia Prague,SK Slavia Praha (CZE),Defender,Defender,3,31/03/1993,180,False,True,True,True
Czech Republic,accent_diff,accent,1.0,Tomás Soucek,Tomas Soucek,SOUCEK Tomas,West Ham,West Ham United FC (ENG),Midfielder,Midfielder,22,27/02/1995,192,False,True,True,True
Czech Republic,accent_diff,accent,1.0,Vladimír Coufal,Vladimir Coufal,COUFAL Vladimir,Hoffenheim,TSG Hoffenheim (GER),Defender,Defender,5,22/08/1992,175,False,True,True,True
Czech Republic,accent_diff,accent,1.0,Vladimír Darida,Vladimir Darida,DARIDA Vladimir,Hradec Králové,FC Hradec Králové (CZE),Midfielder,Midfielder,8,08/08/1990,172,False,True,True,True
DR Congo,accent_diff,accent,1.0,Cédric Bakambu,Cedric Bakambu,BAKAMBU Cedric,Real Betis,Real Betis (ESP),Forward,Forward,17,11/04/1991,182,False,True,True,True
DR Congo,accent_diff,accent,1.0,Nathanaël Mbuku,Nathanael Mbuku,MBUKU Nathanael,Montpellier,Montpellier HSC (FRA),Midfielder,Midfielder,7,16/03/2002,170,False,True,True,True
DR Congo,accent_diff,accent,1.0,Théo Bongonda,Theo Bongonda,BONGONDA Theo,Spartak Moscow,FC Spartak Moscow (RUS),Midfielder,Midfielder,10,20/11/1995,176,False,True,True,True
Ecuador,accent_diff,accent,1.0,Félix Torres,Felix Torres,TORRES Felix,Internacional,SC Internacional (BRA),Defender,Defender,2,11/01/1997,187,False,True,True,True
Ecuador,accent_diff,accent,1.0,Hernán Galíndez,Hernan Galindez,GALINDEZ Hernan,Huracán,CA Huracán (ARG),Goalkeeper,Goalkeeper,1,30/03/1987,189,False,True,True,True
Ecuador,accent_diff,accent,1.0,Jeremy Arévalo,Jeremy Arevalo,AREVALO Jeremy,Stuttgart,VfB Stuttgart (GER),Forward,Forward,24,19/03/2005,182,False,True,True,True
Ecuador,accent_diff,accent,1.0,Joel Ordóñez,Joel Ordonez,ORDONEZ Joel,Club Brugge,Club Brugge (BEL),Defender,Defender,4,21/04/2004,188,False,True,True,True
Ecuador,accent_diff,accent,1.0,Kendry Páez,Kendry Paez,PAEZ Kendry,River Plate,CA River Plate (ARG),Midfielder,Midfielder,10,04/05/2007,178,False,True,True,True
Ecuador,accent_diff,accent,1.0,Moisés Caicedo,Moises Caicedo,CAICEDO Moises,Chelsea,Chelsea FC (ENG),Midfielder,Midfielder,23,02/11/2001,178,False,True,True,True
Ecuador,accent_diff,accent,1.0,Pervis Estupiñán,Pervis Estupinan,ESTUPINAN Pervis,AC Milan,AC Milan (ITA),Defender,Defender,7,21/01/1998,175,False,True,True,True
Ecuador,accent_diff,accent,1.0,Piero Hincapié,Piero Hincapie,HINCAPIE Piero,Arsenal,Arsenal FC (ENG),Defender,Defender,3,09/01/2002,183,False,True,True,True
Ecuador,accent_diff,accent,1.0,Ángelo Preciado,Angelo Preciado,PRECIADO Angelo,Atlético Mineiro,Atlético Mineiro (BRA),Defender,Defender,17,18/02/1998,174,False,True,True,True
England,accent_diff,accent,1.0,Marc Guéhi,Marc Guehi,GUEHI Marc,Manchester City,Manchester City FC (ENG),Defender,Defender,6,13/07/2000,183,False,True,True,True
France,accent_diff,accent,1.0,Aurélien Tchouaméni,Aurelien Tchouameni,TCHOUAMENI Aurelien,Real Madrid,Real Madrid C. F. (ESP),Midfielder,Midfielder,8,27/01/2000,188,False,True,True,True
France,accent_diff,accent,1.0,Desiré Doué,Desire Doue,DOUE Desire,Paris Saint-Germain,Paris Saint-Germain (FRA),Forward,Forward,20,03/06/2005,182,False,True,True,True
France,accent_diff,accent,1.0,Ibrahima Konaté,Ibrahima Konate,KONATE Ibrahima,Liverpool,Liverpool FC (ENG),Defender,Defender,15,25/05/1999,194,False,True,True,True
France,accent_diff,accent,1.0,Jules Koundé,Jules Kounde,KOUNDE Jules,Barcelona,FC Barcelona (ESP),Defender,Defender,5,12/11/1998,178,False,True,True,True
France,accent_diff,accent,1.0,Kylian Mbappé,Kylian Mbappe,MBAPPE Kylian,Real Madrid,Real Madrid C. F. (ESP),Forward,Forward,10,20/12/1998,180,False,True,True,True
France,accent_diff,accent,1.0,Lucas Hernández,Lucas Hernandez,HERNANDEZ Lucas,Paris Saint-Germain,Paris Saint-Germain (FRA),Defender,Defender,21,14/02/1996,184,False,True,True,True
France,accent_diff,accent,1.0,Manu Koné,Manu Kone,KONE Manu,AS Roma,AS Roma (ITA),Midfielder,Midfielder,6,17/05/2001,185,False,True,True,True
France,accent_diff,accent,1.0,Ousmane Dembélé,Ousmane Dembele,DEMBELE Ousmane,Paris Saint-Germain,Paris Saint-Germain (FRA),Forward,Forward,7,15/05/1997,179,False,True,True,True
France,accent_diff,accent,1.0,Theo Hernández,Theo Hernandez,HERNANDEZ Theo,Al Hilal,Al Hilal SC (KSA),Defender,Defender,19,06/10/1997,184,False,True,True,True
France,accent_diff,accent,1.0,Warren Zaïre-Emery,Warren Zaire-Emery,ZAIRE-EMERY Warren,Paris Saint-Germain,Paris Saint-Germain (FRA),Midfielder,Midfielder,18,08/03/2006,176,False,True,True,True
Ghana,accent_diff,accent,1.0,Iñaki Williams,Inaki Williams,WILLIAMS Inaki,Athletic Bilbao,Athletic Club (ESP),Forward,Forward,19,15/06/1994,186,False,True,True,True
Ghana,accent_diff,accent,1.0,Lawrence Ati-Zigi,Lawrence Ati Zigi,ZIGI Lawrence Ati,St. Gallen,FC St. Gallen (SUI),Goalkeeper,Goalkeeper,1,29/11/1996,188,False,True,True,True
Haiti,accent_diff,accent,1.0,Carl Sainté,Carl Sainte,SAINTE Carl,El Paso Locomotive FC,El Paso Locomotive FC (USA),Midfielder,Midfielder,6,09/08/2002,182,False,True,True,True
Haiti,accent_diff,accent,1.0,Josué Casimir,Josue Casimir,CASIMIR Josue,Auxerre,AJ Auxerre (FRA),Forward,Forward,21,24/09/2001,178,False,True,True,True
Haiti,accent_diff,accent,1.0,Ricardo Adé,Ricardo Ade,ADE Ricardo,LDU Quito,LDU Quito (ECU),Defender,Defender,4,21/05/1990,190,False,True,True,True
Haiti,accent_diff,accent,1.0,Yassin Fortuné,Yassin Fortune,FORTUNE Yassin,Vizela,FC Vizela (POR),Forward,Forward,19,30/01/1999,186,False,True,True,True
Ivory Coast,accent_diff,accent,1.0,Bazoumana Touré,Bazoumana Toure,TOURE Bazoumana,Hoffenheim,TSG Hoffenheim (GER),Forward,Forward,24,02/03/2006,178,False,True,True,True
Ivory Coast,accent_diff,accent,1.0,Christ Inao Oulaï,Christ Inao Oulai,OULAI Christ Inao,Trabzonspor,Trabzonspor (TUR),Midfielder,Midfielder,26,06/04/2006,173,False,True,True,True
Ivory Coast,accent_diff,accent,1.0,Franck Kessié,Franck Kessie,KESSIE Franck,Al Ahli,Al Ahli FC (KSA),Midfielder,Midfielder,8,19/12/1996,183,False,True,True,True
Ivory Coast,accent_diff,accent,1.0,Guela Doué,Guela Doue,DOUE Guela,Strasbourg,RC Strasbourg (FRA),Defender,Defender,17,17/10/2002,187,False,True,True,True
Ivory Coast,accent_diff,accent,1.0,Ibrahim Sangaré,Ibrahim Sangare,SANGARE Ibrahim,Nottingham Forest,Nottingham Forest FC (ENG),Midfielder,Midfielder,18,02/12/1997,191,False,True,True,True
Ivory Coast,accent_diff,accent,1.0,Jean Michaël Seri,Jean Michael Seri,SERI Jean Michael,NK Maribor,NK Maribor (SVN),Midfielder,Midfielder,4,19/07/1991,168,False,True,True,True
Ivory Coast,accent_diff,accent,1.0,Mohamed Koné,Mohamed Kone,KONE Mohamed,Charleroi,Sporting Charleroi (BEL),Goalkeeper,Goalkeeper,16,07/03/2002,186,False,True,True,True
Ivory Coast,accent_diff,accent,1.0,Nicolas Pépé,Nicolas Pepe,PEPE Nicolas,Villarreal,Villarreal CF (ESP),Forward,Forward,19,29/05/1995,183,False,True,True,True
Ivory Coast,accent_diff,accent,1.0,Oumar Diakité,Oumar Diakite,DIAKITE Oumar,Cercle Brugge,Cercle Brugge (BEL),Forward,Forward,14,20/12/2003,182,False,True,True,True
Mexico,accent_diff,accent,1.0,Armando González,Armando Gonzalez,GONZALEZ Armando,Chivas,CD Guadalajara (MEX),Forward,Forward,14,20/04/2003,182,False,True,True,True
Mexico,accent_diff,accent,1.0,Brian Gutiérrez,Brian Gutierrez,GUTIERREZ Brian,Chivas,CD Guadalajara (MEX),Midfielder,Midfielder,26,17/06/2003,178,False,True,True,True
Mexico,accent_diff,accent,1.0,César Montes,Cesar Montes,MONTES Cesar,Lokomotiv Moscow,FC Lokomotiv Moscow (RUS),Defender,Defender,3,24/02/1997,191,False,True,True,True
Mexico,accent_diff,accent,1.0,Jesús Gallardo,Jesus Gallardo,GALLARDO Jesus,Toluca,Deportivo Toluca FC (MEX),Defender,Defender,23,15/08/1994,174,False,True,True,True
Mexico,accent_diff,accent,1.0,Julián Quiñones,Julian Quinones,QUINONES Julian,Al-Qadisiyah,Al Qadsiah FC (KSA),Forward,Forward,16,24/03/1997,177,False,True,True,True
Mexico,accent_diff,accent,1.0,Mateo Chávez,Mateo Chavez,CHAVEZ Mateo,AZ Alkmaar,AZ Alkmaar (NED),Defender,Defender,20,12/05/2004,178,False,True,True,True
Mexico,accent_diff,accent,1.0,Raúl Jiménez,Raul Jimenez,JIMENEZ Raul,Fulham,Fulham FC (ENG),Forward,Forward,9,05/05/1991,188,False,True,True,True
Mexico,accent_diff,accent,1.0,Raúl Rangel,Raul Rangel,RANGEL Raul,Chivas,CD Guadalajara (MEX),Goalkeeper,Goalkeeper,1,25/02/2000,190,False,True,True,True
Mexico,accent_diff,accent,1.0,Álvaro Fidalgo,Alvaro Fidalgo,FIDALGO Alvaro,Real Betis,Real Betis (ESP),Midfielder,Midfielder,8,09/04/1997,175,False,True,True,True
Netherlands,accent_diff,accent,1.0,Jurriën Timber,Jurrien Timber,TIMBER Jurrien,Arsenal,Arsenal FC (ENG),Defender,Defender,2,17/06/2001,179,False,True,True,True
Netherlands,accent_diff,accent,1.0,Nathan Aké,Nathan Ake,AKE Nathan,Manchester City,Manchester City FC (ENG),Defender,Defender,5,18/02/1995,180,False,True,True,True
Panama,accent_diff,accent,1.0,Aníbal Godoy,Anibal Godoy,GODOY Anibal,San Diego FC,San Diego FC (USA),Midfielder,Midfielder,20,10/02/1990,184,False,True,True,True
Panama,accent_diff,accent,1.0,César Blackman,Cesar Blackman,BLACKMAN Cesar,Slovan Bratislava,ŠK Slovan Bratislava (SVK),Defender,Defender,2,02/04/1998,174,False,True,True,True
Panama,accent_diff,accent,1.0,César Samudio,Cesar Samudio,SAMUDIO Cesar,Marathón,CD Marathón (HON),Goalkeeper,Goalkeeper,12,23/02/1994,189,False,True,True,True
Panama,accent_diff,accent,1.0,César Yanis,Cesar Yanis,YANIS Cesar,Cobresal,CD Cobresal (CHI),Midfielder,Midfielder,21,28/01/1996,160,False,True,True,True
Panama,accent_diff,accent,1.0,Edgardo Fariña,Edgardo Farina,FARINA Edgardo,Pari Nizhny Novgorod,FC Pari Nizhny Novgorod (RUS),Defender,Defender,5,19/10/2001,195,False,True,True,True
Panama,accent_diff,accent,1.0,Jorge Gutiérrez,Jorge Gutierrez,GUTIERREZ Jorge,Deportivo La Guaira,Deportivo La Guaira (VEN),Defender,Defender,26,01/09/1998,171,False,True,True,True
Panama,accent_diff,accent,1.0,José Córdoba,Jose Cordoba,CORDOBA Jose,Norwich City,Norwich City FC (ENG),Defender,Defender,3,03/06/2001,189,False,True,True,True
Panama,accent_diff,accent,1.0,José Fajardo,Jose Fajardo,FAJARDO Jose,Universidad Católica (Ecuador),CD Universidad Católica (ECU),Forward,Forward,17,18/08/1993,184,False,True,True,True
Panama,accent_diff,accent,1.0,José Luis Rodríguez,Jose Luis Rodriguez,RODRIGUEZ Jose Luis,Juárez,FC Juárez (MEX),Midfielder,Midfielder,7,19/06/1998,180,False,True,True,True
Panama,accent_diff,accent,1.0,Luis Mejía,Luis Mejia,MEJIA Luis,Nacional,Club Nacional (URU),Goalkeeper,Goalkeeper,1,16/03/1991,193,False,True,True,True
Panama,accent_diff,accent,1.0,Éric Davis,Eric Davis,DAVIS Eric,Plaza Amador,CD Plaza Amador (PAN),Defender,Defender,15,31/03/1991,180,False,True,True,True
Paraguay,accent_diff,accent,1.0,Andrés Cubas,Andres Cubas,CUBAS Andres,Vancouver Whitecaps,Vancouver Whitecaps FC (CAN),Midfielder,Midfielder,14,11/05/1996,166,False,True,True,True
Paraguay,accent_diff,accent,1.0,Damián Bobadilla,Damian Bobadilla,BOBADILLA Damian,Sao Paulo,São Paulo FC (BRA),Midfielder,Midfielder,16,11/07/2001,180,False,True,True,True
Paraguay,accent_diff,accent,1.0,Diego Gómez,Diego Gomez,GOMEZ Diego,Brighton & Hove Albion,Brighton & Hove Albion FC (ENG),Midfielder,Midfielder,8,27/03/2003,183,False,True,True,True
Paraguay,accent_diff,accent,1.0,Gustavo Gómez,Gustavo Gomez,GOMEZ Gustavo,Palmeiras,SE Palmeiras (BRA),Defender,Defender,15,06/05/1993,179,False,True,True,True
Paraguay,accent_diff,accent,1.0,Gustavo Velázquez,Gustavo Velazquez,VELAZQUEZ Gustavo,Cerro Porteño,Cerro Porteño (PAR),Defender,Defender,2,17/04/1991,189,False,True,True,True
Paraguay,accent_diff,accent,1.0,Júnior Alonso,Junior Alonso,ALONSO Junior,Atlético Mineiro,Atlético Mineiro (BRA),Defender,Defender,6,09/02/1993,184,False,True,True,True
Paraguay,accent_diff,accent,1.0,Matías Galarza,Matias Galarza,GALARZA Matias,Atlanta United,Atlanta United FC (USA),Midfielder,Midfielder,23,11/02/2002,175,False,True,True,True
Portugal,accent_diff,accent,1.0,Francisco Conceição,Francisco Conceicao,FRANCISCO CONCEICAO,Juventus,Juventus FC (ITA),Forward,Forward,26,14/12/2002,166,False,True,True,True
Portugal,accent_diff,accent,1.0,Gonçalo Inacio,Goncalo Inacio,GONCALO INACIO,Sporting Lisbon,Sporting CP (POR),Defender,Defender,14,25/08/2001,185,False,True,True,True
Portugal,accent_diff,accent,1.0,Gonçalo Ramos,Goncalo Ramos,GONCALO RAMOS,PSG,Paris Saint-Germain (FRA),Forward,Forward,9,20/06/2001,185,False,True,True,True
Portugal,accent_diff,accent,1.0,José Sá,Jose Sa,JOSE SA,Wolverhampton Wanderers,Wolverhampton Wanderers FC (ENG),Goalkeeper,Goalkeeper,12,17/01/1993,192,False,True,True,True
Portugal,accent_diff,accent,1.0,João Cancelo,Joao Cancelo,JOAO CANCELO,Barcelona,FC Barcelona (ESP),Defender,Defender,20,27/05/1994,173,False,True,True,True
Portugal,accent_diff,accent,1.0,João Félix,Joao Felix,JOAO FELIX,Al Nassr,Al Nassr FC (KSA),Forward,Forward,11,10/11/1999,179,False,True,True,True
Portugal,accent_diff,accent,1.0,João Neves,Joao Neves,JOAO NEVES,PSG,Paris Saint-Germain (FRA),Midfielder,Midfielder,15,27/09/2004,171,False,True,True,True
Portugal,accent_diff,accent,1.0,Rafael Leão,Rafael Leao,RAFAEL LEAO,AC Milan,AC Milan (ITA),Forward,Forward,17,10/06/1999,188,False,True,True,True
Portugal,accent_diff,accent,1.0,Rúben Dias,Ruben Dias,RUBEN DIAS,Manchester City,Manchester City FC (ENG),Defender,Defender,3,14/05/1997,187,False,True,True,True
Portugal,accent_diff,accent,1.0,Rúben Neves,Ruben Neves,RUBEN NEVES,Al Hilal,Al Hilal SC (KSA),Midfielder,Midfielder,21,13/03/1997,183,False,True,True,True
Scotland,accent_diff,accent,1.0,Ché Adams,Che Adams,ADAMS Che,Torino,Torino FC (ITA),Forward,Forward,10,13/07/1996,175,False,True,True,True
Senegal,accent_diff,accent,1.0,Ismaïla Sarr,Ismaila Sarr,SARR Ismaila,Crystal Palace,Crystal Palace FC (ENG),Forward,Forward,18,25/02/1998,185,False,True,True,True
Senegal,accent_diff,accent,1.0,Sadio Mané,Sadio Mane,MANE Sadio,Al Nassr,Al Nassr FC (KSA),Forward,Forward,10,10/04/1992,175,False,True,True,True
Senegal,accent_diff,accent,1.0,Édouard Mendy,Edouard Mendy,MENDY Edouard,Al Ahli,Al Ahli FC (KSA),Goalkeeper,Goalkeeper,16,01/03/1992,194,False,True,True,True
Spain,accent_diff,accent,1.0,Eric García,Eric Garcia,GARCIA Eric,Barcelona,FC Barcelona (ESP),Defender,Defender,4,09/01/2001,183,False,True,True,True
Spain,accent_diff,accent,1.0,Fabián Ruiz,Fabian Ruiz,RUIZ Fabian,PSG,Paris Saint-Germain (FRA),Midfielder,Midfielder,8,03/04/1996,188,False,True,True,True
Spain,accent_diff,accent,1.0,Martín Zubimendi,Martin Zubimendi,ZUBIMENDI Martin,Arsenal,Arsenal FC (ENG),Midfielder,Midfielder,18,02/02/1999,181,False,True,True,True
Spain,accent_diff,accent,1.0,Pau Cubarsí,Pau Cubarsi,CUBARSI Pau,Barcelona,FC Barcelona (ESP),Defender,Defender,22,22/01/2007,183,False,True,True,True
Spain,accent_diff,accent,1.0,Unai Simón,Unai Simon,SIMON Unai,Athletic Club,Athletic Club (ESP),Goalkeeper,Goalkeeper,23,11/06/1997,190,False,True,True,True
Spain,accent_diff,accent,1.0,Víctor Muñoz,Victor Munoz,MUNOZ Victor,Osasuna,CA Osasuna (ESP),Forward,Forward,25,13/07/2003,173,False,True,True,True
Spain,accent_diff,accent,1.0,Yéremy Pino,Yeremy Pino,PINO Yeremy,Crystal Palace,Crystal Palace FC (ENG),Forward,Forward,11,20/10/2002,174,False,True,True,True
Spain,accent_diff,accent,1.0,Álex Baena,Alex Baena,BAENA Alex,Atlético Madrid,Atlético De Madrid (ESP),Midfielder,Midfielder,15,20/07/2001,172,False,True,True,True
Sweden,accent_diff,accent,1.0,Jesper Karlström,Jesper Karlstrom,KARLSTROM Jesper,Udinese,Udinese (ITA),Midfielder,Midfielder,16,21/06/1995,182,False,True,True,True
Sweden,accent_diff,accent,1.0,Viktor Gyökeres,Viktor Gyokeres,GYOKERES Viktor,Arsenal,Arsenal FC (ENG),Forward,Forward,17,04/06/1998,189,False,True,True,True
Switzerland,accent_diff,accent,1.0,Ricardo Rodríguez,Ricardo Rodriguez,RODRIGUEZ Ricardo,Real Betis,Real Betis (ESP),Defender,Defender,13,25/08/1992,182,False,True,True,True
Turkey,accent_diff,accent,1.0,Caglar Söyüncü,Caglar Soyuncu,SOYUNCU Caglar,Fenerbahçe,Fenerbahçe SK (TUR),Defender,Defender,4,23/05/1996,185,False,True,True,True
Turkey,accent_diff,accent,1.0,Ismail Yüksek,Ismail Yuksek,YUKSEK Ismail,Fenerbahçe,Fenerbahçe SK (TUR),Midfielder,Midfielder,16,26/01/1999,183,False,True,True,True
Turkey,accent_diff,accent,1.0,Mert Günok,Mert Gunok,GUNOK Mert,Fenerbahçe,Fenerbahçe SK (TUR),Goalkeeper,Goalkeeper,1,01/03/1989,196,False,True,True,True
Turkey,accent_diff,accent,1.0,Mert Müldür,Mert Muldur,MULDUR Mert,Fenerbahçe,Fenerbahçe SK (TUR),Defender,Defender,18,03/04/1999,184,False,True,True,True
Turkey,accent_diff,accent,1.0,Orkun Kökçü,Orkun Kokcu,KOKCU Orkun,Beşiktaş,Beşiktaş JK (TUR),Midfielder,Midfielder,6,29/12/2000,175,False,True,True,True
Turkey,accent_diff,accent,1.0,Salih Özcan,Salih Ozcan,OZCAN Salih,Borussia Dortmund,Borussia Dortmund (GER),Midfielder,Midfielder,5,11/01/1998,182,False,True,True,True
Turkey,accent_diff,accent,1.0,Yunus Akgün,Yunus Akgun,AKGUN Yunus,Galatasaray,Galatasaray SK (TUR),Forward,Forward,19,07/07/2000,173,False,True,True,True
Turkey,accent_diff,accent,1.0,Zeki Çelik,Zeki Celik,CELIK Zeki,AS Roma,AS Roma (ITA),Defender,Defender,2,17/02/1997,180,False,True,True,True
United States,accent_diff,accent,1.0,Sergiño Dest,Sergino Dest,DEST Sergino,PSV,PSV Eindhoven (NED),Defender,Defender,2,03/11/2000,173,False,True,True,True
Uruguay,accent_diff,accent,1.0,Agustín Canobbio,Agustin Canobbio,CANOBBIO Agustin,Fluminense,Fluminense FC (BRA),Midfielder,Midfielder,14,01/10/1998,176,False,True,True,True
Uruguay,accent_diff,accent,1.0,Brian Rodríguez,Brian Rodriguez,RODRIGUEZ Brian,América,Club América (MEX),Forward,Forward,18,20/05/2000,175,False,True,True,True
Uruguay,accent_diff,accent,1.0,Darwin Núñez,Darwin Nunez,NUNEZ Darwin,Al-Hilal,Al Hilal SC (KSA),Forward,Forward,9,24/06/1999,185,False,True,True,True
Uruguay,accent_diff,accent,1.0,Emiliano Martínez,Emiliano Martinez,MARTINEZ Emiliano,Palmeiras,SE Palmeiras (BRA),Midfielder,Midfielder,15,17/08/1999,184,False,True,True,True
Uruguay,accent_diff,accent,1.0,Federico Viñas,Federico Vinas,VINAS Federico,Real Oviedo,Real Oviedo (ESP),Forward,Forward,21,30/06/1998,181,False,True,True,True
Uruguay,accent_diff,accent,1.0,José María Giménez,Jose Maria Gimenez,GIMENEZ Jose Maria,Atlético Madrid,Atlético De Madrid (ESP),Defender,Defender,2,20/01/1995,186,False,True,True,True
Uruguay,accent_diff,accent,1.0,Mathías Olivera,Mathias Olivera,OLIVERA Mathias,Napoli,SSC Napoli (ITA),Defender,Defender,16,31/10/1997,174,False,True,True,True
Uruguay,accent_diff,accent,1.0,Matías Viña,Matias Vina,VINA Matias,River Plate,CA River Plate (ARG),Defender,Defender,17,09/11/1997,180,False,True,True,True
Uruguay,accent_diff,accent,1.0,Nicolás De La Cruz,Nicolas de la Cruz,DE LA CRUZ Nicolas,Flamengo,CR Flamengo (BRA),Midfielder,Midfielder,7,01/06/1997,167,False,True,True,True
Uruguay,accent_diff,accent,1.0,Ronald Araújo,Ronald Araujo,ARAUJO Ronald,Barcelona,FC Barcelona (ESP),Defender,Defender,4,07/03/1999,185,False,True,True,True
Uruguay,accent_diff,accent,1.0,Sebastián Cáceres,Sebastian Caceres,CACERES Sebastian,Club América,Club América (MEX),Defender,Defender,3,18/08/1999,180,False,True,True,True
