match_number,match_date,stage,group,team,opponent,player_key,player_name,position_broad,position_broad_clean,team_position_rank,role_score,data_quality_tier,data_quality_score,base_start_probability,base_expected_minutes,manual_start_probability,manual_expected_minutes,final_start_probability,final_expected_minutes,lineup_status,minutes_source,confidence,notes,manual_override_applied
1,2026-06-11,Group Stage,A,Mexico,South Africa,mexico_cesar_montes,Cesar Montes,Defender,Defender,5,0.2757,D,0.2,0.25,26.0,,,0.25,26.0,rotation,auto_role_rank_heuristic,0.359,,False
1,2026-06-11,Group Stage,A,Mexico,South Africa,mexico_edson_alvarez,Edson Alvarez,Defender,Defender,2,0.6383,C,0.451,0.658,51.3,,,0.658,51.3,probable_starter,auto_role_rank_heuristic,0.617,,False
1,2026-06-11,Group Stage,A,Mexico,South Africa,mexico_israel_reyes,Israel Reyes,Defender,Defender,6,0.2536,C,0.55,0.305,29.4,,,0.305,29.4,rotation,auto_role_rank_heuristic,0.556,,False
1,2026-06-11,Group Stage,A,Mexico,South Africa,mexico_jesus_gallardo,Jesus Gallardo,Defender,Defender,4,0.3369,C,0.55,0.635,49.8,,,0.635,49.8,probable_starter,auto_role_rank_heuristic,0.577,,False
1,2026-06-11,Group Stage,A,Mexico,South Africa,mexico_johan_vasquez,Johan Vasquez,Defender,Defender,1,0.935,A,0.95,0.795,59.7,,,0.795,59.7,locked_starter,auto_role_rank_heuristic,0.88,,False
1,2026-06-11,Group Stage,A,Mexico,South Africa,mexico_jorge_sanchez,Jorge Sanchez,Defender,Defender,3,0.3967,C,0.55,0.64,50.2,,,0.64,50.2,probable_starter,auto_role_rank_heuristic,0.592,,False
1,2026-06-11,Group Stage,A,Mexico,South Africa,mexico_mateo_chavez,Mateo Chavez,Defender,Defender,7,0.1757,C,0.455,0.299,29.1,,,0.299,29.1,rotation,auto_role_rank_heuristic,0.503,,False
1,2026-06-11,Group Stage,A,Mexico,South Africa,mexico_alexis_vega,Alexis Vega,Forward,Forward,6,0.1896,D,0.35,0.243,32.2,,,0.243,32.2,rotation,auto_role_rank_heuristic,0.39,,False
1,2026-06-11,Group Stage,A,Mexico,South Africa,mexico_armando_gonzalez,Armando Gonzalez,Forward,Forward,8,0.0517,D,0.35,0.032,23.4,,,0.032,23.4,bench_option,auto_role_rank_heuristic,0.355,,False
1,2026-06-11,Group Stage,A,Mexico,South Africa,mexico_cesar_huerta,Cesar Huerta,Forward,Forward,2,0.5396,C,0.436,0.612,47.5,,,0.612,47.5,probable_starter,auto_role_rank_heuristic,0.587,,False
1,2026-06-11,Group Stage,A,Mexico,South Africa,mexico_guillermo_martinez,Guillermo Martinez,Forward,Forward,7,0.1767,C,0.55,0.299,34.5,,,0.299,34.5,rotation,auto_role_rank_heuristic,0.537,,False
1,2026-06-11,Group Stage,A,Mexico,South Africa,mexico_julian_quinones,Julian Quinones,Forward,Forward,3,0.5017,B,0.776,0.686,50.5,,,0.686,50.5,probable_starter,auto_role_rank_heuristic,0.737,,False
1,2026-06-11,Group Stage,A,Mexico,South Africa,mexico_raul_jimenez,Raul Jimenez,Forward,Forward,1,0.649,A,0.882,0.735,52.6,,,0.735,52.6,probable_starter,auto_role_rank_heuristic,0.851,,False
1,2026-06-11,Group Stage,A,Mexico,South Africa,mexico_roberto_alvarado,Roberto Alvarado,Forward,Forward,5,0.2231,D,0.35,0.246,32.3,,,0.246,32.3,rotation,auto_role_rank_heuristic,0.398,,False
1,2026-06-11,Group Stage,A,Mexico,South Africa,mexico_santiago_gimenez,Santiago Gimenez,Forward,Forward,4,0.4551,C,0.459,0.32,35.4,,,0.32,35.4,rotation,auto_role_rank_heuristic,0.574,,False
1,2026-06-11,Group Stage,A,Mexico,South Africa,mexico_carlos_acevedo,Carlos Acevedo,Goalkeeper,Goalkeeper,3,0.25,C,0.55,0.019,1.5,,,0.019,1.5,bench_option,auto_role_rank_heuristic,0.555,,False
1,2026-06-11,Group Stage,A,Mexico,South Africa,mexico_guillermo_ochoa,Guillermo Ochoa,Goalkeeper,Goalkeeper,1,0.5,C,0.55,0.743,59.0,,,0.743,59.0,probable_starter,auto_role_rank_heuristic,0.617,,False
1,2026-06-11,Group Stage,A,Mexico,South Africa,mexico_raul_rangel,Raul Rangel,Goalkeeper,Goalkeeper,2,0.2537,C,0.55,0.133,10.6,,,0.133,10.6,bench_option,auto_role_rank_heuristic,0.556,,False
1,2026-06-11,Group Stage,A,Mexico,South Africa,mexico_alvaro_fidalgo,Alvaro Fidalgo,Midfielder,Midfielder,2,0.5049,C,0.436,0.629,49.4,,,0.629,49.4,probable_starter,auto_role_rank_heuristic,0.579,,False
1,2026-06-11,Group Stage,A,Mexico,South Africa,mexico_brian_gutierrez,Brian Gutierrez,Midfielder,Midfielder,8,0.0175,D,0.2,0.153,26.7,,,0.153,26.7,bench_option,auto_role_rank_heuristic,0.294,,False
1,2026-06-11,Group Stage,A,Mexico,South Africa,mexico_erik_lira,Erik Lira,Midfielder,Midfielder,7,0.1087,D,0.35,0.237,30.7,,,0.237,30.7,rotation,auto_role_rank_heuristic,0.37,,False
1,2026-06-11,Group Stage,A,Mexico,South Africa,mexico_gilberto_mora,Gilberto Mora,Midfielder,Midfielder,5,0.1263,D,0.35,0.238,30.8,,,0.238,30.8,rotation,auto_role_rank_heuristic,0.374,,False
1,2026-06-11,Group Stage,A,Mexico,South Africa,mexico_luis_chavez,Luis Chavez,Midfielder,Midfielder,3,0.3035,D,0.35,0.556,45.9,,,0.556,45.9,probable_starter,auto_role_rank_heuristic,0.418,,False
1,2026-06-11,Group Stage,A,Mexico,South Africa,mexico_luis_romo,Luis Romo,Midfielder,Midfielder,4,0.2658,C,0.55,0.611,48.6,,,0.611,48.6,probable_starter,auto_role_rank_heuristic,0.559,,False
1,2026-06-11,Group Stage,A,Mexico,South Africa,mexico_obed_vargas,Obed Vargas,Midfielder,Midfielder,6,0.111,C,0.449,0.294,33.4,,,0.294,33.4,rotation,auto_role_rank_heuristic,0.485,,False
1,2026-06-11,Group Stage,A,Mexico,South Africa,mexico_orbelin_pineda,Orbelin Pineda,Midfielder,Midfielder,1,0.5211,C,0.55,0.631,49.5,,,0.631,49.5,probable_starter,auto_role_rank_heuristic,0.623,,False
1,2026-06-11,Group Stage,A,South Africa,Mexico,south_africa_aubrey_modiba,Aubrey Modiba,Defender,Defender,4,0.0,D,0.2,0.662,52.7,,,0.662,52.7,probable_starter,auto_role_rank_heuristic,0.29,,False
1,2026-06-11,Group Stage,A,South Africa,Mexico,south_africa_bradley_cross,Bradley Cross,Defender,Defender,5,0.0,D,0.2,0.212,24.2,,,0.212,24.2,rotation,auto_role_rank_heuristic,0.29,,False
1,2026-06-11,Group Stage,A,South Africa,Mexico,south_africa_ime_okon,Ime Okon,Defender,Defender,6,0.0,D,0.2,0.212,24.2,,,0.212,24.2,rotation,auto_role_rank_heuristic,0.29,,False
1,2026-06-11,Group Stage,A,South Africa,Mexico,south_africa_khuliso_mudau,Khuliso Mudau,Defender,Defender,7,0.0,D,0.2,0.212,24.2,,,0.212,24.2,rotation,auto_role_rank_heuristic,0.29,,False
1,2026-06-11,Group Stage,A,South Africa,Mexico,south_africa_khulumani_ndamane,Khulumani Ndamane,Defender,Defender,8,0.0,D,0.2,0.013,11.7,,,0.013,11.7,bench_option,auto_role_rank_heuristic,0.29,,False
1,2026-06-11,Group Stage,A,South Africa,Mexico,south_africa_mbekezeli_mbokazi,Mbekezeli Mbokazi,Defender,Defender,2,0.1572,B,0.637,0.97,72.1,,,0.97,72.1,locked_starter,auto_role_rank_heuristic,0.602,,False
1,2026-06-11,Group Stage,A,South Africa,Mexico,south_africa_nkosinathi_sibisi,Nkosinathi Sibisi,Defender,Defender,9,0.0,D,0.2,0.013,11.7,,,0.013,11.7,bench_option,auto_role_rank_heuristic,0.29,,False
1,2026-06-11,Group Stage,A,South Africa,Mexico,south_africa_olwethu_makhanya,Olwethu Makhanya,Defender,Defender,1,0.1754,B,0.647,0.971,72.2,,,0.971,72.2,locked_starter,auto_role_rank_heuristic,0.61,,False
1,2026-06-11,Group Stage,A,South Africa,Mexico,south_africa_samukele_kabini,Samukele Kabini,Defender,Defender,3,0.045,D,0.35,0.773,59.7,,,0.773,59.7,locked_starter,auto_role_rank_heuristic,0.354,,False
1,2026-06-11,Group Stage,A,South Africa,Mexico,south_africa_thabang_matuludi,Thabang Matuludi,Defender,Defender,10,0.0,D,0.2,0.013,11.7,,,0.013,11.7,bench_option,auto_role_rank_heuristic,0.29,,False
1,2026-06-11,Group Stage,A,South Africa,Mexico,south_africa_evidence_makgopa,Evidence Makgopa,Forward,Forward,2,0.0,D,0.2,0.609,48.4,,,0.609,48.4,probable_starter,auto_role_rank_heuristic,0.29,,False
1,2026-06-11,Group Stage,A,South Africa,Mexico,south_africa_iqraam_rayners,Iqraam Rayners,Forward,Forward,3,0.0,D,0.2,0.609,48.4,,,0.609,48.4,probable_starter,auto_role_rank_heuristic,0.29,,False
1,2026-06-11,Group Stage,A,South Africa,Mexico,south_africa_kamogelo_sebelebele,Kamogelo Sebelebele,Forward,Forward,4,0.0,D,0.2,0.212,31.6,,,0.212,31.6,rotation,auto_role_rank_heuristic,0.29,,False
1,2026-06-11,Group Stage,A,South Africa,Mexico,south_africa_lyle_foster,Lyle Foster,Forward,Forward,1,0.562,A,0.814,0.98,64.1,,,0.98,64.1,locked_starter,auto_role_rank_heuristic,0.805,,False
1,2026-06-11,Group Stage,A,South Africa,Mexico,south_africa_oswin_appollis,Oswin Appollis,Forward,Forward,5,0.0,D,0.2,0.212,31.6,,,0.212,31.6,rotation,auto_role_rank_heuristic,0.29,,False
1,2026-06-11,Group Stage,A,South Africa,Mexico,south_africa_relebohile_mofokeng,Relebohile Mofokeng,Forward,Forward,6,0.0,D,0.2,0.212,31.6,,,0.212,31.6,rotation,auto_role_rank_heuristic,0.29,,False
1,2026-06-11,Group Stage,A,South Africa,Mexico,south_africa_thapelo_maseko,Thapelo Maseko,Forward,Forward,7,0.0,D,0.2,0.212,31.6,,,0.212,31.6,rotation,auto_role_rank_heuristic,0.29,,False
1,2026-06-11,Group Stage,A,South Africa,Mexico,south_africa_tshepang_moremi,Tshepang Moremi,Forward,Forward,8,0.0,D,0.2,0.013,23.1,,,0.013,23.1,bench_option,auto_role_rank_heuristic,0.29,,False
1,2026-06-11,Group Stage,A,South Africa,Mexico,south_africa_ricardo_goss,Ricardo Goss,Goalkeeper,Goalkeeper,1,0.0,D,0.2,0.794,64.5,,,0.794,64.5,locked_starter,auto_role_rank_heuristic,0.29,,False
1,2026-06-11,Group Stage,A,South Africa,Mexico,south_africa_ronwen_williams,Ronwen Williams,Goalkeeper,Goalkeeper,2,0.0,D,0.2,0.013,1.1,,,0.013,1.1,bench_option,auto_role_rank_heuristic,0.29,,False
1,2026-06-11,Group Stage,A,South Africa,Mexico,south_africa_sipho_chaine,Sipho Chaine,Goalkeeper,Goalkeeper,3,0.0,D,0.2,0.013,1.1,,,0.013,1.1,bench_option,auto_role_rank_heuristic,0.29,,False
1,2026-06-11,Group Stage,A,South Africa,Mexico,south_africa_jayden_adams,Jayden Adams,Midfielder,Midfielder,2,0.0,D,0.2,0.635,50.8,,,0.635,50.8,probable_starter,auto_role_rank_heuristic,0.29,,False
1,2026-06-11,Group Stage,A,South Africa,Mexico,south_africa_sphephelo_sithole,Sphephelo Sithole,Midfielder,Midfielder,1,0.2314,B,0.679,0.951,66.2,,,0.951,66.2,locked_starter,auto_role_rank_heuristic,0.636,,False
1,2026-06-11,Group Stage,A,South Africa,Mexico,south_africa_teboho_mokoena,Teboho Mokoena,Midfielder,Midfielder,3,0.0,D,0.2,0.635,50.8,,,0.635,50.8,probable_starter,auto_role_rank_heuristic,0.29,,False
1,2026-06-11,Group Stage,A,South Africa,Mexico,south_africa_thalente_mbatha,Thalente Mbatha,Midfielder,Midfielder,4,0.0,D,0.2,0.635,50.8,,,0.635,50.8,probable_starter,auto_role_rank_heuristic,0.29,,False
1,2026-06-11,Group Stage,A,South Africa,Mexico,south_africa_themba_zwane,Themba Zwane,Midfielder,Midfielder,5,0.0,D,0.2,0.212,30.2,,,0.212,30.2,rotation,auto_role_rank_heuristic,0.29,,False
2,2026-06-11,Group Stage,A,South Korea,Czech Republic,south_korea_hanbeom_lee,Hanbeom Lee,Defender,Defender,3,0.1983,D,0.2,0.76,58.8,,,0.76,58.8,locked_starter,auto_role_rank_heuristic,0.34,,False
2,2026-06-11,Group Stage,A,South Korea,Czech Republic,south_korea_jens_castrop,Jens Castrop,Defender,Defender,2,0.2945,D,0.35,0.77,59.4,,,0.77,59.4,locked_starter,auto_role_rank_heuristic,0.416,,False
2,2026-06-11,Group Stage,A,South Korea,Czech Republic,south_korea_jinseob_park,Jinseob Park,Defender,Defender,7,0.0,D,0.2,0.204,23.7,,,0.204,23.7,rotation,auto_role_rank_heuristic,0.29,,False
2,2026-06-11,Group Stage,A,South Korea,Czech Republic,south_korea_minjae_kim,Minjae Kim,Defender,Defender,1,0.5337,C,0.55,0.871,65.8,,,0.871,65.8,locked_starter,auto_role_rank_heuristic,0.626,,False
2,2026-06-11,Group Stage,A,South Korea,Czech Republic,south_korea_moonhwan_kim,Moonhwan Kim,Defender,Defender,5,0.0525,D,0.2,0.209,24.0,,,0.209,24.0,rotation,auto_role_rank_heuristic,0.303,,False
2,2026-06-11,Group Stage,A,South Korea,Czech Republic,south_korea_taehyeon_kim,Taehyeon Kim,Defender,Defender,8,0.0,D,0.2,0.013,11.6,,,0.013,11.6,bench_option,auto_role_rank_heuristic,0.29,,False
2,2026-06-11,Group Stage,A,South Korea,Czech Republic,south_korea_taeseok_lee,Taeseok Lee,Defender,Defender,9,0.0,D,0.2,0.013,11.6,,,0.013,11.6,bench_option,auto_role_rank_heuristic,0.29,,False
2,2026-06-11,Group Stage,A,South Korea,Czech Republic,south_korea_wije_cho,Wije Cho,Defender,Defender,6,0.0075,D,0.2,0.205,23.8,,,0.205,23.8,rotation,auto_role_rank_heuristic,0.292,,False
2,2026-06-11,Group Stage,A,South Korea,Czech Republic,south_korea_youngwoo_seol,Youngwoo Seol,Defender,Defender,4,0.1214,D,0.35,0.752,58.3,,,0.752,58.3,locked_starter,auto_role_rank_heuristic,0.373,,False
2,2026-06-11,Group Stage,A,South Korea,Czech Republic,south_korea_guesung_cho,Guesung Cho,Forward,Forward,2,0.3085,D,0.35,0.72,53.1,,,0.72,53.1,probable_starter,auto_role_rank_heuristic,0.42,,False
2,2026-06-11,Group Stage,A,South Korea,Czech Republic,south_korea_heungmin_son,Heungmin Son,Forward,Forward,1,0.3623,D,0.35,0.725,53.3,,,0.725,53.3,probable_starter,auto_role_rank_heuristic,0.433,,False
2,2026-06-11,Group Stage,A,South Korea,Czech Republic,south_korea_hyeongyu_oh,Hyeongyu Oh,Forward,Forward,3,0.2261,D,0.35,0.711,52.7,,,0.711,52.7,probable_starter,auto_role_rank_heuristic,0.399,,False
2,2026-06-11,Group Stage,A,South Korea,Czech Republic,south_korea_bumkeun_song,Bumkeun Song,Goalkeeper,Goalkeeper,3,0.0,D,0.2,0.013,1.1,,,0.013,1.1,bench_option,auto_role_rank_heuristic,0.29,,False
2,2026-06-11,Group Stage,A,South Korea,Czech Republic,south_korea_hyeonwoo_jo,Hyeonwoo Jo,Goalkeeper,Goalkeeper,1,0.2024,D,0.35,0.887,72.0,,,0.887,72.0,locked_starter,auto_role_rank_heuristic,0.393,,False
2,2026-06-11,Group Stage,A,South Korea,Czech Republic,south_korea_seunggyu_kim,Seunggyu Kim,Goalkeeper,Goalkeeper,2,0.1,D,0.2,0.013,1.1,,,0.013,1.1,bench_option,auto_role_rank_heuristic,0.315,,False
2,2026-06-11,Group Stage,A,South Korea,Czech Republic,south_korea_donggyeong_lee,Donggyeong Lee,Midfielder,Midfielder,6,0.0,D,0.2,0.204,29.8,,,0.204,29.8,rotation,auto_role_rank_heuristic,0.29,,False
2,2026-06-11,Group Stage,A,South Korea,Czech Republic,south_korea_gihyuk_lee,Gihyuk Lee,Midfielder,Midfielder,7,0.0,D,0.2,0.204,29.8,,,0.204,29.8,rotation,auto_role_rank_heuristic,0.29,,False
2,2026-06-11,Group Stage,A,South Korea,Czech Republic,south_korea_heechan_hwang,Heechan Hwang,Midfielder,Midfielder,4,0.3306,D,0.35,0.747,56.2,,,0.747,56.2,probable_starter,auto_role_rank_heuristic,0.425,,False
2,2026-06-11,Group Stage,A,South Korea,Czech Republic,south_korea_hyunjun_yang,Hyunjun Yang,Midfielder,Midfielder,8,0.0,D,0.2,0.204,29.8,,,0.204,29.8,rotation,auto_role_rank_heuristic,0.29,,False
2,2026-06-11,Group Stage,A,South Korea,Czech Republic,south_korea_inbeom_hwang,Inbeom Hwang,Midfielder,Midfielder,2,0.4201,C,0.55,0.834,60.5,,,0.834,60.5,locked_starter,auto_role_rank_heuristic,0.598,,False
2,2026-06-11,Group Stage,A,South Korea,Czech Republic,south_korea_jaesung_lee,Jaesung Lee,Midfielder,Midfielder,9,0.0,D,0.2,0.013,20.5,,,0.013,20.5,bench_option,auto_role_rank_heuristic,0.29,,False
2,2026-06-11,Group Stage,A,South Korea,Czech Republic,south_korea_jingyu_kim,Jingyu Kim,Midfielder,Midfielder,10,0.0,D,0.2,0.013,20.5,,,0.013,20.5,bench_option,auto_role_rank_heuristic,0.29,,False
2,2026-06-11,Group Stage,A,South Korea,Czech Republic,south_korea_jisung_eom,Jisung Eom,Midfielder,Midfielder,5,0.0927,D,0.35,0.315,35.2,,,0.315,35.2,rotation,auto_role_rank_heuristic,0.366,,False
2,2026-06-11,Group Stage,A,South Korea,Czech Republic,south_korea_junho_bae,Junho Bae,Midfielder,Midfielder,11,0.0,D,0.2,0.013,20.5,,,0.013,20.5,bench_option,auto_role_rank_heuristic,0.29,,False
2,2026-06-11,Group Stage,A,South Korea,Czech Republic,south_korea_kangin_lee,Kangin Lee,Midfielder,Midfielder,3,0.3644,D,0.35,0.751,56.4,,,0.751,56.4,locked_starter,auto_role_rank_heuristic,0.434,,False
2,2026-06-11,Group Stage,A,South Korea,Czech Republic,south_korea_seungho_paik,Seungho Paik,Midfielder,Midfielder,1,0.4651,C,0.55,0.838,60.7,,,0.838,60.7,locked_starter,auto_role_rank_heuristic,0.609,,False
2,2026-06-11,Group Stage,A,Czech Republic,South Korea,czech_republic_david_doudera,David Doudera,Defender,Defender,6,0.25,C,0.55,0.309,29.9,,,0.309,29.9,rotation,auto_role_rank_heuristic,0.555,,False
2,2026-06-11,Group Stage,A,Czech Republic,South Korea,czech_republic_david_jurasek,David Jurasek,Defender,Defender,5,0.287,C,0.443,0.312,30.1,,,0.312,30.1,rotation,auto_role_rank_heuristic,0.527,,False
2,2026-06-11,Group Stage,A,Czech Republic,South Korea,czech_republic_david_zima,David Zima,Defender,Defender,4,0.3257,C,0.55,0.643,50.7,,,0.643,50.7,probable_starter,auto_role_rank_heuristic,0.574,,False
2,2026-06-11,Group Stage,A,Czech Republic,South Korea,czech_republic_jaroslav_zeleny,Jaroslav Zeleny,Defender,Defender,7,0.02,D,0.2,0.157,20.5,,,0.157,20.5,bench_option,auto_role_rank_heuristic,0.295,,False
2,2026-06-11,Group Stage,A,Czech Republic,South Korea,czech_republic_ladislav_krejci,Ladislav Krejci,Defender,Defender,2,0.624,A,0.911,0.783,59.5,,,0.783,59.5,locked_starter,auto_role_rank_heuristic,0.855,,False
2,2026-06-11,Group Stage,A,Czech Republic,South Korea,czech_republic_robin_hranac,Robin Hranac,Defender,Defender,3,0.6021,A,0.888,0.781,59.3,,,0.781,59.3,locked_starter,auto_role_rank_heuristic,0.841,,False
2,2026-06-11,Group Stage,A,Czech Republic,South Korea,czech_republic_stepan_chaloupek,Stepan Chaloupek,Defender,Defender,8,0.0,D,0.2,0.01,11.3,,,0.01,11.3,bench_option,auto_role_rank_heuristic,0.29,,False
2,2026-06-11,Group Stage,A,Czech Republic,South Korea,czech_republic_tomas_holes,Tomas Holes,Defender,Defender,9,0.0,D,0.2,0.01,11.3,,,0.01,11.3,bench_option,auto_role_rank_heuristic,0.29,,False
2,2026-06-11,Group Stage,A,Czech Republic,South Korea,czech_republic_vladimir_coufal,Vladimir Coufal,Defender,Defender,1,0.6808,A,0.95,0.786,59.6,,,0.786,59.6,locked_starter,auto_role_rank_heuristic,0.88,,False
2,2026-06-11,Group Stage,A,Czech Republic,South Korea,czech_republic_adam_hlozek,Adam Hlozek,Forward,Forward,5,0.2601,D,0.203,0.252,32.8,,,0.252,32.8,rotation,auto_role_rank_heuristic,0.356,,False
2,2026-06-11,Group Stage,A,Czech Republic,South Korea,czech_republic_denis_visinsky,Denis Visinsky,Forward,Forward,6,0.0474,D,0.2,0.236,32.1,,,0.236,32.1,rotation,auto_role_rank_heuristic,0.302,,False
2,2026-06-11,Group Stage,A,Czech Republic,South Korea,czech_republic_jan_kuchta,Jan Kuchta,Forward,Forward,3,0.4433,C,0.55,0.613,47.9,,,0.613,47.9,probable_starter,auto_role_rank_heuristic,0.603,,False
2,2026-06-11,Group Stage,A,Czech Republic,South Korea,czech_republic_mojmir_chytil,Mojmir Chytil,Forward,Forward,7,0.0,D,0.2,0.155,28.7,,,0.155,28.7,bench_option,auto_role_rank_heuristic,0.29,,False
2,2026-06-11,Group Stage,A,Czech Republic,South Korea,czech_republic_patrik_schick,Patrik Schick,Forward,Forward,1,0.5809,A,0.866,0.74,53.2,,,0.74,53.2,probable_starter,auto_role_rank_heuristic,0.828,,False
2,2026-06-11,Group Stage,A,Czech Republic,South Korea,czech_republic_pavel_sulc,Pavel Sulc,Forward,Forward,2,0.5077,A,0.831,0.735,53.0,,,0.735,53.0,probable_starter,auto_role_rank_heuristic,0.798,,False
2,2026-06-11,Group Stage,A,Czech Republic,South Korea,czech_republic_tomas_chory,Tomas Chory,Forward,Forward,4,0.3781,D,0.35,0.261,33.2,,,0.261,33.2,rotation,auto_role_rank_heuristic,0.437,,False
2,2026-06-11,Group Stage,A,Czech Republic,South Korea,czech_republic_jindrich_stanek,Jindrich Stanek,Goalkeeper,Goalkeeper,3,0.4899,C,0.55,0.038,3.0,,,0.038,3.0,bench_option,auto_role_rank_heuristic,0.615,,False
2,2026-06-11,Group Stage,A,Czech Republic,South Korea,czech_republic_lukas_hornicek,Lukas Hornicek,Goalkeeper,Goalkeeper,1,0.9089,B,0.797,0.863,69.1,,,0.863,69.1,locked_starter,auto_role_rank_heuristic,0.846,,False
2,2026-06-11,Group Stage,A,Czech Republic,South Korea,czech_republic_matej_kovar,Matej Kovar,Goalkeeper,Goalkeeper,2,0.8396,B,0.783,0.258,20.7,,,0.258,20.7,rotation,auto_role_rank_heuristic,0.824,,False
2,2026-06-11,Group Stage,A,Czech Republic,South Korea,czech_republic_alexandr_sojka,Alexandr Sojka,Midfielder,Midfielder,5,0.0075,D,0.2,0.156,27.1,,,0.156,27.1,bench_option,auto_role_rank_heuristic,0.292,,False
2,2026-06-11,Group Stage,A,Czech Republic,South Korea,czech_republic_hugo_sochurek,Hugo Sochurek,Midfielder,Midfielder,6,0.0,D,0.2,0.155,27.0,,,0.155,27.0,bench_option,auto_role_rank_heuristic,0.29,,False
2,2026-06-11,Group Stage,A,Czech Republic,South Korea,czech_republic_lukas_cerv,Lukas Cerv,Midfielder,Midfielder,3,0.3063,C,0.55,0.623,49.5,,,0.623,49.5,probable_starter,auto_role_rank_heuristic,0.569,,False
2,2026-06-11,Group Stage,A,Czech Republic,South Korea,czech_republic_lukas_provod,Lukas Provod,Midfielder,Midfielder,7,0.0,D,0.2,0.155,27.0,,,0.155,27.0,bench_option,auto_role_rank_heuristic,0.29,,False
2,2026-06-11,Group Stage,A,Czech Republic,South Korea,czech_republic_michal_sadilek,Michal Sadilek,Midfielder,Midfielder,2,0.5219,C,0.55,0.64,50.3,,,0.64,50.3,probable_starter,auto_role_rank_heuristic,0.623,,False
2,2026-06-11,Group Stage,A,Czech Republic,South Korea,czech_republic_tomas_soucek,Tomas Soucek,Midfielder,Midfielder,1,0.7231,A,0.883,0.771,56.6,,,0.771,56.6,locked_starter,auto_role_rank_heuristic,0.87,,False
2,2026-06-11,Group Stage,A,Czech Republic,South Korea,czech_republic_vladimir_darida,Vladimir Darida,Midfielder,Midfielder,4,0.2536,D,0.35,0.56,46.5,,,0.56,46.5,probable_starter,auto_role_rank_heuristic,0.406,,False
25,2026-06-18,Group Stage,A,Czech Republic,South Africa,czech_republic_david_doudera,David Doudera,Defender,Defender,6,0.25,C,0.55,0.309,29.9,,,0.309,29.9,rotation,auto_role_rank_heuristic,0.555,,False
25,2026-06-18,Group Stage,A,Czech Republic,South Africa,czech_republic_david_jurasek,David Jurasek,Defender,Defender,5,0.287,C,0.443,0.312,30.1,,,0.312,30.1,rotation,auto_role_rank_heuristic,0.527,,False
25,2026-06-18,Group Stage,A,Czech Republic,South Africa,czech_republic_david_zima,David Zima,Defender,Defender,4,0.3257,C,0.55,0.643,50.7,,,0.643,50.7,probable_starter,auto_role_rank_heuristic,0.574,,False
25,2026-06-18,Group Stage,A,Czech Republic,South Africa,czech_republic_jaroslav_zeleny,Jaroslav Zeleny,Defender,Defender,7,0.02,D,0.2,0.157,20.5,,,0.157,20.5,bench_option,auto_role_rank_heuristic,0.295,,False
25,2026-06-18,Group Stage,A,Czech Republic,South Africa,czech_republic_ladislav_krejci,Ladislav Krejci,Defender,Defender,2,0.624,A,0.911,0.783,59.5,,,0.783,59.5,locked_starter,auto_role_rank_heuristic,0.855,,False
25,2026-06-18,Group Stage,A,Czech Republic,South Africa,czech_republic_robin_hranac,Robin Hranac,Defender,Defender,3,0.6021,A,0.888,0.781,59.3,,,0.781,59.3,locked_starter,auto_role_rank_heuristic,0.841,,False
25,2026-06-18,Group Stage,A,Czech Republic,South Africa,czech_republic_stepan_chaloupek,Stepan Chaloupek,Defender,Defender,8,0.0,D,0.2,0.01,11.3,,,0.01,11.3,bench_option,auto_role_rank_heuristic,0.29,,False
25,2026-06-18,Group Stage,A,Czech Republic,South Africa,czech_republic_tomas_holes,Tomas Holes,Defender,Defender,9,0.0,D,0.2,0.01,11.3,,,0.01,11.3,bench_option,auto_role_rank_heuristic,0.29,,False
25,2026-06-18,Group Stage,A,Czech Republic,South Africa,czech_republic_vladimir_coufal,Vladimir Coufal,Defender,Defender,1,0.6808,A,0.95,0.786,59.6,,,0.786,59.6,locked_starter,auto_role_rank_heuristic,0.88,,False
25,2026-06-18,Group Stage,A,Czech Republic,South Africa,czech_republic_adam_hlozek,Adam Hlozek,Forward,Forward,5,0.2601,D,0.203,0.252,32.8,,,0.252,32.8,rotation,auto_role_rank_heuristic,0.356,,False
25,2026-06-18,Group Stage,A,Czech Republic,South Africa,czech_republic_denis_visinsky,Denis Visinsky,Forward,Forward,6,0.0474,D,0.2,0.236,32.1,,,0.236,32.1,rotation,auto_role_rank_heuristic,0.302,,False
25,2026-06-18,Group Stage,A,Czech Republic,South Africa,czech_republic_jan_kuchta,Jan Kuchta,Forward,Forward,3,0.4433,C,0.55,0.613,47.9,,,0.613,47.9,probable_starter,auto_role_rank_heuristic,0.603,,False
25,2026-06-18,Group Stage,A,Czech Republic,South Africa,czech_republic_mojmir_chytil,Mojmir Chytil,Forward,Forward,7,0.0,D,0.2,0.155,28.7,,,0.155,28.7,bench_option,auto_role_rank_heuristic,0.29,,False
25,2026-06-18,Group Stage,A,Czech Republic,South Africa,czech_republic_patrik_schick,Patrik Schick,Forward,Forward,1,0.5809,A,0.866,0.74,53.2,,,0.74,53.2,probable_starter,auto_role_rank_heuristic,0.828,,False
25,2026-06-18,Group Stage,A,Czech Republic,South Africa,czech_republic_pavel_sulc,Pavel Sulc,Forward,Forward,2,0.5077,A,0.831,0.735,53.0,,,0.735,53.0,probable_starter,auto_role_rank_heuristic,0.798,,False
25,2026-06-18,Group Stage,A,Czech Republic,South Africa,czech_republic_tomas_chory,Tomas Chory,Forward,Forward,4,0.3781,D,0.35,0.261,33.2,,,0.261,33.2,rotation,auto_role_rank_heuristic,0.437,,False
25,2026-06-18,Group Stage,A,Czech Republic,South Africa,czech_republic_jindrich_stanek,Jindrich Stanek,Goalkeeper,Goalkeeper,3,0.4899,C,0.55,0.038,3.0,,,0.038,3.0,bench_option,auto_role_rank_heuristic,0.615,,False
25,2026-06-18,Group Stage,A,Czech Republic,South Africa,czech_republic_lukas_hornicek,Lukas Hornicek,Goalkeeper,Goalkeeper,1,0.9089,B,0.797,0.863,69.1,,,0.863,69.1,locked_starter,auto_role_rank_heuristic,0.846,,False
25,2026-06-18,Group Stage,A,Czech Republic,South Africa,czech_republic_matej_kovar,Matej Kovar,Goalkeeper,Goalkeeper,2,0.8396,B,0.783,0.258,20.7,,,0.258,20.7,rotation,auto_role_rank_heuristic,0.824,,False
25,2026-06-18,Group Stage,A,Czech Republic,South Africa,czech_republic_alexandr_sojka,Alexandr Sojka,Midfielder,Midfielder,5,0.0075,D,0.2,0.156,27.1,,,0.156,27.1,bench_option,auto_role_rank_heuristic,0.292,,False
25,2026-06-18,Group Stage,A,Czech Republic,South Africa,czech_republic_hugo_sochurek,Hugo Sochurek,Midfielder,Midfielder,6,0.0,D,0.2,0.155,27.0,,,0.155,27.0,bench_option,auto_role_rank_heuristic,0.29,,False
25,2026-06-18,Group Stage,A,Czech Republic,South Africa,czech_republic_lukas_cerv,Lukas Cerv,Midfielder,Midfielder,3,0.3063,C,0.55,0.623,49.5,,,0.623,49.5,probable_starter,auto_role_rank_heuristic,0.569,,False
25,2026-06-18,Group Stage,A,Czech Republic,South Africa,czech_republic_lukas_provod,Lukas Provod,Midfielder,Midfielder,7,0.0,D,0.2,0.155,27.0,,,0.155,27.0,bench_option,auto_role_rank_heuristic,0.29,,False
25,2026-06-18,Group Stage,A,Czech Republic,South Africa,czech_republic_michal_sadilek,Michal Sadilek,Midfielder,Midfielder,2,0.5219,C,0.55,0.64,50.3,,,0.64,50.3,probable_starter,auto_role_rank_heuristic,0.623,,False
25,2026-06-18,Group Stage,A,Czech Republic,South Africa,czech_republic_tomas_soucek,Tomas Soucek,Midfielder,Midfielder,1,0.7231,A,0.883,0.771,56.6,,,0.771,56.6,locked_starter,auto_role_rank_heuristic,0.87,,False
25,2026-06-18,Group Stage,A,Czech Republic,South Africa,czech_republic_vladimir_darida,Vladimir Darida,Midfielder,Midfielder,4,0.2536,D,0.35,0.56,46.5,,,0.56,46.5,probable_starter,auto_role_rank_heuristic,0.406,,False
25,2026-06-18,Group Stage,A,South Africa,Czech Republic,south_africa_aubrey_modiba,Aubrey Modiba,Defender,Defender,4,0.0,D,0.2,0.662,52.7,,,0.662,52.7,probable_starter,auto_role_rank_heuristic,0.29,,False
25,2026-06-18,Group Stage,A,South Africa,Czech Republic,south_africa_bradley_cross,Bradley Cross,Defender,Defender,5,0.0,D,0.2,0.212,24.2,,,0.212,24.2,rotation,auto_role_rank_heuristic,0.29,,False
25,2026-06-18,Group Stage,A,South Africa,Czech Republic,south_africa_ime_okon,Ime Okon,Defender,Defender,6,0.0,D,0.2,0.212,24.2,,,0.212,24.2,rotation,auto_role_rank_heuristic,0.29,,False
25,2026-06-18,Group Stage,A,South Africa,Czech Republic,south_africa_khuliso_mudau,Khuliso Mudau,Defender,Defender,7,0.0,D,0.2,0.212,24.2,,,0.212,24.2,rotation,auto_role_rank_heuristic,0.29,,False
25,2026-06-18,Group Stage,A,South Africa,Czech Republic,south_africa_khulumani_ndamane,Khulumani Ndamane,Defender,Defender,8,0.0,D,0.2,0.013,11.7,,,0.013,11.7,bench_option,auto_role_rank_heuristic,0.29,,False
25,2026-06-18,Group Stage,A,South Africa,Czech Republic,south_africa_mbekezeli_mbokazi,Mbekezeli Mbokazi,Defender,Defender,2,0.1572,B,0.637,0.97,72.1,,,0.97,72.1,locked_starter,auto_role_rank_heuristic,0.602,,False
25,2026-06-18,Group Stage,A,South Africa,Czech Republic,south_africa_nkosinathi_sibisi,Nkosinathi Sibisi,Defender,Defender,9,0.0,D,0.2,0.013,11.7,,,0.013,11.7,bench_option,auto_role_rank_heuristic,0.29,,False
25,2026-06-18,Group Stage,A,South Africa,Czech Republic,south_africa_olwethu_makhanya,Olwethu Makhanya,Defender,Defender,1,0.1754,B,0.647,0.971,72.2,,,0.971,72.2,locked_starter,auto_role_rank_heuristic,0.61,,False
25,2026-06-18,Group Stage,A,South Africa,Czech Republic,south_africa_samukele_kabini,Samukele Kabini,Defender,Defender,3,0.045,D,0.35,0.773,59.7,,,0.773,59.7,locked_starter,auto_role_rank_heuristic,0.354,,False
25,2026-06-18,Group Stage,A,South Africa,Czech Republic,south_africa_thabang_matuludi,Thabang Matuludi,Defender,Defender,10,0.0,D,0.2,0.013,11.7,,,0.013,11.7,bench_option,auto_role_rank_heuristic,0.29,,False
25,2026-06-18,Group Stage,A,South Africa,Czech Republic,south_africa_evidence_makgopa,Evidence Makgopa,Forward,Forward,2,0.0,D,0.2,0.609,48.4,,,0.609,48.4,probable_starter,auto_role_rank_heuristic,0.29,,False
25,2026-06-18,Group Stage,A,South Africa,Czech Republic,south_africa_iqraam_rayners,Iqraam Rayners,Forward,Forward,3,0.0,D,0.2,0.609,48.4,,,0.609,48.4,probable_starter,auto_role_rank_heuristic,0.29,,False
25,2026-06-18,Group Stage,A,South Africa,Czech Republic,south_africa_kamogelo_sebelebele,Kamogelo Sebelebele,Forward,Forward,4,0.0,D,0.2,0.212,31.6,,,0.212,31.6,rotation,auto_role_rank_heuristic,0.29,,False
25,2026-06-18,Group Stage,A,South Africa,Czech Republic,south_africa_lyle_foster,Lyle Foster,Forward,Forward,1,0.562,A,0.814,0.98,64.1,,,0.98,64.1,locked_starter,auto_role_rank_heuristic,0.805,,False
25,2026-06-18,Group Stage,A,South Africa,Czech Republic,south_africa_oswin_appollis,Oswin Appollis,Forward,Forward,5,0.0,D,0.2,0.212,31.6,,,0.212,31.6,rotation,auto_role_rank_heuristic,0.29,,False
25,2026-06-18,Group Stage,A,South Africa,Czech Republic,south_africa_relebohile_mofokeng,Relebohile Mofokeng,Forward,Forward,6,0.0,D,0.2,0.212,31.6,,,0.212,31.6,rotation,auto_role_rank_heuristic,0.29,,False
25,2026-06-18,Group Stage,A,South Africa,Czech Republic,south_africa_thapelo_maseko,Thapelo Maseko,Forward,Forward,7,0.0,D,0.2,0.212,31.6,,,0.212,31.6,rotation,auto_role_rank_heuristic,0.29,,False
25,2026-06-18,Group Stage,A,South Africa,Czech Republic,south_africa_tshepang_moremi,Tshepang Moremi,Forward,Forward,8,0.0,D,0.2,0.013,23.1,,,0.013,23.1,bench_option,auto_role_rank_heuristic,0.29,,False
25,2026-06-18,Group Stage,A,South Africa,Czech Republic,south_africa_ricardo_goss,Ricardo Goss,Goalkeeper,Goalkeeper,1,0.0,D,0.2,0.794,64.5,,,0.794,64.5,locked_starter,auto_role_rank_heuristic,0.29,,False
25,2026-06-18,Group Stage,A,South Africa,Czech Republic,south_africa_ronwen_williams,Ronwen Williams,Goalkeeper,Goalkeeper,2,0.0,D,0.2,0.013,1.1,,,0.013,1.1,bench_option,auto_role_rank_heuristic,0.29,,False
25,2026-06-18,Group Stage,A,South Africa,Czech Republic,south_africa_sipho_chaine,Sipho Chaine,Goalkeeper,Goalkeeper,3,0.0,D,0.2,0.013,1.1,,,0.013,1.1,bench_option,auto_role_rank_heuristic,0.29,,False
25,2026-06-18,Group Stage,A,South Africa,Czech Republic,south_africa_jayden_adams,Jayden Adams,Midfielder,Midfielder,2,0.0,D,0.2,0.635,50.8,,,0.635,50.8,probable_starter,auto_role_rank_heuristic,0.29,,False
25,2026-06-18,Group Stage,A,South Africa,Czech Republic,south_africa_sphephelo_sithole,Sphephelo Sithole,Midfielder,Midfielder,1,0.2314,B,0.679,0.951,66.2,,,0.951,66.2,locked_starter,auto_role_rank_heuristic,0.636,,False
25,2026-06-18,Group Stage,A,South Africa,Czech Republic,south_africa_teboho_mokoena,Teboho Mokoena,Midfielder,Midfielder,3,0.0,D,0.2,0.635,50.8,,,0.635,50.8,probable_starter,auto_role_rank_heuristic,0.29,,False
25,2026-06-18,Group Stage,A,South Africa,Czech Republic,south_africa_thalente_mbatha,Thalente Mbatha,Midfielder,Midfielder,4,0.0,D,0.2,0.635,50.8,,,0.635,50.8,probable_starter,auto_role_rank_heuristic,0.29,,False
25,2026-06-18,Group Stage,A,South Africa,Czech Republic,south_africa_themba_zwane,Themba Zwane,Midfielder,Midfielder,5,0.0,D,0.2,0.212,30.2,,,0.212,30.2,rotation,auto_role_rank_heuristic,0.29,,False
28,2026-06-18,Group Stage,A,Mexico,South Korea,mexico_cesar_montes,Cesar Montes,Defender,Defender,5,0.2757,D,0.2,0.25,26.0,,,0.25,26.0,rotation,auto_role_rank_heuristic,0.359,,False
28,2026-06-18,Group Stage,A,Mexico,South Korea,mexico_edson_alvarez,Edson Alvarez,Defender,Defender,2,0.6383,C,0.451,0.658,51.3,,,0.658,51.3,probable_starter,auto_role_rank_heuristic,0.617,,False
28,2026-06-18,Group Stage,A,Mexico,South Korea,mexico_israel_reyes,Israel Reyes,Defender,Defender,6,0.2536,C,0.55,0.305,29.4,,,0.305,29.4,rotation,auto_role_rank_heuristic,0.556,,False
28,2026-06-18,Group Stage,A,Mexico,South Korea,mexico_jesus_gallardo,Jesus Gallardo,Defender,Defender,4,0.3369,C,0.55,0.635,49.8,,,0.635,49.8,probable_starter,auto_role_rank_heuristic,0.577,,False
28,2026-06-18,Group Stage,A,Mexico,South Korea,mexico_johan_vasquez,Johan Vasquez,Defender,Defender,1,0.935,A,0.95,0.795,59.7,,,0.795,59.7,locked_starter,auto_role_rank_heuristic,0.88,,False
28,2026-06-18,Group Stage,A,Mexico,South Korea,mexico_jorge_sanchez,Jorge Sanchez,Defender,Defender,3,0.3967,C,0.55,0.64,50.2,,,0.64,50.2,probable_starter,auto_role_rank_heuristic,0.592,,False
28,2026-06-18,Group Stage,A,Mexico,South Korea,mexico_mateo_chavez,Mateo Chavez,Defender,Defender,7,0.1757,C,0.455,0.299,29.1,,,0.299,29.1,rotation,auto_role_rank_heuristic,0.503,,False
28,2026-06-18,Group Stage,A,Mexico,South Korea,mexico_alexis_vega,Alexis Vega,Forward,Forward,6,0.1896,D,0.35,0.243,32.2,,,0.243,32.2,rotation,auto_role_rank_heuristic,0.39,,False
28,2026-06-18,Group Stage,A,Mexico,South Korea,mexico_armando_gonzalez,Armando Gonzalez,Forward,Forward,8,0.0517,D,0.35,0.032,23.4,,,0.032,23.4,bench_option,auto_role_rank_heuristic,0.355,,False
28,2026-06-18,Group Stage,A,Mexico,South Korea,mexico_cesar_huerta,Cesar Huerta,Forward,Forward,2,0.5396,C,0.436,0.612,47.5,,,0.612,47.5,probable_starter,auto_role_rank_heuristic,0.587,,False
28,2026-06-18,Group Stage,A,Mexico,South Korea,mexico_guillermo_martinez,Guillermo Martinez,Forward,Forward,7,0.1767,C,0.55,0.299,34.5,,,0.299,34.5,rotation,auto_role_rank_heuristic,0.537,,False
28,2026-06-18,Group Stage,A,Mexico,South Korea,mexico_julian_quinones,Julian Quinones,Forward,Forward,3,0.5017,B,0.776,0.686,50.5,,,0.686,50.5,probable_starter,auto_role_rank_heuristic,0.737,,False
28,2026-06-18,Group Stage,A,Mexico,South Korea,mexico_raul_jimenez,Raul Jimenez,Forward,Forward,1,0.649,A,0.882,0.735,52.6,,,0.735,52.6,probable_starter,auto_role_rank_heuristic,0.851,,False
28,2026-06-18,Group Stage,A,Mexico,South Korea,mexico_roberto_alvarado,Roberto Alvarado,Forward,Forward,5,0.2231,D,0.35,0.246,32.3,,,0.246,32.3,rotation,auto_role_rank_heuristic,0.398,,False
28,2026-06-18,Group Stage,A,Mexico,South Korea,mexico_santiago_gimenez,Santiago Gimenez,Forward,Forward,4,0.4551,C,0.459,0.32,35.4,,,0.32,35.4,rotation,auto_role_rank_heuristic,0.574,,False
28,2026-06-18,Group Stage,A,Mexico,South Korea,mexico_carlos_acevedo,Carlos Acevedo,Goalkeeper,Goalkeeper,3,0.25,C,0.55,0.019,1.5,,,0.019,1.5,bench_option,auto_role_rank_heuristic,0.555,,False
28,2026-06-18,Group Stage,A,Mexico,South Korea,mexico_guillermo_ochoa,Guillermo Ochoa,Goalkeeper,Goalkeeper,1,0.5,C,0.55,0.743,59.0,,,0.743,59.0,probable_starter,auto_role_rank_heuristic,0.617,,False
28,2026-06-18,Group Stage,A,Mexico,South Korea,mexico_raul_rangel,Raul Rangel,Goalkeeper,Goalkeeper,2,0.2537,C,0.55,0.133,10.6,,,0.133,10.6,bench_option,auto_role_rank_heuristic,0.556,,False
28,2026-06-18,Group Stage,A,Mexico,South Korea,mexico_alvaro_fidalgo,Alvaro Fidalgo,Midfielder,Midfielder,2,0.5049,C,0.436,0.629,49.4,,,0.629,49.4,probable_starter,auto_role_rank_heuristic,0.579,,False
28,2026-06-18,Group Stage,A,Mexico,South Korea,mexico_brian_gutierrez,Brian Gutierrez,Midfielder,Midfielder,8,0.0175,D,0.2,0.153,26.7,,,0.153,26.7,bench_option,auto_role_rank_heuristic,0.294,,False
28,2026-06-18,Group Stage,A,Mexico,South Korea,mexico_erik_lira,Erik Lira,Midfielder,Midfielder,7,0.1087,D,0.35,0.237,30.7,,,0.237,30.7,rotation,auto_role_rank_heuristic,0.37,,False
28,2026-06-18,Group Stage,A,Mexico,South Korea,mexico_gilberto_mora,Gilberto Mora,Midfielder,Midfielder,5,0.1263,D,0.35,0.238,30.8,,,0.238,30.8,rotation,auto_role_rank_heuristic,0.374,,False
28,2026-06-18,Group Stage,A,Mexico,South Korea,mexico_luis_chavez,Luis Chavez,Midfielder,Midfielder,3,0.3035,D,0.35,0.556,45.9,,,0.556,45.9,probable_starter,auto_role_rank_heuristic,0.418,,False
28,2026-06-18,Group Stage,A,Mexico,South Korea,mexico_luis_romo,Luis Romo,Midfielder,Midfielder,4,0.2658,C,0.55,0.611,48.6,,,0.611,48.6,probable_starter,auto_role_rank_heuristic,0.559,,False
28,2026-06-18,Group Stage,A,Mexico,South Korea,mexico_obed_vargas,Obed Vargas,Midfielder,Midfielder,6,0.111,C,0.449,0.294,33.4,,,0.294,33.4,rotation,auto_role_rank_heuristic,0.485,,False
28,2026-06-18,Group Stage,A,Mexico,South Korea,mexico_orbelin_pineda,Orbelin Pineda,Midfielder,Midfielder,1,0.5211,C,0.55,0.631,49.5,,,0.631,49.5,probable_starter,auto_role_rank_heuristic,0.623,,False
28,2026-06-18,Group Stage,A,South Korea,Mexico,south_korea_hanbeom_lee,Hanbeom Lee,Defender,Defender,3,0.1983,D,0.2,0.76,58.8,,,0.76,58.8,locked_starter,auto_role_rank_heuristic,0.34,,False
28,2026-06-18,Group Stage,A,South Korea,Mexico,south_korea_jens_castrop,Jens Castrop,Defender,Defender,2,0.2945,D,0.35,0.77,59.4,,,0.77,59.4,locked_starter,auto_role_rank_heuristic,0.416,,False
28,2026-06-18,Group Stage,A,South Korea,Mexico,south_korea_jinseob_park,Jinseob Park,Defender,Defender,7,0.0,D,0.2,0.204,23.7,,,0.204,23.7,rotation,auto_role_rank_heuristic,0.29,,False
28,2026-06-18,Group Stage,A,South Korea,Mexico,south_korea_minjae_kim,Minjae Kim,Defender,Defender,1,0.5337,C,0.55,0.871,65.8,,,0.871,65.8,locked_starter,auto_role_rank_heuristic,0.626,,False
28,2026-06-18,Group Stage,A,South Korea,Mexico,south_korea_moonhwan_kim,Moonhwan Kim,Defender,Defender,5,0.0525,D,0.2,0.209,24.0,,,0.209,24.0,rotation,auto_role_rank_heuristic,0.303,,False
28,2026-06-18,Group Stage,A,South Korea,Mexico,south_korea_taehyeon_kim,Taehyeon Kim,Defender,Defender,8,0.0,D,0.2,0.013,11.6,,,0.013,11.6,bench_option,auto_role_rank_heuristic,0.29,,False
28,2026-06-18,Group Stage,A,South Korea,Mexico,south_korea_taeseok_lee,Taeseok Lee,Defender,Defender,9,0.0,D,0.2,0.013,11.6,,,0.013,11.6,bench_option,auto_role_rank_heuristic,0.29,,False
28,2026-06-18,Group Stage,A,South Korea,Mexico,south_korea_wije_cho,Wije Cho,Defender,Defender,6,0.0075,D,0.2,0.205,23.8,,,0.205,23.8,rotation,auto_role_rank_heuristic,0.292,,False
28,2026-06-18,Group Stage,A,South Korea,Mexico,south_korea_youngwoo_seol,Youngwoo Seol,Defender,Defender,4,0.1214,D,0.35,0.752,58.3,,,0.752,58.3,locked_starter,auto_role_rank_heuristic,0.373,,False
28,2026-06-18,Group Stage,A,South Korea,Mexico,south_korea_guesung_cho,Guesung Cho,Forward,Forward,2,0.3085,D,0.35,0.72,53.1,,,0.72,53.1,probable_starter,auto_role_rank_heuristic,0.42,,False
28,2026-06-18,Group Stage,A,South Korea,Mexico,south_korea_heungmin_son,Heungmin Son,Forward,Forward,1,0.3623,D,0.35,0.725,53.3,,,0.725,53.3,probable_starter,auto_role_rank_heuristic,0.433,,False
28,2026-06-18,Group Stage,A,South Korea,Mexico,south_korea_hyeongyu_oh,Hyeongyu Oh,Forward,Forward,3,0.2261,D,0.35,0.711,52.7,,,0.711,52.7,probable_starter,auto_role_rank_heuristic,0.399,,False
28,2026-06-18,Group Stage,A,South Korea,Mexico,south_korea_bumkeun_song,Bumkeun Song,Goalkeeper,Goalkeeper,3,0.0,D,0.2,0.013,1.1,,,0.013,1.1,bench_option,auto_role_rank_heuristic,0.29,,False
28,2026-06-18,Group Stage,A,South Korea,Mexico,south_korea_hyeonwoo_jo,Hyeonwoo Jo,Goalkeeper,Goalkeeper,1,0.2024,D,0.35,0.887,72.0,,,0.887,72.0,locked_starter,auto_role_rank_heuristic,0.393,,False
28,2026-06-18,Group Stage,A,South Korea,Mexico,south_korea_seunggyu_kim,Seunggyu Kim,Goalkeeper,Goalkeeper,2,0.1,D,0.2,0.013,1.1,,,0.013,1.1,bench_option,auto_role_rank_heuristic,0.315,,False
28,2026-06-18,Group Stage,A,South Korea,Mexico,south_korea_donggyeong_lee,Donggyeong Lee,Midfielder,Midfielder,6,0.0,D,0.2,0.204,29.8,,,0.204,29.8,rotation,auto_role_rank_heuristic,0.29,,False
28,2026-06-18,Group Stage,A,South Korea,Mexico,south_korea_gihyuk_lee,Gihyuk Lee,Midfielder,Midfielder,7,0.0,D,0.2,0.204,29.8,,,0.204,29.8,rotation,auto_role_rank_heuristic,0.29,,False
28,2026-06-18,Group Stage,A,South Korea,Mexico,south_korea_heechan_hwang,Heechan Hwang,Midfielder,Midfielder,4,0.3306,D,0.35,0.747,56.2,,,0.747,56.2,probable_starter,auto_role_rank_heuristic,0.425,,False
28,2026-06-18,Group Stage,A,South Korea,Mexico,south_korea_hyunjun_yang,Hyunjun Yang,Midfielder,Midfielder,8,0.0,D,0.2,0.204,29.8,,,0.204,29.8,rotation,auto_role_rank_heuristic,0.29,,False
28,2026-06-18,Group Stage,A,South Korea,Mexico,south_korea_inbeom_hwang,Inbeom Hwang,Midfielder,Midfielder,2,0.4201,C,0.55,0.834,60.5,,,0.834,60.5,locked_starter,auto_role_rank_heuristic,0.598,,False
28,2026-06-18,Group Stage,A,South Korea,Mexico,south_korea_jaesung_lee,Jaesung Lee,Midfielder,Midfielder,9,0.0,D,0.2,0.013,20.5,,,0.013,20.5,bench_option,auto_role_rank_heuristic,0.29,,False
28,2026-06-18,Group Stage,A,South Korea,Mexico,south_korea_jingyu_kim,Jingyu Kim,Midfielder,Midfielder,10,0.0,D,0.2,0.013,20.5,,,0.013,20.5,bench_option,auto_role_rank_heuristic,0.29,,False
28,2026-06-18,Group Stage,A,South Korea,Mexico,south_korea_jisung_eom,Jisung Eom,Midfielder,Midfielder,5,0.0927,D,0.35,0.315,35.2,,,0.315,35.2,rotation,auto_role_rank_heuristic,0.366,,False
28,2026-06-18,Group Stage,A,South Korea,Mexico,south_korea_junho_bae,Junho Bae,Midfielder,Midfielder,11,0.0,D,0.2,0.013,20.5,,,0.013,20.5,bench_option,auto_role_rank_heuristic,0.29,,False
28,2026-06-18,Group Stage,A,South Korea,Mexico,south_korea_kangin_lee,Kangin Lee,Midfielder,Midfielder,3,0.3644,D,0.35,0.751,56.4,,,0.751,56.4,locked_starter,auto_role_rank_heuristic,0.434,,False
28,2026-06-18,Group Stage,A,South Korea,Mexico,south_korea_seungho_paik,Seungho Paik,Midfielder,Midfielder,1,0.4651,C,0.55,0.838,60.7,,,0.838,60.7,locked_starter,auto_role_rank_heuristic,0.609,,False
53,2026-06-24,Group Stage,A,Czech Republic,Mexico,czech_republic_david_doudera,David Doudera,Defender,Defender,6,0.25,C,0.55,0.309,29.9,,,0.309,29.9,rotation,auto_role_rank_heuristic,0.555,,False
53,2026-06-24,Group Stage,A,Czech Republic,Mexico,czech_republic_david_jurasek,David Jurasek,Defender,Defender,5,0.287,C,0.443,0.312,30.1,,,0.312,30.1,rotation,auto_role_rank_heuristic,0.527,,False
53,2026-06-24,Group Stage,A,Czech Republic,Mexico,czech_republic_david_zima,David Zima,Defender,Defender,4,0.3257,C,0.55,0.643,50.7,,,0.643,50.7,probable_starter,auto_role_rank_heuristic,0.574,,False
53,2026-06-24,Group Stage,A,Czech Republic,Mexico,czech_republic_jaroslav_zeleny,Jaroslav Zeleny,Defender,Defender,7,0.02,D,0.2,0.157,20.5,,,0.157,20.5,bench_option,auto_role_rank_heuristic,0.295,,False
53,2026-06-24,Group Stage,A,Czech Republic,Mexico,czech_republic_ladislav_krejci,Ladislav Krejci,Defender,Defender,2,0.624,A,0.911,0.783,59.5,,,0.783,59.5,locked_starter,auto_role_rank_heuristic,0.855,,False
53,2026-06-24,Group Stage,A,Czech Republic,Mexico,czech_republic_robin_hranac,Robin Hranac,Defender,Defender,3,0.6021,A,0.888,0.781,59.3,,,0.781,59.3,locked_starter,auto_role_rank_heuristic,0.841,,False
53,2026-06-24,Group Stage,A,Czech Republic,Mexico,czech_republic_stepan_chaloupek,Stepan Chaloupek,Defender,Defender,8,0.0,D,0.2,0.01,11.3,,,0.01,11.3,bench_option,auto_role_rank_heuristic,0.29,,False
53,2026-06-24,Group Stage,A,Czech Republic,Mexico,czech_republic_tomas_holes,Tomas Holes,Defender,Defender,9,0.0,D,0.2,0.01,11.3,,,0.01,11.3,bench_option,auto_role_rank_heuristic,0.29,,False
53,2026-06-24,Group Stage,A,Czech Republic,Mexico,czech_republic_vladimir_coufal,Vladimir Coufal,Defender,Defender,1,0.6808,A,0.95,0.786,59.6,,,0.786,59.6,locked_starter,auto_role_rank_heuristic,0.88,,False
53,2026-06-24,Group Stage,A,Czech Republic,Mexico,czech_republic_adam_hlozek,Adam Hlozek,Forward,Forward,5,0.2601,D,0.203,0.252,32.8,,,0.252,32.8,rotation,auto_role_rank_heuristic,0.356,,False
53,2026-06-24,Group Stage,A,Czech Republic,Mexico,czech_republic_denis_visinsky,Denis Visinsky,Forward,Forward,6,0.0474,D,0.2,0.236,32.1,,,0.236,32.1,rotation,auto_role_rank_heuristic,0.302,,False
53,2026-06-24,Group Stage,A,Czech Republic,Mexico,czech_republic_jan_kuchta,Jan Kuchta,Forward,Forward,3,0.4433,C,0.55,0.613,47.9,,,0.613,47.9,probable_starter,auto_role_rank_heuristic,0.603,,False
53,2026-06-24,Group Stage,A,Czech Republic,Mexico,czech_republic_mojmir_chytil,Mojmir Chytil,Forward,Forward,7,0.0,D,0.2,0.155,28.7,,,0.155,28.7,bench_option,auto_role_rank_heuristic,0.29,,False
53,2026-06-24,Group Stage,A,Czech Republic,Mexico,czech_republic_patrik_schick,Patrik Schick,Forward,Forward,1,0.5809,A,0.866,0.74,53.2,,,0.74,53.2,probable_starter,auto_role_rank_heuristic,0.828,,False
53,2026-06-24,Group Stage,A,Czech Republic,Mexico,czech_republic_pavel_sulc,Pavel Sulc,Forward,Forward,2,0.5077,A,0.831,0.735,53.0,,,0.735,53.0,probable_starter,auto_role_rank_heuristic,0.798,,False
53,2026-06-24,Group Stage,A,Czech Republic,Mexico,czech_republic_tomas_chory,Tomas Chory,Forward,Forward,4,0.3781,D,0.35,0.261,33.2,,,0.261,33.2,rotation,auto_role_rank_heuristic,0.437,,False
53,2026-06-24,Group Stage,A,Czech Republic,Mexico,czech_republic_jindrich_stanek,Jindrich Stanek,Goalkeeper,Goalkeeper,3,0.4899,C,0.55,0.038,3.0,,,0.038,3.0,bench_option,auto_role_rank_heuristic,0.615,,False
53,2026-06-24,Group Stage,A,Czech Republic,Mexico,czech_republic_lukas_hornicek,Lukas Hornicek,Goalkeeper,Goalkeeper,1,0.9089,B,0.797,0.863,69.1,,,0.863,69.1,locked_starter,auto_role_rank_heuristic,0.846,,False
53,2026-06-24,Group Stage,A,Czech Republic,Mexico,czech_republic_matej_kovar,Matej Kovar,Goalkeeper,Goalkeeper,2,0.8396,B,0.783,0.258,20.7,,,0.258,20.7,rotation,auto_role_rank_heuristic,0.824,,False
53,2026-06-24,Group Stage,A,Czech Republic,Mexico,czech_republic_alexandr_sojka,Alexandr Sojka,Midfielder,Midfielder,5,0.0075,D,0.2,0.156,27.1,,,0.156,27.1,bench_option,auto_role_rank_heuristic,0.292,,False
53,2026-06-24,Group Stage,A,Czech Republic,Mexico,czech_republic_hugo_sochurek,Hugo Sochurek,Midfielder,Midfielder,6,0.0,D,0.2,0.155,27.0,,,0.155,27.0,bench_option,auto_role_rank_heuristic,0.29,,False
53,2026-06-24,Group Stage,A,Czech Republic,Mexico,czech_republic_lukas_cerv,Lukas Cerv,Midfielder,Midfielder,3,0.3063,C,0.55,0.623,49.5,,,0.623,49.5,probable_starter,auto_role_rank_heuristic,0.569,,False
53,2026-06-24,Group Stage,A,Czech Republic,Mexico,czech_republic_lukas_provod,Lukas Provod,Midfielder,Midfielder,7,0.0,D,0.2,0.155,27.0,,,0.155,27.0,bench_option,auto_role_rank_heuristic,0.29,,False
53,2026-06-24,Group Stage,A,Czech Republic,Mexico,czech_republic_michal_sadilek,Michal Sadilek,Midfielder,Midfielder,2,0.5219,C,0.55,0.64,50.3,,,0.64,50.3,probable_starter,auto_role_rank_heuristic,0.623,,False
53,2026-06-24,Group Stage,A,Czech Republic,Mexico,czech_republic_tomas_soucek,Tomas Soucek,Midfielder,Midfielder,1,0.7231,A,0.883,0.771,56.6,,,0.771,56.6,locked_starter,auto_role_rank_heuristic,0.87,,False
53,2026-06-24,Group Stage,A,Czech Republic,Mexico,czech_republic_vladimir_darida,Vladimir Darida,Midfielder,Midfielder,4,0.2536,D,0.35,0.56,46.5,,,0.56,46.5,probable_starter,auto_role_rank_heuristic,0.406,,False
53,2026-06-24,Group Stage,A,Mexico,Czech Republic,mexico_cesar_montes,Cesar Montes,Defender,Defender,5,0.2757,D,0.2,0.25,26.0,,,0.25,26.0,rotation,auto_role_rank_heuristic,0.359,,False
53,2026-06-24,Group Stage,A,Mexico,Czech Republic,mexico_edson_alvarez,Edson Alvarez,Defender,Defender,2,0.6383,C,0.451,0.658,51.3,,,0.658,51.3,probable_starter,auto_role_rank_heuristic,0.617,,False
53,2026-06-24,Group Stage,A,Mexico,Czech Republic,mexico_israel_reyes,Israel Reyes,Defender,Defender,6,0.2536,C,0.55,0.305,29.4,,,0.305,29.4,rotation,auto_role_rank_heuristic,0.556,,False
53,2026-06-24,Group Stage,A,Mexico,Czech Republic,mexico_jesus_gallardo,Jesus Gallardo,Defender,Defender,4,0.3369,C,0.55,0.635,49.8,,,0.635,49.8,probable_starter,auto_role_rank_heuristic,0.577,,False
53,2026-06-24,Group Stage,A,Mexico,Czech Republic,mexico_johan_vasquez,Johan Vasquez,Defender,Defender,1,0.935,A,0.95,0.795,59.7,,,0.795,59.7,locked_starter,auto_role_rank_heuristic,0.88,,False
53,2026-06-24,Group Stage,A,Mexico,Czech Republic,mexico_jorge_sanchez,Jorge Sanchez,Defender,Defender,3,0.3967,C,0.55,0.64,50.2,,,0.64,50.2,probable_starter,auto_role_rank_heuristic,0.592,,False
53,2026-06-24,Group Stage,A,Mexico,Czech Republic,mexico_mateo_chavez,Mateo Chavez,Defender,Defender,7,0.1757,C,0.455,0.299,29.1,,,0.299,29.1,rotation,auto_role_rank_heuristic,0.503,,False
53,2026-06-24,Group Stage,A,Mexico,Czech Republic,mexico_alexis_vega,Alexis Vega,Forward,Forward,6,0.1896,D,0.35,0.243,32.2,,,0.243,32.2,rotation,auto_role_rank_heuristic,0.39,,False
53,2026-06-24,Group Stage,A,Mexico,Czech Republic,mexico_armando_gonzalez,Armando Gonzalez,Forward,Forward,8,0.0517,D,0.35,0.032,23.4,,,0.032,23.4,bench_option,auto_role_rank_heuristic,0.355,,False
53,2026-06-24,Group Stage,A,Mexico,Czech Republic,mexico_cesar_huerta,Cesar Huerta,Forward,Forward,2,0.5396,C,0.436,0.612,47.5,,,0.612,47.5,probable_starter,auto_role_rank_heuristic,0.587,,False
53,2026-06-24,Group Stage,A,Mexico,Czech Republic,mexico_guillermo_martinez,Guillermo Martinez,Forward,Forward,7,0.1767,C,0.55,0.299,34.5,,,0.299,34.5,rotation,auto_role_rank_heuristic,0.537,,False
53,2026-06-24,Group Stage,A,Mexico,Czech Republic,mexico_julian_quinones,Julian Quinones,Forward,Forward,3,0.5017,B,0.776,0.686,50.5,,,0.686,50.5,probable_starter,auto_role_rank_heuristic,0.737,,False
53,2026-06-24,Group Stage,A,Mexico,Czech Republic,mexico_raul_jimenez,Raul Jimenez,Forward,Forward,1,0.649,A,0.882,0.735,52.6,,,0.735,52.6,probable_starter,auto_role_rank_heuristic,0.851,,False
53,2026-06-24,Group Stage,A,Mexico,Czech Republic,mexico_roberto_alvarado,Roberto Alvarado,Forward,Forward,5,0.2231,D,0.35,0.246,32.3,,,0.246,32.3,rotation,auto_role_rank_heuristic,0.398,,False
53,2026-06-24,Group Stage,A,Mexico,Czech Republic,mexico_santiago_gimenez,Santiago Gimenez,Forward,Forward,4,0.4551,C,0.459,0.32,35.4,,,0.32,35.4,rotation,auto_role_rank_heuristic,0.574,,False
53,2026-06-24,Group Stage,A,Mexico,Czech Republic,mexico_carlos_acevedo,Carlos Acevedo,Goalkeeper,Goalkeeper,3,0.25,C,0.55,0.019,1.5,,,0.019,1.5,bench_option,auto_role_rank_heuristic,0.555,,False
53,2026-06-24,Group Stage,A,Mexico,Czech Republic,mexico_guillermo_ochoa,Guillermo Ochoa,Goalkeeper,Goalkeeper,1,0.5,C,0.55,0.743,59.0,,,0.743,59.0,probable_starter,auto_role_rank_heuristic,0.617,,False
53,2026-06-24,Group Stage,A,Mexico,Czech Republic,mexico_raul_rangel,Raul Rangel,Goalkeeper,Goalkeeper,2,0.2537,C,0.55,0.133,10.6,,,0.133,10.6,bench_option,auto_role_rank_heuristic,0.556,,False
53,2026-06-24,Group Stage,A,Mexico,Czech Republic,mexico_alvaro_fidalgo,Alvaro Fidalgo,Midfielder,Midfielder,2,0.5049,C,0.436,0.629,49.4,,,0.629,49.4,probable_starter,auto_role_rank_heuristic,0.579,,False
53,2026-06-24,Group Stage,A,Mexico,Czech Republic,mexico_brian_gutierrez,Brian Gutierrez,Midfielder,Midfielder,8,0.0175,D,0.2,0.153,26.7,,,0.153,26.7,bench_option,auto_role_rank_heuristic,0.294,,False
53,2026-06-24,Group Stage,A,Mexico,Czech Republic,mexico_erik_lira,Erik Lira,Midfielder,Midfielder,7,0.1087,D,0.35,0.237,30.7,,,0.237,30.7,rotation,auto_role_rank_heuristic,0.37,,False
53,2026-06-24,Group Stage,A,Mexico,Czech Republic,mexico_gilberto_mora,Gilberto Mora,Midfielder,Midfielder,5,0.1263,D,0.35,0.238,30.8,,,0.238,30.8,rotation,auto_role_rank_heuristic,0.374,,False
53,2026-06-24,Group Stage,A,Mexico,Czech Republic,mexico_luis_chavez,Luis Chavez,Midfielder,Midfielder,3,0.3035,D,0.35,0.556,45.9,,,0.556,45.9,probable_starter,auto_role_rank_heuristic,0.418,,False
53,2026-06-24,Group Stage,A,Mexico,Czech Republic,mexico_luis_romo,Luis Romo,Midfielder,Midfielder,4,0.2658,C,0.55,0.611,48.6,,,0.611,48.6,probable_starter,auto_role_rank_heuristic,0.559,,False
53,2026-06-24,Group Stage,A,Mexico,Czech Republic,mexico_obed_vargas,Obed Vargas,Midfielder,Midfielder,6,0.111,C,0.449,0.294,33.4,,,0.294,33.4,rotation,auto_role_rank_heuristic,0.485,,False
53,2026-06-24,Group Stage,A,Mexico,Czech Republic,mexico_orbelin_pineda,Orbelin Pineda,Midfielder,Midfielder,1,0.5211,C,0.55,0.631,49.5,,,0.631,49.5,probable_starter,auto_role_rank_heuristic,0.623,,False
54,2026-06-24,Group Stage,A,South Africa,South Korea,south_africa_aubrey_modiba,Aubrey Modiba,Defender,Defender,4,0.0,D,0.2,0.662,52.7,,,0.662,52.7,probable_starter,auto_role_rank_heuristic,0.29,,False
54,2026-06-24,Group Stage,A,South Africa,South Korea,south_africa_bradley_cross,Bradley Cross,Defender,Defender,5,0.0,D,0.2,0.212,24.2,,,0.212,24.2,rotation,auto_role_rank_heuristic,0.29,,False
54,2026-06-24,Group Stage,A,South Africa,South Korea,south_africa_ime_okon,Ime Okon,Defender,Defender,6,0.0,D,0.2,0.212,24.2,,,0.212,24.2,rotation,auto_role_rank_heuristic,0.29,,False
54,2026-06-24,Group Stage,A,South Africa,South Korea,south_africa_khuliso_mudau,Khuliso Mudau,Defender,Defender,7,0.0,D,0.2,0.212,24.2,,,0.212,24.2,rotation,auto_role_rank_heuristic,0.29,,False
54,2026-06-24,Group Stage,A,South Africa,South Korea,south_africa_khulumani_ndamane,Khulumani Ndamane,Defender,Defender,8,0.0,D,0.2,0.013,11.7,,,0.013,11.7,bench_option,auto_role_rank_heuristic,0.29,,False
54,2026-06-24,Group Stage,A,South Africa,South Korea,south_africa_mbekezeli_mbokazi,Mbekezeli Mbokazi,Defender,Defender,2,0.1572,B,0.637,0.97,72.1,,,0.97,72.1,locked_starter,auto_role_rank_heuristic,0.602,,False
54,2026-06-24,Group Stage,A,South Africa,South Korea,south_africa_nkosinathi_sibisi,Nkosinathi Sibisi,Defender,Defender,9,0.0,D,0.2,0.013,11.7,,,0.013,11.7,bench_option,auto_role_rank_heuristic,0.29,,False
54,2026-06-24,Group Stage,A,South Africa,South Korea,south_africa_olwethu_makhanya,Olwethu Makhanya,Defender,Defender,1,0.1754,B,0.647,0.971,72.2,,,0.971,72.2,locked_starter,auto_role_rank_heuristic,0.61,,False
54,2026-06-24,Group Stage,A,South Africa,South Korea,south_africa_samukele_kabini,Samukele Kabini,Defender,Defender,3,0.045,D,0.35,0.773,59.7,,,0.773,59.7,locked_starter,auto_role_rank_heuristic,0.354,,False
54,2026-06-24,Group Stage,A,South Africa,South Korea,south_africa_thabang_matuludi,Thabang Matuludi,Defender,Defender,10,0.0,D,0.2,0.013,11.7,,,0.013,11.7,bench_option,auto_role_rank_heuristic,0.29,,False
54,2026-06-24,Group Stage,A,South Africa,South Korea,south_africa_evidence_makgopa,Evidence Makgopa,Forward,Forward,2,0.0,D,0.2,0.609,48.4,,,0.609,48.4,probable_starter,auto_role_rank_heuristic,0.29,,False
54,2026-06-24,Group Stage,A,South Africa,South Korea,south_africa_iqraam_rayners,Iqraam Rayners,Forward,Forward,3,0.0,D,0.2,0.609,48.4,,,0.609,48.4,probable_starter,auto_role_rank_heuristic,0.29,,False
54,2026-06-24,Group Stage,A,South Africa,South Korea,south_africa_kamogelo_sebelebele,Kamogelo Sebelebele,Forward,Forward,4,0.0,D,0.2,0.212,31.6,,,0.212,31.6,rotation,auto_role_rank_heuristic,0.29,,False
54,2026-06-24,Group Stage,A,South Africa,South Korea,south_africa_lyle_foster,Lyle Foster,Forward,Forward,1,0.562,A,0.814,0.98,64.1,,,0.98,64.1,locked_starter,auto_role_rank_heuristic,0.805,,False
54,2026-06-24,Group Stage,A,South Africa,South Korea,south_africa_oswin_appollis,Oswin Appollis,Forward,Forward,5,0.0,D,0.2,0.212,31.6,,,0.212,31.6,rotation,auto_role_rank_heuristic,0.29,,False
54,2026-06-24,Group Stage,A,South Africa,South Korea,south_africa_relebohile_mofokeng,Relebohile Mofokeng,Forward,Forward,6,0.0,D,0.2,0.212,31.6,,,0.212,31.6,rotation,auto_role_rank_heuristic,0.29,,False
54,2026-06-24,Group Stage,A,South Africa,South Korea,south_africa_thapelo_maseko,Thapelo Maseko,Forward,Forward,7,0.0,D,0.2,0.212,31.6,,,0.212,31.6,rotation,auto_role_rank_heuristic,0.29,,False
54,2026-06-24,Group Stage,A,South Africa,South Korea,south_africa_tshepang_moremi,Tshepang Moremi,Forward,Forward,8,0.0,D,0.2,0.013,23.1,,,0.013,23.1,bench_option,auto_role_rank_heuristic,0.29,,False
54,2026-06-24,Group Stage,A,South Africa,South Korea,south_africa_ricardo_goss,Ricardo Goss,Goalkeeper,Goalkeeper,1,0.0,D,0.2,0.794,64.5,,,0.794,64.5,locked_starter,auto_role_rank_heuristic,0.29,,False
54,2026-06-24,Group Stage,A,South Africa,South Korea,south_africa_ronwen_williams,Ronwen Williams,Goalkeeper,Goalkeeper,2,0.0,D,0.2,0.013,1.1,,,0.013,1.1,bench_option,auto_role_rank_heuristic,0.29,,False
54,2026-06-24,Group Stage,A,South Africa,South Korea,south_africa_sipho_chaine,Sipho Chaine,Goalkeeper,Goalkeeper,3,0.0,D,0.2,0.013,1.1,,,0.013,1.1,bench_option,auto_role_rank_heuristic,0.29,,False
54,2026-06-24,Group Stage,A,South Africa,South Korea,south_africa_jayden_adams,Jayden Adams,Midfielder,Midfielder,2,0.0,D,0.2,0.635,50.8,,,0.635,50.8,probable_starter,auto_role_rank_heuristic,0.29,,False
54,2026-06-24,Group Stage,A,South Africa,South Korea,south_africa_sphephelo_sithole,Sphephelo Sithole,Midfielder,Midfielder,1,0.2314,B,0.679,0.951,66.2,,,0.951,66.2,locked_starter,auto_role_rank_heuristic,0.636,,False
54,2026-06-24,Group Stage,A,South Africa,South Korea,south_africa_teboho_mokoena,Teboho Mokoena,Midfielder,Midfielder,3,0.0,D,0.2,0.635,50.8,,,0.635,50.8,probable_starter,auto_role_rank_heuristic,0.29,,False
54,2026-06-24,Group Stage,A,South Africa,South Korea,south_africa_thalente_mbatha,Thalente Mbatha,Midfielder,Midfielder,4,0.0,D,0.2,0.635,50.8,,,0.635,50.8,probable_starter,auto_role_rank_heuristic,0.29,,False
54,2026-06-24,Group Stage,A,South Africa,South Korea,south_africa_themba_zwane,Themba Zwane,Midfielder,Midfielder,5,0.0,D,0.2,0.212,30.2,,,0.212,30.2,rotation,auto_role_rank_heuristic,0.29,,False
54,2026-06-24,Group Stage,A,South Korea,South Africa,south_korea_hanbeom_lee,Hanbeom Lee,Defender,Defender,3,0.1983,D,0.2,0.76,58.8,,,0.76,58.8,locked_starter,auto_role_rank_heuristic,0.34,,False
54,2026-06-24,Group Stage,A,South Korea,South Africa,south_korea_jens_castrop,Jens Castrop,Defender,Defender,2,0.2945,D,0.35,0.77,59.4,,,0.77,59.4,locked_starter,auto_role_rank_heuristic,0.416,,False
54,2026-06-24,Group Stage,A,South Korea,South Africa,south_korea_jinseob_park,Jinseob Park,Defender,Defender,7,0.0,D,0.2,0.204,23.7,,,0.204,23.7,rotation,auto_role_rank_heuristic,0.29,,False
54,2026-06-24,Group Stage,A,South Korea,South Africa,south_korea_minjae_kim,Minjae Kim,Defender,Defender,1,0.5337,C,0.55,0.871,65.8,,,0.871,65.8,locked_starter,auto_role_rank_heuristic,0.626,,False
54,2026-06-24,Group Stage,A,South Korea,South Africa,south_korea_moonhwan_kim,Moonhwan Kim,Defender,Defender,5,0.0525,D,0.2,0.209,24.0,,,0.209,24.0,rotation,auto_role_rank_heuristic,0.303,,False
54,2026-06-24,Group Stage,A,South Korea,South Africa,south_korea_taehyeon_kim,Taehyeon Kim,Defender,Defender,8,0.0,D,0.2,0.013,11.6,,,0.013,11.6,bench_option,auto_role_rank_heuristic,0.29,,False
54,2026-06-24,Group Stage,A,South Korea,South Africa,south_korea_taeseok_lee,Taeseok Lee,Defender,Defender,9,0.0,D,0.2,0.013,11.6,,,0.013,11.6,bench_option,auto_role_rank_heuristic,0.29,,False
54,2026-06-24,Group Stage,A,South Korea,South Africa,south_korea_wije_cho,Wije Cho,Defender,Defender,6,0.0075,D,0.2,0.205,23.8,,,0.205,23.8,rotation,auto_role_rank_heuristic,0.292,,False
54,2026-06-24,Group Stage,A,South Korea,South Africa,south_korea_youngwoo_seol,Youngwoo Seol,Defender,Defender,4,0.1214,D,0.35,0.752,58.3,,,0.752,58.3,locked_starter,auto_role_rank_heuristic,0.373,,False
54,2026-06-24,Group Stage,A,South Korea,South Africa,south_korea_guesung_cho,Guesung Cho,Forward,Forward,2,0.3085,D,0.35,0.72,53.1,,,0.72,53.1,probable_starter,auto_role_rank_heuristic,0.42,,False
54,2026-06-24,Group Stage,A,South Korea,South Africa,south_korea_heungmin_son,Heungmin Son,Forward,Forward,1,0.3623,D,0.35,0.725,53.3,,,0.725,53.3,probable_starter,auto_role_rank_heuristic,0.433,,False
54,2026-06-24,Group Stage,A,South Korea,South Africa,south_korea_hyeongyu_oh,Hyeongyu Oh,Forward,Forward,3,0.2261,D,0.35,0.711,52.7,,,0.711,52.7,probable_starter,auto_role_rank_heuristic,0.399,,False
54,2026-06-24,Group Stage,A,South Korea,South Africa,south_korea_bumkeun_song,Bumkeun Song,Goalkeeper,Goalkeeper,3,0.0,D,0.2,0.013,1.1,,,0.013,1.1,bench_option,auto_role_rank_heuristic,0.29,,False
54,2026-06-24,Group Stage,A,South Korea,South Africa,south_korea_hyeonwoo_jo,Hyeonwoo Jo,Goalkeeper,Goalkeeper,1,0.2024,D,0.35,0.887,72.0,,,0.887,72.0,locked_starter,auto_role_rank_heuristic,0.393,,False
54,2026-06-24,Group Stage,A,South Korea,South Africa,south_korea_seunggyu_kim,Seunggyu Kim,Goalkeeper,Goalkeeper,2,0.1,D,0.2,0.013,1.1,,,0.013,1.1,bench_option,auto_role_rank_heuristic,0.315,,False
54,2026-06-24,Group Stage,A,South Korea,South Africa,south_korea_donggyeong_lee,Donggyeong Lee,Midfielder,Midfielder,6,0.0,D,0.2,0.204,29.8,,,0.204,29.8,rotation,auto_role_rank_heuristic,0.29,,False
54,2026-06-24,Group Stage,A,South Korea,South Africa,south_korea_gihyuk_lee,Gihyuk Lee,Midfielder,Midfielder,7,0.0,D,0.2,0.204,29.8,,,0.204,29.8,rotation,auto_role_rank_heuristic,0.29,,False
54,2026-06-24,Group Stage,A,South Korea,South Africa,south_korea_heechan_hwang,Heechan Hwang,Midfielder,Midfielder,4,0.3306,D,0.35,0.747,56.2,,,0.747,56.2,probable_starter,auto_role_rank_heuristic,0.425,,False
54,2026-06-24,Group Stage,A,South Korea,South Africa,south_korea_hyunjun_yang,Hyunjun Yang,Midfielder,Midfielder,8,0.0,D,0.2,0.204,29.8,,,0.204,29.8,rotation,auto_role_rank_heuristic,0.29,,False
54,2026-06-24,Group Stage,A,South Korea,South Africa,south_korea_inbeom_hwang,Inbeom Hwang,Midfielder,Midfielder,2,0.4201,C,0.55,0.834,60.5,,,0.834,60.5,locked_starter,auto_role_rank_heuristic,0.598,,False
54,2026-06-24,Group Stage,A,South Korea,South Africa,south_korea_jaesung_lee,Jaesung Lee,Midfielder,Midfielder,9,0.0,D,0.2,0.013,20.5,,,0.013,20.5,bench_option,auto_role_rank_heuristic,0.29,,False
54,2026-06-24,Group Stage,A,South Korea,South Africa,south_korea_jingyu_kim,Jingyu Kim,Midfielder,Midfielder,10,0.0,D,0.2,0.013,20.5,,,0.013,20.5,bench_option,auto_role_rank_heuristic,0.29,,False
54,2026-06-24,Group Stage,A,South Korea,South Africa,south_korea_jisung_eom,Jisung Eom,Midfielder,Midfielder,5,0.0927,D,0.35,0.315,35.2,,,0.315,35.2,rotation,auto_role_rank_heuristic,0.366,,False
54,2026-06-24,Group Stage,A,South Korea,South Africa,south_korea_junho_bae,Junho Bae,Midfielder,Midfielder,11,0.0,D,0.2,0.013,20.5,,,0.013,20.5,bench_option,auto_role_rank_heuristic,0.29,,False
54,2026-06-24,Group Stage,A,South Korea,South Africa,south_korea_kangin_lee,Kangin Lee,Midfielder,Midfielder,3,0.3644,D,0.35,0.751,56.4,,,0.751,56.4,locked_starter,auto_role_rank_heuristic,0.434,,False
54,2026-06-24,Group Stage,A,South Korea,South Africa,south_korea_seungho_paik,Seungho Paik,Midfielder,Midfielder,1,0.4651,C,0.55,0.838,60.7,,,0.838,60.7,locked_starter,auto_role_rank_heuristic,0.609,,False
3,2026-06-12,Group Stage,B,Canada,Bosnia and Herzegovina,canada_alfie_jones,Alfie Jones,Defender,Defender,3,0.4099,C,0.55,0.617,49.7,,,0.617,49.7,probable_starter,auto_role_rank_heuristic,0.595,,False
3,2026-06-12,Group Stage,B,Canada,Bosnia and Herzegovina,canada_alistair_johnston,Alistair Johnston,Defender,Defender,2,0.4201,C,0.55,0.618,49.7,,,0.618,49.7,probable_starter,auto_role_rank_heuristic,0.598,,False
3,2026-06-12,Group Stage,B,Canada,Bosnia and Herzegovina,canada_alphonso_davies,Alphonso Davies,Defender,Defender,1,0.595,C,0.435,0.631,50.6,,,0.631,50.6,probable_starter,auto_role_rank_heuristic,0.601,,False
3,2026-06-12,Group Stage,B,Canada,Bosnia and Herzegovina,canada_derek_cornelius,Derek Cornelius,Defender,Defender,6,0.2275,D,0.204,0.236,25.7,,,0.236,25.7,rotation,auto_role_rank_heuristic,0.348,,False
3,2026-06-12,Group Stage,B,Canada,Bosnia and Herzegovina,canada_joel_waterman,Joel Waterman,Defender,Defender,9,0.1108,C,0.443,0.082,16.0,,,0.082,16.0,bench_option,auto_role_rank_heuristic,0.483,,False
3,2026-06-12,Group Stage,B,Canada,Bosnia and Herzegovina,canada_luc_de_fougerolles,Luc de Fougerolles,Defender,Defender,4,0.3844,B,0.688,0.688,54.2,,,0.688,54.2,probable_starter,auto_role_rank_heuristic,0.677,,False
3,2026-06-12,Group Stage,B,Canada,Bosnia and Herzegovina,canada_moise_bombito,Moise Bombito,Defender,Defender,8,0.1943,D,0.21,0.033,12.9,,,0.033,12.9,bench_option,auto_role_rank_heuristic,0.342,,False
3,2026-06-12,Group Stage,B,Canada,Bosnia and Herzegovina,canada_niko_sigur,Niko Sigur,Defender,Defender,5,0.25,C,0.55,0.293,29.3,,,0.293,29.3,rotation,auto_role_rank_heuristic,0.555,,False
3,2026-06-12,Group Stage,B,Canada,Bosnia and Herzegovina,canada_richie_laryea,Richie Laryea,Defender,Defender,7,0.2065,C,0.454,0.291,29.1,,,0.291,29.1,rotation,auto_role_rank_heuristic,0.511,,False
3,2026-06-12,Group Stage,B,Canada,Bosnia and Herzegovina,canada_ali_ahmed,Ali Ahmed,Forward,Forward,6,0.0,D,0.2,0.147,28.7,,,0.147,28.7,bench_option,auto_role_rank_heuristic,0.29,,False
3,2026-06-12,Group Stage,B,Canada,Bosnia and Herzegovina,canada_cyle_larin,Cyle Larin,Forward,Forward,4,0.3681,D,0.211,0.247,33.0,,,0.247,33.0,rotation,auto_role_rank_heuristic,0.386,,False
3,2026-06-12,Group Stage,B,Canada,Bosnia and Herzegovina,canada_jonathan_david,Jonathan David,Forward,Forward,1,0.6466,A,0.848,0.708,52.5,,,0.708,52.5,probable_starter,auto_role_rank_heuristic,0.838,,False
3,2026-06-12,Group Stage,B,Canada,Bosnia and Herzegovina,canada_promise_david,Promise David,Forward,Forward,3,0.4074,B,0.674,0.654,50.2,,,0.654,50.2,probable_starter,auto_role_rank_heuristic,0.678,,False
3,2026-06-12,Group Stage,B,Canada,Bosnia and Herzegovina,canada_tajon_buchanan,Tajon Buchanan,Forward,Forward,2,0.6355,A,0.852,0.707,52.4,,,0.707,52.4,probable_starter,auto_role_rank_heuristic,0.837,,False
3,2026-06-12,Group Stage,B,Canada,Bosnia and Herzegovina,canada_tani_oluwaseyi,Tani Oluwaseyi,Forward,Forward,5,0.1539,A,0.775,0.396,39.3,,,0.396,39.3,rotation,auto_role_rank_heuristic,0.69,,False
3,2026-06-12,Group Stage,B,Canada,Bosnia and Herzegovina,canada_dayne_st_clair,Dayne St. Clair,Goalkeeper,Goalkeeper,3,0.189,B,0.655,0.087,7.0,,,0.087,7.0,bench_option,auto_role_rank_heuristic,0.617,,False
3,2026-06-12,Group Stage,B,Canada,Bosnia and Herzegovina,canada_maxime_crepeau,Maxime Crepeau,Goalkeeper,Goalkeeper,2,0.219,B,0.649,0.2,16.2,,,0.2,16.2,bench_option,auto_role_rank_heuristic,0.622,,False
3,2026-06-12,Group Stage,B,Canada,Bosnia and Herzegovina,canada_owen_goodman,Owen Goodman,Goalkeeper,Goalkeeper,1,0.3832,C,0.55,0.707,57.3,,,0.707,57.3,probable_starter,auto_role_rank_heuristic,0.588,,False
3,2026-06-12,Group Stage,B,Canada,Bosnia and Herzegovina,canada_ismael_kone,Ismael Kone,Midfielder,Midfielder,1,0.7019,A,0.928,0.73,55.3,,,0.73,55.3,probable_starter,auto_role_rank_heuristic,0.88,,False
3,2026-06-12,Group Stage,B,Canada,Bosnia and Herzegovina,canada_jacob_shaffelburg,Jacob Shaffelburg,Midfielder,Midfielder,8,0.0789,D,0.215,0.225,30.7,,,0.225,30.7,rotation,auto_role_rank_heuristic,0.315,,False
3,2026-06-12,Group Stage,B,Canada,Bosnia and Herzegovina,canada_jonathan_osorio,Jonathan Osorio,Midfielder,Midfielder,5,0.289,B,0.655,0.369,37.7,,,0.369,37.7,rotation,auto_role_rank_heuristic,0.641,,False
3,2026-06-12,Group Stage,B,Canada,Bosnia and Herzegovina,canada_liam_millar,Liam Millar,Midfielder,Midfielder,4,0.3038,D,0.35,0.535,45.8,,,0.535,45.8,probable_starter,auto_role_rank_heuristic,0.418,,False
3,2026-06-12,Group Stage,B,Canada,Bosnia and Herzegovina,canada_marcelo_flores,Marcelo Flores,Midfielder,Midfielder,6,0.2424,D,0.35,0.237,31.3,,,0.237,31.3,rotation,auto_role_rank_heuristic,0.403,,False
3,2026-06-12,Group Stage,B,Canada,Bosnia and Herzegovina,canada_mathieu_choiniere,Mathieu Choiniere,Midfielder,Midfielder,7,0.1816,C,0.45,0.289,33.9,,,0.289,33.9,rotation,auto_role_rank_heuristic,0.503,,False
3,2026-06-12,Group Stage,B,Canada,Bosnia and Herzegovina,canada_nathan_saliba,Nathan Saliba,Midfielder,Midfielder,3,0.3468,B,0.743,0.667,52.2,,,0.667,52.2,probable_starter,auto_role_rank_heuristic,0.687,,False
3,2026-06-12,Group Stage,B,Canada,Bosnia and Herzegovina,canada_stephen_eustaquio,Stephen Eustaquio,Midfielder,Midfielder,2,0.542,C,0.453,0.608,49.4,,,0.608,49.4,probable_starter,auto_role_rank_heuristic,0.594,,False
3,2026-06-12,Group Stage,B,Bosnia and Herzegovina,Canada,bosnia_and_herzegovina_amar_dedic,Amar Dedic,Defender,Defender,6,0.3634,B,0.708,0.385,34.4,,,0.385,34.4,rotation,auto_role_rank_heuristic,0.679,,False
3,2026-06-12,Group Stage,B,Bosnia and Herzegovina,Canada,bosnia_and_herzegovina_dennis_hadzikadunic,Dennis Hadzikadunic,Defender,Defender,3,0.4957,C,0.55,0.64,50.2,,,0.64,50.2,probable_starter,auto_role_rank_heuristic,0.616,,False
3,2026-06-12,Group Stage,B,Bosnia and Herzegovina,Canada,bosnia_and_herzegovina_nidal_celik,Nidal Celik,Defender,Defender,7,0.3067,C,0.441,0.306,29.5,,,0.306,29.5,rotation,auto_role_rank_heuristic,0.531,,False
3,2026-06-12,Group Stage,B,Bosnia and Herzegovina,Canada,bosnia_and_herzegovina_nihad_mujakic,Nihad Mujakic,Defender,Defender,4,0.4877,B,0.733,0.714,54.8,,,0.714,54.8,probable_starter,auto_role_rank_heuristic,0.718,,False
3,2026-06-12,Group Stage,B,Bosnia and Herzegovina,Canada,bosnia_and_herzegovina_nikola_katic,Nikola Katic,Defender,Defender,5,0.4257,C,0.55,0.314,30.0,,,0.314,30.0,rotation,auto_role_rank_heuristic,0.599,,False
3,2026-06-12,Group Stage,B,Bosnia and Herzegovina,Canada,bosnia_and_herzegovina_sead_kolasinac,Sead Kolasinac,Defender,Defender,2,0.6869,A,0.801,0.767,58.1,,,0.767,58.1,locked_starter,auto_role_rank_heuristic,0.832,,False
3,2026-06-12,Group Stage,B,Bosnia and Herzegovina,Canada,bosnia_and_herzegovina_stjepan_radeljic,Stjepan Radeljic,Defender,Defender,8,0.1455,D,0.35,0.03,12.5,,,0.03,12.5,bench_option,auto_role_rank_heuristic,0.379,,False
3,2026-06-12,Group Stage,B,Bosnia and Herzegovina,Canada,bosnia_and_herzegovina_tarik_muharemovic,Tarik Muharemovic,Defender,Defender,1,0.8272,A,0.936,0.777,58.7,,,0.777,58.7,locked_starter,auto_role_rank_heuristic,0.88,,False
3,2026-06-12,Group Stage,B,Bosnia and Herzegovina,Canada,bosnia_and_herzegovina_edin_dzeko,Edin Dzeko,Forward,Forward,4,0.379,D,0.216,0.254,32.6,,,0.254,32.6,rotation,auto_role_rank_heuristic,0.39,,False
3,2026-06-12,Group Stage,B,Bosnia and Herzegovina,Canada,bosnia_and_herzegovina_ermedin_demirovic,Ermedin Demirovic,Forward,Forward,2,0.605,A,0.825,0.722,52.1,,,0.722,52.1,probable_starter,auto_role_rank_heuristic,0.82,,False
3,2026-06-12,Group Stage,B,Bosnia and Herzegovina,Canada,bosnia_and_herzegovina_esmir_bajraktarevic,Esmir Bajraktarevic,Forward,Forward,3,0.4422,B,0.64,0.673,50.0,,,0.673,50.0,probable_starter,auto_role_rank_heuristic,0.675,,False
3,2026-06-12,Group Stage,B,Bosnia and Herzegovina,Canada,bosnia_and_herzegovina_haris_tabakovic,Haris Tabakovic,Forward,Forward,1,0.6173,A,0.898,0.723,52.1,,,0.723,52.1,probable_starter,auto_role_rank_heuristic,0.849,,False
3,2026-06-12,Group Stage,B,Bosnia and Herzegovina,Canada,bosnia_and_herzegovina_jovo_lukic,Jovo Lukic,Forward,Forward,7,0.0,D,0.2,0.151,28.4,,,0.151,28.4,bench_option,auto_role_rank_heuristic,0.29,,False
3,2026-06-12,Group Stage,B,Bosnia and Herzegovina,Canada,bosnia_and_herzegovina_kerim_alajbegovic,Kerim Alajbegovic,Forward,Forward,5,0.1726,D,0.2,0.164,28.9,,,0.164,28.9,bench_option,auto_role_rank_heuristic,0.333,,False
3,2026-06-12,Group Stage,B,Bosnia and Herzegovina,Canada,bosnia_and_herzegovina_samed_bazdar,Samed Bazdar,Forward,Forward,6,0.0832,D,0.35,0.232,31.7,,,0.232,31.7,rotation,auto_role_rank_heuristic,0.363,,False
3,2026-06-12,Group Stage,B,Bosnia and Herzegovina,Canada,bosnia_and_herzegovina_martin_zlomislic,Martin Zlomislic,Goalkeeper,Goalkeeper,2,0.25,C,0.55,0.132,10.5,,,0.132,10.5,bench_option,auto_role_rank_heuristic,0.555,,False
3,2026-06-12,Group Stage,B,Bosnia and Herzegovina,Canada,bosnia_and_herzegovina_mladen_jurkas,Mladen Jurkas,Goalkeeper,Goalkeeper,3,0.0,D,0.2,0.01,0.8,,,0.01,0.8,bench_option,auto_role_rank_heuristic,0.29,,False
3,2026-06-12,Group Stage,B,Bosnia and Herzegovina,Canada,bosnia_and_herzegovina_nikola_vasilj,Nikola Vasilj,Goalkeeper,Goalkeeper,1,0.8963,A,0.95,0.877,69.8,,,0.877,69.8,locked_starter,auto_role_rank_heuristic,0.88,,False
3,2026-06-12,Group Stage,B,Bosnia and Herzegovina,Canada,bosnia_and_herzegovina_amar_memic,Amar Memic,Midfielder,Midfielder,7,0.0175,D,0.2,0.151,26.6,,,0.151,26.6,bench_option,auto_role_rank_heuristic,0.294,,False
3,2026-06-12,Group Stage,B,Bosnia and Herzegovina,Canada,bosnia_and_herzegovina_amir_hadziahmetovic,Amir Hadziahmetovic,Midfielder,Midfielder,4,0.3372,D,0.35,0.552,45.8,,,0.552,45.8,probable_starter,auto_role_rank_heuristic,0.427,,False
3,2026-06-12,Group Stage,B,Bosnia and Herzegovina,Canada,bosnia_and_herzegovina_armin_gigovic,Armin Gigovic,Midfielder,Midfielder,5,0.3024,D,0.35,0.248,31.3,,,0.248,31.3,rotation,auto_role_rank_heuristic,0.418,,False
3,2026-06-12,Group Stage,B,Bosnia and Herzegovina,Canada,bosnia_and_herzegovina_benjamin_tahirovic,Benjamin Tahirovic,Midfielder,Midfielder,6,0.2359,D,0.35,0.244,31.1,,,0.244,31.1,rotation,auto_role_rank_heuristic,0.401,,False
3,2026-06-12,Group Stage,B,Bosnia and Herzegovina,Canada,bosnia_and_herzegovina_dzenis_burnic,Dzenis Burnic,Midfielder,Midfielder,3,0.3658,D,0.35,0.554,45.9,,,0.554,45.9,probable_starter,auto_role_rank_heuristic,0.434,,False
3,2026-06-12,Group Stage,B,Bosnia and Herzegovina,Canada,bosnia_and_herzegovina_ermin_mahmic,Ermin Mahmic,Midfielder,Midfielder,8,0.0,D,0.2,0.151,26.6,,,0.151,26.6,bench_option,auto_role_rank_heuristic,0.29,,False
3,2026-06-12,Group Stage,B,Bosnia and Herzegovina,Canada,bosnia_and_herzegovina_ivan_basic,Ivan Basic,Midfielder,Midfielder,1,0.4475,C,0.55,0.617,48.9,,,0.617,48.9,probable_starter,auto_role_rank_heuristic,0.604,,False
3,2026-06-12,Group Stage,B,Bosnia and Herzegovina,Canada,bosnia_and_herzegovina_ivan_sunjic,Ivan Sunjic,Midfielder,Midfielder,2,0.4044,C,0.55,0.613,48.7,,,0.613,48.7,probable_starter,auto_role_rank_heuristic,0.594,,False
8,2026-06-13,Group Stage,B,Qatar,Switzerland,qatar_alhashmi_alhussein,Alhashmi Alhussein,Defender,Defender,6,0.0,D,0.2,0.211,23.7,,,0.211,23.7,rotation,auto_role_rank_heuristic,0.29,,False
8,2026-06-13,Group Stage,B,Qatar,Switzerland,qatar_ayoub_aloui,Ayoub Aloui,Defender,Defender,7,0.0,D,0.2,0.211,23.7,,,0.211,23.7,rotation,auto_role_rank_heuristic,0.29,,False
8,2026-06-13,Group Stage,B,Qatar,Switzerland,qatar_boualem_khoukhi,Boualem Khoukhi,Defender,Defender,2,0.243,D,0.35,0.791,59.7,,,0.791,59.7,locked_starter,auto_role_rank_heuristic,0.403,,False
8,2026-06-13,Group Stage,B,Qatar,Switzerland,qatar_homam_ahmed,Homam Ahmed,Defender,Defender,8,0.0,D,0.2,0.013,11.4,,,0.013,11.4,bench_option,auto_role_rank_heuristic,0.29,,False
8,2026-06-13,Group Stage,B,Qatar,Switzerland,qatar_issa_laye,Issa Laye,Defender,Defender,9,0.0,D,0.2,0.013,11.4,,,0.013,11.4,bench_option,auto_role_rank_heuristic,0.29,,False
8,2026-06-13,Group Stage,B,Qatar,Switzerland,qatar_jassem_gaber,Jassem Gaber,Defender,Defender,4,0.0612,D,0.35,0.773,58.6,,,0.773,58.6,locked_starter,auto_role_rank_heuristic,0.358,,False
8,2026-06-13,Group Stage,B,Qatar,Switzerland,qatar_lucas_mendes,Lucas Mendes,Defender,Defender,1,0.26,D,0.35,0.794,59.9,,,0.794,59.9,locked_starter,auto_role_rank_heuristic,0.407,,False
8,2026-06-13,Group Stage,B,Qatar,Switzerland,qatar_pedro_miguel,Pedro Miguel,Defender,Defender,3,0.2364,D,0.35,0.791,59.7,,,0.791,59.7,locked_starter,auto_role_rank_heuristic,0.402,,False
8,2026-06-13,Group Stage,B,Qatar,Switzerland,qatar_sultan_albrake,Sultan Albrake,Defender,Defender,5,0.0338,D,0.2,0.215,24.0,,,0.215,24.0,rotation,auto_role_rank_heuristic,0.298,,False
8,2026-06-13,Group Stage,B,Qatar,Switzerland,qatar_ahmed_alaaeldin,Ahmed Alaaeldin,Forward,Forward,6,0.07,D,0.35,0.325,35.7,,,0.325,35.7,rotation,auto_role_rank_heuristic,0.36,,False
8,2026-06-13,Group Stage,B,Qatar,Switzerland,qatar_akram_afif,Akram Afif,Forward,Forward,1,0.3577,D,0.35,0.751,53.4,,,0.751,53.4,locked_starter,auto_role_rank_heuristic,0.432,,False
8,2026-06-13,Group Stage,B,Qatar,Switzerland,qatar_almoez_ali,Almoez Ali,Forward,Forward,4,0.1,D,0.2,0.222,31.4,,,0.222,31.4,rotation,auto_role_rank_heuristic,0.315,,False
8,2026-06-13,Group Stage,B,Qatar,Switzerland,qatar_edmilson_junior,Edmilson Junior,Forward,Forward,2,0.1978,D,0.2,0.734,52.7,,,0.734,52.7,probable_starter,auto_role_rank_heuristic,0.339,,False
8,2026-06-13,Group Stage,B,Qatar,Switzerland,qatar_hassan_alhaydos,Hassan Alhaydos,Forward,Forward,7,0.0,D,0.2,0.211,30.9,,,0.211,30.9,rotation,auto_role_rank_heuristic,0.29,,False
8,2026-06-13,Group Stage,B,Qatar,Switzerland,qatar_mohamed_manai,Mohamed Manai,Forward,Forward,8,0.0,D,0.2,0.013,22.7,,,0.013,22.7,bench_option,auto_role_rank_heuristic,0.29,,False
8,2026-06-13,Group Stage,B,Qatar,Switzerland,qatar_mohammed_muntari,Mohammed Muntari,Forward,Forward,5,0.0788,D,0.2,0.219,31.3,,,0.219,31.3,rotation,auto_role_rank_heuristic,0.31,,False
8,2026-06-13,Group Stage,B,Qatar,Switzerland,qatar_tahsin_jamshid,Tahsin Jamshid,Forward,Forward,9,0.0,D,0.2,0.013,22.7,,,0.013,22.7,bench_option,auto_role_rank_heuristic,0.29,,False
8,2026-06-13,Group Stage,B,Qatar,Switzerland,qatar_yusuf_abdurisag,Yusuf Abdurisag,Forward,Forward,3,0.1269,D,0.35,0.726,52.4,,,0.726,52.4,probable_starter,auto_role_rank_heuristic,0.374,,False
8,2026-06-13,Group Stage,B,Qatar,Switzerland,qatar_mahmoud_abunada,Mahmoud Abunada,Goalkeeper,Goalkeeper,3,0.0975,D,0.35,0.013,1.0,,,0.013,1.0,bench_option,auto_role_rank_heuristic,0.367,,False
8,2026-06-13,Group Stage,B,Qatar,Switzerland,qatar_meshaal_barsham,Meshaal Barsham,Goalkeeper,Goalkeeper,1,0.315,C,0.55,0.98,78.1,,,0.98,78.1,locked_starter,auto_role_rank_heuristic,0.571,,False
8,2026-06-13,Group Stage,B,Qatar,Switzerland,qatar_salah_zakaria,Salah Zakaria,Goalkeeper,Goalkeeper,2,0.25,C,0.55,0.185,14.7,,,0.185,14.7,bench_option,auto_role_rank_heuristic,0.555,,False
8,2026-06-13,Group Stage,B,Qatar,Switzerland,qatar_abdulaziz_hatem,Abdulaziz Hatem,Midfielder,Midfielder,2,0.1,D,0.2,0.645,50.3,,,0.645,50.3,probable_starter,auto_role_rank_heuristic,0.315,,False
8,2026-06-13,Group Stage,B,Qatar,Switzerland,qatar_ahmed_alganehi,Ahmed Alganehi,Midfielder,Midfielder,4,0.0,D,0.2,0.634,49.8,,,0.634,49.8,probable_starter,auto_role_rank_heuristic,0.29,,False
8,2026-06-13,Group Stage,B,Qatar,Switzerland,qatar_ahmed_fathy,Ahmed Fathy,Midfielder,Midfielder,5,0.0,D,0.2,0.211,29.6,,,0.211,29.6,rotation,auto_role_rank_heuristic,0.29,,False
8,2026-06-13,Group Stage,B,Qatar,Switzerland,qatar_assim_madibo,Assim Madibo,Midfielder,Midfielder,1,0.2107,D,0.2,0.656,50.9,,,0.656,50.9,probable_starter,auto_role_rank_heuristic,0.343,,False
8,2026-06-13,Group Stage,B,Qatar,Switzerland,qatar_karim_boudiaf,Karim Boudiaf,Midfielder,Midfielder,3,0.1,D,0.2,0.645,50.3,,,0.645,50.3,probable_starter,auto_role_rank_heuristic,0.315,,False
8,2026-06-13,Group Stage,B,Switzerland,Qatar,switzerland_aurele_amenda,Aurele Amenda,Defender,Defender,5,0.4212,A,0.84,0.348,32.3,,,0.348,32.3,rotation,auto_role_rank_heuristic,0.779,,False
8,2026-06-13,Group Stage,B,Switzerland,Qatar,switzerland_eray_coemert,Eray Coemert,Defender,Defender,8,0.3145,D,0.35,0.034,12.8,,,0.034,12.8,bench_option,auto_role_rank_heuristic,0.421,,False
8,2026-06-13,Group Stage,B,Switzerland,Qatar,switzerland_luca_jaquez,Luca Jaquez,Defender,Defender,7,0.3692,C,0.46,0.253,26.4,,,0.253,26.4,rotation,auto_role_rank_heuristic,0.553,,False
8,2026-06-13,Group Stage,B,Switzerland,Qatar,switzerland_manuel_akanji,Manuel Akanji,Defender,Defender,2,0.8392,A,0.935,0.633,50.1,,,0.633,50.1,probable_starter,auto_role_rank_heuristic,0.88,,False
8,2026-06-13,Group Stage,B,Switzerland,Qatar,switzerland_miro_muheim,Miro Muheim,Defender,Defender,4,0.6428,A,0.903,0.621,49.3,,,0.621,49.3,probable_starter,auto_role_rank_heuristic,0.857,,False
8,2026-06-13,Group Stage,B,Switzerland,Qatar,switzerland_nico_elvedi,Nico Elvedi,Defender,Defender,1,0.8675,A,0.947,0.635,50.2,,,0.635,50.2,probable_starter,auto_role_rank_heuristic,0.88,,False
8,2026-06-13,Group Stage,B,Switzerland,Qatar,switzerland_ricardo_rodriguez,Ricardo Rodriguez,Defender,Defender,3,0.7277,A,0.829,0.627,49.7,,,0.627,49.7,probable_starter,auto_role_rank_heuristic,0.852,,False
8,2026-06-13,Group Stage,B,Switzerland,Qatar,switzerland_silvan_widmer,Silvan Widmer,Defender,Defender,6,0.4191,A,0.851,0.348,32.3,,,0.348,32.3,rotation,auto_role_rank_heuristic,0.783,,False
8,2026-06-13,Group Stage,B,Switzerland,Qatar,switzerland_breel_embolo,Breel Embolo,Forward,Forward,2,0.661,A,0.856,0.592,47.0,,,0.592,47.0,probable_starter,auto_role_rank_heuristic,0.845,,False
8,2026-06-13,Group Stage,B,Switzerland,Qatar,switzerland_cedric_itten,Cedric Itten,Forward,Forward,5,0.327,D,0.35,0.204,30.8,,,0.204,30.8,rotation,auto_role_rank_heuristic,0.424,,False
8,2026-06-13,Group Stage,B,Switzerland,Qatar,switzerland_christian_fassnacht,Christian Fassnacht,Forward,Forward,7,0.0723,D,0.35,0.188,30.1,,,0.188,30.1,bench_option,auto_role_rank_heuristic,0.361,,False
8,2026-06-13,Group Stage,B,Switzerland,Qatar,switzerland_dan_ndoye,Dan Ndoye,Forward,Forward,1,0.6777,A,0.798,0.593,47.0,,,0.593,47.0,probable_starter,auto_role_rank_heuristic,0.829,,False
8,2026-06-13,Group Stage,B,Switzerland,Qatar,switzerland_noah_okafor,Noah Okafor,Forward,Forward,4,0.4619,A,0.83,0.35,36.9,,,0.35,36.9,rotation,auto_role_rank_heuristic,0.786,,False
8,2026-06-13,Group Stage,B,Switzerland,Qatar,switzerland_ruben_vargas,Ruben Vargas,Forward,Forward,3,0.5665,A,0.833,0.586,46.7,,,0.586,46.7,probable_starter,auto_role_rank_heuristic,0.813,,False
8,2026-06-13,Group Stage,B,Switzerland,Qatar,switzerland_zeki_amdouni,Zeki Amdouni,Forward,Forward,6,0.2721,D,0.205,0.201,30.6,,,0.201,30.6,rotation,auto_role_rank_heuristic,0.36,,False
8,2026-06-13,Group Stage,B,Switzerland,Qatar,switzerland_gregor_kobel,Gregor Kobel,Goalkeeper,Goalkeeper,1,0.9426,A,0.95,0.716,57.3,,,0.716,57.3,probable_starter,auto_role_rank_heuristic,0.88,,False
8,2026-06-13,Group Stage,B,Switzerland,Qatar,switzerland_marvin_keller,Marvin Keller,Goalkeeper,Goalkeeper,3,0.25,C,0.55,0.015,1.2,,,0.015,1.2,bench_option,auto_role_rank_heuristic,0.555,,False
8,2026-06-13,Group Stage,B,Switzerland,Qatar,switzerland_yvon_mvogo,Yvon Mvogo,Goalkeeper,Goalkeeper,2,0.8929,A,0.932,0.238,19.1,,,0.238,19.1,rotation,auto_role_rank_heuristic,0.88,,False
8,2026-06-13,Group Stage,B,Switzerland,Qatar,switzerland_ardon_jashari,Ardon Jashari,Midfielder,Midfielder,8,0.5615,C,0.447,0.264,32.3,,,0.264,32.3,rotation,auto_role_rank_heuristic,0.597,,False
8,2026-06-13,Group Stage,B,Switzerland,Qatar,switzerland_denis_zakaria,Denis Zakaria,Midfielder,Midfielder,4,0.7115,A,0.869,0.611,48.9,,,0.611,48.9,probable_starter,auto_role_rank_heuristic,0.862,,False
8,2026-06-13,Group Stage,B,Switzerland,Qatar,switzerland_djibril_sow,Djibril Sow,Midfielder,Midfielder,3,0.8105,A,0.882,0.617,49.2,,,0.617,49.2,probable_starter,auto_role_rank_heuristic,0.88,,False
8,2026-06-13,Group Stage,B,Switzerland,Qatar,switzerland_fabian_rieder,Fabian Rieder,Midfielder,Midfielder,5,0.6946,A,0.906,0.365,37.1,,,0.365,37.1,rotation,auto_role_rank_heuristic,0.871,,False
8,2026-06-13,Group Stage,B,Switzerland,Qatar,switzerland_granit_xhaka,Granit Xhaka,Midfielder,Midfielder,1,0.946,A,0.942,0.625,49.6,,,0.625,49.6,probable_starter,auto_role_rank_heuristic,0.88,,False
8,2026-06-13,Group Stage,B,Switzerland,Qatar,switzerland_johan_manzambi,Johan Manzambi,Midfielder,Midfielder,7,0.5942,A,0.873,0.358,36.8,,,0.358,36.8,rotation,auto_role_rank_heuristic,0.834,,False
8,2026-06-13,Group Stage,B,Switzerland,Qatar,switzerland_michel_aebischer,Michel Aebischer,Midfielder,Midfielder,6,0.6001,A,0.941,0.358,36.8,,,0.358,36.8,rotation,auto_role_rank_heuristic,0.859,,False
8,2026-06-13,Group Stage,B,Switzerland,Qatar,switzerland_remo_freuler,Remo Freuler,Midfielder,Midfielder,2,0.847,A,0.884,0.619,49.3,,,0.619,49.3,probable_starter,auto_role_rank_heuristic,0.88,,False
26,2026-06-18,Group Stage,B,Switzerland,Bosnia and Herzegovina,switzerland_aurele_amenda,Aurele Amenda,Defender,Defender,5,0.4212,A,0.84,0.348,32.3,,,0.348,32.3,rotation,auto_role_rank_heuristic,0.779,,False
26,2026-06-18,Group Stage,B,Switzerland,Bosnia and Herzegovina,switzerland_eray_coemert,Eray Coemert,Defender,Defender,8,0.3145,D,0.35,0.034,12.8,,,0.034,12.8,bench_option,auto_role_rank_heuristic,0.421,,False
26,2026-06-18,Group Stage,B,Switzerland,Bosnia and Herzegovina,switzerland_luca_jaquez,Luca Jaquez,Defender,Defender,7,0.3692,C,0.46,0.253,26.4,,,0.253,26.4,rotation,auto_role_rank_heuristic,0.553,,False
26,2026-06-18,Group Stage,B,Switzerland,Bosnia and Herzegovina,switzerland_manuel_akanji,Manuel Akanji,Defender,Defender,2,0.8392,A,0.935,0.633,50.1,,,0.633,50.1,probable_starter,auto_role_rank_heuristic,0.88,,False
26,2026-06-18,Group Stage,B,Switzerland,Bosnia and Herzegovina,switzerland_miro_muheim,Miro Muheim,Defender,Defender,4,0.6428,A,0.903,0.621,49.3,,,0.621,49.3,probable_starter,auto_role_rank_heuristic,0.857,,False
26,2026-06-18,Group Stage,B,Switzerland,Bosnia and Herzegovina,switzerland_nico_elvedi,Nico Elvedi,Defender,Defender,1,0.8675,A,0.947,0.635,50.2,,,0.635,50.2,probable_starter,auto_role_rank_heuristic,0.88,,False
26,2026-06-18,Group Stage,B,Switzerland,Bosnia and Herzegovina,switzerland_ricardo_rodriguez,Ricardo Rodriguez,Defender,Defender,3,0.7277,A,0.829,0.627,49.7,,,0.627,49.7,probable_starter,auto_role_rank_heuristic,0.852,,False
26,2026-06-18,Group Stage,B,Switzerland,Bosnia and Herzegovina,switzerland_silvan_widmer,Silvan Widmer,Defender,Defender,6,0.4191,A,0.851,0.348,32.3,,,0.348,32.3,rotation,auto_role_rank_heuristic,0.783,,False
26,2026-06-18,Group Stage,B,Switzerland,Bosnia and Herzegovina,switzerland_breel_embolo,Breel Embolo,Forward,Forward,2,0.661,A,0.856,0.592,47.0,,,0.592,47.0,probable_starter,auto_role_rank_heuristic,0.845,,False
26,2026-06-18,Group Stage,B,Switzerland,Bosnia and Herzegovina,switzerland_cedric_itten,Cedric Itten,Forward,Forward,5,0.327,D,0.35,0.204,30.8,,,0.204,30.8,rotation,auto_role_rank_heuristic,0.424,,False
26,2026-06-18,Group Stage,B,Switzerland,Bosnia and Herzegovina,switzerland_christian_fassnacht,Christian Fassnacht,Forward,Forward,7,0.0723,D,0.35,0.188,30.1,,,0.188,30.1,bench_option,auto_role_rank_heuristic,0.361,,False
26,2026-06-18,Group Stage,B,Switzerland,Bosnia and Herzegovina,switzerland_dan_ndoye,Dan Ndoye,Forward,Forward,1,0.6777,A,0.798,0.593,47.0,,,0.593,47.0,probable_starter,auto_role_rank_heuristic,0.829,,False
26,2026-06-18,Group Stage,B,Switzerland,Bosnia and Herzegovina,switzerland_noah_okafor,Noah Okafor,Forward,Forward,4,0.4619,A,0.83,0.35,36.9,,,0.35,36.9,rotation,auto_role_rank_heuristic,0.786,,False
26,2026-06-18,Group Stage,B,Switzerland,Bosnia and Herzegovina,switzerland_ruben_vargas,Ruben Vargas,Forward,Forward,3,0.5665,A,0.833,0.586,46.7,,,0.586,46.7,probable_starter,auto_role_rank_heuristic,0.813,,False
26,2026-06-18,Group Stage,B,Switzerland,Bosnia and Herzegovina,switzerland_zeki_amdouni,Zeki Amdouni,Forward,Forward,6,0.2721,D,0.205,0.201,30.6,,,0.201,30.6,rotation,auto_role_rank_heuristic,0.36,,False
26,2026-06-18,Group Stage,B,Switzerland,Bosnia and Herzegovina,switzerland_gregor_kobel,Gregor Kobel,Goalkeeper,Goalkeeper,1,0.9426,A,0.95,0.716,57.3,,,0.716,57.3,probable_starter,auto_role_rank_heuristic,0.88,,False
26,2026-06-18,Group Stage,B,Switzerland,Bosnia and Herzegovina,switzerland_marvin_keller,Marvin Keller,Goalkeeper,Goalkeeper,3,0.25,C,0.55,0.015,1.2,,,0.015,1.2,bench_option,auto_role_rank_heuristic,0.555,,False
26,2026-06-18,Group Stage,B,Switzerland,Bosnia and Herzegovina,switzerland_yvon_mvogo,Yvon Mvogo,Goalkeeper,Goalkeeper,2,0.8929,A,0.932,0.238,19.1,,,0.238,19.1,rotation,auto_role_rank_heuristic,0.88,,False
26,2026-06-18,Group Stage,B,Switzerland,Bosnia and Herzegovina,switzerland_ardon_jashari,Ardon Jashari,Midfielder,Midfielder,8,0.5615,C,0.447,0.264,32.3,,,0.264,32.3,rotation,auto_role_rank_heuristic,0.597,,False
26,2026-06-18,Group Stage,B,Switzerland,Bosnia and Herzegovina,switzerland_denis_zakaria,Denis Zakaria,Midfielder,Midfielder,4,0.7115,A,0.869,0.611,48.9,,,0.611,48.9,probable_starter,auto_role_rank_heuristic,0.862,,False
26,2026-06-18,Group Stage,B,Switzerland,Bosnia and Herzegovina,switzerland_djibril_sow,Djibril Sow,Midfielder,Midfielder,3,0.8105,A,0.882,0.617,49.2,,,0.617,49.2,probable_starter,auto_role_rank_heuristic,0.88,,False
26,2026-06-18,Group Stage,B,Switzerland,Bosnia and Herzegovina,switzerland_fabian_rieder,Fabian Rieder,Midfielder,Midfielder,5,0.6946,A,0.906,0.365,37.1,,,0.365,37.1,rotation,auto_role_rank_heuristic,0.871,,False
26,2026-06-18,Group Stage,B,Switzerland,Bosnia and Herzegovina,switzerland_granit_xhaka,Granit Xhaka,Midfielder,Midfielder,1,0.946,A,0.942,0.625,49.6,,,0.625,49.6,probable_starter,auto_role_rank_heuristic,0.88,,False
26,2026-06-18,Group Stage,B,Switzerland,Bosnia and Herzegovina,switzerland_johan_manzambi,Johan Manzambi,Midfielder,Midfielder,7,0.5942,A,0.873,0.358,36.8,,,0.358,36.8,rotation,auto_role_rank_heuristic,0.834,,False
26,2026-06-18,Group Stage,B,Switzerland,Bosnia and Herzegovina,switzerland_michel_aebischer,Michel Aebischer,Midfielder,Midfielder,6,0.6001,A,0.941,0.358,36.8,,,0.358,36.8,rotation,auto_role_rank_heuristic,0.859,,False
26,2026-06-18,Group Stage,B,Switzerland,Bosnia and Herzegovina,switzerland_remo_freuler,Remo Freuler,Midfielder,Midfielder,2,0.847,A,0.884,0.619,49.3,,,0.619,49.3,probable_starter,auto_role_rank_heuristic,0.88,,False
26,2026-06-18,Group Stage,B,Bosnia and Herzegovina,Switzerland,bosnia_and_herzegovina_amar_dedic,Amar Dedic,Defender,Defender,6,0.3634,B,0.708,0.385,34.4,,,0.385,34.4,rotation,auto_role_rank_heuristic,0.679,,False
26,2026-06-18,Group Stage,B,Bosnia and Herzegovina,Switzerland,bosnia_and_herzegovina_dennis_hadzikadunic,Dennis Hadzikadunic,Defender,Defender,3,0.4957,C,0.55,0.64,50.2,,,0.64,50.2,probable_starter,auto_role_rank_heuristic,0.616,,False
26,2026-06-18,Group Stage,B,Bosnia and Herzegovina,Switzerland,bosnia_and_herzegovina_nidal_celik,Nidal Celik,Defender,Defender,7,0.3067,C,0.441,0.306,29.5,,,0.306,29.5,rotation,auto_role_rank_heuristic,0.531,,False
26,2026-06-18,Group Stage,B,Bosnia and Herzegovina,Switzerland,bosnia_and_herzegovina_nihad_mujakic,Nihad Mujakic,Defender,Defender,4,0.4877,B,0.733,0.714,54.8,,,0.714,54.8,probable_starter,auto_role_rank_heuristic,0.718,,False
26,2026-06-18,Group Stage,B,Bosnia and Herzegovina,Switzerland,bosnia_and_herzegovina_nikola_katic,Nikola Katic,Defender,Defender,5,0.4257,C,0.55,0.314,30.0,,,0.314,30.0,rotation,auto_role_rank_heuristic,0.599,,False
26,2026-06-18,Group Stage,B,Bosnia and Herzegovina,Switzerland,bosnia_and_herzegovina_sead_kolasinac,Sead Kolasinac,Defender,Defender,2,0.6869,A,0.801,0.767,58.1,,,0.767,58.1,locked_starter,auto_role_rank_heuristic,0.832,,False
26,2026-06-18,Group Stage,B,Bosnia and Herzegovina,Switzerland,bosnia_and_herzegovina_stjepan_radeljic,Stjepan Radeljic,Defender,Defender,8,0.1455,D,0.35,0.03,12.5,,,0.03,12.5,bench_option,auto_role_rank_heuristic,0.379,,False
26,2026-06-18,Group Stage,B,Bosnia and Herzegovina,Switzerland,bosnia_and_herzegovina_tarik_muharemovic,Tarik Muharemovic,Defender,Defender,1,0.8272,A,0.936,0.777,58.7,,,0.777,58.7,locked_starter,auto_role_rank_heuristic,0.88,,False
26,2026-06-18,Group Stage,B,Bosnia and Herzegovina,Switzerland,bosnia_and_herzegovina_edin_dzeko,Edin Dzeko,Forward,Forward,4,0.379,D,0.216,0.254,32.6,,,0.254,32.6,rotation,auto_role_rank_heuristic,0.39,,False
26,2026-06-18,Group Stage,B,Bosnia and Herzegovina,Switzerland,bosnia_and_herzegovina_ermedin_demirovic,Ermedin Demirovic,Forward,Forward,2,0.605,A,0.825,0.722,52.1,,,0.722,52.1,probable_starter,auto_role_rank_heuristic,0.82,,False
26,2026-06-18,Group Stage,B,Bosnia and Herzegovina,Switzerland,bosnia_and_herzegovina_esmir_bajraktarevic,Esmir Bajraktarevic,Forward,Forward,3,0.4422,B,0.64,0.673,50.0,,,0.673,50.0,probable_starter,auto_role_rank_heuristic,0.675,,False
26,2026-06-18,Group Stage,B,Bosnia and Herzegovina,Switzerland,bosnia_and_herzegovina_haris_tabakovic,Haris Tabakovic,Forward,Forward,1,0.6173,A,0.898,0.723,52.1,,,0.723,52.1,probable_starter,auto_role_rank_heuristic,0.849,,False
26,2026-06-18,Group Stage,B,Bosnia and Herzegovina,Switzerland,bosnia_and_herzegovina_jovo_lukic,Jovo Lukic,Forward,Forward,7,0.0,D,0.2,0.151,28.4,,,0.151,28.4,bench_option,auto_role_rank_heuristic,0.29,,False
26,2026-06-18,Group Stage,B,Bosnia and Herzegovina,Switzerland,bosnia_and_herzegovina_kerim_alajbegovic,Kerim Alajbegovic,Forward,Forward,5,0.1726,D,0.2,0.164,28.9,,,0.164,28.9,bench_option,auto_role_rank_heuristic,0.333,,False
26,2026-06-18,Group Stage,B,Bosnia and Herzegovina,Switzerland,bosnia_and_herzegovina_samed_bazdar,Samed Bazdar,Forward,Forward,6,0.0832,D,0.35,0.232,31.7,,,0.232,31.7,rotation,auto_role_rank_heuristic,0.363,,False
26,2026-06-18,Group Stage,B,Bosnia and Herzegovina,Switzerland,bosnia_and_herzegovina_martin_zlomislic,Martin Zlomislic,Goalkeeper,Goalkeeper,2,0.25,C,0.55,0.132,10.5,,,0.132,10.5,bench_option,auto_role_rank_heuristic,0.555,,False
26,2026-06-18,Group Stage,B,Bosnia and Herzegovina,Switzerland,bosnia_and_herzegovina_mladen_jurkas,Mladen Jurkas,Goalkeeper,Goalkeeper,3,0.0,D,0.2,0.01,0.8,,,0.01,0.8,bench_option,auto_role_rank_heuristic,0.29,,False
26,2026-06-18,Group Stage,B,Bosnia and Herzegovina,Switzerland,bosnia_and_herzegovina_nikola_vasilj,Nikola Vasilj,Goalkeeper,Goalkeeper,1,0.8963,A,0.95,0.877,69.8,,,0.877,69.8,locked_starter,auto_role_rank_heuristic,0.88,,False
26,2026-06-18,Group Stage,B,Bosnia and Herzegovina,Switzerland,bosnia_and_herzegovina_amar_memic,Amar Memic,Midfielder,Midfielder,7,0.0175,D,0.2,0.151,26.6,,,0.151,26.6,bench_option,auto_role_rank_heuristic,0.294,,False
26,2026-06-18,Group Stage,B,Bosnia and Herzegovina,Switzerland,bosnia_and_herzegovina_amir_hadziahmetovic,Amir Hadziahmetovic,Midfielder,Midfielder,4,0.3372,D,0.35,0.552,45.8,,,0.552,45.8,probable_starter,auto_role_rank_heuristic,0.427,,False
26,2026-06-18,Group Stage,B,Bosnia and Herzegovina,Switzerland,bosnia_and_herzegovina_armin_gigovic,Armin Gigovic,Midfielder,Midfielder,5,0.3024,D,0.35,0.248,31.3,,,0.248,31.3,rotation,auto_role_rank_heuristic,0.418,,False
26,2026-06-18,Group Stage,B,Bosnia and Herzegovina,Switzerland,bosnia_and_herzegovina_benjamin_tahirovic,Benjamin Tahirovic,Midfielder,Midfielder,6,0.2359,D,0.35,0.244,31.1,,,0.244,31.1,rotation,auto_role_rank_heuristic,0.401,,False
26,2026-06-18,Group Stage,B,Bosnia and Herzegovina,Switzerland,bosnia_and_herzegovina_dzenis_burnic,Dzenis Burnic,Midfielder,Midfielder,3,0.3658,D,0.35,0.554,45.9,,,0.554,45.9,probable_starter,auto_role_rank_heuristic,0.434,,False
26,2026-06-18,Group Stage,B,Bosnia and Herzegovina,Switzerland,bosnia_and_herzegovina_ermin_mahmic,Ermin Mahmic,Midfielder,Midfielder,8,0.0,D,0.2,0.151,26.6,,,0.151,26.6,bench_option,auto_role_rank_heuristic,0.29,,False
26,2026-06-18,Group Stage,B,Bosnia and Herzegovina,Switzerland,bosnia_and_herzegovina_ivan_basic,Ivan Basic,Midfielder,Midfielder,1,0.4475,C,0.55,0.617,48.9,,,0.617,48.9,probable_starter,auto_role_rank_heuristic,0.604,,False
26,2026-06-18,Group Stage,B,Bosnia and Herzegovina,Switzerland,bosnia_and_herzegovina_ivan_sunjic,Ivan Sunjic,Midfielder,Midfielder,2,0.4044,C,0.55,0.613,48.7,,,0.613,48.7,probable_starter,auto_role_rank_heuristic,0.594,,False
27,2026-06-18,Group Stage,B,Canada,Qatar,canada_alfie_jones,Alfie Jones,Defender,Defender,3,0.4099,C,0.55,0.617,49.7,,,0.617,49.7,probable_starter,auto_role_rank_heuristic,0.595,,False
27,2026-06-18,Group Stage,B,Canada,Qatar,canada_alistair_johnston,Alistair Johnston,Defender,Defender,2,0.4201,C,0.55,0.618,49.7,,,0.618,49.7,probable_starter,auto_role_rank_heuristic,0.598,,False
27,2026-06-18,Group Stage,B,Canada,Qatar,canada_alphonso_davies,Alphonso Davies,Defender,Defender,1,0.595,C,0.435,0.631,50.6,,,0.631,50.6,probable_starter,auto_role_rank_heuristic,0.601,,False
27,2026-06-18,Group Stage,B,Canada,Qatar,canada_derek_cornelius,Derek Cornelius,Defender,Defender,6,0.2275,D,0.204,0.236,25.7,,,0.236,25.7,rotation,auto_role_rank_heuristic,0.348,,False
27,2026-06-18,Group Stage,B,Canada,Qatar,canada_joel_waterman,Joel Waterman,Defender,Defender,9,0.1108,C,0.443,0.082,16.0,,,0.082,16.0,bench_option,auto_role_rank_heuristic,0.483,,False
27,2026-06-18,Group Stage,B,Canada,Qatar,canada_luc_de_fougerolles,Luc de Fougerolles,Defender,Defender,4,0.3844,B,0.688,0.688,54.2,,,0.688,54.2,probable_starter,auto_role_rank_heuristic,0.677,,False
27,2026-06-18,Group Stage,B,Canada,Qatar,canada_moise_bombito,Moise Bombito,Defender,Defender,8,0.1943,D,0.21,0.033,12.9,,,0.033,12.9,bench_option,auto_role_rank_heuristic,0.342,,False
27,2026-06-18,Group Stage,B,Canada,Qatar,canada_niko_sigur,Niko Sigur,Defender,Defender,5,0.25,C,0.55,0.293,29.3,,,0.293,29.3,rotation,auto_role_rank_heuristic,0.555,,False
27,2026-06-18,Group Stage,B,Canada,Qatar,canada_richie_laryea,Richie Laryea,Defender,Defender,7,0.2065,C,0.454,0.291,29.1,,,0.291,29.1,rotation,auto_role_rank_heuristic,0.511,,False
27,2026-06-18,Group Stage,B,Canada,Qatar,canada_ali_ahmed,Ali Ahmed,Forward,Forward,6,0.0,D,0.2,0.147,28.7,,,0.147,28.7,bench_option,auto_role_rank_heuristic,0.29,,False
27,2026-06-18,Group Stage,B,Canada,Qatar,canada_cyle_larin,Cyle Larin,Forward,Forward,4,0.3681,D,0.211,0.247,33.0,,,0.247,33.0,rotation,auto_role_rank_heuristic,0.386,,False
27,2026-06-18,Group Stage,B,Canada,Qatar,canada_jonathan_david,Jonathan David,Forward,Forward,1,0.6466,A,0.848,0.708,52.5,,,0.708,52.5,probable_starter,auto_role_rank_heuristic,0.838,,False
27,2026-06-18,Group Stage,B,Canada,Qatar,canada_promise_david,Promise David,Forward,Forward,3,0.4074,B,0.674,0.654,50.2,,,0.654,50.2,probable_starter,auto_role_rank_heuristic,0.678,,False
27,2026-06-18,Group Stage,B,Canada,Qatar,canada_tajon_buchanan,Tajon Buchanan,Forward,Forward,2,0.6355,A,0.852,0.707,52.4,,,0.707,52.4,probable_starter,auto_role_rank_heuristic,0.837,,False
27,2026-06-18,Group Stage,B,Canada,Qatar,canada_tani_oluwaseyi,Tani Oluwaseyi,Forward,Forward,5,0.1539,A,0.775,0.396,39.3,,,0.396,39.3,rotation,auto_role_rank_heuristic,0.69,,False
27,2026-06-18,Group Stage,B,Canada,Qatar,canada_dayne_st_clair,Dayne St. Clair,Goalkeeper,Goalkeeper,3,0.189,B,0.655,0.087,7.0,,,0.087,7.0,bench_option,auto_role_rank_heuristic,0.617,,False
27,2026-06-18,Group Stage,B,Canada,Qatar,canada_maxime_crepeau,Maxime Crepeau,Goalkeeper,Goalkeeper,2,0.219,B,0.649,0.2,16.2,,,0.2,16.2,bench_option,auto_role_rank_heuristic,0.622,,False
27,2026-06-18,Group Stage,B,Canada,Qatar,canada_owen_goodman,Owen Goodman,Goalkeeper,Goalkeeper,1,0.3832,C,0.55,0.707,57.3,,,0.707,57.3,probable_starter,auto_role_rank_heuristic,0.588,,False
27,2026-06-18,Group Stage,B,Canada,Qatar,canada_ismael_kone,Ismael Kone,Midfielder,Midfielder,1,0.7019,A,0.928,0.73,55.3,,,0.73,55.3,probable_starter,auto_role_rank_heuristic,0.88,,False
27,2026-06-18,Group Stage,B,Canada,Qatar,canada_jacob_shaffelburg,Jacob Shaffelburg,Midfielder,Midfielder,8,0.0789,D,0.215,0.225,30.7,,,0.225,30.7,rotation,auto_role_rank_heuristic,0.315,,False
27,2026-06-18,Group Stage,B,Canada,Qatar,canada_jonathan_osorio,Jonathan Osorio,Midfielder,Midfielder,5,0.289,B,0.655,0.369,37.7,,,0.369,37.7,rotation,auto_role_rank_heuristic,0.641,,False
27,2026-06-18,Group Stage,B,Canada,Qatar,canada_liam_millar,Liam Millar,Midfielder,Midfielder,4,0.3038,D,0.35,0.535,45.8,,,0.535,45.8,probable_starter,auto_role_rank_heuristic,0.418,,False
27,2026-06-18,Group Stage,B,Canada,Qatar,canada_marcelo_flores,Marcelo Flores,Midfielder,Midfielder,6,0.2424,D,0.35,0.237,31.3,,,0.237,31.3,rotation,auto_role_rank_heuristic,0.403,,False
27,2026-06-18,Group Stage,B,Canada,Qatar,canada_mathieu_choiniere,Mathieu Choiniere,Midfielder,Midfielder,7,0.1816,C,0.45,0.289,33.9,,,0.289,33.9,rotation,auto_role_rank_heuristic,0.503,,False
27,2026-06-18,Group Stage,B,Canada,Qatar,canada_nathan_saliba,Nathan Saliba,Midfielder,Midfielder,3,0.3468,B,0.743,0.667,52.2,,,0.667,52.2,probable_starter,auto_role_rank_heuristic,0.687,,False
27,2026-06-18,Group Stage,B,Canada,Qatar,canada_stephen_eustaquio,Stephen Eustaquio,Midfielder,Midfielder,2,0.542,C,0.453,0.608,49.4,,,0.608,49.4,probable_starter,auto_role_rank_heuristic,0.594,,False
27,2026-06-18,Group Stage,B,Qatar,Canada,qatar_alhashmi_alhussein,Alhashmi Alhussein,Defender,Defender,6,0.0,D,0.2,0.211,23.7,,,0.211,23.7,rotation,auto_role_rank_heuristic,0.29,,False
27,2026-06-18,Group Stage,B,Qatar,Canada,qatar_ayoub_aloui,Ayoub Aloui,Defender,Defender,7,0.0,D,0.2,0.211,23.7,,,0.211,23.7,rotation,auto_role_rank_heuristic,0.29,,False
27,2026-06-18,Group Stage,B,Qatar,Canada,qatar_boualem_khoukhi,Boualem Khoukhi,Defender,Defender,2,0.243,D,0.35,0.791,59.7,,,0.791,59.7,locked_starter,auto_role_rank_heuristic,0.403,,False
27,2026-06-18,Group Stage,B,Qatar,Canada,qatar_homam_ahmed,Homam Ahmed,Defender,Defender,8,0.0,D,0.2,0.013,11.4,,,0.013,11.4,bench_option,auto_role_rank_heuristic,0.29,,False
27,2026-06-18,Group Stage,B,Qatar,Canada,qatar_issa_laye,Issa Laye,Defender,Defender,9,0.0,D,0.2,0.013,11.4,,,0.013,11.4,bench_option,auto_role_rank_heuristic,0.29,,False
27,2026-06-18,Group Stage,B,Qatar,Canada,qatar_jassem_gaber,Jassem Gaber,Defender,Defender,4,0.0612,D,0.35,0.773,58.6,,,0.773,58.6,locked_starter,auto_role_rank_heuristic,0.358,,False
27,2026-06-18,Group Stage,B,Qatar,Canada,qatar_lucas_mendes,Lucas Mendes,Defender,Defender,1,0.26,D,0.35,0.794,59.9,,,0.794,59.9,locked_starter,auto_role_rank_heuristic,0.407,,False
27,2026-06-18,Group Stage,B,Qatar,Canada,qatar_pedro_miguel,Pedro Miguel,Defender,Defender,3,0.2364,D,0.35,0.791,59.7,,,0.791,59.7,locked_starter,auto_role_rank_heuristic,0.402,,False
27,2026-06-18,Group Stage,B,Qatar,Canada,qatar_sultan_albrake,Sultan Albrake,Defender,Defender,5,0.0338,D,0.2,0.215,24.0,,,0.215,24.0,rotation,auto_role_rank_heuristic,0.298,,False
27,2026-06-18,Group Stage,B,Qatar,Canada,qatar_ahmed_alaaeldin,Ahmed Alaaeldin,Forward,Forward,6,0.07,D,0.35,0.325,35.7,,,0.325,35.7,rotation,auto_role_rank_heuristic,0.36,,False
27,2026-06-18,Group Stage,B,Qatar,Canada,qatar_akram_afif,Akram Afif,Forward,Forward,1,0.3577,D,0.35,0.751,53.4,,,0.751,53.4,locked_starter,auto_role_rank_heuristic,0.432,,False
27,2026-06-18,Group Stage,B,Qatar,Canada,qatar_almoez_ali,Almoez Ali,Forward,Forward,4,0.1,D,0.2,0.222,31.4,,,0.222,31.4,rotation,auto_role_rank_heuristic,0.315,,False
27,2026-06-18,Group Stage,B,Qatar,Canada,qatar_edmilson_junior,Edmilson Junior,Forward,Forward,2,0.1978,D,0.2,0.734,52.7,,,0.734,52.7,probable_starter,auto_role_rank_heuristic,0.339,,False
27,2026-06-18,Group Stage,B,Qatar,Canada,qatar_hassan_alhaydos,Hassan Alhaydos,Forward,Forward,7,0.0,D,0.2,0.211,30.9,,,0.211,30.9,rotation,auto_role_rank_heuristic,0.29,,False
27,2026-06-18,Group Stage,B,Qatar,Canada,qatar_mohamed_manai,Mohamed Manai,Forward,Forward,8,0.0,D,0.2,0.013,22.7,,,0.013,22.7,bench_option,auto_role_rank_heuristic,0.29,,False
27,2026-06-18,Group Stage,B,Qatar,Canada,qatar_mohammed_muntari,Mohammed Muntari,Forward,Forward,5,0.0788,D,0.2,0.219,31.3,,,0.219,31.3,rotation,auto_role_rank_heuristic,0.31,,False
27,2026-06-18,Group Stage,B,Qatar,Canada,qatar_tahsin_jamshid,Tahsin Jamshid,Forward,Forward,9,0.0,D,0.2,0.013,22.7,,,0.013,22.7,bench_option,auto_role_rank_heuristic,0.29,,False
27,2026-06-18,Group Stage,B,Qatar,Canada,qatar_yusuf_abdurisag,Yusuf Abdurisag,Forward,Forward,3,0.1269,D,0.35,0.726,52.4,,,0.726,52.4,probable_starter,auto_role_rank_heuristic,0.374,,False
27,2026-06-18,Group Stage,B,Qatar,Canada,qatar_mahmoud_abunada,Mahmoud Abunada,Goalkeeper,Goalkeeper,3,0.0975,D,0.35,0.013,1.0,,,0.013,1.0,bench_option,auto_role_rank_heuristic,0.367,,False
27,2026-06-18,Group Stage,B,Qatar,Canada,qatar_meshaal_barsham,Meshaal Barsham,Goalkeeper,Goalkeeper,1,0.315,C,0.55,0.98,78.1,,,0.98,78.1,locked_starter,auto_role_rank_heuristic,0.571,,False
27,2026-06-18,Group Stage,B,Qatar,Canada,qatar_salah_zakaria,Salah Zakaria,Goalkeeper,Goalkeeper,2,0.25,C,0.55,0.185,14.7,,,0.185,14.7,bench_option,auto_role_rank_heuristic,0.555,,False
27,2026-06-18,Group Stage,B,Qatar,Canada,qatar_abdulaziz_hatem,Abdulaziz Hatem,Midfielder,Midfielder,2,0.1,D,0.2,0.645,50.3,,,0.645,50.3,probable_starter,auto_role_rank_heuristic,0.315,,False
27,2026-06-18,Group Stage,B,Qatar,Canada,qatar_ahmed_alganehi,Ahmed Alganehi,Midfielder,Midfielder,4,0.0,D,0.2,0.634,49.8,,,0.634,49.8,probable_starter,auto_role_rank_heuristic,0.29,,False
27,2026-06-18,Group Stage,B,Qatar,Canada,qatar_ahmed_fathy,Ahmed Fathy,Midfielder,Midfielder,5,0.0,D,0.2,0.211,29.6,,,0.211,29.6,rotation,auto_role_rank_heuristic,0.29,,False
27,2026-06-18,Group Stage,B,Qatar,Canada,qatar_assim_madibo,Assim Madibo,Midfielder,Midfielder,1,0.2107,D,0.2,0.656,50.9,,,0.656,50.9,probable_starter,auto_role_rank_heuristic,0.343,,False
27,2026-06-18,Group Stage,B,Qatar,Canada,qatar_karim_boudiaf,Karim Boudiaf,Midfielder,Midfielder,3,0.1,D,0.2,0.645,50.3,,,0.645,50.3,probable_starter,auto_role_rank_heuristic,0.315,,False
51,2026-06-24,Group Stage,B,Switzerland,Canada,switzerland_aurele_amenda,Aurele Amenda,Defender,Defender,5,0.4212,A,0.84,0.348,32.3,,,0.348,32.3,rotation,auto_role_rank_heuristic,0.779,,False
51,2026-06-24,Group Stage,B,Switzerland,Canada,switzerland_eray_coemert,Eray Coemert,Defender,Defender,8,0.3145,D,0.35,0.034,12.8,,,0.034,12.8,bench_option,auto_role_rank_heuristic,0.421,,False
51,2026-06-24,Group Stage,B,Switzerland,Canada,switzerland_luca_jaquez,Luca Jaquez,Defender,Defender,7,0.3692,C,0.46,0.253,26.4,,,0.253,26.4,rotation,auto_role_rank_heuristic,0.553,,False
51,2026-06-24,Group Stage,B,Switzerland,Canada,switzerland_manuel_akanji,Manuel Akanji,Defender,Defender,2,0.8392,A,0.935,0.633,50.1,,,0.633,50.1,probable_starter,auto_role_rank_heuristic,0.88,,False
51,2026-06-24,Group Stage,B,Switzerland,Canada,switzerland_miro_muheim,Miro Muheim,Defender,Defender,4,0.6428,A,0.903,0.621,49.3,,,0.621,49.3,probable_starter,auto_role_rank_heuristic,0.857,,False
51,2026-06-24,Group Stage,B,Switzerland,Canada,switzerland_nico_elvedi,Nico Elvedi,Defender,Defender,1,0.8675,A,0.947,0.635,50.2,,,0.635,50.2,probable_starter,auto_role_rank_heuristic,0.88,,False
51,2026-06-24,Group Stage,B,Switzerland,Canada,switzerland_ricardo_rodriguez,Ricardo Rodriguez,Defender,Defender,3,0.7277,A,0.829,0.627,49.7,,,0.627,49.7,probable_starter,auto_role_rank_heuristic,0.852,,False
51,2026-06-24,Group Stage,B,Switzerland,Canada,switzerland_silvan_widmer,Silvan Widmer,Defender,Defender,6,0.4191,A,0.851,0.348,32.3,,,0.348,32.3,rotation,auto_role_rank_heuristic,0.783,,False
51,2026-06-24,Group Stage,B,Switzerland,Canada,switzerland_breel_embolo,Breel Embolo,Forward,Forward,2,0.661,A,0.856,0.592,47.0,,,0.592,47.0,probable_starter,auto_role_rank_heuristic,0.845,,False
51,2026-06-24,Group Stage,B,Switzerland,Canada,switzerland_cedric_itten,Cedric Itten,Forward,Forward,5,0.327,D,0.35,0.204,30.8,,,0.204,30.8,rotation,auto_role_rank_heuristic,0.424,,False
51,2026-06-24,Group Stage,B,Switzerland,Canada,switzerland_christian_fassnacht,Christian Fassnacht,Forward,Forward,7,0.0723,D,0.35,0.188,30.1,,,0.188,30.1,bench_option,auto_role_rank_heuristic,0.361,,False
51,2026-06-24,Group Stage,B,Switzerland,Canada,switzerland_dan_ndoye,Dan Ndoye,Forward,Forward,1,0.6777,A,0.798,0.593,47.0,,,0.593,47.0,probable_starter,auto_role_rank_heuristic,0.829,,False
51,2026-06-24,Group Stage,B,Switzerland,Canada,switzerland_noah_okafor,Noah Okafor,Forward,Forward,4,0.4619,A,0.83,0.35,36.9,,,0.35,36.9,rotation,auto_role_rank_heuristic,0.786,,False
51,2026-06-24,Group Stage,B,Switzerland,Canada,switzerland_ruben_vargas,Ruben Vargas,Forward,Forward,3,0.5665,A,0.833,0.586,46.7,,,0.586,46.7,probable_starter,auto_role_rank_heuristic,0.813,,False
51,2026-06-24,Group Stage,B,Switzerland,Canada,switzerland_zeki_amdouni,Zeki Amdouni,Forward,Forward,6,0.2721,D,0.205,0.201,30.6,,,0.201,30.6,rotation,auto_role_rank_heuristic,0.36,,False
51,2026-06-24,Group Stage,B,Switzerland,Canada,switzerland_gregor_kobel,Gregor Kobel,Goalkeeper,Goalkeeper,1,0.9426,A,0.95,0.716,57.3,,,0.716,57.3,probable_starter,auto_role_rank_heuristic,0.88,,False
51,2026-06-24,Group Stage,B,Switzerland,Canada,switzerland_marvin_keller,Marvin Keller,Goalkeeper,Goalkeeper,3,0.25,C,0.55,0.015,1.2,,,0.015,1.2,bench_option,auto_role_rank_heuristic,0.555,,False
51,2026-06-24,Group Stage,B,Switzerland,Canada,switzerland_yvon_mvogo,Yvon Mvogo,Goalkeeper,Goalkeeper,2,0.8929,A,0.932,0.238,19.1,,,0.238,19.1,rotation,auto_role_rank_heuristic,0.88,,False
51,2026-06-24,Group Stage,B,Switzerland,Canada,switzerland_ardon_jashari,Ardon Jashari,Midfielder,Midfielder,8,0.5615,C,0.447,0.264,32.3,,,0.264,32.3,rotation,auto_role_rank_heuristic,0.597,,False
51,2026-06-24,Group Stage,B,Switzerland,Canada,switzerland_denis_zakaria,Denis Zakaria,Midfielder,Midfielder,4,0.7115,A,0.869,0.611,48.9,,,0.611,48.9,probable_starter,auto_role_rank_heuristic,0.862,,False
51,2026-06-24,Group Stage,B,Switzerland,Canada,switzerland_djibril_sow,Djibril Sow,Midfielder,Midfielder,3,0.8105,A,0.882,0.617,49.2,,,0.617,49.2,probable_starter,auto_role_rank_heuristic,0.88,,False
51,2026-06-24,Group Stage,B,Switzerland,Canada,switzerland_fabian_rieder,Fabian Rieder,Midfielder,Midfielder,5,0.6946,A,0.906,0.365,37.1,,,0.365,37.1,rotation,auto_role_rank_heuristic,0.871,,False
51,2026-06-24,Group Stage,B,Switzerland,Canada,switzerland_granit_xhaka,Granit Xhaka,Midfielder,Midfielder,1,0.946,A,0.942,0.625,49.6,,,0.625,49.6,probable_starter,auto_role_rank_heuristic,0.88,,False
51,2026-06-24,Group Stage,B,Switzerland,Canada,switzerland_johan_manzambi,Johan Manzambi,Midfielder,Midfielder,7,0.5942,A,0.873,0.358,36.8,,,0.358,36.8,rotation,auto_role_rank_heuristic,0.834,,False
51,2026-06-24,Group Stage,B,Switzerland,Canada,switzerland_michel_aebischer,Michel Aebischer,Midfielder,Midfielder,6,0.6001,A,0.941,0.358,36.8,,,0.358,36.8,rotation,auto_role_rank_heuristic,0.859,,False
51,2026-06-24,Group Stage,B,Switzerland,Canada,switzerland_remo_freuler,Remo Freuler,Midfielder,Midfielder,2,0.847,A,0.884,0.619,49.3,,,0.619,49.3,probable_starter,auto_role_rank_heuristic,0.88,,False
51,2026-06-24,Group Stage,B,Canada,Switzerland,canada_alfie_jones,Alfie Jones,Defender,Defender,3,0.4099,C,0.55,0.617,49.7,,,0.617,49.7,probable_starter,auto_role_rank_heuristic,0.595,,False
51,2026-06-24,Group Stage,B,Canada,Switzerland,canada_alistair_johnston,Alistair Johnston,Defender,Defender,2,0.4201,C,0.55,0.618,49.7,,,0.618,49.7,probable_starter,auto_role_rank_heuristic,0.598,,False
51,2026-06-24,Group Stage,B,Canada,Switzerland,canada_alphonso_davies,Alphonso Davies,Defender,Defender,1,0.595,C,0.435,0.631,50.6,,,0.631,50.6,probable_starter,auto_role_rank_heuristic,0.601,,False
51,2026-06-24,Group Stage,B,Canada,Switzerland,canada_derek_cornelius,Derek Cornelius,Defender,Defender,6,0.2275,D,0.204,0.236,25.7,,,0.236,25.7,rotation,auto_role_rank_heuristic,0.348,,False
51,2026-06-24,Group Stage,B,Canada,Switzerland,canada_joel_waterman,Joel Waterman,Defender,Defender,9,0.1108,C,0.443,0.082,16.0,,,0.082,16.0,bench_option,auto_role_rank_heuristic,0.483,,False
51,2026-06-24,Group Stage,B,Canada,Switzerland,canada_luc_de_fougerolles,Luc de Fougerolles,Defender,Defender,4,0.3844,B,0.688,0.688,54.2,,,0.688,54.2,probable_starter,auto_role_rank_heuristic,0.677,,False
51,2026-06-24,Group Stage,B,Canada,Switzerland,canada_moise_bombito,Moise Bombito,Defender,Defender,8,0.1943,D,0.21,0.033,12.9,,,0.033,12.9,bench_option,auto_role_rank_heuristic,0.342,,False
51,2026-06-24,Group Stage,B,Canada,Switzerland,canada_niko_sigur,Niko Sigur,Defender,Defender,5,0.25,C,0.55,0.293,29.3,,,0.293,29.3,rotation,auto_role_rank_heuristic,0.555,,False
51,2026-06-24,Group Stage,B,Canada,Switzerland,canada_richie_laryea,Richie Laryea,Defender,Defender,7,0.2065,C,0.454,0.291,29.1,,,0.291,29.1,rotation,auto_role_rank_heuristic,0.511,,False
51,2026-06-24,Group Stage,B,Canada,Switzerland,canada_ali_ahmed,Ali Ahmed,Forward,Forward,6,0.0,D,0.2,0.147,28.7,,,0.147,28.7,bench_option,auto_role_rank_heuristic,0.29,,False
51,2026-06-24,Group Stage,B,Canada,Switzerland,canada_cyle_larin,Cyle Larin,Forward,Forward,4,0.3681,D,0.211,0.247,33.0,,,0.247,33.0,rotation,auto_role_rank_heuristic,0.386,,False
51,2026-06-24,Group Stage,B,Canada,Switzerland,canada_jonathan_david,Jonathan David,Forward,Forward,1,0.6466,A,0.848,0.708,52.5,,,0.708,52.5,probable_starter,auto_role_rank_heuristic,0.838,,False
51,2026-06-24,Group Stage,B,Canada,Switzerland,canada_promise_david,Promise David,Forward,Forward,3,0.4074,B,0.674,0.654,50.2,,,0.654,50.2,probable_starter,auto_role_rank_heuristic,0.678,,False
51,2026-06-24,Group Stage,B,Canada,Switzerland,canada_tajon_buchanan,Tajon Buchanan,Forward,Forward,2,0.6355,A,0.852,0.707,52.4,,,0.707,52.4,probable_starter,auto_role_rank_heuristic,0.837,,False
51,2026-06-24,Group Stage,B,Canada,Switzerland,canada_tani_oluwaseyi,Tani Oluwaseyi,Forward,Forward,5,0.1539,A,0.775,0.396,39.3,,,0.396,39.3,rotation,auto_role_rank_heuristic,0.69,,False
51,2026-06-24,Group Stage,B,Canada,Switzerland,canada_dayne_st_clair,Dayne St. Clair,Goalkeeper,Goalkeeper,3,0.189,B,0.655,0.087,7.0,,,0.087,7.0,bench_option,auto_role_rank_heuristic,0.617,,False
51,2026-06-24,Group Stage,B,Canada,Switzerland,canada_maxime_crepeau,Maxime Crepeau,Goalkeeper,Goalkeeper,2,0.219,B,0.649,0.2,16.2,,,0.2,16.2,bench_option,auto_role_rank_heuristic,0.622,,False
51,2026-06-24,Group Stage,B,Canada,Switzerland,canada_owen_goodman,Owen Goodman,Goalkeeper,Goalkeeper,1,0.3832,C,0.55,0.707,57.3,,,0.707,57.3,probable_starter,auto_role_rank_heuristic,0.588,,False
51,2026-06-24,Group Stage,B,Canada,Switzerland,canada_ismael_kone,Ismael Kone,Midfielder,Midfielder,1,0.7019,A,0.928,0.73,55.3,,,0.73,55.3,probable_starter,auto_role_rank_heuristic,0.88,,False
51,2026-06-24,Group Stage,B,Canada,Switzerland,canada_jacob_shaffelburg,Jacob Shaffelburg,Midfielder,Midfielder,8,0.0789,D,0.215,0.225,30.7,,,0.225,30.7,rotation,auto_role_rank_heuristic,0.315,,False
51,2026-06-24,Group Stage,B,Canada,Switzerland,canada_jonathan_osorio,Jonathan Osorio,Midfielder,Midfielder,5,0.289,B,0.655,0.369,37.7,,,0.369,37.7,rotation,auto_role_rank_heuristic,0.641,,False
51,2026-06-24,Group Stage,B,Canada,Switzerland,canada_liam_millar,Liam Millar,Midfielder,Midfielder,4,0.3038,D,0.35,0.535,45.8,,,0.535,45.8,probable_starter,auto_role_rank_heuristic,0.418,,False
51,2026-06-24,Group Stage,B,Canada,Switzerland,canada_marcelo_flores,Marcelo Flores,Midfielder,Midfielder,6,0.2424,D,0.35,0.237,31.3,,,0.237,31.3,rotation,auto_role_rank_heuristic,0.403,,False
51,2026-06-24,Group Stage,B,Canada,Switzerland,canada_mathieu_choiniere,Mathieu Choiniere,Midfielder,Midfielder,7,0.1816,C,0.45,0.289,33.9,,,0.289,33.9,rotation,auto_role_rank_heuristic,0.503,,False
51,2026-06-24,Group Stage,B,Canada,Switzerland,canada_nathan_saliba,Nathan Saliba,Midfielder,Midfielder,3,0.3468,B,0.743,0.667,52.2,,,0.667,52.2,probable_starter,auto_role_rank_heuristic,0.687,,False
51,2026-06-24,Group Stage,B,Canada,Switzerland,canada_stephen_eustaquio,Stephen Eustaquio,Midfielder,Midfielder,2,0.542,C,0.453,0.608,49.4,,,0.608,49.4,probable_starter,auto_role_rank_heuristic,0.594,,False
52,2026-06-24,Group Stage,B,Bosnia and Herzegovina,Qatar,bosnia_and_herzegovina_amar_dedic,Amar Dedic,Defender,Defender,6,0.3634,B,0.708,0.385,34.4,,,0.385,34.4,rotation,auto_role_rank_heuristic,0.679,,False
52,2026-06-24,Group Stage,B,Bosnia and Herzegovina,Qatar,bosnia_and_herzegovina_dennis_hadzikadunic,Dennis Hadzikadunic,Defender,Defender,3,0.4957,C,0.55,0.64,50.2,,,0.64,50.2,probable_starter,auto_role_rank_heuristic,0.616,,False
52,2026-06-24,Group Stage,B,Bosnia and Herzegovina,Qatar,bosnia_and_herzegovina_nidal_celik,Nidal Celik,Defender,Defender,7,0.3067,C,0.441,0.306,29.5,,,0.306,29.5,rotation,auto_role_rank_heuristic,0.531,,False
52,2026-06-24,Group Stage,B,Bosnia and Herzegovina,Qatar,bosnia_and_herzegovina_nihad_mujakic,Nihad Mujakic,Defender,Defender,4,0.4877,B,0.733,0.714,54.8,,,0.714,54.8,probable_starter,auto_role_rank_heuristic,0.718,,False
52,2026-06-24,Group Stage,B,Bosnia and Herzegovina,Qatar,bosnia_and_herzegovina_nikola_katic,Nikola Katic,Defender,Defender,5,0.4257,C,0.55,0.314,30.0,,,0.314,30.0,rotation,auto_role_rank_heuristic,0.599,,False
52,2026-06-24,Group Stage,B,Bosnia and Herzegovina,Qatar,bosnia_and_herzegovina_sead_kolasinac,Sead Kolasinac,Defender,Defender,2,0.6869,A,0.801,0.767,58.1,,,0.767,58.1,locked_starter,auto_role_rank_heuristic,0.832,,False
52,2026-06-24,Group Stage,B,Bosnia and Herzegovina,Qatar,bosnia_and_herzegovina_stjepan_radeljic,Stjepan Radeljic,Defender,Defender,8,0.1455,D,0.35,0.03,12.5,,,0.03,12.5,bench_option,auto_role_rank_heuristic,0.379,,False
52,2026-06-24,Group Stage,B,Bosnia and Herzegovina,Qatar,bosnia_and_herzegovina_tarik_muharemovic,Tarik Muharemovic,Defender,Defender,1,0.8272,A,0.936,0.777,58.7,,,0.777,58.7,locked_starter,auto_role_rank_heuristic,0.88,,False
52,2026-06-24,Group Stage,B,Bosnia and Herzegovina,Qatar,bosnia_and_herzegovina_edin_dzeko,Edin Dzeko,Forward,Forward,4,0.379,D,0.216,0.254,32.6,,,0.254,32.6,rotation,auto_role_rank_heuristic,0.39,,False
52,2026-06-24,Group Stage,B,Bosnia and Herzegovina,Qatar,bosnia_and_herzegovina_ermedin_demirovic,Ermedin Demirovic,Forward,Forward,2,0.605,A,0.825,0.722,52.1,,,0.722,52.1,probable_starter,auto_role_rank_heuristic,0.82,,False
52,2026-06-24,Group Stage,B,Bosnia and Herzegovina,Qatar,bosnia_and_herzegovina_esmir_bajraktarevic,Esmir Bajraktarevic,Forward,Forward,3,0.4422,B,0.64,0.673,50.0,,,0.673,50.0,probable_starter,auto_role_rank_heuristic,0.675,,False
52,2026-06-24,Group Stage,B,Bosnia and Herzegovina,Qatar,bosnia_and_herzegovina_haris_tabakovic,Haris Tabakovic,Forward,Forward,1,0.6173,A,0.898,0.723,52.1,,,0.723,52.1,probable_starter,auto_role_rank_heuristic,0.849,,False
52,2026-06-24,Group Stage,B,Bosnia and Herzegovina,Qatar,bosnia_and_herzegovina_jovo_lukic,Jovo Lukic,Forward,Forward,7,0.0,D,0.2,0.151,28.4,,,0.151,28.4,bench_option,auto_role_rank_heuristic,0.29,,False
52,2026-06-24,Group Stage,B,Bosnia and Herzegovina,Qatar,bosnia_and_herzegovina_kerim_alajbegovic,Kerim Alajbegovic,Forward,Forward,5,0.1726,D,0.2,0.164,28.9,,,0.164,28.9,bench_option,auto_role_rank_heuristic,0.333,,False
52,2026-06-24,Group Stage,B,Bosnia and Herzegovina,Qatar,bosnia_and_herzegovina_samed_bazdar,Samed Bazdar,Forward,Forward,6,0.0832,D,0.35,0.232,31.7,,,0.232,31.7,rotation,auto_role_rank_heuristic,0.363,,False
52,2026-06-24,Group Stage,B,Bosnia and Herzegovina,Qatar,bosnia_and_herzegovina_martin_zlomislic,Martin Zlomislic,Goalkeeper,Goalkeeper,2,0.25,C,0.55,0.132,10.5,,,0.132,10.5,bench_option,auto_role_rank_heuristic,0.555,,False
52,2026-06-24,Group Stage,B,Bosnia and Herzegovina,Qatar,bosnia_and_herzegovina_mladen_jurkas,Mladen Jurkas,Goalkeeper,Goalkeeper,3,0.0,D,0.2,0.01,0.8,,,0.01,0.8,bench_option,auto_role_rank_heuristic,0.29,,False
52,2026-06-24,Group Stage,B,Bosnia and Herzegovina,Qatar,bosnia_and_herzegovina_nikola_vasilj,Nikola Vasilj,Goalkeeper,Goalkeeper,1,0.8963,A,0.95,0.877,69.8,,,0.877,69.8,locked_starter,auto_role_rank_heuristic,0.88,,False
52,2026-06-24,Group Stage,B,Bosnia and Herzegovina,Qatar,bosnia_and_herzegovina_amar_memic,Amar Memic,Midfielder,Midfielder,7,0.0175,D,0.2,0.151,26.6,,,0.151,26.6,bench_option,auto_role_rank_heuristic,0.294,,False
52,2026-06-24,Group Stage,B,Bosnia and Herzegovina,Qatar,bosnia_and_herzegovina_amir_hadziahmetovic,Amir Hadziahmetovic,Midfielder,Midfielder,4,0.3372,D,0.35,0.552,45.8,,,0.552,45.8,probable_starter,auto_role_rank_heuristic,0.427,,False
52,2026-06-24,Group Stage,B,Bosnia and Herzegovina,Qatar,bosnia_and_herzegovina_armin_gigovic,Armin Gigovic,Midfielder,Midfielder,5,0.3024,D,0.35,0.248,31.3,,,0.248,31.3,rotation,auto_role_rank_heuristic,0.418,,False
52,2026-06-24,Group Stage,B,Bosnia and Herzegovina,Qatar,bosnia_and_herzegovina_benjamin_tahirovic,Benjamin Tahirovic,Midfielder,Midfielder,6,0.2359,D,0.35,0.244,31.1,,,0.244,31.1,rotation,auto_role_rank_heuristic,0.401,,False
52,2026-06-24,Group Stage,B,Bosnia and Herzegovina,Qatar,bosnia_and_herzegovina_dzenis_burnic,Dzenis Burnic,Midfielder,Midfielder,3,0.3658,D,0.35,0.554,45.9,,,0.554,45.9,probable_starter,auto_role_rank_heuristic,0.434,,False
52,2026-06-24,Group Stage,B,Bosnia and Herzegovina,Qatar,bosnia_and_herzegovina_ermin_mahmic,Ermin Mahmic,Midfielder,Midfielder,8,0.0,D,0.2,0.151,26.6,,,0.151,26.6,bench_option,auto_role_rank_heuristic,0.29,,False
52,2026-06-24,Group Stage,B,Bosnia and Herzegovina,Qatar,bosnia_and_herzegovina_ivan_basic,Ivan Basic,Midfielder,Midfielder,1,0.4475,C,0.55,0.617,48.9,,,0.617,48.9,probable_starter,auto_role_rank_heuristic,0.604,,False
52,2026-06-24,Group Stage,B,Bosnia and Herzegovina,Qatar,bosnia_and_herzegovina_ivan_sunjic,Ivan Sunjic,Midfielder,Midfielder,2,0.4044,C,0.55,0.613,48.7,,,0.613,48.7,probable_starter,auto_role_rank_heuristic,0.594,,False
52,2026-06-24,Group Stage,B,Qatar,Bosnia and Herzegovina,qatar_alhashmi_alhussein,Alhashmi Alhussein,Defender,Defender,6,0.0,D,0.2,0.211,23.7,,,0.211,23.7,rotation,auto_role_rank_heuristic,0.29,,False
52,2026-06-24,Group Stage,B,Qatar,Bosnia and Herzegovina,qatar_ayoub_aloui,Ayoub Aloui,Defender,Defender,7,0.0,D,0.2,0.211,23.7,,,0.211,23.7,rotation,auto_role_rank_heuristic,0.29,,False
52,2026-06-24,Group Stage,B,Qatar,Bosnia and Herzegovina,qatar_boualem_khoukhi,Boualem Khoukhi,Defender,Defender,2,0.243,D,0.35,0.791,59.7,,,0.791,59.7,locked_starter,auto_role_rank_heuristic,0.403,,False
52,2026-06-24,Group Stage,B,Qatar,Bosnia and Herzegovina,qatar_homam_ahmed,Homam Ahmed,Defender,Defender,8,0.0,D,0.2,0.013,11.4,,,0.013,11.4,bench_option,auto_role_rank_heuristic,0.29,,False
52,2026-06-24,Group Stage,B,Qatar,Bosnia and Herzegovina,qatar_issa_laye,Issa Laye,Defender,Defender,9,0.0,D,0.2,0.013,11.4,,,0.013,11.4,bench_option,auto_role_rank_heuristic,0.29,,False
52,2026-06-24,Group Stage,B,Qatar,Bosnia and Herzegovina,qatar_jassem_gaber,Jassem Gaber,Defender,Defender,4,0.0612,D,0.35,0.773,58.6,,,0.773,58.6,locked_starter,auto_role_rank_heuristic,0.358,,False
52,2026-06-24,Group Stage,B,Qatar,Bosnia and Herzegovina,qatar_lucas_mendes,Lucas Mendes,Defender,Defender,1,0.26,D,0.35,0.794,59.9,,,0.794,59.9,locked_starter,auto_role_rank_heuristic,0.407,,False
52,2026-06-24,Group Stage,B,Qatar,Bosnia and Herzegovina,qatar_pedro_miguel,Pedro Miguel,Defender,Defender,3,0.2364,D,0.35,0.791,59.7,,,0.791,59.7,locked_starter,auto_role_rank_heuristic,0.402,,False
52,2026-06-24,Group Stage,B,Qatar,Bosnia and Herzegovina,qatar_sultan_albrake,Sultan Albrake,Defender,Defender,5,0.0338,D,0.2,0.215,24.0,,,0.215,24.0,rotation,auto_role_rank_heuristic,0.298,,False
52,2026-06-24,Group Stage,B,Qatar,Bosnia and Herzegovina,qatar_ahmed_alaaeldin,Ahmed Alaaeldin,Forward,Forward,6,0.07,D,0.35,0.325,35.7,,,0.325,35.7,rotation,auto_role_rank_heuristic,0.36,,False
52,2026-06-24,Group Stage,B,Qatar,Bosnia and Herzegovina,qatar_akram_afif,Akram Afif,Forward,Forward,1,0.3577,D,0.35,0.751,53.4,,,0.751,53.4,locked_starter,auto_role_rank_heuristic,0.432,,False
52,2026-06-24,Group Stage,B,Qatar,Bosnia and Herzegovina,qatar_almoez_ali,Almoez Ali,Forward,Forward,4,0.1,D,0.2,0.222,31.4,,,0.222,31.4,rotation,auto_role_rank_heuristic,0.315,,False
52,2026-06-24,Group Stage,B,Qatar,Bosnia and Herzegovina,qatar_edmilson_junior,Edmilson Junior,Forward,Forward,2,0.1978,D,0.2,0.734,52.7,,,0.734,52.7,probable_starter,auto_role_rank_heuristic,0.339,,False
52,2026-06-24,Group Stage,B,Qatar,Bosnia and Herzegovina,qatar_hassan_alhaydos,Hassan Alhaydos,Forward,Forward,7,0.0,D,0.2,0.211,30.9,,,0.211,30.9,rotation,auto_role_rank_heuristic,0.29,,False
52,2026-06-24,Group Stage,B,Qatar,Bosnia and Herzegovina,qatar_mohamed_manai,Mohamed Manai,Forward,Forward,8,0.0,D,0.2,0.013,22.7,,,0.013,22.7,bench_option,auto_role_rank_heuristic,0.29,,False
52,2026-06-24,Group Stage,B,Qatar,Bosnia and Herzegovina,qatar_mohammed_muntari,Mohammed Muntari,Forward,Forward,5,0.0788,D,0.2,0.219,31.3,,,0.219,31.3,rotation,auto_role_rank_heuristic,0.31,,False
52,2026-06-24,Group Stage,B,Qatar,Bosnia and Herzegovina,qatar_tahsin_jamshid,Tahsin Jamshid,Forward,Forward,9,0.0,D,0.2,0.013,22.7,,,0.013,22.7,bench_option,auto_role_rank_heuristic,0.29,,False
52,2026-06-24,Group Stage,B,Qatar,Bosnia and Herzegovina,qatar_yusuf_abdurisag,Yusuf Abdurisag,Forward,Forward,3,0.1269,D,0.35,0.726,52.4,,,0.726,52.4,probable_starter,auto_role_rank_heuristic,0.374,,False
52,2026-06-24,Group Stage,B,Qatar,Bosnia and Herzegovina,qatar_mahmoud_abunada,Mahmoud Abunada,Goalkeeper,Goalkeeper,3,0.0975,D,0.35,0.013,1.0,,,0.013,1.0,bench_option,auto_role_rank_heuristic,0.367,,False
52,2026-06-24,Group Stage,B,Qatar,Bosnia and Herzegovina,qatar_meshaal_barsham,Meshaal Barsham,Goalkeeper,Goalkeeper,1,0.315,C,0.55,0.98,78.1,,,0.98,78.1,locked_starter,auto_role_rank_heuristic,0.571,,False
52,2026-06-24,Group Stage,B,Qatar,Bosnia and Herzegovina,qatar_salah_zakaria,Salah Zakaria,Goalkeeper,Goalkeeper,2,0.25,C,0.55,0.185,14.7,,,0.185,14.7,bench_option,auto_role_rank_heuristic,0.555,,False
52,2026-06-24,Group Stage,B,Qatar,Bosnia and Herzegovina,qatar_abdulaziz_hatem,Abdulaziz Hatem,Midfielder,Midfielder,2,0.1,D,0.2,0.645,50.3,,,0.645,50.3,probable_starter,auto_role_rank_heuristic,0.315,,False
52,2026-06-24,Group Stage,B,Qatar,Bosnia and Herzegovina,qatar_ahmed_alganehi,Ahmed Alganehi,Midfielder,Midfielder,4,0.0,D,0.2,0.634,49.8,,,0.634,49.8,probable_starter,auto_role_rank_heuristic,0.29,,False
52,2026-06-24,Group Stage,B,Qatar,Bosnia and Herzegovina,qatar_ahmed_fathy,Ahmed Fathy,Midfielder,Midfielder,5,0.0,D,0.2,0.211,29.6,,,0.211,29.6,rotation,auto_role_rank_heuristic,0.29,,False
52,2026-06-24,Group Stage,B,Qatar,Bosnia and Herzegovina,qatar_assim_madibo,Assim Madibo,Midfielder,Midfielder,1,0.2107,D,0.2,0.656,50.9,,,0.656,50.9,probable_starter,auto_role_rank_heuristic,0.343,,False
52,2026-06-24,Group Stage,B,Qatar,Bosnia and Herzegovina,qatar_karim_boudiaf,Karim Boudiaf,Midfielder,Midfielder,3,0.1,D,0.2,0.645,50.3,,,0.645,50.3,probable_starter,auto_role_rank_heuristic,0.315,,False
7,2026-06-13,Group Stage,C,Brazil,Morocco,brazil_alex_sandro,Alex Sandro,Defender,Defender,6,0.2859,D,0.35,0.226,24.9,,,0.226,24.9,rotation,auto_role_rank_heuristic,0.414,,False
7,2026-06-13,Group Stage,C,Brazil,Morocco,brazil_bremer,Bremer,Defender,Defender,7,0.2847,D,0.35,0.226,24.9,,,0.226,24.9,rotation,auto_role_rank_heuristic,0.414,,False
7,2026-06-13,Group Stage,C,Brazil,Morocco,brazil_danilo,Danilo,Defender,Defender,8,0.1792,D,0.219,0.029,12.6,,,0.029,12.6,bench_option,auto_role_rank_heuristic,0.341,,False
7,2026-06-13,Group Stage,C,Brazil,Morocco,brazil_douglas_santos,Douglas Santos,Defender,Defender,5,0.3088,D,0.35,0.228,25.0,,,0.228,25.0,rotation,auto_role_rank_heuristic,0.42,,False
7,2026-06-13,Group Stage,C,Brazil,Morocco,brazil_gabriel_magalhaes,Gabriel Magalhaes,Defender,Defender,4,0.4127,A,0.929,0.683,53.5,,,0.683,53.5,probable_starter,auto_role_rank_heuristic,0.808,,False
7,2026-06-13,Group Stage,C,Brazil,Morocco,brazil_leo_pereira,Leo Pereira,Defender,Defender,9,0.0175,D,0.2,0.01,11.4,,,0.01,11.4,bench_option,auto_role_rank_heuristic,0.294,,False
7,2026-06-13,Group Stage,C,Brazil,Morocco,brazil_marquinhos,Marquinhos,Defender,Defender,3,0.4391,A,0.788,0.684,53.6,,,0.684,53.6,probable_starter,auto_role_rank_heuristic,0.766,,False
7,2026-06-13,Group Stage,C,Brazil,Morocco,brazil_roger_ibanez,Roger Ibanez,Defender,Defender,1,0.7322,B,0.752,0.67,52.7,,,0.67,52.7,probable_starter,auto_role_rank_heuristic,0.786,,False
7,2026-06-13,Group Stage,C,Brazil,Morocco,brazil_wesley,Wesley,Defender,Defender,2,0.4566,A,0.943,0.686,53.7,,,0.686,53.7,probable_starter,auto_role_rank_heuristic,0.824,,False
7,2026-06-13,Group Stage,C,Brazil,Morocco,brazil_endrick,Endrick,Forward,Forward,7,0.2306,A,0.802,0.377,38.2,,,0.377,38.2,rotation,auto_role_rank_heuristic,0.718,,False
7,2026-06-13,Group Stage,C,Brazil,Morocco,brazil_gabriel_martinelli,Gabriel Martinelli,Forward,Forward,5,0.4961,A,0.79,0.396,39.0,,,0.396,39.0,rotation,auto_role_rank_heuristic,0.781,,False
7,2026-06-13,Group Stage,C,Brazil,Morocco,brazil_igor_thiago,Igor Thiago,Forward,Forward,2,0.7227,A,0.95,0.67,50.6,,,0.67,50.6,probable_starter,auto_role_rank_heuristic,0.88,,False
7,2026-06-13,Group Stage,C,Brazil,Morocco,brazil_luiz_henrique,Luiz Henrique,Forward,Forward,6,0.2467,D,0.35,0.224,31.8,,,0.224,31.8,rotation,auto_role_rank_heuristic,0.404,,False
7,2026-06-13,Group Stage,C,Brazil,Morocco,brazil_matheus_cunha,Matheus Cunha,Forward,Forward,3,0.6653,A,0.908,0.665,50.4,,,0.665,50.4,probable_starter,auto_role_rank_heuristic,0.864,,False
7,2026-06-13,Group Stage,C,Brazil,Morocco,brazil_neymar_jr,Neymar Jr,Forward,Forward,9,0.0,D,0.2,0.01,22.8,,,0.01,22.8,bench_option,auto_role_rank_heuristic,0.29,,False
7,2026-06-13,Group Stage,C,Brazil,Morocco,brazil_raphinha,Raphinha,Forward,Forward,4,0.5645,A,0.815,0.4,39.2,,,0.4,39.2,rotation,auto_role_rank_heuristic,0.806,,False
7,2026-06-13,Group Stage,C,Brazil,Morocco,brazil_rayan,Rayan,Forward,Forward,8,0.1667,A,0.793,0.192,30.5,,,0.192,30.5,bench_option,auto_role_rank_heuristic,0.699,,False
7,2026-06-13,Group Stage,C,Brazil,Morocco,brazil_vinicius_junior,Vinicius Junior,Forward,Forward,1,0.8205,A,0.935,0.676,50.8,,,0.676,50.8,probable_starter,auto_role_rank_heuristic,0.88,,False
7,2026-06-13,Group Stage,C,Brazil,Morocco,brazil_alisson,Alisson,Goalkeeper,Goalkeeper,2,0.8818,A,0.895,0.268,21.6,,,0.268,21.6,rotation,auto_role_rank_heuristic,0.88,,False
7,2026-06-13,Group Stage,C,Brazil,Morocco,brazil_ederson,Ederson,Goalkeeper,Goalkeeper,1,0.9219,A,0.95,0.804,64.8,,,0.804,64.8,locked_starter,auto_role_rank_heuristic,0.88,,False
7,2026-06-13,Group Stage,C,Brazil,Morocco,brazil_weverton,Weverton,Goalkeeper,Goalkeeper,3,0.02,D,0.2,0.01,0.8,,,0.01,0.8,bench_option,auto_role_rank_heuristic,0.295,,False
7,2026-06-13,Group Stage,C,Brazil,Morocco,brazil_bruno_guimaraes,Bruno Guimaraes,Midfielder,Midfielder,3,0.681,A,0.904,0.683,52.7,,,0.683,52.7,probable_starter,auto_role_rank_heuristic,0.867,,False
7,2026-06-13,Group Stage,C,Brazil,Morocco,brazil_casemiro,Casemiro,Midfielder,Midfielder,1,0.9082,A,0.914,0.7,53.5,,,0.7,53.5,probable_starter,auto_role_rank_heuristic,0.88,,False
7,2026-06-13,Group Stage,C,Brazil,Morocco,brazil_danilo_santos,Danilo Santos,Midfielder,Midfielder,5,0.0,D,0.2,0.138,26.4,,,0.138,26.4,bench_option,auto_role_rank_heuristic,0.29,,False
7,2026-06-13,Group Stage,C,Brazil,Morocco,brazil_fabinho,Fabinho,Midfielder,Midfielder,2,0.8855,B,0.77,0.664,51.8,,,0.664,51.8,probable_starter,auto_role_rank_heuristic,0.831,,False
7,2026-06-13,Group Stage,C,Brazil,Morocco,brazil_lucas_paqueta,Lucas Paqueta,Midfielder,Midfielder,4,0.6421,A,0.826,0.681,52.6,,,0.681,52.6,probable_starter,auto_role_rank_heuristic,0.83,,False
7,2026-06-13,Group Stage,C,Morocco,Brazil,morocco_achraf_hakimi,Achraf Hakimi,Defender,Defender,4,0.6326,A,0.815,0.68,53.5,,,0.68,53.5,probable_starter,auto_role_rank_heuristic,0.823,,False
7,2026-06-13,Group Stage,C,Morocco,Brazil,morocco_anass_salah_eddine,Anass Salah Eddine,Defender,Defender,5,0.4022,B,0.641,0.345,32.5,,,0.345,32.5,rotation,auto_role_rank_heuristic,0.665,,False
7,2026-06-13,Group Stage,C,Morocco,Brazil,morocco_chadi_riad,Chadi Riad,Defender,Defender,8,0.2723,C,0.437,0.085,16.1,,,0.085,16.1,bench_option,auto_role_rank_heuristic,0.521,,False
7,2026-06-13,Group Stage,C,Morocco,Brazil,morocco_issa_diop,Issa Diop,Defender,Defender,6,0.3777,C,0.454,0.277,28.2,,,0.277,28.2,rotation,auto_role_rank_heuristic,0.553,,False
7,2026-06-13,Group Stage,C,Morocco,Brazil,morocco_nayef_aguerd,Nayef Aguerd,Defender,Defender,3,0.6927,A,0.831,0.683,53.7,,,0.683,53.7,probable_starter,auto_role_rank_heuristic,0.844,,False
7,2026-06-13,Group Stage,C,Morocco,Brazil,morocco_noussair_mazraoui,Noussair Mazraoui,Defender,Defender,7,0.3776,A,0.782,0.377,34.5,,,0.377,34.5,rotation,auto_role_rank_heuristic,0.748,,False
7,2026-06-13,Group Stage,C,Morocco,Brazil,morocco_redouane_halhal,Redouane Halhal,Defender,Defender,1,0.7814,B,0.787,0.656,52.0,,,0.656,52.0,probable_starter,auto_role_rank_heuristic,0.811,,False
7,2026-06-13,Group Stage,C,Morocco,Brazil,morocco_youssef_belammari,Youssef Belammari,Defender,Defender,9,0.0,D,0.2,0.01,11.4,,,0.01,11.4,bench_option,auto_role_rank_heuristic,0.29,,False
7,2026-06-13,Group Stage,C,Morocco,Brazil,morocco_zakaria_el_ouahdi,Zakaria el Ouahdi,Defender,Defender,2,0.7493,B,0.799,0.654,51.9,,,0.654,51.9,probable_starter,auto_role_rank_heuristic,0.807,,False
7,2026-06-13,Group Stage,C,Morocco,Brazil,morocco_abde_ezzalzouli,Abde Ezzalzouli,Forward,Forward,1,0.7898,A,0.887,0.656,50.1,,,0.656,50.1,probable_starter,auto_role_rank_heuristic,0.88,,False
7,2026-06-13,Group Stage,C,Morocco,Brazil,morocco_ayoub_el_kaabi,Ayoub el Kaabi,Forward,Forward,3,0.1675,D,0.2,0.396,39.2,,,0.396,39.2,rotation,auto_role_rank_heuristic,0.332,,False
7,2026-06-13,Group Stage,C,Morocco,Brazil,morocco_ayoube_amaimouni,Ayoube Amaimouni,Forward,Forward,4,0.0879,C,0.439,0.257,33.3,,,0.257,33.3,rotation,auto_role_rank_heuristic,0.476,,False
7,2026-06-13,Group Stage,C,Morocco,Brazil,morocco_brahim_diaz,Brahim Diaz,Forward,Forward,2,0.5194,A,0.805,0.639,49.4,,,0.639,49.4,probable_starter,auto_role_rank_heuristic,0.792,,False
7,2026-06-13,Group Stage,C,Morocco,Brazil,morocco_soufiane_rahimi,Soufiane Rahimi,Forward,Forward,5,0.0,D,0.2,0.134,28.1,,,0.134,28.1,bench_option,auto_role_rank_heuristic,0.29,,False
7,2026-06-13,Group Stage,C,Morocco,Brazil,morocco_ahmed_reda_tagnaouti,Ahmed Reda Tagnaouti,Goalkeeper,Goalkeeper,3,0.0,D,0.2,0.01,0.8,,,0.01,0.8,bench_option,auto_role_rank_heuristic,0.29,,False
7,2026-06-13,Group Stage,C,Morocco,Brazil,morocco_munir_el_kajoui,Munir el Kajoui,Goalkeeper,Goalkeeper,2,0.4688,C,0.55,0.132,10.7,,,0.132,10.7,bench_option,auto_role_rank_heuristic,0.61,,False
7,2026-06-13,Group Stage,C,Morocco,Brazil,morocco_yassine_bounou,Yassine Bounou,Goalkeeper,Goalkeeper,1,0.8749,B,0.745,0.746,60.3,,,0.746,60.3,probable_starter,auto_role_rank_heuristic,0.819,,False
7,2026-06-13,Group Stage,C,Morocco,Brazil,morocco_ayyoub_bouaddi,Ayyoub Bouaddi,Midfielder,Midfielder,5,0.5382,A,0.893,0.388,38.6,,,0.388,38.6,rotation,auto_role_rank_heuristic,0.827,,False
7,2026-06-13,Group Stage,C,Morocco,Brazil,morocco_azzedine_ounahi,Azzedine Ounahi,Midfielder,Midfielder,3,0.6288,A,0.847,0.662,51.8,,,0.662,51.8,probable_starter,auto_role_rank_heuristic,0.834,,False
7,2026-06-13,Group Stage,C,Morocco,Brazil,morocco_bilal_el_khannouss,Bilal el Khannouss,Midfielder,Midfielder,2,0.6596,A,0.836,0.665,52.0,,,0.665,52.0,probable_starter,auto_role_rank_heuristic,0.837,,False
7,2026-06-13,Group Stage,C,Morocco,Brazil,morocco_chemsdine_talbi,Chemsdine Talbi,Midfielder,Midfielder,7,0.482,A,0.83,0.385,38.4,,,0.385,38.4,rotation,auto_role_rank_heuristic,0.791,,False
7,2026-06-13,Group Stage,C,Morocco,Brazil,morocco_gessime_yassine,Gessime Yassine,Midfielder,Midfielder,9,0.2349,C,0.434,0.1,24.6,,,0.1,24.6,bench_option,auto_role_rank_heuristic,0.511,,False
7,2026-06-13,Group Stage,C,Morocco,Brazil,morocco_ismael_saibari,Ismael Saibari,Midfielder,Midfielder,4,0.6129,B,0.728,0.628,50.2,,,0.628,50.2,probable_starter,auto_role_rank_heuristic,0.748,,False
7,2026-06-13,Group Stage,C,Morocco,Brazil,morocco_neil_el_aynaoui,Neil el Aynaoui,Midfielder,Midfielder,8,0.4759,A,0.783,0.384,38.4,,,0.384,38.4,rotation,auto_role_rank_heuristic,0.773,,False
7,2026-06-13,Group Stage,C,Morocco,Brazil,morocco_samir_el_mourabet,Samir el Mourabet,Midfielder,Midfielder,1,0.7104,A,0.877,0.668,52.1,,,0.668,52.1,probable_starter,auto_role_rank_heuristic,0.865,,False
7,2026-06-13,Group Stage,C,Morocco,Brazil,morocco_sofyan_amrabat,Sofyan Amrabat,Midfielder,Midfielder,6,0.4933,A,0.816,0.385,38.4,,,0.385,38.4,rotation,auto_role_rank_heuristic,0.789,,False
5,2026-06-13,Group Stage,C,Haiti,Scotland,haiti_carlens_arcus,Carlens Arcus,Defender,Defender,1,0.5121,A,0.87,0.865,64.5,,,0.865,64.5,locked_starter,auto_role_rank_heuristic,0.813,,False
5,2026-06-13,Group Stage,C,Haiti,Scotland,haiti_hannes_delcroix,Hannes Delcroix,Defender,Defender,3,0.2088,D,0.2,0.558,45.4,,,0.558,45.4,probable_starter,auto_role_rank_heuristic,0.342,,False
5,2026-06-13,Group Stage,C,Haiti,Scotland,haiti_jean_kevin_duverne,Jean-Kevin Duverne,Defender,Defender,2,0.4122,A,0.796,0.857,64.0,,,0.857,64.0,locked_starter,auto_role_rank_heuristic,0.762,,False
5,2026-06-13,Group Stage,C,Haiti,Scotland,haiti_keeto_thermoncy,Keeto Thermoncy,Defender,Defender,5,0.0,D,0.2,0.173,21.4,,,0.173,21.4,bench_option,auto_role_rank_heuristic,0.29,,False
5,2026-06-13,Group Stage,C,Haiti,Scotland,haiti_markhus_lacroix,Markhus Lacroix,Defender,Defender,6,0.0,D,0.2,0.173,21.4,,,0.173,21.4,bench_option,auto_role_rank_heuristic,0.29,,False
5,2026-06-13,Group Stage,C,Haiti,Scotland,haiti_martin_experience,Martin Experience,Defender,Defender,7,0.0,D,0.2,0.173,21.4,,,0.173,21.4,bench_option,auto_role_rank_heuristic,0.29,,False
5,2026-06-13,Group Stage,C,Haiti,Scotland,haiti_ricardo_ade,Ricardo Ade,Defender,Defender,8,0.0,D,0.2,0.011,11.3,,,0.011,11.3,bench_option,auto_role_rank_heuristic,0.29,,False
5,2026-06-13,Group Stage,C,Haiti,Scotland,haiti_wilguens_paugain,Wilguens Paugain,Defender,Defender,4,0.1994,B,0.657,0.795,60.1,,,0.795,60.1,locked_starter,auto_role_rank_heuristic,0.62,,False
5,2026-06-13,Group Stage,C,Haiti,Scotland,haiti_derrick_etienne,Derrick Etienne,Forward,Forward,7,0.1519,C,0.443,0.337,36.3,,,0.337,36.3,rotation,auto_role_rank_heuristic,0.493,,False
5,2026-06-13,Group Stage,C,Haiti,Scotland,haiti_duckens_nazon,Duckens Nazon,Forward,Forward,4,0.3166,D,0.35,0.286,34.2,,,0.286,34.2,rotation,auto_role_rank_heuristic,0.422,,False
5,2026-06-13,Group Stage,C,Haiti,Scotland,haiti_frantzdy_pierrot,Frantzdy Pierrot,Forward,Forward,3,0.3383,D,0.208,0.612,47.8,,,0.612,47.8,probable_starter,auto_role_rank_heuristic,0.377,,False
5,2026-06-13,Group Stage,C,Haiti,Scotland,haiti_josue_casimir,Josue Casimir,Forward,Forward,2,0.4375,A,0.827,0.815,56.2,,,0.815,56.2,locked_starter,auto_role_rank_heuristic,0.779,,False
5,2026-06-13,Group Stage,C,Haiti,Scotland,haiti_lenny_joseph,Lenny Joseph,Forward,Forward,8,0.0,D,0.2,0.011,22.7,,,0.011,22.7,bench_option,auto_role_rank_heuristic,0.29,,False
5,2026-06-13,Group Stage,C,Haiti,Scotland,haiti_louicius_deedson,Louicius Deedson,Forward,Forward,6,0.1901,D,0.217,0.275,33.7,,,0.275,33.7,rotation,auto_role_rank_heuristic,0.343,,False
5,2026-06-13,Group Stage,C,Haiti,Scotland,haiti_ruben_providence,Ruben Providence,Forward,Forward,5,0.2063,D,0.35,0.278,33.8,,,0.278,33.8,rotation,auto_role_rank_heuristic,0.394,,False
5,2026-06-13,Group Stage,C,Haiti,Scotland,haiti_wilson_isidor,Wilson Isidor,Forward,Forward,1,0.4719,A,0.797,0.819,56.4,,,0.819,56.4,locked_starter,auto_role_rank_heuristic,0.777,,False
5,2026-06-13,Group Stage,C,Haiti,Scotland,haiti_yassin_fortune,Yassin Fortune,Forward,Forward,9,0.0,D,0.2,0.011,22.7,,,0.011,22.7,bench_option,auto_role_rank_heuristic,0.29,,False
5,2026-06-13,Group Stage,C,Haiti,Scotland,haiti_alexandre_pierre,Alexandre Pierre,Goalkeeper,Goalkeeper,2,0.2363,D,0.35,0.085,6.8,,,0.085,6.8,bench_option,auto_role_rank_heuristic,0.402,,False
5,2026-06-13,Group Stage,C,Haiti,Scotland,haiti_johny_placide,Johny Placide,Goalkeeper,Goalkeeper,1,0.4849,C,0.55,0.841,67.3,,,0.841,67.3,locked_starter,auto_role_rank_heuristic,0.614,,False
5,2026-06-13,Group Stage,C,Haiti,Scotland,haiti_josue_duverger,Josue Duverger,Goalkeeper,Goalkeeper,3,0.0,D,0.2,0.011,0.9,,,0.011,0.9,bench_option,auto_role_rank_heuristic,0.29,,False
5,2026-06-13,Group Stage,C,Haiti,Scotland,haiti_carl_sainte,Carl Sainte,Midfielder,Midfielder,3,0.0,D,0.2,0.518,44.4,,,0.518,44.4,rotation,auto_role_rank_heuristic,0.29,,False
5,2026-06-13,Group Stage,C,Haiti,Scotland,haiti_danley_jean_jacques,Danley Jean Jacques,Midfielder,Midfielder,2,0.3738,B,0.646,0.788,57.4,,,0.788,57.4,locked_starter,auto_role_rank_heuristic,0.66,,False
5,2026-06-13,Group Stage,C,Haiti,Scotland,haiti_dominique_simon,Dominique Simon,Midfielder,Midfielder,4,0.0,D,0.2,0.518,44.4,,,0.518,44.4,rotation,auto_role_rank_heuristic,0.29,,False
5,2026-06-13,Group Stage,C,Haiti,Scotland,haiti_jean_ricner_bellegarde,Jean-Ricner Bellegarde,Midfielder,Midfielder,1,0.5004,A,0.804,0.842,59.9,,,0.842,59.9,locked_starter,auto_role_rank_heuristic,0.786,,False
5,2026-06-13,Group Stage,C,Haiti,Scotland,haiti_leverton_pierre,Leverton Pierre,Midfielder,Midfielder,5,0.0,D,0.2,0.173,27.8,,,0.173,27.8,bench_option,auto_role_rank_heuristic,0.29,,False
5,2026-06-13,Group Stage,C,Haiti,Scotland,haiti_woodensky_pierre,Woodensky Pierre,Midfielder,Midfielder,6,0.0,D,0.2,0.173,27.8,,,0.173,27.8,bench_option,auto_role_rank_heuristic,0.29,,False
5,2026-06-13,Group Stage,C,Scotland,Haiti,scotland_aaron_hickey,Aaron Hickey,Defender,Defender,3,0.3109,C,0.446,0.685,54.5,,,0.685,54.5,probable_starter,auto_role_rank_heuristic,0.534,,False
5,2026-06-13,Group Stage,C,Scotland,Haiti,scotland_andy_robertson,Andy Robertson,Defender,Defender,9,0.0,D,0.2,0.01,11.5,,,0.01,11.5,bench_option,auto_role_rank_heuristic,0.29,,False
5,2026-06-13,Group Stage,C,Scotland,Haiti,scotland_anthony_ralston,Anthony Ralston,Defender,Defender,8,0.2242,D,0.2,0.039,13.4,,,0.039,13.4,bench_option,auto_role_rank_heuristic,0.346,,False
5,2026-06-13,Group Stage,C,Scotland,Haiti,scotland_dominic_hyam,Dominic Hyam,Defender,Defender,10,0.0,D,0.2,0.01,11.5,,,0.01,11.5,bench_option,auto_role_rank_heuristic,0.29,,False
5,2026-06-13,Group Stage,C,Scotland,Haiti,scotland_grant_hanley,Grant Hanley,Defender,Defender,6,0.2419,D,0.2,0.184,22.6,,,0.184,22.6,bench_option,auto_role_rank_heuristic,0.35,,False
5,2026-06-13,Group Stage,C,Scotland,Haiti,scotland_jack_hendry,Jack Hendry,Defender,Defender,1,0.5891,B,0.763,0.79,61.2,,,0.79,61.2,locked_starter,auto_role_rank_heuristic,0.754,,False
5,2026-06-13,Group Stage,C,Scotland,Haiti,scotland_john_souttar,John Souttar,Defender,Defender,2,0.4536,C,0.55,0.696,55.2,,,0.696,55.2,probable_starter,auto_role_rank_heuristic,0.606,,False
5,2026-06-13,Group Stage,C,Scotland,Haiti,scotland_kieran_tierney,Kieran Tierney,Defender,Defender,4,0.2623,D,0.2,0.619,50.3,,,0.619,50.3,probable_starter,auto_role_rank_heuristic,0.356,,False
5,2026-06-13,Group Stage,C,Scotland,Haiti,scotland_mckenna_scott,McKENNA Scott,Defender,Defender,7,0.2339,D,0.2,0.184,22.6,,,0.184,22.6,bench_option,auto_role_rank_heuristic,0.348,,False
5,2026-06-13,Group Stage,C,Scotland,Haiti,scotland_nathan_patterson,Nathan Patterson,Defender,Defender,5,0.2599,D,0.216,0.269,28.0,,,0.269,28.0,rotation,auto_role_rank_heuristic,0.361,,False
5,2026-06-13,Group Stage,C,Scotland,Haiti,scotland_ben_gannon_doak,Ben Gannon-Doak,Forward,Forward,5,0.2729,D,0.208,0.27,34.3,,,0.27,34.3,rotation,auto_role_rank_heuristic,0.361,,False
5,2026-06-13,Group Stage,C,Scotland,Haiti,scotland_che_adams,Che Adams,Forward,Forward,1,0.5712,A,0.858,0.789,56.4,,,0.789,56.4,locked_starter,auto_role_rank_heuristic,0.823,,False
5,2026-06-13,Group Stage,C,Scotland,Haiti,scotland_findlay_curtis,Findlay Curtis,Forward,Forward,7,0.1783,D,0.2,0.261,33.9,,,0.261,33.9,rotation,auto_role_rank_heuristic,0.335,,False
5,2026-06-13,Group Stage,C,Scotland,Haiti,scotland_george_hirst,George Hirst,Forward,Forward,4,0.2917,D,0.35,0.271,34.3,,,0.271,34.3,rotation,auto_role_rank_heuristic,0.415,,False
5,2026-06-13,Group Stage,C,Scotland,Haiti,scotland_lawrence_shankland,Lawrence Shankland,Forward,Forward,2,0.3542,C,0.55,0.646,50.3,,,0.646,50.3,probable_starter,auto_role_rank_heuristic,0.581,,False
5,2026-06-13,Group Stage,C,Scotland,Haiti,scotland_lyndon_dykes,Lyndon Dykes,Forward,Forward,3,0.351,D,0.35,0.585,47.7,,,0.585,47.7,probable_starter,auto_role_rank_heuristic,0.43,,False
5,2026-06-13,Group Stage,C,Scotland,Haiti,scotland_ross_stewart,Ross Stewart,Forward,Forward,6,0.197,D,0.2,0.264,34.0,,,0.264,34.0,rotation,auto_role_rank_heuristic,0.339,,False
5,2026-06-13,Group Stage,C,Scotland,Haiti,scotland_angus_gunn,Angus Gunn,Goalkeeper,Goalkeeper,2,0.4642,D,0.203,0.1,8.2,,,0.1,8.2,bench_option,auto_role_rank_heuristic,0.407,,False
5,2026-06-13,Group Stage,C,Scotland,Haiti,scotland_craig_gordon,Craig Gordon,Goalkeeper,Goalkeeper,1,0.4675,C,0.55,0.8,65.5,,,0.8,65.5,locked_starter,auto_role_rank_heuristic,0.609,,False
5,2026-06-13,Group Stage,C,Scotland,Haiti,scotland_liam_kelly,Liam Kelly,Goalkeeper,Goalkeeper,3,0.4101,C,0.55,0.034,2.8,,,0.034,2.8,bench_option,auto_role_rank_heuristic,0.595,,False
5,2026-06-13,Group Stage,C,Scotland,Haiti,scotland_lewis_ferguson,Lewis Ferguson,Midfielder,Midfielder,1,0.5821,A,0.833,0.81,59.8,,,0.81,59.8,locked_starter,auto_role_rank_heuristic,0.817,,False
5,2026-06-13,Group Stage,C,Scotland,Haiti,scotland_mcginn_john,McGINN John,Midfielder,Midfielder,2,0.5294,C,0.55,0.681,53.4,,,0.681,53.4,probable_starter,auto_role_rank_heuristic,0.625,,False
5,2026-06-13,Group Stage,C,Scotland,Haiti,scotland_mclean_kenny,McLEAN Kenny,Midfielder,Midfielder,4,0.4682,C,0.55,0.676,53.2,,,0.676,53.2,probable_starter,auto_role_rank_heuristic,0.61,,False
5,2026-06-13,Group Stage,C,Scotland,Haiti,scotland_mctominay_scott,McTOMINAY Scott,Midfielder,Midfielder,5,0.3807,D,0.35,0.278,33.7,,,0.278,33.7,rotation,auto_role_rank_heuristic,0.438,,False
5,2026-06-13,Group Stage,C,Scotland,Haiti,scotland_ryan_christie,Ryan Christie,Midfielder,Midfielder,3,0.5003,A,0.783,0.803,59.4,,,0.803,59.4,locked_starter,auto_role_rank_heuristic,0.779,,False
5,2026-06-13,Group Stage,C,Scotland,Haiti,scotland_tyler_fletcher,Tyler Fletcher,Midfielder,Midfielder,6,0.0027,D,0.201,0.247,32.1,,,0.247,32.1,rotation,auto_role_rank_heuristic,0.291,,False
29,2026-06-19,Group Stage,C,Brazil,Haiti,brazil_alex_sandro,Alex Sandro,Defender,Defender,6,0.2859,D,0.35,0.226,24.9,,,0.226,24.9,rotation,auto_role_rank_heuristic,0.414,,False
29,2026-06-19,Group Stage,C,Brazil,Haiti,brazil_bremer,Bremer,Defender,Defender,7,0.2847,D,0.35,0.226,24.9,,,0.226,24.9,rotation,auto_role_rank_heuristic,0.414,,False
29,2026-06-19,Group Stage,C,Brazil,Haiti,brazil_danilo,Danilo,Defender,Defender,8,0.1792,D,0.219,0.029,12.6,,,0.029,12.6,bench_option,auto_role_rank_heuristic,0.341,,False
29,2026-06-19,Group Stage,C,Brazil,Haiti,brazil_douglas_santos,Douglas Santos,Defender,Defender,5,0.3088,D,0.35,0.228,25.0,,,0.228,25.0,rotation,auto_role_rank_heuristic,0.42,,False
29,2026-06-19,Group Stage,C,Brazil,Haiti,brazil_gabriel_magalhaes,Gabriel Magalhaes,Defender,Defender,4,0.4127,A,0.929,0.683,53.5,,,0.683,53.5,probable_starter,auto_role_rank_heuristic,0.808,,False
29,2026-06-19,Group Stage,C,Brazil,Haiti,brazil_leo_pereira,Leo Pereira,Defender,Defender,9,0.0175,D,0.2,0.01,11.4,,,0.01,11.4,bench_option,auto_role_rank_heuristic,0.294,,False
29,2026-06-19,Group Stage,C,Brazil,Haiti,brazil_marquinhos,Marquinhos,Defender,Defender,3,0.4391,A,0.788,0.684,53.6,,,0.684,53.6,probable_starter,auto_role_rank_heuristic,0.766,,False
29,2026-06-19,Group Stage,C,Brazil,Haiti,brazil_roger_ibanez,Roger Ibanez,Defender,Defender,1,0.7322,B,0.752,0.67,52.7,,,0.67,52.7,probable_starter,auto_role_rank_heuristic,0.786,,False
29,2026-06-19,Group Stage,C,Brazil,Haiti,brazil_wesley,Wesley,Defender,Defender,2,0.4566,A,0.943,0.686,53.7,,,0.686,53.7,probable_starter,auto_role_rank_heuristic,0.824,,False
29,2026-06-19,Group Stage,C,Brazil,Haiti,brazil_endrick,Endrick,Forward,Forward,7,0.2306,A,0.802,0.377,38.2,,,0.377,38.2,rotation,auto_role_rank_heuristic,0.718,,False
29,2026-06-19,Group Stage,C,Brazil,Haiti,brazil_gabriel_martinelli,Gabriel Martinelli,Forward,Forward,5,0.4961,A,0.79,0.396,39.0,,,0.396,39.0,rotation,auto_role_rank_heuristic,0.781,,False
29,2026-06-19,Group Stage,C,Brazil,Haiti,brazil_igor_thiago,Igor Thiago,Forward,Forward,2,0.7227,A,0.95,0.67,50.6,,,0.67,50.6,probable_starter,auto_role_rank_heuristic,0.88,,False
29,2026-06-19,Group Stage,C,Brazil,Haiti,brazil_luiz_henrique,Luiz Henrique,Forward,Forward,6,0.2467,D,0.35,0.224,31.8,,,0.224,31.8,rotation,auto_role_rank_heuristic,0.404,,False
29,2026-06-19,Group Stage,C,Brazil,Haiti,brazil_matheus_cunha,Matheus Cunha,Forward,Forward,3,0.6653,A,0.908,0.665,50.4,,,0.665,50.4,probable_starter,auto_role_rank_heuristic,0.864,,False
29,2026-06-19,Group Stage,C,Brazil,Haiti,brazil_neymar_jr,Neymar Jr,Forward,Forward,9,0.0,D,0.2,0.01,22.8,,,0.01,22.8,bench_option,auto_role_rank_heuristic,0.29,,False
29,2026-06-19,Group Stage,C,Brazil,Haiti,brazil_raphinha,Raphinha,Forward,Forward,4,0.5645,A,0.815,0.4,39.2,,,0.4,39.2,rotation,auto_role_rank_heuristic,0.806,,False
29,2026-06-19,Group Stage,C,Brazil,Haiti,brazil_rayan,Rayan,Forward,Forward,8,0.1667,A,0.793,0.192,30.5,,,0.192,30.5,bench_option,auto_role_rank_heuristic,0.699,,False
29,2026-06-19,Group Stage,C,Brazil,Haiti,brazil_vinicius_junior,Vinicius Junior,Forward,Forward,1,0.8205,A,0.935,0.676,50.8,,,0.676,50.8,probable_starter,auto_role_rank_heuristic,0.88,,False
29,2026-06-19,Group Stage,C,Brazil,Haiti,brazil_alisson,Alisson,Goalkeeper,Goalkeeper,2,0.8818,A,0.895,0.268,21.6,,,0.268,21.6,rotation,auto_role_rank_heuristic,0.88,,False
29,2026-06-19,Group Stage,C,Brazil,Haiti,brazil_ederson,Ederson,Goalkeeper,Goalkeeper,1,0.9219,A,0.95,0.804,64.8,,,0.804,64.8,locked_starter,auto_role_rank_heuristic,0.88,,False
29,2026-06-19,Group Stage,C,Brazil,Haiti,brazil_weverton,Weverton,Goalkeeper,Goalkeeper,3,0.02,D,0.2,0.01,0.8,,,0.01,0.8,bench_option,auto_role_rank_heuristic,0.295,,False
29,2026-06-19,Group Stage,C,Brazil,Haiti,brazil_bruno_guimaraes,Bruno Guimaraes,Midfielder,Midfielder,3,0.681,A,0.904,0.683,52.7,,,0.683,52.7,probable_starter,auto_role_rank_heuristic,0.867,,False
29,2026-06-19,Group Stage,C,Brazil,Haiti,brazil_casemiro,Casemiro,Midfielder,Midfielder,1,0.9082,A,0.914,0.7,53.5,,,0.7,53.5,probable_starter,auto_role_rank_heuristic,0.88,,False
29,2026-06-19,Group Stage,C,Brazil,Haiti,brazil_danilo_santos,Danilo Santos,Midfielder,Midfielder,5,0.0,D,0.2,0.138,26.4,,,0.138,26.4,bench_option,auto_role_rank_heuristic,0.29,,False
29,2026-06-19,Group Stage,C,Brazil,Haiti,brazil_fabinho,Fabinho,Midfielder,Midfielder,2,0.8855,B,0.77,0.664,51.8,,,0.664,51.8,probable_starter,auto_role_rank_heuristic,0.831,,False
29,2026-06-19,Group Stage,C,Brazil,Haiti,brazil_lucas_paqueta,Lucas Paqueta,Midfielder,Midfielder,4,0.6421,A,0.826,0.681,52.6,,,0.681,52.6,probable_starter,auto_role_rank_heuristic,0.83,,False
29,2026-06-19,Group Stage,C,Haiti,Brazil,haiti_carlens_arcus,Carlens Arcus,Defender,Defender,1,0.5121,A,0.87,0.865,64.5,,,0.865,64.5,locked_starter,auto_role_rank_heuristic,0.813,,False
29,2026-06-19,Group Stage,C,Haiti,Brazil,haiti_hannes_delcroix,Hannes Delcroix,Defender,Defender,3,0.2088,D,0.2,0.558,45.4,,,0.558,45.4,probable_starter,auto_role_rank_heuristic,0.342,,False
29,2026-06-19,Group Stage,C,Haiti,Brazil,haiti_jean_kevin_duverne,Jean-Kevin Duverne,Defender,Defender,2,0.4122,A,0.796,0.857,64.0,,,0.857,64.0,locked_starter,auto_role_rank_heuristic,0.762,,False
29,2026-06-19,Group Stage,C,Haiti,Brazil,haiti_keeto_thermoncy,Keeto Thermoncy,Defender,Defender,5,0.0,D,0.2,0.173,21.4,,,0.173,21.4,bench_option,auto_role_rank_heuristic,0.29,,False
29,2026-06-19,Group Stage,C,Haiti,Brazil,haiti_markhus_lacroix,Markhus Lacroix,Defender,Defender,6,0.0,D,0.2,0.173,21.4,,,0.173,21.4,bench_option,auto_role_rank_heuristic,0.29,,False
29,2026-06-19,Group Stage,C,Haiti,Brazil,haiti_martin_experience,Martin Experience,Defender,Defender,7,0.0,D,0.2,0.173,21.4,,,0.173,21.4,bench_option,auto_role_rank_heuristic,0.29,,False
29,2026-06-19,Group Stage,C,Haiti,Brazil,haiti_ricardo_ade,Ricardo Ade,Defender,Defender,8,0.0,D,0.2,0.011,11.3,,,0.011,11.3,bench_option,auto_role_rank_heuristic,0.29,,False
29,2026-06-19,Group Stage,C,Haiti,Brazil,haiti_wilguens_paugain,Wilguens Paugain,Defender,Defender,4,0.1994,B,0.657,0.795,60.1,,,0.795,60.1,locked_starter,auto_role_rank_heuristic,0.62,,False
29,2026-06-19,Group Stage,C,Haiti,Brazil,haiti_derrick_etienne,Derrick Etienne,Forward,Forward,7,0.1519,C,0.443,0.337,36.3,,,0.337,36.3,rotation,auto_role_rank_heuristic,0.493,,False
29,2026-06-19,Group Stage,C,Haiti,Brazil,haiti_duckens_nazon,Duckens Nazon,Forward,Forward,4,0.3166,D,0.35,0.286,34.2,,,0.286,34.2,rotation,auto_role_rank_heuristic,0.422,,False
29,2026-06-19,Group Stage,C,Haiti,Brazil,haiti_frantzdy_pierrot,Frantzdy Pierrot,Forward,Forward,3,0.3383,D,0.208,0.612,47.8,,,0.612,47.8,probable_starter,auto_role_rank_heuristic,0.377,,False
29,2026-06-19,Group Stage,C,Haiti,Brazil,haiti_josue_casimir,Josue Casimir,Forward,Forward,2,0.4375,A,0.827,0.815,56.2,,,0.815,56.2,locked_starter,auto_role_rank_heuristic,0.779,,False
29,2026-06-19,Group Stage,C,Haiti,Brazil,haiti_lenny_joseph,Lenny Joseph,Forward,Forward,8,0.0,D,0.2,0.011,22.7,,,0.011,22.7,bench_option,auto_role_rank_heuristic,0.29,,False
29,2026-06-19,Group Stage,C,Haiti,Brazil,haiti_louicius_deedson,Louicius Deedson,Forward,Forward,6,0.1901,D,0.217,0.275,33.7,,,0.275,33.7,rotation,auto_role_rank_heuristic,0.343,,False
29,2026-06-19,Group Stage,C,Haiti,Brazil,haiti_ruben_providence,Ruben Providence,Forward,Forward,5,0.2063,D,0.35,0.278,33.8,,,0.278,33.8,rotation,auto_role_rank_heuristic,0.394,,False
29,2026-06-19,Group Stage,C,Haiti,Brazil,haiti_wilson_isidor,Wilson Isidor,Forward,Forward,1,0.4719,A,0.797,0.819,56.4,,,0.819,56.4,locked_starter,auto_role_rank_heuristic,0.777,,False
29,2026-06-19,Group Stage,C,Haiti,Brazil,haiti_yassin_fortune,Yassin Fortune,Forward,Forward,9,0.0,D,0.2,0.011,22.7,,,0.011,22.7,bench_option,auto_role_rank_heuristic,0.29,,False
29,2026-06-19,Group Stage,C,Haiti,Brazil,haiti_alexandre_pierre,Alexandre Pierre,Goalkeeper,Goalkeeper,2,0.2363,D,0.35,0.085,6.8,,,0.085,6.8,bench_option,auto_role_rank_heuristic,0.402,,False
29,2026-06-19,Group Stage,C,Haiti,Brazil,haiti_johny_placide,Johny Placide,Goalkeeper,Goalkeeper,1,0.4849,C,0.55,0.841,67.3,,,0.841,67.3,locked_starter,auto_role_rank_heuristic,0.614,,False
29,2026-06-19,Group Stage,C,Haiti,Brazil,haiti_josue_duverger,Josue Duverger,Goalkeeper,Goalkeeper,3,0.0,D,0.2,0.011,0.9,,,0.011,0.9,bench_option,auto_role_rank_heuristic,0.29,,False
29,2026-06-19,Group Stage,C,Haiti,Brazil,haiti_carl_sainte,Carl Sainte,Midfielder,Midfielder,3,0.0,D,0.2,0.518,44.4,,,0.518,44.4,rotation,auto_role_rank_heuristic,0.29,,False
29,2026-06-19,Group Stage,C,Haiti,Brazil,haiti_danley_jean_jacques,Danley Jean Jacques,Midfielder,Midfielder,2,0.3738,B,0.646,0.788,57.4,,,0.788,57.4,locked_starter,auto_role_rank_heuristic,0.66,,False
29,2026-06-19,Group Stage,C,Haiti,Brazil,haiti_dominique_simon,Dominique Simon,Midfielder,Midfielder,4,0.0,D,0.2,0.518,44.4,,,0.518,44.4,rotation,auto_role_rank_heuristic,0.29,,False
29,2026-06-19,Group Stage,C,Haiti,Brazil,haiti_jean_ricner_bellegarde,Jean-Ricner Bellegarde,Midfielder,Midfielder,1,0.5004,A,0.804,0.842,59.9,,,0.842,59.9,locked_starter,auto_role_rank_heuristic,0.786,,False
29,2026-06-19,Group Stage,C,Haiti,Brazil,haiti_leverton_pierre,Leverton Pierre,Midfielder,Midfielder,5,0.0,D,0.2,0.173,27.8,,,0.173,27.8,bench_option,auto_role_rank_heuristic,0.29,,False
29,2026-06-19,Group Stage,C,Haiti,Brazil,haiti_woodensky_pierre,Woodensky Pierre,Midfielder,Midfielder,6,0.0,D,0.2,0.173,27.8,,,0.173,27.8,bench_option,auto_role_rank_heuristic,0.29,,False
30,2026-06-19,Group Stage,C,Scotland,Morocco,scotland_aaron_hickey,Aaron Hickey,Defender,Defender,3,0.3109,C,0.446,0.685,54.5,,,0.685,54.5,probable_starter,auto_role_rank_heuristic,0.534,,False
30,2026-06-19,Group Stage,C,Scotland,Morocco,scotland_andy_robertson,Andy Robertson,Defender,Defender,9,0.0,D,0.2,0.01,11.5,,,0.01,11.5,bench_option,auto_role_rank_heuristic,0.29,,False
30,2026-06-19,Group Stage,C,Scotland,Morocco,scotland_anthony_ralston,Anthony Ralston,Defender,Defender,8,0.2242,D,0.2,0.039,13.4,,,0.039,13.4,bench_option,auto_role_rank_heuristic,0.346,,False
30,2026-06-19,Group Stage,C,Scotland,Morocco,scotland_dominic_hyam,Dominic Hyam,Defender,Defender,10,0.0,D,0.2,0.01,11.5,,,0.01,11.5,bench_option,auto_role_rank_heuristic,0.29,,False
30,2026-06-19,Group Stage,C,Scotland,Morocco,scotland_grant_hanley,Grant Hanley,Defender,Defender,6,0.2419,D,0.2,0.184,22.6,,,0.184,22.6,bench_option,auto_role_rank_heuristic,0.35,,False
30,2026-06-19,Group Stage,C,Scotland,Morocco,scotland_jack_hendry,Jack Hendry,Defender,Defender,1,0.5891,B,0.763,0.79,61.2,,,0.79,61.2,locked_starter,auto_role_rank_heuristic,0.754,,False
30,2026-06-19,Group Stage,C,Scotland,Morocco,scotland_john_souttar,John Souttar,Defender,Defender,2,0.4536,C,0.55,0.696,55.2,,,0.696,55.2,probable_starter,auto_role_rank_heuristic,0.606,,False
30,2026-06-19,Group Stage,C,Scotland,Morocco,scotland_kieran_tierney,Kieran Tierney,Defender,Defender,4,0.2623,D,0.2,0.619,50.3,,,0.619,50.3,probable_starter,auto_role_rank_heuristic,0.356,,False
30,2026-06-19,Group Stage,C,Scotland,Morocco,scotland_mckenna_scott,McKENNA Scott,Defender,Defender,7,0.2339,D,0.2,0.184,22.6,,,0.184,22.6,bench_option,auto_role_rank_heuristic,0.348,,False
30,2026-06-19,Group Stage,C,Scotland,Morocco,scotland_nathan_patterson,Nathan Patterson,Defender,Defender,5,0.2599,D,0.216,0.269,28.0,,,0.269,28.0,rotation,auto_role_rank_heuristic,0.361,,False
30,2026-06-19,Group Stage,C,Scotland,Morocco,scotland_ben_gannon_doak,Ben Gannon-Doak,Forward,Forward,5,0.2729,D,0.208,0.27,34.3,,,0.27,34.3,rotation,auto_role_rank_heuristic,0.361,,False
30,2026-06-19,Group Stage,C,Scotland,Morocco,scotland_che_adams,Che Adams,Forward,Forward,1,0.5712,A,0.858,0.789,56.4,,,0.789,56.4,locked_starter,auto_role_rank_heuristic,0.823,,False
30,2026-06-19,Group Stage,C,Scotland,Morocco,scotland_findlay_curtis,Findlay Curtis,Forward,Forward,7,0.1783,D,0.2,0.261,33.9,,,0.261,33.9,rotation,auto_role_rank_heuristic,0.335,,False
30,2026-06-19,Group Stage,C,Scotland,Morocco,scotland_george_hirst,George Hirst,Forward,Forward,4,0.2917,D,0.35,0.271,34.3,,,0.271,34.3,rotation,auto_role_rank_heuristic,0.415,,False
30,2026-06-19,Group Stage,C,Scotland,Morocco,scotland_lawrence_shankland,Lawrence Shankland,Forward,Forward,2,0.3542,C,0.55,0.646,50.3,,,0.646,50.3,probable_starter,auto_role_rank_heuristic,0.581,,False
30,2026-06-19,Group Stage,C,Scotland,Morocco,scotland_lyndon_dykes,Lyndon Dykes,Forward,Forward,3,0.351,D,0.35,0.585,47.7,,,0.585,47.7,probable_starter,auto_role_rank_heuristic,0.43,,False
30,2026-06-19,Group Stage,C,Scotland,Morocco,scotland_ross_stewart,Ross Stewart,Forward,Forward,6,0.197,D,0.2,0.264,34.0,,,0.264,34.0,rotation,auto_role_rank_heuristic,0.339,,False
30,2026-06-19,Group Stage,C,Scotland,Morocco,scotland_angus_gunn,Angus Gunn,Goalkeeper,Goalkeeper,2,0.4642,D,0.203,0.1,8.2,,,0.1,8.2,bench_option,auto_role_rank_heuristic,0.407,,False
30,2026-06-19,Group Stage,C,Scotland,Morocco,scotland_craig_gordon,Craig Gordon,Goalkeeper,Goalkeeper,1,0.4675,C,0.55,0.8,65.5,,,0.8,65.5,locked_starter,auto_role_rank_heuristic,0.609,,False
30,2026-06-19,Group Stage,C,Scotland,Morocco,scotland_liam_kelly,Liam Kelly,Goalkeeper,Goalkeeper,3,0.4101,C,0.55,0.034,2.8,,,0.034,2.8,bench_option,auto_role_rank_heuristic,0.595,,False
30,2026-06-19,Group Stage,C,Scotland,Morocco,scotland_lewis_ferguson,Lewis Ferguson,Midfielder,Midfielder,1,0.5821,A,0.833,0.81,59.8,,,0.81,59.8,locked_starter,auto_role_rank_heuristic,0.817,,False
30,2026-06-19,Group Stage,C,Scotland,Morocco,scotland_mcginn_john,McGINN John,Midfielder,Midfielder,2,0.5294,C,0.55,0.681,53.4,,,0.681,53.4,probable_starter,auto_role_rank_heuristic,0.625,,False
30,2026-06-19,Group Stage,C,Scotland,Morocco,scotland_mclean_kenny,McLEAN Kenny,Midfielder,Midfielder,4,0.4682,C,0.55,0.676,53.2,,,0.676,53.2,probable_starter,auto_role_rank_heuristic,0.61,,False
30,2026-06-19,Group Stage,C,Scotland,Morocco,scotland_mctominay_scott,McTOMINAY Scott,Midfielder,Midfielder,5,0.3807,D,0.35,0.278,33.7,,,0.278,33.7,rotation,auto_role_rank_heuristic,0.438,,False
30,2026-06-19,Group Stage,C,Scotland,Morocco,scotland_ryan_christie,Ryan Christie,Midfielder,Midfielder,3,0.5003,A,0.783,0.803,59.4,,,0.803,59.4,locked_starter,auto_role_rank_heuristic,0.779,,False
30,2026-06-19,Group Stage,C,Scotland,Morocco,scotland_tyler_fletcher,Tyler Fletcher,Midfielder,Midfielder,6,0.0027,D,0.201,0.247,32.1,,,0.247,32.1,rotation,auto_role_rank_heuristic,0.291,,False
30,2026-06-19,Group Stage,C,Morocco,Scotland,morocco_achraf_hakimi,Achraf Hakimi,Defender,Defender,4,0.6326,A,0.815,0.68,53.5,,,0.68,53.5,probable_starter,auto_role_rank_heuristic,0.823,,False
30,2026-06-19,Group Stage,C,Morocco,Scotland,morocco_anass_salah_eddine,Anass Salah Eddine,Defender,Defender,5,0.4022,B,0.641,0.345,32.5,,,0.345,32.5,rotation,auto_role_rank_heuristic,0.665,,False
30,2026-06-19,Group Stage,C,Morocco,Scotland,morocco_chadi_riad,Chadi Riad,Defender,Defender,8,0.2723,C,0.437,0.085,16.1,,,0.085,16.1,bench_option,auto_role_rank_heuristic,0.521,,False
30,2026-06-19,Group Stage,C,Morocco,Scotland,morocco_issa_diop,Issa Diop,Defender,Defender,6,0.3777,C,0.454,0.277,28.2,,,0.277,28.2,rotation,auto_role_rank_heuristic,0.553,,False
30,2026-06-19,Group Stage,C,Morocco,Scotland,morocco_nayef_aguerd,Nayef Aguerd,Defender,Defender,3,0.6927,A,0.831,0.683,53.7,,,0.683,53.7,probable_starter,auto_role_rank_heuristic,0.844,,False
30,2026-06-19,Group Stage,C,Morocco,Scotland,morocco_noussair_mazraoui,Noussair Mazraoui,Defender,Defender,7,0.3776,A,0.782,0.377,34.5,,,0.377,34.5,rotation,auto_role_rank_heuristic,0.748,,False
30,2026-06-19,Group Stage,C,Morocco,Scotland,morocco_redouane_halhal,Redouane Halhal,Defender,Defender,1,0.7814,B,0.787,0.656,52.0,,,0.656,52.0,probable_starter,auto_role_rank_heuristic,0.811,,False
30,2026-06-19,Group Stage,C,Morocco,Scotland,morocco_youssef_belammari,Youssef Belammari,Defender,Defender,9,0.0,D,0.2,0.01,11.4,,,0.01,11.4,bench_option,auto_role_rank_heuristic,0.29,,False
30,2026-06-19,Group Stage,C,Morocco,Scotland,morocco_zakaria_el_ouahdi,Zakaria el Ouahdi,Defender,Defender,2,0.7493,B,0.799,0.654,51.9,,,0.654,51.9,probable_starter,auto_role_rank_heuristic,0.807,,False
30,2026-06-19,Group Stage,C,Morocco,Scotland,morocco_abde_ezzalzouli,Abde Ezzalzouli,Forward,Forward,1,0.7898,A,0.887,0.656,50.1,,,0.656,50.1,probable_starter,auto_role_rank_heuristic,0.88,,False
30,2026-06-19,Group Stage,C,Morocco,Scotland,morocco_ayoub_el_kaabi,Ayoub el Kaabi,Forward,Forward,3,0.1675,D,0.2,0.396,39.2,,,0.396,39.2,rotation,auto_role_rank_heuristic,0.332,,False
30,2026-06-19,Group Stage,C,Morocco,Scotland,morocco_ayoube_amaimouni,Ayoube Amaimouni,Forward,Forward,4,0.0879,C,0.439,0.257,33.3,,,0.257,33.3,rotation,auto_role_rank_heuristic,0.476,,False
30,2026-06-19,Group Stage,C,Morocco,Scotland,morocco_brahim_diaz,Brahim Diaz,Forward,Forward,2,0.5194,A,0.805,0.639,49.4,,,0.639,49.4,probable_starter,auto_role_rank_heuristic,0.792,,False
30,2026-06-19,Group Stage,C,Morocco,Scotland,morocco_soufiane_rahimi,Soufiane Rahimi,Forward,Forward,5,0.0,D,0.2,0.134,28.1,,,0.134,28.1,bench_option,auto_role_rank_heuristic,0.29,,False
30,2026-06-19,Group Stage,C,Morocco,Scotland,morocco_ahmed_reda_tagnaouti,Ahmed Reda Tagnaouti,Goalkeeper,Goalkeeper,3,0.0,D,0.2,0.01,0.8,,,0.01,0.8,bench_option,auto_role_rank_heuristic,0.29,,False
30,2026-06-19,Group Stage,C,Morocco,Scotland,morocco_munir_el_kajoui,Munir el Kajoui,Goalkeeper,Goalkeeper,2,0.4688,C,0.55,0.132,10.7,,,0.132,10.7,bench_option,auto_role_rank_heuristic,0.61,,False
30,2026-06-19,Group Stage,C,Morocco,Scotland,morocco_yassine_bounou,Yassine Bounou,Goalkeeper,Goalkeeper,1,0.8749,B,0.745,0.746,60.3,,,0.746,60.3,probable_starter,auto_role_rank_heuristic,0.819,,False
30,2026-06-19,Group Stage,C,Morocco,Scotland,morocco_ayyoub_bouaddi,Ayyoub Bouaddi,Midfielder,Midfielder,5,0.5382,A,0.893,0.388,38.6,,,0.388,38.6,rotation,auto_role_rank_heuristic,0.827,,False
30,2026-06-19,Group Stage,C,Morocco,Scotland,morocco_azzedine_ounahi,Azzedine Ounahi,Midfielder,Midfielder,3,0.6288,A,0.847,0.662,51.8,,,0.662,51.8,probable_starter,auto_role_rank_heuristic,0.834,,False
30,2026-06-19,Group Stage,C,Morocco,Scotland,morocco_bilal_el_khannouss,Bilal el Khannouss,Midfielder,Midfielder,2,0.6596,A,0.836,0.665,52.0,,,0.665,52.0,probable_starter,auto_role_rank_heuristic,0.837,,False
30,2026-06-19,Group Stage,C,Morocco,Scotland,morocco_chemsdine_talbi,Chemsdine Talbi,Midfielder,Midfielder,7,0.482,A,0.83,0.385,38.4,,,0.385,38.4,rotation,auto_role_rank_heuristic,0.791,,False
30,2026-06-19,Group Stage,C,Morocco,Scotland,morocco_gessime_yassine,Gessime Yassine,Midfielder,Midfielder,9,0.2349,C,0.434,0.1,24.6,,,0.1,24.6,bench_option,auto_role_rank_heuristic,0.511,,False
30,2026-06-19,Group Stage,C,Morocco,Scotland,morocco_ismael_saibari,Ismael Saibari,Midfielder,Midfielder,4,0.6129,B,0.728,0.628,50.2,,,0.628,50.2,probable_starter,auto_role_rank_heuristic,0.748,,False
30,2026-06-19,Group Stage,C,Morocco,Scotland,morocco_neil_el_aynaoui,Neil el Aynaoui,Midfielder,Midfielder,8,0.4759,A,0.783,0.384,38.4,,,0.384,38.4,rotation,auto_role_rank_heuristic,0.773,,False
30,2026-06-19,Group Stage,C,Morocco,Scotland,morocco_samir_el_mourabet,Samir el Mourabet,Midfielder,Midfielder,1,0.7104,A,0.877,0.668,52.1,,,0.668,52.1,probable_starter,auto_role_rank_heuristic,0.865,,False
30,2026-06-19,Group Stage,C,Morocco,Scotland,morocco_sofyan_amrabat,Sofyan Amrabat,Midfielder,Midfielder,6,0.4933,A,0.816,0.385,38.4,,,0.385,38.4,rotation,auto_role_rank_heuristic,0.789,,False
49,2026-06-24,Group Stage,C,Scotland,Brazil,scotland_aaron_hickey,Aaron Hickey,Defender,Defender,3,0.3109,C,0.446,0.685,54.5,,,0.685,54.5,probable_starter,auto_role_rank_heuristic,0.534,,False
49,2026-06-24,Group Stage,C,Scotland,Brazil,scotland_andy_robertson,Andy Robertson,Defender,Defender,9,0.0,D,0.2,0.01,11.5,,,0.01,11.5,bench_option,auto_role_rank_heuristic,0.29,,False
49,2026-06-24,Group Stage,C,Scotland,Brazil,scotland_anthony_ralston,Anthony Ralston,Defender,Defender,8,0.2242,D,0.2,0.039,13.4,,,0.039,13.4,bench_option,auto_role_rank_heuristic,0.346,,False
49,2026-06-24,Group Stage,C,Scotland,Brazil,scotland_dominic_hyam,Dominic Hyam,Defender,Defender,10,0.0,D,0.2,0.01,11.5,,,0.01,11.5,bench_option,auto_role_rank_heuristic,0.29,,False
49,2026-06-24,Group Stage,C,Scotland,Brazil,scotland_grant_hanley,Grant Hanley,Defender,Defender,6,0.2419,D,0.2,0.184,22.6,,,0.184,22.6,bench_option,auto_role_rank_heuristic,0.35,,False
49,2026-06-24,Group Stage,C,Scotland,Brazil,scotland_jack_hendry,Jack Hendry,Defender,Defender,1,0.5891,B,0.763,0.79,61.2,,,0.79,61.2,locked_starter,auto_role_rank_heuristic,0.754,,False
49,2026-06-24,Group Stage,C,Scotland,Brazil,scotland_john_souttar,John Souttar,Defender,Defender,2,0.4536,C,0.55,0.696,55.2,,,0.696,55.2,probable_starter,auto_role_rank_heuristic,0.606,,False
49,2026-06-24,Group Stage,C,Scotland,Brazil,scotland_kieran_tierney,Kieran Tierney,Defender,Defender,4,0.2623,D,0.2,0.619,50.3,,,0.619,50.3,probable_starter,auto_role_rank_heuristic,0.356,,False
49,2026-06-24,Group Stage,C,Scotland,Brazil,scotland_mckenna_scott,McKENNA Scott,Defender,Defender,7,0.2339,D,0.2,0.184,22.6,,,0.184,22.6,bench_option,auto_role_rank_heuristic,0.348,,False
49,2026-06-24,Group Stage,C,Scotland,Brazil,scotland_nathan_patterson,Nathan Patterson,Defender,Defender,5,0.2599,D,0.216,0.269,28.0,,,0.269,28.0,rotation,auto_role_rank_heuristic,0.361,,False
49,2026-06-24,Group Stage,C,Scotland,Brazil,scotland_ben_gannon_doak,Ben Gannon-Doak,Forward,Forward,5,0.2729,D,0.208,0.27,34.3,,,0.27,34.3,rotation,auto_role_rank_heuristic,0.361,,False
49,2026-06-24,Group Stage,C,Scotland,Brazil,scotland_che_adams,Che Adams,Forward,Forward,1,0.5712,A,0.858,0.789,56.4,,,0.789,56.4,locked_starter,auto_role_rank_heuristic,0.823,,False
49,2026-06-24,Group Stage,C,Scotland,Brazil,scotland_findlay_curtis,Findlay Curtis,Forward,Forward,7,0.1783,D,0.2,0.261,33.9,,,0.261,33.9,rotation,auto_role_rank_heuristic,0.335,,False
49,2026-06-24,Group Stage,C,Scotland,Brazil,scotland_george_hirst,George Hirst,Forward,Forward,4,0.2917,D,0.35,0.271,34.3,,,0.271,34.3,rotation,auto_role_rank_heuristic,0.415,,False
49,2026-06-24,Group Stage,C,Scotland,Brazil,scotland_lawrence_shankland,Lawrence Shankland,Forward,Forward,2,0.3542,C,0.55,0.646,50.3,,,0.646,50.3,probable_starter,auto_role_rank_heuristic,0.581,,False
49,2026-06-24,Group Stage,C,Scotland,Brazil,scotland_lyndon_dykes,Lyndon Dykes,Forward,Forward,3,0.351,D,0.35,0.585,47.7,,,0.585,47.7,probable_starter,auto_role_rank_heuristic,0.43,,False
49,2026-06-24,Group Stage,C,Scotland,Brazil,scotland_ross_stewart,Ross Stewart,Forward,Forward,6,0.197,D,0.2,0.264,34.0,,,0.264,34.0,rotation,auto_role_rank_heuristic,0.339,,False
49,2026-06-24,Group Stage,C,Scotland,Brazil,scotland_angus_gunn,Angus Gunn,Goalkeeper,Goalkeeper,2,0.4642,D,0.203,0.1,8.2,,,0.1,8.2,bench_option,auto_role_rank_heuristic,0.407,,False
49,2026-06-24,Group Stage,C,Scotland,Brazil,scotland_craig_gordon,Craig Gordon,Goalkeeper,Goalkeeper,1,0.4675,C,0.55,0.8,65.5,,,0.8,65.5,locked_starter,auto_role_rank_heuristic,0.609,,False
49,2026-06-24,Group Stage,C,Scotland,Brazil,scotland_liam_kelly,Liam Kelly,Goalkeeper,Goalkeeper,3,0.4101,C,0.55,0.034,2.8,,,0.034,2.8,bench_option,auto_role_rank_heuristic,0.595,,False
49,2026-06-24,Group Stage,C,Scotland,Brazil,scotland_lewis_ferguson,Lewis Ferguson,Midfielder,Midfielder,1,0.5821,A,0.833,0.81,59.8,,,0.81,59.8,locked_starter,auto_role_rank_heuristic,0.817,,False
49,2026-06-24,Group Stage,C,Scotland,Brazil,scotland_mcginn_john,McGINN John,Midfielder,Midfielder,2,0.5294,C,0.55,0.681,53.4,,,0.681,53.4,probable_starter,auto_role_rank_heuristic,0.625,,False
49,2026-06-24,Group Stage,C,Scotland,Brazil,scotland_mclean_kenny,McLEAN Kenny,Midfielder,Midfielder,4,0.4682,C,0.55,0.676,53.2,,,0.676,53.2,probable_starter,auto_role_rank_heuristic,0.61,,False
49,2026-06-24,Group Stage,C,Scotland,Brazil,scotland_mctominay_scott,McTOMINAY Scott,Midfielder,Midfielder,5,0.3807,D,0.35,0.278,33.7,,,0.278,33.7,rotation,auto_role_rank_heuristic,0.438,,False
49,2026-06-24,Group Stage,C,Scotland,Brazil,scotland_ryan_christie,Ryan Christie,Midfielder,Midfielder,3,0.5003,A,0.783,0.803,59.4,,,0.803,59.4,locked_starter,auto_role_rank_heuristic,0.779,,False
49,2026-06-24,Group Stage,C,Scotland,Brazil,scotland_tyler_fletcher,Tyler Fletcher,Midfielder,Midfielder,6,0.0027,D,0.201,0.247,32.1,,,0.247,32.1,rotation,auto_role_rank_heuristic,0.291,,False
49,2026-06-24,Group Stage,C,Brazil,Scotland,brazil_alex_sandro,Alex Sandro,Defender,Defender,6,0.2859,D,0.35,0.226,24.9,,,0.226,24.9,rotation,auto_role_rank_heuristic,0.414,,False
49,2026-06-24,Group Stage,C,Brazil,Scotland,brazil_bremer,Bremer,Defender,Defender,7,0.2847,D,0.35,0.226,24.9,,,0.226,24.9,rotation,auto_role_rank_heuristic,0.414,,False
49,2026-06-24,Group Stage,C,Brazil,Scotland,brazil_danilo,Danilo,Defender,Defender,8,0.1792,D,0.219,0.029,12.6,,,0.029,12.6,bench_option,auto_role_rank_heuristic,0.341,,False
49,2026-06-24,Group Stage,C,Brazil,Scotland,brazil_douglas_santos,Douglas Santos,Defender,Defender,5,0.3088,D,0.35,0.228,25.0,,,0.228,25.0,rotation,auto_role_rank_heuristic,0.42,,False
49,2026-06-24,Group Stage,C,Brazil,Scotland,brazil_gabriel_magalhaes,Gabriel Magalhaes,Defender,Defender,4,0.4127,A,0.929,0.683,53.5,,,0.683,53.5,probable_starter,auto_role_rank_heuristic,0.808,,False
49,2026-06-24,Group Stage,C,Brazil,Scotland,brazil_leo_pereira,Leo Pereira,Defender,Defender,9,0.0175,D,0.2,0.01,11.4,,,0.01,11.4,bench_option,auto_role_rank_heuristic,0.294,,False
49,2026-06-24,Group Stage,C,Brazil,Scotland,brazil_marquinhos,Marquinhos,Defender,Defender,3,0.4391,A,0.788,0.684,53.6,,,0.684,53.6,probable_starter,auto_role_rank_heuristic,0.766,,False
49,2026-06-24,Group Stage,C,Brazil,Scotland,brazil_roger_ibanez,Roger Ibanez,Defender,Defender,1,0.7322,B,0.752,0.67,52.7,,,0.67,52.7,probable_starter,auto_role_rank_heuristic,0.786,,False
49,2026-06-24,Group Stage,C,Brazil,Scotland,brazil_wesley,Wesley,Defender,Defender,2,0.4566,A,0.943,0.686,53.7,,,0.686,53.7,probable_starter,auto_role_rank_heuristic,0.824,,False
49,2026-06-24,Group Stage,C,Brazil,Scotland,brazil_endrick,Endrick,Forward,Forward,7,0.2306,A,0.802,0.377,38.2,,,0.377,38.2,rotation,auto_role_rank_heuristic,0.718,,False
49,2026-06-24,Group Stage,C,Brazil,Scotland,brazil_gabriel_martinelli,Gabriel Martinelli,Forward,Forward,5,0.4961,A,0.79,0.396,39.0,,,0.396,39.0,rotation,auto_role_rank_heuristic,0.781,,False
49,2026-06-24,Group Stage,C,Brazil,Scotland,brazil_igor_thiago,Igor Thiago,Forward,Forward,2,0.7227,A,0.95,0.67,50.6,,,0.67,50.6,probable_starter,auto_role_rank_heuristic,0.88,,False
49,2026-06-24,Group Stage,C,Brazil,Scotland,brazil_luiz_henrique,Luiz Henrique,Forward,Forward,6,0.2467,D,0.35,0.224,31.8,,,0.224,31.8,rotation,auto_role_rank_heuristic,0.404,,False
49,2026-06-24,Group Stage,C,Brazil,Scotland,brazil_matheus_cunha,Matheus Cunha,Forward,Forward,3,0.6653,A,0.908,0.665,50.4,,,0.665,50.4,probable_starter,auto_role_rank_heuristic,0.864,,False
49,2026-06-24,Group Stage,C,Brazil,Scotland,brazil_neymar_jr,Neymar Jr,Forward,Forward,9,0.0,D,0.2,0.01,22.8,,,0.01,22.8,bench_option,auto_role_rank_heuristic,0.29,,False
49,2026-06-24,Group Stage,C,Brazil,Scotland,brazil_raphinha,Raphinha,Forward,Forward,4,0.5645,A,0.815,0.4,39.2,,,0.4,39.2,rotation,auto_role_rank_heuristic,0.806,,False
49,2026-06-24,Group Stage,C,Brazil,Scotland,brazil_rayan,Rayan,Forward,Forward,8,0.1667,A,0.793,0.192,30.5,,,0.192,30.5,bench_option,auto_role_rank_heuristic,0.699,,False
49,2026-06-24,Group Stage,C,Brazil,Scotland,brazil_vinicius_junior,Vinicius Junior,Forward,Forward,1,0.8205,A,0.935,0.676,50.8,,,0.676,50.8,probable_starter,auto_role_rank_heuristic,0.88,,False
49,2026-06-24,Group Stage,C,Brazil,Scotland,brazil_alisson,Alisson,Goalkeeper,Goalkeeper,2,0.8818,A,0.895,0.268,21.6,,,0.268,21.6,rotation,auto_role_rank_heuristic,0.88,,False
49,2026-06-24,Group Stage,C,Brazil,Scotland,brazil_ederson,Ederson,Goalkeeper,Goalkeeper,1,0.9219,A,0.95,0.804,64.8,,,0.804,64.8,locked_starter,auto_role_rank_heuristic,0.88,,False
49,2026-06-24,Group Stage,C,Brazil,Scotland,brazil_weverton,Weverton,Goalkeeper,Goalkeeper,3,0.02,D,0.2,0.01,0.8,,,0.01,0.8,bench_option,auto_role_rank_heuristic,0.295,,False
49,2026-06-24,Group Stage,C,Brazil,Scotland,brazil_bruno_guimaraes,Bruno Guimaraes,Midfielder,Midfielder,3,0.681,A,0.904,0.683,52.7,,,0.683,52.7,probable_starter,auto_role_rank_heuristic,0.867,,False
49,2026-06-24,Group Stage,C,Brazil,Scotland,brazil_casemiro,Casemiro,Midfielder,Midfielder,1,0.9082,A,0.914,0.7,53.5,,,0.7,53.5,probable_starter,auto_role_rank_heuristic,0.88,,False
49,2026-06-24,Group Stage,C,Brazil,Scotland,brazil_danilo_santos,Danilo Santos,Midfielder,Midfielder,5,0.0,D,0.2,0.138,26.4,,,0.138,26.4,bench_option,auto_role_rank_heuristic,0.29,,False
49,2026-06-24,Group Stage,C,Brazil,Scotland,brazil_fabinho,Fabinho,Midfielder,Midfielder,2,0.8855,B,0.77,0.664,51.8,,,0.664,51.8,probable_starter,auto_role_rank_heuristic,0.831,,False
49,2026-06-24,Group Stage,C,Brazil,Scotland,brazil_lucas_paqueta,Lucas Paqueta,Midfielder,Midfielder,4,0.6421,A,0.826,0.681,52.6,,,0.681,52.6,probable_starter,auto_role_rank_heuristic,0.83,,False
50,2026-06-24,Group Stage,C,Morocco,Haiti,morocco_achraf_hakimi,Achraf Hakimi,Defender,Defender,4,0.6326,A,0.815,0.68,53.5,,,0.68,53.5,probable_starter,auto_role_rank_heuristic,0.823,,False
50,2026-06-24,Group Stage,C,Morocco,Haiti,morocco_anass_salah_eddine,Anass Salah Eddine,Defender,Defender,5,0.4022,B,0.641,0.345,32.5,,,0.345,32.5,rotation,auto_role_rank_heuristic,0.665,,False
50,2026-06-24,Group Stage,C,Morocco,Haiti,morocco_chadi_riad,Chadi Riad,Defender,Defender,8,0.2723,C,0.437,0.085,16.1,,,0.085,16.1,bench_option,auto_role_rank_heuristic,0.521,,False
50,2026-06-24,Group Stage,C,Morocco,Haiti,morocco_issa_diop,Issa Diop,Defender,Defender,6,0.3777,C,0.454,0.277,28.2,,,0.277,28.2,rotation,auto_role_rank_heuristic,0.553,,False
50,2026-06-24,Group Stage,C,Morocco,Haiti,morocco_nayef_aguerd,Nayef Aguerd,Defender,Defender,3,0.6927,A,0.831,0.683,53.7,,,0.683,53.7,probable_starter,auto_role_rank_heuristic,0.844,,False
50,2026-06-24,Group Stage,C,Morocco,Haiti,morocco_noussair_mazraoui,Noussair Mazraoui,Defender,Defender,7,0.3776,A,0.782,0.377,34.5,,,0.377,34.5,rotation,auto_role_rank_heuristic,0.748,,False
50,2026-06-24,Group Stage,C,Morocco,Haiti,morocco_redouane_halhal,Redouane Halhal,Defender,Defender,1,0.7814,B,0.787,0.656,52.0,,,0.656,52.0,probable_starter,auto_role_rank_heuristic,0.811,,False
50,2026-06-24,Group Stage,C,Morocco,Haiti,morocco_youssef_belammari,Youssef Belammari,Defender,Defender,9,0.0,D,0.2,0.01,11.4,,,0.01,11.4,bench_option,auto_role_rank_heuristic,0.29,,False
50,2026-06-24,Group Stage,C,Morocco,Haiti,morocco_zakaria_el_ouahdi,Zakaria el Ouahdi,Defender,Defender,2,0.7493,B,0.799,0.654,51.9,,,0.654,51.9,probable_starter,auto_role_rank_heuristic,0.807,,False
50,2026-06-24,Group Stage,C,Morocco,Haiti,morocco_abde_ezzalzouli,Abde Ezzalzouli,Forward,Forward,1,0.7898,A,0.887,0.656,50.1,,,0.656,50.1,probable_starter,auto_role_rank_heuristic,0.88,,False
50,2026-06-24,Group Stage,C,Morocco,Haiti,morocco_ayoub_el_kaabi,Ayoub el Kaabi,Forward,Forward,3,0.1675,D,0.2,0.396,39.2,,,0.396,39.2,rotation,auto_role_rank_heuristic,0.332,,False
50,2026-06-24,Group Stage,C,Morocco,Haiti,morocco_ayoube_amaimouni,Ayoube Amaimouni,Forward,Forward,4,0.0879,C,0.439,0.257,33.3,,,0.257,33.3,rotation,auto_role_rank_heuristic,0.476,,False
50,2026-06-24,Group Stage,C,Morocco,Haiti,morocco_brahim_diaz,Brahim Diaz,Forward,Forward,2,0.5194,A,0.805,0.639,49.4,,,0.639,49.4,probable_starter,auto_role_rank_heuristic,0.792,,False
50,2026-06-24,Group Stage,C,Morocco,Haiti,morocco_soufiane_rahimi,Soufiane Rahimi,Forward,Forward,5,0.0,D,0.2,0.134,28.1,,,0.134,28.1,bench_option,auto_role_rank_heuristic,0.29,,False
50,2026-06-24,Group Stage,C,Morocco,Haiti,morocco_ahmed_reda_tagnaouti,Ahmed Reda Tagnaouti,Goalkeeper,Goalkeeper,3,0.0,D,0.2,0.01,0.8,,,0.01,0.8,bench_option,auto_role_rank_heuristic,0.29,,False
50,2026-06-24,Group Stage,C,Morocco,Haiti,morocco_munir_el_kajoui,Munir el Kajoui,Goalkeeper,Goalkeeper,2,0.4688,C,0.55,0.132,10.7,,,0.132,10.7,bench_option,auto_role_rank_heuristic,0.61,,False
50,2026-06-24,Group Stage,C,Morocco,Haiti,morocco_yassine_bounou,Yassine Bounou,Goalkeeper,Goalkeeper,1,0.8749,B,0.745,0.746,60.3,,,0.746,60.3,probable_starter,auto_role_rank_heuristic,0.819,,False
50,2026-06-24,Group Stage,C,Morocco,Haiti,morocco_ayyoub_bouaddi,Ayyoub Bouaddi,Midfielder,Midfielder,5,0.5382,A,0.893,0.388,38.6,,,0.388,38.6,rotation,auto_role_rank_heuristic,0.827,,False
50,2026-06-24,Group Stage,C,Morocco,Haiti,morocco_azzedine_ounahi,Azzedine Ounahi,Midfielder,Midfielder,3,0.6288,A,0.847,0.662,51.8,,,0.662,51.8,probable_starter,auto_role_rank_heuristic,0.834,,False
50,2026-06-24,Group Stage,C,Morocco,Haiti,morocco_bilal_el_khannouss,Bilal el Khannouss,Midfielder,Midfielder,2,0.6596,A,0.836,0.665,52.0,,,0.665,52.0,probable_starter,auto_role_rank_heuristic,0.837,,False
50,2026-06-24,Group Stage,C,Morocco,Haiti,morocco_chemsdine_talbi,Chemsdine Talbi,Midfielder,Midfielder,7,0.482,A,0.83,0.385,38.4,,,0.385,38.4,rotation,auto_role_rank_heuristic,0.791,,False
50,2026-06-24,Group Stage,C,Morocco,Haiti,morocco_gessime_yassine,Gessime Yassine,Midfielder,Midfielder,9,0.2349,C,0.434,0.1,24.6,,,0.1,24.6,bench_option,auto_role_rank_heuristic,0.511,,False
50,2026-06-24,Group Stage,C,Morocco,Haiti,morocco_ismael_saibari,Ismael Saibari,Midfielder,Midfielder,4,0.6129,B,0.728,0.628,50.2,,,0.628,50.2,probable_starter,auto_role_rank_heuristic,0.748,,False
50,2026-06-24,Group Stage,C,Morocco,Haiti,morocco_neil_el_aynaoui,Neil el Aynaoui,Midfielder,Midfielder,8,0.4759,A,0.783,0.384,38.4,,,0.384,38.4,rotation,auto_role_rank_heuristic,0.773,,False
50,2026-06-24,Group Stage,C,Morocco,Haiti,morocco_samir_el_mourabet,Samir el Mourabet,Midfielder,Midfielder,1,0.7104,A,0.877,0.668,52.1,,,0.668,52.1,probable_starter,auto_role_rank_heuristic,0.865,,False
50,2026-06-24,Group Stage,C,Morocco,Haiti,morocco_sofyan_amrabat,Sofyan Amrabat,Midfielder,Midfielder,6,0.4933,A,0.816,0.385,38.4,,,0.385,38.4,rotation,auto_role_rank_heuristic,0.789,,False
50,2026-06-24,Group Stage,C,Haiti,Morocco,haiti_carlens_arcus,Carlens Arcus,Defender,Defender,1,0.5121,A,0.87,0.865,64.5,,,0.865,64.5,locked_starter,auto_role_rank_heuristic,0.813,,False
50,2026-06-24,Group Stage,C,Haiti,Morocco,haiti_hannes_delcroix,Hannes Delcroix,Defender,Defender,3,0.2088,D,0.2,0.558,45.4,,,0.558,45.4,probable_starter,auto_role_rank_heuristic,0.342,,False
50,2026-06-24,Group Stage,C,Haiti,Morocco,haiti_jean_kevin_duverne,Jean-Kevin Duverne,Defender,Defender,2,0.4122,A,0.796,0.857,64.0,,,0.857,64.0,locked_starter,auto_role_rank_heuristic,0.762,,False
50,2026-06-24,Group Stage,C,Haiti,Morocco,haiti_keeto_thermoncy,Keeto Thermoncy,Defender,Defender,5,0.0,D,0.2,0.173,21.4,,,0.173,21.4,bench_option,auto_role_rank_heuristic,0.29,,False
50,2026-06-24,Group Stage,C,Haiti,Morocco,haiti_markhus_lacroix,Markhus Lacroix,Defender,Defender,6,0.0,D,0.2,0.173,21.4,,,0.173,21.4,bench_option,auto_role_rank_heuristic,0.29,,False
50,2026-06-24,Group Stage,C,Haiti,Morocco,haiti_martin_experience,Martin Experience,Defender,Defender,7,0.0,D,0.2,0.173,21.4,,,0.173,21.4,bench_option,auto_role_rank_heuristic,0.29,,False
50,2026-06-24,Group Stage,C,Haiti,Morocco,haiti_ricardo_ade,Ricardo Ade,Defender,Defender,8,0.0,D,0.2,0.011,11.3,,,0.011,11.3,bench_option,auto_role_rank_heuristic,0.29,,False
50,2026-06-24,Group Stage,C,Haiti,Morocco,haiti_wilguens_paugain,Wilguens Paugain,Defender,Defender,4,0.1994,B,0.657,0.795,60.1,,,0.795,60.1,locked_starter,auto_role_rank_heuristic,0.62,,False
50,2026-06-24,Group Stage,C,Haiti,Morocco,haiti_derrick_etienne,Derrick Etienne,Forward,Forward,7,0.1519,C,0.443,0.337,36.3,,,0.337,36.3,rotation,auto_role_rank_heuristic,0.493,,False
50,2026-06-24,Group Stage,C,Haiti,Morocco,haiti_duckens_nazon,Duckens Nazon,Forward,Forward,4,0.3166,D,0.35,0.286,34.2,,,0.286,34.2,rotation,auto_role_rank_heuristic,0.422,,False
50,2026-06-24,Group Stage,C,Haiti,Morocco,haiti_frantzdy_pierrot,Frantzdy Pierrot,Forward,Forward,3,0.3383,D,0.208,0.612,47.8,,,0.612,47.8,probable_starter,auto_role_rank_heuristic,0.377,,False
50,2026-06-24,Group Stage,C,Haiti,Morocco,haiti_josue_casimir,Josue Casimir,Forward,Forward,2,0.4375,A,0.827,0.815,56.2,,,0.815,56.2,locked_starter,auto_role_rank_heuristic,0.779,,False
50,2026-06-24,Group Stage,C,Haiti,Morocco,haiti_lenny_joseph,Lenny Joseph,Forward,Forward,8,0.0,D,0.2,0.011,22.7,,,0.011,22.7,bench_option,auto_role_rank_heuristic,0.29,,False
50,2026-06-24,Group Stage,C,Haiti,Morocco,haiti_louicius_deedson,Louicius Deedson,Forward,Forward,6,0.1901,D,0.217,0.275,33.7,,,0.275,33.7,rotation,auto_role_rank_heuristic,0.343,,False
50,2026-06-24,Group Stage,C,Haiti,Morocco,haiti_ruben_providence,Ruben Providence,Forward,Forward,5,0.2063,D,0.35,0.278,33.8,,,0.278,33.8,rotation,auto_role_rank_heuristic,0.394,,False
50,2026-06-24,Group Stage,C,Haiti,Morocco,haiti_wilson_isidor,Wilson Isidor,Forward,Forward,1,0.4719,A,0.797,0.819,56.4,,,0.819,56.4,locked_starter,auto_role_rank_heuristic,0.777,,False
50,2026-06-24,Group Stage,C,Haiti,Morocco,haiti_yassin_fortune,Yassin Fortune,Forward,Forward,9,0.0,D,0.2,0.011,22.7,,,0.011,22.7,bench_option,auto_role_rank_heuristic,0.29,,False
50,2026-06-24,Group Stage,C,Haiti,Morocco,haiti_alexandre_pierre,Alexandre Pierre,Goalkeeper,Goalkeeper,2,0.2363,D,0.35,0.085,6.8,,,0.085,6.8,bench_option,auto_role_rank_heuristic,0.402,,False
50,2026-06-24,Group Stage,C,Haiti,Morocco,haiti_johny_placide,Johny Placide,Goalkeeper,Goalkeeper,1,0.4849,C,0.55,0.841,67.3,,,0.841,67.3,locked_starter,auto_role_rank_heuristic,0.614,,False
50,2026-06-24,Group Stage,C,Haiti,Morocco,haiti_josue_duverger,Josue Duverger,Goalkeeper,Goalkeeper,3,0.0,D,0.2,0.011,0.9,,,0.011,0.9,bench_option,auto_role_rank_heuristic,0.29,,False
50,2026-06-24,Group Stage,C,Haiti,Morocco,haiti_carl_sainte,Carl Sainte,Midfielder,Midfielder,3,0.0,D,0.2,0.518,44.4,,,0.518,44.4,rotation,auto_role_rank_heuristic,0.29,,False
50,2026-06-24,Group Stage,C,Haiti,Morocco,haiti_danley_jean_jacques,Danley Jean Jacques,Midfielder,Midfielder,2,0.3738,B,0.646,0.788,57.4,,,0.788,57.4,locked_starter,auto_role_rank_heuristic,0.66,,False
50,2026-06-24,Group Stage,C,Haiti,Morocco,haiti_dominique_simon,Dominique Simon,Midfielder,Midfielder,4,0.0,D,0.2,0.518,44.4,,,0.518,44.4,rotation,auto_role_rank_heuristic,0.29,,False
50,2026-06-24,Group Stage,C,Haiti,Morocco,haiti_jean_ricner_bellegarde,Jean-Ricner Bellegarde,Midfielder,Midfielder,1,0.5004,A,0.804,0.842,59.9,,,0.842,59.9,locked_starter,auto_role_rank_heuristic,0.786,,False
50,2026-06-24,Group Stage,C,Haiti,Morocco,haiti_leverton_pierre,Leverton Pierre,Midfielder,Midfielder,5,0.0,D,0.2,0.173,27.8,,,0.173,27.8,bench_option,auto_role_rank_heuristic,0.29,,False
50,2026-06-24,Group Stage,C,Haiti,Morocco,haiti_woodensky_pierre,Woodensky Pierre,Midfielder,Midfielder,6,0.0,D,0.2,0.173,27.8,,,0.173,27.8,bench_option,auto_role_rank_heuristic,0.29,,False
4,2026-06-12,Group Stage,D,United States,Paraguay,united_states_alex_freeman,Alex Freeman,Defender,Defender,10,0.0756,D,0.223,0.022,12.2,,,0.022,12.2,bench_option,auto_role_rank_heuristic,0.317,,False
4,2026-06-12,Group Stage,D,United States,Paraguay,united_states_antonee_robinson,Antonee Robinson,Defender,Defender,5,0.477,A,0.824,0.389,35.4,,,0.389,35.4,rotation,auto_role_rank_heuristic,0.788,,False
4,2026-06-12,Group Stage,D,United States,Paraguay,united_states_auston_trusty,Auston Trusty,Defender,Defender,7,0.3533,C,0.55,0.279,28.4,,,0.279,28.4,rotation,auto_role_rank_heuristic,0.581,,False
4,2026-06-12,Group Stage,D,United States,Paraguay,united_states_chris_richards,Chris Richards,Defender,Defender,1,0.9165,A,0.936,0.708,55.5,,,0.708,55.5,probable_starter,auto_role_rank_heuristic,0.88,,False
4,2026-06-12,Group Stage,D,United States,Paraguay,united_states_joe_scally,Joe Scally,Defender,Defender,2,0.8137,A,0.917,0.701,55.1,,,0.701,55.1,probable_starter,auto_role_rank_heuristic,0.88,,False
4,2026-06-12,Group Stage,D,United States,Paraguay,united_states_max_arfsten,Max Arfsten,Defender,Defender,8,0.1923,B,0.657,0.149,20.2,,,0.149,20.2,bench_option,auto_role_rank_heuristic,0.618,,False
4,2026-06-12,Group Stage,D,United States,Paraguay,united_states_mckenzie_mark,McKENZIE Mark,Defender,Defender,6,0.46,C,0.55,0.286,28.9,,,0.286,28.9,rotation,auto_role_rank_heuristic,0.607,,False
4,2026-06-12,Group Stage,D,United States,Paraguay,united_states_miles_robinson,Miles Robinson,Defender,Defender,9,0.1517,C,0.44,0.078,15.7,,,0.078,15.7,bench_option,auto_role_rank_heuristic,0.492,,False
4,2026-06-12,Group Stage,D,United States,Paraguay,united_states_sergino_dest,Sergino Dest,Defender,Defender,3,0.7066,B,0.733,0.66,52.5,,,0.66,52.5,probable_starter,auto_role_rank_heuristic,0.773,,False
4,2026-06-12,Group Stage,D,United States,Paraguay,united_states_tim_ream,Tim Ream,Defender,Defender,4,0.5097,B,0.629,0.647,51.6,,,0.647,51.6,probable_starter,auto_role_rank_heuristic,0.688,,False
4,2026-06-12,Group Stage,D,United States,Paraguay,united_states_alex_zendejas,Alex Zendejas,Forward,Forward,7,0.0663,D,0.2,0.14,28.5,,,0.14,28.5,bench_option,auto_role_rank_heuristic,0.307,,False
4,2026-06-12,Group Stage,D,United States,Paraguay,united_states_brenden_aaronson,Brenden Aaronson,Forward,Forward,1,0.7026,A,0.904,0.659,50.5,,,0.659,50.5,probable_starter,auto_role_rank_heuristic,0.872,,False
4,2026-06-12,Group Stage,D,United States,Paraguay,united_states_christian_pulisic,Christian Pulisic,Forward,Forward,2,0.6629,A,0.834,0.657,50.4,,,0.657,50.4,probable_starter,auto_role_rank_heuristic,0.838,,False
4,2026-06-12,Group Stage,D,United States,Paraguay,united_states_folarin_balogun,Folarin Balogun,Forward,Forward,3,0.6491,A,0.886,0.656,50.3,,,0.656,50.3,probable_starter,auto_role_rank_heuristic,0.852,,False
4,2026-06-12,Group Stage,D,United States,Paraguay,united_states_haji_wright,Haji Wright,Forward,Forward,6,0.3088,D,0.35,0.225,32.1,,,0.225,32.1,rotation,auto_role_rank_heuristic,0.42,,False
4,2026-06-12,Group Stage,D,United States,Paraguay,united_states_ricardo_pepi,Ricardo Pepi,Forward,Forward,5,0.4972,B,0.668,0.357,37.7,,,0.357,37.7,rotation,auto_role_rank_heuristic,0.698,,False
4,2026-06-12,Group Stage,D,United States,Paraguay,united_states_timothy_weah,Timothy Weah,Forward,Forward,4,0.6051,A,0.888,0.398,39.4,,,0.398,39.4,rotation,auto_role_rank_heuristic,0.842,,False
4,2026-06-12,Group Stage,D,United States,Paraguay,united_states_chris_brady,Chris Brady,Goalkeeper,Goalkeeper,2,0.2065,B,0.655,0.184,14.9,,,0.184,14.9,bench_option,auto_role_rank_heuristic,0.621,,False
4,2026-06-12,Group Stage,D,United States,Paraguay,united_states_matt_freese,Matt Freese,Goalkeeper,Goalkeeper,3,0.2025,B,0.663,0.082,6.7,,,0.082,6.7,bench_option,auto_role_rank_heuristic,0.623,,False
4,2026-06-12,Group Stage,D,United States,Paraguay,united_states_matt_turner,Matt Turner,Goalkeeper,Goalkeeper,1,0.6151,B,0.655,0.738,59.9,,,0.738,59.9,probable_starter,auto_role_rank_heuristic,0.723,,False
4,2026-06-12,Group Stage,D,United States,Paraguay,united_states_cristian_roldan,Cristian Roldan,Midfielder,Midfielder,6,0.1434,B,0.63,0.332,36.0,,,0.332,36.0,rotation,auto_role_rank_heuristic,0.596,,False
4,2026-06-12,Group Stage,D,United States,Paraguay,united_states_giovanni_reyna,Giovanni Reyna,Midfielder,Midfielder,5,0.1837,D,0.2,0.217,30.4,,,0.217,30.4,rotation,auto_role_rank_heuristic,0.336,,False
4,2026-06-12,Group Stage,D,United States,Paraguay,united_states_malik_tillman,Malik Tillman,Midfielder,Midfielder,2,0.4927,A,0.839,0.662,52.1,,,0.662,52.1,probable_starter,auto_role_rank_heuristic,0.797,,False
4,2026-06-12,Group Stage,D,United States,Paraguay,united_states_mckennie_weston,McKENNIE Weston,Midfielder,Midfielder,3,0.3843,D,0.35,0.502,44.3,,,0.502,44.3,rotation,auto_role_rank_heuristic,0.439,,False
4,2026-06-12,Group Stage,D,United States,Paraguay,united_states_sebastian_berhalter,Sebastian Berhalter,Midfielder,Midfielder,4,0.1871,B,0.643,0.607,49.4,,,0.607,49.4,probable_starter,auto_role_rank_heuristic,0.612,,False
4,2026-06-12,Group Stage,D,United States,Paraguay,united_states_tyler_adams,Tyler Adams,Midfielder,Midfielder,1,0.5509,A,0.848,0.666,52.3,,,0.666,52.3,probable_starter,auto_role_rank_heuristic,0.815,,False
4,2026-06-12,Group Stage,D,Paraguay,United States,paraguay_alexandro_maidana,Alexandro Maidana,Defender,Defender,6,0.0,D,0.2,0.179,22.1,,,0.179,22.1,bench_option,auto_role_rank_heuristic,0.29,,False
4,2026-06-12,Group Stage,D,Paraguay,United States,paraguay_fabian_balbuena,Fabian Balbuena,Defender,Defender,2,0.4277,C,0.55,0.754,58.4,,,0.754,58.4,locked_starter,auto_role_rank_heuristic,0.599,,False
4,2026-06-12,Group Stage,D,Paraguay,United States,paraguay_gustavo_gomez,Gustavo Gomez,Defender,Defender,3,0.2732,D,0.2,0.584,47.7,,,0.584,47.7,probable_starter,auto_role_rank_heuristic,0.358,,False
4,2026-06-12,Group Stage,D,Paraguay,United States,paraguay_gustavo_velazquez,Gustavo Velazquez,Defender,Defender,7,0.0,D,0.2,0.179,22.1,,,0.179,22.1,bench_option,auto_role_rank_heuristic,0.29,,False
4,2026-06-12,Group Stage,D,Paraguay,United States,paraguay_jose_canale,Jose Canale,Defender,Defender,8,0.0,D,0.2,0.011,11.5,,,0.011,11.5,bench_option,auto_role_rank_heuristic,0.29,,False
4,2026-06-12,Group Stage,D,Paraguay,United States,paraguay_juan_jose_caceres,Juan Jose Caceres,Defender,Defender,5,0.1651,D,0.2,0.193,23.0,,,0.193,23.0,bench_option,auto_role_rank_heuristic,0.331,,False
4,2026-06-12,Group Stage,D,Paraguay,United States,paraguay_junior_alonso,Junior Alonso,Defender,Defender,4,0.2701,D,0.2,0.584,47.7,,,0.584,47.7,probable_starter,auto_role_rank_heuristic,0.358,,False
4,2026-06-12,Group Stage,D,Paraguay,United States,paraguay_omar_alderete,Omar Alderete,Defender,Defender,1,0.9073,A,0.933,0.932,69.6,,,0.932,69.6,locked_starter,auto_role_rank_heuristic,0.88,,False
4,2026-06-12,Group Stage,D,Paraguay,United States,paraguay_alejandro_romero_gamarra,Alejandro Romero Gamarra,Forward,Forward,5,0.0,D,0.2,0.179,30.1,,,0.179,30.1,bench_option,auto_role_rank_heuristic,0.29,,False
4,2026-06-12,Group Stage,D,Paraguay,United States,paraguay_alex_arce,Alex Arce,Forward,Forward,6,0.0,D,0.2,0.179,30.1,,,0.179,30.1,bench_option,auto_role_rank_heuristic,0.29,,False
4,2026-06-12,Group Stage,D,Paraguay,United States,paraguay_antonio_sanabria,Antonio Sanabria,Forward,Forward,2,0.4785,A,0.779,0.848,58.5,,,0.848,58.5,locked_starter,auto_role_rank_heuristic,0.772,,False
4,2026-06-12,Group Stage,D,Paraguay,United States,paraguay_gabriel_avalos,Gabriel Avalos,Forward,Forward,3,0.0263,D,0.2,0.517,44.4,,,0.517,44.4,rotation,auto_role_rank_heuristic,0.297,,False
4,2026-06-12,Group Stage,D,Paraguay,United States,paraguay_isidro_pitta,Isidro Pitta,Forward,Forward,4,0.0063,D,0.2,0.18,30.2,,,0.18,30.2,bench_option,auto_role_rank_heuristic,0.292,,False
4,2026-06-12,Group Stage,D,Paraguay,United States,paraguay_julio_enciso,Julio Enciso,Forward,Forward,1,0.5506,A,0.857,0.854,58.7,,,0.854,58.7,locked_starter,auto_role_rank_heuristic,0.818,,False
4,2026-06-12,Group Stage,D,Paraguay,United States,paraguay_gaston_olveira,Gaston Olveira,Goalkeeper,Goalkeeper,2,0.0,D,0.2,0.011,0.9,,,0.011,0.9,bench_option,auto_role_rank_heuristic,0.29,,False
4,2026-06-12,Group Stage,D,Paraguay,United States,paraguay_gatito_fernandez,Gatito Fernandez,Goalkeeper,Goalkeeper,3,0.0,D,0.2,0.011,0.9,,,0.011,0.9,bench_option,auto_role_rank_heuristic,0.29,,False
4,2026-06-12,Group Stage,D,Paraguay,United States,paraguay_orlando_gill,Orlando Gill,Goalkeeper,Goalkeeper,1,0.0013,D,0.2,0.671,54.4,,,0.671,54.4,probable_starter,auto_role_rank_heuristic,0.29,,False
4,2026-06-12,Group Stage,D,Paraguay,United States,paraguay_andres_cubas,Andres Cubas,Midfielder,Midfielder,3,0.3403,C,0.457,0.724,55.1,,,0.724,55.1,probable_starter,auto_role_rank_heuristic,0.545,,False
4,2026-06-12,Group Stage,D,Paraguay,United States,paraguay_braian_ojeda,Braian Ojeda,Midfielder,Midfielder,5,0.2003,B,0.661,0.443,41.4,,,0.443,41.4,rotation,auto_role_rank_heuristic,0.621,,False
4,2026-06-12,Group Stage,D,Paraguay,United States,paraguay_damian_bobadilla,Damian Bobadilla,Midfielder,Midfielder,7,0.0,D,0.2,0.179,28.5,,,0.179,28.5,bench_option,auto_role_rank_heuristic,0.29,,False
4,2026-06-12,Group Stage,D,Paraguay,United States,paraguay_diego_gomez,Diego Gomez,Midfielder,Midfielder,1,0.5807,A,0.877,0.879,62.6,,,0.879,62.6,locked_starter,auto_role_rank_heuristic,0.832,,False
4,2026-06-12,Group Stage,D,Paraguay,United States,paraguay_gustavo_caballero,Gustavo Caballero,Midfielder,Midfielder,8,0.0,D,0.2,0.179,28.5,,,0.179,28.5,bench_option,auto_role_rank_heuristic,0.29,,False
4,2026-06-12,Group Stage,D,Paraguay,United States,paraguay_matias_galarza,Matias Galarza,Midfielder,Midfielder,6,0.1119,C,0.444,0.346,36.7,,,0.346,36.7,rotation,auto_role_rank_heuristic,0.483,,False
4,2026-06-12,Group Stage,D,Paraguay,United States,paraguay_mauricio,Mauricio,Midfielder,Midfielder,9,0.0,D,0.2,0.011,20.4,,,0.011,20.4,bench_option,auto_role_rank_heuristic,0.29,,False
4,2026-06-12,Group Stage,D,Paraguay,United States,paraguay_miguel_almiron,Miguel Almiron,Midfielder,Midfielder,2,0.378,C,0.444,0.727,55.2,,,0.727,55.2,probable_starter,auto_role_rank_heuristic,0.55,,False
4,2026-06-12,Group Stage,D,Paraguay,United States,paraguay_ramon_sosa,Ramon Sosa,Midfielder,Midfielder,4,0.239,D,0.2,0.648,51.4,,,0.648,51.4,probable_starter,auto_role_rank_heuristic,0.35,,False
6,2026-06-13,Group Stage,D,Australia,Turkey,australia_alessandro_circati,Alessandro Circati,Defender,Defender,1,0.6103,A,0.922,0.824,62.5,,,0.824,62.5,locked_starter,auto_role_rank_heuristic,0.855,,False
6,2026-06-13,Group Stage,D,Australia,Turkey,australia_aziz_behich,Aziz Behich,Defender,Defender,2,0.4887,C,0.55,0.692,54.2,,,0.692,54.2,probable_starter,auto_role_rank_heuristic,0.615,,False
6,2026-06-13,Group Stage,D,Australia,Turkey,australia_cameron_burgess,Cameron Burgess,Defender,Defender,4,0.3163,D,0.35,0.617,49.5,,,0.617,49.5,probable_starter,auto_role_rank_heuristic,0.422,,False
6,2026-06-13,Group Stage,D,Australia,Turkey,australia_harry_souttar,Harry Souttar,Defender,Defender,6,0.2357,D,0.2,0.182,22.2,,,0.182,22.2,bench_option,auto_role_rank_heuristic,0.349,,False
6,2026-06-13,Group Stage,D,Australia,Turkey,australia_jacob_italiano,Jacob Italiano,Defender,Defender,10,0.0,D,0.2,0.01,11.4,,,0.01,11.4,bench_option,auto_role_rank_heuristic,0.29,,False
6,2026-06-13,Group Stage,D,Australia,Turkey,australia_jason_geria,Jason Geria,Defender,Defender,8,0.1613,D,0.35,0.034,12.9,,,0.034,12.9,bench_option,auto_role_rank_heuristic,0.383,,False
6,2026-06-13,Group Stage,D,Australia,Turkey,australia_jordan_bos,Jordan Bos,Defender,Defender,5,0.3053,D,0.35,0.269,27.7,,,0.269,27.7,rotation,auto_role_rank_heuristic,0.419,,False
6,2026-06-13,Group Stage,D,Australia,Turkey,australia_kai_trewin,Kai Trewin,Defender,Defender,3,0.4297,B,0.655,0.768,59.0,,,0.768,59.0,locked_starter,auto_role_rank_heuristic,0.677,,False
6,2026-06-13,Group Stage,D,Australia,Turkey,australia_lucas_herrington,Lucas Herrington,Defender,Defender,7,0.2025,B,0.663,0.404,36.2,,,0.404,36.2,rotation,auto_role_rank_heuristic,0.623,,False
6,2026-06-13,Group Stage,D,Australia,Turkey,australia_milos_degenek,Milos Degenek,Defender,Defender,9,0.1313,D,0.35,0.032,12.8,,,0.032,12.8,bench_option,auto_role_rank_heuristic,0.375,,False
6,2026-06-13,Group Stage,D,Australia,Turkey,australia_ajdin_hrustic,Ajdin Hrustic,Forward,Forward,1,0.6926,B,0.735,0.749,54.0,,,0.749,54.0,probable_starter,auto_role_rank_heuristic,0.77,,False
6,2026-06-13,Group Stage,D,Australia,Turkey,australia_awer_mabil,Awer Mabil,Forward,Forward,5,0.282,D,0.35,0.268,33.7,,,0.268,33.7,rotation,auto_role_rank_heuristic,0.413,,False
6,2026-06-13,Group Stage,D,Australia,Turkey,australia_cristian_volpato,Cristian Volpato,Forward,Forward,2,0.4183,A,0.789,0.767,54.8,,,0.767,54.8,locked_starter,auto_role_rank_heuristic,0.761,,False
6,2026-06-13,Group Stage,D,Australia,Turkey,australia_mathew_leckie,Mathew Leckie,Forward,Forward,4,0.3108,D,0.35,0.27,33.8,,,0.27,33.8,rotation,auto_role_rank_heuristic,0.42,,False
6,2026-06-13,Group Stage,D,Australia,Turkey,australia_mohamed_toure,Mohamed Toure,Forward,Forward,6,0.2529,D,0.35,0.265,33.6,,,0.265,33.6,rotation,auto_role_rank_heuristic,0.406,,False
6,2026-06-13,Group Stage,D,Australia,Turkey,australia_nestory_irankunda,Nestory Irankunda,Forward,Forward,3,0.3477,C,0.55,0.64,49.4,,,0.64,49.4,probable_starter,auto_role_rank_heuristic,0.579,,False
6,2026-06-13,Group Stage,D,Australia,Turkey,australia_nishan_velupillay,Nishan Velupillay,Forward,Forward,8,0.0921,D,0.35,0.038,24.0,,,0.038,24.0,bench_option,auto_role_rank_heuristic,0.366,,False
6,2026-06-13,Group Stage,D,Australia,Turkey,australia_tete_yengi,Tete Yengi,Forward,Forward,7,0.251,D,0.35,0.265,33.6,,,0.265,33.6,rotation,auto_role_rank_heuristic,0.405,,False
6,2026-06-13,Group Stage,D,Australia,Turkey,australia_mathew_ryan,Mathew Ryan,Goalkeeper,Goalkeeper,1,0.9575,A,0.95,0.955,77.1,,,0.955,77.1,locked_starter,auto_role_rank_heuristic,0.88,,False
6,2026-06-13,Group Stage,D,Australia,Turkey,australia_patrick_beach,Patrick Beach,Goalkeeper,Goalkeeper,3,0.2175,C,0.55,0.017,1.4,,,0.017,1.4,bench_option,auto_role_rank_heuristic,0.547,,False
6,2026-06-13,Group Stage,D,Australia,Turkey,australia_paul_izzo,Paul Izzo,Goalkeeper,Goalkeeper,2,0.3945,C,0.55,0.155,12.5,,,0.155,12.5,bench_option,auto_role_rank_heuristic,0.591,,False
6,2026-06-13,Group Stage,D,Australia,Turkey,australia_aiden_oneill,Aiden Oneill,Midfielder,Midfielder,2,0.3282,D,0.35,0.597,48.7,,,0.597,48.7,probable_starter,auto_role_rank_heuristic,0.425,,False
6,2026-06-13,Group Stage,D,Australia,Turkey,australia_cameron_devlin,Cameron Devlin,Midfielder,Midfielder,5,0.0,D,0.2,0.163,27.6,,,0.163,27.6,bench_option,auto_role_rank_heuristic,0.29,,False
6,2026-06-13,Group Stage,D,Australia,Turkey,australia_connor_metcalfe,Connor Metcalfe,Midfielder,Midfielder,3,0.1404,C,0.439,0.643,50.9,,,0.643,50.9,probable_starter,auto_role_rank_heuristic,0.489,,False
6,2026-06-13,Group Stage,D,Australia,Turkey,australia_jackson_irvine,Jackson Irvine,Midfielder,Midfielder,1,0.5308,A,0.835,0.797,58.4,,,0.797,58.4,locked_starter,auto_role_rank_heuristic,0.805,,False
6,2026-06-13,Group Stage,D,Australia,Turkey,australia_paul_okon_engstler,Paul Okon-Engstler,Midfielder,Midfielder,4,0.0943,D,0.35,0.579,47.8,,,0.579,47.8,probable_starter,auto_role_rank_heuristic,0.366,,False
6,2026-06-13,Group Stage,D,Turkey,Australia,turkey_abdulkerim_bardakci,Abdulkerim Bardakci,Defender,Defender,6,0.4791,C,0.55,0.306,29.7,,,0.306,29.7,rotation,auto_role_rank_heuristic,0.612,,False
6,2026-06-13,Group Stage,D,Turkey,Australia,turkey_caglar_soyuncu,Caglar Soyuncu,Defender,Defender,7,0.285,C,0.451,0.293,28.9,,,0.293,28.9,rotation,auto_role_rank_heuristic,0.529,,False
6,2026-06-13,Group Stage,D,Turkey,Australia,turkey_eren_elmali,Eren Elmali,Defender,Defender,9,0.2221,D,0.35,0.034,12.8,,,0.034,12.8,bench_option,auto_role_rank_heuristic,0.398,,False
6,2026-06-13,Group Stage,D,Turkey,Australia,turkey_ferdi_kadioglu,Ferdi Kadioglu,Defender,Defender,1,0.9837,A,0.95,0.761,58.1,,,0.761,58.1,locked_starter,auto_role_rank_heuristic,0.88,,False
6,2026-06-13,Group Stage,D,Turkey,Australia,turkey_merih_demiral,Merih Demiral,Defender,Defender,2,0.779,B,0.687,0.709,54.8,,,0.709,54.8,probable_starter,auto_role_rank_heuristic,0.775,,False
6,2026-06-13,Group Stage,D,Turkey,Australia,turkey_mert_muldur,Mert Muldur,Defender,Defender,5,0.5612,B,0.652,0.385,34.7,,,0.385,34.7,rotation,auto_role_rank_heuristic,0.709,,False
6,2026-06-13,Group Stage,D,Turkey,Australia,turkey_ozan_kabak,Ozan Kabak,Defender,Defender,4,0.5779,A,0.846,0.731,56.2,,,0.731,56.2,probable_starter,auto_role_rank_heuristic,0.821,,False
6,2026-06-13,Group Stage,D,Turkey,Australia,turkey_samet_akaydin,Samet Akaydin,Defender,Defender,8,0.2841,D,0.35,0.039,13.1,,,0.039,13.1,bench_option,auto_role_rank_heuristic,0.414,,False
6,2026-06-13,Group Stage,D,Turkey,Australia,turkey_zeki_celik,Zeki Celik,Defender,Defender,3,0.7501,A,0.927,0.743,57.0,,,0.743,57.0,probable_starter,auto_role_rank_heuristic,0.88,,False
6,2026-06-13,Group Stage,D,Turkey,Australia,turkey_arda_guler,Arda Guler,Forward,Forward,3,0.5688,A,0.868,0.694,51.3,,,0.694,51.3,probable_starter,auto_role_rank_heuristic,0.826,,False
6,2026-06-13,Group Stage,D,Turkey,Australia,turkey_baris_alper_yilmaz,Baris Alper Yilmaz,Forward,Forward,7,0.0,D,0.2,0.145,28.3,,,0.145,28.3,bench_option,auto_role_rank_heuristic,0.29,,False
6,2026-06-13,Group Stage,D,Turkey,Australia,turkey_can_uzun,Can Uzun,Forward,Forward,4,0.4281,A,0.796,0.412,39.5,,,0.412,39.5,rotation,auto_role_rank_heuristic,0.766,,False
6,2026-06-13,Group Stage,D,Turkey,Australia,turkey_deniz_gul,Deniz Gul,Forward,Forward,6,0.2366,B,0.648,0.362,37.4,,,0.362,37.4,rotation,auto_role_rank_heuristic,0.626,,False
6,2026-06-13,Group Stage,D,Turkey,Australia,turkey_irfan_can_kahveci,Irfan Can Kahveci,Forward,Forward,5,0.3355,D,0.35,0.242,32.4,,,0.242,32.4,rotation,auto_role_rank_heuristic,0.426,,False
6,2026-06-13,Group Stage,D,Turkey,Australia,turkey_kenan_yildiz,Kenan Yildiz,Forward,Forward,8,0.0,D,0.2,0.01,22.7,,,0.01,22.7,bench_option,auto_role_rank_heuristic,0.29,,False
6,2026-06-13,Group Stage,D,Turkey,Australia,turkey_kerem_akturkoglu,Kerem Akturkoglu,Forward,Forward,2,0.6253,B,0.715,0.662,49.9,,,0.662,49.9,probable_starter,auto_role_rank_heuristic,0.747,,False
6,2026-06-13,Group Stage,D,Turkey,Australia,turkey_oguz_aydin,Oguz Aydin,Forward,Forward,9,0.0,D,0.2,0.01,22.7,,,0.01,22.7,bench_option,auto_role_rank_heuristic,0.29,,False
6,2026-06-13,Group Stage,D,Turkey,Australia,turkey_yunus_akgun,Yunus Akgun,Forward,Forward,1,0.6533,B,0.701,0.664,50.0,,,0.664,50.0,probable_starter,auto_role_rank_heuristic,0.749,,False
6,2026-06-13,Group Stage,D,Turkey,Australia,turkey_altay_bayindir,Altay Bayindir,Goalkeeper,Goalkeeper,3,0.0,D,0.2,0.01,0.8,,,0.01,0.8,bench_option,auto_role_rank_heuristic,0.29,,False
6,2026-06-13,Group Stage,D,Turkey,Australia,turkey_mert_gunok,Mert Gunok,Goalkeeper,Goalkeeper,1,0.6496,B,0.642,0.79,63.3,,,0.79,63.3,locked_starter,auto_role_rank_heuristic,0.727,,False
6,2026-06-13,Group Stage,D,Turkey,Australia,turkey_ugurcan_cakir,Ugurcan Cakir,Goalkeeper,Goalkeeper,2,0.4819,C,0.55,0.144,11.5,,,0.144,11.5,bench_option,auto_role_rank_heuristic,0.613,,False
6,2026-06-13,Group Stage,D,Turkey,Australia,turkey_hakan_calhanoglu,Hakan Calhanoglu,Midfielder,Midfielder,2,0.6607,A,0.837,0.719,54.1,,,0.719,54.1,probable_starter,auto_role_rank_heuristic,0.838,,False
6,2026-06-13,Group Stage,D,Turkey,Australia,turkey_ismail_yuksek,Ismail Yuksek,Midfielder,Midfielder,3,0.4803,B,0.697,0.669,51.7,,,0.669,51.7,probable_starter,auto_role_rank_heuristic,0.704,,False
6,2026-06-13,Group Stage,D,Turkey,Australia,turkey_kaan_ayhan,Kaan Ayhan,Midfielder,Midfielder,4,0.4759,D,0.226,0.542,45.6,,,0.542,45.6,probable_starter,auto_role_rank_heuristic,0.418,,False
6,2026-06-13,Group Stage,D,Turkey,Australia,turkey_orkun_kokcu,Orkun Kokcu,Midfielder,Midfielder,1,0.725,B,0.756,0.687,52.6,,,0.687,52.6,probable_starter,auto_role_rank_heuristic,0.786,,False
6,2026-06-13,Group Stage,D,Turkey,Australia,turkey_salih_ozcan,Salih Ozcan,Midfielder,Midfielder,5,0.2758,D,0.205,0.237,31.0,,,0.237,31.0,rotation,auto_role_rank_heuristic,0.361,,False
31,2026-06-19,Group Stage,D,Turkey,Paraguay,turkey_abdulkerim_bardakci,Abdulkerim Bardakci,Defender,Defender,6,0.4791,C,0.55,0.306,29.7,,,0.306,29.7,rotation,auto_role_rank_heuristic,0.612,,False
31,2026-06-19,Group Stage,D,Turkey,Paraguay,turkey_caglar_soyuncu,Caglar Soyuncu,Defender,Defender,7,0.285,C,0.451,0.293,28.9,,,0.293,28.9,rotation,auto_role_rank_heuristic,0.529,,False
31,2026-06-19,Group Stage,D,Turkey,Paraguay,turkey_eren_elmali,Eren Elmali,Defender,Defender,9,0.2221,D,0.35,0.034,12.8,,,0.034,12.8,bench_option,auto_role_rank_heuristic,0.398,,False
31,2026-06-19,Group Stage,D,Turkey,Paraguay,turkey_ferdi_kadioglu,Ferdi Kadioglu,Defender,Defender,1,0.9837,A,0.95,0.761,58.1,,,0.761,58.1,locked_starter,auto_role_rank_heuristic,0.88,,False
31,2026-06-19,Group Stage,D,Turkey,Paraguay,turkey_merih_demiral,Merih Demiral,Defender,Defender,2,0.779,B,0.687,0.709,54.8,,,0.709,54.8,probable_starter,auto_role_rank_heuristic,0.775,,False
31,2026-06-19,Group Stage,D,Turkey,Paraguay,turkey_mert_muldur,Mert Muldur,Defender,Defender,5,0.5612,B,0.652,0.385,34.7,,,0.385,34.7,rotation,auto_role_rank_heuristic,0.709,,False
31,2026-06-19,Group Stage,D,Turkey,Paraguay,turkey_ozan_kabak,Ozan Kabak,Defender,Defender,4,0.5779,A,0.846,0.731,56.2,,,0.731,56.2,probable_starter,auto_role_rank_heuristic,0.821,,False
31,2026-06-19,Group Stage,D,Turkey,Paraguay,turkey_samet_akaydin,Samet Akaydin,Defender,Defender,8,0.2841,D,0.35,0.039,13.1,,,0.039,13.1,bench_option,auto_role_rank_heuristic,0.414,,False
31,2026-06-19,Group Stage,D,Turkey,Paraguay,turkey_zeki_celik,Zeki Celik,Defender,Defender,3,0.7501,A,0.927,0.743,57.0,,,0.743,57.0,probable_starter,auto_role_rank_heuristic,0.88,,False
31,2026-06-19,Group Stage,D,Turkey,Paraguay,turkey_arda_guler,Arda Guler,Forward,Forward,3,0.5688,A,0.868,0.694,51.3,,,0.694,51.3,probable_starter,auto_role_rank_heuristic,0.826,,False
31,2026-06-19,Group Stage,D,Turkey,Paraguay,turkey_baris_alper_yilmaz,Baris Alper Yilmaz,Forward,Forward,7,0.0,D,0.2,0.145,28.3,,,0.145,28.3,bench_option,auto_role_rank_heuristic,0.29,,False
31,2026-06-19,Group Stage,D,Turkey,Paraguay,turkey_can_uzun,Can Uzun,Forward,Forward,4,0.4281,A,0.796,0.412,39.5,,,0.412,39.5,rotation,auto_role_rank_heuristic,0.766,,False
31,2026-06-19,Group Stage,D,Turkey,Paraguay,turkey_deniz_gul,Deniz Gul,Forward,Forward,6,0.2366,B,0.648,0.362,37.4,,,0.362,37.4,rotation,auto_role_rank_heuristic,0.626,,False
31,2026-06-19,Group Stage,D,Turkey,Paraguay,turkey_irfan_can_kahveci,Irfan Can Kahveci,Forward,Forward,5,0.3355,D,0.35,0.242,32.4,,,0.242,32.4,rotation,auto_role_rank_heuristic,0.426,,False
31,2026-06-19,Group Stage,D,Turkey,Paraguay,turkey_kenan_yildiz,Kenan Yildiz,Forward,Forward,8,0.0,D,0.2,0.01,22.7,,,0.01,22.7,bench_option,auto_role_rank_heuristic,0.29,,False
31,2026-06-19,Group Stage,D,Turkey,Paraguay,turkey_kerem_akturkoglu,Kerem Akturkoglu,Forward,Forward,2,0.6253,B,0.715,0.662,49.9,,,0.662,49.9,probable_starter,auto_role_rank_heuristic,0.747,,False
31,2026-06-19,Group Stage,D,Turkey,Paraguay,turkey_oguz_aydin,Oguz Aydin,Forward,Forward,9,0.0,D,0.2,0.01,22.7,,,0.01,22.7,bench_option,auto_role_rank_heuristic,0.29,,False
31,2026-06-19,Group Stage,D,Turkey,Paraguay,turkey_yunus_akgun,Yunus Akgun,Forward,Forward,1,0.6533,B,0.701,0.664,50.0,,,0.664,50.0,probable_starter,auto_role_rank_heuristic,0.749,,False
31,2026-06-19,Group Stage,D,Turkey,Paraguay,turkey_altay_bayindir,Altay Bayindir,Goalkeeper,Goalkeeper,3,0.0,D,0.2,0.01,0.8,,,0.01,0.8,bench_option,auto_role_rank_heuristic,0.29,,False
31,2026-06-19,Group Stage,D,Turkey,Paraguay,turkey_mert_gunok,Mert Gunok,Goalkeeper,Goalkeeper,1,0.6496,B,0.642,0.79,63.3,,,0.79,63.3,locked_starter,auto_role_rank_heuristic,0.727,,False
31,2026-06-19,Group Stage,D,Turkey,Paraguay,turkey_ugurcan_cakir,Ugurcan Cakir,Goalkeeper,Goalkeeper,2,0.4819,C,0.55,0.144,11.5,,,0.144,11.5,bench_option,auto_role_rank_heuristic,0.613,,False
31,2026-06-19,Group Stage,D,Turkey,Paraguay,turkey_hakan_calhanoglu,Hakan Calhanoglu,Midfielder,Midfielder,2,0.6607,A,0.837,0.719,54.1,,,0.719,54.1,probable_starter,auto_role_rank_heuristic,0.838,,False
31,2026-06-19,Group Stage,D,Turkey,Paraguay,turkey_ismail_yuksek,Ismail Yuksek,Midfielder,Midfielder,3,0.4803,B,0.697,0.669,51.7,,,0.669,51.7,probable_starter,auto_role_rank_heuristic,0.704,,False
31,2026-06-19,Group Stage,D,Turkey,Paraguay,turkey_kaan_ayhan,Kaan Ayhan,Midfielder,Midfielder,4,0.4759,D,0.226,0.542,45.6,,,0.542,45.6,probable_starter,auto_role_rank_heuristic,0.418,,False
31,2026-06-19,Group Stage,D,Turkey,Paraguay,turkey_orkun_kokcu,Orkun Kokcu,Midfielder,Midfielder,1,0.725,B,0.756,0.687,52.6,,,0.687,52.6,probable_starter,auto_role_rank_heuristic,0.786,,False
31,2026-06-19,Group Stage,D,Turkey,Paraguay,turkey_salih_ozcan,Salih Ozcan,Midfielder,Midfielder,5,0.2758,D,0.205,0.237,31.0,,,0.237,31.0,rotation,auto_role_rank_heuristic,0.361,,False
31,2026-06-19,Group Stage,D,Paraguay,Turkey,paraguay_alexandro_maidana,Alexandro Maidana,Defender,Defender,6,0.0,D,0.2,0.179,22.1,,,0.179,22.1,bench_option,auto_role_rank_heuristic,0.29,,False
31,2026-06-19,Group Stage,D,Paraguay,Turkey,paraguay_fabian_balbuena,Fabian Balbuena,Defender,Defender,2,0.4277,C,0.55,0.754,58.4,,,0.754,58.4,locked_starter,auto_role_rank_heuristic,0.599,,False
31,2026-06-19,Group Stage,D,Paraguay,Turkey,paraguay_gustavo_gomez,Gustavo Gomez,Defender,Defender,3,0.2732,D,0.2,0.584,47.7,,,0.584,47.7,probable_starter,auto_role_rank_heuristic,0.358,,False
31,2026-06-19,Group Stage,D,Paraguay,Turkey,paraguay_gustavo_velazquez,Gustavo Velazquez,Defender,Defender,7,0.0,D,0.2,0.179,22.1,,,0.179,22.1,bench_option,auto_role_rank_heuristic,0.29,,False
31,2026-06-19,Group Stage,D,Paraguay,Turkey,paraguay_jose_canale,Jose Canale,Defender,Defender,8,0.0,D,0.2,0.011,11.5,,,0.011,11.5,bench_option,auto_role_rank_heuristic,0.29,,False
31,2026-06-19,Group Stage,D,Paraguay,Turkey,paraguay_juan_jose_caceres,Juan Jose Caceres,Defender,Defender,5,0.1651,D,0.2,0.193,23.0,,,0.193,23.0,bench_option,auto_role_rank_heuristic,0.331,,False
31,2026-06-19,Group Stage,D,Paraguay,Turkey,paraguay_junior_alonso,Junior Alonso,Defender,Defender,4,0.2701,D,0.2,0.584,47.7,,,0.584,47.7,probable_starter,auto_role_rank_heuristic,0.358,,False
31,2026-06-19,Group Stage,D,Paraguay,Turkey,paraguay_omar_alderete,Omar Alderete,Defender,Defender,1,0.9073,A,0.933,0.932,69.6,,,0.932,69.6,locked_starter,auto_role_rank_heuristic,0.88,,False
31,2026-06-19,Group Stage,D,Paraguay,Turkey,paraguay_alejandro_romero_gamarra,Alejandro Romero Gamarra,Forward,Forward,5,0.0,D,0.2,0.179,30.1,,,0.179,30.1,bench_option,auto_role_rank_heuristic,0.29,,False
31,2026-06-19,Group Stage,D,Paraguay,Turkey,paraguay_alex_arce,Alex Arce,Forward,Forward,6,0.0,D,0.2,0.179,30.1,,,0.179,30.1,bench_option,auto_role_rank_heuristic,0.29,,False
31,2026-06-19,Group Stage,D,Paraguay,Turkey,paraguay_antonio_sanabria,Antonio Sanabria,Forward,Forward,2,0.4785,A,0.779,0.848,58.5,,,0.848,58.5,locked_starter,auto_role_rank_heuristic,0.772,,False
31,2026-06-19,Group Stage,D,Paraguay,Turkey,paraguay_gabriel_avalos,Gabriel Avalos,Forward,Forward,3,0.0263,D,0.2,0.517,44.4,,,0.517,44.4,rotation,auto_role_rank_heuristic,0.297,,False
31,2026-06-19,Group Stage,D,Paraguay,Turkey,paraguay_isidro_pitta,Isidro Pitta,Forward,Forward,4,0.0063,D,0.2,0.18,30.2,,,0.18,30.2,bench_option,auto_role_rank_heuristic,0.292,,False
31,2026-06-19,Group Stage,D,Paraguay,Turkey,paraguay_julio_enciso,Julio Enciso,Forward,Forward,1,0.5506,A,0.857,0.854,58.7,,,0.854,58.7,locked_starter,auto_role_rank_heuristic,0.818,,False
31,2026-06-19,Group Stage,D,Paraguay,Turkey,paraguay_gaston_olveira,Gaston Olveira,Goalkeeper,Goalkeeper,2,0.0,D,0.2,0.011,0.9,,,0.011,0.9,bench_option,auto_role_rank_heuristic,0.29,,False
31,2026-06-19,Group Stage,D,Paraguay,Turkey,paraguay_gatito_fernandez,Gatito Fernandez,Goalkeeper,Goalkeeper,3,0.0,D,0.2,0.011,0.9,,,0.011,0.9,bench_option,auto_role_rank_heuristic,0.29,,False
31,2026-06-19,Group Stage,D,Paraguay,Turkey,paraguay_orlando_gill,Orlando Gill,Goalkeeper,Goalkeeper,1,0.0013,D,0.2,0.671,54.4,,,0.671,54.4,probable_starter,auto_role_rank_heuristic,0.29,,False
31,2026-06-19,Group Stage,D,Paraguay,Turkey,paraguay_andres_cubas,Andres Cubas,Midfielder,Midfielder,3,0.3403,C,0.457,0.724,55.1,,,0.724,55.1,probable_starter,auto_role_rank_heuristic,0.545,,False
31,2026-06-19,Group Stage,D,Paraguay,Turkey,paraguay_braian_ojeda,Braian Ojeda,Midfielder,Midfielder,5,0.2003,B,0.661,0.443,41.4,,,0.443,41.4,rotation,auto_role_rank_heuristic,0.621,,False
31,2026-06-19,Group Stage,D,Paraguay,Turkey,paraguay_damian_bobadilla,Damian Bobadilla,Midfielder,Midfielder,7,0.0,D,0.2,0.179,28.5,,,0.179,28.5,bench_option,auto_role_rank_heuristic,0.29,,False
31,2026-06-19,Group Stage,D,Paraguay,Turkey,paraguay_diego_gomez,Diego Gomez,Midfielder,Midfielder,1,0.5807,A,0.877,0.879,62.6,,,0.879,62.6,locked_starter,auto_role_rank_heuristic,0.832,,False
31,2026-06-19,Group Stage,D,Paraguay,Turkey,paraguay_gustavo_caballero,Gustavo Caballero,Midfielder,Midfielder,8,0.0,D,0.2,0.179,28.5,,,0.179,28.5,bench_option,auto_role_rank_heuristic,0.29,,False
31,2026-06-19,Group Stage,D,Paraguay,Turkey,paraguay_matias_galarza,Matias Galarza,Midfielder,Midfielder,6,0.1119,C,0.444,0.346,36.7,,,0.346,36.7,rotation,auto_role_rank_heuristic,0.483,,False
31,2026-06-19,Group Stage,D,Paraguay,Turkey,paraguay_mauricio,Mauricio,Midfielder,Midfielder,9,0.0,D,0.2,0.011,20.4,,,0.011,20.4,bench_option,auto_role_rank_heuristic,0.29,,False
31,2026-06-19,Group Stage,D,Paraguay,Turkey,paraguay_miguel_almiron,Miguel Almiron,Midfielder,Midfielder,2,0.378,C,0.444,0.727,55.2,,,0.727,55.2,probable_starter,auto_role_rank_heuristic,0.55,,False
31,2026-06-19,Group Stage,D,Paraguay,Turkey,paraguay_ramon_sosa,Ramon Sosa,Midfielder,Midfielder,4,0.239,D,0.2,0.648,51.4,,,0.648,51.4,probable_starter,auto_role_rank_heuristic,0.35,,False
32,2026-06-19,Group Stage,D,United States,Australia,united_states_alex_freeman,Alex Freeman,Defender,Defender,10,0.0756,D,0.223,0.022,12.2,,,0.022,12.2,bench_option,auto_role_rank_heuristic,0.317,,False
32,2026-06-19,Group Stage,D,United States,Australia,united_states_antonee_robinson,Antonee Robinson,Defender,Defender,5,0.477,A,0.824,0.389,35.4,,,0.389,35.4,rotation,auto_role_rank_heuristic,0.788,,False
32,2026-06-19,Group Stage,D,United States,Australia,united_states_auston_trusty,Auston Trusty,Defender,Defender,7,0.3533,C,0.55,0.279,28.4,,,0.279,28.4,rotation,auto_role_rank_heuristic,0.581,,False
32,2026-06-19,Group Stage,D,United States,Australia,united_states_chris_richards,Chris Richards,Defender,Defender,1,0.9165,A,0.936,0.708,55.5,,,0.708,55.5,probable_starter,auto_role_rank_heuristic,0.88,,False
32,2026-06-19,Group Stage,D,United States,Australia,united_states_joe_scally,Joe Scally,Defender,Defender,2,0.8137,A,0.917,0.701,55.1,,,0.701,55.1,probable_starter,auto_role_rank_heuristic,0.88,,False
32,2026-06-19,Group Stage,D,United States,Australia,united_states_max_arfsten,Max Arfsten,Defender,Defender,8,0.1923,B,0.657,0.149,20.2,,,0.149,20.2,bench_option,auto_role_rank_heuristic,0.618,,False
32,2026-06-19,Group Stage,D,United States,Australia,united_states_mckenzie_mark,McKENZIE Mark,Defender,Defender,6,0.46,C,0.55,0.286,28.9,,,0.286,28.9,rotation,auto_role_rank_heuristic,0.607,,False
32,2026-06-19,Group Stage,D,United States,Australia,united_states_miles_robinson,Miles Robinson,Defender,Defender,9,0.1517,C,0.44,0.078,15.7,,,0.078,15.7,bench_option,auto_role_rank_heuristic,0.492,,False
32,2026-06-19,Group Stage,D,United States,Australia,united_states_sergino_dest,Sergino Dest,Defender,Defender,3,0.7066,B,0.733,0.66,52.5,,,0.66,52.5,probable_starter,auto_role_rank_heuristic,0.773,,False
32,2026-06-19,Group Stage,D,United States,Australia,united_states_tim_ream,Tim Ream,Defender,Defender,4,0.5097,B,0.629,0.647,51.6,,,0.647,51.6,probable_starter,auto_role_rank_heuristic,0.688,,False
32,2026-06-19,Group Stage,D,United States,Australia,united_states_alex_zendejas,Alex Zendejas,Forward,Forward,7,0.0663,D,0.2,0.14,28.5,,,0.14,28.5,bench_option,auto_role_rank_heuristic,0.307,,False
32,2026-06-19,Group Stage,D,United States,Australia,united_states_brenden_aaronson,Brenden Aaronson,Forward,Forward,1,0.7026,A,0.904,0.659,50.5,,,0.659,50.5,probable_starter,auto_role_rank_heuristic,0.872,,False
32,2026-06-19,Group Stage,D,United States,Australia,united_states_christian_pulisic,Christian Pulisic,Forward,Forward,2,0.6629,A,0.834,0.657,50.4,,,0.657,50.4,probable_starter,auto_role_rank_heuristic,0.838,,False
32,2026-06-19,Group Stage,D,United States,Australia,united_states_folarin_balogun,Folarin Balogun,Forward,Forward,3,0.6491,A,0.886,0.656,50.3,,,0.656,50.3,probable_starter,auto_role_rank_heuristic,0.852,,False
32,2026-06-19,Group Stage,D,United States,Australia,united_states_haji_wright,Haji Wright,Forward,Forward,6,0.3088,D,0.35,0.225,32.1,,,0.225,32.1,rotation,auto_role_rank_heuristic,0.42,,False
32,2026-06-19,Group Stage,D,United States,Australia,united_states_ricardo_pepi,Ricardo Pepi,Forward,Forward,5,0.4972,B,0.668,0.357,37.7,,,0.357,37.7,rotation,auto_role_rank_heuristic,0.698,,False
32,2026-06-19,Group Stage,D,United States,Australia,united_states_timothy_weah,Timothy Weah,Forward,Forward,4,0.6051,A,0.888,0.398,39.4,,,0.398,39.4,rotation,auto_role_rank_heuristic,0.842,,False
32,2026-06-19,Group Stage,D,United States,Australia,united_states_chris_brady,Chris Brady,Goalkeeper,Goalkeeper,2,0.2065,B,0.655,0.184,14.9,,,0.184,14.9,bench_option,auto_role_rank_heuristic,0.621,,False
32,2026-06-19,Group Stage,D,United States,Australia,united_states_matt_freese,Matt Freese,Goalkeeper,Goalkeeper,3,0.2025,B,0.663,0.082,6.7,,,0.082,6.7,bench_option,auto_role_rank_heuristic,0.623,,False
32,2026-06-19,Group Stage,D,United States,Australia,united_states_matt_turner,Matt Turner,Goalkeeper,Goalkeeper,1,0.6151,B,0.655,0.738,59.9,,,0.738,59.9,probable_starter,auto_role_rank_heuristic,0.723,,False
32,2026-06-19,Group Stage,D,United States,Australia,united_states_cristian_roldan,Cristian Roldan,Midfielder,Midfielder,6,0.1434,B,0.63,0.332,36.0,,,0.332,36.0,rotation,auto_role_rank_heuristic,0.596,,False
32,2026-06-19,Group Stage,D,United States,Australia,united_states_giovanni_reyna,Giovanni Reyna,Midfielder,Midfielder,5,0.1837,D,0.2,0.217,30.4,,,0.217,30.4,rotation,auto_role_rank_heuristic,0.336,,False
32,2026-06-19,Group Stage,D,United States,Australia,united_states_malik_tillman,Malik Tillman,Midfielder,Midfielder,2,0.4927,A,0.839,0.662,52.1,,,0.662,52.1,probable_starter,auto_role_rank_heuristic,0.797,,False
32,2026-06-19,Group Stage,D,United States,Australia,united_states_mckennie_weston,McKENNIE Weston,Midfielder,Midfielder,3,0.3843,D,0.35,0.502,44.3,,,0.502,44.3,rotation,auto_role_rank_heuristic,0.439,,False
32,2026-06-19,Group Stage,D,United States,Australia,united_states_sebastian_berhalter,Sebastian Berhalter,Midfielder,Midfielder,4,0.1871,B,0.643,0.607,49.4,,,0.607,49.4,probable_starter,auto_role_rank_heuristic,0.612,,False
32,2026-06-19,Group Stage,D,United States,Australia,united_states_tyler_adams,Tyler Adams,Midfielder,Midfielder,1,0.5509,A,0.848,0.666,52.3,,,0.666,52.3,probable_starter,auto_role_rank_heuristic,0.815,,False
32,2026-06-19,Group Stage,D,Australia,United States,australia_alessandro_circati,Alessandro Circati,Defender,Defender,1,0.6103,A,0.922,0.824,62.5,,,0.824,62.5,locked_starter,auto_role_rank_heuristic,0.855,,False
32,2026-06-19,Group Stage,D,Australia,United States,australia_aziz_behich,Aziz Behich,Defender,Defender,2,0.4887,C,0.55,0.692,54.2,,,0.692,54.2,probable_starter,auto_role_rank_heuristic,0.615,,False
32,2026-06-19,Group Stage,D,Australia,United States,australia_cameron_burgess,Cameron Burgess,Defender,Defender,4,0.3163,D,0.35,0.617,49.5,,,0.617,49.5,probable_starter,auto_role_rank_heuristic,0.422,,False
32,2026-06-19,Group Stage,D,Australia,United States,australia_harry_souttar,Harry Souttar,Defender,Defender,6,0.2357,D,0.2,0.182,22.2,,,0.182,22.2,bench_option,auto_role_rank_heuristic,0.349,,False
32,2026-06-19,Group Stage,D,Australia,United States,australia_jacob_italiano,Jacob Italiano,Defender,Defender,10,0.0,D,0.2,0.01,11.4,,,0.01,11.4,bench_option,auto_role_rank_heuristic,0.29,,False
32,2026-06-19,Group Stage,D,Australia,United States,australia_jason_geria,Jason Geria,Defender,Defender,8,0.1613,D,0.35,0.034,12.9,,,0.034,12.9,bench_option,auto_role_rank_heuristic,0.383,,False
32,2026-06-19,Group Stage,D,Australia,United States,australia_jordan_bos,Jordan Bos,Defender,Defender,5,0.3053,D,0.35,0.269,27.7,,,0.269,27.7,rotation,auto_role_rank_heuristic,0.419,,False
32,2026-06-19,Group Stage,D,Australia,United States,australia_kai_trewin,Kai Trewin,Defender,Defender,3,0.4297,B,0.655,0.768,59.0,,,0.768,59.0,locked_starter,auto_role_rank_heuristic,0.677,,False
32,2026-06-19,Group Stage,D,Australia,United States,australia_lucas_herrington,Lucas Herrington,Defender,Defender,7,0.2025,B,0.663,0.404,36.2,,,0.404,36.2,rotation,auto_role_rank_heuristic,0.623,,False
32,2026-06-19,Group Stage,D,Australia,United States,australia_milos_degenek,Milos Degenek,Defender,Defender,9,0.1313,D,0.35,0.032,12.8,,,0.032,12.8,bench_option,auto_role_rank_heuristic,0.375,,False
32,2026-06-19,Group Stage,D,Australia,United States,australia_ajdin_hrustic,Ajdin Hrustic,Forward,Forward,1,0.6926,B,0.735,0.749,54.0,,,0.749,54.0,probable_starter,auto_role_rank_heuristic,0.77,,False
32,2026-06-19,Group Stage,D,Australia,United States,australia_awer_mabil,Awer Mabil,Forward,Forward,5,0.282,D,0.35,0.268,33.7,,,0.268,33.7,rotation,auto_role_rank_heuristic,0.413,,False
32,2026-06-19,Group Stage,D,Australia,United States,australia_cristian_volpato,Cristian Volpato,Forward,Forward,2,0.4183,A,0.789,0.767,54.8,,,0.767,54.8,locked_starter,auto_role_rank_heuristic,0.761,,False
32,2026-06-19,Group Stage,D,Australia,United States,australia_mathew_leckie,Mathew Leckie,Forward,Forward,4,0.3108,D,0.35,0.27,33.8,,,0.27,33.8,rotation,auto_role_rank_heuristic,0.42,,False
32,2026-06-19,Group Stage,D,Australia,United States,australia_mohamed_toure,Mohamed Toure,Forward,Forward,6,0.2529,D,0.35,0.265,33.6,,,0.265,33.6,rotation,auto_role_rank_heuristic,0.406,,False
32,2026-06-19,Group Stage,D,Australia,United States,australia_nestory_irankunda,Nestory Irankunda,Forward,Forward,3,0.3477,C,0.55,0.64,49.4,,,0.64,49.4,probable_starter,auto_role_rank_heuristic,0.579,,False
32,2026-06-19,Group Stage,D,Australia,United States,australia_nishan_velupillay,Nishan Velupillay,Forward,Forward,8,0.0921,D,0.35,0.038,24.0,,,0.038,24.0,bench_option,auto_role_rank_heuristic,0.366,,False
32,2026-06-19,Group Stage,D,Australia,United States,australia_tete_yengi,Tete Yengi,Forward,Forward,7,0.251,D,0.35,0.265,33.6,,,0.265,33.6,rotation,auto_role_rank_heuristic,0.405,,False
32,2026-06-19,Group Stage,D,Australia,United States,australia_mathew_ryan,Mathew Ryan,Goalkeeper,Goalkeeper,1,0.9575,A,0.95,0.955,77.1,,,0.955,77.1,locked_starter,auto_role_rank_heuristic,0.88,,False
32,2026-06-19,Group Stage,D,Australia,United States,australia_patrick_beach,Patrick Beach,Goalkeeper,Goalkeeper,3,0.2175,C,0.55,0.017,1.4,,,0.017,1.4,bench_option,auto_role_rank_heuristic,0.547,,False
32,2026-06-19,Group Stage,D,Australia,United States,australia_paul_izzo,Paul Izzo,Goalkeeper,Goalkeeper,2,0.3945,C,0.55,0.155,12.5,,,0.155,12.5,bench_option,auto_role_rank_heuristic,0.591,,False
32,2026-06-19,Group Stage,D,Australia,United States,australia_aiden_oneill,Aiden Oneill,Midfielder,Midfielder,2,0.3282,D,0.35,0.597,48.7,,,0.597,48.7,probable_starter,auto_role_rank_heuristic,0.425,,False
32,2026-06-19,Group Stage,D,Australia,United States,australia_cameron_devlin,Cameron Devlin,Midfielder,Midfielder,5,0.0,D,0.2,0.163,27.6,,,0.163,27.6,bench_option,auto_role_rank_heuristic,0.29,,False
32,2026-06-19,Group Stage,D,Australia,United States,australia_connor_metcalfe,Connor Metcalfe,Midfielder,Midfielder,3,0.1404,C,0.439,0.643,50.9,,,0.643,50.9,probable_starter,auto_role_rank_heuristic,0.489,,False
32,2026-06-19,Group Stage,D,Australia,United States,australia_jackson_irvine,Jackson Irvine,Midfielder,Midfielder,1,0.5308,A,0.835,0.797,58.4,,,0.797,58.4,locked_starter,auto_role_rank_heuristic,0.805,,False
32,2026-06-19,Group Stage,D,Australia,United States,australia_paul_okon_engstler,Paul Okon-Engstler,Midfielder,Midfielder,4,0.0943,D,0.35,0.579,47.8,,,0.579,47.8,probable_starter,auto_role_rank_heuristic,0.366,,False
59,2026-06-25,Group Stage,D,Turkey,United States,turkey_abdulkerim_bardakci,Abdulkerim Bardakci,Defender,Defender,6,0.4791,C,0.55,0.306,29.7,,,0.306,29.7,rotation,auto_role_rank_heuristic,0.612,,False
59,2026-06-25,Group Stage,D,Turkey,United States,turkey_caglar_soyuncu,Caglar Soyuncu,Defender,Defender,7,0.285,C,0.451,0.293,28.9,,,0.293,28.9,rotation,auto_role_rank_heuristic,0.529,,False
59,2026-06-25,Group Stage,D,Turkey,United States,turkey_eren_elmali,Eren Elmali,Defender,Defender,9,0.2221,D,0.35,0.034,12.8,,,0.034,12.8,bench_option,auto_role_rank_heuristic,0.398,,False
59,2026-06-25,Group Stage,D,Turkey,United States,turkey_ferdi_kadioglu,Ferdi Kadioglu,Defender,Defender,1,0.9837,A,0.95,0.761,58.1,,,0.761,58.1,locked_starter,auto_role_rank_heuristic,0.88,,False
59,2026-06-25,Group Stage,D,Turkey,United States,turkey_merih_demiral,Merih Demiral,Defender,Defender,2,0.779,B,0.687,0.709,54.8,,,0.709,54.8,probable_starter,auto_role_rank_heuristic,0.775,,False
59,2026-06-25,Group Stage,D,Turkey,United States,turkey_mert_muldur,Mert Muldur,Defender,Defender,5,0.5612,B,0.652,0.385,34.7,,,0.385,34.7,rotation,auto_role_rank_heuristic,0.709,,False
59,2026-06-25,Group Stage,D,Turkey,United States,turkey_ozan_kabak,Ozan Kabak,Defender,Defender,4,0.5779,A,0.846,0.731,56.2,,,0.731,56.2,probable_starter,auto_role_rank_heuristic,0.821,,False
59,2026-06-25,Group Stage,D,Turkey,United States,turkey_samet_akaydin,Samet Akaydin,Defender,Defender,8,0.2841,D,0.35,0.039,13.1,,,0.039,13.1,bench_option,auto_role_rank_heuristic,0.414,,False
59,2026-06-25,Group Stage,D,Turkey,United States,turkey_zeki_celik,Zeki Celik,Defender,Defender,3,0.7501,A,0.927,0.743,57.0,,,0.743,57.0,probable_starter,auto_role_rank_heuristic,0.88,,False
59,2026-06-25,Group Stage,D,Turkey,United States,turkey_arda_guler,Arda Guler,Forward,Forward,3,0.5688,A,0.868,0.694,51.3,,,0.694,51.3,probable_starter,auto_role_rank_heuristic,0.826,,False
59,2026-06-25,Group Stage,D,Turkey,United States,turkey_baris_alper_yilmaz,Baris Alper Yilmaz,Forward,Forward,7,0.0,D,0.2,0.145,28.3,,,0.145,28.3,bench_option,auto_role_rank_heuristic,0.29,,False
59,2026-06-25,Group Stage,D,Turkey,United States,turkey_can_uzun,Can Uzun,Forward,Forward,4,0.4281,A,0.796,0.412,39.5,,,0.412,39.5,rotation,auto_role_rank_heuristic,0.766,,False
59,2026-06-25,Group Stage,D,Turkey,United States,turkey_deniz_gul,Deniz Gul,Forward,Forward,6,0.2366,B,0.648,0.362,37.4,,,0.362,37.4,rotation,auto_role_rank_heuristic,0.626,,False
59,2026-06-25,Group Stage,D,Turkey,United States,turkey_irfan_can_kahveci,Irfan Can Kahveci,Forward,Forward,5,0.3355,D,0.35,0.242,32.4,,,0.242,32.4,rotation,auto_role_rank_heuristic,0.426,,False
59,2026-06-25,Group Stage,D,Turkey,United States,turkey_kenan_yildiz,Kenan Yildiz,Forward,Forward,8,0.0,D,0.2,0.01,22.7,,,0.01,22.7,bench_option,auto_role_rank_heuristic,0.29,,False
59,2026-06-25,Group Stage,D,Turkey,United States,turkey_kerem_akturkoglu,Kerem Akturkoglu,Forward,Forward,2,0.6253,B,0.715,0.662,49.9,,,0.662,49.9,probable_starter,auto_role_rank_heuristic,0.747,,False
59,2026-06-25,Group Stage,D,Turkey,United States,turkey_oguz_aydin,Oguz Aydin,Forward,Forward,9,0.0,D,0.2,0.01,22.7,,,0.01,22.7,bench_option,auto_role_rank_heuristic,0.29,,False
59,2026-06-25,Group Stage,D,Turkey,United States,turkey_yunus_akgun,Yunus Akgun,Forward,Forward,1,0.6533,B,0.701,0.664,50.0,,,0.664,50.0,probable_starter,auto_role_rank_heuristic,0.749,,False
59,2026-06-25,Group Stage,D,Turkey,United States,turkey_altay_bayindir,Altay Bayindir,Goalkeeper,Goalkeeper,3,0.0,D,0.2,0.01,0.8,,,0.01,0.8,bench_option,auto_role_rank_heuristic,0.29,,False
59,2026-06-25,Group Stage,D,Turkey,United States,turkey_mert_gunok,Mert Gunok,Goalkeeper,Goalkeeper,1,0.6496,B,0.642,0.79,63.3,,,0.79,63.3,locked_starter,auto_role_rank_heuristic,0.727,,False
59,2026-06-25,Group Stage,D,Turkey,United States,turkey_ugurcan_cakir,Ugurcan Cakir,Goalkeeper,Goalkeeper,2,0.4819,C,0.55,0.144,11.5,,,0.144,11.5,bench_option,auto_role_rank_heuristic,0.613,,False
59,2026-06-25,Group Stage,D,Turkey,United States,turkey_hakan_calhanoglu,Hakan Calhanoglu,Midfielder,Midfielder,2,0.6607,A,0.837,0.719,54.1,,,0.719,54.1,probable_starter,auto_role_rank_heuristic,0.838,,False
59,2026-06-25,Group Stage,D,Turkey,United States,turkey_ismail_yuksek,Ismail Yuksek,Midfielder,Midfielder,3,0.4803,B,0.697,0.669,51.7,,,0.669,51.7,probable_starter,auto_role_rank_heuristic,0.704,,False
59,2026-06-25,Group Stage,D,Turkey,United States,turkey_kaan_ayhan,Kaan Ayhan,Midfielder,Midfielder,4,0.4759,D,0.226,0.542,45.6,,,0.542,45.6,probable_starter,auto_role_rank_heuristic,0.418,,False
59,2026-06-25,Group Stage,D,Turkey,United States,turkey_orkun_kokcu,Orkun Kokcu,Midfielder,Midfielder,1,0.725,B,0.756,0.687,52.6,,,0.687,52.6,probable_starter,auto_role_rank_heuristic,0.786,,False
59,2026-06-25,Group Stage,D,Turkey,United States,turkey_salih_ozcan,Salih Ozcan,Midfielder,Midfielder,5,0.2758,D,0.205,0.237,31.0,,,0.237,31.0,rotation,auto_role_rank_heuristic,0.361,,False
59,2026-06-25,Group Stage,D,United States,Turkey,united_states_alex_freeman,Alex Freeman,Defender,Defender,10,0.0756,D,0.223,0.022,12.2,,,0.022,12.2,bench_option,auto_role_rank_heuristic,0.317,,False
59,2026-06-25,Group Stage,D,United States,Turkey,united_states_antonee_robinson,Antonee Robinson,Defender,Defender,5,0.477,A,0.824,0.389,35.4,,,0.389,35.4,rotation,auto_role_rank_heuristic,0.788,,False
59,2026-06-25,Group Stage,D,United States,Turkey,united_states_auston_trusty,Auston Trusty,Defender,Defender,7,0.3533,C,0.55,0.279,28.4,,,0.279,28.4,rotation,auto_role_rank_heuristic,0.581,,False
59,2026-06-25,Group Stage,D,United States,Turkey,united_states_chris_richards,Chris Richards,Defender,Defender,1,0.9165,A,0.936,0.708,55.5,,,0.708,55.5,probable_starter,auto_role_rank_heuristic,0.88,,False
59,2026-06-25,Group Stage,D,United States,Turkey,united_states_joe_scally,Joe Scally,Defender,Defender,2,0.8137,A,0.917,0.701,55.1,,,0.701,55.1,probable_starter,auto_role_rank_heuristic,0.88,,False
59,2026-06-25,Group Stage,D,United States,Turkey,united_states_max_arfsten,Max Arfsten,Defender,Defender,8,0.1923,B,0.657,0.149,20.2,,,0.149,20.2,bench_option,auto_role_rank_heuristic,0.618,,False
59,2026-06-25,Group Stage,D,United States,Turkey,united_states_mckenzie_mark,McKENZIE Mark,Defender,Defender,6,0.46,C,0.55,0.286,28.9,,,0.286,28.9,rotation,auto_role_rank_heuristic,0.607,,False
59,2026-06-25,Group Stage,D,United States,Turkey,united_states_miles_robinson,Miles Robinson,Defender,Defender,9,0.1517,C,0.44,0.078,15.7,,,0.078,15.7,bench_option,auto_role_rank_heuristic,0.492,,False
59,2026-06-25,Group Stage,D,United States,Turkey,united_states_sergino_dest,Sergino Dest,Defender,Defender,3,0.7066,B,0.733,0.66,52.5,,,0.66,52.5,probable_starter,auto_role_rank_heuristic,0.773,,False
59,2026-06-25,Group Stage,D,United States,Turkey,united_states_tim_ream,Tim Ream,Defender,Defender,4,0.5097,B,0.629,0.647,51.6,,,0.647,51.6,probable_starter,auto_role_rank_heuristic,0.688,,False
59,2026-06-25,Group Stage,D,United States,Turkey,united_states_alex_zendejas,Alex Zendejas,Forward,Forward,7,0.0663,D,0.2,0.14,28.5,,,0.14,28.5,bench_option,auto_role_rank_heuristic,0.307,,False
59,2026-06-25,Group Stage,D,United States,Turkey,united_states_brenden_aaronson,Brenden Aaronson,Forward,Forward,1,0.7026,A,0.904,0.659,50.5,,,0.659,50.5,probable_starter,auto_role_rank_heuristic,0.872,,False
59,2026-06-25,Group Stage,D,United States,Turkey,united_states_christian_pulisic,Christian Pulisic,Forward,Forward,2,0.6629,A,0.834,0.657,50.4,,,0.657,50.4,probable_starter,auto_role_rank_heuristic,0.838,,False
59,2026-06-25,Group Stage,D,United States,Turkey,united_states_folarin_balogun,Folarin Balogun,Forward,Forward,3,0.6491,A,0.886,0.656,50.3,,,0.656,50.3,probable_starter,auto_role_rank_heuristic,0.852,,False
59,2026-06-25,Group Stage,D,United States,Turkey,united_states_haji_wright,Haji Wright,Forward,Forward,6,0.3088,D,0.35,0.225,32.1,,,0.225,32.1,rotation,auto_role_rank_heuristic,0.42,,False
59,2026-06-25,Group Stage,D,United States,Turkey,united_states_ricardo_pepi,Ricardo Pepi,Forward,Forward,5,0.4972,B,0.668,0.357,37.7,,,0.357,37.7,rotation,auto_role_rank_heuristic,0.698,,False
59,2026-06-25,Group Stage,D,United States,Turkey,united_states_timothy_weah,Timothy Weah,Forward,Forward,4,0.6051,A,0.888,0.398,39.4,,,0.398,39.4,rotation,auto_role_rank_heuristic,0.842,,False
59,2026-06-25,Group Stage,D,United States,Turkey,united_states_chris_brady,Chris Brady,Goalkeeper,Goalkeeper,2,0.2065,B,0.655,0.184,14.9,,,0.184,14.9,bench_option,auto_role_rank_heuristic,0.621,,False
59,2026-06-25,Group Stage,D,United States,Turkey,united_states_matt_freese,Matt Freese,Goalkeeper,Goalkeeper,3,0.2025,B,0.663,0.082,6.7,,,0.082,6.7,bench_option,auto_role_rank_heuristic,0.623,,False
59,2026-06-25,Group Stage,D,United States,Turkey,united_states_matt_turner,Matt Turner,Goalkeeper,Goalkeeper,1,0.6151,B,0.655,0.738,59.9,,,0.738,59.9,probable_starter,auto_role_rank_heuristic,0.723,,False
59,2026-06-25,Group Stage,D,United States,Turkey,united_states_cristian_roldan,Cristian Roldan,Midfielder,Midfielder,6,0.1434,B,0.63,0.332,36.0,,,0.332,36.0,rotation,auto_role_rank_heuristic,0.596,,False
59,2026-06-25,Group Stage,D,United States,Turkey,united_states_giovanni_reyna,Giovanni Reyna,Midfielder,Midfielder,5,0.1837,D,0.2,0.217,30.4,,,0.217,30.4,rotation,auto_role_rank_heuristic,0.336,,False
59,2026-06-25,Group Stage,D,United States,Turkey,united_states_malik_tillman,Malik Tillman,Midfielder,Midfielder,2,0.4927,A,0.839,0.662,52.1,,,0.662,52.1,probable_starter,auto_role_rank_heuristic,0.797,,False
59,2026-06-25,Group Stage,D,United States,Turkey,united_states_mckennie_weston,McKENNIE Weston,Midfielder,Midfielder,3,0.3843,D,0.35,0.502,44.3,,,0.502,44.3,rotation,auto_role_rank_heuristic,0.439,,False
59,2026-06-25,Group Stage,D,United States,Turkey,united_states_sebastian_berhalter,Sebastian Berhalter,Midfielder,Midfielder,4,0.1871,B,0.643,0.607,49.4,,,0.607,49.4,probable_starter,auto_role_rank_heuristic,0.612,,False
59,2026-06-25,Group Stage,D,United States,Turkey,united_states_tyler_adams,Tyler Adams,Midfielder,Midfielder,1,0.5509,A,0.848,0.666,52.3,,,0.666,52.3,probable_starter,auto_role_rank_heuristic,0.815,,False
60,2026-06-25,Group Stage,D,Paraguay,Australia,paraguay_alexandro_maidana,Alexandro Maidana,Defender,Defender,6,0.0,D,0.2,0.179,22.1,,,0.179,22.1,bench_option,auto_role_rank_heuristic,0.29,,False
60,2026-06-25,Group Stage,D,Paraguay,Australia,paraguay_fabian_balbuena,Fabian Balbuena,Defender,Defender,2,0.4277,C,0.55,0.754,58.4,,,0.754,58.4,locked_starter,auto_role_rank_heuristic,0.599,,False
60,2026-06-25,Group Stage,D,Paraguay,Australia,paraguay_gustavo_gomez,Gustavo Gomez,Defender,Defender,3,0.2732,D,0.2,0.584,47.7,,,0.584,47.7,probable_starter,auto_role_rank_heuristic,0.358,,False
60,2026-06-25,Group Stage,D,Paraguay,Australia,paraguay_gustavo_velazquez,Gustavo Velazquez,Defender,Defender,7,0.0,D,0.2,0.179,22.1,,,0.179,22.1,bench_option,auto_role_rank_heuristic,0.29,,False
60,2026-06-25,Group Stage,D,Paraguay,Australia,paraguay_jose_canale,Jose Canale,Defender,Defender,8,0.0,D,0.2,0.011,11.5,,,0.011,11.5,bench_option,auto_role_rank_heuristic,0.29,,False
60,2026-06-25,Group Stage,D,Paraguay,Australia,paraguay_juan_jose_caceres,Juan Jose Caceres,Defender,Defender,5,0.1651,D,0.2,0.193,23.0,,,0.193,23.0,bench_option,auto_role_rank_heuristic,0.331,,False
60,2026-06-25,Group Stage,D,Paraguay,Australia,paraguay_junior_alonso,Junior Alonso,Defender,Defender,4,0.2701,D,0.2,0.584,47.7,,,0.584,47.7,probable_starter,auto_role_rank_heuristic,0.358,,False
60,2026-06-25,Group Stage,D,Paraguay,Australia,paraguay_omar_alderete,Omar Alderete,Defender,Defender,1,0.9073,A,0.933,0.932,69.6,,,0.932,69.6,locked_starter,auto_role_rank_heuristic,0.88,,False
60,2026-06-25,Group Stage,D,Paraguay,Australia,paraguay_alejandro_romero_gamarra,Alejandro Romero Gamarra,Forward,Forward,5,0.0,D,0.2,0.179,30.1,,,0.179,30.1,bench_option,auto_role_rank_heuristic,0.29,,False
60,2026-06-25,Group Stage,D,Paraguay,Australia,paraguay_alex_arce,Alex Arce,Forward,Forward,6,0.0,D,0.2,0.179,30.1,,,0.179,30.1,bench_option,auto_role_rank_heuristic,0.29,,False
60,2026-06-25,Group Stage,D,Paraguay,Australia,paraguay_antonio_sanabria,Antonio Sanabria,Forward,Forward,2,0.4785,A,0.779,0.848,58.5,,,0.848,58.5,locked_starter,auto_role_rank_heuristic,0.772,,False
60,2026-06-25,Group Stage,D,Paraguay,Australia,paraguay_gabriel_avalos,Gabriel Avalos,Forward,Forward,3,0.0263,D,0.2,0.517,44.4,,,0.517,44.4,rotation,auto_role_rank_heuristic,0.297,,False
60,2026-06-25,Group Stage,D,Paraguay,Australia,paraguay_isidro_pitta,Isidro Pitta,Forward,Forward,4,0.0063,D,0.2,0.18,30.2,,,0.18,30.2,bench_option,auto_role_rank_heuristic,0.292,,False
60,2026-06-25,Group Stage,D,Paraguay,Australia,paraguay_julio_enciso,Julio Enciso,Forward,Forward,1,0.5506,A,0.857,0.854,58.7,,,0.854,58.7,locked_starter,auto_role_rank_heuristic,0.818,,False
60,2026-06-25,Group Stage,D,Paraguay,Australia,paraguay_gaston_olveira,Gaston Olveira,Goalkeeper,Goalkeeper,2,0.0,D,0.2,0.011,0.9,,,0.011,0.9,bench_option,auto_role_rank_heuristic,0.29,,False
60,2026-06-25,Group Stage,D,Paraguay,Australia,paraguay_gatito_fernandez,Gatito Fernandez,Goalkeeper,Goalkeeper,3,0.0,D,0.2,0.011,0.9,,,0.011,0.9,bench_option,auto_role_rank_heuristic,0.29,,False
60,2026-06-25,Group Stage,D,Paraguay,Australia,paraguay_orlando_gill,Orlando Gill,Goalkeeper,Goalkeeper,1,0.0013,D,0.2,0.671,54.4,,,0.671,54.4,probable_starter,auto_role_rank_heuristic,0.29,,False
60,2026-06-25,Group Stage,D,Paraguay,Australia,paraguay_andres_cubas,Andres Cubas,Midfielder,Midfielder,3,0.3403,C,0.457,0.724,55.1,,,0.724,55.1,probable_starter,auto_role_rank_heuristic,0.545,,False
60,2026-06-25,Group Stage,D,Paraguay,Australia,paraguay_braian_ojeda,Braian Ojeda,Midfielder,Midfielder,5,0.2003,B,0.661,0.443,41.4,,,0.443,41.4,rotation,auto_role_rank_heuristic,0.621,,False
60,2026-06-25,Group Stage,D,Paraguay,Australia,paraguay_damian_bobadilla,Damian Bobadilla,Midfielder,Midfielder,7,0.0,D,0.2,0.179,28.5,,,0.179,28.5,bench_option,auto_role_rank_heuristic,0.29,,False
60,2026-06-25,Group Stage,D,Paraguay,Australia,paraguay_diego_gomez,Diego Gomez,Midfielder,Midfielder,1,0.5807,A,0.877,0.879,62.6,,,0.879,62.6,locked_starter,auto_role_rank_heuristic,0.832,,False
60,2026-06-25,Group Stage,D,Paraguay,Australia,paraguay_gustavo_caballero,Gustavo Caballero,Midfielder,Midfielder,8,0.0,D,0.2,0.179,28.5,,,0.179,28.5,bench_option,auto_role_rank_heuristic,0.29,,False
60,2026-06-25,Group Stage,D,Paraguay,Australia,paraguay_matias_galarza,Matias Galarza,Midfielder,Midfielder,6,0.1119,C,0.444,0.346,36.7,,,0.346,36.7,rotation,auto_role_rank_heuristic,0.483,,False
60,2026-06-25,Group Stage,D,Paraguay,Australia,paraguay_mauricio,Mauricio,Midfielder,Midfielder,9,0.0,D,0.2,0.011,20.4,,,0.011,20.4,bench_option,auto_role_rank_heuristic,0.29,,False
60,2026-06-25,Group Stage,D,Paraguay,Australia,paraguay_miguel_almiron,Miguel Almiron,Midfielder,Midfielder,2,0.378,C,0.444,0.727,55.2,,,0.727,55.2,probable_starter,auto_role_rank_heuristic,0.55,,False
60,2026-06-25,Group Stage,D,Paraguay,Australia,paraguay_ramon_sosa,Ramon Sosa,Midfielder,Midfielder,4,0.239,D,0.2,0.648,51.4,,,0.648,51.4,probable_starter,auto_role_rank_heuristic,0.35,,False
60,2026-06-25,Group Stage,D,Australia,Paraguay,australia_alessandro_circati,Alessandro Circati,Defender,Defender,1,0.6103,A,0.922,0.824,62.5,,,0.824,62.5,locked_starter,auto_role_rank_heuristic,0.855,,False
60,2026-06-25,Group Stage,D,Australia,Paraguay,australia_aziz_behich,Aziz Behich,Defender,Defender,2,0.4887,C,0.55,0.692,54.2,,,0.692,54.2,probable_starter,auto_role_rank_heuristic,0.615,,False
60,2026-06-25,Group Stage,D,Australia,Paraguay,australia_cameron_burgess,Cameron Burgess,Defender,Defender,4,0.3163,D,0.35,0.617,49.5,,,0.617,49.5,probable_starter,auto_role_rank_heuristic,0.422,,False
60,2026-06-25,Group Stage,D,Australia,Paraguay,australia_harry_souttar,Harry Souttar,Defender,Defender,6,0.2357,D,0.2,0.182,22.2,,,0.182,22.2,bench_option,auto_role_rank_heuristic,0.349,,False
60,2026-06-25,Group Stage,D,Australia,Paraguay,australia_jacob_italiano,Jacob Italiano,Defender,Defender,10,0.0,D,0.2,0.01,11.4,,,0.01,11.4,bench_option,auto_role_rank_heuristic,0.29,,False
60,2026-06-25,Group Stage,D,Australia,Paraguay,australia_jason_geria,Jason Geria,Defender,Defender,8,0.1613,D,0.35,0.034,12.9,,,0.034,12.9,bench_option,auto_role_rank_heuristic,0.383,,False
60,2026-06-25,Group Stage,D,Australia,Paraguay,australia_jordan_bos,Jordan Bos,Defender,Defender,5,0.3053,D,0.35,0.269,27.7,,,0.269,27.7,rotation,auto_role_rank_heuristic,0.419,,False
60,2026-06-25,Group Stage,D,Australia,Paraguay,australia_kai_trewin,Kai Trewin,Defender,Defender,3,0.4297,B,0.655,0.768,59.0,,,0.768,59.0,locked_starter,auto_role_rank_heuristic,0.677,,False
60,2026-06-25,Group Stage,D,Australia,Paraguay,australia_lucas_herrington,Lucas Herrington,Defender,Defender,7,0.2025,B,0.663,0.404,36.2,,,0.404,36.2,rotation,auto_role_rank_heuristic,0.623,,False
60,2026-06-25,Group Stage,D,Australia,Paraguay,australia_milos_degenek,Milos Degenek,Defender,Defender,9,0.1313,D,0.35,0.032,12.8,,,0.032,12.8,bench_option,auto_role_rank_heuristic,0.375,,False
60,2026-06-25,Group Stage,D,Australia,Paraguay,australia_ajdin_hrustic,Ajdin Hrustic,Forward,Forward,1,0.6926,B,0.735,0.749,54.0,,,0.749,54.0,probable_starter,auto_role_rank_heuristic,0.77,,False
60,2026-06-25,Group Stage,D,Australia,Paraguay,australia_awer_mabil,Awer Mabil,Forward,Forward,5,0.282,D,0.35,0.268,33.7,,,0.268,33.7,rotation,auto_role_rank_heuristic,0.413,,False
60,2026-06-25,Group Stage,D,Australia,Paraguay,australia_cristian_volpato,Cristian Volpato,Forward,Forward,2,0.4183,A,0.789,0.767,54.8,,,0.767,54.8,locked_starter,auto_role_rank_heuristic,0.761,,False
60,2026-06-25,Group Stage,D,Australia,Paraguay,australia_mathew_leckie,Mathew Leckie,Forward,Forward,4,0.3108,D,0.35,0.27,33.8,,,0.27,33.8,rotation,auto_role_rank_heuristic,0.42,,False
60,2026-06-25,Group Stage,D,Australia,Paraguay,australia_mohamed_toure,Mohamed Toure,Forward,Forward,6,0.2529,D,0.35,0.265,33.6,,,0.265,33.6,rotation,auto_role_rank_heuristic,0.406,,False
60,2026-06-25,Group Stage,D,Australia,Paraguay,australia_nestory_irankunda,Nestory Irankunda,Forward,Forward,3,0.3477,C,0.55,0.64,49.4,,,0.64,49.4,probable_starter,auto_role_rank_heuristic,0.579,,False
60,2026-06-25,Group Stage,D,Australia,Paraguay,australia_nishan_velupillay,Nishan Velupillay,Forward,Forward,8,0.0921,D,0.35,0.038,24.0,,,0.038,24.0,bench_option,auto_role_rank_heuristic,0.366,,False
60,2026-06-25,Group Stage,D,Australia,Paraguay,australia_tete_yengi,Tete Yengi,Forward,Forward,7,0.251,D,0.35,0.265,33.6,,,0.265,33.6,rotation,auto_role_rank_heuristic,0.405,,False
60,2026-06-25,Group Stage,D,Australia,Paraguay,australia_mathew_ryan,Mathew Ryan,Goalkeeper,Goalkeeper,1,0.9575,A,0.95,0.955,77.1,,,0.955,77.1,locked_starter,auto_role_rank_heuristic,0.88,,False
60,2026-06-25,Group Stage,D,Australia,Paraguay,australia_patrick_beach,Patrick Beach,Goalkeeper,Goalkeeper,3,0.2175,C,0.55,0.017,1.4,,,0.017,1.4,bench_option,auto_role_rank_heuristic,0.547,,False
60,2026-06-25,Group Stage,D,Australia,Paraguay,australia_paul_izzo,Paul Izzo,Goalkeeper,Goalkeeper,2,0.3945,C,0.55,0.155,12.5,,,0.155,12.5,bench_option,auto_role_rank_heuristic,0.591,,False
60,2026-06-25,Group Stage,D,Australia,Paraguay,australia_aiden_oneill,Aiden Oneill,Midfielder,Midfielder,2,0.3282,D,0.35,0.597,48.7,,,0.597,48.7,probable_starter,auto_role_rank_heuristic,0.425,,False
60,2026-06-25,Group Stage,D,Australia,Paraguay,australia_cameron_devlin,Cameron Devlin,Midfielder,Midfielder,5,0.0,D,0.2,0.163,27.6,,,0.163,27.6,bench_option,auto_role_rank_heuristic,0.29,,False
60,2026-06-25,Group Stage,D,Australia,Paraguay,australia_connor_metcalfe,Connor Metcalfe,Midfielder,Midfielder,3,0.1404,C,0.439,0.643,50.9,,,0.643,50.9,probable_starter,auto_role_rank_heuristic,0.489,,False
60,2026-06-25,Group Stage,D,Australia,Paraguay,australia_jackson_irvine,Jackson Irvine,Midfielder,Midfielder,1,0.5308,A,0.835,0.797,58.4,,,0.797,58.4,locked_starter,auto_role_rank_heuristic,0.805,,False
60,2026-06-25,Group Stage,D,Australia,Paraguay,australia_paul_okon_engstler,Paul Okon-Engstler,Midfielder,Midfielder,4,0.0943,D,0.35,0.579,47.8,,,0.579,47.8,probable_starter,auto_role_rank_heuristic,0.366,,False
9,2026-06-14,Group Stage,E,Germany,Curacao,germany_antonio_ruediger,Antonio Ruediger,Defender,Defender,8,0.5349,C,0.55,0.093,16.5,,,0.093,16.5,bench_option,auto_role_rank_heuristic,0.626,,False
9,2026-06-14,Group Stage,E,Germany,Curacao,germany_david_raum,David Raum,Defender,Defender,2,0.8805,A,0.913,0.63,50.0,,,0.63,50.0,probable_starter,auto_role_rank_heuristic,0.88,,False
9,2026-06-14,Group Stage,E,Germany,Curacao,germany_jonathan_tah,Jonathan Tah,Defender,Defender,3,0.78,A,0.868,0.624,49.6,,,0.624,49.6,probable_starter,auto_role_rank_heuristic,0.879,,False
9,2026-06-14,Group Stage,E,Germany,Curacao,germany_joshua_kimmich,Joshua Kimmich,Defender,Defender,1,0.8821,A,0.89,0.63,50.0,,,0.63,50.0,probable_starter,auto_role_rank_heuristic,0.88,,False
9,2026-06-14,Group Stage,E,Germany,Curacao,germany_malick_thiaw,Malick Thiaw,Defender,Defender,6,0.6578,A,0.947,0.359,33.1,,,0.359,33.1,rotation,auto_role_rank_heuristic,0.876,,False
9,2026-06-14,Group Stage,E,Germany,Curacao,germany_nathaniel_brown,Nathaniel Brown,Defender,Defender,7,0.6413,A,0.921,0.357,32.9,,,0.357,32.9,rotation,auto_role_rank_heuristic,0.863,,False
9,2026-06-14,Group Stage,E,Germany,Curacao,germany_nico_schlotterbeck,Nico Schlotterbeck,Defender,Defender,5,0.7395,A,0.91,0.363,33.3,,,0.363,33.3,rotation,auto_role_rank_heuristic,0.88,,False
9,2026-06-14,Group Stage,E,Germany,Curacao,germany_waldemar_anton,Waldemar Anton,Defender,Defender,4,0.772,A,0.94,0.624,49.6,,,0.624,49.6,probable_starter,auto_role_rank_heuristic,0.88,,False
9,2026-06-14,Group Stage,E,Germany,Curacao,germany_deniz_undav,Deniz Undav,Forward,Forward,1,0.622,A,0.887,0.584,46.7,,,0.584,46.7,probable_starter,auto_role_rank_heuristic,0.846,,False
9,2026-06-14,Group Stage,E,Germany,Curacao,germany_kai_havertz,Kai Havertz,Forward,Forward,4,0.5065,C,0.439,0.259,33.1,,,0.259,33.1,rotation,auto_role_rank_heuristic,0.58,,False
9,2026-06-14,Group Stage,E,Germany,Curacao,germany_maximilian_beier,Maximilian Beier,Forward,Forward,3,0.6064,A,0.869,0.583,46.7,,,0.583,46.7,probable_starter,auto_role_rank_heuristic,0.836,,False
9,2026-06-14,Group Stage,E,Germany,Curacao,germany_nick_woltemade,Nick Woltemade,Forward,Forward,2,0.6216,A,0.866,0.584,46.7,,,0.584,46.7,probable_starter,auto_role_rank_heuristic,0.838,,False
9,2026-06-14,Group Stage,E,Germany,Curacao,germany_alexander_nuebel,Alexander Nuebel,Goalkeeper,Goalkeeper,3,0.427,C,0.55,0.026,2.1,,,0.026,2.1,bench_option,auto_role_rank_heuristic,0.599,,False
9,2026-06-14,Group Stage,E,Germany,Curacao,germany_manuel_neuer,Manuel Neuer,Goalkeeper,Goalkeeper,2,0.7939,A,0.855,0.231,18.5,,,0.231,18.5,rotation,auto_role_rank_heuristic,0.878,,False
9,2026-06-14,Group Stage,E,Germany,Curacao,germany_oliver_baumann,Oliver Baumann,Goalkeeper,Goalkeeper,1,0.8944,A,0.95,0.707,56.7,,,0.707,56.7,probable_starter,auto_role_rank_heuristic,0.88,,False
9,2026-06-14,Group Stage,E,Germany,Curacao,germany_aleksandar_pavlovic,Aleksandar Pavlovic,Midfielder,Midfielder,9,0.5961,A,0.822,0.203,29.4,,,0.203,29.4,rotation,auto_role_rank_heuristic,0.817,,False
9,2026-06-14,Group Stage,E,Germany,Curacao,germany_angelo_stiller,Angelo Stiller,Midfielder,Midfielder,1,0.8853,A,0.929,0.615,49.2,,,0.615,49.2,probable_starter,auto_role_rank_heuristic,0.88,,False
9,2026-06-14,Group Stage,E,Germany,Curacao,germany_felix_nmecha,Felix Nmecha,Midfielder,Midfielder,3,0.7436,A,0.881,0.606,48.7,,,0.606,48.7,probable_starter,auto_role_rank_heuristic,0.874,,False
9,2026-06-14,Group Stage,E,Germany,Curacao,germany_florian_wirtz,Florian Wirtz,Midfielder,Midfielder,8,0.6305,A,0.898,0.357,36.8,,,0.357,36.8,rotation,auto_role_rank_heuristic,0.852,,False
9,2026-06-14,Group Stage,E,Germany,Curacao,germany_jamal_musiala,Jamal Musiala,Midfielder,Midfielder,10,0.4774,C,0.446,0.105,24.6,,,0.105,24.6,bench_option,auto_role_rank_heuristic,0.575,,False
9,2026-06-14,Group Stage,E,Germany,Curacao,germany_jamie_leweling,Jamie Leweling,Midfielder,Midfielder,6,0.6778,A,0.897,0.36,36.9,,,0.36,36.9,rotation,auto_role_rank_heuristic,0.863,,False
9,2026-06-14,Group Stage,E,Germany,Curacao,germany_lennart_karl,Lennart Karl,Midfielder,Midfielder,11,0.4508,A,0.807,0.194,28.9,,,0.194,28.9,bench_option,auto_role_rank_heuristic,0.775,,False
9,2026-06-14,Group Stage,E,Germany,Curacao,germany_leon_goretzka,Leon Goretzka,Midfielder,Midfielder,5,0.7,A,0.862,0.361,37.0,,,0.361,37.0,rotation,auto_role_rank_heuristic,0.857,,False
9,2026-06-14,Group Stage,E,Germany,Curacao,germany_leroy_sane,Leroy Sane,Midfielder,Midfielder,2,0.7907,B,0.74,0.579,47.4,,,0.579,47.4,probable_starter,auto_role_rank_heuristic,0.797,,False
9,2026-06-14,Group Stage,E,Germany,Curacao,germany_nadiem_amiri,Nadiem Amiri,Midfielder,Midfielder,7,0.6744,A,0.874,0.36,36.9,,,0.36,36.9,rotation,auto_role_rank_heuristic,0.854,,False
9,2026-06-14,Group Stage,E,Germany,Curacao,germany_pascal_gross,Pascal Gross,Midfielder,Midfielder,4,0.7423,A,0.887,0.606,48.7,,,0.606,48.7,probable_starter,auto_role_rank_heuristic,0.876,,False
9,2026-06-14,Group Stage,E,Curacao,Germany,curacao_armando_obispo,Armando Obispo,Defender,Defender,6,0.2833,C,0.454,0.328,30.9,,,0.328,30.9,rotation,auto_role_rank_heuristic,0.53,,False
9,2026-06-14,Group Stage,E,Curacao,Germany,curacao_deveron_fonville,Deveron Fonville,Defender,Defender,7,0.2205,B,0.673,0.404,35.6,,,0.404,35.6,rotation,auto_role_rank_heuristic,0.631,,False
9,2026-06-14,Group Stage,E,Curacao,Germany,curacao_joshua_brenet,Joshua Brenet,Defender,Defender,5,0.3233,C,0.453,0.331,31.1,,,0.331,31.1,rotation,auto_role_rank_heuristic,0.539,,False
9,2026-06-14,Group Stage,E,Curacao,Germany,curacao_jurien_gaari,Jurien Gaari,Defender,Defender,4,0.3913,C,0.55,0.682,52.8,,,0.682,52.8,probable_starter,auto_role_rank_heuristic,0.59,,False
9,2026-06-14,Group Stage,E,Curacao,Germany,curacao_riechedly_bazoer,Riechedly Bazoer,Defender,Defender,2,0.4312,B,0.627,0.766,58.0,,,0.766,58.0,locked_starter,auto_role_rank_heuristic,0.667,,False
9,2026-06-14,Group Stage,E,Curacao,Germany,curacao_roshon_van_eijma,Roshon van Eijma,Defender,Defender,8,0.2169,D,0.35,0.038,12.9,,,0.038,12.9,bench_option,auto_role_rank_heuristic,0.397,,False
9,2026-06-14,Group Stage,E,Curacao,Germany,curacao_sherel_floranus,Sherel Floranus,Defender,Defender,1,0.6379,B,0.783,0.784,59.1,,,0.784,59.1,locked_starter,auto_role_rank_heuristic,0.774,,False
9,2026-06-14,Group Stage,E,Curacao,Germany,curacao_shurandy_sambo,Shurandy Sambo,Defender,Defender,3,0.4296,B,0.685,0.766,58.0,,,0.766,58.0,locked_starter,auto_role_rank_heuristic,0.687,,False
9,2026-06-14,Group Stage,E,Curacao,Germany,curacao_brandley_kuwas,Brandley Kuwas,Forward,Forward,1,0.6037,B,0.718,0.74,52.8,,,0.74,52.8,probable_starter,auto_role_rank_heuristic,0.742,,False
9,2026-06-14,Group Stage,E,Curacao,Germany,curacao_gervane_kastaneer,Gervane Kastaneer,Forward,Forward,5,0.2487,D,0.35,0.264,33.0,,,0.264,33.0,rotation,auto_role_rank_heuristic,0.405,,False
9,2026-06-14,Group Stage,E,Curacao,Germany,curacao_jearl_margaritha,Jearl Margaritha,Forward,Forward,7,0.0,D,0.2,0.163,28.8,,,0.163,28.8,bench_option,auto_role_rank_heuristic,0.29,,False
9,2026-06-14,Group Stage,E,Curacao,Germany,curacao_jeremy_antonisse,Jeremy Antonisse,Forward,Forward,6,0.1476,D,0.2,0.175,29.3,,,0.175,29.3,bench_option,auto_role_rank_heuristic,0.327,,False
9,2026-06-14,Group Stage,E,Curacao,Germany,curacao_juergen_locadia,Juergen Locadia,Forward,Forward,8,0.0,D,0.2,0.01,22.5,,,0.01,22.5,bench_option,auto_role_rank_heuristic,0.29,,False
9,2026-06-14,Group Stage,E,Curacao,Germany,curacao_kenji_gorre,Kenji Gorre,Forward,Forward,3,0.3178,D,0.35,0.574,45.9,,,0.574,45.9,probable_starter,auto_role_rank_heuristic,0.422,,False
9,2026-06-14,Group Stage,E,Curacao,Germany,curacao_sontje_hansen,Sontje Hansen,Forward,Forward,4,0.28,D,0.35,0.266,33.1,,,0.266,33.1,rotation,auto_role_rank_heuristic,0.412,,False
9,2026-06-14,Group Stage,E,Curacao,Germany,curacao_tyrese_noslin,Tyrese Noslin,Forward,Forward,2,0.4525,B,0.741,0.728,52.3,,,0.728,52.3,probable_starter,auto_role_rank_heuristic,0.712,,False
9,2026-06-14,Group Stage,E,Curacao,Germany,curacao_eloy_room,Eloy Room,Goalkeeper,Goalkeeper,1,0.4575,C,0.55,0.79,62.8,,,0.79,62.8,locked_starter,auto_role_rank_heuristic,0.607,,False
9,2026-06-14,Group Stage,E,Curacao,Germany,curacao_trevor_doornbusch,Trevor Doornbusch,Goalkeeper,Goalkeeper,2,0.2506,D,0.35,0.081,6.4,,,0.081,6.4,bench_option,auto_role_rank_heuristic,0.405,,False
9,2026-06-14,Group Stage,E,Curacao,Germany,curacao_tyrick_bodak,Tyrick Bodak,Goalkeeper,Goalkeeper,3,0.045,D,0.35,0.01,0.8,,,0.01,0.8,bench_option,auto_role_rank_heuristic,0.354,,False
9,2026-06-14,Group Stage,E,Curacao,Germany,curacao_arjany_martha,Arjany Martha,Midfielder,Midfielder,6,0.0,D,0.2,0.163,27.2,,,0.163,27.2,bench_option,auto_role_rank_heuristic,0.29,,False
9,2026-06-14,Group Stage,E,Curacao,Germany,curacao_godfried_roemeratoe,Godfried Roemeratoe,Midfielder,Midfielder,3,0.2665,D,0.35,0.59,47.6,,,0.59,47.6,probable_starter,auto_role_rank_heuristic,0.409,,False
9,2026-06-14,Group Stage,E,Curacao,Germany,curacao_juninho_bacuna,Juninho Bacuna,Midfielder,Midfielder,1,0.498,B,0.627,0.752,55.3,,,0.752,55.3,locked_starter,auto_role_rank_heuristic,0.684,,False
9,2026-06-14,Group Stage,E,Curacao,Germany,curacao_kevin_felida,Kevin Felida,Midfielder,Midfielder,5,0.1386,D,0.2,0.174,27.7,,,0.174,27.7,bench_option,auto_role_rank_heuristic,0.325,,False
9,2026-06-14,Group Stage,E,Curacao,Germany,curacao_leandro_bacuna,Leandro Bacuna,Midfielder,Midfielder,2,0.4976,C,0.55,0.671,51.4,,,0.671,51.4,probable_starter,auto_role_rank_heuristic,0.617,,False
9,2026-06-14,Group Stage,E,Curacao,Germany,curacao_livano_comenencia,Livano Comenencia,Midfielder,Midfielder,4,0.2297,D,0.35,0.587,47.4,,,0.587,47.4,probable_starter,auto_role_rank_heuristic,0.4,,False
9,2026-06-14,Group Stage,E,Curacao,Germany,curacao_tahith_chong,Tahith Chong,Midfielder,Midfielder,7,0.0,D,0.2,0.163,27.2,,,0.163,27.2,bench_option,auto_role_rank_heuristic,0.29,,False
10,2026-06-14,Group Stage,E,Ivory Coast,Ecuador,ivory_coast_christopher_operi,Christopher Operi,Defender,Defender,6,0.6143,B,0.702,0.333,31.4,,,0.333,31.4,rotation,auto_role_rank_heuristic,0.739,,False
10,2026-06-14,Group Stage,E,Ivory Coast,Ecuador,ivory_coast_emmanuel_agbadou,Emmanuel Agbadou,Defender,Defender,1,0.7677,A,0.883,0.637,50.4,,,0.637,50.4,probable_starter,auto_role_rank_heuristic,0.88,,False
10,2026-06-14,Group Stage,E,Ivory Coast,Ecuador,ivory_coast_evan_ndicka,Evan Ndicka,Defender,Defender,8,0.3044,D,0.35,0.034,12.8,,,0.034,12.8,bench_option,auto_role_rank_heuristic,0.419,,False
10,2026-06-14,Group Stage,E,Ivory Coast,Ecuador,ivory_coast_ghislain_konan,Ghislain Konan,Defender,Defender,4,0.6215,B,0.772,0.598,48.0,,,0.598,48.0,probable_starter,auto_role_rank_heuristic,0.766,,False
10,2026-06-14,Group Stage,E,Ivory Coast,Ecuador,ivory_coast_guela_doue,Guela Doue,Defender,Defender,2,0.7169,A,0.872,0.634,50.2,,,0.634,50.2,probable_starter,auto_role_rank_heuristic,0.864,,False
10,2026-06-14,Group Stage,E,Ivory Coast,Ecuador,ivory_coast_odilon_kossounou,Odilon Kossounou,Defender,Defender,7,0.514,A,0.782,0.358,33.0,,,0.358,33.0,rotation,auto_role_rank_heuristic,0.782,,False
10,2026-06-14,Group Stage,E,Ivory Coast,Ecuador,ivory_coast_ousmane_diomande,Ousmane Diomande,Defender,Defender,3,0.6398,B,0.658,0.599,48.0,,,0.599,48.0,probable_starter,auto_role_rank_heuristic,0.73,,False
10,2026-06-14,Group Stage,E,Ivory Coast,Ecuador,ivory_coast_wilfried_singo,Wilfried Singo,Defender,Defender,5,0.6201,A,0.779,0.365,33.4,,,0.365,33.4,rotation,auto_role_rank_heuristic,0.808,,False
10,2026-06-14,Group Stage,E,Ivory Coast,Ecuador,ivory_coast_amad_diallo,Amad Diallo,Forward,Forward,2,0.6458,A,0.895,0.599,47.3,,,0.599,47.3,probable_starter,auto_role_rank_heuristic,0.855,,False
10,2026-06-14,Group Stage,E,Ivory Coast,Ecuador,ivory_coast_ange_yoan_bonny,Ange-Yoan Bonny,Forward,Forward,9,0.2711,A,0.795,0.18,29.8,,,0.18,29.8,bench_option,auto_role_rank_heuristic,0.726,,False
10,2026-06-14,Group Stage,E,Ivory Coast,Ecuador,ivory_coast_bazoumana_toure,Bazoumana Toure,Forward,Forward,5,0.5311,A,0.892,0.359,37.3,,,0.359,37.3,rotation,auto_role_rank_heuristic,0.825,,False
10,2026-06-14,Group Stage,E,Ivory Coast,Ecuador,ivory_coast_elye_wahi,Elye Wahi,Forward,Forward,6,0.4655,A,0.804,0.355,37.1,,,0.355,37.1,rotation,auto_role_rank_heuristic,0.778,,False
10,2026-06-14,Group Stage,E,Ivory Coast,Ecuador,ivory_coast_evann_guessand,Evann Guessand,Forward,Forward,8,0.4087,A,0.776,0.189,30.2,,,0.189,30.2,bench_option,auto_role_rank_heuristic,0.754,,False
10,2026-06-14,Group Stage,E,Ivory Coast,Ecuador,ivory_coast_nicolas_pepe,Nicolas Pepe,Forward,Forward,1,0.6707,A,0.899,0.601,47.4,,,0.601,47.4,probable_starter,auto_role_rank_heuristic,0.862,,False
10,2026-06-14,Group Stage,E,Ivory Coast,Ecuador,ivory_coast_oumar_diakite,Oumar Diakite,Forward,Forward,7,0.4605,B,0.669,0.324,35.8,,,0.324,35.8,rotation,auto_role_rank_heuristic,0.689,,False
10,2026-06-14,Group Stage,E,Ivory Coast,Ecuador,ivory_coast_simon_adingra,Simon Adingra,Forward,Forward,4,0.5556,A,0.826,0.36,37.3,,,0.36,37.3,rotation,auto_role_rank_heuristic,0.808,,False
10,2026-06-14,Group Stage,E,Ivory Coast,Ecuador,ivory_coast_yan_diomande,Yan Diomande,Forward,Forward,3,0.593,A,0.906,0.595,47.2,,,0.595,47.2,probable_starter,auto_role_rank_heuristic,0.845,,False
10,2026-06-14,Group Stage,E,Ivory Coast,Ecuador,ivory_coast_alban_lafont,Alban Lafont,Goalkeeper,Goalkeeper,3,0.4494,C,0.55,0.028,2.2,,,0.028,2.2,bench_option,auto_role_rank_heuristic,0.605,,False
10,2026-06-14,Group Stage,E,Ivory Coast,Ecuador,ivory_coast_mohamed_kone,Mohamed Kone,Goalkeeper,Goalkeeper,2,0.6591,B,0.693,0.196,15.7,,,0.196,15.7,bench_option,auto_role_rank_heuristic,0.747,,False
10,2026-06-14,Group Stage,E,Ivory Coast,Ecuador,ivory_coast_yahia_fofana,Yahia Fofana,Goalkeeper,Goalkeeper,1,0.8294,B,0.753,0.688,55.1,,,0.688,55.1,probable_starter,auto_role_rank_heuristic,0.811,,False
10,2026-06-14,Group Stage,E,Ivory Coast,Ecuador,ivory_coast_christ_inao_oulai,Christ Inao Oulai,Midfielder,Midfielder,6,0.3888,B,0.722,0.319,34.9,,,0.319,34.9,rotation,auto_role_rank_heuristic,0.69,,False
10,2026-06-14,Group Stage,E,Ivory Coast,Ecuador,ivory_coast_franck_kessie,Franck Kessie,Midfielder,Midfielder,1,0.7856,B,0.73,0.592,48.1,,,0.592,48.1,probable_starter,auto_role_rank_heuristic,0.792,,False
10,2026-06-14,Group Stage,E,Ivory Coast,Ecuador,ivory_coast_ibrahim_sangare,Ibrahim Sangare,Midfielder,Midfielder,2,0.5673,A,0.873,0.609,48.9,,,0.609,48.9,probable_starter,auto_role_rank_heuristic,0.827,,False
10,2026-06-14,Group Stage,E,Ivory Coast,Ecuador,ivory_coast_jean_michael_seri,Jean Michael Seri,Midfielder,Midfielder,5,0.4807,C,0.55,0.262,32.2,,,0.262,32.2,rotation,auto_role_rank_heuristic,0.613,,False
10,2026-06-14,Group Stage,E,Ivory Coast,Ecuador,ivory_coast_parfait_guiagon,Parfait Guiagon,Midfielder,Midfielder,3,0.5467,B,0.762,0.578,47.4,,,0.578,47.4,probable_starter,auto_role_rank_heuristic,0.743,,False
10,2026-06-14,Group Stage,E,Ivory Coast,Ecuador,ivory_coast_seko_fofana,Seko Fofana,Midfielder,Midfielder,4,0.51,A,0.778,0.606,48.7,,,0.606,48.7,probable_starter,auto_role_rank_heuristic,0.78,,False
10,2026-06-14,Group Stage,E,Ecuador,Ivory Coast,ecuador_angelo_preciado,Angelo Preciado,Defender,Defender,6,0.3162,D,0.35,0.252,26.5,,,0.252,26.5,rotation,auto_role_rank_heuristic,0.422,,False
10,2026-06-14,Group Stage,E,Ecuador,Ivory Coast,ecuador_felix_torres,Felix Torres,Defender,Defender,8,0.0227,D,0.2,0.021,12.1,,,0.021,12.1,bench_option,auto_role_rank_heuristic,0.296,,False
10,2026-06-14,Group Stage,E,Ecuador,Ivory Coast,ecuador_jackson_porozo,Jackson Porozo,Defender,Defender,7,0.3115,D,0.35,0.252,26.5,,,0.252,26.5,rotation,auto_role_rank_heuristic,0.42,,False
10,2026-06-14,Group Stage,E,Ecuador,Ivory Coast,ecuador_joel_ordonez,Joel Ordonez,Defender,Defender,1,0.7503,B,0.772,0.742,57.3,,,0.742,57.3,probable_starter,auto_role_rank_heuristic,0.798,,False
10,2026-06-14,Group Stage,E,Ecuador,Ivory Coast,ecuador_pervis_estupinan,Pervis Estupinan,Defender,Defender,3,0.6663,A,0.786,0.773,59.2,,,0.773,59.2,locked_starter,auto_role_rank_heuristic,0.822,,False
10,2026-06-14,Group Stage,E,Ecuador,Ivory Coast,ecuador_piero_hincapie,Piero Hincapie,Defender,Defender,2,0.7248,A,0.857,0.778,59.5,,,0.778,59.5,locked_starter,auto_role_rank_heuristic,0.861,,False
10,2026-06-14,Group Stage,E,Ecuador,Ivory Coast,ecuador_willian_pacho,Willian Pacho,Defender,Defender,4,0.4832,A,0.859,0.76,58.4,,,0.76,58.4,locked_starter,auto_role_rank_heuristic,0.801,,False
10,2026-06-14,Group Stage,E,Ecuador,Ivory Coast,ecuador_yaimar_medina,Yaimar Medina,Defender,Defender,5,0.3943,B,0.677,0.392,35.3,,,0.392,35.3,rotation,auto_role_rank_heuristic,0.676,,False
10,2026-06-14,Group Stage,E,Ecuador,Ivory Coast,ecuador_enner_valencia,Enner Valencia,Forward,Forward,5,0.2645,D,0.2,0.172,29.6,,,0.172,29.6,bench_option,auto_role_rank_heuristic,0.356,,False
10,2026-06-14,Group Stage,E,Ecuador,Ivory Coast,ecuador_gonzalo_plata,Gonzalo Plata,Forward,Forward,4,0.2888,D,0.35,0.25,32.9,,,0.25,32.9,rotation,auto_role_rank_heuristic,0.415,,False
10,2026-06-14,Group Stage,E,Ecuador,Ivory Coast,ecuador_jeremy_arevalo,Jeremy Arevalo,Forward,Forward,7,0.1323,D,0.203,0.239,32.5,,,0.239,32.5,rotation,auto_role_rank_heuristic,0.324,,False
10,2026-06-14,Group Stage,E,Ecuador,Ivory Coast,ecuador_john_yeboah,John Yeboah,Forward,Forward,3,0.3788,C,0.55,0.599,47.6,,,0.599,47.6,probable_starter,auto_role_rank_heuristic,0.587,,False
10,2026-06-14,Group Stage,E,Ecuador,Ivory Coast,ecuador_jordy_caicedo,Jordy Caicedo,Forward,Forward,6,0.2125,D,0.35,0.244,32.7,,,0.244,32.7,rotation,auto_role_rank_heuristic,0.396,,False
10,2026-06-14,Group Stage,E,Ecuador,Ivory Coast,ecuador_kevin_rodriguez,Kevin Rodriguez,Forward,Forward,2,0.5702,B,0.701,0.69,51.4,,,0.69,51.4,probable_starter,auto_role_rank_heuristic,0.728,,False
10,2026-06-14,Group Stage,E,Ecuador,Ivory Coast,ecuador_nilson_angulo,Nilson Angulo,Forward,Forward,1,0.6802,A,0.891,0.736,53.4,,,0.736,53.4,probable_starter,auto_role_rank_heuristic,0.862,,False
10,2026-06-14,Group Stage,E,Ecuador,Ivory Coast,ecuador_gonzalo_valle,Gonzalo Valle,Goalkeeper,Goalkeeper,1,0.0,D,0.2,0.571,46.0,,,0.571,46.0,probable_starter,auto_role_rank_heuristic,0.29,,False
10,2026-06-14,Group Stage,E,Ecuador,Ivory Coast,ecuador_hernan_galindez,Hernan Galindez,Goalkeeper,Goalkeeper,2,0.0,D,0.2,0.01,0.8,,,0.01,0.8,bench_option,auto_role_rank_heuristic,0.29,,False
10,2026-06-14,Group Stage,E,Ecuador,Ivory Coast,ecuador_moises_ramirez,Moises Ramirez,Goalkeeper,Goalkeeper,3,0.0,D,0.2,0.01,0.8,,,0.01,0.8,bench_option,auto_role_rank_heuristic,0.29,,False
10,2026-06-14,Group Stage,E,Ecuador,Ivory Coast,ecuador_alan_franco,Alan Franco,Midfielder,Midfielder,5,0.0788,D,0.2,0.158,27.3,,,0.158,27.3,bench_option,auto_role_rank_heuristic,0.31,,False
10,2026-06-14,Group Stage,E,Ecuador,Ivory Coast,ecuador_alan_minda,Alan Minda,Midfielder,Midfielder,2,0.5669,B,0.631,0.709,54.0,,,0.709,54.0,probable_starter,auto_role_rank_heuristic,0.703,,False
10,2026-06-14,Group Stage,E,Ecuador,Ivory Coast,ecuador_anthony_valencia,Anthony Valencia,Midfielder,Midfielder,3,0.3956,B,0.661,0.696,53.4,,,0.696,53.4,probable_starter,auto_role_rank_heuristic,0.67,,False
10,2026-06-14,Group Stage,E,Ecuador,Ivory Coast,ecuador_denil_castillo,Denil Castillo,Midfielder,Midfielder,4,0.2539,D,0.35,0.552,46.4,,,0.552,46.4,probable_starter,auto_role_rank_heuristic,0.406,,False
10,2026-06-14,Group Stage,E,Ecuador,Ivory Coast,ecuador_jordy_alcivar,Jordy Alcivar,Midfielder,Midfielder,8,0.03,D,0.2,0.154,27.2,,,0.154,27.2,bench_option,auto_role_rank_heuristic,0.297,,False
10,2026-06-14,Group Stage,E,Ecuador,Ivory Coast,ecuador_kendry_paez,Kendry Paez,Midfielder,Midfielder,6,0.0636,D,0.228,0.233,31.0,,,0.233,31.0,rotation,auto_role_rank_heuristic,0.316,,False
10,2026-06-14,Group Stage,E,Ecuador,Ivory Coast,ecuador_moises_caicedo,Moises Caicedo,Midfielder,Midfielder,1,0.9393,A,0.933,0.775,57.2,,,0.775,57.2,locked_starter,auto_role_rank_heuristic,0.88,,False
10,2026-06-14,Group Stage,E,Ecuador,Ivory Coast,ecuador_pedro_vite,Pedro Vite,Midfielder,Midfielder,7,0.0522,D,0.35,0.232,30.9,,,0.232,30.9,rotation,auto_role_rank_heuristic,0.356,,False
33,2026-06-20,Group Stage,E,Germany,Ivory Coast,germany_antonio_ruediger,Antonio Ruediger,Defender,Defender,8,0.5349,C,0.55,0.093,16.5,,,0.093,16.5,bench_option,auto_role_rank_heuristic,0.626,,False
33,2026-06-20,Group Stage,E,Germany,Ivory Coast,germany_david_raum,David Raum,Defender,Defender,2,0.8805,A,0.913,0.63,50.0,,,0.63,50.0,probable_starter,auto_role_rank_heuristic,0.88,,False
33,2026-06-20,Group Stage,E,Germany,Ivory Coast,germany_jonathan_tah,Jonathan Tah,Defender,Defender,3,0.78,A,0.868,0.624,49.6,,,0.624,49.6,probable_starter,auto_role_rank_heuristic,0.879,,False
33,2026-06-20,Group Stage,E,Germany,Ivory Coast,germany_joshua_kimmich,Joshua Kimmich,Defender,Defender,1,0.8821,A,0.89,0.63,50.0,,,0.63,50.0,probable_starter,auto_role_rank_heuristic,0.88,,False
33,2026-06-20,Group Stage,E,Germany,Ivory Coast,germany_malick_thiaw,Malick Thiaw,Defender,Defender,6,0.6578,A,0.947,0.359,33.1,,,0.359,33.1,rotation,auto_role_rank_heuristic,0.876,,False
33,2026-06-20,Group Stage,E,Germany,Ivory Coast,germany_nathaniel_brown,Nathaniel Brown,Defender,Defender,7,0.6413,A,0.921,0.357,32.9,,,0.357,32.9,rotation,auto_role_rank_heuristic,0.863,,False
33,2026-06-20,Group Stage,E,Germany,Ivory Coast,germany_nico_schlotterbeck,Nico Schlotterbeck,Defender,Defender,5,0.7395,A,0.91,0.363,33.3,,,0.363,33.3,rotation,auto_role_rank_heuristic,0.88,,False
33,2026-06-20,Group Stage,E,Germany,Ivory Coast,germany_waldemar_anton,Waldemar Anton,Defender,Defender,4,0.772,A,0.94,0.624,49.6,,,0.624,49.6,probable_starter,auto_role_rank_heuristic,0.88,,False
33,2026-06-20,Group Stage,E,Germany,Ivory Coast,germany_deniz_undav,Deniz Undav,Forward,Forward,1,0.622,A,0.887,0.584,46.7,,,0.584,46.7,probable_starter,auto_role_rank_heuristic,0.846,,False
33,2026-06-20,Group Stage,E,Germany,Ivory Coast,germany_kai_havertz,Kai Havertz,Forward,Forward,4,0.5065,C,0.439,0.259,33.1,,,0.259,33.1,rotation,auto_role_rank_heuristic,0.58,,False
33,2026-06-20,Group Stage,E,Germany,Ivory Coast,germany_maximilian_beier,Maximilian Beier,Forward,Forward,3,0.6064,A,0.869,0.583,46.7,,,0.583,46.7,probable_starter,auto_role_rank_heuristic,0.836,,False
33,2026-06-20,Group Stage,E,Germany,Ivory Coast,germany_nick_woltemade,Nick Woltemade,Forward,Forward,2,0.6216,A,0.866,0.584,46.7,,,0.584,46.7,probable_starter,auto_role_rank_heuristic,0.838,,False
33,2026-06-20,Group Stage,E,Germany,Ivory Coast,germany_alexander_nuebel,Alexander Nuebel,Goalkeeper,Goalkeeper,3,0.427,C,0.55,0.026,2.1,,,0.026,2.1,bench_option,auto_role_rank_heuristic,0.599,,False
33,2026-06-20,Group Stage,E,Germany,Ivory Coast,germany_manuel_neuer,Manuel Neuer,Goalkeeper,Goalkeeper,2,0.7939,A,0.855,0.231,18.5,,,0.231,18.5,rotation,auto_role_rank_heuristic,0.878,,False
33,2026-06-20,Group Stage,E,Germany,Ivory Coast,germany_oliver_baumann,Oliver Baumann,Goalkeeper,Goalkeeper,1,0.8944,A,0.95,0.707,56.7,,,0.707,56.7,probable_starter,auto_role_rank_heuristic,0.88,,False
33,2026-06-20,Group Stage,E,Germany,Ivory Coast,germany_aleksandar_pavlovic,Aleksandar Pavlovic,Midfielder,Midfielder,9,0.5961,A,0.822,0.203,29.4,,,0.203,29.4,rotation,auto_role_rank_heuristic,0.817,,False
33,2026-06-20,Group Stage,E,Germany,Ivory Coast,germany_angelo_stiller,Angelo Stiller,Midfielder,Midfielder,1,0.8853,A,0.929,0.615,49.2,,,0.615,49.2,probable_starter,auto_role_rank_heuristic,0.88,,False
33,2026-06-20,Group Stage,E,Germany,Ivory Coast,germany_felix_nmecha,Felix Nmecha,Midfielder,Midfielder,3,0.7436,A,0.881,0.606,48.7,,,0.606,48.7,probable_starter,auto_role_rank_heuristic,0.874,,False
33,2026-06-20,Group Stage,E,Germany,Ivory Coast,germany_florian_wirtz,Florian Wirtz,Midfielder,Midfielder,8,0.6305,A,0.898,0.357,36.8,,,0.357,36.8,rotation,auto_role_rank_heuristic,0.852,,False
33,2026-06-20,Group Stage,E,Germany,Ivory Coast,germany_jamal_musiala,Jamal Musiala,Midfielder,Midfielder,10,0.4774,C,0.446,0.105,24.6,,,0.105,24.6,bench_option,auto_role_rank_heuristic,0.575,,False
33,2026-06-20,Group Stage,E,Germany,Ivory Coast,germany_jamie_leweling,Jamie Leweling,Midfielder,Midfielder,6,0.6778,A,0.897,0.36,36.9,,,0.36,36.9,rotation,auto_role_rank_heuristic,0.863,,False
33,2026-06-20,Group Stage,E,Germany,Ivory Coast,germany_lennart_karl,Lennart Karl,Midfielder,Midfielder,11,0.4508,A,0.807,0.194,28.9,,,0.194,28.9,bench_option,auto_role_rank_heuristic,0.775,,False
33,2026-06-20,Group Stage,E,Germany,Ivory Coast,germany_leon_goretzka,Leon Goretzka,Midfielder,Midfielder,5,0.7,A,0.862,0.361,37.0,,,0.361,37.0,rotation,auto_role_rank_heuristic,0.857,,False
33,2026-06-20,Group Stage,E,Germany,Ivory Coast,germany_leroy_sane,Leroy Sane,Midfielder,Midfielder,2,0.7907,B,0.74,0.579,47.4,,,0.579,47.4,probable_starter,auto_role_rank_heuristic,0.797,,False
33,2026-06-20,Group Stage,E,Germany,Ivory Coast,germany_nadiem_amiri,Nadiem Amiri,Midfielder,Midfielder,7,0.6744,A,0.874,0.36,36.9,,,0.36,36.9,rotation,auto_role_rank_heuristic,0.854,,False
33,2026-06-20,Group Stage,E,Germany,Ivory Coast,germany_pascal_gross,Pascal Gross,Midfielder,Midfielder,4,0.7423,A,0.887,0.606,48.7,,,0.606,48.7,probable_starter,auto_role_rank_heuristic,0.876,,False
33,2026-06-20,Group Stage,E,Ivory Coast,Germany,ivory_coast_christopher_operi,Christopher Operi,Defender,Defender,6,0.6143,B,0.702,0.333,31.4,,,0.333,31.4,rotation,auto_role_rank_heuristic,0.739,,False
33,2026-06-20,Group Stage,E,Ivory Coast,Germany,ivory_coast_emmanuel_agbadou,Emmanuel Agbadou,Defender,Defender,1,0.7677,A,0.883,0.637,50.4,,,0.637,50.4,probable_starter,auto_role_rank_heuristic,0.88,,False
33,2026-06-20,Group Stage,E,Ivory Coast,Germany,ivory_coast_evan_ndicka,Evan Ndicka,Defender,Defender,8,0.3044,D,0.35,0.034,12.8,,,0.034,12.8,bench_option,auto_role_rank_heuristic,0.419,,False
33,2026-06-20,Group Stage,E,Ivory Coast,Germany,ivory_coast_ghislain_konan,Ghislain Konan,Defender,Defender,4,0.6215,B,0.772,0.598,48.0,,,0.598,48.0,probable_starter,auto_role_rank_heuristic,0.766,,False
33,2026-06-20,Group Stage,E,Ivory Coast,Germany,ivory_coast_guela_doue,Guela Doue,Defender,Defender,2,0.7169,A,0.872,0.634,50.2,,,0.634,50.2,probable_starter,auto_role_rank_heuristic,0.864,,False
33,2026-06-20,Group Stage,E,Ivory Coast,Germany,ivory_coast_odilon_kossounou,Odilon Kossounou,Defender,Defender,7,0.514,A,0.782,0.358,33.0,,,0.358,33.0,rotation,auto_role_rank_heuristic,0.782,,False
33,2026-06-20,Group Stage,E,Ivory Coast,Germany,ivory_coast_ousmane_diomande,Ousmane Diomande,Defender,Defender,3,0.6398,B,0.658,0.599,48.0,,,0.599,48.0,probable_starter,auto_role_rank_heuristic,0.73,,False
33,2026-06-20,Group Stage,E,Ivory Coast,Germany,ivory_coast_wilfried_singo,Wilfried Singo,Defender,Defender,5,0.6201,A,0.779,0.365,33.4,,,0.365,33.4,rotation,auto_role_rank_heuristic,0.808,,False
33,2026-06-20,Group Stage,E,Ivory Coast,Germany,ivory_coast_amad_diallo,Amad Diallo,Forward,Forward,2,0.6458,A,0.895,0.599,47.3,,,0.599,47.3,probable_starter,auto_role_rank_heuristic,0.855,,False
33,2026-06-20,Group Stage,E,Ivory Coast,Germany,ivory_coast_ange_yoan_bonny,Ange-Yoan Bonny,Forward,Forward,9,0.2711,A,0.795,0.18,29.8,,,0.18,29.8,bench_option,auto_role_rank_heuristic,0.726,,False
33,2026-06-20,Group Stage,E,Ivory Coast,Germany,ivory_coast_bazoumana_toure,Bazoumana Toure,Forward,Forward,5,0.5311,A,0.892,0.359,37.3,,,0.359,37.3,rotation,auto_role_rank_heuristic,0.825,,False
33,2026-06-20,Group Stage,E,Ivory Coast,Germany,ivory_coast_elye_wahi,Elye Wahi,Forward,Forward,6,0.4655,A,0.804,0.355,37.1,,,0.355,37.1,rotation,auto_role_rank_heuristic,0.778,,False
33,2026-06-20,Group Stage,E,Ivory Coast,Germany,ivory_coast_evann_guessand,Evann Guessand,Forward,Forward,8,0.4087,A,0.776,0.189,30.2,,,0.189,30.2,bench_option,auto_role_rank_heuristic,0.754,,False
33,2026-06-20,Group Stage,E,Ivory Coast,Germany,ivory_coast_nicolas_pepe,Nicolas Pepe,Forward,Forward,1,0.6707,A,0.899,0.601,47.4,,,0.601,47.4,probable_starter,auto_role_rank_heuristic,0.862,,False
33,2026-06-20,Group Stage,E,Ivory Coast,Germany,ivory_coast_oumar_diakite,Oumar Diakite,Forward,Forward,7,0.4605,B,0.669,0.324,35.8,,,0.324,35.8,rotation,auto_role_rank_heuristic,0.689,,False
33,2026-06-20,Group Stage,E,Ivory Coast,Germany,ivory_coast_simon_adingra,Simon Adingra,Forward,Forward,4,0.5556,A,0.826,0.36,37.3,,,0.36,37.3,rotation,auto_role_rank_heuristic,0.808,,False
33,2026-06-20,Group Stage,E,Ivory Coast,Germany,ivory_coast_yan_diomande,Yan Diomande,Forward,Forward,3,0.593,A,0.906,0.595,47.2,,,0.595,47.2,probable_starter,auto_role_rank_heuristic,0.845,,False
33,2026-06-20,Group Stage,E,Ivory Coast,Germany,ivory_coast_alban_lafont,Alban Lafont,Goalkeeper,Goalkeeper,3,0.4494,C,0.55,0.028,2.2,,,0.028,2.2,bench_option,auto_role_rank_heuristic,0.605,,False
33,2026-06-20,Group Stage,E,Ivory Coast,Germany,ivory_coast_mohamed_kone,Mohamed Kone,Goalkeeper,Goalkeeper,2,0.6591,B,0.693,0.196,15.7,,,0.196,15.7,bench_option,auto_role_rank_heuristic,0.747,,False
33,2026-06-20,Group Stage,E,Ivory Coast,Germany,ivory_coast_yahia_fofana,Yahia Fofana,Goalkeeper,Goalkeeper,1,0.8294,B,0.753,0.688,55.1,,,0.688,55.1,probable_starter,auto_role_rank_heuristic,0.811,,False
33,2026-06-20,Group Stage,E,Ivory Coast,Germany,ivory_coast_christ_inao_oulai,Christ Inao Oulai,Midfielder,Midfielder,6,0.3888,B,0.722,0.319,34.9,,,0.319,34.9,rotation,auto_role_rank_heuristic,0.69,,False
33,2026-06-20,Group Stage,E,Ivory Coast,Germany,ivory_coast_franck_kessie,Franck Kessie,Midfielder,Midfielder,1,0.7856,B,0.73,0.592,48.1,,,0.592,48.1,probable_starter,auto_role_rank_heuristic,0.792,,False
33,2026-06-20,Group Stage,E,Ivory Coast,Germany,ivory_coast_ibrahim_sangare,Ibrahim Sangare,Midfielder,Midfielder,2,0.5673,A,0.873,0.609,48.9,,,0.609,48.9,probable_starter,auto_role_rank_heuristic,0.827,,False
33,2026-06-20,Group Stage,E,Ivory Coast,Germany,ivory_coast_jean_michael_seri,Jean Michael Seri,Midfielder,Midfielder,5,0.4807,C,0.55,0.262,32.2,,,0.262,32.2,rotation,auto_role_rank_heuristic,0.613,,False
33,2026-06-20,Group Stage,E,Ivory Coast,Germany,ivory_coast_parfait_guiagon,Parfait Guiagon,Midfielder,Midfielder,3,0.5467,B,0.762,0.578,47.4,,,0.578,47.4,probable_starter,auto_role_rank_heuristic,0.743,,False
33,2026-06-20,Group Stage,E,Ivory Coast,Germany,ivory_coast_seko_fofana,Seko Fofana,Midfielder,Midfielder,4,0.51,A,0.778,0.606,48.7,,,0.606,48.7,probable_starter,auto_role_rank_heuristic,0.78,,False
34,2026-06-20,Group Stage,E,Ecuador,Curacao,ecuador_angelo_preciado,Angelo Preciado,Defender,Defender,6,0.3162,D,0.35,0.252,26.5,,,0.252,26.5,rotation,auto_role_rank_heuristic,0.422,,False
34,2026-06-20,Group Stage,E,Ecuador,Curacao,ecuador_felix_torres,Felix Torres,Defender,Defender,8,0.0227,D,0.2,0.021,12.1,,,0.021,12.1,bench_option,auto_role_rank_heuristic,0.296,,False
34,2026-06-20,Group Stage,E,Ecuador,Curacao,ecuador_jackson_porozo,Jackson Porozo,Defender,Defender,7,0.3115,D,0.35,0.252,26.5,,,0.252,26.5,rotation,auto_role_rank_heuristic,0.42,,False
34,2026-06-20,Group Stage,E,Ecuador,Curacao,ecuador_joel_ordonez,Joel Ordonez,Defender,Defender,1,0.7503,B,0.772,0.742,57.3,,,0.742,57.3,probable_starter,auto_role_rank_heuristic,0.798,,False
34,2026-06-20,Group Stage,E,Ecuador,Curacao,ecuador_pervis_estupinan,Pervis Estupinan,Defender,Defender,3,0.6663,A,0.786,0.773,59.2,,,0.773,59.2,locked_starter,auto_role_rank_heuristic,0.822,,False
34,2026-06-20,Group Stage,E,Ecuador,Curacao,ecuador_piero_hincapie,Piero Hincapie,Defender,Defender,2,0.7248,A,0.857,0.778,59.5,,,0.778,59.5,locked_starter,auto_role_rank_heuristic,0.861,,False
34,2026-06-20,Group Stage,E,Ecuador,Curacao,ecuador_willian_pacho,Willian Pacho,Defender,Defender,4,0.4832,A,0.859,0.76,58.4,,,0.76,58.4,locked_starter,auto_role_rank_heuristic,0.801,,False
34,2026-06-20,Group Stage,E,Ecuador,Curacao,ecuador_yaimar_medina,Yaimar Medina,Defender,Defender,5,0.3943,B,0.677,0.392,35.3,,,0.392,35.3,rotation,auto_role_rank_heuristic,0.676,,False
34,2026-06-20,Group Stage,E,Ecuador,Curacao,ecuador_enner_valencia,Enner Valencia,Forward,Forward,5,0.2645,D,0.2,0.172,29.6,,,0.172,29.6,bench_option,auto_role_rank_heuristic,0.356,,False
34,2026-06-20,Group Stage,E,Ecuador,Curacao,ecuador_gonzalo_plata,Gonzalo Plata,Forward,Forward,4,0.2888,D,0.35,0.25,32.9,,,0.25,32.9,rotation,auto_role_rank_heuristic,0.415,,False
34,2026-06-20,Group Stage,E,Ecuador,Curacao,ecuador_jeremy_arevalo,Jeremy Arevalo,Forward,Forward,7,0.1323,D,0.203,0.239,32.5,,,0.239,32.5,rotation,auto_role_rank_heuristic,0.324,,False
34,2026-06-20,Group Stage,E,Ecuador,Curacao,ecuador_john_yeboah,John Yeboah,Forward,Forward,3,0.3788,C,0.55,0.599,47.6,,,0.599,47.6,probable_starter,auto_role_rank_heuristic,0.587,,False
34,2026-06-20,Group Stage,E,Ecuador,Curacao,ecuador_jordy_caicedo,Jordy Caicedo,Forward,Forward,6,0.2125,D,0.35,0.244,32.7,,,0.244,32.7,rotation,auto_role_rank_heuristic,0.396,,False
34,2026-06-20,Group Stage,E,Ecuador,Curacao,ecuador_kevin_rodriguez,Kevin Rodriguez,Forward,Forward,2,0.5702,B,0.701,0.69,51.4,,,0.69,51.4,probable_starter,auto_role_rank_heuristic,0.728,,False
34,2026-06-20,Group Stage,E,Ecuador,Curacao,ecuador_nilson_angulo,Nilson Angulo,Forward,Forward,1,0.6802,A,0.891,0.736,53.4,,,0.736,53.4,probable_starter,auto_role_rank_heuristic,0.862,,False
34,2026-06-20,Group Stage,E,Ecuador,Curacao,ecuador_gonzalo_valle,Gonzalo Valle,Goalkeeper,Goalkeeper,1,0.0,D,0.2,0.571,46.0,,,0.571,46.0,probable_starter,auto_role_rank_heuristic,0.29,,False
34,2026-06-20,Group Stage,E,Ecuador,Curacao,ecuador_hernan_galindez,Hernan Galindez,Goalkeeper,Goalkeeper,2,0.0,D,0.2,0.01,0.8,,,0.01,0.8,bench_option,auto_role_rank_heuristic,0.29,,False
34,2026-06-20,Group Stage,E,Ecuador,Curacao,ecuador_moises_ramirez,Moises Ramirez,Goalkeeper,Goalkeeper,3,0.0,D,0.2,0.01,0.8,,,0.01,0.8,bench_option,auto_role_rank_heuristic,0.29,,False
34,2026-06-20,Group Stage,E,Ecuador,Curacao,ecuador_alan_franco,Alan Franco,Midfielder,Midfielder,5,0.0788,D,0.2,0.158,27.3,,,0.158,27.3,bench_option,auto_role_rank_heuristic,0.31,,False
34,2026-06-20,Group Stage,E,Ecuador,Curacao,ecuador_alan_minda,Alan Minda,Midfielder,Midfielder,2,0.5669,B,0.631,0.709,54.0,,,0.709,54.0,probable_starter,auto_role_rank_heuristic,0.703,,False
34,2026-06-20,Group Stage,E,Ecuador,Curacao,ecuador_anthony_valencia,Anthony Valencia,Midfielder,Midfielder,3,0.3956,B,0.661,0.696,53.4,,,0.696,53.4,probable_starter,auto_role_rank_heuristic,0.67,,False
34,2026-06-20,Group Stage,E,Ecuador,Curacao,ecuador_denil_castillo,Denil Castillo,Midfielder,Midfielder,4,0.2539,D,0.35,0.552,46.4,,,0.552,46.4,probable_starter,auto_role_rank_heuristic,0.406,,False
34,2026-06-20,Group Stage,E,Ecuador,Curacao,ecuador_jordy_alcivar,Jordy Alcivar,Midfielder,Midfielder,8,0.03,D,0.2,0.154,27.2,,,0.154,27.2,bench_option,auto_role_rank_heuristic,0.297,,False
34,2026-06-20,Group Stage,E,Ecuador,Curacao,ecuador_kendry_paez,Kendry Paez,Midfielder,Midfielder,6,0.0636,D,0.228,0.233,31.0,,,0.233,31.0,rotation,auto_role_rank_heuristic,0.316,,False
34,2026-06-20,Group Stage,E,Ecuador,Curacao,ecuador_moises_caicedo,Moises Caicedo,Midfielder,Midfielder,1,0.9393,A,0.933,0.775,57.2,,,0.775,57.2,locked_starter,auto_role_rank_heuristic,0.88,,False
34,2026-06-20,Group Stage,E,Ecuador,Curacao,ecuador_pedro_vite,Pedro Vite,Midfielder,Midfielder,7,0.0522,D,0.35,0.232,30.9,,,0.232,30.9,rotation,auto_role_rank_heuristic,0.356,,False
34,2026-06-20,Group Stage,E,Curacao,Ecuador,curacao_armando_obispo,Armando Obispo,Defender,Defender,6,0.2833,C,0.454,0.328,30.9,,,0.328,30.9,rotation,auto_role_rank_heuristic,0.53,,False
34,2026-06-20,Group Stage,E,Curacao,Ecuador,curacao_deveron_fonville,Deveron Fonville,Defender,Defender,7,0.2205,B,0.673,0.404,35.6,,,0.404,35.6,rotation,auto_role_rank_heuristic,0.631,,False
34,2026-06-20,Group Stage,E,Curacao,Ecuador,curacao_joshua_brenet,Joshua Brenet,Defender,Defender,5,0.3233,C,0.453,0.331,31.1,,,0.331,31.1,rotation,auto_role_rank_heuristic,0.539,,False
34,2026-06-20,Group Stage,E,Curacao,Ecuador,curacao_jurien_gaari,Jurien Gaari,Defender,Defender,4,0.3913,C,0.55,0.682,52.8,,,0.682,52.8,probable_starter,auto_role_rank_heuristic,0.59,,False
34,2026-06-20,Group Stage,E,Curacao,Ecuador,curacao_riechedly_bazoer,Riechedly Bazoer,Defender,Defender,2,0.4312,B,0.627,0.766,58.0,,,0.766,58.0,locked_starter,auto_role_rank_heuristic,0.667,,False
34,2026-06-20,Group Stage,E,Curacao,Ecuador,curacao_roshon_van_eijma,Roshon van Eijma,Defender,Defender,8,0.2169,D,0.35,0.038,12.9,,,0.038,12.9,bench_option,auto_role_rank_heuristic,0.397,,False
34,2026-06-20,Group Stage,E,Curacao,Ecuador,curacao_sherel_floranus,Sherel Floranus,Defender,Defender,1,0.6379,B,0.783,0.784,59.1,,,0.784,59.1,locked_starter,auto_role_rank_heuristic,0.774,,False
34,2026-06-20,Group Stage,E,Curacao,Ecuador,curacao_shurandy_sambo,Shurandy Sambo,Defender,Defender,3,0.4296,B,0.685,0.766,58.0,,,0.766,58.0,locked_starter,auto_role_rank_heuristic,0.687,,False
34,2026-06-20,Group Stage,E,Curacao,Ecuador,curacao_brandley_kuwas,Brandley Kuwas,Forward,Forward,1,0.6037,B,0.718,0.74,52.8,,,0.74,52.8,probable_starter,auto_role_rank_heuristic,0.742,,False
34,2026-06-20,Group Stage,E,Curacao,Ecuador,curacao_gervane_kastaneer,Gervane Kastaneer,Forward,Forward,5,0.2487,D,0.35,0.264,33.0,,,0.264,33.0,rotation,auto_role_rank_heuristic,0.405,,False
34,2026-06-20,Group Stage,E,Curacao,Ecuador,curacao_jearl_margaritha,Jearl Margaritha,Forward,Forward,7,0.0,D,0.2,0.163,28.8,,,0.163,28.8,bench_option,auto_role_rank_heuristic,0.29,,False
34,2026-06-20,Group Stage,E,Curacao,Ecuador,curacao_jeremy_antonisse,Jeremy Antonisse,Forward,Forward,6,0.1476,D,0.2,0.175,29.3,,,0.175,29.3,bench_option,auto_role_rank_heuristic,0.327,,False
34,2026-06-20,Group Stage,E,Curacao,Ecuador,curacao_juergen_locadia,Juergen Locadia,Forward,Forward,8,0.0,D,0.2,0.01,22.5,,,0.01,22.5,bench_option,auto_role_rank_heuristic,0.29,,False
34,2026-06-20,Group Stage,E,Curacao,Ecuador,curacao_kenji_gorre,Kenji Gorre,Forward,Forward,3,0.3178,D,0.35,0.574,45.9,,,0.574,45.9,probable_starter,auto_role_rank_heuristic,0.422,,False
34,2026-06-20,Group Stage,E,Curacao,Ecuador,curacao_sontje_hansen,Sontje Hansen,Forward,Forward,4,0.28,D,0.35,0.266,33.1,,,0.266,33.1,rotation,auto_role_rank_heuristic,0.412,,False
34,2026-06-20,Group Stage,E,Curacao,Ecuador,curacao_tyrese_noslin,Tyrese Noslin,Forward,Forward,2,0.4525,B,0.741,0.728,52.3,,,0.728,52.3,probable_starter,auto_role_rank_heuristic,0.712,,False
34,2026-06-20,Group Stage,E,Curacao,Ecuador,curacao_eloy_room,Eloy Room,Goalkeeper,Goalkeeper,1,0.4575,C,0.55,0.79,62.8,,,0.79,62.8,locked_starter,auto_role_rank_heuristic,0.607,,False
34,2026-06-20,Group Stage,E,Curacao,Ecuador,curacao_trevor_doornbusch,Trevor Doornbusch,Goalkeeper,Goalkeeper,2,0.2506,D,0.35,0.081,6.4,,,0.081,6.4,bench_option,auto_role_rank_heuristic,0.405,,False
34,2026-06-20,Group Stage,E,Curacao,Ecuador,curacao_tyrick_bodak,Tyrick Bodak,Goalkeeper,Goalkeeper,3,0.045,D,0.35,0.01,0.8,,,0.01,0.8,bench_option,auto_role_rank_heuristic,0.354,,False
34,2026-06-20,Group Stage,E,Curacao,Ecuador,curacao_arjany_martha,Arjany Martha,Midfielder,Midfielder,6,0.0,D,0.2,0.163,27.2,,,0.163,27.2,bench_option,auto_role_rank_heuristic,0.29,,False
34,2026-06-20,Group Stage,E,Curacao,Ecuador,curacao_godfried_roemeratoe,Godfried Roemeratoe,Midfielder,Midfielder,3,0.2665,D,0.35,0.59,47.6,,,0.59,47.6,probable_starter,auto_role_rank_heuristic,0.409,,False
34,2026-06-20,Group Stage,E,Curacao,Ecuador,curacao_juninho_bacuna,Juninho Bacuna,Midfielder,Midfielder,1,0.498,B,0.627,0.752,55.3,,,0.752,55.3,locked_starter,auto_role_rank_heuristic,0.684,,False
34,2026-06-20,Group Stage,E,Curacao,Ecuador,curacao_kevin_felida,Kevin Felida,Midfielder,Midfielder,5,0.1386,D,0.2,0.174,27.7,,,0.174,27.7,bench_option,auto_role_rank_heuristic,0.325,,False
34,2026-06-20,Group Stage,E,Curacao,Ecuador,curacao_leandro_bacuna,Leandro Bacuna,Midfielder,Midfielder,2,0.4976,C,0.55,0.671,51.4,,,0.671,51.4,probable_starter,auto_role_rank_heuristic,0.617,,False
34,2026-06-20,Group Stage,E,Curacao,Ecuador,curacao_livano_comenencia,Livano Comenencia,Midfielder,Midfielder,4,0.2297,D,0.35,0.587,47.4,,,0.587,47.4,probable_starter,auto_role_rank_heuristic,0.4,,False
34,2026-06-20,Group Stage,E,Curacao,Ecuador,curacao_tahith_chong,Tahith Chong,Midfielder,Midfielder,7,0.0,D,0.2,0.163,27.2,,,0.163,27.2,bench_option,auto_role_rank_heuristic,0.29,,False
56,2026-06-25,Group Stage,E,Ecuador,Germany,ecuador_angelo_preciado,Angelo Preciado,Defender,Defender,6,0.3162,D,0.35,0.252,26.5,,,0.252,26.5,rotation,auto_role_rank_heuristic,0.422,,False
56,2026-06-25,Group Stage,E,Ecuador,Germany,ecuador_felix_torres,Felix Torres,Defender,Defender,8,0.0227,D,0.2,0.021,12.1,,,0.021,12.1,bench_option,auto_role_rank_heuristic,0.296,,False
56,2026-06-25,Group Stage,E,Ecuador,Germany,ecuador_jackson_porozo,Jackson Porozo,Defender,Defender,7,0.3115,D,0.35,0.252,26.5,,,0.252,26.5,rotation,auto_role_rank_heuristic,0.42,,False
56,2026-06-25,Group Stage,E,Ecuador,Germany,ecuador_joel_ordonez,Joel Ordonez,Defender,Defender,1,0.7503,B,0.772,0.742,57.3,,,0.742,57.3,probable_starter,auto_role_rank_heuristic,0.798,,False
56,2026-06-25,Group Stage,E,Ecuador,Germany,ecuador_pervis_estupinan,Pervis Estupinan,Defender,Defender,3,0.6663,A,0.786,0.773,59.2,,,0.773,59.2,locked_starter,auto_role_rank_heuristic,0.822,,False
56,2026-06-25,Group Stage,E,Ecuador,Germany,ecuador_piero_hincapie,Piero Hincapie,Defender,Defender,2,0.7248,A,0.857,0.778,59.5,,,0.778,59.5,locked_starter,auto_role_rank_heuristic,0.861,,False
56,2026-06-25,Group Stage,E,Ecuador,Germany,ecuador_willian_pacho,Willian Pacho,Defender,Defender,4,0.4832,A,0.859,0.76,58.4,,,0.76,58.4,locked_starter,auto_role_rank_heuristic,0.801,,False
56,2026-06-25,Group Stage,E,Ecuador,Germany,ecuador_yaimar_medina,Yaimar Medina,Defender,Defender,5,0.3943,B,0.677,0.392,35.3,,,0.392,35.3,rotation,auto_role_rank_heuristic,0.676,,False
56,2026-06-25,Group Stage,E,Ecuador,Germany,ecuador_enner_valencia,Enner Valencia,Forward,Forward,5,0.2645,D,0.2,0.172,29.6,,,0.172,29.6,bench_option,auto_role_rank_heuristic,0.356,,False
56,2026-06-25,Group Stage,E,Ecuador,Germany,ecuador_gonzalo_plata,Gonzalo Plata,Forward,Forward,4,0.2888,D,0.35,0.25,32.9,,,0.25,32.9,rotation,auto_role_rank_heuristic,0.415,,False
56,2026-06-25,Group Stage,E,Ecuador,Germany,ecuador_jeremy_arevalo,Jeremy Arevalo,Forward,Forward,7,0.1323,D,0.203,0.239,32.5,,,0.239,32.5,rotation,auto_role_rank_heuristic,0.324,,False
56,2026-06-25,Group Stage,E,Ecuador,Germany,ecuador_john_yeboah,John Yeboah,Forward,Forward,3,0.3788,C,0.55,0.599,47.6,,,0.599,47.6,probable_starter,auto_role_rank_heuristic,0.587,,False
56,2026-06-25,Group Stage,E,Ecuador,Germany,ecuador_jordy_caicedo,Jordy Caicedo,Forward,Forward,6,0.2125,D,0.35,0.244,32.7,,,0.244,32.7,rotation,auto_role_rank_heuristic,0.396,,False
56,2026-06-25,Group Stage,E,Ecuador,Germany,ecuador_kevin_rodriguez,Kevin Rodriguez,Forward,Forward,2,0.5702,B,0.701,0.69,51.4,,,0.69,51.4,probable_starter,auto_role_rank_heuristic,0.728,,False
56,2026-06-25,Group Stage,E,Ecuador,Germany,ecuador_nilson_angulo,Nilson Angulo,Forward,Forward,1,0.6802,A,0.891,0.736,53.4,,,0.736,53.4,probable_starter,auto_role_rank_heuristic,0.862,,False
56,2026-06-25,Group Stage,E,Ecuador,Germany,ecuador_gonzalo_valle,Gonzalo Valle,Goalkeeper,Goalkeeper,1,0.0,D,0.2,0.571,46.0,,,0.571,46.0,probable_starter,auto_role_rank_heuristic,0.29,,False
56,2026-06-25,Group Stage,E,Ecuador,Germany,ecuador_hernan_galindez,Hernan Galindez,Goalkeeper,Goalkeeper,2,0.0,D,0.2,0.01,0.8,,,0.01,0.8,bench_option,auto_role_rank_heuristic,0.29,,False
56,2026-06-25,Group Stage,E,Ecuador,Germany,ecuador_moises_ramirez,Moises Ramirez,Goalkeeper,Goalkeeper,3,0.0,D,0.2,0.01,0.8,,,0.01,0.8,bench_option,auto_role_rank_heuristic,0.29,,False
56,2026-06-25,Group Stage,E,Ecuador,Germany,ecuador_alan_franco,Alan Franco,Midfielder,Midfielder,5,0.0788,D,0.2,0.158,27.3,,,0.158,27.3,bench_option,auto_role_rank_heuristic,0.31,,False
56,2026-06-25,Group Stage,E,Ecuador,Germany,ecuador_alan_minda,Alan Minda,Midfielder,Midfielder,2,0.5669,B,0.631,0.709,54.0,,,0.709,54.0,probable_starter,auto_role_rank_heuristic,0.703,,False
56,2026-06-25,Group Stage,E,Ecuador,Germany,ecuador_anthony_valencia,Anthony Valencia,Midfielder,Midfielder,3,0.3956,B,0.661,0.696,53.4,,,0.696,53.4,probable_starter,auto_role_rank_heuristic,0.67,,False
56,2026-06-25,Group Stage,E,Ecuador,Germany,ecuador_denil_castillo,Denil Castillo,Midfielder,Midfielder,4,0.2539,D,0.35,0.552,46.4,,,0.552,46.4,probable_starter,auto_role_rank_heuristic,0.406,,False
56,2026-06-25,Group Stage,E,Ecuador,Germany,ecuador_jordy_alcivar,Jordy Alcivar,Midfielder,Midfielder,8,0.03,D,0.2,0.154,27.2,,,0.154,27.2,bench_option,auto_role_rank_heuristic,0.297,,False
56,2026-06-25,Group Stage,E,Ecuador,Germany,ecuador_kendry_paez,Kendry Paez,Midfielder,Midfielder,6,0.0636,D,0.228,0.233,31.0,,,0.233,31.0,rotation,auto_role_rank_heuristic,0.316,,False
56,2026-06-25,Group Stage,E,Ecuador,Germany,ecuador_moises_caicedo,Moises Caicedo,Midfielder,Midfielder,1,0.9393,A,0.933,0.775,57.2,,,0.775,57.2,locked_starter,auto_role_rank_heuristic,0.88,,False
56,2026-06-25,Group Stage,E,Ecuador,Germany,ecuador_pedro_vite,Pedro Vite,Midfielder,Midfielder,7,0.0522,D,0.35,0.232,30.9,,,0.232,30.9,rotation,auto_role_rank_heuristic,0.356,,False
56,2026-06-25,Group Stage,E,Germany,Ecuador,germany_antonio_ruediger,Antonio Ruediger,Defender,Defender,8,0.5349,C,0.55,0.093,16.5,,,0.093,16.5,bench_option,auto_role_rank_heuristic,0.626,,False
56,2026-06-25,Group Stage,E,Germany,Ecuador,germany_david_raum,David Raum,Defender,Defender,2,0.8805,A,0.913,0.63,50.0,,,0.63,50.0,probable_starter,auto_role_rank_heuristic,0.88,,False
56,2026-06-25,Group Stage,E,Germany,Ecuador,germany_jonathan_tah,Jonathan Tah,Defender,Defender,3,0.78,A,0.868,0.624,49.6,,,0.624,49.6,probable_starter,auto_role_rank_heuristic,0.879,,False
56,2026-06-25,Group Stage,E,Germany,Ecuador,germany_joshua_kimmich,Joshua Kimmich,Defender,Defender,1,0.8821,A,0.89,0.63,50.0,,,0.63,50.0,probable_starter,auto_role_rank_heuristic,0.88,,False
56,2026-06-25,Group Stage,E,Germany,Ecuador,germany_malick_thiaw,Malick Thiaw,Defender,Defender,6,0.6578,A,0.947,0.359,33.1,,,0.359,33.1,rotation,auto_role_rank_heuristic,0.876,,False
56,2026-06-25,Group Stage,E,Germany,Ecuador,germany_nathaniel_brown,Nathaniel Brown,Defender,Defender,7,0.6413,A,0.921,0.357,32.9,,,0.357,32.9,rotation,auto_role_rank_heuristic,0.863,,False
56,2026-06-25,Group Stage,E,Germany,Ecuador,germany_nico_schlotterbeck,Nico Schlotterbeck,Defender,Defender,5,0.7395,A,0.91,0.363,33.3,,,0.363,33.3,rotation,auto_role_rank_heuristic,0.88,,False
56,2026-06-25,Group Stage,E,Germany,Ecuador,germany_waldemar_anton,Waldemar Anton,Defender,Defender,4,0.772,A,0.94,0.624,49.6,,,0.624,49.6,probable_starter,auto_role_rank_heuristic,0.88,,False
56,2026-06-25,Group Stage,E,Germany,Ecuador,germany_deniz_undav,Deniz Undav,Forward,Forward,1,0.622,A,0.887,0.584,46.7,,,0.584,46.7,probable_starter,auto_role_rank_heuristic,0.846,,False
56,2026-06-25,Group Stage,E,Germany,Ecuador,germany_kai_havertz,Kai Havertz,Forward,Forward,4,0.5065,C,0.439,0.259,33.1,,,0.259,33.1,rotation,auto_role_rank_heuristic,0.58,,False
56,2026-06-25,Group Stage,E,Germany,Ecuador,germany_maximilian_beier,Maximilian Beier,Forward,Forward,3,0.6064,A,0.869,0.583,46.7,,,0.583,46.7,probable_starter,auto_role_rank_heuristic,0.836,,False
56,2026-06-25,Group Stage,E,Germany,Ecuador,germany_nick_woltemade,Nick Woltemade,Forward,Forward,2,0.6216,A,0.866,0.584,46.7,,,0.584,46.7,probable_starter,auto_role_rank_heuristic,0.838,,False
56,2026-06-25,Group Stage,E,Germany,Ecuador,germany_alexander_nuebel,Alexander Nuebel,Goalkeeper,Goalkeeper,3,0.427,C,0.55,0.026,2.1,,,0.026,2.1,bench_option,auto_role_rank_heuristic,0.599,,False
56,2026-06-25,Group Stage,E,Germany,Ecuador,germany_manuel_neuer,Manuel Neuer,Goalkeeper,Goalkeeper,2,0.7939,A,0.855,0.231,18.5,,,0.231,18.5,rotation,auto_role_rank_heuristic,0.878,,False
56,2026-06-25,Group Stage,E,Germany,Ecuador,germany_oliver_baumann,Oliver Baumann,Goalkeeper,Goalkeeper,1,0.8944,A,0.95,0.707,56.7,,,0.707,56.7,probable_starter,auto_role_rank_heuristic,0.88,,False
56,2026-06-25,Group Stage,E,Germany,Ecuador,germany_aleksandar_pavlovic,Aleksandar Pavlovic,Midfielder,Midfielder,9,0.5961,A,0.822,0.203,29.4,,,0.203,29.4,rotation,auto_role_rank_heuristic,0.817,,False
56,2026-06-25,Group Stage,E,Germany,Ecuador,germany_angelo_stiller,Angelo Stiller,Midfielder,Midfielder,1,0.8853,A,0.929,0.615,49.2,,,0.615,49.2,probable_starter,auto_role_rank_heuristic,0.88,,False
56,2026-06-25,Group Stage,E,Germany,Ecuador,germany_felix_nmecha,Felix Nmecha,Midfielder,Midfielder,3,0.7436,A,0.881,0.606,48.7,,,0.606,48.7,probable_starter,auto_role_rank_heuristic,0.874,,False
56,2026-06-25,Group Stage,E,Germany,Ecuador,germany_florian_wirtz,Florian Wirtz,Midfielder,Midfielder,8,0.6305,A,0.898,0.357,36.8,,,0.357,36.8,rotation,auto_role_rank_heuristic,0.852,,False
56,2026-06-25,Group Stage,E,Germany,Ecuador,germany_jamal_musiala,Jamal Musiala,Midfielder,Midfielder,10,0.4774,C,0.446,0.105,24.6,,,0.105,24.6,bench_option,auto_role_rank_heuristic,0.575,,False
56,2026-06-25,Group Stage,E,Germany,Ecuador,germany_jamie_leweling,Jamie Leweling,Midfielder,Midfielder,6,0.6778,A,0.897,0.36,36.9,,,0.36,36.9,rotation,auto_role_rank_heuristic,0.863,,False
56,2026-06-25,Group Stage,E,Germany,Ecuador,germany_lennart_karl,Lennart Karl,Midfielder,Midfielder,11,0.4508,A,0.807,0.194,28.9,,,0.194,28.9,bench_option,auto_role_rank_heuristic,0.775,,False
56,2026-06-25,Group Stage,E,Germany,Ecuador,germany_leon_goretzka,Leon Goretzka,Midfielder,Midfielder,5,0.7,A,0.862,0.361,37.0,,,0.361,37.0,rotation,auto_role_rank_heuristic,0.857,,False
56,2026-06-25,Group Stage,E,Germany,Ecuador,germany_leroy_sane,Leroy Sane,Midfielder,Midfielder,2,0.7907,B,0.74,0.579,47.4,,,0.579,47.4,probable_starter,auto_role_rank_heuristic,0.797,,False
56,2026-06-25,Group Stage,E,Germany,Ecuador,germany_nadiem_amiri,Nadiem Amiri,Midfielder,Midfielder,7,0.6744,A,0.874,0.36,36.9,,,0.36,36.9,rotation,auto_role_rank_heuristic,0.854,,False
56,2026-06-25,Group Stage,E,Germany,Ecuador,germany_pascal_gross,Pascal Gross,Midfielder,Midfielder,4,0.7423,A,0.887,0.606,48.7,,,0.606,48.7,probable_starter,auto_role_rank_heuristic,0.876,,False
55,2026-06-25,Group Stage,E,Curacao,Ivory Coast,curacao_armando_obispo,Armando Obispo,Defender,Defender,6,0.2833,C,0.454,0.328,30.9,,,0.328,30.9,rotation,auto_role_rank_heuristic,0.53,,False
55,2026-06-25,Group Stage,E,Curacao,Ivory Coast,curacao_deveron_fonville,Deveron Fonville,Defender,Defender,7,0.2205,B,0.673,0.404,35.6,,,0.404,35.6,rotation,auto_role_rank_heuristic,0.631,,False
55,2026-06-25,Group Stage,E,Curacao,Ivory Coast,curacao_joshua_brenet,Joshua Brenet,Defender,Defender,5,0.3233,C,0.453,0.331,31.1,,,0.331,31.1,rotation,auto_role_rank_heuristic,0.539,,False
55,2026-06-25,Group Stage,E,Curacao,Ivory Coast,curacao_jurien_gaari,Jurien Gaari,Defender,Defender,4,0.3913,C,0.55,0.682,52.8,,,0.682,52.8,probable_starter,auto_role_rank_heuristic,0.59,,False
55,2026-06-25,Group Stage,E,Curacao,Ivory Coast,curacao_riechedly_bazoer,Riechedly Bazoer,Defender,Defender,2,0.4312,B,0.627,0.766,58.0,,,0.766,58.0,locked_starter,auto_role_rank_heuristic,0.667,,False
55,2026-06-25,Group Stage,E,Curacao,Ivory Coast,curacao_roshon_van_eijma,Roshon van Eijma,Defender,Defender,8,0.2169,D,0.35,0.038,12.9,,,0.038,12.9,bench_option,auto_role_rank_heuristic,0.397,,False
55,2026-06-25,Group Stage,E,Curacao,Ivory Coast,curacao_sherel_floranus,Sherel Floranus,Defender,Defender,1,0.6379,B,0.783,0.784,59.1,,,0.784,59.1,locked_starter,auto_role_rank_heuristic,0.774,,False
55,2026-06-25,Group Stage,E,Curacao,Ivory Coast,curacao_shurandy_sambo,Shurandy Sambo,Defender,Defender,3,0.4296,B,0.685,0.766,58.0,,,0.766,58.0,locked_starter,auto_role_rank_heuristic,0.687,,False
55,2026-06-25,Group Stage,E,Curacao,Ivory Coast,curacao_brandley_kuwas,Brandley Kuwas,Forward,Forward,1,0.6037,B,0.718,0.74,52.8,,,0.74,52.8,probable_starter,auto_role_rank_heuristic,0.742,,False
55,2026-06-25,Group Stage,E,Curacao,Ivory Coast,curacao_gervane_kastaneer,Gervane Kastaneer,Forward,Forward,5,0.2487,D,0.35,0.264,33.0,,,0.264,33.0,rotation,auto_role_rank_heuristic,0.405,,False
55,2026-06-25,Group Stage,E,Curacao,Ivory Coast,curacao_jearl_margaritha,Jearl Margaritha,Forward,Forward,7,0.0,D,0.2,0.163,28.8,,,0.163,28.8,bench_option,auto_role_rank_heuristic,0.29,,False
55,2026-06-25,Group Stage,E,Curacao,Ivory Coast,curacao_jeremy_antonisse,Jeremy Antonisse,Forward,Forward,6,0.1476,D,0.2,0.175,29.3,,,0.175,29.3,bench_option,auto_role_rank_heuristic,0.327,,False
55,2026-06-25,Group Stage,E,Curacao,Ivory Coast,curacao_juergen_locadia,Juergen Locadia,Forward,Forward,8,0.0,D,0.2,0.01,22.5,,,0.01,22.5,bench_option,auto_role_rank_heuristic,0.29,,False
55,2026-06-25,Group Stage,E,Curacao,Ivory Coast,curacao_kenji_gorre,Kenji Gorre,Forward,Forward,3,0.3178,D,0.35,0.574,45.9,,,0.574,45.9,probable_starter,auto_role_rank_heuristic,0.422,,False
55,2026-06-25,Group Stage,E,Curacao,Ivory Coast,curacao_sontje_hansen,Sontje Hansen,Forward,Forward,4,0.28,D,0.35,0.266,33.1,,,0.266,33.1,rotation,auto_role_rank_heuristic,0.412,,False
55,2026-06-25,Group Stage,E,Curacao,Ivory Coast,curacao_tyrese_noslin,Tyrese Noslin,Forward,Forward,2,0.4525,B,0.741,0.728,52.3,,,0.728,52.3,probable_starter,auto_role_rank_heuristic,0.712,,False
55,2026-06-25,Group Stage,E,Curacao,Ivory Coast,curacao_eloy_room,Eloy Room,Goalkeeper,Goalkeeper,1,0.4575,C,0.55,0.79,62.8,,,0.79,62.8,locked_starter,auto_role_rank_heuristic,0.607,,False
55,2026-06-25,Group Stage,E,Curacao,Ivory Coast,curacao_trevor_doornbusch,Trevor Doornbusch,Goalkeeper,Goalkeeper,2,0.2506,D,0.35,0.081,6.4,,,0.081,6.4,bench_option,auto_role_rank_heuristic,0.405,,False
55,2026-06-25,Group Stage,E,Curacao,Ivory Coast,curacao_tyrick_bodak,Tyrick Bodak,Goalkeeper,Goalkeeper,3,0.045,D,0.35,0.01,0.8,,,0.01,0.8,bench_option,auto_role_rank_heuristic,0.354,,False
55,2026-06-25,Group Stage,E,Curacao,Ivory Coast,curacao_arjany_martha,Arjany Martha,Midfielder,Midfielder,6,0.0,D,0.2,0.163,27.2,,,0.163,27.2,bench_option,auto_role_rank_heuristic,0.29,,False
55,2026-06-25,Group Stage,E,Curacao,Ivory Coast,curacao_godfried_roemeratoe,Godfried Roemeratoe,Midfielder,Midfielder,3,0.2665,D,0.35,0.59,47.6,,,0.59,47.6,probable_starter,auto_role_rank_heuristic,0.409,,False
55,2026-06-25,Group Stage,E,Curacao,Ivory Coast,curacao_juninho_bacuna,Juninho Bacuna,Midfielder,Midfielder,1,0.498,B,0.627,0.752,55.3,,,0.752,55.3,locked_starter,auto_role_rank_heuristic,0.684,,False
55,2026-06-25,Group Stage,E,Curacao,Ivory Coast,curacao_kevin_felida,Kevin Felida,Midfielder,Midfielder,5,0.1386,D,0.2,0.174,27.7,,,0.174,27.7,bench_option,auto_role_rank_heuristic,0.325,,False
55,2026-06-25,Group Stage,E,Curacao,Ivory Coast,curacao_leandro_bacuna,Leandro Bacuna,Midfielder,Midfielder,2,0.4976,C,0.55,0.671,51.4,,,0.671,51.4,probable_starter,auto_role_rank_heuristic,0.617,,False
55,2026-06-25,Group Stage,E,Curacao,Ivory Coast,curacao_livano_comenencia,Livano Comenencia,Midfielder,Midfielder,4,0.2297,D,0.35,0.587,47.4,,,0.587,47.4,probable_starter,auto_role_rank_heuristic,0.4,,False
55,2026-06-25,Group Stage,E,Curacao,Ivory Coast,curacao_tahith_chong,Tahith Chong,Midfielder,Midfielder,7,0.0,D,0.2,0.163,27.2,,,0.163,27.2,bench_option,auto_role_rank_heuristic,0.29,,False
55,2026-06-25,Group Stage,E,Ivory Coast,Curacao,ivory_coast_christopher_operi,Christopher Operi,Defender,Defender,6,0.6143,B,0.702,0.333,31.4,,,0.333,31.4,rotation,auto_role_rank_heuristic,0.739,,False
55,2026-06-25,Group Stage,E,Ivory Coast,Curacao,ivory_coast_emmanuel_agbadou,Emmanuel Agbadou,Defender,Defender,1,0.7677,A,0.883,0.637,50.4,,,0.637,50.4,probable_starter,auto_role_rank_heuristic,0.88,,False
55,2026-06-25,Group Stage,E,Ivory Coast,Curacao,ivory_coast_evan_ndicka,Evan Ndicka,Defender,Defender,8,0.3044,D,0.35,0.034,12.8,,,0.034,12.8,bench_option,auto_role_rank_heuristic,0.419,,False
55,2026-06-25,Group Stage,E,Ivory Coast,Curacao,ivory_coast_ghislain_konan,Ghislain Konan,Defender,Defender,4,0.6215,B,0.772,0.598,48.0,,,0.598,48.0,probable_starter,auto_role_rank_heuristic,0.766,,False
55,2026-06-25,Group Stage,E,Ivory Coast,Curacao,ivory_coast_guela_doue,Guela Doue,Defender,Defender,2,0.7169,A,0.872,0.634,50.2,,,0.634,50.2,probable_starter,auto_role_rank_heuristic,0.864,,False
55,2026-06-25,Group Stage,E,Ivory Coast,Curacao,ivory_coast_odilon_kossounou,Odilon Kossounou,Defender,Defender,7,0.514,A,0.782,0.358,33.0,,,0.358,33.0,rotation,auto_role_rank_heuristic,0.782,,False
55,2026-06-25,Group Stage,E,Ivory Coast,Curacao,ivory_coast_ousmane_diomande,Ousmane Diomande,Defender,Defender,3,0.6398,B,0.658,0.599,48.0,,,0.599,48.0,probable_starter,auto_role_rank_heuristic,0.73,,False
55,2026-06-25,Group Stage,E,Ivory Coast,Curacao,ivory_coast_wilfried_singo,Wilfried Singo,Defender,Defender,5,0.6201,A,0.779,0.365,33.4,,,0.365,33.4,rotation,auto_role_rank_heuristic,0.808,,False
55,2026-06-25,Group Stage,E,Ivory Coast,Curacao,ivory_coast_amad_diallo,Amad Diallo,Forward,Forward,2,0.6458,A,0.895,0.599,47.3,,,0.599,47.3,probable_starter,auto_role_rank_heuristic,0.855,,False
55,2026-06-25,Group Stage,E,Ivory Coast,Curacao,ivory_coast_ange_yoan_bonny,Ange-Yoan Bonny,Forward,Forward,9,0.2711,A,0.795,0.18,29.8,,,0.18,29.8,bench_option,auto_role_rank_heuristic,0.726,,False
55,2026-06-25,Group Stage,E,Ivory Coast,Curacao,ivory_coast_bazoumana_toure,Bazoumana Toure,Forward,Forward,5,0.5311,A,0.892,0.359,37.3,,,0.359,37.3,rotation,auto_role_rank_heuristic,0.825,,False
55,2026-06-25,Group Stage,E,Ivory Coast,Curacao,ivory_coast_elye_wahi,Elye Wahi,Forward,Forward,6,0.4655,A,0.804,0.355,37.1,,,0.355,37.1,rotation,auto_role_rank_heuristic,0.778,,False
55,2026-06-25,Group Stage,E,Ivory Coast,Curacao,ivory_coast_evann_guessand,Evann Guessand,Forward,Forward,8,0.4087,A,0.776,0.189,30.2,,,0.189,30.2,bench_option,auto_role_rank_heuristic,0.754,,False
55,2026-06-25,Group Stage,E,Ivory Coast,Curacao,ivory_coast_nicolas_pepe,Nicolas Pepe,Forward,Forward,1,0.6707,A,0.899,0.601,47.4,,,0.601,47.4,probable_starter,auto_role_rank_heuristic,0.862,,False
55,2026-06-25,Group Stage,E,Ivory Coast,Curacao,ivory_coast_oumar_diakite,Oumar Diakite,Forward,Forward,7,0.4605,B,0.669,0.324,35.8,,,0.324,35.8,rotation,auto_role_rank_heuristic,0.689,,False
55,2026-06-25,Group Stage,E,Ivory Coast,Curacao,ivory_coast_simon_adingra,Simon Adingra,Forward,Forward,4,0.5556,A,0.826,0.36,37.3,,,0.36,37.3,rotation,auto_role_rank_heuristic,0.808,,False
55,2026-06-25,Group Stage,E,Ivory Coast,Curacao,ivory_coast_yan_diomande,Yan Diomande,Forward,Forward,3,0.593,A,0.906,0.595,47.2,,,0.595,47.2,probable_starter,auto_role_rank_heuristic,0.845,,False
55,2026-06-25,Group Stage,E,Ivory Coast,Curacao,ivory_coast_alban_lafont,Alban Lafont,Goalkeeper,Goalkeeper,3,0.4494,C,0.55,0.028,2.2,,,0.028,2.2,bench_option,auto_role_rank_heuristic,0.605,,False
55,2026-06-25,Group Stage,E,Ivory Coast,Curacao,ivory_coast_mohamed_kone,Mohamed Kone,Goalkeeper,Goalkeeper,2,0.6591,B,0.693,0.196,15.7,,,0.196,15.7,bench_option,auto_role_rank_heuristic,0.747,,False
55,2026-06-25,Group Stage,E,Ivory Coast,Curacao,ivory_coast_yahia_fofana,Yahia Fofana,Goalkeeper,Goalkeeper,1,0.8294,B,0.753,0.688,55.1,,,0.688,55.1,probable_starter,auto_role_rank_heuristic,0.811,,False
55,2026-06-25,Group Stage,E,Ivory Coast,Curacao,ivory_coast_christ_inao_oulai,Christ Inao Oulai,Midfielder,Midfielder,6,0.3888,B,0.722,0.319,34.9,,,0.319,34.9,rotation,auto_role_rank_heuristic,0.69,,False
55,2026-06-25,Group Stage,E,Ivory Coast,Curacao,ivory_coast_franck_kessie,Franck Kessie,Midfielder,Midfielder,1,0.7856,B,0.73,0.592,48.1,,,0.592,48.1,probable_starter,auto_role_rank_heuristic,0.792,,False
55,2026-06-25,Group Stage,E,Ivory Coast,Curacao,ivory_coast_ibrahim_sangare,Ibrahim Sangare,Midfielder,Midfielder,2,0.5673,A,0.873,0.609,48.9,,,0.609,48.9,probable_starter,auto_role_rank_heuristic,0.827,,False
55,2026-06-25,Group Stage,E,Ivory Coast,Curacao,ivory_coast_jean_michael_seri,Jean Michael Seri,Midfielder,Midfielder,5,0.4807,C,0.55,0.262,32.2,,,0.262,32.2,rotation,auto_role_rank_heuristic,0.613,,False
55,2026-06-25,Group Stage,E,Ivory Coast,Curacao,ivory_coast_parfait_guiagon,Parfait Guiagon,Midfielder,Midfielder,3,0.5467,B,0.762,0.578,47.4,,,0.578,47.4,probable_starter,auto_role_rank_heuristic,0.743,,False
55,2026-06-25,Group Stage,E,Ivory Coast,Curacao,ivory_coast_seko_fofana,Seko Fofana,Midfielder,Midfielder,4,0.51,A,0.778,0.606,48.7,,,0.606,48.7,probable_starter,auto_role_rank_heuristic,0.78,,False
11,2026-06-14,Group Stage,F,Netherlands,Japan,netherlands_denzel_dumfries,Denzel Dumfries,Defender,Defender,7,0.6043,A,0.81,0.337,31.6,,,0.337,31.6,rotation,auto_role_rank_heuristic,0.815,,False
11,2026-06-14,Group Stage,F,Netherlands,Japan,netherlands_jan_paul_van_hecke,Jan Paul van Hecke,Defender,Defender,2,0.9029,A,0.95,0.6,48.0,,,0.6,48.0,probable_starter,auto_role_rank_heuristic,0.88,,False
11,2026-06-14,Group Stage,F,Netherlands,Japan,netherlands_jorrel_hato,Jorrel Hato,Defender,Defender,6,0.6108,A,0.796,0.338,31.7,,,0.338,31.7,rotation,auto_role_rank_heuristic,0.811,,False
11,2026-06-14,Group Stage,F,Netherlands,Japan,netherlands_jurrien_timber,Jurrien Timber,Defender,Defender,3,0.8742,A,0.904,0.599,47.9,,,0.599,47.9,probable_starter,auto_role_rank_heuristic,0.88,,False
11,2026-06-14,Group Stage,F,Netherlands,Japan,netherlands_mats_wieffer,Mats Wieffer,Defender,Defender,5,0.6541,A,0.859,0.34,31.8,,,0.34,31.8,rotation,auto_role_rank_heuristic,0.844,,False
11,2026-06-14,Group Stage,F,Netherlands,Japan,netherlands_micky_van_de_ven,Micky van de Ven,Defender,Defender,4,0.7473,A,0.95,0.591,47.4,,,0.591,47.4,probable_starter,auto_role_rank_heuristic,0.88,,False
11,2026-06-14,Group Stage,F,Netherlands,Japan,netherlands_nathan_ake,Nathan Ake,Defender,Defender,8,0.496,C,0.446,0.087,16.1,,,0.087,16.1,bench_option,auto_role_rank_heuristic,0.58,,False
11,2026-06-14,Group Stage,F,Netherlands,Japan,netherlands_virgil_van_dijk,Virgil van Dijk,Defender,Defender,1,0.9814,A,0.95,0.605,48.3,,,0.605,48.3,probable_starter,auto_role_rank_heuristic,0.88,,False
11,2026-06-14,Group Stage,F,Netherlands,Japan,netherlands_brian_brobbey,Brian Brobbey,Forward,Forward,4,0.6592,A,0.861,0.341,36.5,,,0.341,36.5,rotation,auto_role_rank_heuristic,0.846,,False
11,2026-06-14,Group Stage,F,Netherlands,Japan,netherlands_cody_gakpo,Cody Gakpo,Forward,Forward,1,0.7844,A,0.928,0.565,45.8,,,0.565,45.8,probable_starter,auto_role_rank_heuristic,0.88,,False
11,2026-06-14,Group Stage,F,Netherlands,Japan,netherlands_crysencio_summerville,Crysencio Summerville,Forward,Forward,2,0.7039,A,0.906,0.56,45.6,,,0.56,45.6,probable_starter,auto_role_rank_heuristic,0.873,,False
11,2026-06-14,Group Stage,F,Netherlands,Japan,netherlands_donyell_malen,Donyell Malen,Forward,Forward,3,0.6995,A,0.877,0.56,45.6,,,0.56,45.6,probable_starter,auto_role_rank_heuristic,0.862,,False
11,2026-06-14,Group Stage,F,Netherlands,Japan,netherlands_memphis_depay,Memphis Depay,Forward,Forward,7,0.3043,D,0.2,0.19,30.2,,,0.19,30.2,bench_option,auto_role_rank_heuristic,0.366,,False
11,2026-06-14,Group Stage,F,Netherlands,Japan,netherlands_noa_lang,Noa Lang,Forward,Forward,6,0.513,A,0.814,0.332,36.1,,,0.332,36.1,rotation,auto_role_rank_heuristic,0.793,,False
11,2026-06-14,Group Stage,F,Netherlands,Japan,netherlands_wout_weghorst,Wout Weghorst,Forward,Forward,5,0.5482,B,0.699,0.306,35.0,,,0.306,35.0,rotation,auto_role_rank_heuristic,0.722,,False
11,2026-06-14,Group Stage,F,Netherlands,Japan,netherlands_bart_verbruggen,Bart Verbruggen,Goalkeeper,Goalkeeper,1,0.8886,A,0.95,0.671,53.7,,,0.671,53.7,probable_starter,auto_role_rank_heuristic,0.88,,False
11,2026-06-14,Group Stage,F,Netherlands,Japan,netherlands_mark_flekken,Mark Flekken,Goalkeeper,Goalkeeper,3,0.7544,A,0.877,0.13,10.4,,,0.13,10.4,bench_option,auto_role_rank_heuristic,0.876,,False
11,2026-06-14,Group Stage,F,Netherlands,Japan,netherlands_robin_roefs,Robin Roefs,Goalkeeper,Goalkeeper,2,0.872,A,0.95,0.224,17.9,,,0.224,17.9,rotation,auto_role_rank_heuristic,0.88,,False
11,2026-06-14,Group Stage,F,Netherlands,Japan,netherlands_frenkie_de_jong,Frenkie de Jong,Midfielder,Midfielder,5,0.6571,A,0.836,0.341,35.9,,,0.341,35.9,rotation,auto_role_rank_heuristic,0.837,,False
11,2026-06-14,Group Stage,F,Netherlands,Japan,netherlands_guus_til,Guus Til,Midfielder,Midfielder,7,0.5755,B,0.737,0.307,34.3,,,0.307,34.3,rotation,auto_role_rank_heuristic,0.742,,False
11,2026-06-14,Group Stage,F,Netherlands,Japan,netherlands_justin_kluivert,Justin Kluivert,Midfielder,Midfielder,8,0.4888,A,0.779,0.331,35.4,,,0.331,35.4,rotation,auto_role_rank_heuristic,0.775,,False
11,2026-06-14,Group Stage,F,Netherlands,Japan,netherlands_marten_de_roon,Marten de Roon,Midfielder,Midfielder,3,0.6948,A,0.924,0.574,47.1,,,0.574,47.1,probable_starter,auto_role_rank_heuristic,0.877,,False
11,2026-06-14,Group Stage,F,Netherlands,Japan,netherlands_quinten_timber,Quinten Timber,Midfielder,Midfielder,2,0.7247,A,0.902,0.575,47.2,,,0.575,47.2,probable_starter,auto_role_rank_heuristic,0.877,,False
11,2026-06-14,Group Stage,F,Netherlands,Japan,netherlands_ryan_gravenberch,Ryan Gravenberch,Midfielder,Midfielder,1,0.857,A,0.949,0.583,47.5,,,0.583,47.5,probable_starter,auto_role_rank_heuristic,0.88,,False
11,2026-06-14,Group Stage,F,Netherlands,Japan,netherlands_teun_koopmeiners,Teun Koopmeiners,Midfielder,Midfielder,6,0.6398,A,0.852,0.34,35.9,,,0.34,35.9,rotation,auto_role_rank_heuristic,0.838,,False
11,2026-06-14,Group Stage,F,Netherlands,Japan,netherlands_tijjani_reijnders,Tijjani Reijnders,Midfielder,Midfielder,4,0.6781,A,0.836,0.573,47.1,,,0.573,47.1,probable_starter,auto_role_rank_heuristic,0.842,,False
11,2026-06-14,Group Stage,F,Japan,Netherlands,japan_ayumu_seko,Ayumu Seko,Defender,Defender,4,0.68,A,0.919,0.709,55.6,,,0.709,55.6,probable_starter,auto_role_rank_heuristic,0.872,,False
11,2026-06-14,Group Stage,F,Japan,Netherlands,japan_hiroki_ito,Hiroki Ito,Defender,Defender,6,0.3939,A,0.777,0.394,35.7,,,0.394,35.7,rotation,auto_role_rank_heuristic,0.75,,False
11,2026-06-14,Group Stage,F,Japan,Netherlands,japan_junnosuke_suzuki,Junnosuke Suzuki,Defender,Defender,9,0.0,D,0.2,0.01,11.5,,,0.01,11.5,bench_option,auto_role_rank_heuristic,0.29,,False
11,2026-06-14,Group Stage,F,Japan,Netherlands,japan_kou_itakura,Kou Itakura,Defender,Defender,5,0.4198,D,0.35,0.239,25.9,,,0.239,25.9,rotation,auto_role_rank_heuristic,0.447,,False
11,2026-06-14,Group Stage,F,Japan,Netherlands,japan_shogo_taniguchi,Shogo Taniguchi,Defender,Defender,1,0.8754,B,0.796,0.689,54.3,,,0.689,54.3,probable_starter,auto_role_rank_heuristic,0.837,,False
11,2026-06-14,Group Stage,F,Japan,Netherlands,japan_takehiro_tomiyasu,Takehiro Tomiyasu,Defender,Defender,7,0.3557,D,0.214,0.234,25.6,,,0.234,25.6,rotation,auto_role_rank_heuristic,0.384,,False
11,2026-06-14,Group Stage,F,Japan,Netherlands,japan_tsuyoshi_watanabe,Tsuyoshi Watanabe,Defender,Defender,2,0.8201,B,0.77,0.685,54.1,,,0.685,54.1,probable_starter,auto_role_rank_heuristic,0.815,,False
11,2026-06-14,Group Stage,F,Japan,Netherlands,japan_yukinari_sugawara,Yukinari Sugawara,Defender,Defender,3,0.7192,A,0.902,0.713,55.9,,,0.713,55.9,probable_starter,auto_role_rank_heuristic,0.875,,False
11,2026-06-14,Group Stage,F,Japan,Netherlands,japan_yuto_nagatomo,Yuto Nagatomo,Defender,Defender,8,0.2369,D,0.2,0.01,11.5,,,0.01,11.5,bench_option,auto_role_rank_heuristic,0.349,,False
11,2026-06-14,Group Stage,F,Japan,Netherlands,japan_ayase_ueda,Ayase Ueda,Forward,Forward,1,0.5994,B,0.76,0.634,49.4,,,0.634,49.4,probable_starter,auto_role_rank_heuristic,0.756,,False
11,2026-06-14,Group Stage,F,Japan,Netherlands,japan_keisuke_goto,Keisuke Goto,Forward,Forward,2,0.4946,B,0.79,0.628,49.2,,,0.628,49.2,probable_starter,auto_role_rank_heuristic,0.74,,False
11,2026-06-14,Group Stage,F,Japan,Netherlands,japan_kento_shiogai,Kento Shiogai,Forward,Forward,4,0.2633,C,0.446,0.28,34.4,,,0.28,34.4,rotation,auto_role_rank_heuristic,0.522,,False
11,2026-06-14,Group Stage,F,Japan,Netherlands,japan_koki_ogawa,Koki Ogawa,Forward,Forward,3,0.4105,B,0.656,0.621,48.9,,,0.621,48.9,probable_starter,auto_role_rank_heuristic,0.672,,False
11,2026-06-14,Group Stage,F,Japan,Netherlands,japan_keisuke_osako,Keisuke Osako,Goalkeeper,Goalkeeper,2,0.0775,D,0.35,0.058,4.7,,,0.058,4.7,bench_option,auto_role_rank_heuristic,0.362,,False
11,2026-06-14,Group Stage,F,Japan,Netherlands,japan_tomoki_hayakawa,Tomoki Hayakawa,Goalkeeper,Goalkeeper,3,0.0,D,0.2,0.01,0.8,,,0.01,0.8,bench_option,auto_role_rank_heuristic,0.29,,False
11,2026-06-14,Group Stage,F,Japan,Netherlands,japan_zion_suzuki,Zion Suzuki,Goalkeeper,Goalkeeper,1,0.7363,A,0.85,0.801,65.1,,,0.801,65.1,locked_starter,auto_role_rank_heuristic,0.862,,False
11,2026-06-14,Group Stage,F,Japan,Netherlands,japan_ao_tanaka,Ao Tanaka,Midfielder,Midfielder,8,0.3715,A,0.81,0.392,39.0,,,0.392,39.0,rotation,auto_role_rank_heuristic,0.756,,False
11,2026-06-14,Group Stage,F,Japan,Netherlands,japan_daichi_kamada,Daichi Kamada,Midfielder,Midfielder,5,0.6,A,0.858,0.408,39.7,,,0.408,39.7,rotation,auto_role_rank_heuristic,0.83,,False
11,2026-06-14,Group Stage,F,Japan,Netherlands,japan_daizen_maeda,Daizen Maeda,Midfielder,Midfielder,10,0.2721,D,0.35,0.054,22.5,,,0.054,22.5,bench_option,auto_role_rank_heuristic,0.411,,False
11,2026-06-14,Group Stage,F,Japan,Netherlands,japan_junya_ito,Junya Ito,Midfielder,Midfielder,2,0.6501,B,0.698,0.655,51.8,,,0.655,51.8,probable_starter,auto_role_rank_heuristic,0.747,,False
11,2026-06-14,Group Stage,F,Japan,Netherlands,japan_kaishu_sano,Kaishu Sano,Midfielder,Midfielder,3,0.6449,A,0.95,0.69,53.5,,,0.69,53.5,probable_starter,auto_role_rank_heuristic,0.874,,False
11,2026-06-14,Group Stage,F,Japan,Netherlands,japan_keito_nakamura,Keito Nakamura,Midfielder,Midfielder,9,0.3044,D,0.35,0.056,22.6,,,0.056,22.6,bench_option,auto_role_rank_heuristic,0.419,,False
11,2026-06-14,Group Stage,F,Japan,Netherlands,japan_ritsu_doan,Ritsu Doan,Midfielder,Midfielder,1,0.7338,A,0.897,0.696,53.8,,,0.696,53.8,probable_starter,auto_role_rank_heuristic,0.877,,False
11,2026-06-14,Group Stage,F,Japan,Netherlands,japan_takefusa_kubo,Takefusa Kubo,Midfielder,Midfielder,4,0.6265,A,0.825,0.689,53.4,,,0.689,53.4,probable_starter,auto_role_rank_heuristic,0.825,,False
11,2026-06-14,Group Stage,F,Japan,Netherlands,japan_wataru_endo,Wataru Endo,Midfielder,Midfielder,7,0.4935,D,0.212,0.243,31.7,,,0.243,31.7,rotation,auto_role_rank_heuristic,0.418,,False
11,2026-06-14,Group Stage,F,Japan,Netherlands,japan_yuito_suzuki,Yuito Suzuki,Midfielder,Midfielder,6,0.5205,A,0.836,0.403,39.5,,,0.403,39.5,rotation,auto_role_rank_heuristic,0.803,,False
12,2026-06-14,Group Stage,F,Sweden,Tunisia,sweden_alexander_bernhardsson,Alexander Bernhardsson,Defender,Defender,9,0.2028,D,0.2,0.031,12.9,,,0.031,12.9,bench_option,auto_role_rank_heuristic,0.341,,False
12,2026-06-14,Group Stage,F,Sweden,Tunisia,sweden_carl_starfelt,Carl Starfelt,Defender,Defender,5,0.6631,A,0.824,0.413,37.3,,,0.413,37.3,rotation,auto_role_rank_heuristic,0.834,,False
12,2026-06-14,Group Stage,F,Sweden,Tunisia,sweden_daniel_svensson,Daniel Svensson,Defender,Defender,3,0.7701,A,0.904,0.718,56.7,,,0.718,56.7,probable_starter,auto_role_rank_heuristic,0.88,,False
12,2026-06-14,Group Stage,F,Sweden,Tunisia,sweden_elliot_stroud,Elliot Stroud,Defender,Defender,11,0.0272,D,0.2,0.019,12.1,,,0.019,12.1,bench_option,auto_role_rank_heuristic,0.297,,False
12,2026-06-14,Group Stage,F,Sweden,Tunisia,sweden_eric_smith,Eric Smith,Defender,Defender,2,0.7841,A,0.893,0.719,56.8,,,0.719,56.8,probable_starter,auto_role_rank_heuristic,0.88,,False
12,2026-06-14,Group Stage,F,Sweden,Tunisia,sweden_gabriel_gudmundsson,Gabriel Gudmundsson,Defender,Defender,1,0.7888,A,0.919,0.719,56.8,,,0.719,56.8,probable_starter,auto_role_rank_heuristic,0.88,,False
12,2026-06-14,Group Stage,F,Sweden,Tunisia,sweden_gustaf_lagerbielke,Gustaf Lagerbielke,Defender,Defender,4,0.7175,B,0.749,0.679,54.2,,,0.679,54.2,probable_starter,auto_role_rank_heuristic,0.782,,False
12,2026-06-14,Group Stage,F,Sweden,Tunisia,sweden_herman_johansson,Herman Johansson,Defender,Defender,10,0.1494,B,0.633,0.15,20.5,,,0.15,20.5,bench_option,auto_role_rank_heuristic,0.599,,False
12,2026-06-14,Group Stage,F,Sweden,Tunisia,sweden_hjalmar_ekdal,Hjalmar Ekdal,Defender,Defender,8,0.4178,A,0.828,0.204,23.9,,,0.204,23.9,rotation,auto_role_rank_heuristic,0.774,,False
12,2026-06-14,Group Stage,F,Sweden,Tunisia,sweden_isak_hien,Isak Hien,Defender,Defender,7,0.5092,A,0.864,0.403,36.6,,,0.403,36.6,rotation,auto_role_rank_heuristic,0.81,,False
12,2026-06-14,Group Stage,F,Sweden,Tunisia,sweden_victor_lindelof,Victor Lindelof,Defender,Defender,6,0.5326,A,0.779,0.405,36.8,,,0.405,36.8,rotation,auto_role_rank_heuristic,0.786,,False
12,2026-06-14,Group Stage,F,Sweden,Tunisia,sweden_alexander_isak,Alexander Isak,Forward,Forward,3,0.4891,C,0.447,0.558,46.7,,,0.558,46.7,probable_starter,auto_role_rank_heuristic,0.579,,False
12,2026-06-14,Group Stage,F,Sweden,Tunisia,sweden_anthony_elanga,Anthony Elanga,Forward,Forward,2,0.5157,A,0.81,0.665,51.2,,,0.665,51.2,probable_starter,auto_role_rank_heuristic,0.792,,False
12,2026-06-14,Group Stage,F,Sweden,Tunisia,sweden_gustaf_nilsson,Gustaf Nilsson,Forward,Forward,4,0.2863,D,0.203,0.23,32.6,,,0.23,32.6,rotation,auto_role_rank_heuristic,0.363,,False
12,2026-06-14,Group Stage,F,Sweden,Tunisia,sweden_taha_ali,Taha Ali,Forward,Forward,5,0.0707,D,0.35,0.215,32.0,,,0.215,32.0,rotation,auto_role_rank_heuristic,0.36,,False
12,2026-06-14,Group Stage,F,Sweden,Tunisia,sweden_viktor_gyokeres,Viktor Gyokeres,Forward,Forward,1,0.6654,A,0.885,0.676,51.7,,,0.676,51.7,probable_starter,auto_role_rank_heuristic,0.856,,False
12,2026-06-14,Group Stage,F,Sweden,Tunisia,sweden_jacob_widell_zetterstrom,Jacob Widell Zetterstrom,Goalkeeper,Goalkeeper,2,0.2512,C,0.55,0.122,10.0,,,0.122,10.0,bench_option,auto_role_rank_heuristic,0.555,,False
12,2026-06-14,Group Stage,F,Sweden,Tunisia,sweden_kristoffer_nordfeldt,Kristoffer Nordfeldt,Goalkeeper,Goalkeeper,1,0.2769,D,0.35,0.613,50.3,,,0.613,50.3,probable_starter,auto_role_rank_heuristic,0.412,,False
12,2026-06-14,Group Stage,F,Sweden,Tunisia,sweden_viktor_johansson,Viktor Johansson,Goalkeeper,Goalkeeper,3,0.25,C,0.55,0.017,1.4,,,0.017,1.4,bench_option,auto_role_rank_heuristic,0.555,,False
12,2026-06-14,Group Stage,F,Sweden,Tunisia,sweden_benjamin_nygren,Benjamin Nygren,Midfielder,Midfielder,6,0.3342,D,0.35,0.233,31.5,,,0.233,31.5,rotation,auto_role_rank_heuristic,0.426,,False
12,2026-06-14,Group Stage,F,Sweden,Tunisia,sweden_besfort_zeneli,Besfort Zeneli,Midfielder,Midfielder,7,0.1843,C,0.451,0.275,33.6,,,0.275,33.6,rotation,auto_role_rank_heuristic,0.504,,False
12,2026-06-14,Group Stage,F,Sweden,Tunisia,sweden_jesper_karlstrom,Jesper Karlstrom,Midfielder,Midfielder,1,0.7615,A,0.95,0.7,54.5,,,0.7,54.5,probable_starter,auto_role_rank_heuristic,0.88,,False
12,2026-06-14,Group Stage,F,Sweden,Tunisia,sweden_ken_sema,Ken Sema,Midfielder,Midfielder,5,0.3689,C,0.55,0.288,34.2,,,0.288,34.2,rotation,auto_role_rank_heuristic,0.585,,False
12,2026-06-14,Group Stage,F,Sweden,Tunisia,sweden_lucas_bergvall,Lucas Bergvall,Midfielder,Midfielder,4,0.3864,A,0.78,0.674,53.2,,,0.674,53.2,probable_starter,auto_role_rank_heuristic,0.75,,False
12,2026-06-14,Group Stage,F,Sweden,Tunisia,sweden_mattias_svanberg,Mattias Svanberg,Midfielder,Midfielder,3,0.5804,C,0.457,0.582,48.7,,,0.582,48.7,probable_starter,auto_role_rank_heuristic,0.605,,False
12,2026-06-14,Group Stage,F,Sweden,Tunisia,sweden_yasin_ayari,Yasin Ayari,Midfielder,Midfielder,2,0.6037,A,0.861,0.689,53.9,,,0.689,53.9,probable_starter,auto_role_rank_heuristic,0.832,,False
12,2026-06-14,Group Stage,F,Tunisia,Sweden,tunisia_adam_arous,Adam Arous,Defender,Defender,8,0.0,D,0.2,0.011,11.6,,,0.011,11.6,bench_option,auto_role_rank_heuristic,0.29,,False
12,2026-06-14,Group Stage,F,Tunisia,Sweden,tunisia_ali_abdi,Ali Abdi,Defender,Defender,3,0.3886,A,0.799,0.851,65.2,,,0.851,65.2,locked_starter,auto_role_rank_heuristic,0.757,,False
12,2026-06-14,Group Stage,F,Tunisia,Sweden,tunisia_dylan_bronn,Dylan Bronn,Defender,Defender,6,0.2153,D,0.2,0.277,28.6,,,0.277,28.6,rotation,auto_role_rank_heuristic,0.344,,False
12,2026-06-14,Group Stage,F,Tunisia,Sweden,tunisia_mohamed_amine_ben_hmida,Mohamed Amine Ben Hmida,Defender,Defender,9,0.0,D,0.2,0.011,11.6,,,0.011,11.6,bench_option,auto_role_rank_heuristic,0.29,,False
12,2026-06-14,Group Stage,F,Tunisia,Sweden,tunisia_montassar_talbi,Montassar Talbi,Defender,Defender,1,0.851,A,0.917,0.891,67.7,,,0.891,67.7,locked_starter,auto_role_rank_heuristic,0.88,,False
12,2026-06-14,Group Stage,F,Tunisia,Sweden,tunisia_mortadha_ben_ouanes,Mortadha Ben Ouanes,Defender,Defender,2,0.5791,B,0.739,0.825,63.5,,,0.825,63.5,locked_starter,auto_role_rank_heuristic,0.743,,False
12,2026-06-14,Group Stage,F,Tunisia,Sweden,tunisia_moutaz_neffati,Moutaz Neffati,Defender,Defender,7,0.0037,D,0.2,0.172,21.9,,,0.172,21.9,bench_option,auto_role_rank_heuristic,0.291,,False
12,2026-06-14,Group Stage,F,Tunisia,Sweden,tunisia_omar_rekik,Omar Rekik,Defender,Defender,4,0.2732,D,0.35,0.648,52.2,,,0.648,52.2,probable_starter,auto_role_rank_heuristic,0.411,,False
12,2026-06-14,Group Stage,F,Tunisia,Sweden,tunisia_raed_chikhaoui,Raed Chikhaoui,Defender,Defender,10,0.0,D,0.2,0.011,11.6,,,0.011,11.6,bench_option,auto_role_rank_heuristic,0.29,,False
12,2026-06-14,Group Stage,F,Tunisia,Sweden,tunisia_yan_valery,Yan Valery,Defender,Defender,5,0.2705,D,0.35,0.282,28.9,,,0.282,28.9,rotation,auto_role_rank_heuristic,0.41,,False
12,2026-06-14,Group Stage,F,Tunisia,Sweden,tunisia_elias_achouri,Elias Achouri,Forward,Forward,1,0.2724,D,0.35,0.605,48.6,,,0.605,48.6,probable_starter,auto_role_rank_heuristic,0.411,,False
12,2026-06-14,Group Stage,F,Tunisia,Sweden,tunisia_elias_saad,Elias Saad,Forward,Forward,2,0.1369,C,0.433,0.658,50.9,,,0.658,50.9,probable_starter,auto_role_rank_heuristic,0.486,,False
12,2026-06-14,Group Stage,F,Tunisia,Sweden,tunisia_firas_chaouat,Firas Chaouat,Forward,Forward,4,0.0,D,0.2,0.172,30.1,,,0.172,30.1,bench_option,auto_role_rank_heuristic,0.29,,False
12,2026-06-14,Group Stage,F,Tunisia,Sweden,tunisia_hazem_mastouri,Hazem Mastouri,Forward,Forward,5,0.0,D,0.2,0.172,30.1,,,0.172,30.1,bench_option,auto_role_rank_heuristic,0.29,,False
12,2026-06-14,Group Stage,F,Tunisia,Sweden,tunisia_rayan_elloumi,Rayan Elloumi,Forward,Forward,3,0.0121,D,0.205,0.582,47.7,,,0.582,47.7,probable_starter,auto_role_rank_heuristic,0.295,,False
12,2026-06-14,Group Stage,F,Tunisia,Sweden,tunisia_aymen_dahmen,Aymen Dahmen,Goalkeeper,Goalkeeper,1,0.0,D,0.2,0.646,52.9,,,0.646,52.9,probable_starter,auto_role_rank_heuristic,0.29,,False
12,2026-06-14,Group Stage,F,Tunisia,Sweden,tunisia_mouhib_chamakh,Mouhib Chamakh,Goalkeeper,Goalkeeper,2,0.0,D,0.2,0.011,0.9,,,0.011,0.9,bench_option,auto_role_rank_heuristic,0.29,,False
12,2026-06-14,Group Stage,F,Tunisia,Sweden,tunisia_sabri_ben_hessen,Sabri Ben Hessen,Goalkeeper,Goalkeeper,3,0.0,D,0.2,0.011,0.9,,,0.011,0.9,bench_option,auto_role_rank_heuristic,0.29,,False
12,2026-06-14,Group Stage,F,Tunisia,Sweden,tunisia_anis_slimane,Anis Slimane,Midfielder,Midfielder,3,0.3164,D,0.35,0.63,51.0,,,0.63,51.0,probable_starter,auto_role_rank_heuristic,0.422,,False
12,2026-06-14,Group Stage,F,Tunisia,Sweden,tunisia_ellyes_skhiri,Ellyes Skhiri,Midfielder,Midfielder,2,0.7248,A,0.82,0.859,62.3,,,0.859,62.3,locked_starter,auto_role_rank_heuristic,0.848,,False
12,2026-06-14,Group Stage,F,Tunisia,Sweden,tunisia_hannibal_mejbri,Hannibal Mejbri,Midfielder,Midfielder,5,0.1844,A,0.802,0.468,43.0,,,0.468,43.0,rotation,auto_role_rank_heuristic,0.707,,False
12,2026-06-14,Group Stage,F,Tunisia,Sweden,tunisia_ismael_gharbi,Ismael Gharbi,Midfielder,Midfielder,4,0.2591,D,0.211,0.625,50.8,,,0.625,50.8,probable_starter,auto_role_rank_heuristic,0.359,,False
12,2026-06-14,Group Stage,F,Tunisia,Sweden,tunisia_khalil_ayari,Khalil Ayari,Midfielder,Midfielder,8,0.0,D,0.2,0.172,28.5,,,0.172,28.5,bench_option,auto_role_rank_heuristic,0.29,,False
12,2026-06-14,Group Stage,F,Tunisia,Sweden,tunisia_mohamed_hadj_mahmoud,Mohamed Hadj Mahmoud,Midfielder,Midfielder,7,0.1098,D,0.35,0.268,33.2,,,0.268,33.2,rotation,auto_role_rank_heuristic,0.37,,False
12,2026-06-14,Group Stage,F,Tunisia,Sweden,tunisia_rani_khedira,Rani Khedira,Midfielder,Midfielder,1,0.833,A,0.936,0.869,62.8,,,0.869,62.8,locked_starter,auto_role_rank_heuristic,0.88,,False
12,2026-06-14,Group Stage,F,Tunisia,Sweden,tunisia_sebastian_tounekti,Sebastian Tounekti,Midfielder,Midfielder,6,0.1701,D,0.2,0.273,33.5,,,0.273,33.5,rotation,auto_role_rank_heuristic,0.333,,False
35,2026-06-20,Group Stage,F,Netherlands,Sweden,netherlands_denzel_dumfries,Denzel Dumfries,Defender,Defender,7,0.6043,A,0.81,0.337,31.6,,,0.337,31.6,rotation,auto_role_rank_heuristic,0.815,,False
35,2026-06-20,Group Stage,F,Netherlands,Sweden,netherlands_jan_paul_van_hecke,Jan Paul van Hecke,Defender,Defender,2,0.9029,A,0.95,0.6,48.0,,,0.6,48.0,probable_starter,auto_role_rank_heuristic,0.88,,False
35,2026-06-20,Group Stage,F,Netherlands,Sweden,netherlands_jorrel_hato,Jorrel Hato,Defender,Defender,6,0.6108,A,0.796,0.338,31.7,,,0.338,31.7,rotation,auto_role_rank_heuristic,0.811,,False
35,2026-06-20,Group Stage,F,Netherlands,Sweden,netherlands_jurrien_timber,Jurrien Timber,Defender,Defender,3,0.8742,A,0.904,0.599,47.9,,,0.599,47.9,probable_starter,auto_role_rank_heuristic,0.88,,False
35,2026-06-20,Group Stage,F,Netherlands,Sweden,netherlands_mats_wieffer,Mats Wieffer,Defender,Defender,5,0.6541,A,0.859,0.34,31.8,,,0.34,31.8,rotation,auto_role_rank_heuristic,0.844,,False
35,2026-06-20,Group Stage,F,Netherlands,Sweden,netherlands_micky_van_de_ven,Micky van de Ven,Defender,Defender,4,0.7473,A,0.95,0.591,47.4,,,0.591,47.4,probable_starter,auto_role_rank_heuristic,0.88,,False
35,2026-06-20,Group Stage,F,Netherlands,Sweden,netherlands_nathan_ake,Nathan Ake,Defender,Defender,8,0.496,C,0.446,0.087,16.1,,,0.087,16.1,bench_option,auto_role_rank_heuristic,0.58,,False
35,2026-06-20,Group Stage,F,Netherlands,Sweden,netherlands_virgil_van_dijk,Virgil van Dijk,Defender,Defender,1,0.9814,A,0.95,0.605,48.3,,,0.605,48.3,probable_starter,auto_role_rank_heuristic,0.88,,False
35,2026-06-20,Group Stage,F,Netherlands,Sweden,netherlands_brian_brobbey,Brian Brobbey,Forward,Forward,4,0.6592,A,0.861,0.341,36.5,,,0.341,36.5,rotation,auto_role_rank_heuristic,0.846,,False
35,2026-06-20,Group Stage,F,Netherlands,Sweden,netherlands_cody_gakpo,Cody Gakpo,Forward,Forward,1,0.7844,A,0.928,0.565,45.8,,,0.565,45.8,probable_starter,auto_role_rank_heuristic,0.88,,False
35,2026-06-20,Group Stage,F,Netherlands,Sweden,netherlands_crysencio_summerville,Crysencio Summerville,Forward,Forward,2,0.7039,A,0.906,0.56,45.6,,,0.56,45.6,probable_starter,auto_role_rank_heuristic,0.873,,False
35,2026-06-20,Group Stage,F,Netherlands,Sweden,netherlands_donyell_malen,Donyell Malen,Forward,Forward,3,0.6995,A,0.877,0.56,45.6,,,0.56,45.6,probable_starter,auto_role_rank_heuristic,0.862,,False
35,2026-06-20,Group Stage,F,Netherlands,Sweden,netherlands_memphis_depay,Memphis Depay,Forward,Forward,7,0.3043,D,0.2,0.19,30.2,,,0.19,30.2,bench_option,auto_role_rank_heuristic,0.366,,False
35,2026-06-20,Group Stage,F,Netherlands,Sweden,netherlands_noa_lang,Noa Lang,Forward,Forward,6,0.513,A,0.814,0.332,36.1,,,0.332,36.1,rotation,auto_role_rank_heuristic,0.793,,False
35,2026-06-20,Group Stage,F,Netherlands,Sweden,netherlands_wout_weghorst,Wout Weghorst,Forward,Forward,5,0.5482,B,0.699,0.306,35.0,,,0.306,35.0,rotation,auto_role_rank_heuristic,0.722,,False
35,2026-06-20,Group Stage,F,Netherlands,Sweden,netherlands_bart_verbruggen,Bart Verbruggen,Goalkeeper,Goalkeeper,1,0.8886,A,0.95,0.671,53.7,,,0.671,53.7,probable_starter,auto_role_rank_heuristic,0.88,,False
35,2026-06-20,Group Stage,F,Netherlands,Sweden,netherlands_mark_flekken,Mark Flekken,Goalkeeper,Goalkeeper,3,0.7544,A,0.877,0.13,10.4,,,0.13,10.4,bench_option,auto_role_rank_heuristic,0.876,,False
35,2026-06-20,Group Stage,F,Netherlands,Sweden,netherlands_robin_roefs,Robin Roefs,Goalkeeper,Goalkeeper,2,0.872,A,0.95,0.224,17.9,,,0.224,17.9,rotation,auto_role_rank_heuristic,0.88,,False
35,2026-06-20,Group Stage,F,Netherlands,Sweden,netherlands_frenkie_de_jong,Frenkie de Jong,Midfielder,Midfielder,5,0.6571,A,0.836,0.341,35.9,,,0.341,35.9,rotation,auto_role_rank_heuristic,0.837,,False
35,2026-06-20,Group Stage,F,Netherlands,Sweden,netherlands_guus_til,Guus Til,Midfielder,Midfielder,7,0.5755,B,0.737,0.307,34.3,,,0.307,34.3,rotation,auto_role_rank_heuristic,0.742,,False
35,2026-06-20,Group Stage,F,Netherlands,Sweden,netherlands_justin_kluivert,Justin Kluivert,Midfielder,Midfielder,8,0.4888,A,0.779,0.331,35.4,,,0.331,35.4,rotation,auto_role_rank_heuristic,0.775,,False
35,2026-06-20,Group Stage,F,Netherlands,Sweden,netherlands_marten_de_roon,Marten de Roon,Midfielder,Midfielder,3,0.6948,A,0.924,0.574,47.1,,,0.574,47.1,probable_starter,auto_role_rank_heuristic,0.877,,False
35,2026-06-20,Group Stage,F,Netherlands,Sweden,netherlands_quinten_timber,Quinten Timber,Midfielder,Midfielder,2,0.7247,A,0.902,0.575,47.2,,,0.575,47.2,probable_starter,auto_role_rank_heuristic,0.877,,False
35,2026-06-20,Group Stage,F,Netherlands,Sweden,netherlands_ryan_gravenberch,Ryan Gravenberch,Midfielder,Midfielder,1,0.857,A,0.949,0.583,47.5,,,0.583,47.5,probable_starter,auto_role_rank_heuristic,0.88,,False
35,2026-06-20,Group Stage,F,Netherlands,Sweden,netherlands_teun_koopmeiners,Teun Koopmeiners,Midfielder,Midfielder,6,0.6398,A,0.852,0.34,35.9,,,0.34,35.9,rotation,auto_role_rank_heuristic,0.838,,False
35,2026-06-20,Group Stage,F,Netherlands,Sweden,netherlands_tijjani_reijnders,Tijjani Reijnders,Midfielder,Midfielder,4,0.6781,A,0.836,0.573,47.1,,,0.573,47.1,probable_starter,auto_role_rank_heuristic,0.842,,False
35,2026-06-20,Group Stage,F,Sweden,Netherlands,sweden_alexander_bernhardsson,Alexander Bernhardsson,Defender,Defender,9,0.2028,D,0.2,0.031,12.9,,,0.031,12.9,bench_option,auto_role_rank_heuristic,0.341,,False
35,2026-06-20,Group Stage,F,Sweden,Netherlands,sweden_carl_starfelt,Carl Starfelt,Defender,Defender,5,0.6631,A,0.824,0.413,37.3,,,0.413,37.3,rotation,auto_role_rank_heuristic,0.834,,False
35,2026-06-20,Group Stage,F,Sweden,Netherlands,sweden_daniel_svensson,Daniel Svensson,Defender,Defender,3,0.7701,A,0.904,0.718,56.7,,,0.718,56.7,probable_starter,auto_role_rank_heuristic,0.88,,False
35,2026-06-20,Group Stage,F,Sweden,Netherlands,sweden_elliot_stroud,Elliot Stroud,Defender,Defender,11,0.0272,D,0.2,0.019,12.1,,,0.019,12.1,bench_option,auto_role_rank_heuristic,0.297,,False
35,2026-06-20,Group Stage,F,Sweden,Netherlands,sweden_eric_smith,Eric Smith,Defender,Defender,2,0.7841,A,0.893,0.719,56.8,,,0.719,56.8,probable_starter,auto_role_rank_heuristic,0.88,,False
35,2026-06-20,Group Stage,F,Sweden,Netherlands,sweden_gabriel_gudmundsson,Gabriel Gudmundsson,Defender,Defender,1,0.7888,A,0.919,0.719,56.8,,,0.719,56.8,probable_starter,auto_role_rank_heuristic,0.88,,False
35,2026-06-20,Group Stage,F,Sweden,Netherlands,sweden_gustaf_lagerbielke,Gustaf Lagerbielke,Defender,Defender,4,0.7175,B,0.749,0.679,54.2,,,0.679,54.2,probable_starter,auto_role_rank_heuristic,0.782,,False
35,2026-06-20,Group Stage,F,Sweden,Netherlands,sweden_herman_johansson,Herman Johansson,Defender,Defender,10,0.1494,B,0.633,0.15,20.5,,,0.15,20.5,bench_option,auto_role_rank_heuristic,0.599,,False
35,2026-06-20,Group Stage,F,Sweden,Netherlands,sweden_hjalmar_ekdal,Hjalmar Ekdal,Defender,Defender,8,0.4178,A,0.828,0.204,23.9,,,0.204,23.9,rotation,auto_role_rank_heuristic,0.774,,False
35,2026-06-20,Group Stage,F,Sweden,Netherlands,sweden_isak_hien,Isak Hien,Defender,Defender,7,0.5092,A,0.864,0.403,36.6,,,0.403,36.6,rotation,auto_role_rank_heuristic,0.81,,False
35,2026-06-20,Group Stage,F,Sweden,Netherlands,sweden_victor_lindelof,Victor Lindelof,Defender,Defender,6,0.5326,A,0.779,0.405,36.8,,,0.405,36.8,rotation,auto_role_rank_heuristic,0.786,,False
35,2026-06-20,Group Stage,F,Sweden,Netherlands,sweden_alexander_isak,Alexander Isak,Forward,Forward,3,0.4891,C,0.447,0.558,46.7,,,0.558,46.7,probable_starter,auto_role_rank_heuristic,0.579,,False
35,2026-06-20,Group Stage,F,Sweden,Netherlands,sweden_anthony_elanga,Anthony Elanga,Forward,Forward,2,0.5157,A,0.81,0.665,51.2,,,0.665,51.2,probable_starter,auto_role_rank_heuristic,0.792,,False
35,2026-06-20,Group Stage,F,Sweden,Netherlands,sweden_gustaf_nilsson,Gustaf Nilsson,Forward,Forward,4,0.2863,D,0.203,0.23,32.6,,,0.23,32.6,rotation,auto_role_rank_heuristic,0.363,,False
35,2026-06-20,Group Stage,F,Sweden,Netherlands,sweden_taha_ali,Taha Ali,Forward,Forward,5,0.0707,D,0.35,0.215,32.0,,,0.215,32.0,rotation,auto_role_rank_heuristic,0.36,,False
35,2026-06-20,Group Stage,F,Sweden,Netherlands,sweden_viktor_gyokeres,Viktor Gyokeres,Forward,Forward,1,0.6654,A,0.885,0.676,51.7,,,0.676,51.7,probable_starter,auto_role_rank_heuristic,0.856,,False
35,2026-06-20,Group Stage,F,Sweden,Netherlands,sweden_jacob_widell_zetterstrom,Jacob Widell Zetterstrom,Goalkeeper,Goalkeeper,2,0.2512,C,0.55,0.122,10.0,,,0.122,10.0,bench_option,auto_role_rank_heuristic,0.555,,False
35,2026-06-20,Group Stage,F,Sweden,Netherlands,sweden_kristoffer_nordfeldt,Kristoffer Nordfeldt,Goalkeeper,Goalkeeper,1,0.2769,D,0.35,0.613,50.3,,,0.613,50.3,probable_starter,auto_role_rank_heuristic,0.412,,False
35,2026-06-20,Group Stage,F,Sweden,Netherlands,sweden_viktor_johansson,Viktor Johansson,Goalkeeper,Goalkeeper,3,0.25,C,0.55,0.017,1.4,,,0.017,1.4,bench_option,auto_role_rank_heuristic,0.555,,False
35,2026-06-20,Group Stage,F,Sweden,Netherlands,sweden_benjamin_nygren,Benjamin Nygren,Midfielder,Midfielder,6,0.3342,D,0.35,0.233,31.5,,,0.233,31.5,rotation,auto_role_rank_heuristic,0.426,,False
35,2026-06-20,Group Stage,F,Sweden,Netherlands,sweden_besfort_zeneli,Besfort Zeneli,Midfielder,Midfielder,7,0.1843,C,0.451,0.275,33.6,,,0.275,33.6,rotation,auto_role_rank_heuristic,0.504,,False
35,2026-06-20,Group Stage,F,Sweden,Netherlands,sweden_jesper_karlstrom,Jesper Karlstrom,Midfielder,Midfielder,1,0.7615,A,0.95,0.7,54.5,,,0.7,54.5,probable_starter,auto_role_rank_heuristic,0.88,,False
35,2026-06-20,Group Stage,F,Sweden,Netherlands,sweden_ken_sema,Ken Sema,Midfielder,Midfielder,5,0.3689,C,0.55,0.288,34.2,,,0.288,34.2,rotation,auto_role_rank_heuristic,0.585,,False
35,2026-06-20,Group Stage,F,Sweden,Netherlands,sweden_lucas_bergvall,Lucas Bergvall,Midfielder,Midfielder,4,0.3864,A,0.78,0.674,53.2,,,0.674,53.2,probable_starter,auto_role_rank_heuristic,0.75,,False
35,2026-06-20,Group Stage,F,Sweden,Netherlands,sweden_mattias_svanberg,Mattias Svanberg,Midfielder,Midfielder,3,0.5804,C,0.457,0.582,48.7,,,0.582,48.7,probable_starter,auto_role_rank_heuristic,0.605,,False
35,2026-06-20,Group Stage,F,Sweden,Netherlands,sweden_yasin_ayari,Yasin Ayari,Midfielder,Midfielder,2,0.6037,A,0.861,0.689,53.9,,,0.689,53.9,probable_starter,auto_role_rank_heuristic,0.832,,False
36,2026-06-20,Group Stage,F,Tunisia,Japan,tunisia_adam_arous,Adam Arous,Defender,Defender,8,0.0,D,0.2,0.011,11.6,,,0.011,11.6,bench_option,auto_role_rank_heuristic,0.29,,False
36,2026-06-20,Group Stage,F,Tunisia,Japan,tunisia_ali_abdi,Ali Abdi,Defender,Defender,3,0.3886,A,0.799,0.851,65.2,,,0.851,65.2,locked_starter,auto_role_rank_heuristic,0.757,,False
36,2026-06-20,Group Stage,F,Tunisia,Japan,tunisia_dylan_bronn,Dylan Bronn,Defender,Defender,6,0.2153,D,0.2,0.277,28.6,,,0.277,28.6,rotation,auto_role_rank_heuristic,0.344,,False
36,2026-06-20,Group Stage,F,Tunisia,Japan,tunisia_mohamed_amine_ben_hmida,Mohamed Amine Ben Hmida,Defender,Defender,9,0.0,D,0.2,0.011,11.6,,,0.011,11.6,bench_option,auto_role_rank_heuristic,0.29,,False
36,2026-06-20,Group Stage,F,Tunisia,Japan,tunisia_montassar_talbi,Montassar Talbi,Defender,Defender,1,0.851,A,0.917,0.891,67.7,,,0.891,67.7,locked_starter,auto_role_rank_heuristic,0.88,,False
36,2026-06-20,Group Stage,F,Tunisia,Japan,tunisia_mortadha_ben_ouanes,Mortadha Ben Ouanes,Defender,Defender,2,0.5791,B,0.739,0.825,63.5,,,0.825,63.5,locked_starter,auto_role_rank_heuristic,0.743,,False
36,2026-06-20,Group Stage,F,Tunisia,Japan,tunisia_moutaz_neffati,Moutaz Neffati,Defender,Defender,7,0.0037,D,0.2,0.172,21.9,,,0.172,21.9,bench_option,auto_role_rank_heuristic,0.291,,False
36,2026-06-20,Group Stage,F,Tunisia,Japan,tunisia_omar_rekik,Omar Rekik,Defender,Defender,4,0.2732,D,0.35,0.648,52.2,,,0.648,52.2,probable_starter,auto_role_rank_heuristic,0.411,,False
36,2026-06-20,Group Stage,F,Tunisia,Japan,tunisia_raed_chikhaoui,Raed Chikhaoui,Defender,Defender,10,0.0,D,0.2,0.011,11.6,,,0.011,11.6,bench_option,auto_role_rank_heuristic,0.29,,False
36,2026-06-20,Group Stage,F,Tunisia,Japan,tunisia_yan_valery,Yan Valery,Defender,Defender,5,0.2705,D,0.35,0.282,28.9,,,0.282,28.9,rotation,auto_role_rank_heuristic,0.41,,False
36,2026-06-20,Group Stage,F,Tunisia,Japan,tunisia_elias_achouri,Elias Achouri,Forward,Forward,1,0.2724,D,0.35,0.605,48.6,,,0.605,48.6,probable_starter,auto_role_rank_heuristic,0.411,,False
36,2026-06-20,Group Stage,F,Tunisia,Japan,tunisia_elias_saad,Elias Saad,Forward,Forward,2,0.1369,C,0.433,0.658,50.9,,,0.658,50.9,probable_starter,auto_role_rank_heuristic,0.486,,False
36,2026-06-20,Group Stage,F,Tunisia,Japan,tunisia_firas_chaouat,Firas Chaouat,Forward,Forward,4,0.0,D,0.2,0.172,30.1,,,0.172,30.1,bench_option,auto_role_rank_heuristic,0.29,,False
36,2026-06-20,Group Stage,F,Tunisia,Japan,tunisia_hazem_mastouri,Hazem Mastouri,Forward,Forward,5,0.0,D,0.2,0.172,30.1,,,0.172,30.1,bench_option,auto_role_rank_heuristic,0.29,,False
36,2026-06-20,Group Stage,F,Tunisia,Japan,tunisia_rayan_elloumi,Rayan Elloumi,Forward,Forward,3,0.0121,D,0.205,0.582,47.7,,,0.582,47.7,probable_starter,auto_role_rank_heuristic,0.295,,False
36,2026-06-20,Group Stage,F,Tunisia,Japan,tunisia_aymen_dahmen,Aymen Dahmen,Goalkeeper,Goalkeeper,1,0.0,D,0.2,0.646,52.9,,,0.646,52.9,probable_starter,auto_role_rank_heuristic,0.29,,False
36,2026-06-20,Group Stage,F,Tunisia,Japan,tunisia_mouhib_chamakh,Mouhib Chamakh,Goalkeeper,Goalkeeper,2,0.0,D,0.2,0.011,0.9,,,0.011,0.9,bench_option,auto_role_rank_heuristic,0.29,,False
36,2026-06-20,Group Stage,F,Tunisia,Japan,tunisia_sabri_ben_hessen,Sabri Ben Hessen,Goalkeeper,Goalkeeper,3,0.0,D,0.2,0.011,0.9,,,0.011,0.9,bench_option,auto_role_rank_heuristic,0.29,,False
36,2026-06-20,Group Stage,F,Tunisia,Japan,tunisia_anis_slimane,Anis Slimane,Midfielder,Midfielder,3,0.3164,D,0.35,0.63,51.0,,,0.63,51.0,probable_starter,auto_role_rank_heuristic,0.422,,False
36,2026-06-20,Group Stage,F,Tunisia,Japan,tunisia_ellyes_skhiri,Ellyes Skhiri,Midfielder,Midfielder,2,0.7248,A,0.82,0.859,62.3,,,0.859,62.3,locked_starter,auto_role_rank_heuristic,0.848,,False
36,2026-06-20,Group Stage,F,Tunisia,Japan,tunisia_hannibal_mejbri,Hannibal Mejbri,Midfielder,Midfielder,5,0.1844,A,0.802,0.468,43.0,,,0.468,43.0,rotation,auto_role_rank_heuristic,0.707,,False
36,2026-06-20,Group Stage,F,Tunisia,Japan,tunisia_ismael_gharbi,Ismael Gharbi,Midfielder,Midfielder,4,0.2591,D,0.211,0.625,50.8,,,0.625,50.8,probable_starter,auto_role_rank_heuristic,0.359,,False
36,2026-06-20,Group Stage,F,Tunisia,Japan,tunisia_khalil_ayari,Khalil Ayari,Midfielder,Midfielder,8,0.0,D,0.2,0.172,28.5,,,0.172,28.5,bench_option,auto_role_rank_heuristic,0.29,,False
36,2026-06-20,Group Stage,F,Tunisia,Japan,tunisia_mohamed_hadj_mahmoud,Mohamed Hadj Mahmoud,Midfielder,Midfielder,7,0.1098,D,0.35,0.268,33.2,,,0.268,33.2,rotation,auto_role_rank_heuristic,0.37,,False
36,2026-06-20,Group Stage,F,Tunisia,Japan,tunisia_rani_khedira,Rani Khedira,Midfielder,Midfielder,1,0.833,A,0.936,0.869,62.8,,,0.869,62.8,locked_starter,auto_role_rank_heuristic,0.88,,False
36,2026-06-20,Group Stage,F,Tunisia,Japan,tunisia_sebastian_tounekti,Sebastian Tounekti,Midfielder,Midfielder,6,0.1701,D,0.2,0.273,33.5,,,0.273,33.5,rotation,auto_role_rank_heuristic,0.333,,False
36,2026-06-20,Group Stage,F,Japan,Tunisia,japan_ayumu_seko,Ayumu Seko,Defender,Defender,4,0.68,A,0.919,0.709,55.6,,,0.709,55.6,probable_starter,auto_role_rank_heuristic,0.872,,False
36,2026-06-20,Group Stage,F,Japan,Tunisia,japan_hiroki_ito,Hiroki Ito,Defender,Defender,6,0.3939,A,0.777,0.394,35.7,,,0.394,35.7,rotation,auto_role_rank_heuristic,0.75,,False
36,2026-06-20,Group Stage,F,Japan,Tunisia,japan_junnosuke_suzuki,Junnosuke Suzuki,Defender,Defender,9,0.0,D,0.2,0.01,11.5,,,0.01,11.5,bench_option,auto_role_rank_heuristic,0.29,,False
36,2026-06-20,Group Stage,F,Japan,Tunisia,japan_kou_itakura,Kou Itakura,Defender,Defender,5,0.4198,D,0.35,0.239,25.9,,,0.239,25.9,rotation,auto_role_rank_heuristic,0.447,,False
36,2026-06-20,Group Stage,F,Japan,Tunisia,japan_shogo_taniguchi,Shogo Taniguchi,Defender,Defender,1,0.8754,B,0.796,0.689,54.3,,,0.689,54.3,probable_starter,auto_role_rank_heuristic,0.837,,False
36,2026-06-20,Group Stage,F,Japan,Tunisia,japan_takehiro_tomiyasu,Takehiro Tomiyasu,Defender,Defender,7,0.3557,D,0.214,0.234,25.6,,,0.234,25.6,rotation,auto_role_rank_heuristic,0.384,,False
36,2026-06-20,Group Stage,F,Japan,Tunisia,japan_tsuyoshi_watanabe,Tsuyoshi Watanabe,Defender,Defender,2,0.8201,B,0.77,0.685,54.1,,,0.685,54.1,probable_starter,auto_role_rank_heuristic,0.815,,False
36,2026-06-20,Group Stage,F,Japan,Tunisia,japan_yukinari_sugawara,Yukinari Sugawara,Defender,Defender,3,0.7192,A,0.902,0.713,55.9,,,0.713,55.9,probable_starter,auto_role_rank_heuristic,0.875,,False
36,2026-06-20,Group Stage,F,Japan,Tunisia,japan_yuto_nagatomo,Yuto Nagatomo,Defender,Defender,8,0.2369,D,0.2,0.01,11.5,,,0.01,11.5,bench_option,auto_role_rank_heuristic,0.349,,False
36,2026-06-20,Group Stage,F,Japan,Tunisia,japan_ayase_ueda,Ayase Ueda,Forward,Forward,1,0.5994,B,0.76,0.634,49.4,,,0.634,49.4,probable_starter,auto_role_rank_heuristic,0.756,,False
36,2026-06-20,Group Stage,F,Japan,Tunisia,japan_keisuke_goto,Keisuke Goto,Forward,Forward,2,0.4946,B,0.79,0.628,49.2,,,0.628,49.2,probable_starter,auto_role_rank_heuristic,0.74,,False
36,2026-06-20,Group Stage,F,Japan,Tunisia,japan_kento_shiogai,Kento Shiogai,Forward,Forward,4,0.2633,C,0.446,0.28,34.4,,,0.28,34.4,rotation,auto_role_rank_heuristic,0.522,,False
36,2026-06-20,Group Stage,F,Japan,Tunisia,japan_koki_ogawa,Koki Ogawa,Forward,Forward,3,0.4105,B,0.656,0.621,48.9,,,0.621,48.9,probable_starter,auto_role_rank_heuristic,0.672,,False
36,2026-06-20,Group Stage,F,Japan,Tunisia,japan_keisuke_osako,Keisuke Osako,Goalkeeper,Goalkeeper,2,0.0775,D,0.35,0.058,4.7,,,0.058,4.7,bench_option,auto_role_rank_heuristic,0.362,,False
36,2026-06-20,Group Stage,F,Japan,Tunisia,japan_tomoki_hayakawa,Tomoki Hayakawa,Goalkeeper,Goalkeeper,3,0.0,D,0.2,0.01,0.8,,,0.01,0.8,bench_option,auto_role_rank_heuristic,0.29,,False
36,2026-06-20,Group Stage,F,Japan,Tunisia,japan_zion_suzuki,Zion Suzuki,Goalkeeper,Goalkeeper,1,0.7363,A,0.85,0.801,65.1,,,0.801,65.1,locked_starter,auto_role_rank_heuristic,0.862,,False
36,2026-06-20,Group Stage,F,Japan,Tunisia,japan_ao_tanaka,Ao Tanaka,Midfielder,Midfielder,8,0.3715,A,0.81,0.392,39.0,,,0.392,39.0,rotation,auto_role_rank_heuristic,0.756,,False
36,2026-06-20,Group Stage,F,Japan,Tunisia,japan_daichi_kamada,Daichi Kamada,Midfielder,Midfielder,5,0.6,A,0.858,0.408,39.7,,,0.408,39.7,rotation,auto_role_rank_heuristic,0.83,,False
36,2026-06-20,Group Stage,F,Japan,Tunisia,japan_daizen_maeda,Daizen Maeda,Midfielder,Midfielder,10,0.2721,D,0.35,0.054,22.5,,,0.054,22.5,bench_option,auto_role_rank_heuristic,0.411,,False
36,2026-06-20,Group Stage,F,Japan,Tunisia,japan_junya_ito,Junya Ito,Midfielder,Midfielder,2,0.6501,B,0.698,0.655,51.8,,,0.655,51.8,probable_starter,auto_role_rank_heuristic,0.747,,False
36,2026-06-20,Group Stage,F,Japan,Tunisia,japan_kaishu_sano,Kaishu Sano,Midfielder,Midfielder,3,0.6449,A,0.95,0.69,53.5,,,0.69,53.5,probable_starter,auto_role_rank_heuristic,0.874,,False
36,2026-06-20,Group Stage,F,Japan,Tunisia,japan_keito_nakamura,Keito Nakamura,Midfielder,Midfielder,9,0.3044,D,0.35,0.056,22.6,,,0.056,22.6,bench_option,auto_role_rank_heuristic,0.419,,False
36,2026-06-20,Group Stage,F,Japan,Tunisia,japan_ritsu_doan,Ritsu Doan,Midfielder,Midfielder,1,0.7338,A,0.897,0.696,53.8,,,0.696,53.8,probable_starter,auto_role_rank_heuristic,0.877,,False
36,2026-06-20,Group Stage,F,Japan,Tunisia,japan_takefusa_kubo,Takefusa Kubo,Midfielder,Midfielder,4,0.6265,A,0.825,0.689,53.4,,,0.689,53.4,probable_starter,auto_role_rank_heuristic,0.825,,False
36,2026-06-20,Group Stage,F,Japan,Tunisia,japan_wataru_endo,Wataru Endo,Midfielder,Midfielder,7,0.4935,D,0.212,0.243,31.7,,,0.243,31.7,rotation,auto_role_rank_heuristic,0.418,,False
36,2026-06-20,Group Stage,F,Japan,Tunisia,japan_yuito_suzuki,Yuito Suzuki,Midfielder,Midfielder,6,0.5205,A,0.836,0.403,39.5,,,0.403,39.5,rotation,auto_role_rank_heuristic,0.803,,False
57,2026-06-25,Group Stage,F,Japan,Sweden,japan_ayumu_seko,Ayumu Seko,Defender,Defender,4,0.68,A,0.919,0.709,55.6,,,0.709,55.6,probable_starter,auto_role_rank_heuristic,0.872,,False
57,2026-06-25,Group Stage,F,Japan,Sweden,japan_hiroki_ito,Hiroki Ito,Defender,Defender,6,0.3939,A,0.777,0.394,35.7,,,0.394,35.7,rotation,auto_role_rank_heuristic,0.75,,False
57,2026-06-25,Group Stage,F,Japan,Sweden,japan_junnosuke_suzuki,Junnosuke Suzuki,Defender,Defender,9,0.0,D,0.2,0.01,11.5,,,0.01,11.5,bench_option,auto_role_rank_heuristic,0.29,,False
57,2026-06-25,Group Stage,F,Japan,Sweden,japan_kou_itakura,Kou Itakura,Defender,Defender,5,0.4198,D,0.35,0.239,25.9,,,0.239,25.9,rotation,auto_role_rank_heuristic,0.447,,False
57,2026-06-25,Group Stage,F,Japan,Sweden,japan_shogo_taniguchi,Shogo Taniguchi,Defender,Defender,1,0.8754,B,0.796,0.689,54.3,,,0.689,54.3,probable_starter,auto_role_rank_heuristic,0.837,,False
57,2026-06-25,Group Stage,F,Japan,Sweden,japan_takehiro_tomiyasu,Takehiro Tomiyasu,Defender,Defender,7,0.3557,D,0.214,0.234,25.6,,,0.234,25.6,rotation,auto_role_rank_heuristic,0.384,,False
57,2026-06-25,Group Stage,F,Japan,Sweden,japan_tsuyoshi_watanabe,Tsuyoshi Watanabe,Defender,Defender,2,0.8201,B,0.77,0.685,54.1,,,0.685,54.1,probable_starter,auto_role_rank_heuristic,0.815,,False
57,2026-06-25,Group Stage,F,Japan,Sweden,japan_yukinari_sugawara,Yukinari Sugawara,Defender,Defender,3,0.7192,A,0.902,0.713,55.9,,,0.713,55.9,probable_starter,auto_role_rank_heuristic,0.875,,False
57,2026-06-25,Group Stage,F,Japan,Sweden,japan_yuto_nagatomo,Yuto Nagatomo,Defender,Defender,8,0.2369,D,0.2,0.01,11.5,,,0.01,11.5,bench_option,auto_role_rank_heuristic,0.349,,False
57,2026-06-25,Group Stage,F,Japan,Sweden,japan_ayase_ueda,Ayase Ueda,Forward,Forward,1,0.5994,B,0.76,0.634,49.4,,,0.634,49.4,probable_starter,auto_role_rank_heuristic,0.756,,False
57,2026-06-25,Group Stage,F,Japan,Sweden,japan_keisuke_goto,Keisuke Goto,Forward,Forward,2,0.4946,B,0.79,0.628,49.2,,,0.628,49.2,probable_starter,auto_role_rank_heuristic,0.74,,False
57,2026-06-25,Group Stage,F,Japan,Sweden,japan_kento_shiogai,Kento Shiogai,Forward,Forward,4,0.2633,C,0.446,0.28,34.4,,,0.28,34.4,rotation,auto_role_rank_heuristic,0.522,,False
57,2026-06-25,Group Stage,F,Japan,Sweden,japan_koki_ogawa,Koki Ogawa,Forward,Forward,3,0.4105,B,0.656,0.621,48.9,,,0.621,48.9,probable_starter,auto_role_rank_heuristic,0.672,,False
57,2026-06-25,Group Stage,F,Japan,Sweden,japan_keisuke_osako,Keisuke Osako,Goalkeeper,Goalkeeper,2,0.0775,D,0.35,0.058,4.7,,,0.058,4.7,bench_option,auto_role_rank_heuristic,0.362,,False
57,2026-06-25,Group Stage,F,Japan,Sweden,japan_tomoki_hayakawa,Tomoki Hayakawa,Goalkeeper,Goalkeeper,3,0.0,D,0.2,0.01,0.8,,,0.01,0.8,bench_option,auto_role_rank_heuristic,0.29,,False
57,2026-06-25,Group Stage,F,Japan,Sweden,japan_zion_suzuki,Zion Suzuki,Goalkeeper,Goalkeeper,1,0.7363,A,0.85,0.801,65.1,,,0.801,65.1,locked_starter,auto_role_rank_heuristic,0.862,,False
57,2026-06-25,Group Stage,F,Japan,Sweden,japan_ao_tanaka,Ao Tanaka,Midfielder,Midfielder,8,0.3715,A,0.81,0.392,39.0,,,0.392,39.0,rotation,auto_role_rank_heuristic,0.756,,False
57,2026-06-25,Group Stage,F,Japan,Sweden,japan_daichi_kamada,Daichi Kamada,Midfielder,Midfielder,5,0.6,A,0.858,0.408,39.7,,,0.408,39.7,rotation,auto_role_rank_heuristic,0.83,,False
57,2026-06-25,Group Stage,F,Japan,Sweden,japan_daizen_maeda,Daizen Maeda,Midfielder,Midfielder,10,0.2721,D,0.35,0.054,22.5,,,0.054,22.5,bench_option,auto_role_rank_heuristic,0.411,,False
57,2026-06-25,Group Stage,F,Japan,Sweden,japan_junya_ito,Junya Ito,Midfielder,Midfielder,2,0.6501,B,0.698,0.655,51.8,,,0.655,51.8,probable_starter,auto_role_rank_heuristic,0.747,,False
57,2026-06-25,Group Stage,F,Japan,Sweden,japan_kaishu_sano,Kaishu Sano,Midfielder,Midfielder,3,0.6449,A,0.95,0.69,53.5,,,0.69,53.5,probable_starter,auto_role_rank_heuristic,0.874,,False
57,2026-06-25,Group Stage,F,Japan,Sweden,japan_keito_nakamura,Keito Nakamura,Midfielder,Midfielder,9,0.3044,D,0.35,0.056,22.6,,,0.056,22.6,bench_option,auto_role_rank_heuristic,0.419,,False
57,2026-06-25,Group Stage,F,Japan,Sweden,japan_ritsu_doan,Ritsu Doan,Midfielder,Midfielder,1,0.7338,A,0.897,0.696,53.8,,,0.696,53.8,probable_starter,auto_role_rank_heuristic,0.877,,False
57,2026-06-25,Group Stage,F,Japan,Sweden,japan_takefusa_kubo,Takefusa Kubo,Midfielder,Midfielder,4,0.6265,A,0.825,0.689,53.4,,,0.689,53.4,probable_starter,auto_role_rank_heuristic,0.825,,False
57,2026-06-25,Group Stage,F,Japan,Sweden,japan_wataru_endo,Wataru Endo,Midfielder,Midfielder,7,0.4935,D,0.212,0.243,31.7,,,0.243,31.7,rotation,auto_role_rank_heuristic,0.418,,False
57,2026-06-25,Group Stage,F,Japan,Sweden,japan_yuito_suzuki,Yuito Suzuki,Midfielder,Midfielder,6,0.5205,A,0.836,0.403,39.5,,,0.403,39.5,rotation,auto_role_rank_heuristic,0.803,,False
57,2026-06-25,Group Stage,F,Sweden,Japan,sweden_alexander_bernhardsson,Alexander Bernhardsson,Defender,Defender,9,0.2028,D,0.2,0.031,12.9,,,0.031,12.9,bench_option,auto_role_rank_heuristic,0.341,,False
57,2026-06-25,Group Stage,F,Sweden,Japan,sweden_carl_starfelt,Carl Starfelt,Defender,Defender,5,0.6631,A,0.824,0.413,37.3,,,0.413,37.3,rotation,auto_role_rank_heuristic,0.834,,False
57,2026-06-25,Group Stage,F,Sweden,Japan,sweden_daniel_svensson,Daniel Svensson,Defender,Defender,3,0.7701,A,0.904,0.718,56.7,,,0.718,56.7,probable_starter,auto_role_rank_heuristic,0.88,,False
57,2026-06-25,Group Stage,F,Sweden,Japan,sweden_elliot_stroud,Elliot Stroud,Defender,Defender,11,0.0272,D,0.2,0.019,12.1,,,0.019,12.1,bench_option,auto_role_rank_heuristic,0.297,,False
57,2026-06-25,Group Stage,F,Sweden,Japan,sweden_eric_smith,Eric Smith,Defender,Defender,2,0.7841,A,0.893,0.719,56.8,,,0.719,56.8,probable_starter,auto_role_rank_heuristic,0.88,,False
57,2026-06-25,Group Stage,F,Sweden,Japan,sweden_gabriel_gudmundsson,Gabriel Gudmundsson,Defender,Defender,1,0.7888,A,0.919,0.719,56.8,,,0.719,56.8,probable_starter,auto_role_rank_heuristic,0.88,,False
57,2026-06-25,Group Stage,F,Sweden,Japan,sweden_gustaf_lagerbielke,Gustaf Lagerbielke,Defender,Defender,4,0.7175,B,0.749,0.679,54.2,,,0.679,54.2,probable_starter,auto_role_rank_heuristic,0.782,,False
57,2026-06-25,Group Stage,F,Sweden,Japan,sweden_herman_johansson,Herman Johansson,Defender,Defender,10,0.1494,B,0.633,0.15,20.5,,,0.15,20.5,bench_option,auto_role_rank_heuristic,0.599,,False
57,2026-06-25,Group Stage,F,Sweden,Japan,sweden_hjalmar_ekdal,Hjalmar Ekdal,Defender,Defender,8,0.4178,A,0.828,0.204,23.9,,,0.204,23.9,rotation,auto_role_rank_heuristic,0.774,,False
57,2026-06-25,Group Stage,F,Sweden,Japan,sweden_isak_hien,Isak Hien,Defender,Defender,7,0.5092,A,0.864,0.403,36.6,,,0.403,36.6,rotation,auto_role_rank_heuristic,0.81,,False
57,2026-06-25,Group Stage,F,Sweden,Japan,sweden_victor_lindelof,Victor Lindelof,Defender,Defender,6,0.5326,A,0.779,0.405,36.8,,,0.405,36.8,rotation,auto_role_rank_heuristic,0.786,,False
57,2026-06-25,Group Stage,F,Sweden,Japan,sweden_alexander_isak,Alexander Isak,Forward,Forward,3,0.4891,C,0.447,0.558,46.7,,,0.558,46.7,probable_starter,auto_role_rank_heuristic,0.579,,False
57,2026-06-25,Group Stage,F,Sweden,Japan,sweden_anthony_elanga,Anthony Elanga,Forward,Forward,2,0.5157,A,0.81,0.665,51.2,,,0.665,51.2,probable_starter,auto_role_rank_heuristic,0.792,,False
57,2026-06-25,Group Stage,F,Sweden,Japan,sweden_gustaf_nilsson,Gustaf Nilsson,Forward,Forward,4,0.2863,D,0.203,0.23,32.6,,,0.23,32.6,rotation,auto_role_rank_heuristic,0.363,,False
57,2026-06-25,Group Stage,F,Sweden,Japan,sweden_taha_ali,Taha Ali,Forward,Forward,5,0.0707,D,0.35,0.215,32.0,,,0.215,32.0,rotation,auto_role_rank_heuristic,0.36,,False
57,2026-06-25,Group Stage,F,Sweden,Japan,sweden_viktor_gyokeres,Viktor Gyokeres,Forward,Forward,1,0.6654,A,0.885,0.676,51.7,,,0.676,51.7,probable_starter,auto_role_rank_heuristic,0.856,,False
57,2026-06-25,Group Stage,F,Sweden,Japan,sweden_jacob_widell_zetterstrom,Jacob Widell Zetterstrom,Goalkeeper,Goalkeeper,2,0.2512,C,0.55,0.122,10.0,,,0.122,10.0,bench_option,auto_role_rank_heuristic,0.555,,False
57,2026-06-25,Group Stage,F,Sweden,Japan,sweden_kristoffer_nordfeldt,Kristoffer Nordfeldt,Goalkeeper,Goalkeeper,1,0.2769,D,0.35,0.613,50.3,,,0.613,50.3,probable_starter,auto_role_rank_heuristic,0.412,,False
57,2026-06-25,Group Stage,F,Sweden,Japan,sweden_viktor_johansson,Viktor Johansson,Goalkeeper,Goalkeeper,3,0.25,C,0.55,0.017,1.4,,,0.017,1.4,bench_option,auto_role_rank_heuristic,0.555,,False
57,2026-06-25,Group Stage,F,Sweden,Japan,sweden_benjamin_nygren,Benjamin Nygren,Midfielder,Midfielder,6,0.3342,D,0.35,0.233,31.5,,,0.233,31.5,rotation,auto_role_rank_heuristic,0.426,,False
57,2026-06-25,Group Stage,F,Sweden,Japan,sweden_besfort_zeneli,Besfort Zeneli,Midfielder,Midfielder,7,0.1843,C,0.451,0.275,33.6,,,0.275,33.6,rotation,auto_role_rank_heuristic,0.504,,False
57,2026-06-25,Group Stage,F,Sweden,Japan,sweden_jesper_karlstrom,Jesper Karlstrom,Midfielder,Midfielder,1,0.7615,A,0.95,0.7,54.5,,,0.7,54.5,probable_starter,auto_role_rank_heuristic,0.88,,False
57,2026-06-25,Group Stage,F,Sweden,Japan,sweden_ken_sema,Ken Sema,Midfielder,Midfielder,5,0.3689,C,0.55,0.288,34.2,,,0.288,34.2,rotation,auto_role_rank_heuristic,0.585,,False
57,2026-06-25,Group Stage,F,Sweden,Japan,sweden_lucas_bergvall,Lucas Bergvall,Midfielder,Midfielder,4,0.3864,A,0.78,0.674,53.2,,,0.674,53.2,probable_starter,auto_role_rank_heuristic,0.75,,False
57,2026-06-25,Group Stage,F,Sweden,Japan,sweden_mattias_svanberg,Mattias Svanberg,Midfielder,Midfielder,3,0.5804,C,0.457,0.582,48.7,,,0.582,48.7,probable_starter,auto_role_rank_heuristic,0.605,,False
57,2026-06-25,Group Stage,F,Sweden,Japan,sweden_yasin_ayari,Yasin Ayari,Midfielder,Midfielder,2,0.6037,A,0.861,0.689,53.9,,,0.689,53.9,probable_starter,auto_role_rank_heuristic,0.832,,False
58,2026-06-25,Group Stage,F,Tunisia,Netherlands,tunisia_adam_arous,Adam Arous,Defender,Defender,8,0.0,D,0.2,0.011,11.6,,,0.011,11.6,bench_option,auto_role_rank_heuristic,0.29,,False
58,2026-06-25,Group Stage,F,Tunisia,Netherlands,tunisia_ali_abdi,Ali Abdi,Defender,Defender,3,0.3886,A,0.799,0.851,65.2,,,0.851,65.2,locked_starter,auto_role_rank_heuristic,0.757,,False
58,2026-06-25,Group Stage,F,Tunisia,Netherlands,tunisia_dylan_bronn,Dylan Bronn,Defender,Defender,6,0.2153,D,0.2,0.277,28.6,,,0.277,28.6,rotation,auto_role_rank_heuristic,0.344,,False
58,2026-06-25,Group Stage,F,Tunisia,Netherlands,tunisia_mohamed_amine_ben_hmida,Mohamed Amine Ben Hmida,Defender,Defender,9,0.0,D,0.2,0.011,11.6,,,0.011,11.6,bench_option,auto_role_rank_heuristic,0.29,,False
58,2026-06-25,Group Stage,F,Tunisia,Netherlands,tunisia_montassar_talbi,Montassar Talbi,Defender,Defender,1,0.851,A,0.917,0.891,67.7,,,0.891,67.7,locked_starter,auto_role_rank_heuristic,0.88,,False
58,2026-06-25,Group Stage,F,Tunisia,Netherlands,tunisia_mortadha_ben_ouanes,Mortadha Ben Ouanes,Defender,Defender,2,0.5791,B,0.739,0.825,63.5,,,0.825,63.5,locked_starter,auto_role_rank_heuristic,0.743,,False
58,2026-06-25,Group Stage,F,Tunisia,Netherlands,tunisia_moutaz_neffati,Moutaz Neffati,Defender,Defender,7,0.0037,D,0.2,0.172,21.9,,,0.172,21.9,bench_option,auto_role_rank_heuristic,0.291,,False
58,2026-06-25,Group Stage,F,Tunisia,Netherlands,tunisia_omar_rekik,Omar Rekik,Defender,Defender,4,0.2732,D,0.35,0.648,52.2,,,0.648,52.2,probable_starter,auto_role_rank_heuristic,0.411,,False
58,2026-06-25,Group Stage,F,Tunisia,Netherlands,tunisia_raed_chikhaoui,Raed Chikhaoui,Defender,Defender,10,0.0,D,0.2,0.011,11.6,,,0.011,11.6,bench_option,auto_role_rank_heuristic,0.29,,False
58,2026-06-25,Group Stage,F,Tunisia,Netherlands,tunisia_yan_valery,Yan Valery,Defender,Defender,5,0.2705,D,0.35,0.282,28.9,,,0.282,28.9,rotation,auto_role_rank_heuristic,0.41,,False
58,2026-06-25,Group Stage,F,Tunisia,Netherlands,tunisia_elias_achouri,Elias Achouri,Forward,Forward,1,0.2724,D,0.35,0.605,48.6,,,0.605,48.6,probable_starter,auto_role_rank_heuristic,0.411,,False
58,2026-06-25,Group Stage,F,Tunisia,Netherlands,tunisia_elias_saad,Elias Saad,Forward,Forward,2,0.1369,C,0.433,0.658,50.9,,,0.658,50.9,probable_starter,auto_role_rank_heuristic,0.486,,False
58,2026-06-25,Group Stage,F,Tunisia,Netherlands,tunisia_firas_chaouat,Firas Chaouat,Forward,Forward,4,0.0,D,0.2,0.172,30.1,,,0.172,30.1,bench_option,auto_role_rank_heuristic,0.29,,False
58,2026-06-25,Group Stage,F,Tunisia,Netherlands,tunisia_hazem_mastouri,Hazem Mastouri,Forward,Forward,5,0.0,D,0.2,0.172,30.1,,,0.172,30.1,bench_option,auto_role_rank_heuristic,0.29,,False
58,2026-06-25,Group Stage,F,Tunisia,Netherlands,tunisia_rayan_elloumi,Rayan Elloumi,Forward,Forward,3,0.0121,D,0.205,0.582,47.7,,,0.582,47.7,probable_starter,auto_role_rank_heuristic,0.295,,False
58,2026-06-25,Group Stage,F,Tunisia,Netherlands,tunisia_aymen_dahmen,Aymen Dahmen,Goalkeeper,Goalkeeper,1,0.0,D,0.2,0.646,52.9,,,0.646,52.9,probable_starter,auto_role_rank_heuristic,0.29,,False
58,2026-06-25,Group Stage,F,Tunisia,Netherlands,tunisia_mouhib_chamakh,Mouhib Chamakh,Goalkeeper,Goalkeeper,2,0.0,D,0.2,0.011,0.9,,,0.011,0.9,bench_option,auto_role_rank_heuristic,0.29,,False
58,2026-06-25,Group Stage,F,Tunisia,Netherlands,tunisia_sabri_ben_hessen,Sabri Ben Hessen,Goalkeeper,Goalkeeper,3,0.0,D,0.2,0.011,0.9,,,0.011,0.9,bench_option,auto_role_rank_heuristic,0.29,,False
58,2026-06-25,Group Stage,F,Tunisia,Netherlands,tunisia_anis_slimane,Anis Slimane,Midfielder,Midfielder,3,0.3164,D,0.35,0.63,51.0,,,0.63,51.0,probable_starter,auto_role_rank_heuristic,0.422,,False
58,2026-06-25,Group Stage,F,Tunisia,Netherlands,tunisia_ellyes_skhiri,Ellyes Skhiri,Midfielder,Midfielder,2,0.7248,A,0.82,0.859,62.3,,,0.859,62.3,locked_starter,auto_role_rank_heuristic,0.848,,False
58,2026-06-25,Group Stage,F,Tunisia,Netherlands,tunisia_hannibal_mejbri,Hannibal Mejbri,Midfielder,Midfielder,5,0.1844,A,0.802,0.468,43.0,,,0.468,43.0,rotation,auto_role_rank_heuristic,0.707,,False
58,2026-06-25,Group Stage,F,Tunisia,Netherlands,tunisia_ismael_gharbi,Ismael Gharbi,Midfielder,Midfielder,4,0.2591,D,0.211,0.625,50.8,,,0.625,50.8,probable_starter,auto_role_rank_heuristic,0.359,,False
58,2026-06-25,Group Stage,F,Tunisia,Netherlands,tunisia_khalil_ayari,Khalil Ayari,Midfielder,Midfielder,8,0.0,D,0.2,0.172,28.5,,,0.172,28.5,bench_option,auto_role_rank_heuristic,0.29,,False
58,2026-06-25,Group Stage,F,Tunisia,Netherlands,tunisia_mohamed_hadj_mahmoud,Mohamed Hadj Mahmoud,Midfielder,Midfielder,7,0.1098,D,0.35,0.268,33.2,,,0.268,33.2,rotation,auto_role_rank_heuristic,0.37,,False
58,2026-06-25,Group Stage,F,Tunisia,Netherlands,tunisia_rani_khedira,Rani Khedira,Midfielder,Midfielder,1,0.833,A,0.936,0.869,62.8,,,0.869,62.8,locked_starter,auto_role_rank_heuristic,0.88,,False
58,2026-06-25,Group Stage,F,Tunisia,Netherlands,tunisia_sebastian_tounekti,Sebastian Tounekti,Midfielder,Midfielder,6,0.1701,D,0.2,0.273,33.5,,,0.273,33.5,rotation,auto_role_rank_heuristic,0.333,,False
58,2026-06-25,Group Stage,F,Netherlands,Tunisia,netherlands_denzel_dumfries,Denzel Dumfries,Defender,Defender,7,0.6043,A,0.81,0.337,31.6,,,0.337,31.6,rotation,auto_role_rank_heuristic,0.815,,False
58,2026-06-25,Group Stage,F,Netherlands,Tunisia,netherlands_jan_paul_van_hecke,Jan Paul van Hecke,Defender,Defender,2,0.9029,A,0.95,0.6,48.0,,,0.6,48.0,probable_starter,auto_role_rank_heuristic,0.88,,False
58,2026-06-25,Group Stage,F,Netherlands,Tunisia,netherlands_jorrel_hato,Jorrel Hato,Defender,Defender,6,0.6108,A,0.796,0.338,31.7,,,0.338,31.7,rotation,auto_role_rank_heuristic,0.811,,False
58,2026-06-25,Group Stage,F,Netherlands,Tunisia,netherlands_jurrien_timber,Jurrien Timber,Defender,Defender,3,0.8742,A,0.904,0.599,47.9,,,0.599,47.9,probable_starter,auto_role_rank_heuristic,0.88,,False
58,2026-06-25,Group Stage,F,Netherlands,Tunisia,netherlands_mats_wieffer,Mats Wieffer,Defender,Defender,5,0.6541,A,0.859,0.34,31.8,,,0.34,31.8,rotation,auto_role_rank_heuristic,0.844,,False
58,2026-06-25,Group Stage,F,Netherlands,Tunisia,netherlands_micky_van_de_ven,Micky van de Ven,Defender,Defender,4,0.7473,A,0.95,0.591,47.4,,,0.591,47.4,probable_starter,auto_role_rank_heuristic,0.88,,False
58,2026-06-25,Group Stage,F,Netherlands,Tunisia,netherlands_nathan_ake,Nathan Ake,Defender,Defender,8,0.496,C,0.446,0.087,16.1,,,0.087,16.1,bench_option,auto_role_rank_heuristic,0.58,,False
58,2026-06-25,Group Stage,F,Netherlands,Tunisia,netherlands_virgil_van_dijk,Virgil van Dijk,Defender,Defender,1,0.9814,A,0.95,0.605,48.3,,,0.605,48.3,probable_starter,auto_role_rank_heuristic,0.88,,False
58,2026-06-25,Group Stage,F,Netherlands,Tunisia,netherlands_brian_brobbey,Brian Brobbey,Forward,Forward,4,0.6592,A,0.861,0.341,36.5,,,0.341,36.5,rotation,auto_role_rank_heuristic,0.846,,False
58,2026-06-25,Group Stage,F,Netherlands,Tunisia,netherlands_cody_gakpo,Cody Gakpo,Forward,Forward,1,0.7844,A,0.928,0.565,45.8,,,0.565,45.8,probable_starter,auto_role_rank_heuristic,0.88,,False
58,2026-06-25,Group Stage,F,Netherlands,Tunisia,netherlands_crysencio_summerville,Crysencio Summerville,Forward,Forward,2,0.7039,A,0.906,0.56,45.6,,,0.56,45.6,probable_starter,auto_role_rank_heuristic,0.873,,False
58,2026-06-25,Group Stage,F,Netherlands,Tunisia,netherlands_donyell_malen,Donyell Malen,Forward,Forward,3,0.6995,A,0.877,0.56,45.6,,,0.56,45.6,probable_starter,auto_role_rank_heuristic,0.862,,False
58,2026-06-25,Group Stage,F,Netherlands,Tunisia,netherlands_memphis_depay,Memphis Depay,Forward,Forward,7,0.3043,D,0.2,0.19,30.2,,,0.19,30.2,bench_option,auto_role_rank_heuristic,0.366,,False
58,2026-06-25,Group Stage,F,Netherlands,Tunisia,netherlands_noa_lang,Noa Lang,Forward,Forward,6,0.513,A,0.814,0.332,36.1,,,0.332,36.1,rotation,auto_role_rank_heuristic,0.793,,False
58,2026-06-25,Group Stage,F,Netherlands,Tunisia,netherlands_wout_weghorst,Wout Weghorst,Forward,Forward,5,0.5482,B,0.699,0.306,35.0,,,0.306,35.0,rotation,auto_role_rank_heuristic,0.722,,False
58,2026-06-25,Group Stage,F,Netherlands,Tunisia,netherlands_bart_verbruggen,Bart Verbruggen,Goalkeeper,Goalkeeper,1,0.8886,A,0.95,0.671,53.7,,,0.671,53.7,probable_starter,auto_role_rank_heuristic,0.88,,False
58,2026-06-25,Group Stage,F,Netherlands,Tunisia,netherlands_mark_flekken,Mark Flekken,Goalkeeper,Goalkeeper,3,0.7544,A,0.877,0.13,10.4,,,0.13,10.4,bench_option,auto_role_rank_heuristic,0.876,,False
58,2026-06-25,Group Stage,F,Netherlands,Tunisia,netherlands_robin_roefs,Robin Roefs,Goalkeeper,Goalkeeper,2,0.872,A,0.95,0.224,17.9,,,0.224,17.9,rotation,auto_role_rank_heuristic,0.88,,False
58,2026-06-25,Group Stage,F,Netherlands,Tunisia,netherlands_frenkie_de_jong,Frenkie de Jong,Midfielder,Midfielder,5,0.6571,A,0.836,0.341,35.9,,,0.341,35.9,rotation,auto_role_rank_heuristic,0.837,,False
58,2026-06-25,Group Stage,F,Netherlands,Tunisia,netherlands_guus_til,Guus Til,Midfielder,Midfielder,7,0.5755,B,0.737,0.307,34.3,,,0.307,34.3,rotation,auto_role_rank_heuristic,0.742,,False
58,2026-06-25,Group Stage,F,Netherlands,Tunisia,netherlands_justin_kluivert,Justin Kluivert,Midfielder,Midfielder,8,0.4888,A,0.779,0.331,35.4,,,0.331,35.4,rotation,auto_role_rank_heuristic,0.775,,False
58,2026-06-25,Group Stage,F,Netherlands,Tunisia,netherlands_marten_de_roon,Marten de Roon,Midfielder,Midfielder,3,0.6948,A,0.924,0.574,47.1,,,0.574,47.1,probable_starter,auto_role_rank_heuristic,0.877,,False
58,2026-06-25,Group Stage,F,Netherlands,Tunisia,netherlands_quinten_timber,Quinten Timber,Midfielder,Midfielder,2,0.7247,A,0.902,0.575,47.2,,,0.575,47.2,probable_starter,auto_role_rank_heuristic,0.877,,False
58,2026-06-25,Group Stage,F,Netherlands,Tunisia,netherlands_ryan_gravenberch,Ryan Gravenberch,Midfielder,Midfielder,1,0.857,A,0.949,0.583,47.5,,,0.583,47.5,probable_starter,auto_role_rank_heuristic,0.88,,False
58,2026-06-25,Group Stage,F,Netherlands,Tunisia,netherlands_teun_koopmeiners,Teun Koopmeiners,Midfielder,Midfielder,6,0.6398,A,0.852,0.34,35.9,,,0.34,35.9,rotation,auto_role_rank_heuristic,0.838,,False
58,2026-06-25,Group Stage,F,Netherlands,Tunisia,netherlands_tijjani_reijnders,Tijjani Reijnders,Midfielder,Midfielder,4,0.6781,A,0.836,0.573,47.1,,,0.573,47.1,probable_starter,auto_role_rank_heuristic,0.842,,False
15,2026-06-15,Group Stage,G,Iran,New Zealand,iran_ali_nemati,Ali Nemati,Defender,Defender,4,0.0,D,0.2,0.611,49.1,,,0.611,49.1,probable_starter,auto_role_rank_heuristic,0.29,,False
15,2026-06-15,Group Stage,G,Iran,New Zealand,iran_arya_yousefi,Arya Yousefi,Defender,Defender,5,0.0,D,0.2,0.195,23.0,,,0.195,23.0,bench_option,auto_role_rank_heuristic,0.29,,False
15,2026-06-15,Group Stage,G,Iran,New Zealand,iran_danial_iri,Danial Iri,Defender,Defender,6,0.0,D,0.2,0.195,23.0,,,0.195,23.0,bench_option,auto_role_rank_heuristic,0.29,,False
15,2026-06-15,Group Stage,G,Iran,New Zealand,iran_ehsan_hajisafi,Ehsan Hajisafi,Defender,Defender,3,0.2138,D,0.35,0.729,56.6,,,0.729,56.6,probable_starter,auto_role_rank_heuristic,0.396,,False
15,2026-06-15,Group Stage,G,Iran,New Zealand,iran_hossein_kanani,Hossein Kanani,Defender,Defender,7,0.0,D,0.2,0.195,23.0,,,0.195,23.0,bench_option,auto_role_rank_heuristic,0.29,,False
15,2026-06-15,Group Stage,G,Iran,New Zealand,iran_milad_mohammadi,Milad Mohammadi,Defender,Defender,1,0.3192,D,0.35,0.74,57.3,,,0.74,57.3,probable_starter,auto_role_rank_heuristic,0.422,,False
15,2026-06-15,Group Stage,G,Iran,New Zealand,iran_ramin_rezaeian,Ramin Rezaeian,Defender,Defender,2,0.2276,D,0.2,0.633,50.5,,,0.633,50.5,probable_starter,auto_role_rank_heuristic,0.347,,False
15,2026-06-15,Group Stage,G,Iran,New Zealand,iran_saleh_hardani,Saleh Hardani,Defender,Defender,8,0.0,D,0.2,0.012,11.5,,,0.012,11.5,bench_option,auto_role_rank_heuristic,0.29,,False
15,2026-06-15,Group Stage,G,Iran,New Zealand,iran_shoja_khalilzadeh,Shoja Khalilzadeh,Defender,Defender,9,0.0,D,0.2,0.012,11.5,,,0.012,11.5,bench_option,auto_role_rank_heuristic,0.29,,False
15,2026-06-15,Group Stage,G,Iran,New Zealand,iran_ali_alipour,Ali Alipour,Forward,Forward,2,0.2733,D,0.35,0.686,51.4,,,0.686,51.4,probable_starter,auto_role_rank_heuristic,0.411,,False
15,2026-06-15,Group Stage,G,Iran,New Zealand,iran_amirhossein_hosseinzadeh,Amirhossein Hosseinzadeh,Forward,Forward,3,0.2186,D,0.35,0.68,51.1,,,0.68,51.1,probable_starter,auto_role_rank_heuristic,0.397,,False
15,2026-06-15,Group Stage,G,Iran,New Zealand,iran_dennis_dargahi,Dennis Dargahi,Forward,Forward,4,0.0,D,0.2,0.195,30.7,,,0.195,30.7,bench_option,auto_role_rank_heuristic,0.29,,False
15,2026-06-15,Group Stage,G,Iran,New Zealand,iran_mehdi_ghayedi,Mehdi Ghayedi,Forward,Forward,5,0.0,D,0.2,0.195,30.7,,,0.195,30.7,bench_option,auto_role_rank_heuristic,0.29,,False
15,2026-06-15,Group Stage,G,Iran,New Zealand,iran_mehdi_taremi,Mehdi Taremi,Forward,Forward,1,0.455,C,0.55,0.777,55.2,,,0.777,55.2,locked_starter,auto_role_rank_heuristic,0.606,,False
15,2026-06-15,Group Stage,G,Iran,New Zealand,iran_shahriyar_moghanloo,Shahriyar Moghanloo,Forward,Forward,6,0.0,D,0.2,0.195,30.7,,,0.195,30.7,bench_option,auto_role_rank_heuristic,0.29,,False
15,2026-06-15,Group Stage,G,Iran,New Zealand,iran_alireza_beiranvand,Alireza Beiranvand,Goalkeeper,Goalkeeper,1,0.502,C,0.55,0.953,77.0,,,0.953,77.0,locked_starter,auto_role_rank_heuristic,0.618,,False
15,2026-06-15,Group Stage,G,Iran,New Zealand,iran_hossein_hosseini,Hossein Hosseini,Goalkeeper,Goalkeeper,3,0.0,D,0.2,0.012,1.0,,,0.012,1.0,bench_option,auto_role_rank_heuristic,0.29,,False
15,2026-06-15,Group Stage,G,Iran,New Zealand,iran_payam_niazmand,Payam Niazmand,Goalkeeper,Goalkeeper,2,0.4144,C,0.55,0.187,15.1,,,0.187,15.1,bench_option,auto_role_rank_heuristic,0.596,,False
15,2026-06-15,Group Stage,G,Iran,New Zealand,iran_alireza_jahanbakhsh,Alireza Jahanbakhsh,Midfielder,Midfielder,1,0.4436,B,0.625,0.898,63.3,,,0.898,63.3,locked_starter,auto_role_rank_heuristic,0.67,,False
15,2026-06-15,Group Stage,G,Iran,New Zealand,iran_amirmohammad_razaghinia,Amirmohammad Razaghinia,Midfielder,Midfielder,5,0.0,D,0.2,0.195,29.2,,,0.195,29.2,bench_option,auto_role_rank_heuristic,0.29,,False
15,2026-06-15,Group Stage,G,Iran,New Zealand,iran_mehdi_torabi,Mehdi Torabi,Midfielder,Midfielder,6,0.0,D,0.2,0.195,29.2,,,0.195,29.2,bench_option,auto_role_rank_heuristic,0.29,,False
15,2026-06-15,Group Stage,G,Iran,New Zealand,iran_mohammad_ghorbani,Mohammad Ghorbani,Midfielder,Midfielder,4,0.1476,D,0.2,0.601,48.9,,,0.601,48.9,probable_starter,auto_role_rank_heuristic,0.327,,False
15,2026-06-15,Group Stage,G,Iran,New Zealand,iran_mohammad_mohebbi,Mohammad Mohebbi,Midfielder,Midfielder,7,0.0,D,0.2,0.195,29.2,,,0.195,29.2,bench_option,auto_role_rank_heuristic,0.29,,False
15,2026-06-15,Group Stage,G,Iran,New Zealand,iran_roozbeh_cheshmi,Roozbeh Cheshmi,Midfielder,Midfielder,8,0.0,D,0.2,0.195,29.2,,,0.195,29.2,bench_option,auto_role_rank_heuristic,0.29,,False
15,2026-06-15,Group Stage,G,Iran,New Zealand,iran_saeid_ezatolahi,Saeid Ezatolahi,Midfielder,Midfielder,2,0.4003,C,0.55,0.796,58.3,,,0.796,58.3,locked_starter,auto_role_rank_heuristic,0.593,,False
15,2026-06-15,Group Stage,G,Iran,New Zealand,iran_saman_ghoddos,Saman Ghoddos,Midfielder,Midfielder,3,0.345,D,0.35,0.718,54.5,,,0.718,54.5,probable_starter,auto_role_rank_heuristic,0.429,,False
15,2026-06-15,Group Stage,G,New Zealand,Iran,new_zealand_callan_elliot,Callan Elliot,Defender,Defender,5,0.2229,D,0.35,0.29,29.0,,,0.29,29.0,rotation,auto_role_rank_heuristic,0.398,,False
15,2026-06-15,Group Stage,G,New Zealand,Iran,new_zealand_finn_surman,Finn Surman,Defender,Defender,1,0.4123,B,0.651,0.847,64.1,,,0.847,64.1,locked_starter,auto_role_rank_heuristic,0.671,,False
15,2026-06-15,Group Stage,G,New Zealand,Iran,new_zealand_francis_de_vries,Francis de Vries,Defender,Defender,8,0.0994,D,0.35,0.031,12.7,,,0.031,12.7,bench_option,auto_role_rank_heuristic,0.367,,False
15,2026-06-15,Group Stage,G,New Zealand,Iran,new_zealand_liberato_cacace,Liberato Cacace,Defender,Defender,3,0.3249,D,0.35,0.682,53.7,,,0.682,53.7,probable_starter,auto_role_rank_heuristic,0.424,,False
15,2026-06-15,Group Stage,G,New Zealand,Iran,new_zealand_michael_boxall,Michael Boxall,Defender,Defender,9,0.0595,D,0.226,0.028,12.6,,,0.028,12.6,bench_option,auto_role_rank_heuristic,0.314,,False
15,2026-06-15,Group Stage,G,New Zealand,Iran,new_zealand_nando_pijnaker,Nando Pijnaker,Defender,Defender,6,0.1311,D,0.2,0.191,22.8,,,0.191,22.8,bench_option,auto_role_rank_heuristic,0.323,,False
15,2026-06-15,Group Stage,G,New Zealand,Iran,new_zealand_tim_payne,Tim Payne,Defender,Defender,4,0.2533,C,0.55,0.742,57.5,,,0.742,57.5,probable_starter,auto_role_rank_heuristic,0.556,,False
15,2026-06-15,Group Stage,G,New Zealand,Iran,new_zealand_tommy_smith,Tommy Smith,Defender,Defender,7,0.0998,D,0.2,0.279,28.3,,,0.279,28.3,rotation,auto_role_rank_heuristic,0.315,,False
15,2026-06-15,Group Stage,G,New Zealand,Iran,new_zealand_tyler_bindon,Tyler Bindon,Defender,Defender,2,0.4094,C,0.55,0.757,58.4,,,0.757,58.4,locked_starter,auto_role_rank_heuristic,0.595,,False
15,2026-06-15,Group Stage,G,New Zealand,Iran,new_zealand_ben_waine,Ben Waine,Forward,Forward,3,0.1163,D,0.35,0.617,48.6,,,0.617,48.6,probable_starter,auto_role_rank_heuristic,0.372,,False
15,2026-06-15,Group Stage,G,New Zealand,Iran,new_zealand_chris_wood,Chris Wood,Forward,Forward,1,0.4659,A,0.775,0.851,58.4,,,0.851,58.4,locked_starter,auto_role_rank_heuristic,0.768,,False
15,2026-06-15,Group Stage,G,New Zealand,Iran,new_zealand_jesse_randall,Jesse Randall,Forward,Forward,4,0.0257,D,0.2,0.272,34.0,,,0.272,34.0,rotation,auto_role_rank_heuristic,0.296,,False
15,2026-06-15,Group Stage,G,New Zealand,Iran,new_zealand_kosta_barbarouses,Kosta Barbarouses,Forward,Forward,2,0.2762,D,0.2,0.632,49.2,,,0.632,49.2,probable_starter,auto_role_rank_heuristic,0.359,,False
15,2026-06-15,Group Stage,G,New Zealand,Iran,new_zealand_alex_paulsen,Alex Paulsen,Goalkeeper,Goalkeeper,3,0.0213,D,0.2,0.011,0.9,,,0.011,0.9,bench_option,auto_role_rank_heuristic,0.295,,False
15,2026-06-15,Group Stage,G,New Zealand,Iran,new_zealand_max_crocombe,Max Crocombe,Goalkeeper,Goalkeeper,1,0.28,C,0.55,0.857,69.3,,,0.857,69.3,locked_starter,auto_role_rank_heuristic,0.562,,False
15,2026-06-15,Group Stage,G,New Zealand,Iran,new_zealand_michael_woud,Michael Woud,Goalkeeper,Goalkeeper,2,0.2024,D,0.2,0.085,6.9,,,0.085,6.9,bench_option,auto_role_rank_heuristic,0.341,,False
15,2026-06-15,Group Stage,G,New Zealand,Iran,new_zealand_alex_rufer,Alex Rufer,Midfielder,Midfielder,10,0.0908,D,0.35,0.053,22.4,,,0.053,22.4,bench_option,auto_role_rank_heuristic,0.365,,False
15,2026-06-15,Group Stage,G,New Zealand,Iran,new_zealand_ben_old,Ben Old,Midfielder,Midfielder,5,0.2001,D,0.2,0.288,33.8,,,0.288,33.8,rotation,auto_role_rank_heuristic,0.34,,False
15,2026-06-15,Group Stage,G,New Zealand,Iran,new_zealand_elijah_just,Elijah Just,Midfielder,Midfielder,9,0.1386,D,0.2,0.011,20.3,,,0.011,20.3,bench_option,auto_role_rank_heuristic,0.325,,False
15,2026-06-15,Group Stage,G,New Zealand,Iran,new_zealand_joe_bell,Joe Bell,Midfielder,Midfielder,7,0.152,D,0.2,0.193,29.2,,,0.193,29.2,bench_option,auto_role_rank_heuristic,0.328,,False
15,2026-06-15,Group Stage,G,New Zealand,Iran,new_zealand_lachlan_bayliss,Lachlan Bayliss,Midfielder,Midfielder,8,0.1469,D,0.35,0.283,33.5,,,0.283,33.5,rotation,auto_role_rank_heuristic,0.379,,False
15,2026-06-15,Group Stage,G,New Zealand,Iran,new_zealand_marko_stamenic,Marko Stamenic,Midfielder,Midfielder,2,0.3632,D,0.35,0.662,51.9,,,0.662,51.9,probable_starter,auto_role_rank_heuristic,0.433,,False
15,2026-06-15,Group Stage,G,New Zealand,Iran,new_zealand_matthew_garbett,Matthew Garbett,Midfielder,Midfielder,3,0.2946,D,0.35,0.657,51.7,,,0.657,51.7,probable_starter,auto_role_rank_heuristic,0.416,,False
15,2026-06-15,Group Stage,G,New Zealand,Iran,new_zealand_mccowatt_callum,McCOWATT Callum,Midfielder,Midfielder,6,0.1575,D,0.2,0.195,29.2,,,0.195,29.2,bench_option,auto_role_rank_heuristic,0.329,,False
15,2026-06-15,Group Stage,G,New Zealand,Iran,new_zealand_ryan_thomas,Ryan Thomas,Midfielder,Midfielder,1,0.4986,B,0.729,0.832,60.2,,,0.832,60.2,locked_starter,auto_role_rank_heuristic,0.72,,False
15,2026-06-15,Group Stage,G,New Zealand,Iran,new_zealand_sarpreet_singh,Sarpreet Singh,Midfielder,Midfielder,4,0.239,D,0.35,0.651,51.4,,,0.651,51.4,probable_starter,auto_role_rank_heuristic,0.402,,False
16,2026-06-15,Group Stage,G,Belgium,Egypt,belgium_arthur_theate,Arthur Theate,Defender,Defender,7,0.6315,A,0.878,0.347,32.4,,,0.347,32.4,rotation,auto_role_rank_heuristic,0.845,,False
16,2026-06-15,Group Stage,G,Belgium,Egypt,belgium_brandon_mechele,Brandon Mechele,Defender,Defender,1,0.8619,B,0.8,0.581,47.1,,,0.581,47.1,probable_starter,auto_role_rank_heuristic,0.835,,False
16,2026-06-15,Group Stage,G,Belgium,Egypt,belgium_joaquin_seys,Joaquin Seys,Defender,Defender,2,0.8394,B,0.797,0.58,47.0,,,0.58,47.0,probable_starter,auto_role_rank_heuristic,0.829,,False
16,2026-06-15,Group Stage,G,Belgium,Egypt,belgium_koni_de_winter,Koni de Winter,Defender,Defender,8,0.545,A,0.85,0.18,22.0,,,0.18,22.0,bench_option,auto_role_rank_heuristic,0.814,,False
16,2026-06-15,Group Stage,G,Belgium,Egypt,belgium_maxim_de_cuyper,Maxim de Cuyper,Defender,Defender,5,0.6758,A,0.818,0.349,32.6,,,0.349,32.6,rotation,auto_role_rank_heuristic,0.835,,False
16,2026-06-15,Group Stage,G,Belgium,Egypt,belgium_nathan_ngoy,Nathan Ngoy,Defender,Defender,6,0.6429,A,0.9,0.347,32.4,,,0.347,32.4,rotation,auto_role_rank_heuristic,0.856,,False
16,2026-06-15,Group Stage,G,Belgium,Egypt,belgium_thomas_meunier,Thomas Meunier,Defender,Defender,3,0.7267,A,0.859,0.603,48.5,,,0.603,48.5,probable_starter,auto_role_rank_heuristic,0.862,,False
16,2026-06-15,Group Stage,G,Belgium,Egypt,belgium_timothy_castagne,Timothy Castagne,Defender,Defender,4,0.7018,A,0.854,0.601,48.3,,,0.601,48.3,probable_starter,auto_role_rank_heuristic,0.854,,False
16,2026-06-15,Group Stage,G,Belgium,Egypt,belgium_zeno_debast,Zeno Debast,Defender,Defender,9,0.4092,B,0.649,0.142,19.6,,,0.142,19.6,bench_option,auto_role_rank_heuristic,0.669,,False
16,2026-06-15,Group Stage,G,Belgium,Egypt,belgium_charles_de_ketelaere,Charles de Ketelaere,Forward,Forward,2,0.6675,A,0.881,0.57,46.3,,,0.57,46.3,probable_starter,auto_role_rank_heuristic,0.855,,False
16,2026-06-15,Group Stage,G,Belgium,Egypt,belgium_dodi_lukebakio,Dodi Lukebakio,Forward,Forward,5,0.4337,A,0.777,0.335,36.4,,,0.335,36.4,rotation,auto_role_rank_heuristic,0.76,,False
16,2026-06-15,Group Stage,G,Belgium,Egypt,belgium_jeremy_doku,Jeremy Doku,Forward,Forward,1,0.6951,A,0.849,0.572,46.4,,,0.572,46.4,probable_starter,auto_role_rank_heuristic,0.851,,False
16,2026-06-15,Group Stage,G,Belgium,Egypt,belgium_leandro_trossard,Leandro Trossard,Forward,Forward,4,0.6544,A,0.867,0.348,37.0,,,0.348,37.0,rotation,auto_role_rank_heuristic,0.847,,False
16,2026-06-15,Group Stage,G,Belgium,Egypt,belgium_matias_fernandez_pardo,Matias Fernandez-Pardo,Forward,Forward,3,0.662,A,0.897,0.57,46.3,,,0.57,46.3,probable_starter,auto_role_rank_heuristic,0.859,,False
16,2026-06-15,Group Stage,G,Belgium,Egypt,belgium_romelu_lukaku,Romelu Lukaku,Forward,Forward,6,0.3479,D,0.203,0.197,30.6,,,0.197,30.6,bench_option,auto_role_rank_heuristic,0.378,,False
16,2026-06-15,Group Stage,G,Belgium,Egypt,belgium_mike_penders,Mike Penders,Goalkeeper,Goalkeeper,3,0.8593,A,0.948,0.139,11.2,,,0.139,11.2,bench_option,auto_role_rank_heuristic,0.88,,False
16,2026-06-15,Group Stage,G,Belgium,Egypt,belgium_senne_lammens,Senne Lammens,Goalkeeper,Goalkeeper,2,0.9199,A,0.95,0.231,18.6,,,0.231,18.6,rotation,auto_role_rank_heuristic,0.88,,False
16,2026-06-15,Group Stage,G,Belgium,Egypt,belgium_thibaut_courtois,Thibaut Courtois,Goalkeeper,Goalkeeper,1,0.9682,A,0.94,0.69,55.5,,,0.69,55.5,probable_starter,auto_role_rank_heuristic,0.88,,False
16,2026-06-15,Group Stage,G,Belgium,Egypt,belgium_alexis_saelemaekers,Alexis Saelemaekers,Midfielder,Midfielder,3,0.6951,A,0.932,0.587,48.0,,,0.587,48.0,probable_starter,auto_role_rank_heuristic,0.88,,False
16,2026-06-15,Group Stage,G,Belgium,Egypt,belgium_amadou_onana,Amadou Onana,Midfielder,Midfielder,5,0.6443,A,0.846,0.348,36.5,,,0.348,36.5,rotation,auto_role_rank_heuristic,0.837,,False
16,2026-06-15,Group Stage,G,Belgium,Egypt,belgium_axel_witsel,Axel Witsel,Midfielder,Midfielder,4,0.6486,A,0.91,0.584,47.8,,,0.584,47.8,probable_starter,auto_role_rank_heuristic,0.861,,False
16,2026-06-15,Group Stage,G,Belgium,Egypt,belgium_diego_moreira,Diego Moreira,Midfielder,Midfielder,6,0.6285,A,0.869,0.346,36.4,,,0.346,36.4,rotation,auto_role_rank_heuristic,0.841,,False
16,2026-06-15,Group Stage,G,Belgium,Egypt,belgium_hans_vanaken,Hans Vanaken,Midfielder,Midfielder,1,0.8695,B,0.8,0.567,47.0,,,0.567,47.0,probable_starter,auto_role_rank_heuristic,0.837,,False
16,2026-06-15,Group Stage,G,Belgium,Egypt,belgium_kevin_de_bruyne,Kevin de Bruyne,Midfielder,Midfielder,7,0.5499,A,0.797,0.342,36.2,,,0.342,36.2,rotation,auto_role_rank_heuristic,0.796,,False
16,2026-06-15,Group Stage,G,Belgium,Egypt,belgium_nicolas_raskin,Nicolas Raskin,Midfielder,Midfielder,8,0.4928,C,0.55,0.25,31.7,,,0.25,31.7,rotation,auto_role_rank_heuristic,0.616,,False
16,2026-06-15,Group Stage,G,Belgium,Egypt,belgium_youri_tielemans,Youri Tielemans,Midfielder,Midfielder,2,0.8179,A,0.855,0.593,48.3,,,0.593,48.3,probable_starter,auto_role_rank_heuristic,0.88,,False
16,2026-06-15,Group Stage,G,Egypt,Belgium,egypt_ahmed_fatouh,Ahmed Fatouh,Defender,Defender,4,0.0,D,0.2,0.62,51.0,,,0.62,51.0,probable_starter,auto_role_rank_heuristic,0.29,,False
16,2026-06-15,Group Stage,G,Egypt,Belgium,egypt_hossam_abdelmaguid,Hossam Abdelmaguid,Defender,Defender,5,0.0,D,0.2,0.198,23.8,,,0.198,23.8,bench_option,auto_role_rank_heuristic,0.29,,False
16,2026-06-15,Group Stage,G,Egypt,Belgium,egypt_karim_hafez,Karim Hafez,Defender,Defender,2,0.2922,D,0.35,0.747,59.1,,,0.747,59.1,probable_starter,auto_role_rank_heuristic,0.416,,False
16,2026-06-15,Group Stage,G,Egypt,Belgium,egypt_mohamed_abdelmoneim,Mohamed Abdelmoneim,Defender,Defender,1,0.4119,C,0.55,0.834,64.7,,,0.834,64.7,locked_starter,auto_role_rank_heuristic,0.595,,False
16,2026-06-15,Group Stage,G,Egypt,Belgium,egypt_mohamed_hany,Mohamed Hany,Defender,Defender,6,0.0,D,0.2,0.198,23.8,,,0.198,23.8,bench_option,auto_role_rank_heuristic,0.29,,False
16,2026-06-15,Group Stage,G,Egypt,Belgium,egypt_ramy_rabia,Ramy Rabia,Defender,Defender,3,0.2088,D,0.2,0.641,52.3,,,0.641,52.3,probable_starter,auto_role_rank_heuristic,0.342,,False
16,2026-06-15,Group Stage,G,Egypt,Belgium,egypt_tarek_alaa,Tarek Alaa,Defender,Defender,7,0.0,D,0.2,0.198,23.8,,,0.198,23.8,bench_option,auto_role_rank_heuristic,0.29,,False
16,2026-06-15,Group Stage,G,Egypt,Belgium,egypt_yasser_ibrahim,Yasser Ibrahim,Defender,Defender,8,0.0,D,0.2,0.012,11.8,,,0.012,11.8,bench_option,auto_role_rank_heuristic,0.29,,False
16,2026-06-15,Group Stage,G,Egypt,Belgium,egypt_haissem_hassan,Haissem Hassan,Forward,Forward,1,0.7145,A,0.862,0.963,64.6,,,0.963,64.6,locked_starter,auto_role_rank_heuristic,0.86,,False
16,2026-06-15,Group Stage,G,Egypt,Belgium,egypt_hamza_abdelkarim,Hamza Abdelkarim,Forward,Forward,6,0.0,D,0.2,0.198,31.6,,,0.198,31.6,bench_option,auto_role_rank_heuristic,0.29,,False
16,2026-06-15,Group Stage,G,Egypt,Belgium,egypt_ibrahim_adel,Ibrahim Adel,Forward,Forward,7,0.0,D,0.2,0.198,31.6,,,0.198,31.6,bench_option,auto_role_rank_heuristic,0.29,,False
16,2026-06-15,Group Stage,G,Egypt,Belgium,egypt_mohamed_salah,Mohamed Salah,Forward,Forward,2,0.7114,A,0.879,0.963,64.6,,,0.963,64.6,locked_starter,auto_role_rank_heuristic,0.865,,False
16,2026-06-15,Group Stage,G,Egypt,Belgium,egypt_omar_marmoush,Omar Marmoush,Forward,Forward,3,0.4667,C,0.447,0.79,57.1,,,0.79,57.1,locked_starter,auto_role_rank_heuristic,0.573,,False
16,2026-06-15,Group Stage,G,Egypt,Belgium,egypt_trezeguet,Trezeguet,Forward,Forward,4,0.4123,D,0.35,0.338,37.6,,,0.338,37.6,rotation,auto_role_rank_heuristic,0.446,,False
16,2026-06-15,Group Stage,G,Egypt,Belgium,egypt_zizo,Zizo,Forward,Forward,5,0.2362,D,0.2,0.222,32.6,,,0.222,32.6,rotation,auto_role_rank_heuristic,0.349,,False
16,2026-06-15,Group Stage,G,Egypt,Belgium,egypt_mahdy_soliman,Mahdy Soliman,Goalkeeper,Goalkeeper,1,0.0,D,0.2,0.744,61.6,,,0.744,61.6,probable_starter,auto_role_rank_heuristic,0.29,,False
16,2026-06-15,Group Stage,G,Egypt,Belgium,egypt_mohamed_alaa,Mohamed Alaa,Goalkeeper,Goalkeeper,2,0.0,D,0.2,0.012,1.0,,,0.012,1.0,bench_option,auto_role_rank_heuristic,0.29,,False
16,2026-06-15,Group Stage,G,Egypt,Belgium,egypt_mohamed_elshenawy,Mohamed Elshenawy,Goalkeeper,Goalkeeper,3,0.0,D,0.2,0.012,1.0,,,0.012,1.0,bench_option,auto_role_rank_heuristic,0.29,,False
16,2026-06-15,Group Stage,G,Egypt,Belgium,egypt_mostafa_shoubir,Mostafa Shoubir,Goalkeeper,Goalkeeper,4,0.0,D,0.2,0.012,1.0,,,0.012,1.0,bench_option,auto_role_rank_heuristic,0.29,,False
16,2026-06-15,Group Stage,G,Egypt,Belgium,egypt_emam_ashour,Emam Ashour,Midfielder,Midfielder,1,0.2355,D,0.35,0.718,55.9,,,0.718,55.9,probable_starter,auto_role_rank_heuristic,0.401,,False
16,2026-06-15,Group Stage,G,Egypt,Belgium,egypt_hamdy_fathy,Hamdy Fathy,Midfielder,Midfielder,2,0.0,D,0.2,0.595,49.8,,,0.595,49.8,probable_starter,auto_role_rank_heuristic,0.29,,False
16,2026-06-15,Group Stage,G,Egypt,Belgium,egypt_mahmoud_saber,Mahmoud Saber,Midfielder,Midfielder,3,0.0,D,0.2,0.595,49.8,,,0.595,49.8,probable_starter,auto_role_rank_heuristic,0.29,,False
16,2026-06-15,Group Stage,G,Egypt,Belgium,egypt_marawan_attia,Marawan Attia,Midfielder,Midfielder,4,0.0,D,0.2,0.595,49.8,,,0.595,49.8,probable_starter,auto_role_rank_heuristic,0.29,,False
16,2026-06-15,Group Stage,G,Egypt,Belgium,egypt_mohanad_lashin,Mohanad Lashin,Midfielder,Midfielder,5,0.0,D,0.2,0.198,30.1,,,0.198,30.1,bench_option,auto_role_rank_heuristic,0.29,,False
16,2026-06-15,Group Stage,G,Egypt,Belgium,egypt_mostafa_zico,Mostafa Zico,Midfielder,Midfielder,6,0.0,D,0.2,0.198,30.1,,,0.198,30.1,bench_option,auto_role_rank_heuristic,0.29,,False
16,2026-06-15,Group Stage,G,Egypt,Belgium,egypt_nabil_donga,Nabil Donga,Midfielder,Midfielder,7,0.0,D,0.2,0.198,30.1,,,0.198,30.1,bench_option,auto_role_rank_heuristic,0.29,,False
39,2026-06-21,Group Stage,G,Belgium,Iran,belgium_arthur_theate,Arthur Theate,Defender,Defender,7,0.6315,A,0.878,0.347,32.4,,,0.347,32.4,rotation,auto_role_rank_heuristic,0.845,,False
39,2026-06-21,Group Stage,G,Belgium,Iran,belgium_brandon_mechele,Brandon Mechele,Defender,Defender,1,0.8619,B,0.8,0.581,47.1,,,0.581,47.1,probable_starter,auto_role_rank_heuristic,0.835,,False
39,2026-06-21,Group Stage,G,Belgium,Iran,belgium_joaquin_seys,Joaquin Seys,Defender,Defender,2,0.8394,B,0.797,0.58,47.0,,,0.58,47.0,probable_starter,auto_role_rank_heuristic,0.829,,False
39,2026-06-21,Group Stage,G,Belgium,Iran,belgium_koni_de_winter,Koni de Winter,Defender,Defender,8,0.545,A,0.85,0.18,22.0,,,0.18,22.0,bench_option,auto_role_rank_heuristic,0.814,,False
39,2026-06-21,Group Stage,G,Belgium,Iran,belgium_maxim_de_cuyper,Maxim de Cuyper,Defender,Defender,5,0.6758,A,0.818,0.349,32.6,,,0.349,32.6,rotation,auto_role_rank_heuristic,0.835,,False
39,2026-06-21,Group Stage,G,Belgium,Iran,belgium_nathan_ngoy,Nathan Ngoy,Defender,Defender,6,0.6429,A,0.9,0.347,32.4,,,0.347,32.4,rotation,auto_role_rank_heuristic,0.856,,False
39,2026-06-21,Group Stage,G,Belgium,Iran,belgium_thomas_meunier,Thomas Meunier,Defender,Defender,3,0.7267,A,0.859,0.603,48.5,,,0.603,48.5,probable_starter,auto_role_rank_heuristic,0.862,,False
39,2026-06-21,Group Stage,G,Belgium,Iran,belgium_timothy_castagne,Timothy Castagne,Defender,Defender,4,0.7018,A,0.854,0.601,48.3,,,0.601,48.3,probable_starter,auto_role_rank_heuristic,0.854,,False
39,2026-06-21,Group Stage,G,Belgium,Iran,belgium_zeno_debast,Zeno Debast,Defender,Defender,9,0.4092,B,0.649,0.142,19.6,,,0.142,19.6,bench_option,auto_role_rank_heuristic,0.669,,False
39,2026-06-21,Group Stage,G,Belgium,Iran,belgium_charles_de_ketelaere,Charles de Ketelaere,Forward,Forward,2,0.6675,A,0.881,0.57,46.3,,,0.57,46.3,probable_starter,auto_role_rank_heuristic,0.855,,False
39,2026-06-21,Group Stage,G,Belgium,Iran,belgium_dodi_lukebakio,Dodi Lukebakio,Forward,Forward,5,0.4337,A,0.777,0.335,36.4,,,0.335,36.4,rotation,auto_role_rank_heuristic,0.76,,False
39,2026-06-21,Group Stage,G,Belgium,Iran,belgium_jeremy_doku,Jeremy Doku,Forward,Forward,1,0.6951,A,0.849,0.572,46.4,,,0.572,46.4,probable_starter,auto_role_rank_heuristic,0.851,,False
39,2026-06-21,Group Stage,G,Belgium,Iran,belgium_leandro_trossard,Leandro Trossard,Forward,Forward,4,0.6544,A,0.867,0.348,37.0,,,0.348,37.0,rotation,auto_role_rank_heuristic,0.847,,False
39,2026-06-21,Group Stage,G,Belgium,Iran,belgium_matias_fernandez_pardo,Matias Fernandez-Pardo,Forward,Forward,3,0.662,A,0.897,0.57,46.3,,,0.57,46.3,probable_starter,auto_role_rank_heuristic,0.859,,False
39,2026-06-21,Group Stage,G,Belgium,Iran,belgium_romelu_lukaku,Romelu Lukaku,Forward,Forward,6,0.3479,D,0.203,0.197,30.6,,,0.197,30.6,bench_option,auto_role_rank_heuristic,0.378,,False
39,2026-06-21,Group Stage,G,Belgium,Iran,belgium_mike_penders,Mike Penders,Goalkeeper,Goalkeeper,3,0.8593,A,0.948,0.139,11.2,,,0.139,11.2,bench_option,auto_role_rank_heuristic,0.88,,False
39,2026-06-21,Group Stage,G,Belgium,Iran,belgium_senne_lammens,Senne Lammens,Goalkeeper,Goalkeeper,2,0.9199,A,0.95,0.231,18.6,,,0.231,18.6,rotation,auto_role_rank_heuristic,0.88,,False
39,2026-06-21,Group Stage,G,Belgium,Iran,belgium_thibaut_courtois,Thibaut Courtois,Goalkeeper,Goalkeeper,1,0.9682,A,0.94,0.69,55.5,,,0.69,55.5,probable_starter,auto_role_rank_heuristic,0.88,,False
39,2026-06-21,Group Stage,G,Belgium,Iran,belgium_alexis_saelemaekers,Alexis Saelemaekers,Midfielder,Midfielder,3,0.6951,A,0.932,0.587,48.0,,,0.587,48.0,probable_starter,auto_role_rank_heuristic,0.88,,False
39,2026-06-21,Group Stage,G,Belgium,Iran,belgium_amadou_onana,Amadou Onana,Midfielder,Midfielder,5,0.6443,A,0.846,0.348,36.5,,,0.348,36.5,rotation,auto_role_rank_heuristic,0.837,,False
39,2026-06-21,Group Stage,G,Belgium,Iran,belgium_axel_witsel,Axel Witsel,Midfielder,Midfielder,4,0.6486,A,0.91,0.584,47.8,,,0.584,47.8,probable_starter,auto_role_rank_heuristic,0.861,,False
39,2026-06-21,Group Stage,G,Belgium,Iran,belgium_diego_moreira,Diego Moreira,Midfielder,Midfielder,6,0.6285,A,0.869,0.346,36.4,,,0.346,36.4,rotation,auto_role_rank_heuristic,0.841,,False
39,2026-06-21,Group Stage,G,Belgium,Iran,belgium_hans_vanaken,Hans Vanaken,Midfielder,Midfielder,1,0.8695,B,0.8,0.567,47.0,,,0.567,47.0,probable_starter,auto_role_rank_heuristic,0.837,,False
39,2026-06-21,Group Stage,G,Belgium,Iran,belgium_kevin_de_bruyne,Kevin de Bruyne,Midfielder,Midfielder,7,0.5499,A,0.797,0.342,36.2,,,0.342,36.2,rotation,auto_role_rank_heuristic,0.796,,False
39,2026-06-21,Group Stage,G,Belgium,Iran,belgium_nicolas_raskin,Nicolas Raskin,Midfielder,Midfielder,8,0.4928,C,0.55,0.25,31.7,,,0.25,31.7,rotation,auto_role_rank_heuristic,0.616,,False
39,2026-06-21,Group Stage,G,Belgium,Iran,belgium_youri_tielemans,Youri Tielemans,Midfielder,Midfielder,2,0.8179,A,0.855,0.593,48.3,,,0.593,48.3,probable_starter,auto_role_rank_heuristic,0.88,,False
39,2026-06-21,Group Stage,G,Iran,Belgium,iran_ali_nemati,Ali Nemati,Defender,Defender,4,0.0,D,0.2,0.611,49.1,,,0.611,49.1,probable_starter,auto_role_rank_heuristic,0.29,,False
39,2026-06-21,Group Stage,G,Iran,Belgium,iran_arya_yousefi,Arya Yousefi,Defender,Defender,5,0.0,D,0.2,0.195,23.0,,,0.195,23.0,bench_option,auto_role_rank_heuristic,0.29,,False
39,2026-06-21,Group Stage,G,Iran,Belgium,iran_danial_iri,Danial Iri,Defender,Defender,6,0.0,D,0.2,0.195,23.0,,,0.195,23.0,bench_option,auto_role_rank_heuristic,0.29,,False
39,2026-06-21,Group Stage,G,Iran,Belgium,iran_ehsan_hajisafi,Ehsan Hajisafi,Defender,Defender,3,0.2138,D,0.35,0.729,56.6,,,0.729,56.6,probable_starter,auto_role_rank_heuristic,0.396,,False
39,2026-06-21,Group Stage,G,Iran,Belgium,iran_hossein_kanani,Hossein Kanani,Defender,Defender,7,0.0,D,0.2,0.195,23.0,,,0.195,23.0,bench_option,auto_role_rank_heuristic,0.29,,False
39,2026-06-21,Group Stage,G,Iran,Belgium,iran_milad_mohammadi,Milad Mohammadi,Defender,Defender,1,0.3192,D,0.35,0.74,57.3,,,0.74,57.3,probable_starter,auto_role_rank_heuristic,0.422,,False
39,2026-06-21,Group Stage,G,Iran,Belgium,iran_ramin_rezaeian,Ramin Rezaeian,Defender,Defender,2,0.2276,D,0.2,0.633,50.5,,,0.633,50.5,probable_starter,auto_role_rank_heuristic,0.347,,False
39,2026-06-21,Group Stage,G,Iran,Belgium,iran_saleh_hardani,Saleh Hardani,Defender,Defender,8,0.0,D,0.2,0.012,11.5,,,0.012,11.5,bench_option,auto_role_rank_heuristic,0.29,,False
39,2026-06-21,Group Stage,G,Iran,Belgium,iran_shoja_khalilzadeh,Shoja Khalilzadeh,Defender,Defender,9,0.0,D,0.2,0.012,11.5,,,0.012,11.5,bench_option,auto_role_rank_heuristic,0.29,,False
39,2026-06-21,Group Stage,G,Iran,Belgium,iran_ali_alipour,Ali Alipour,Forward,Forward,2,0.2733,D,0.35,0.686,51.4,,,0.686,51.4,probable_starter,auto_role_rank_heuristic,0.411,,False
39,2026-06-21,Group Stage,G,Iran,Belgium,iran_amirhossein_hosseinzadeh,Amirhossein Hosseinzadeh,Forward,Forward,3,0.2186,D,0.35,0.68,51.1,,,0.68,51.1,probable_starter,auto_role_rank_heuristic,0.397,,False
39,2026-06-21,Group Stage,G,Iran,Belgium,iran_dennis_dargahi,Dennis Dargahi,Forward,Forward,4,0.0,D,0.2,0.195,30.7,,,0.195,30.7,bench_option,auto_role_rank_heuristic,0.29,,False
39,2026-06-21,Group Stage,G,Iran,Belgium,iran_mehdi_ghayedi,Mehdi Ghayedi,Forward,Forward,5,0.0,D,0.2,0.195,30.7,,,0.195,30.7,bench_option,auto_role_rank_heuristic,0.29,,False
39,2026-06-21,Group Stage,G,Iran,Belgium,iran_mehdi_taremi,Mehdi Taremi,Forward,Forward,1,0.455,C,0.55,0.777,55.2,,,0.777,55.2,locked_starter,auto_role_rank_heuristic,0.606,,False
39,2026-06-21,Group Stage,G,Iran,Belgium,iran_shahriyar_moghanloo,Shahriyar Moghanloo,Forward,Forward,6,0.0,D,0.2,0.195,30.7,,,0.195,30.7,bench_option,auto_role_rank_heuristic,0.29,,False
39,2026-06-21,Group Stage,G,Iran,Belgium,iran_alireza_beiranvand,Alireza Beiranvand,Goalkeeper,Goalkeeper,1,0.502,C,0.55,0.953,77.0,,,0.953,77.0,locked_starter,auto_role_rank_heuristic,0.618,,False
39,2026-06-21,Group Stage,G,Iran,Belgium,iran_hossein_hosseini,Hossein Hosseini,Goalkeeper,Goalkeeper,3,0.0,D,0.2,0.012,1.0,,,0.012,1.0,bench_option,auto_role_rank_heuristic,0.29,,False
39,2026-06-21,Group Stage,G,Iran,Belgium,iran_payam_niazmand,Payam Niazmand,Goalkeeper,Goalkeeper,2,0.4144,C,0.55,0.187,15.1,,,0.187,15.1,bench_option,auto_role_rank_heuristic,0.596,,False
39,2026-06-21,Group Stage,G,Iran,Belgium,iran_alireza_jahanbakhsh,Alireza Jahanbakhsh,Midfielder,Midfielder,1,0.4436,B,0.625,0.898,63.3,,,0.898,63.3,locked_starter,auto_role_rank_heuristic,0.67,,False
39,2026-06-21,Group Stage,G,Iran,Belgium,iran_amirmohammad_razaghinia,Amirmohammad Razaghinia,Midfielder,Midfielder,5,0.0,D,0.2,0.195,29.2,,,0.195,29.2,bench_option,auto_role_rank_heuristic,0.29,,False
39,2026-06-21,Group Stage,G,Iran,Belgium,iran_mehdi_torabi,Mehdi Torabi,Midfielder,Midfielder,6,0.0,D,0.2,0.195,29.2,,,0.195,29.2,bench_option,auto_role_rank_heuristic,0.29,,False
39,2026-06-21,Group Stage,G,Iran,Belgium,iran_mohammad_ghorbani,Mohammad Ghorbani,Midfielder,Midfielder,4,0.1476,D,0.2,0.601,48.9,,,0.601,48.9,probable_starter,auto_role_rank_heuristic,0.327,,False
39,2026-06-21,Group Stage,G,Iran,Belgium,iran_mohammad_mohebbi,Mohammad Mohebbi,Midfielder,Midfielder,7,0.0,D,0.2,0.195,29.2,,,0.195,29.2,bench_option,auto_role_rank_heuristic,0.29,,False
39,2026-06-21,Group Stage,G,Iran,Belgium,iran_roozbeh_cheshmi,Roozbeh Cheshmi,Midfielder,Midfielder,8,0.0,D,0.2,0.195,29.2,,,0.195,29.2,bench_option,auto_role_rank_heuristic,0.29,,False
39,2026-06-21,Group Stage,G,Iran,Belgium,iran_saeid_ezatolahi,Saeid Ezatolahi,Midfielder,Midfielder,2,0.4003,C,0.55,0.796,58.3,,,0.796,58.3,locked_starter,auto_role_rank_heuristic,0.593,,False
39,2026-06-21,Group Stage,G,Iran,Belgium,iran_saman_ghoddos,Saman Ghoddos,Midfielder,Midfielder,3,0.345,D,0.35,0.718,54.5,,,0.718,54.5,probable_starter,auto_role_rank_heuristic,0.429,,False
40,2026-06-21,Group Stage,G,New Zealand,Egypt,new_zealand_callan_elliot,Callan Elliot,Defender,Defender,5,0.2229,D,0.35,0.29,29.0,,,0.29,29.0,rotation,auto_role_rank_heuristic,0.398,,False
40,2026-06-21,Group Stage,G,New Zealand,Egypt,new_zealand_finn_surman,Finn Surman,Defender,Defender,1,0.4123,B,0.651,0.847,64.1,,,0.847,64.1,locked_starter,auto_role_rank_heuristic,0.671,,False
40,2026-06-21,Group Stage,G,New Zealand,Egypt,new_zealand_francis_de_vries,Francis de Vries,Defender,Defender,8,0.0994,D,0.35,0.031,12.7,,,0.031,12.7,bench_option,auto_role_rank_heuristic,0.367,,False
40,2026-06-21,Group Stage,G,New Zealand,Egypt,new_zealand_liberato_cacace,Liberato Cacace,Defender,Defender,3,0.3249,D,0.35,0.682,53.7,,,0.682,53.7,probable_starter,auto_role_rank_heuristic,0.424,,False
40,2026-06-21,Group Stage,G,New Zealand,Egypt,new_zealand_michael_boxall,Michael Boxall,Defender,Defender,9,0.0595,D,0.226,0.028,12.6,,,0.028,12.6,bench_option,auto_role_rank_heuristic,0.314,,False
40,2026-06-21,Group Stage,G,New Zealand,Egypt,new_zealand_nando_pijnaker,Nando Pijnaker,Defender,Defender,6,0.1311,D,0.2,0.191,22.8,,,0.191,22.8,bench_option,auto_role_rank_heuristic,0.323,,False
40,2026-06-21,Group Stage,G,New Zealand,Egypt,new_zealand_tim_payne,Tim Payne,Defender,Defender,4,0.2533,C,0.55,0.742,57.5,,,0.742,57.5,probable_starter,auto_role_rank_heuristic,0.556,,False
40,2026-06-21,Group Stage,G,New Zealand,Egypt,new_zealand_tommy_smith,Tommy Smith,Defender,Defender,7,0.0998,D,0.2,0.279,28.3,,,0.279,28.3,rotation,auto_role_rank_heuristic,0.315,,False
40,2026-06-21,Group Stage,G,New Zealand,Egypt,new_zealand_tyler_bindon,Tyler Bindon,Defender,Defender,2,0.4094,C,0.55,0.757,58.4,,,0.757,58.4,locked_starter,auto_role_rank_heuristic,0.595,,False
40,2026-06-21,Group Stage,G,New Zealand,Egypt,new_zealand_ben_waine,Ben Waine,Forward,Forward,3,0.1163,D,0.35,0.617,48.6,,,0.617,48.6,probable_starter,auto_role_rank_heuristic,0.372,,False
40,2026-06-21,Group Stage,G,New Zealand,Egypt,new_zealand_chris_wood,Chris Wood,Forward,Forward,1,0.4659,A,0.775,0.851,58.4,,,0.851,58.4,locked_starter,auto_role_rank_heuristic,0.768,,False
40,2026-06-21,Group Stage,G,New Zealand,Egypt,new_zealand_jesse_randall,Jesse Randall,Forward,Forward,4,0.0257,D,0.2,0.272,34.0,,,0.272,34.0,rotation,auto_role_rank_heuristic,0.296,,False
40,2026-06-21,Group Stage,G,New Zealand,Egypt,new_zealand_kosta_barbarouses,Kosta Barbarouses,Forward,Forward,2,0.2762,D,0.2,0.632,49.2,,,0.632,49.2,probable_starter,auto_role_rank_heuristic,0.359,,False
40,2026-06-21,Group Stage,G,New Zealand,Egypt,new_zealand_alex_paulsen,Alex Paulsen,Goalkeeper,Goalkeeper,3,0.0213,D,0.2,0.011,0.9,,,0.011,0.9,bench_option,auto_role_rank_heuristic,0.295,,False
40,2026-06-21,Group Stage,G,New Zealand,Egypt,new_zealand_max_crocombe,Max Crocombe,Goalkeeper,Goalkeeper,1,0.28,C,0.55,0.857,69.3,,,0.857,69.3,locked_starter,auto_role_rank_heuristic,0.562,,False
40,2026-06-21,Group Stage,G,New Zealand,Egypt,new_zealand_michael_woud,Michael Woud,Goalkeeper,Goalkeeper,2,0.2024,D,0.2,0.085,6.9,,,0.085,6.9,bench_option,auto_role_rank_heuristic,0.341,,False
40,2026-06-21,Group Stage,G,New Zealand,Egypt,new_zealand_alex_rufer,Alex Rufer,Midfielder,Midfielder,10,0.0908,D,0.35,0.053,22.4,,,0.053,22.4,bench_option,auto_role_rank_heuristic,0.365,,False
40,2026-06-21,Group Stage,G,New Zealand,Egypt,new_zealand_ben_old,Ben Old,Midfielder,Midfielder,5,0.2001,D,0.2,0.288,33.8,,,0.288,33.8,rotation,auto_role_rank_heuristic,0.34,,False
40,2026-06-21,Group Stage,G,New Zealand,Egypt,new_zealand_elijah_just,Elijah Just,Midfielder,Midfielder,9,0.1386,D,0.2,0.011,20.3,,,0.011,20.3,bench_option,auto_role_rank_heuristic,0.325,,False
40,2026-06-21,Group Stage,G,New Zealand,Egypt,new_zealand_joe_bell,Joe Bell,Midfielder,Midfielder,7,0.152,D,0.2,0.193,29.2,,,0.193,29.2,bench_option,auto_role_rank_heuristic,0.328,,False
40,2026-06-21,Group Stage,G,New Zealand,Egypt,new_zealand_lachlan_bayliss,Lachlan Bayliss,Midfielder,Midfielder,8,0.1469,D,0.35,0.283,33.5,,,0.283,33.5,rotation,auto_role_rank_heuristic,0.379,,False
40,2026-06-21,Group Stage,G,New Zealand,Egypt,new_zealand_marko_stamenic,Marko Stamenic,Midfielder,Midfielder,2,0.3632,D,0.35,0.662,51.9,,,0.662,51.9,probable_starter,auto_role_rank_heuristic,0.433,,False
40,2026-06-21,Group Stage,G,New Zealand,Egypt,new_zealand_matthew_garbett,Matthew Garbett,Midfielder,Midfielder,3,0.2946,D,0.35,0.657,51.7,,,0.657,51.7,probable_starter,auto_role_rank_heuristic,0.416,,False
40,2026-06-21,Group Stage,G,New Zealand,Egypt,new_zealand_mccowatt_callum,McCOWATT Callum,Midfielder,Midfielder,6,0.1575,D,0.2,0.195,29.2,,,0.195,29.2,bench_option,auto_role_rank_heuristic,0.329,,False
40,2026-06-21,Group Stage,G,New Zealand,Egypt,new_zealand_ryan_thomas,Ryan Thomas,Midfielder,Midfielder,1,0.4986,B,0.729,0.832,60.2,,,0.832,60.2,locked_starter,auto_role_rank_heuristic,0.72,,False
40,2026-06-21,Group Stage,G,New Zealand,Egypt,new_zealand_sarpreet_singh,Sarpreet Singh,Midfielder,Midfielder,4,0.239,D,0.35,0.651,51.4,,,0.651,51.4,probable_starter,auto_role_rank_heuristic,0.402,,False
40,2026-06-21,Group Stage,G,Egypt,New Zealand,egypt_ahmed_fatouh,Ahmed Fatouh,Defender,Defender,4,0.0,D,0.2,0.62,51.0,,,0.62,51.0,probable_starter,auto_role_rank_heuristic,0.29,,False
40,2026-06-21,Group Stage,G,Egypt,New Zealand,egypt_hossam_abdelmaguid,Hossam Abdelmaguid,Defender,Defender,5,0.0,D,0.2,0.198,23.8,,,0.198,23.8,bench_option,auto_role_rank_heuristic,0.29,,False
40,2026-06-21,Group Stage,G,Egypt,New Zealand,egypt_karim_hafez,Karim Hafez,Defender,Defender,2,0.2922,D,0.35,0.747,59.1,,,0.747,59.1,probable_starter,auto_role_rank_heuristic,0.416,,False
40,2026-06-21,Group Stage,G,Egypt,New Zealand,egypt_mohamed_abdelmoneim,Mohamed Abdelmoneim,Defender,Defender,1,0.4119,C,0.55,0.834,64.7,,,0.834,64.7,locked_starter,auto_role_rank_heuristic,0.595,,False
40,2026-06-21,Group Stage,G,Egypt,New Zealand,egypt_mohamed_hany,Mohamed Hany,Defender,Defender,6,0.0,D,0.2,0.198,23.8,,,0.198,23.8,bench_option,auto_role_rank_heuristic,0.29,,False
40,2026-06-21,Group Stage,G,Egypt,New Zealand,egypt_ramy_rabia,Ramy Rabia,Defender,Defender,3,0.2088,D,0.2,0.641,52.3,,,0.641,52.3,probable_starter,auto_role_rank_heuristic,0.342,,False
40,2026-06-21,Group Stage,G,Egypt,New Zealand,egypt_tarek_alaa,Tarek Alaa,Defender,Defender,7,0.0,D,0.2,0.198,23.8,,,0.198,23.8,bench_option,auto_role_rank_heuristic,0.29,,False
40,2026-06-21,Group Stage,G,Egypt,New Zealand,egypt_yasser_ibrahim,Yasser Ibrahim,Defender,Defender,8,0.0,D,0.2,0.012,11.8,,,0.012,11.8,bench_option,auto_role_rank_heuristic,0.29,,False
40,2026-06-21,Group Stage,G,Egypt,New Zealand,egypt_haissem_hassan,Haissem Hassan,Forward,Forward,1,0.7145,A,0.862,0.963,64.6,,,0.963,64.6,locked_starter,auto_role_rank_heuristic,0.86,,False
40,2026-06-21,Group Stage,G,Egypt,New Zealand,egypt_hamza_abdelkarim,Hamza Abdelkarim,Forward,Forward,6,0.0,D,0.2,0.198,31.6,,,0.198,31.6,bench_option,auto_role_rank_heuristic,0.29,,False
40,2026-06-21,Group Stage,G,Egypt,New Zealand,egypt_ibrahim_adel,Ibrahim Adel,Forward,Forward,7,0.0,D,0.2,0.198,31.6,,,0.198,31.6,bench_option,auto_role_rank_heuristic,0.29,,False
40,2026-06-21,Group Stage,G,Egypt,New Zealand,egypt_mohamed_salah,Mohamed Salah,Forward,Forward,2,0.7114,A,0.879,0.963,64.6,,,0.963,64.6,locked_starter,auto_role_rank_heuristic,0.865,,False
40,2026-06-21,Group Stage,G,Egypt,New Zealand,egypt_omar_marmoush,Omar Marmoush,Forward,Forward,3,0.4667,C,0.447,0.79,57.1,,,0.79,57.1,locked_starter,auto_role_rank_heuristic,0.573,,False
40,2026-06-21,Group Stage,G,Egypt,New Zealand,egypt_trezeguet,Trezeguet,Forward,Forward,4,0.4123,D,0.35,0.338,37.6,,,0.338,37.6,rotation,auto_role_rank_heuristic,0.446,,False
40,2026-06-21,Group Stage,G,Egypt,New Zealand,egypt_zizo,Zizo,Forward,Forward,5,0.2362,D,0.2,0.222,32.6,,,0.222,32.6,rotation,auto_role_rank_heuristic,0.349,,False
40,2026-06-21,Group Stage,G,Egypt,New Zealand,egypt_mahdy_soliman,Mahdy Soliman,Goalkeeper,Goalkeeper,1,0.0,D,0.2,0.744,61.6,,,0.744,61.6,probable_starter,auto_role_rank_heuristic,0.29,,False
40,2026-06-21,Group Stage,G,Egypt,New Zealand,egypt_mohamed_alaa,Mohamed Alaa,Goalkeeper,Goalkeeper,2,0.0,D,0.2,0.012,1.0,,,0.012,1.0,bench_option,auto_role_rank_heuristic,0.29,,False
40,2026-06-21,Group Stage,G,Egypt,New Zealand,egypt_mohamed_elshenawy,Mohamed Elshenawy,Goalkeeper,Goalkeeper,3,0.0,D,0.2,0.012,1.0,,,0.012,1.0,bench_option,auto_role_rank_heuristic,0.29,,False
40,2026-06-21,Group Stage,G,Egypt,New Zealand,egypt_mostafa_shoubir,Mostafa Shoubir,Goalkeeper,Goalkeeper,4,0.0,D,0.2,0.012,1.0,,,0.012,1.0,bench_option,auto_role_rank_heuristic,0.29,,False
40,2026-06-21,Group Stage,G,Egypt,New Zealand,egypt_emam_ashour,Emam Ashour,Midfielder,Midfielder,1,0.2355,D,0.35,0.718,55.9,,,0.718,55.9,probable_starter,auto_role_rank_heuristic,0.401,,False
40,2026-06-21,Group Stage,G,Egypt,New Zealand,egypt_hamdy_fathy,Hamdy Fathy,Midfielder,Midfielder,2,0.0,D,0.2,0.595,49.8,,,0.595,49.8,probable_starter,auto_role_rank_heuristic,0.29,,False
40,2026-06-21,Group Stage,G,Egypt,New Zealand,egypt_mahmoud_saber,Mahmoud Saber,Midfielder,Midfielder,3,0.0,D,0.2,0.595,49.8,,,0.595,49.8,probable_starter,auto_role_rank_heuristic,0.29,,False
40,2026-06-21,Group Stage,G,Egypt,New Zealand,egypt_marawan_attia,Marawan Attia,Midfielder,Midfielder,4,0.0,D,0.2,0.595,49.8,,,0.595,49.8,probable_starter,auto_role_rank_heuristic,0.29,,False
40,2026-06-21,Group Stage,G,Egypt,New Zealand,egypt_mohanad_lashin,Mohanad Lashin,Midfielder,Midfielder,5,0.0,D,0.2,0.198,30.1,,,0.198,30.1,bench_option,auto_role_rank_heuristic,0.29,,False
40,2026-06-21,Group Stage,G,Egypt,New Zealand,egypt_mostafa_zico,Mostafa Zico,Midfielder,Midfielder,6,0.0,D,0.2,0.198,30.1,,,0.198,30.1,bench_option,auto_role_rank_heuristic,0.29,,False
40,2026-06-21,Group Stage,G,Egypt,New Zealand,egypt_nabil_donga,Nabil Donga,Midfielder,Midfielder,7,0.0,D,0.2,0.198,30.1,,,0.198,30.1,bench_option,auto_role_rank_heuristic,0.29,,False
64,2026-06-26,Group Stage,G,New Zealand,Belgium,new_zealand_callan_elliot,Callan Elliot,Defender,Defender,5,0.2229,D,0.35,0.29,29.0,,,0.29,29.0,rotation,auto_role_rank_heuristic,0.398,,False
64,2026-06-26,Group Stage,G,New Zealand,Belgium,new_zealand_finn_surman,Finn Surman,Defender,Defender,1,0.4123,B,0.651,0.847,64.1,,,0.847,64.1,locked_starter,auto_role_rank_heuristic,0.671,,False
64,2026-06-26,Group Stage,G,New Zealand,Belgium,new_zealand_francis_de_vries,Francis de Vries,Defender,Defender,8,0.0994,D,0.35,0.031,12.7,,,0.031,12.7,bench_option,auto_role_rank_heuristic,0.367,,False
64,2026-06-26,Group Stage,G,New Zealand,Belgium,new_zealand_liberato_cacace,Liberato Cacace,Defender,Defender,3,0.3249,D,0.35,0.682,53.7,,,0.682,53.7,probable_starter,auto_role_rank_heuristic,0.424,,False
64,2026-06-26,Group Stage,G,New Zealand,Belgium,new_zealand_michael_boxall,Michael Boxall,Defender,Defender,9,0.0595,D,0.226,0.028,12.6,,,0.028,12.6,bench_option,auto_role_rank_heuristic,0.314,,False
64,2026-06-26,Group Stage,G,New Zealand,Belgium,new_zealand_nando_pijnaker,Nando Pijnaker,Defender,Defender,6,0.1311,D,0.2,0.191,22.8,,,0.191,22.8,bench_option,auto_role_rank_heuristic,0.323,,False
64,2026-06-26,Group Stage,G,New Zealand,Belgium,new_zealand_tim_payne,Tim Payne,Defender,Defender,4,0.2533,C,0.55,0.742,57.5,,,0.742,57.5,probable_starter,auto_role_rank_heuristic,0.556,,False
64,2026-06-26,Group Stage,G,New Zealand,Belgium,new_zealand_tommy_smith,Tommy Smith,Defender,Defender,7,0.0998,D,0.2,0.279,28.3,,,0.279,28.3,rotation,auto_role_rank_heuristic,0.315,,False
64,2026-06-26,Group Stage,G,New Zealand,Belgium,new_zealand_tyler_bindon,Tyler Bindon,Defender,Defender,2,0.4094,C,0.55,0.757,58.4,,,0.757,58.4,locked_starter,auto_role_rank_heuristic,0.595,,False
64,2026-06-26,Group Stage,G,New Zealand,Belgium,new_zealand_ben_waine,Ben Waine,Forward,Forward,3,0.1163,D,0.35,0.617,48.6,,,0.617,48.6,probable_starter,auto_role_rank_heuristic,0.372,,False
64,2026-06-26,Group Stage,G,New Zealand,Belgium,new_zealand_chris_wood,Chris Wood,Forward,Forward,1,0.4659,A,0.775,0.851,58.4,,,0.851,58.4,locked_starter,auto_role_rank_heuristic,0.768,,False
64,2026-06-26,Group Stage,G,New Zealand,Belgium,new_zealand_jesse_randall,Jesse Randall,Forward,Forward,4,0.0257,D,0.2,0.272,34.0,,,0.272,34.0,rotation,auto_role_rank_heuristic,0.296,,False
64,2026-06-26,Group Stage,G,New Zealand,Belgium,new_zealand_kosta_barbarouses,Kosta Barbarouses,Forward,Forward,2,0.2762,D,0.2,0.632,49.2,,,0.632,49.2,probable_starter,auto_role_rank_heuristic,0.359,,False
64,2026-06-26,Group Stage,G,New Zealand,Belgium,new_zealand_alex_paulsen,Alex Paulsen,Goalkeeper,Goalkeeper,3,0.0213,D,0.2,0.011,0.9,,,0.011,0.9,bench_option,auto_role_rank_heuristic,0.295,,False
64,2026-06-26,Group Stage,G,New Zealand,Belgium,new_zealand_max_crocombe,Max Crocombe,Goalkeeper,Goalkeeper,1,0.28,C,0.55,0.857,69.3,,,0.857,69.3,locked_starter,auto_role_rank_heuristic,0.562,,False
64,2026-06-26,Group Stage,G,New Zealand,Belgium,new_zealand_michael_woud,Michael Woud,Goalkeeper,Goalkeeper,2,0.2024,D,0.2,0.085,6.9,,,0.085,6.9,bench_option,auto_role_rank_heuristic,0.341,,False
64,2026-06-26,Group Stage,G,New Zealand,Belgium,new_zealand_alex_rufer,Alex Rufer,Midfielder,Midfielder,10,0.0908,D,0.35,0.053,22.4,,,0.053,22.4,bench_option,auto_role_rank_heuristic,0.365,,False
64,2026-06-26,Group Stage,G,New Zealand,Belgium,new_zealand_ben_old,Ben Old,Midfielder,Midfielder,5,0.2001,D,0.2,0.288,33.8,,,0.288,33.8,rotation,auto_role_rank_heuristic,0.34,,False
64,2026-06-26,Group Stage,G,New Zealand,Belgium,new_zealand_elijah_just,Elijah Just,Midfielder,Midfielder,9,0.1386,D,0.2,0.011,20.3,,,0.011,20.3,bench_option,auto_role_rank_heuristic,0.325,,False
64,2026-06-26,Group Stage,G,New Zealand,Belgium,new_zealand_joe_bell,Joe Bell,Midfielder,Midfielder,7,0.152,D,0.2,0.193,29.2,,,0.193,29.2,bench_option,auto_role_rank_heuristic,0.328,,False
64,2026-06-26,Group Stage,G,New Zealand,Belgium,new_zealand_lachlan_bayliss,Lachlan Bayliss,Midfielder,Midfielder,8,0.1469,D,0.35,0.283,33.5,,,0.283,33.5,rotation,auto_role_rank_heuristic,0.379,,False
64,2026-06-26,Group Stage,G,New Zealand,Belgium,new_zealand_marko_stamenic,Marko Stamenic,Midfielder,Midfielder,2,0.3632,D,0.35,0.662,51.9,,,0.662,51.9,probable_starter,auto_role_rank_heuristic,0.433,,False
64,2026-06-26,Group Stage,G,New Zealand,Belgium,new_zealand_matthew_garbett,Matthew Garbett,Midfielder,Midfielder,3,0.2946,D,0.35,0.657,51.7,,,0.657,51.7,probable_starter,auto_role_rank_heuristic,0.416,,False
64,2026-06-26,Group Stage,G,New Zealand,Belgium,new_zealand_mccowatt_callum,McCOWATT Callum,Midfielder,Midfielder,6,0.1575,D,0.2,0.195,29.2,,,0.195,29.2,bench_option,auto_role_rank_heuristic,0.329,,False
64,2026-06-26,Group Stage,G,New Zealand,Belgium,new_zealand_ryan_thomas,Ryan Thomas,Midfielder,Midfielder,1,0.4986,B,0.729,0.832,60.2,,,0.832,60.2,locked_starter,auto_role_rank_heuristic,0.72,,False
64,2026-06-26,Group Stage,G,New Zealand,Belgium,new_zealand_sarpreet_singh,Sarpreet Singh,Midfielder,Midfielder,4,0.239,D,0.35,0.651,51.4,,,0.651,51.4,probable_starter,auto_role_rank_heuristic,0.402,,False
64,2026-06-26,Group Stage,G,Belgium,New Zealand,belgium_arthur_theate,Arthur Theate,Defender,Defender,7,0.6315,A,0.878,0.347,32.4,,,0.347,32.4,rotation,auto_role_rank_heuristic,0.845,,False
64,2026-06-26,Group Stage,G,Belgium,New Zealand,belgium_brandon_mechele,Brandon Mechele,Defender,Defender,1,0.8619,B,0.8,0.581,47.1,,,0.581,47.1,probable_starter,auto_role_rank_heuristic,0.835,,False
64,2026-06-26,Group Stage,G,Belgium,New Zealand,belgium_joaquin_seys,Joaquin Seys,Defender,Defender,2,0.8394,B,0.797,0.58,47.0,,,0.58,47.0,probable_starter,auto_role_rank_heuristic,0.829,,False
64,2026-06-26,Group Stage,G,Belgium,New Zealand,belgium_koni_de_winter,Koni de Winter,Defender,Defender,8,0.545,A,0.85,0.18,22.0,,,0.18,22.0,bench_option,auto_role_rank_heuristic,0.814,,False
64,2026-06-26,Group Stage,G,Belgium,New Zealand,belgium_maxim_de_cuyper,Maxim de Cuyper,Defender,Defender,5,0.6758,A,0.818,0.349,32.6,,,0.349,32.6,rotation,auto_role_rank_heuristic,0.835,,False
64,2026-06-26,Group Stage,G,Belgium,New Zealand,belgium_nathan_ngoy,Nathan Ngoy,Defender,Defender,6,0.6429,A,0.9,0.347,32.4,,,0.347,32.4,rotation,auto_role_rank_heuristic,0.856,,False
64,2026-06-26,Group Stage,G,Belgium,New Zealand,belgium_thomas_meunier,Thomas Meunier,Defender,Defender,3,0.7267,A,0.859,0.603,48.5,,,0.603,48.5,probable_starter,auto_role_rank_heuristic,0.862,,False
64,2026-06-26,Group Stage,G,Belgium,New Zealand,belgium_timothy_castagne,Timothy Castagne,Defender,Defender,4,0.7018,A,0.854,0.601,48.3,,,0.601,48.3,probable_starter,auto_role_rank_heuristic,0.854,,False
64,2026-06-26,Group Stage,G,Belgium,New Zealand,belgium_zeno_debast,Zeno Debast,Defender,Defender,9,0.4092,B,0.649,0.142,19.6,,,0.142,19.6,bench_option,auto_role_rank_heuristic,0.669,,False
64,2026-06-26,Group Stage,G,Belgium,New Zealand,belgium_charles_de_ketelaere,Charles de Ketelaere,Forward,Forward,2,0.6675,A,0.881,0.57,46.3,,,0.57,46.3,probable_starter,auto_role_rank_heuristic,0.855,,False
64,2026-06-26,Group Stage,G,Belgium,New Zealand,belgium_dodi_lukebakio,Dodi Lukebakio,Forward,Forward,5,0.4337,A,0.777,0.335,36.4,,,0.335,36.4,rotation,auto_role_rank_heuristic,0.76,,False
64,2026-06-26,Group Stage,G,Belgium,New Zealand,belgium_jeremy_doku,Jeremy Doku,Forward,Forward,1,0.6951,A,0.849,0.572,46.4,,,0.572,46.4,probable_starter,auto_role_rank_heuristic,0.851,,False
64,2026-06-26,Group Stage,G,Belgium,New Zealand,belgium_leandro_trossard,Leandro Trossard,Forward,Forward,4,0.6544,A,0.867,0.348,37.0,,,0.348,37.0,rotation,auto_role_rank_heuristic,0.847,,False
64,2026-06-26,Group Stage,G,Belgium,New Zealand,belgium_matias_fernandez_pardo,Matias Fernandez-Pardo,Forward,Forward,3,0.662,A,0.897,0.57,46.3,,,0.57,46.3,probable_starter,auto_role_rank_heuristic,0.859,,False
64,2026-06-26,Group Stage,G,Belgium,New Zealand,belgium_romelu_lukaku,Romelu Lukaku,Forward,Forward,6,0.3479,D,0.203,0.197,30.6,,,0.197,30.6,bench_option,auto_role_rank_heuristic,0.378,,False
64,2026-06-26,Group Stage,G,Belgium,New Zealand,belgium_mike_penders,Mike Penders,Goalkeeper,Goalkeeper,3,0.8593,A,0.948,0.139,11.2,,,0.139,11.2,bench_option,auto_role_rank_heuristic,0.88,,False
64,2026-06-26,Group Stage,G,Belgium,New Zealand,belgium_senne_lammens,Senne Lammens,Goalkeeper,Goalkeeper,2,0.9199,A,0.95,0.231,18.6,,,0.231,18.6,rotation,auto_role_rank_heuristic,0.88,,False
64,2026-06-26,Group Stage,G,Belgium,New Zealand,belgium_thibaut_courtois,Thibaut Courtois,Goalkeeper,Goalkeeper,1,0.9682,A,0.94,0.69,55.5,,,0.69,55.5,probable_starter,auto_role_rank_heuristic,0.88,,False
64,2026-06-26,Group Stage,G,Belgium,New Zealand,belgium_alexis_saelemaekers,Alexis Saelemaekers,Midfielder,Midfielder,3,0.6951,A,0.932,0.587,48.0,,,0.587,48.0,probable_starter,auto_role_rank_heuristic,0.88,,False
64,2026-06-26,Group Stage,G,Belgium,New Zealand,belgium_amadou_onana,Amadou Onana,Midfielder,Midfielder,5,0.6443,A,0.846,0.348,36.5,,,0.348,36.5,rotation,auto_role_rank_heuristic,0.837,,False
64,2026-06-26,Group Stage,G,Belgium,New Zealand,belgium_axel_witsel,Axel Witsel,Midfielder,Midfielder,4,0.6486,A,0.91,0.584,47.8,,,0.584,47.8,probable_starter,auto_role_rank_heuristic,0.861,,False
64,2026-06-26,Group Stage,G,Belgium,New Zealand,belgium_diego_moreira,Diego Moreira,Midfielder,Midfielder,6,0.6285,A,0.869,0.346,36.4,,,0.346,36.4,rotation,auto_role_rank_heuristic,0.841,,False
64,2026-06-26,Group Stage,G,Belgium,New Zealand,belgium_hans_vanaken,Hans Vanaken,Midfielder,Midfielder,1,0.8695,B,0.8,0.567,47.0,,,0.567,47.0,probable_starter,auto_role_rank_heuristic,0.837,,False
64,2026-06-26,Group Stage,G,Belgium,New Zealand,belgium_kevin_de_bruyne,Kevin de Bruyne,Midfielder,Midfielder,7,0.5499,A,0.797,0.342,36.2,,,0.342,36.2,rotation,auto_role_rank_heuristic,0.796,,False
64,2026-06-26,Group Stage,G,Belgium,New Zealand,belgium_nicolas_raskin,Nicolas Raskin,Midfielder,Midfielder,8,0.4928,C,0.55,0.25,31.7,,,0.25,31.7,rotation,auto_role_rank_heuristic,0.616,,False
64,2026-06-26,Group Stage,G,Belgium,New Zealand,belgium_youri_tielemans,Youri Tielemans,Midfielder,Midfielder,2,0.8179,A,0.855,0.593,48.3,,,0.593,48.3,probable_starter,auto_role_rank_heuristic,0.88,,False
63,2026-06-26,Group Stage,G,Egypt,Iran,egypt_ahmed_fatouh,Ahmed Fatouh,Defender,Defender,4,0.0,D,0.2,0.62,51.0,,,0.62,51.0,probable_starter,auto_role_rank_heuristic,0.29,,False
63,2026-06-26,Group Stage,G,Egypt,Iran,egypt_hossam_abdelmaguid,Hossam Abdelmaguid,Defender,Defender,5,0.0,D,0.2,0.198,23.8,,,0.198,23.8,bench_option,auto_role_rank_heuristic,0.29,,False
63,2026-06-26,Group Stage,G,Egypt,Iran,egypt_karim_hafez,Karim Hafez,Defender,Defender,2,0.2922,D,0.35,0.747,59.1,,,0.747,59.1,probable_starter,auto_role_rank_heuristic,0.416,,False
63,2026-06-26,Group Stage,G,Egypt,Iran,egypt_mohamed_abdelmoneim,Mohamed Abdelmoneim,Defender,Defender,1,0.4119,C,0.55,0.834,64.7,,,0.834,64.7,locked_starter,auto_role_rank_heuristic,0.595,,False
63,2026-06-26,Group Stage,G,Egypt,Iran,egypt_mohamed_hany,Mohamed Hany,Defender,Defender,6,0.0,D,0.2,0.198,23.8,,,0.198,23.8,bench_option,auto_role_rank_heuristic,0.29,,False
63,2026-06-26,Group Stage,G,Egypt,Iran,egypt_ramy_rabia,Ramy Rabia,Defender,Defender,3,0.2088,D,0.2,0.641,52.3,,,0.641,52.3,probable_starter,auto_role_rank_heuristic,0.342,,False
63,2026-06-26,Group Stage,G,Egypt,Iran,egypt_tarek_alaa,Tarek Alaa,Defender,Defender,7,0.0,D,0.2,0.198,23.8,,,0.198,23.8,bench_option,auto_role_rank_heuristic,0.29,,False
63,2026-06-26,Group Stage,G,Egypt,Iran,egypt_yasser_ibrahim,Yasser Ibrahim,Defender,Defender,8,0.0,D,0.2,0.012,11.8,,,0.012,11.8,bench_option,auto_role_rank_heuristic,0.29,,False
63,2026-06-26,Group Stage,G,Egypt,Iran,egypt_haissem_hassan,Haissem Hassan,Forward,Forward,1,0.7145,A,0.862,0.963,64.6,,,0.963,64.6,locked_starter,auto_role_rank_heuristic,0.86,,False
63,2026-06-26,Group Stage,G,Egypt,Iran,egypt_hamza_abdelkarim,Hamza Abdelkarim,Forward,Forward,6,0.0,D,0.2,0.198,31.6,,,0.198,31.6,bench_option,auto_role_rank_heuristic,0.29,,False
63,2026-06-26,Group Stage,G,Egypt,Iran,egypt_ibrahim_adel,Ibrahim Adel,Forward,Forward,7,0.0,D,0.2,0.198,31.6,,,0.198,31.6,bench_option,auto_role_rank_heuristic,0.29,,False
63,2026-06-26,Group Stage,G,Egypt,Iran,egypt_mohamed_salah,Mohamed Salah,Forward,Forward,2,0.7114,A,0.879,0.963,64.6,,,0.963,64.6,locked_starter,auto_role_rank_heuristic,0.865,,False
63,2026-06-26,Group Stage,G,Egypt,Iran,egypt_omar_marmoush,Omar Marmoush,Forward,Forward,3,0.4667,C,0.447,0.79,57.1,,,0.79,57.1,locked_starter,auto_role_rank_heuristic,0.573,,False
63,2026-06-26,Group Stage,G,Egypt,Iran,egypt_trezeguet,Trezeguet,Forward,Forward,4,0.4123,D,0.35,0.338,37.6,,,0.338,37.6,rotation,auto_role_rank_heuristic,0.446,,False
63,2026-06-26,Group Stage,G,Egypt,Iran,egypt_zizo,Zizo,Forward,Forward,5,0.2362,D,0.2,0.222,32.6,,,0.222,32.6,rotation,auto_role_rank_heuristic,0.349,,False
63,2026-06-26,Group Stage,G,Egypt,Iran,egypt_mahdy_soliman,Mahdy Soliman,Goalkeeper,Goalkeeper,1,0.0,D,0.2,0.744,61.6,,,0.744,61.6,probable_starter,auto_role_rank_heuristic,0.29,,False
63,2026-06-26,Group Stage,G,Egypt,Iran,egypt_mohamed_alaa,Mohamed Alaa,Goalkeeper,Goalkeeper,2,0.0,D,0.2,0.012,1.0,,,0.012,1.0,bench_option,auto_role_rank_heuristic,0.29,,False
63,2026-06-26,Group Stage,G,Egypt,Iran,egypt_mohamed_elshenawy,Mohamed Elshenawy,Goalkeeper,Goalkeeper,3,0.0,D,0.2,0.012,1.0,,,0.012,1.0,bench_option,auto_role_rank_heuristic,0.29,,False
63,2026-06-26,Group Stage,G,Egypt,Iran,egypt_mostafa_shoubir,Mostafa Shoubir,Goalkeeper,Goalkeeper,4,0.0,D,0.2,0.012,1.0,,,0.012,1.0,bench_option,auto_role_rank_heuristic,0.29,,False
63,2026-06-26,Group Stage,G,Egypt,Iran,egypt_emam_ashour,Emam Ashour,Midfielder,Midfielder,1,0.2355,D,0.35,0.718,55.9,,,0.718,55.9,probable_starter,auto_role_rank_heuristic,0.401,,False
63,2026-06-26,Group Stage,G,Egypt,Iran,egypt_hamdy_fathy,Hamdy Fathy,Midfielder,Midfielder,2,0.0,D,0.2,0.595,49.8,,,0.595,49.8,probable_starter,auto_role_rank_heuristic,0.29,,False
63,2026-06-26,Group Stage,G,Egypt,Iran,egypt_mahmoud_saber,Mahmoud Saber,Midfielder,Midfielder,3,0.0,D,0.2,0.595,49.8,,,0.595,49.8,probable_starter,auto_role_rank_heuristic,0.29,,False
63,2026-06-26,Group Stage,G,Egypt,Iran,egypt_marawan_attia,Marawan Attia,Midfielder,Midfielder,4,0.0,D,0.2,0.595,49.8,,,0.595,49.8,probable_starter,auto_role_rank_heuristic,0.29,,False
63,2026-06-26,Group Stage,G,Egypt,Iran,egypt_mohanad_lashin,Mohanad Lashin,Midfielder,Midfielder,5,0.0,D,0.2,0.198,30.1,,,0.198,30.1,bench_option,auto_role_rank_heuristic,0.29,,False
63,2026-06-26,Group Stage,G,Egypt,Iran,egypt_mostafa_zico,Mostafa Zico,Midfielder,Midfielder,6,0.0,D,0.2,0.198,30.1,,,0.198,30.1,bench_option,auto_role_rank_heuristic,0.29,,False
63,2026-06-26,Group Stage,G,Egypt,Iran,egypt_nabil_donga,Nabil Donga,Midfielder,Midfielder,7,0.0,D,0.2,0.198,30.1,,,0.198,30.1,bench_option,auto_role_rank_heuristic,0.29,,False
63,2026-06-26,Group Stage,G,Iran,Egypt,iran_ali_nemati,Ali Nemati,Defender,Defender,4,0.0,D,0.2,0.611,49.1,,,0.611,49.1,probable_starter,auto_role_rank_heuristic,0.29,,False
63,2026-06-26,Group Stage,G,Iran,Egypt,iran_arya_yousefi,Arya Yousefi,Defender,Defender,5,0.0,D,0.2,0.195,23.0,,,0.195,23.0,bench_option,auto_role_rank_heuristic,0.29,,False
63,2026-06-26,Group Stage,G,Iran,Egypt,iran_danial_iri,Danial Iri,Defender,Defender,6,0.0,D,0.2,0.195,23.0,,,0.195,23.0,bench_option,auto_role_rank_heuristic,0.29,,False
63,2026-06-26,Group Stage,G,Iran,Egypt,iran_ehsan_hajisafi,Ehsan Hajisafi,Defender,Defender,3,0.2138,D,0.35,0.729,56.6,,,0.729,56.6,probable_starter,auto_role_rank_heuristic,0.396,,False
63,2026-06-26,Group Stage,G,Iran,Egypt,iran_hossein_kanani,Hossein Kanani,Defender,Defender,7,0.0,D,0.2,0.195,23.0,,,0.195,23.0,bench_option,auto_role_rank_heuristic,0.29,,False
63,2026-06-26,Group Stage,G,Iran,Egypt,iran_milad_mohammadi,Milad Mohammadi,Defender,Defender,1,0.3192,D,0.35,0.74,57.3,,,0.74,57.3,probable_starter,auto_role_rank_heuristic,0.422,,False
63,2026-06-26,Group Stage,G,Iran,Egypt,iran_ramin_rezaeian,Ramin Rezaeian,Defender,Defender,2,0.2276,D,0.2,0.633,50.5,,,0.633,50.5,probable_starter,auto_role_rank_heuristic,0.347,,False
63,2026-06-26,Group Stage,G,Iran,Egypt,iran_saleh_hardani,Saleh Hardani,Defender,Defender,8,0.0,D,0.2,0.012,11.5,,,0.012,11.5,bench_option,auto_role_rank_heuristic,0.29,,False
63,2026-06-26,Group Stage,G,Iran,Egypt,iran_shoja_khalilzadeh,Shoja Khalilzadeh,Defender,Defender,9,0.0,D,0.2,0.012,11.5,,,0.012,11.5,bench_option,auto_role_rank_heuristic,0.29,,False
63,2026-06-26,Group Stage,G,Iran,Egypt,iran_ali_alipour,Ali Alipour,Forward,Forward,2,0.2733,D,0.35,0.686,51.4,,,0.686,51.4,probable_starter,auto_role_rank_heuristic,0.411,,False
63,2026-06-26,Group Stage,G,Iran,Egypt,iran_amirhossein_hosseinzadeh,Amirhossein Hosseinzadeh,Forward,Forward,3,0.2186,D,0.35,0.68,51.1,,,0.68,51.1,probable_starter,auto_role_rank_heuristic,0.397,,False
63,2026-06-26,Group Stage,G,Iran,Egypt,iran_dennis_dargahi,Dennis Dargahi,Forward,Forward,4,0.0,D,0.2,0.195,30.7,,,0.195,30.7,bench_option,auto_role_rank_heuristic,0.29,,False
63,2026-06-26,Group Stage,G,Iran,Egypt,iran_mehdi_ghayedi,Mehdi Ghayedi,Forward,Forward,5,0.0,D,0.2,0.195,30.7,,,0.195,30.7,bench_option,auto_role_rank_heuristic,0.29,,False
63,2026-06-26,Group Stage,G,Iran,Egypt,iran_mehdi_taremi,Mehdi Taremi,Forward,Forward,1,0.455,C,0.55,0.777,55.2,,,0.777,55.2,locked_starter,auto_role_rank_heuristic,0.606,,False
63,2026-06-26,Group Stage,G,Iran,Egypt,iran_shahriyar_moghanloo,Shahriyar Moghanloo,Forward,Forward,6,0.0,D,0.2,0.195,30.7,,,0.195,30.7,bench_option,auto_role_rank_heuristic,0.29,,False
63,2026-06-26,Group Stage,G,Iran,Egypt,iran_alireza_beiranvand,Alireza Beiranvand,Goalkeeper,Goalkeeper,1,0.502,C,0.55,0.953,77.0,,,0.953,77.0,locked_starter,auto_role_rank_heuristic,0.618,,False
63,2026-06-26,Group Stage,G,Iran,Egypt,iran_hossein_hosseini,Hossein Hosseini,Goalkeeper,Goalkeeper,3,0.0,D,0.2,0.012,1.0,,,0.012,1.0,bench_option,auto_role_rank_heuristic,0.29,,False
63,2026-06-26,Group Stage,G,Iran,Egypt,iran_payam_niazmand,Payam Niazmand,Goalkeeper,Goalkeeper,2,0.4144,C,0.55,0.187,15.1,,,0.187,15.1,bench_option,auto_role_rank_heuristic,0.596,,False
63,2026-06-26,Group Stage,G,Iran,Egypt,iran_alireza_jahanbakhsh,Alireza Jahanbakhsh,Midfielder,Midfielder,1,0.4436,B,0.625,0.898,63.3,,,0.898,63.3,locked_starter,auto_role_rank_heuristic,0.67,,False
63,2026-06-26,Group Stage,G,Iran,Egypt,iran_amirmohammad_razaghinia,Amirmohammad Razaghinia,Midfielder,Midfielder,5,0.0,D,0.2,0.195,29.2,,,0.195,29.2,bench_option,auto_role_rank_heuristic,0.29,,False
63,2026-06-26,Group Stage,G,Iran,Egypt,iran_mehdi_torabi,Mehdi Torabi,Midfielder,Midfielder,6,0.0,D,0.2,0.195,29.2,,,0.195,29.2,bench_option,auto_role_rank_heuristic,0.29,,False
63,2026-06-26,Group Stage,G,Iran,Egypt,iran_mohammad_ghorbani,Mohammad Ghorbani,Midfielder,Midfielder,4,0.1476,D,0.2,0.601,48.9,,,0.601,48.9,probable_starter,auto_role_rank_heuristic,0.327,,False
63,2026-06-26,Group Stage,G,Iran,Egypt,iran_mohammad_mohebbi,Mohammad Mohebbi,Midfielder,Midfielder,7,0.0,D,0.2,0.195,29.2,,,0.195,29.2,bench_option,auto_role_rank_heuristic,0.29,,False
63,2026-06-26,Group Stage,G,Iran,Egypt,iran_roozbeh_cheshmi,Roozbeh Cheshmi,Midfielder,Midfielder,8,0.0,D,0.2,0.195,29.2,,,0.195,29.2,bench_option,auto_role_rank_heuristic,0.29,,False
63,2026-06-26,Group Stage,G,Iran,Egypt,iran_saeid_ezatolahi,Saeid Ezatolahi,Midfielder,Midfielder,2,0.4003,C,0.55,0.796,58.3,,,0.796,58.3,locked_starter,auto_role_rank_heuristic,0.593,,False
63,2026-06-26,Group Stage,G,Iran,Egypt,iran_saman_ghoddos,Saman Ghoddos,Midfielder,Midfielder,3,0.345,D,0.35,0.718,54.5,,,0.718,54.5,probable_starter,auto_role_rank_heuristic,0.429,,False
14,2026-06-15,Group Stage,H,Spain,Cape Verde,spain_alex_grimaldo,Alex Grimaldo,Defender,Defender,7,0.3782,A,0.91,0.331,31.1,,,0.331,31.1,rotation,auto_role_rank_heuristic,0.793,,False
14,2026-06-15,Group Stage,H,Spain,Cape Verde,spain_aymeric_laporte,Aymeric Laporte,Defender,Defender,5,0.7031,A,0.871,0.35,32.3,,,0.35,32.3,rotation,auto_role_rank_heuristic,0.861,,False
14,2026-06-15,Group Stage,H,Spain,Cape Verde,spain_eric_garcia,Eric Garcia,Defender,Defender,2,0.8057,A,0.927,0.606,48.2,,,0.606,48.2,probable_starter,auto_role_rank_heuristic,0.88,,False
14,2026-06-15,Group Stage,H,Spain,Cape Verde,spain_marc_cucurella,Marc Cucurella,Defender,Defender,3,0.749,A,0.926,0.604,48.1,,,0.604,48.1,probable_starter,auto_role_rank_heuristic,0.88,,False
14,2026-06-15,Group Stage,H,Spain,Cape Verde,spain_marc_pubill,Marc Pubill,Defender,Defender,8,0.3722,A,0.815,0.169,21.1,,,0.169,21.1,bench_option,auto_role_rank_heuristic,0.758,,False
14,2026-06-15,Group Stage,H,Spain,Cape Verde,spain_marcos_llorente,Marcos Llorente,Defender,Defender,4,0.7436,A,0.882,0.603,48.0,,,0.603,48.0,probable_starter,auto_role_rank_heuristic,0.875,,False
14,2026-06-15,Group Stage,H,Spain,Cape Verde,spain_pau_cubarsi,Pau Cubarsi,Defender,Defender,6,0.6833,A,0.925,0.35,32.3,,,0.35,32.3,rotation,auto_role_rank_heuristic,0.875,,False
14,2026-06-15,Group Stage,H,Spain,Cape Verde,spain_pedro_porro,Pedro Porro,Defender,Defender,1,0.8832,A,0.933,0.612,48.6,,,0.612,48.6,probable_starter,auto_role_rank_heuristic,0.88,,False
14,2026-06-15,Group Stage,H,Spain,Cape Verde,spain_borja_iglesias,Borja Iglesias,Forward,Forward,6,0.5201,A,0.858,0.34,36.3,,,0.34,36.3,rotation,auto_role_rank_heuristic,0.81,,False
14,2026-06-15,Group Stage,H,Spain,Cape Verde,spain_dani_olmo,Dani Olmo,Forward,Forward,3,0.6768,A,0.872,0.57,45.9,,,0.57,45.9,probable_starter,auto_role_rank_heuristic,0.854,,False
14,2026-06-15,Group Stage,H,Spain,Cape Verde,spain_ferran_torres,Ferran Torres,Forward,Forward,4,0.6667,A,0.864,0.348,36.6,,,0.348,36.6,rotation,auto_role_rank_heuristic,0.849,,False
14,2026-06-15,Group Stage,H,Spain,Cape Verde,spain_lamine_yamal,Lamine Yamal,Forward,Forward,2,0.7266,A,0.888,0.573,46.0,,,0.573,46.0,probable_starter,auto_role_rank_heuristic,0.872,,False
14,2026-06-15,Group Stage,H,Spain,Cape Verde,spain_mikel_oyarzabal,Mikel Oyarzabal,Forward,Forward,1,0.7872,A,0.926,0.576,46.1,,,0.576,46.1,probable_starter,auto_role_rank_heuristic,0.88,,False
14,2026-06-15,Group Stage,H,Spain,Cape Verde,spain_nico_williams,Nico Williams,Forward,Forward,5,0.6278,A,0.839,0.346,36.5,,,0.346,36.5,rotation,auto_role_rank_heuristic,0.831,,False
14,2026-06-15,Group Stage,H,Spain,Cape Verde,spain_victor_munoz,Victor Munoz,Forward,Forward,7,0.4474,A,0.921,0.336,36.1,,,0.336,36.1,rotation,auto_role_rank_heuristic,0.814,,False
14,2026-06-15,Group Stage,H,Spain,Cape Verde,spain_yeremy_pino,Yeremy Pino,Forward,Forward,8,0.2276,D,0.35,0.035,23.6,,,0.035,23.6,bench_option,auto_role_rank_heuristic,0.399,,False
14,2026-06-15,Group Stage,H,Spain,Cape Verde,spain_david_raya,David Raya,Goalkeeper,Goalkeeper,2,0.9024,A,0.95,0.23,18.3,,,0.23,18.3,rotation,auto_role_rank_heuristic,0.88,,False
14,2026-06-15,Group Stage,H,Spain,Cape Verde,spain_joan_garcia,Joan Garcia,Goalkeeper,Goalkeeper,3,0.8507,A,0.925,0.138,11.0,,,0.138,11.0,bench_option,auto_role_rank_heuristic,0.88,,False
14,2026-06-15,Group Stage,H,Spain,Cape Verde,spain_unai_simon,Unai Simon,Goalkeeper,Goalkeeper,1,0.9794,A,0.95,0.69,55.0,,,0.69,55.0,probable_starter,auto_role_rank_heuristic,0.88,,False
14,2026-06-15,Group Stage,H,Spain,Cape Verde,spain_alex_baena,Alex Baena,Midfielder,Midfielder,7,0.4241,A,0.83,0.334,35.4,,,0.334,35.4,rotation,auto_role_rank_heuristic,0.777,,False
14,2026-06-15,Group Stage,H,Spain,Cape Verde,spain_fabian_ruiz,Fabian Ruiz,Midfielder,Midfielder,6,0.5063,C,0.55,0.251,31.5,,,0.251,31.5,rotation,auto_role_rank_heuristic,0.619,,False
14,2026-06-15,Group Stage,H,Spain,Cape Verde,spain_gavi,Gavi,Midfielder,Midfielder,5,0.5419,C,0.438,0.252,31.5,,,0.252,31.5,rotation,auto_role_rank_heuristic,0.589,,False
14,2026-06-15,Group Stage,H,Spain,Cape Verde,spain_martin_zubimendi,Martin Zubimendi,Midfielder,Midfielder,1,0.865,A,0.949,0.595,47.9,,,0.595,47.9,probable_starter,auto_role_rank_heuristic,0.88,,False
14,2026-06-15,Group Stage,H,Spain,Cape Verde,spain_mikel_merino,Mikel Merino,Midfielder,Midfielder,4,0.5972,A,0.786,0.58,47.2,,,0.58,47.2,probable_starter,auto_role_rank_heuristic,0.804,,False
14,2026-06-15,Group Stage,H,Spain,Cape Verde,spain_pedri,Pedri,Midfielder,Midfielder,3,0.7146,A,0.875,0.587,47.5,,,0.587,47.5,probable_starter,auto_role_rank_heuristic,0.865,,False
14,2026-06-15,Group Stage,H,Spain,Cape Verde,spain_rodri,Rodri,Midfielder,Midfielder,2,0.8269,A,0.95,0.593,47.8,,,0.593,47.8,probable_starter,auto_role_rank_heuristic,0.88,,False
14,2026-06-15,Group Stage,H,Cape Verde,Spain,cape_verde_diney_borges,Diney Borges,Defender,Defender,5,0.15,D,0.2,0.194,23.0,,,0.194,23.0,bench_option,auto_role_rank_heuristic,0.327,,False
14,2026-06-15,Group Stage,H,Cape Verde,Spain,cape_verde_kelvin_pires,Kelvin Pires,Defender,Defender,6,0.0,D,0.2,0.18,22.1,,,0.18,22.1,bench_option,auto_role_rank_heuristic,0.29,,False
14,2026-06-15,Group Stage,H,Cape Verde,Spain,cape_verde_logan_costa,Logan Costa,Defender,Defender,3,0.4359,D,0.202,0.692,54.3,,,0.692,54.3,probable_starter,auto_role_rank_heuristic,0.4,,False
14,2026-06-15,Group Stage,H,Cape Verde,Spain,cape_verde_pico_lopes,Pico Lopes,Defender,Defender,7,0.0,D,0.2,0.18,22.1,,,0.18,22.1,bench_option,auto_role_rank_heuristic,0.29,,False
14,2026-06-15,Group Stage,H,Cape Verde,Spain,cape_verde_sidny_lopes_cabral,Sidny Lopes Cabral,Defender,Defender,2,0.4397,B,0.69,0.849,64.2,,,0.849,64.2,locked_starter,auto_role_rank_heuristic,0.691,,False
14,2026-06-15,Group Stage,H,Cape Verde,Spain,cape_verde_steven_moreira,Steven Moreira,Defender,Defender,4,0.3605,B,0.644,0.843,63.8,,,0.843,63.8,locked_starter,auto_role_rank_heuristic,0.656,,False
14,2026-06-15,Group Stage,H,Cape Verde,Spain,cape_verde_stopira,Stopira,Defender,Defender,8,0.0,D,0.2,0.011,11.5,,,0.011,11.5,bench_option,auto_role_rank_heuristic,0.29,,False
14,2026-06-15,Group Stage,H,Cape Verde,Spain,cape_verde_wagner_pina,Wagner Pina,Defender,Defender,1,0.647,B,0.753,0.869,65.5,,,0.869,65.5,locked_starter,auto_role_rank_heuristic,0.765,,False
14,2026-06-15,Group Stage,H,Cape Verde,Spain,cape_verde_dailon_livramento,Dailon Livramento,Forward,Forward,2,0.2288,A,0.779,0.83,57.5,,,0.83,57.5,locked_starter,auto_role_rank_heuristic,0.71,,False
14,2026-06-15,Group Stage,H,Cape Verde,Spain,cape_verde_gilson_benchimol,Gilson Benchimol,Forward,Forward,3,0.0,D,0.2,0.518,44.4,,,0.518,44.4,rotation,auto_role_rank_heuristic,0.29,,False
14,2026-06-15,Group Stage,H,Cape Verde,Spain,cape_verde_ryan_mendes,Ryan Mendes,Forward,Forward,1,0.2484,D,0.218,0.63,49.1,,,0.63,49.1,probable_starter,auto_role_rank_heuristic,0.358,,False
14,2026-06-15,Group Stage,H,Cape Verde,Spain,cape_verde_cj_dos_santos,Cj dos Santos,Goalkeeper,Goalkeeper,1,0.015,D,0.2,0.676,54.7,,,0.676,54.7,probable_starter,auto_role_rank_heuristic,0.294,,False
14,2026-06-15,Group Stage,H,Cape Verde,Spain,cape_verde_marcio_rosa,Marcio Rosa,Goalkeeper,Goalkeeper,2,0.0,D,0.2,0.011,0.9,,,0.011,0.9,bench_option,auto_role_rank_heuristic,0.29,,False
14,2026-06-15,Group Stage,H,Cape Verde,Spain,cape_verde_vozinha,Vozinha,Goalkeeper,Goalkeeper,3,0.0,D,0.2,0.011,0.9,,,0.011,0.9,bench_option,auto_role_rank_heuristic,0.29,,False
14,2026-06-15,Group Stage,H,Cape Verde,Spain,cape_verde_deroy_duarte,Deroy Duarte,Midfielder,Midfielder,8,0.2038,D,0.2,0.198,29.4,,,0.198,29.4,bench_option,auto_role_rank_heuristic,0.341,,False
14,2026-06-15,Group Stage,H,Cape Verde,Spain,cape_verde_garry_rodrigues,Garry Rodrigues,Midfielder,Midfielder,6,0.2865,D,0.35,0.296,34.1,,,0.296,34.1,rotation,auto_role_rank_heuristic,0.414,,False
14,2026-06-15,Group Stage,H,Cape Verde,Spain,cape_verde_helio_varela,Helio Varela,Midfielder,Midfielder,7,0.2179,D,0.211,0.289,33.8,,,0.289,33.8,rotation,auto_role_rank_heuristic,0.348,,False
14,2026-06-15,Group Stage,H,Cape Verde,Spain,cape_verde_jamiro_monteiro,Jamiro Monteiro,Midfielder,Midfielder,1,0.5395,B,0.656,0.836,60.4,,,0.836,60.4,locked_starter,auto_role_rank_heuristic,0.704,,False
14,2026-06-15,Group Stage,H,Cape Verde,Spain,cape_verde_joao_paulo,Joao Paulo,Midfielder,Midfielder,10,0.045,D,0.2,0.011,20.3,,,0.011,20.3,bench_option,auto_role_rank_heuristic,0.301,,False
14,2026-06-15,Group Stage,H,Cape Verde,Spain,cape_verde_jovane_cabral,Jovane Cabral,Midfielder,Midfielder,2,0.5226,B,0.689,0.835,60.3,,,0.835,60.3,locked_starter,auto_role_rank_heuristic,0.712,,False
14,2026-06-15,Group Stage,H,Cape Verde,Spain,cape_verde_kevin_pina,Kevin Pina,Midfielder,Midfielder,11,0.0,D,0.2,0.011,20.3,,,0.011,20.3,bench_option,auto_role_rank_heuristic,0.29,,False
14,2026-06-15,Group Stage,H,Cape Verde,Spain,cape_verde_laros_duarte,Laros Duarte,Midfielder,Midfielder,9,0.15,D,0.2,0.011,20.3,,,0.011,20.3,bench_option,auto_role_rank_heuristic,0.327,,False
14,2026-06-15,Group Stage,H,Cape Verde,Spain,cape_verde_nuno_da_costa,Nuno da Costa,Midfielder,Midfielder,4,0.3439,B,0.626,0.819,59.5,,,0.819,59.5,locked_starter,auto_role_rank_heuristic,0.645,,False
14,2026-06-15,Group Stage,H,Cape Verde,Spain,cape_verde_telmo_arcanjo,Telmo Arcanjo,Midfielder,Midfielder,3,0.3901,B,0.654,0.822,59.7,,,0.822,59.7,locked_starter,auto_role_rank_heuristic,0.666,,False
14,2026-06-15,Group Stage,H,Cape Verde,Spain,cape_verde_willy_semedo,Willy Semedo,Midfielder,Midfielder,5,0.3148,C,0.55,0.366,37.5,,,0.366,37.5,rotation,auto_role_rank_heuristic,0.571,,False
14,2026-06-15,Group Stage,H,Cape Verde,Spain,cape_verde_yannick_semedo,Yannick Semedo,Midfielder,Midfielder,12,0.0,D,0.2,0.011,20.3,,,0.011,20.3,bench_option,auto_role_rank_heuristic,0.29,,False
13,2026-06-15,Group Stage,H,Saudi Arabia,Uruguay,saudi_arabia_abdulelah_alamri,Abdulelah Alamri,Defender,Defender,4,0.0,D,0.2,0.663,52.7,,,0.663,52.7,probable_starter,auto_role_rank_heuristic,0.29,,False
13,2026-06-15,Group Stage,H,Saudi Arabia,Uruguay,saudi_arabia_ali_lajami,Ali Lajami,Defender,Defender,3,0.0963,C,0.443,0.859,65.1,,,0.859,65.1,locked_starter,auto_role_rank_heuristic,0.479,,False
13,2026-06-15,Group Stage,H,Saudi Arabia,Uruguay,saudi_arabia_ali_majrashi,Ali Majrashi,Defender,Defender,2,0.3234,B,0.73,0.98,72.7,,,0.98,72.7,locked_starter,auto_role_rank_heuristic,0.676,,False
13,2026-06-15,Group Stage,H,Saudi Arabia,Uruguay,saudi_arabia_hassan_altambakti,Hassan Altambakti,Defender,Defender,5,0.0,D,0.2,0.212,24.2,,,0.212,24.2,rotation,auto_role_rank_heuristic,0.29,,False
13,2026-06-15,Group Stage,H,Saudi Arabia,Uruguay,saudi_arabia_hassan_kadish,Hassan Kadish,Defender,Defender,6,0.0,D,0.2,0.212,24.2,,,0.212,24.2,rotation,auto_role_rank_heuristic,0.29,,False
13,2026-06-15,Group Stage,H,Saudi Arabia,Uruguay,saudi_arabia_jehad_thikri,Jehad Thikri,Defender,Defender,7,0.0,D,0.2,0.212,24.2,,,0.212,24.2,rotation,auto_role_rank_heuristic,0.29,,False
13,2026-06-15,Group Stage,H,Saudi Arabia,Uruguay,saudi_arabia_mohammed_abu_alshamat,Mohammed Abu Alshamat,Defender,Defender,8,0.0,D,0.2,0.013,11.6,,,0.013,11.6,bench_option,auto_role_rank_heuristic,0.29,,False
13,2026-06-15,Group Stage,H,Saudi Arabia,Uruguay,saudi_arabia_moteb_alharbi,Moteb Alharbi,Defender,Defender,9,0.0,D,0.2,0.013,11.6,,,0.013,11.6,bench_option,auto_role_rank_heuristic,0.29,,False
13,2026-06-15,Group Stage,H,Saudi Arabia,Uruguay,saudi_arabia_nawaf_bu_washl,Nawaf Bu Washl,Defender,Defender,10,0.0,D,0.2,0.013,11.6,,,0.013,11.6,bench_option,auto_role_rank_heuristic,0.29,,False
13,2026-06-15,Group Stage,H,Saudi Arabia,Uruguay,saudi_arabia_saud_abdulhamid,Saud Abdulhamid,Defender,Defender,1,0.4854,A,0.813,0.98,72.7,,,0.98,72.7,locked_starter,auto_role_rank_heuristic,0.786,,False
13,2026-06-15,Group Stage,H,Saudi Arabia,Uruguay,saudi_arabia_abdullah_alhamddan,Abdullah Alhamddan,Forward,Forward,3,0.0,D,0.2,0.61,48.4,,,0.61,48.4,probable_starter,auto_role_rank_heuristic,0.29,,False
13,2026-06-15,Group Stage,H,Saudi Arabia,Uruguay,saudi_arabia_aiman_yahya,Aiman Yahya,Forward,Forward,4,0.0,D,0.2,0.212,31.5,,,0.212,31.5,rotation,auto_role_rank_heuristic,0.29,,False
13,2026-06-15,Group Stage,H,Saudi Arabia,Uruguay,saudi_arabia_feras_albrikan,Feras Albrikan,Forward,Forward,5,0.0,D,0.2,0.212,31.5,,,0.212,31.5,rotation,auto_role_rank_heuristic,0.29,,False
13,2026-06-15,Group Stage,H,Saudi Arabia,Uruguay,saudi_arabia_khalid_alghannam,Khalid Alghannam,Forward,Forward,6,0.0,D,0.2,0.212,31.5,,,0.212,31.5,rotation,auto_role_rank_heuristic,0.29,,False
13,2026-06-15,Group Stage,H,Saudi Arabia,Uruguay,saudi_arabia_saleh_alshehri,Saleh Alshehri,Forward,Forward,2,0.1453,D,0.2,0.626,49.1,,,0.626,49.1,probable_starter,auto_role_rank_heuristic,0.326,,False
13,2026-06-15,Group Stage,H,Saudi Arabia,Uruguay,saudi_arabia_salem_aldawsari,Salem Aldawsari,Forward,Forward,1,0.1575,D,0.2,0.627,49.1,,,0.627,49.1,probable_starter,auto_role_rank_heuristic,0.329,,False
13,2026-06-15,Group Stage,H,Saudi Arabia,Uruguay,saudi_arabia_sultan_mandash,Sultan Mandash,Forward,Forward,7,0.0,D,0.2,0.212,31.5,,,0.212,31.5,rotation,auto_role_rank_heuristic,0.29,,False
13,2026-06-15,Group Stage,H,Saudi Arabia,Uruguay,saudi_arabia_ahmed_alkassar,Ahmed Alkassar,Goalkeeper,Goalkeeper,1,0.0,D,0.2,0.796,64.6,,,0.796,64.6,locked_starter,auto_role_rank_heuristic,0.29,,False
13,2026-06-15,Group Stage,H,Saudi Arabia,Uruguay,saudi_arabia_mohammed_alowais,Mohammed Alowais,Goalkeeper,Goalkeeper,2,0.0,D,0.2,0.013,1.1,,,0.013,1.1,bench_option,auto_role_rank_heuristic,0.29,,False
13,2026-06-15,Group Stage,H,Saudi Arabia,Uruguay,saudi_arabia_nawaf_alaqidi,Nawaf Alaqidi,Goalkeeper,Goalkeeper,3,0.0,D,0.2,0.013,1.1,,,0.013,1.1,bench_option,auto_role_rank_heuristic,0.29,,False
13,2026-06-15,Group Stage,H,Saudi Arabia,Uruguay,saudi_arabia_abdullah_alkhaibari,Abdullah Alkhaibari,Midfielder,Midfielder,2,0.0,D,0.2,0.636,50.8,,,0.636,50.8,probable_starter,auto_role_rank_heuristic,0.29,,False
13,2026-06-15,Group Stage,H,Saudi Arabia,Uruguay,saudi_arabia_ala_alhajji,Ala Alhajji,Midfielder,Midfielder,3,0.0,D,0.2,0.636,50.8,,,0.636,50.8,probable_starter,auto_role_rank_heuristic,0.29,,False
13,2026-06-15,Group Stage,H,Saudi Arabia,Uruguay,saudi_arabia_mohamed_kanno,Mohamed Kanno,Midfielder,Midfielder,1,0.3123,B,0.724,0.961,66.7,,,0.961,66.7,locked_starter,auto_role_rank_heuristic,0.671,,False
13,2026-06-15,Group Stage,H,Saudi Arabia,Uruguay,saudi_arabia_musab_aljuwayr,Musab Aljuwayr,Midfielder,Midfielder,4,0.0,D,0.2,0.636,50.8,,,0.636,50.8,probable_starter,auto_role_rank_heuristic,0.29,,False
13,2026-06-15,Group Stage,H,Saudi Arabia,Uruguay,saudi_arabia_nasser_aldawsari,Nasser Aldawsari,Midfielder,Midfielder,5,0.0,D,0.2,0.212,30.2,,,0.212,30.2,rotation,auto_role_rank_heuristic,0.29,,False
13,2026-06-15,Group Stage,H,Saudi Arabia,Uruguay,saudi_arabia_ziyad_aljohani,Ziyad Aljohani,Midfielder,Midfielder,6,0.0,D,0.2,0.212,30.2,,,0.212,30.2,rotation,auto_role_rank_heuristic,0.29,,False
13,2026-06-15,Group Stage,H,Uruguay,Saudi Arabia,uruguay_guillermo_varela,Guillermo Varela,Defender,Defender,6,0.2213,D,0.2,0.173,21.4,,,0.173,21.4,bench_option,auto_role_rank_heuristic,0.345,,False
13,2026-06-15,Group Stage,H,Uruguay,Saudi Arabia,uruguay_jose_maria_gimenez,Jose Maria Gimenez,Defender,Defender,4,0.5228,A,0.798,0.778,59.1,,,0.778,59.1,locked_starter,auto_role_rank_heuristic,0.79,,False
13,2026-06-15,Group Stage,H,Uruguay,Saudi Arabia,uruguay_mathias_olivera,Mathias Olivera,Defender,Defender,3,0.5916,A,0.814,0.783,59.4,,,0.783,59.4,locked_starter,auto_role_rank_heuristic,0.813,,False
13,2026-06-15,Group Stage,H,Uruguay,Saudi Arabia,uruguay_matias_vina,Matias Vina,Defender,Defender,5,0.2613,D,0.2,0.176,21.6,,,0.176,21.6,bench_option,auto_role_rank_heuristic,0.355,,False
13,2026-06-15,Group Stage,H,Uruguay,Saudi Arabia,uruguay_ronald_araujo,Ronald Araujo,Defender,Defender,1,0.6518,A,0.789,0.788,59.7,,,0.788,59.7,locked_starter,auto_role_rank_heuristic,0.819,,False
13,2026-06-15,Group Stage,H,Uruguay,Saudi Arabia,uruguay_santiago_bueno,Santiago Bueno,Defender,Defender,2,0.6367,A,0.913,0.787,59.6,,,0.787,59.6,locked_starter,auto_role_rank_heuristic,0.859,,False
13,2026-06-15,Group Stage,H,Uruguay,Saudi Arabia,uruguay_sebastian_caceres,Sebastian Caceres,Defender,Defender,7,0.0563,D,0.2,0.16,20.6,,,0.16,20.6,bench_option,auto_role_rank_heuristic,0.304,,False
13,2026-06-15,Group Stage,H,Uruguay,Saudi Arabia,uruguay_brian_rodriguez,Brian Rodriguez,Forward,Forward,4,0.2375,C,0.55,0.309,35.1,,,0.309,35.1,rotation,auto_role_rank_heuristic,0.552,,False
13,2026-06-15,Group Stage,H,Uruguay,Saudi Arabia,uruguay_darwin_nunez,Darwin Nunez,Forward,Forward,1,0.5975,B,0.654,0.706,51.7,,,0.706,51.7,probable_starter,auto_role_rank_heuristic,0.718,,False
13,2026-06-15,Group Stage,H,Uruguay,Saudi Arabia,uruguay_facundo_pellistri,Facundo Pellistri,Forward,Forward,3,0.3952,C,0.55,0.613,47.8,,,0.613,47.8,probable_starter,auto_role_rank_heuristic,0.591,,False
13,2026-06-15,Group Stage,H,Uruguay,Saudi Arabia,uruguay_federico_vinas,Federico Vinas,Forward,Forward,2,0.4824,A,0.903,0.736,53.0,,,0.736,53.0,probable_starter,auto_role_rank_heuristic,0.817,,False
13,2026-06-15,Group Stage,H,Uruguay,Saudi Arabia,uruguay_rodrigo_aguirre,Rodrigo Aguirre,Forward,Forward,5,0.2176,D,0.2,0.172,29.4,,,0.172,29.4,bench_option,auto_role_rank_heuristic,0.344,,False
13,2026-06-15,Group Stage,H,Uruguay,Saudi Arabia,uruguay_fernando_muslera,Fernando Muslera,Goalkeeper,Goalkeeper,1,0.4969,C,0.55,0.757,60.6,,,0.757,60.6,locked_starter,auto_role_rank_heuristic,0.617,,False
13,2026-06-15,Group Stage,H,Uruguay,Saudi Arabia,uruguay_santiago_mele,Santiago Mele,Goalkeeper,Goalkeeper,3,0.0425,D,0.2,0.01,0.8,,,0.01,0.8,bench_option,auto_role_rank_heuristic,0.301,,False
13,2026-06-15,Group Stage,H,Uruguay,Saudi Arabia,uruguay_sergio_rochet,Sergio Rochet,Goalkeeper,Goalkeeper,2,0.1636,D,0.2,0.01,0.8,,,0.01,0.8,bench_option,auto_role_rank_heuristic,0.331,,False
13,2026-06-15,Group Stage,H,Uruguay,Saudi Arabia,uruguay_agustin_canobbio,Agustin Canobbio,Midfielder,Midfielder,10,0.0413,D,0.2,0.01,20.0,,,0.01,20.0,bench_option,auto_role_rank_heuristic,0.3,,False
13,2026-06-15,Group Stage,H,Uruguay,Saudi Arabia,uruguay_emiliano_martinez,Emiliano Martinez,Midfielder,Midfielder,7,0.1789,D,0.2,0.169,27.7,,,0.169,27.7,bench_option,auto_role_rank_heuristic,0.335,,False
13,2026-06-15,Group Stage,H,Uruguay,Saudi Arabia,uruguay_federico_valverde,Federico Valverde,Midfielder,Midfielder,1,0.961,A,0.928,0.792,57.6,,,0.792,57.6,locked_starter,auto_role_rank_heuristic,0.88,,False
13,2026-06-15,Group Stage,H,Uruguay,Saudi Arabia,uruguay_giorgian_de_arrascaeta,Giorgian de Arrascaeta,Midfielder,Midfielder,8,0.0963,D,0.2,0.163,27.4,,,0.163,27.4,bench_option,auto_role_rank_heuristic,0.314,,False
13,2026-06-15,Group Stage,H,Uruguay,Saudi Arabia,uruguay_joaquin_piquerez,Joaquin Piquerez,Midfielder,Midfielder,11,0.0,D,0.2,0.01,20.0,,,0.01,20.0,bench_option,auto_role_rank_heuristic,0.29,,False
13,2026-06-15,Group Stage,H,Uruguay,Saudi Arabia,uruguay_juan_manuel_sanabria,Juan Manuel Sanabria,Midfielder,Midfielder,3,0.6259,B,0.626,0.727,54.5,,,0.727,54.5,probable_starter,auto_role_rank_heuristic,0.716,,False
13,2026-06-15,Group Stage,H,Uruguay,Saudi Arabia,uruguay_manuel_ugarte,Manuel Ugarte,Midfielder,Midfielder,4,0.5794,C,0.459,0.646,50.6,,,0.646,50.6,probable_starter,auto_role_rank_heuristic,0.605,,False
13,2026-06-15,Group Stage,H,Uruguay,Saudi Arabia,uruguay_maxi_araujo,Maxi Araujo,Midfielder,Midfielder,6,0.4891,C,0.55,0.329,35.4,,,0.329,35.4,rotation,auto_role_rank_heuristic,0.615,,False
13,2026-06-15,Group Stage,H,Uruguay,Saudi Arabia,uruguay_nicolas_de_la_cruz,Nicolas de la Cruz,Midfielder,Midfielder,9,0.0788,D,0.2,0.01,20.0,,,0.01,20.0,bench_option,auto_role_rank_heuristic,0.31,,False
13,2026-06-15,Group Stage,H,Uruguay,Saudi Arabia,uruguay_rodrigo_bentancur,Rodrigo Bentancur,Midfielder,Midfielder,2,0.7211,A,0.857,0.774,56.7,,,0.774,56.7,locked_starter,auto_role_rank_heuristic,0.86,,False
13,2026-06-15,Group Stage,H,Uruguay,Saudi Arabia,uruguay_rodrigo_zalazar,Rodrigo Zalazar,Midfielder,Midfielder,5,0.5759,B,0.712,0.413,39.4,,,0.413,39.4,rotation,auto_role_rank_heuristic,0.733,,False
38,2026-06-21,Group Stage,H,Spain,Saudi Arabia,spain_alex_grimaldo,Alex Grimaldo,Defender,Defender,7,0.3782,A,0.91,0.331,31.1,,,0.331,31.1,rotation,auto_role_rank_heuristic,0.793,,False
38,2026-06-21,Group Stage,H,Spain,Saudi Arabia,spain_aymeric_laporte,Aymeric Laporte,Defender,Defender,5,0.7031,A,0.871,0.35,32.3,,,0.35,32.3,rotation,auto_role_rank_heuristic,0.861,,False
38,2026-06-21,Group Stage,H,Spain,Saudi Arabia,spain_eric_garcia,Eric Garcia,Defender,Defender,2,0.8057,A,0.927,0.606,48.2,,,0.606,48.2,probable_starter,auto_role_rank_heuristic,0.88,,False
38,2026-06-21,Group Stage,H,Spain,Saudi Arabia,spain_marc_cucurella,Marc Cucurella,Defender,Defender,3,0.749,A,0.926,0.604,48.1,,,0.604,48.1,probable_starter,auto_role_rank_heuristic,0.88,,False
38,2026-06-21,Group Stage,H,Spain,Saudi Arabia,spain_marc_pubill,Marc Pubill,Defender,Defender,8,0.3722,A,0.815,0.169,21.1,,,0.169,21.1,bench_option,auto_role_rank_heuristic,0.758,,False
38,2026-06-21,Group Stage,H,Spain,Saudi Arabia,spain_marcos_llorente,Marcos Llorente,Defender,Defender,4,0.7436,A,0.882,0.603,48.0,,,0.603,48.0,probable_starter,auto_role_rank_heuristic,0.875,,False
38,2026-06-21,Group Stage,H,Spain,Saudi Arabia,spain_pau_cubarsi,Pau Cubarsi,Defender,Defender,6,0.6833,A,0.925,0.35,32.3,,,0.35,32.3,rotation,auto_role_rank_heuristic,0.875,,False
38,2026-06-21,Group Stage,H,Spain,Saudi Arabia,spain_pedro_porro,Pedro Porro,Defender,Defender,1,0.8832,A,0.933,0.612,48.6,,,0.612,48.6,probable_starter,auto_role_rank_heuristic,0.88,,False
38,2026-06-21,Group Stage,H,Spain,Saudi Arabia,spain_borja_iglesias,Borja Iglesias,Forward,Forward,6,0.5201,A,0.858,0.34,36.3,,,0.34,36.3,rotation,auto_role_rank_heuristic,0.81,,False
38,2026-06-21,Group Stage,H,Spain,Saudi Arabia,spain_dani_olmo,Dani Olmo,Forward,Forward,3,0.6768,A,0.872,0.57,45.9,,,0.57,45.9,probable_starter,auto_role_rank_heuristic,0.854,,False
38,2026-06-21,Group Stage,H,Spain,Saudi Arabia,spain_ferran_torres,Ferran Torres,Forward,Forward,4,0.6667,A,0.864,0.348,36.6,,,0.348,36.6,rotation,auto_role_rank_heuristic,0.849,,False
38,2026-06-21,Group Stage,H,Spain,Saudi Arabia,spain_lamine_yamal,Lamine Yamal,Forward,Forward,2,0.7266,A,0.888,0.573,46.0,,,0.573,46.0,probable_starter,auto_role_rank_heuristic,0.872,,False
38,2026-06-21,Group Stage,H,Spain,Saudi Arabia,spain_mikel_oyarzabal,Mikel Oyarzabal,Forward,Forward,1,0.7872,A,0.926,0.576,46.1,,,0.576,46.1,probable_starter,auto_role_rank_heuristic,0.88,,False
38,2026-06-21,Group Stage,H,Spain,Saudi Arabia,spain_nico_williams,Nico Williams,Forward,Forward,5,0.6278,A,0.839,0.346,36.5,,,0.346,36.5,rotation,auto_role_rank_heuristic,0.831,,False
38,2026-06-21,Group Stage,H,Spain,Saudi Arabia,spain_victor_munoz,Victor Munoz,Forward,Forward,7,0.4474,A,0.921,0.336,36.1,,,0.336,36.1,rotation,auto_role_rank_heuristic,0.814,,False
38,2026-06-21,Group Stage,H,Spain,Saudi Arabia,spain_yeremy_pino,Yeremy Pino,Forward,Forward,8,0.2276,D,0.35,0.035,23.6,,,0.035,23.6,bench_option,auto_role_rank_heuristic,0.399,,False
38,2026-06-21,Group Stage,H,Spain,Saudi Arabia,spain_david_raya,David Raya,Goalkeeper,Goalkeeper,2,0.9024,A,0.95,0.23,18.3,,,0.23,18.3,rotation,auto_role_rank_heuristic,0.88,,False
38,2026-06-21,Group Stage,H,Spain,Saudi Arabia,spain_joan_garcia,Joan Garcia,Goalkeeper,Goalkeeper,3,0.8507,A,0.925,0.138,11.0,,,0.138,11.0,bench_option,auto_role_rank_heuristic,0.88,,False
38,2026-06-21,Group Stage,H,Spain,Saudi Arabia,spain_unai_simon,Unai Simon,Goalkeeper,Goalkeeper,1,0.9794,A,0.95,0.69,55.0,,,0.69,55.0,probable_starter,auto_role_rank_heuristic,0.88,,False
38,2026-06-21,Group Stage,H,Spain,Saudi Arabia,spain_alex_baena,Alex Baena,Midfielder,Midfielder,7,0.4241,A,0.83,0.334,35.4,,,0.334,35.4,rotation,auto_role_rank_heuristic,0.777,,False
38,2026-06-21,Group Stage,H,Spain,Saudi Arabia,spain_fabian_ruiz,Fabian Ruiz,Midfielder,Midfielder,6,0.5063,C,0.55,0.251,31.5,,,0.251,31.5,rotation,auto_role_rank_heuristic,0.619,,False
38,2026-06-21,Group Stage,H,Spain,Saudi Arabia,spain_gavi,Gavi,Midfielder,Midfielder,5,0.5419,C,0.438,0.252,31.5,,,0.252,31.5,rotation,auto_role_rank_heuristic,0.589,,False
38,2026-06-21,Group Stage,H,Spain,Saudi Arabia,spain_martin_zubimendi,Martin Zubimendi,Midfielder,Midfielder,1,0.865,A,0.949,0.595,47.9,,,0.595,47.9,probable_starter,auto_role_rank_heuristic,0.88,,False
38,2026-06-21,Group Stage,H,Spain,Saudi Arabia,spain_mikel_merino,Mikel Merino,Midfielder,Midfielder,4,0.5972,A,0.786,0.58,47.2,,,0.58,47.2,probable_starter,auto_role_rank_heuristic,0.804,,False
38,2026-06-21,Group Stage,H,Spain,Saudi Arabia,spain_pedri,Pedri,Midfielder,Midfielder,3,0.7146,A,0.875,0.587,47.5,,,0.587,47.5,probable_starter,auto_role_rank_heuristic,0.865,,False
38,2026-06-21,Group Stage,H,Spain,Saudi Arabia,spain_rodri,Rodri,Midfielder,Midfielder,2,0.8269,A,0.95,0.593,47.8,,,0.593,47.8,probable_starter,auto_role_rank_heuristic,0.88,,False
38,2026-06-21,Group Stage,H,Saudi Arabia,Spain,saudi_arabia_abdulelah_alamri,Abdulelah Alamri,Defender,Defender,4,0.0,D,0.2,0.663,52.7,,,0.663,52.7,probable_starter,auto_role_rank_heuristic,0.29,,False
38,2026-06-21,Group Stage,H,Saudi Arabia,Spain,saudi_arabia_ali_lajami,Ali Lajami,Defender,Defender,3,0.0963,C,0.443,0.859,65.1,,,0.859,65.1,locked_starter,auto_role_rank_heuristic,0.479,,False
38,2026-06-21,Group Stage,H,Saudi Arabia,Spain,saudi_arabia_ali_majrashi,Ali Majrashi,Defender,Defender,2,0.3234,B,0.73,0.98,72.7,,,0.98,72.7,locked_starter,auto_role_rank_heuristic,0.676,,False
38,2026-06-21,Group Stage,H,Saudi Arabia,Spain,saudi_arabia_hassan_altambakti,Hassan Altambakti,Defender,Defender,5,0.0,D,0.2,0.212,24.2,,,0.212,24.2,rotation,auto_role_rank_heuristic,0.29,,False
38,2026-06-21,Group Stage,H,Saudi Arabia,Spain,saudi_arabia_hassan_kadish,Hassan Kadish,Defender,Defender,6,0.0,D,0.2,0.212,24.2,,,0.212,24.2,rotation,auto_role_rank_heuristic,0.29,,False
38,2026-06-21,Group Stage,H,Saudi Arabia,Spain,saudi_arabia_jehad_thikri,Jehad Thikri,Defender,Defender,7,0.0,D,0.2,0.212,24.2,,,0.212,24.2,rotation,auto_role_rank_heuristic,0.29,,False
38,2026-06-21,Group Stage,H,Saudi Arabia,Spain,saudi_arabia_mohammed_abu_alshamat,Mohammed Abu Alshamat,Defender,Defender,8,0.0,D,0.2,0.013,11.6,,,0.013,11.6,bench_option,auto_role_rank_heuristic,0.29,,False
38,2026-06-21,Group Stage,H,Saudi Arabia,Spain,saudi_arabia_moteb_alharbi,Moteb Alharbi,Defender,Defender,9,0.0,D,0.2,0.013,11.6,,,0.013,11.6,bench_option,auto_role_rank_heuristic,0.29,,False
38,2026-06-21,Group Stage,H,Saudi Arabia,Spain,saudi_arabia_nawaf_bu_washl,Nawaf Bu Washl,Defender,Defender,10,0.0,D,0.2,0.013,11.6,,,0.013,11.6,bench_option,auto_role_rank_heuristic,0.29,,False
38,2026-06-21,Group Stage,H,Saudi Arabia,Spain,saudi_arabia_saud_abdulhamid,Saud Abdulhamid,Defender,Defender,1,0.4854,A,0.813,0.98,72.7,,,0.98,72.7,locked_starter,auto_role_rank_heuristic,0.786,,False
38,2026-06-21,Group Stage,H,Saudi Arabia,Spain,saudi_arabia_abdullah_alhamddan,Abdullah Alhamddan,Forward,Forward,3,0.0,D,0.2,0.61,48.4,,,0.61,48.4,probable_starter,auto_role_rank_heuristic,0.29,,False
38,2026-06-21,Group Stage,H,Saudi Arabia,Spain,saudi_arabia_aiman_yahya,Aiman Yahya,Forward,Forward,4,0.0,D,0.2,0.212,31.5,,,0.212,31.5,rotation,auto_role_rank_heuristic,0.29,,False
38,2026-06-21,Group Stage,H,Saudi Arabia,Spain,saudi_arabia_feras_albrikan,Feras Albrikan,Forward,Forward,5,0.0,D,0.2,0.212,31.5,,,0.212,31.5,rotation,auto_role_rank_heuristic,0.29,,False
38,2026-06-21,Group Stage,H,Saudi Arabia,Spain,saudi_arabia_khalid_alghannam,Khalid Alghannam,Forward,Forward,6,0.0,D,0.2,0.212,31.5,,,0.212,31.5,rotation,auto_role_rank_heuristic,0.29,,False
38,2026-06-21,Group Stage,H,Saudi Arabia,Spain,saudi_arabia_saleh_alshehri,Saleh Alshehri,Forward,Forward,2,0.1453,D,0.2,0.626,49.1,,,0.626,49.1,probable_starter,auto_role_rank_heuristic,0.326,,False
38,2026-06-21,Group Stage,H,Saudi Arabia,Spain,saudi_arabia_salem_aldawsari,Salem Aldawsari,Forward,Forward,1,0.1575,D,0.2,0.627,49.1,,,0.627,49.1,probable_starter,auto_role_rank_heuristic,0.329,,False
38,2026-06-21,Group Stage,H,Saudi Arabia,Spain,saudi_arabia_sultan_mandash,Sultan Mandash,Forward,Forward,7,0.0,D,0.2,0.212,31.5,,,0.212,31.5,rotation,auto_role_rank_heuristic,0.29,,False
38,2026-06-21,Group Stage,H,Saudi Arabia,Spain,saudi_arabia_ahmed_alkassar,Ahmed Alkassar,Goalkeeper,Goalkeeper,1,0.0,D,0.2,0.796,64.6,,,0.796,64.6,locked_starter,auto_role_rank_heuristic,0.29,,False
38,2026-06-21,Group Stage,H,Saudi Arabia,Spain,saudi_arabia_mohammed_alowais,Mohammed Alowais,Goalkeeper,Goalkeeper,2,0.0,D,0.2,0.013,1.1,,,0.013,1.1,bench_option,auto_role_rank_heuristic,0.29,,False
38,2026-06-21,Group Stage,H,Saudi Arabia,Spain,saudi_arabia_nawaf_alaqidi,Nawaf Alaqidi,Goalkeeper,Goalkeeper,3,0.0,D,0.2,0.013,1.1,,,0.013,1.1,bench_option,auto_role_rank_heuristic,0.29,,False
38,2026-06-21,Group Stage,H,Saudi Arabia,Spain,saudi_arabia_abdullah_alkhaibari,Abdullah Alkhaibari,Midfielder,Midfielder,2,0.0,D,0.2,0.636,50.8,,,0.636,50.8,probable_starter,auto_role_rank_heuristic,0.29,,False
38,2026-06-21,Group Stage,H,Saudi Arabia,Spain,saudi_arabia_ala_alhajji,Ala Alhajji,Midfielder,Midfielder,3,0.0,D,0.2,0.636,50.8,,,0.636,50.8,probable_starter,auto_role_rank_heuristic,0.29,,False
38,2026-06-21,Group Stage,H,Saudi Arabia,Spain,saudi_arabia_mohamed_kanno,Mohamed Kanno,Midfielder,Midfielder,1,0.3123,B,0.724,0.961,66.7,,,0.961,66.7,locked_starter,auto_role_rank_heuristic,0.671,,False
38,2026-06-21,Group Stage,H,Saudi Arabia,Spain,saudi_arabia_musab_aljuwayr,Musab Aljuwayr,Midfielder,Midfielder,4,0.0,D,0.2,0.636,50.8,,,0.636,50.8,probable_starter,auto_role_rank_heuristic,0.29,,False
38,2026-06-21,Group Stage,H,Saudi Arabia,Spain,saudi_arabia_nasser_aldawsari,Nasser Aldawsari,Midfielder,Midfielder,5,0.0,D,0.2,0.212,30.2,,,0.212,30.2,rotation,auto_role_rank_heuristic,0.29,,False
38,2026-06-21,Group Stage,H,Saudi Arabia,Spain,saudi_arabia_ziyad_aljohani,Ziyad Aljohani,Midfielder,Midfielder,6,0.0,D,0.2,0.212,30.2,,,0.212,30.2,rotation,auto_role_rank_heuristic,0.29,,False
37,2026-06-21,Group Stage,H,Uruguay,Cape Verde,uruguay_guillermo_varela,Guillermo Varela,Defender,Defender,6,0.2213,D,0.2,0.173,21.4,,,0.173,21.4,bench_option,auto_role_rank_heuristic,0.345,,False
37,2026-06-21,Group Stage,H,Uruguay,Cape Verde,uruguay_jose_maria_gimenez,Jose Maria Gimenez,Defender,Defender,4,0.5228,A,0.798,0.778,59.1,,,0.778,59.1,locked_starter,auto_role_rank_heuristic,0.79,,False
37,2026-06-21,Group Stage,H,Uruguay,Cape Verde,uruguay_mathias_olivera,Mathias Olivera,Defender,Defender,3,0.5916,A,0.814,0.783,59.4,,,0.783,59.4,locked_starter,auto_role_rank_heuristic,0.813,,False
37,2026-06-21,Group Stage,H,Uruguay,Cape Verde,uruguay_matias_vina,Matias Vina,Defender,Defender,5,0.2613,D,0.2,0.176,21.6,,,0.176,21.6,bench_option,auto_role_rank_heuristic,0.355,,False
37,2026-06-21,Group Stage,H,Uruguay,Cape Verde,uruguay_ronald_araujo,Ronald Araujo,Defender,Defender,1,0.6518,A,0.789,0.788,59.7,,,0.788,59.7,locked_starter,auto_role_rank_heuristic,0.819,,False
37,2026-06-21,Group Stage,H,Uruguay,Cape Verde,uruguay_santiago_bueno,Santiago Bueno,Defender,Defender,2,0.6367,A,0.913,0.787,59.6,,,0.787,59.6,locked_starter,auto_role_rank_heuristic,0.859,,False
37,2026-06-21,Group Stage,H,Uruguay,Cape Verde,uruguay_sebastian_caceres,Sebastian Caceres,Defender,Defender,7,0.0563,D,0.2,0.16,20.6,,,0.16,20.6,bench_option,auto_role_rank_heuristic,0.304,,False
37,2026-06-21,Group Stage,H,Uruguay,Cape Verde,uruguay_brian_rodriguez,Brian Rodriguez,Forward,Forward,4,0.2375,C,0.55,0.309,35.1,,,0.309,35.1,rotation,auto_role_rank_heuristic,0.552,,False
37,2026-06-21,Group Stage,H,Uruguay,Cape Verde,uruguay_darwin_nunez,Darwin Nunez,Forward,Forward,1,0.5975,B,0.654,0.706,51.7,,,0.706,51.7,probable_starter,auto_role_rank_heuristic,0.718,,False
37,2026-06-21,Group Stage,H,Uruguay,Cape Verde,uruguay_facundo_pellistri,Facundo Pellistri,Forward,Forward,3,0.3952,C,0.55,0.613,47.8,,,0.613,47.8,probable_starter,auto_role_rank_heuristic,0.591,,False
37,2026-06-21,Group Stage,H,Uruguay,Cape Verde,uruguay_federico_vinas,Federico Vinas,Forward,Forward,2,0.4824,A,0.903,0.736,53.0,,,0.736,53.0,probable_starter,auto_role_rank_heuristic,0.817,,False
37,2026-06-21,Group Stage,H,Uruguay,Cape Verde,uruguay_rodrigo_aguirre,Rodrigo Aguirre,Forward,Forward,5,0.2176,D,0.2,0.172,29.4,,,0.172,29.4,bench_option,auto_role_rank_heuristic,0.344,,False
37,2026-06-21,Group Stage,H,Uruguay,Cape Verde,uruguay_fernando_muslera,Fernando Muslera,Goalkeeper,Goalkeeper,1,0.4969,C,0.55,0.757,60.6,,,0.757,60.6,locked_starter,auto_role_rank_heuristic,0.617,,False
37,2026-06-21,Group Stage,H,Uruguay,Cape Verde,uruguay_santiago_mele,Santiago Mele,Goalkeeper,Goalkeeper,3,0.0425,D,0.2,0.01,0.8,,,0.01,0.8,bench_option,auto_role_rank_heuristic,0.301,,False
37,2026-06-21,Group Stage,H,Uruguay,Cape Verde,uruguay_sergio_rochet,Sergio Rochet,Goalkeeper,Goalkeeper,2,0.1636,D,0.2,0.01,0.8,,,0.01,0.8,bench_option,auto_role_rank_heuristic,0.331,,False
37,2026-06-21,Group Stage,H,Uruguay,Cape Verde,uruguay_agustin_canobbio,Agustin Canobbio,Midfielder,Midfielder,10,0.0413,D,0.2,0.01,20.0,,,0.01,20.0,bench_option,auto_role_rank_heuristic,0.3,,False
37,2026-06-21,Group Stage,H,Uruguay,Cape Verde,uruguay_emiliano_martinez,Emiliano Martinez,Midfielder,Midfielder,7,0.1789,D,0.2,0.169,27.7,,,0.169,27.7,bench_option,auto_role_rank_heuristic,0.335,,False
37,2026-06-21,Group Stage,H,Uruguay,Cape Verde,uruguay_federico_valverde,Federico Valverde,Midfielder,Midfielder,1,0.961,A,0.928,0.792,57.6,,,0.792,57.6,locked_starter,auto_role_rank_heuristic,0.88,,False
37,2026-06-21,Group Stage,H,Uruguay,Cape Verde,uruguay_giorgian_de_arrascaeta,Giorgian de Arrascaeta,Midfielder,Midfielder,8,0.0963,D,0.2,0.163,27.4,,,0.163,27.4,bench_option,auto_role_rank_heuristic,0.314,,False
37,2026-06-21,Group Stage,H,Uruguay,Cape Verde,uruguay_joaquin_piquerez,Joaquin Piquerez,Midfielder,Midfielder,11,0.0,D,0.2,0.01,20.0,,,0.01,20.0,bench_option,auto_role_rank_heuristic,0.29,,False
37,2026-06-21,Group Stage,H,Uruguay,Cape Verde,uruguay_juan_manuel_sanabria,Juan Manuel Sanabria,Midfielder,Midfielder,3,0.6259,B,0.626,0.727,54.5,,,0.727,54.5,probable_starter,auto_role_rank_heuristic,0.716,,False
37,2026-06-21,Group Stage,H,Uruguay,Cape Verde,uruguay_manuel_ugarte,Manuel Ugarte,Midfielder,Midfielder,4,0.5794,C,0.459,0.646,50.6,,,0.646,50.6,probable_starter,auto_role_rank_heuristic,0.605,,False
37,2026-06-21,Group Stage,H,Uruguay,Cape Verde,uruguay_maxi_araujo,Maxi Araujo,Midfielder,Midfielder,6,0.4891,C,0.55,0.329,35.4,,,0.329,35.4,rotation,auto_role_rank_heuristic,0.615,,False
37,2026-06-21,Group Stage,H,Uruguay,Cape Verde,uruguay_nicolas_de_la_cruz,Nicolas de la Cruz,Midfielder,Midfielder,9,0.0788,D,0.2,0.01,20.0,,,0.01,20.0,bench_option,auto_role_rank_heuristic,0.31,,False
37,2026-06-21,Group Stage,H,Uruguay,Cape Verde,uruguay_rodrigo_bentancur,Rodrigo Bentancur,Midfielder,Midfielder,2,0.7211,A,0.857,0.774,56.7,,,0.774,56.7,locked_starter,auto_role_rank_heuristic,0.86,,False
37,2026-06-21,Group Stage,H,Uruguay,Cape Verde,uruguay_rodrigo_zalazar,Rodrigo Zalazar,Midfielder,Midfielder,5,0.5759,B,0.712,0.413,39.4,,,0.413,39.4,rotation,auto_role_rank_heuristic,0.733,,False
37,2026-06-21,Group Stage,H,Cape Verde,Uruguay,cape_verde_diney_borges,Diney Borges,Defender,Defender,5,0.15,D,0.2,0.194,23.0,,,0.194,23.0,bench_option,auto_role_rank_heuristic,0.327,,False
37,2026-06-21,Group Stage,H,Cape Verde,Uruguay,cape_verde_kelvin_pires,Kelvin Pires,Defender,Defender,6,0.0,D,0.2,0.18,22.1,,,0.18,22.1,bench_option,auto_role_rank_heuristic,0.29,,False
37,2026-06-21,Group Stage,H,Cape Verde,Uruguay,cape_verde_logan_costa,Logan Costa,Defender,Defender,3,0.4359,D,0.202,0.692,54.3,,,0.692,54.3,probable_starter,auto_role_rank_heuristic,0.4,,False
37,2026-06-21,Group Stage,H,Cape Verde,Uruguay,cape_verde_pico_lopes,Pico Lopes,Defender,Defender,7,0.0,D,0.2,0.18,22.1,,,0.18,22.1,bench_option,auto_role_rank_heuristic,0.29,,False
37,2026-06-21,Group Stage,H,Cape Verde,Uruguay,cape_verde_sidny_lopes_cabral,Sidny Lopes Cabral,Defender,Defender,2,0.4397,B,0.69,0.849,64.2,,,0.849,64.2,locked_starter,auto_role_rank_heuristic,0.691,,False
37,2026-06-21,Group Stage,H,Cape Verde,Uruguay,cape_verde_steven_moreira,Steven Moreira,Defender,Defender,4,0.3605,B,0.644,0.843,63.8,,,0.843,63.8,locked_starter,auto_role_rank_heuristic,0.656,,False
37,2026-06-21,Group Stage,H,Cape Verde,Uruguay,cape_verde_stopira,Stopira,Defender,Defender,8,0.0,D,0.2,0.011,11.5,,,0.011,11.5,bench_option,auto_role_rank_heuristic,0.29,,False
37,2026-06-21,Group Stage,H,Cape Verde,Uruguay,cape_verde_wagner_pina,Wagner Pina,Defender,Defender,1,0.647,B,0.753,0.869,65.5,,,0.869,65.5,locked_starter,auto_role_rank_heuristic,0.765,,False
37,2026-06-21,Group Stage,H,Cape Verde,Uruguay,cape_verde_dailon_livramento,Dailon Livramento,Forward,Forward,2,0.2288,A,0.779,0.83,57.5,,,0.83,57.5,locked_starter,auto_role_rank_heuristic,0.71,,False
37,2026-06-21,Group Stage,H,Cape Verde,Uruguay,cape_verde_gilson_benchimol,Gilson Benchimol,Forward,Forward,3,0.0,D,0.2,0.518,44.4,,,0.518,44.4,rotation,auto_role_rank_heuristic,0.29,,False
37,2026-06-21,Group Stage,H,Cape Verde,Uruguay,cape_verde_ryan_mendes,Ryan Mendes,Forward,Forward,1,0.2484,D,0.218,0.63,49.1,,,0.63,49.1,probable_starter,auto_role_rank_heuristic,0.358,,False
37,2026-06-21,Group Stage,H,Cape Verde,Uruguay,cape_verde_cj_dos_santos,Cj dos Santos,Goalkeeper,Goalkeeper,1,0.015,D,0.2,0.676,54.7,,,0.676,54.7,probable_starter,auto_role_rank_heuristic,0.294,,False
37,2026-06-21,Group Stage,H,Cape Verde,Uruguay,cape_verde_marcio_rosa,Marcio Rosa,Goalkeeper,Goalkeeper,2,0.0,D,0.2,0.011,0.9,,,0.011,0.9,bench_option,auto_role_rank_heuristic,0.29,,False
37,2026-06-21,Group Stage,H,Cape Verde,Uruguay,cape_verde_vozinha,Vozinha,Goalkeeper,Goalkeeper,3,0.0,D,0.2,0.011,0.9,,,0.011,0.9,bench_option,auto_role_rank_heuristic,0.29,,False
37,2026-06-21,Group Stage,H,Cape Verde,Uruguay,cape_verde_deroy_duarte,Deroy Duarte,Midfielder,Midfielder,8,0.2038,D,0.2,0.198,29.4,,,0.198,29.4,bench_option,auto_role_rank_heuristic,0.341,,False
37,2026-06-21,Group Stage,H,Cape Verde,Uruguay,cape_verde_garry_rodrigues,Garry Rodrigues,Midfielder,Midfielder,6,0.2865,D,0.35,0.296,34.1,,,0.296,34.1,rotation,auto_role_rank_heuristic,0.414,,False
37,2026-06-21,Group Stage,H,Cape Verde,Uruguay,cape_verde_helio_varela,Helio Varela,Midfielder,Midfielder,7,0.2179,D,0.211,0.289,33.8,,,0.289,33.8,rotation,auto_role_rank_heuristic,0.348,,False
37,2026-06-21,Group Stage,H,Cape Verde,Uruguay,cape_verde_jamiro_monteiro,Jamiro Monteiro,Midfielder,Midfielder,1,0.5395,B,0.656,0.836,60.4,,,0.836,60.4,locked_starter,auto_role_rank_heuristic,0.704,,False
37,2026-06-21,Group Stage,H,Cape Verde,Uruguay,cape_verde_joao_paulo,Joao Paulo,Midfielder,Midfielder,10,0.045,D,0.2,0.011,20.3,,,0.011,20.3,bench_option,auto_role_rank_heuristic,0.301,,False
37,2026-06-21,Group Stage,H,Cape Verde,Uruguay,cape_verde_jovane_cabral,Jovane Cabral,Midfielder,Midfielder,2,0.5226,B,0.689,0.835,60.3,,,0.835,60.3,locked_starter,auto_role_rank_heuristic,0.712,,False
37,2026-06-21,Group Stage,H,Cape Verde,Uruguay,cape_verde_kevin_pina,Kevin Pina,Midfielder,Midfielder,11,0.0,D,0.2,0.011,20.3,,,0.011,20.3,bench_option,auto_role_rank_heuristic,0.29,,False
37,2026-06-21,Group Stage,H,Cape Verde,Uruguay,cape_verde_laros_duarte,Laros Duarte,Midfielder,Midfielder,9,0.15,D,0.2,0.011,20.3,,,0.011,20.3,bench_option,auto_role_rank_heuristic,0.327,,False
37,2026-06-21,Group Stage,H,Cape Verde,Uruguay,cape_verde_nuno_da_costa,Nuno da Costa,Midfielder,Midfielder,4,0.3439,B,0.626,0.819,59.5,,,0.819,59.5,locked_starter,auto_role_rank_heuristic,0.645,,False
37,2026-06-21,Group Stage,H,Cape Verde,Uruguay,cape_verde_telmo_arcanjo,Telmo Arcanjo,Midfielder,Midfielder,3,0.3901,B,0.654,0.822,59.7,,,0.822,59.7,locked_starter,auto_role_rank_heuristic,0.666,,False
37,2026-06-21,Group Stage,H,Cape Verde,Uruguay,cape_verde_willy_semedo,Willy Semedo,Midfielder,Midfielder,5,0.3148,C,0.55,0.366,37.5,,,0.366,37.5,rotation,auto_role_rank_heuristic,0.571,,False
37,2026-06-21,Group Stage,H,Cape Verde,Uruguay,cape_verde_yannick_semedo,Yannick Semedo,Midfielder,Midfielder,12,0.0,D,0.2,0.011,20.3,,,0.011,20.3,bench_option,auto_role_rank_heuristic,0.29,,False
66,2026-06-26,Group Stage,H,Uruguay,Spain,uruguay_guillermo_varela,Guillermo Varela,Defender,Defender,6,0.2213,D,0.2,0.173,21.4,,,0.173,21.4,bench_option,auto_role_rank_heuristic,0.345,,False
66,2026-06-26,Group Stage,H,Uruguay,Spain,uruguay_jose_maria_gimenez,Jose Maria Gimenez,Defender,Defender,4,0.5228,A,0.798,0.778,59.1,,,0.778,59.1,locked_starter,auto_role_rank_heuristic,0.79,,False
66,2026-06-26,Group Stage,H,Uruguay,Spain,uruguay_mathias_olivera,Mathias Olivera,Defender,Defender,3,0.5916,A,0.814,0.783,59.4,,,0.783,59.4,locked_starter,auto_role_rank_heuristic,0.813,,False
66,2026-06-26,Group Stage,H,Uruguay,Spain,uruguay_matias_vina,Matias Vina,Defender,Defender,5,0.2613,D,0.2,0.176,21.6,,,0.176,21.6,bench_option,auto_role_rank_heuristic,0.355,,False
66,2026-06-26,Group Stage,H,Uruguay,Spain,uruguay_ronald_araujo,Ronald Araujo,Defender,Defender,1,0.6518,A,0.789,0.788,59.7,,,0.788,59.7,locked_starter,auto_role_rank_heuristic,0.819,,False
66,2026-06-26,Group Stage,H,Uruguay,Spain,uruguay_santiago_bueno,Santiago Bueno,Defender,Defender,2,0.6367,A,0.913,0.787,59.6,,,0.787,59.6,locked_starter,auto_role_rank_heuristic,0.859,,False
66,2026-06-26,Group Stage,H,Uruguay,Spain,uruguay_sebastian_caceres,Sebastian Caceres,Defender,Defender,7,0.0563,D,0.2,0.16,20.6,,,0.16,20.6,bench_option,auto_role_rank_heuristic,0.304,,False
66,2026-06-26,Group Stage,H,Uruguay,Spain,uruguay_brian_rodriguez,Brian Rodriguez,Forward,Forward,4,0.2375,C,0.55,0.309,35.1,,,0.309,35.1,rotation,auto_role_rank_heuristic,0.552,,False
66,2026-06-26,Group Stage,H,Uruguay,Spain,uruguay_darwin_nunez,Darwin Nunez,Forward,Forward,1,0.5975,B,0.654,0.706,51.7,,,0.706,51.7,probable_starter,auto_role_rank_heuristic,0.718,,False
66,2026-06-26,Group Stage,H,Uruguay,Spain,uruguay_facundo_pellistri,Facundo Pellistri,Forward,Forward,3,0.3952,C,0.55,0.613,47.8,,,0.613,47.8,probable_starter,auto_role_rank_heuristic,0.591,,False
66,2026-06-26,Group Stage,H,Uruguay,Spain,uruguay_federico_vinas,Federico Vinas,Forward,Forward,2,0.4824,A,0.903,0.736,53.0,,,0.736,53.0,probable_starter,auto_role_rank_heuristic,0.817,,False
66,2026-06-26,Group Stage,H,Uruguay,Spain,uruguay_rodrigo_aguirre,Rodrigo Aguirre,Forward,Forward,5,0.2176,D,0.2,0.172,29.4,,,0.172,29.4,bench_option,auto_role_rank_heuristic,0.344,,False
66,2026-06-26,Group Stage,H,Uruguay,Spain,uruguay_fernando_muslera,Fernando Muslera,Goalkeeper,Goalkeeper,1,0.4969,C,0.55,0.757,60.6,,,0.757,60.6,locked_starter,auto_role_rank_heuristic,0.617,,False
66,2026-06-26,Group Stage,H,Uruguay,Spain,uruguay_santiago_mele,Santiago Mele,Goalkeeper,Goalkeeper,3,0.0425,D,0.2,0.01,0.8,,,0.01,0.8,bench_option,auto_role_rank_heuristic,0.301,,False
66,2026-06-26,Group Stage,H,Uruguay,Spain,uruguay_sergio_rochet,Sergio Rochet,Goalkeeper,Goalkeeper,2,0.1636,D,0.2,0.01,0.8,,,0.01,0.8,bench_option,auto_role_rank_heuristic,0.331,,False
66,2026-06-26,Group Stage,H,Uruguay,Spain,uruguay_agustin_canobbio,Agustin Canobbio,Midfielder,Midfielder,10,0.0413,D,0.2,0.01,20.0,,,0.01,20.0,bench_option,auto_role_rank_heuristic,0.3,,False
66,2026-06-26,Group Stage,H,Uruguay,Spain,uruguay_emiliano_martinez,Emiliano Martinez,Midfielder,Midfielder,7,0.1789,D,0.2,0.169,27.7,,,0.169,27.7,bench_option,auto_role_rank_heuristic,0.335,,False
66,2026-06-26,Group Stage,H,Uruguay,Spain,uruguay_federico_valverde,Federico Valverde,Midfielder,Midfielder,1,0.961,A,0.928,0.792,57.6,,,0.792,57.6,locked_starter,auto_role_rank_heuristic,0.88,,False
66,2026-06-26,Group Stage,H,Uruguay,Spain,uruguay_giorgian_de_arrascaeta,Giorgian de Arrascaeta,Midfielder,Midfielder,8,0.0963,D,0.2,0.163,27.4,,,0.163,27.4,bench_option,auto_role_rank_heuristic,0.314,,False
66,2026-06-26,Group Stage,H,Uruguay,Spain,uruguay_joaquin_piquerez,Joaquin Piquerez,Midfielder,Midfielder,11,0.0,D,0.2,0.01,20.0,,,0.01,20.0,bench_option,auto_role_rank_heuristic,0.29,,False
66,2026-06-26,Group Stage,H,Uruguay,Spain,uruguay_juan_manuel_sanabria,Juan Manuel Sanabria,Midfielder,Midfielder,3,0.6259,B,0.626,0.727,54.5,,,0.727,54.5,probable_starter,auto_role_rank_heuristic,0.716,,False
66,2026-06-26,Group Stage,H,Uruguay,Spain,uruguay_manuel_ugarte,Manuel Ugarte,Midfielder,Midfielder,4,0.5794,C,0.459,0.646,50.6,,,0.646,50.6,probable_starter,auto_role_rank_heuristic,0.605,,False
66,2026-06-26,Group Stage,H,Uruguay,Spain,uruguay_maxi_araujo,Maxi Araujo,Midfielder,Midfielder,6,0.4891,C,0.55,0.329,35.4,,,0.329,35.4,rotation,auto_role_rank_heuristic,0.615,,False
66,2026-06-26,Group Stage,H,Uruguay,Spain,uruguay_nicolas_de_la_cruz,Nicolas de la Cruz,Midfielder,Midfielder,9,0.0788,D,0.2,0.01,20.0,,,0.01,20.0,bench_option,auto_role_rank_heuristic,0.31,,False
66,2026-06-26,Group Stage,H,Uruguay,Spain,uruguay_rodrigo_bentancur,Rodrigo Bentancur,Midfielder,Midfielder,2,0.7211,A,0.857,0.774,56.7,,,0.774,56.7,locked_starter,auto_role_rank_heuristic,0.86,,False
66,2026-06-26,Group Stage,H,Uruguay,Spain,uruguay_rodrigo_zalazar,Rodrigo Zalazar,Midfielder,Midfielder,5,0.5759,B,0.712,0.413,39.4,,,0.413,39.4,rotation,auto_role_rank_heuristic,0.733,,False
66,2026-06-26,Group Stage,H,Spain,Uruguay,spain_alex_grimaldo,Alex Grimaldo,Defender,Defender,7,0.3782,A,0.91,0.331,31.1,,,0.331,31.1,rotation,auto_role_rank_heuristic,0.793,,False
66,2026-06-26,Group Stage,H,Spain,Uruguay,spain_aymeric_laporte,Aymeric Laporte,Defender,Defender,5,0.7031,A,0.871,0.35,32.3,,,0.35,32.3,rotation,auto_role_rank_heuristic,0.861,,False
66,2026-06-26,Group Stage,H,Spain,Uruguay,spain_eric_garcia,Eric Garcia,Defender,Defender,2,0.8057,A,0.927,0.606,48.2,,,0.606,48.2,probable_starter,auto_role_rank_heuristic,0.88,,False
66,2026-06-26,Group Stage,H,Spain,Uruguay,spain_marc_cucurella,Marc Cucurella,Defender,Defender,3,0.749,A,0.926,0.604,48.1,,,0.604,48.1,probable_starter,auto_role_rank_heuristic,0.88,,False
66,2026-06-26,Group Stage,H,Spain,Uruguay,spain_marc_pubill,Marc Pubill,Defender,Defender,8,0.3722,A,0.815,0.169,21.1,,,0.169,21.1,bench_option,auto_role_rank_heuristic,0.758,,False
66,2026-06-26,Group Stage,H,Spain,Uruguay,spain_marcos_llorente,Marcos Llorente,Defender,Defender,4,0.7436,A,0.882,0.603,48.0,,,0.603,48.0,probable_starter,auto_role_rank_heuristic,0.875,,False
66,2026-06-26,Group Stage,H,Spain,Uruguay,spain_pau_cubarsi,Pau Cubarsi,Defender,Defender,6,0.6833,A,0.925,0.35,32.3,,,0.35,32.3,rotation,auto_role_rank_heuristic,0.875,,False
66,2026-06-26,Group Stage,H,Spain,Uruguay,spain_pedro_porro,Pedro Porro,Defender,Defender,1,0.8832,A,0.933,0.612,48.6,,,0.612,48.6,probable_starter,auto_role_rank_heuristic,0.88,,False
66,2026-06-26,Group Stage,H,Spain,Uruguay,spain_borja_iglesias,Borja Iglesias,Forward,Forward,6,0.5201,A,0.858,0.34,36.3,,,0.34,36.3,rotation,auto_role_rank_heuristic,0.81,,False
66,2026-06-26,Group Stage,H,Spain,Uruguay,spain_dani_olmo,Dani Olmo,Forward,Forward,3,0.6768,A,0.872,0.57,45.9,,,0.57,45.9,probable_starter,auto_role_rank_heuristic,0.854,,False
66,2026-06-26,Group Stage,H,Spain,Uruguay,spain_ferran_torres,Ferran Torres,Forward,Forward,4,0.6667,A,0.864,0.348,36.6,,,0.348,36.6,rotation,auto_role_rank_heuristic,0.849,,False
66,2026-06-26,Group Stage,H,Spain,Uruguay,spain_lamine_yamal,Lamine Yamal,Forward,Forward,2,0.7266,A,0.888,0.573,46.0,,,0.573,46.0,probable_starter,auto_role_rank_heuristic,0.872,,False
66,2026-06-26,Group Stage,H,Spain,Uruguay,spain_mikel_oyarzabal,Mikel Oyarzabal,Forward,Forward,1,0.7872,A,0.926,0.576,46.1,,,0.576,46.1,probable_starter,auto_role_rank_heuristic,0.88,,False
66,2026-06-26,Group Stage,H,Spain,Uruguay,spain_nico_williams,Nico Williams,Forward,Forward,5,0.6278,A,0.839,0.346,36.5,,,0.346,36.5,rotation,auto_role_rank_heuristic,0.831,,False
66,2026-06-26,Group Stage,H,Spain,Uruguay,spain_victor_munoz,Victor Munoz,Forward,Forward,7,0.4474,A,0.921,0.336,36.1,,,0.336,36.1,rotation,auto_role_rank_heuristic,0.814,,False
66,2026-06-26,Group Stage,H,Spain,Uruguay,spain_yeremy_pino,Yeremy Pino,Forward,Forward,8,0.2276,D,0.35,0.035,23.6,,,0.035,23.6,bench_option,auto_role_rank_heuristic,0.399,,False
66,2026-06-26,Group Stage,H,Spain,Uruguay,spain_david_raya,David Raya,Goalkeeper,Goalkeeper,2,0.9024,A,0.95,0.23,18.3,,,0.23,18.3,rotation,auto_role_rank_heuristic,0.88,,False
66,2026-06-26,Group Stage,H,Spain,Uruguay,spain_joan_garcia,Joan Garcia,Goalkeeper,Goalkeeper,3,0.8507,A,0.925,0.138,11.0,,,0.138,11.0,bench_option,auto_role_rank_heuristic,0.88,,False
66,2026-06-26,Group Stage,H,Spain,Uruguay,spain_unai_simon,Unai Simon,Goalkeeper,Goalkeeper,1,0.9794,A,0.95,0.69,55.0,,,0.69,55.0,probable_starter,auto_role_rank_heuristic,0.88,,False
66,2026-06-26,Group Stage,H,Spain,Uruguay,spain_alex_baena,Alex Baena,Midfielder,Midfielder,7,0.4241,A,0.83,0.334,35.4,,,0.334,35.4,rotation,auto_role_rank_heuristic,0.777,,False
66,2026-06-26,Group Stage,H,Spain,Uruguay,spain_fabian_ruiz,Fabian Ruiz,Midfielder,Midfielder,6,0.5063,C,0.55,0.251,31.5,,,0.251,31.5,rotation,auto_role_rank_heuristic,0.619,,False
66,2026-06-26,Group Stage,H,Spain,Uruguay,spain_gavi,Gavi,Midfielder,Midfielder,5,0.5419,C,0.438,0.252,31.5,,,0.252,31.5,rotation,auto_role_rank_heuristic,0.589,,False
66,2026-06-26,Group Stage,H,Spain,Uruguay,spain_martin_zubimendi,Martin Zubimendi,Midfielder,Midfielder,1,0.865,A,0.949,0.595,47.9,,,0.595,47.9,probable_starter,auto_role_rank_heuristic,0.88,,False
66,2026-06-26,Group Stage,H,Spain,Uruguay,spain_mikel_merino,Mikel Merino,Midfielder,Midfielder,4,0.5972,A,0.786,0.58,47.2,,,0.58,47.2,probable_starter,auto_role_rank_heuristic,0.804,,False
66,2026-06-26,Group Stage,H,Spain,Uruguay,spain_pedri,Pedri,Midfielder,Midfielder,3,0.7146,A,0.875,0.587,47.5,,,0.587,47.5,probable_starter,auto_role_rank_heuristic,0.865,,False
66,2026-06-26,Group Stage,H,Spain,Uruguay,spain_rodri,Rodri,Midfielder,Midfielder,2,0.8269,A,0.95,0.593,47.8,,,0.593,47.8,probable_starter,auto_role_rank_heuristic,0.88,,False
65,2026-06-26,Group Stage,H,Cape Verde,Saudi Arabia,cape_verde_diney_borges,Diney Borges,Defender,Defender,5,0.15,D,0.2,0.194,23.0,,,0.194,23.0,bench_option,auto_role_rank_heuristic,0.327,,False
65,2026-06-26,Group Stage,H,Cape Verde,Saudi Arabia,cape_verde_kelvin_pires,Kelvin Pires,Defender,Defender,6,0.0,D,0.2,0.18,22.1,,,0.18,22.1,bench_option,auto_role_rank_heuristic,0.29,,False
65,2026-06-26,Group Stage,H,Cape Verde,Saudi Arabia,cape_verde_logan_costa,Logan Costa,Defender,Defender,3,0.4359,D,0.202,0.692,54.3,,,0.692,54.3,probable_starter,auto_role_rank_heuristic,0.4,,False
65,2026-06-26,Group Stage,H,Cape Verde,Saudi Arabia,cape_verde_pico_lopes,Pico Lopes,Defender,Defender,7,0.0,D,0.2,0.18,22.1,,,0.18,22.1,bench_option,auto_role_rank_heuristic,0.29,,False
65,2026-06-26,Group Stage,H,Cape Verde,Saudi Arabia,cape_verde_sidny_lopes_cabral,Sidny Lopes Cabral,Defender,Defender,2,0.4397,B,0.69,0.849,64.2,,,0.849,64.2,locked_starter,auto_role_rank_heuristic,0.691,,False
65,2026-06-26,Group Stage,H,Cape Verde,Saudi Arabia,cape_verde_steven_moreira,Steven Moreira,Defender,Defender,4,0.3605,B,0.644,0.843,63.8,,,0.843,63.8,locked_starter,auto_role_rank_heuristic,0.656,,False
65,2026-06-26,Group Stage,H,Cape Verde,Saudi Arabia,cape_verde_stopira,Stopira,Defender,Defender,8,0.0,D,0.2,0.011,11.5,,,0.011,11.5,bench_option,auto_role_rank_heuristic,0.29,,False
65,2026-06-26,Group Stage,H,Cape Verde,Saudi Arabia,cape_verde_wagner_pina,Wagner Pina,Defender,Defender,1,0.647,B,0.753,0.869,65.5,,,0.869,65.5,locked_starter,auto_role_rank_heuristic,0.765,,False
65,2026-06-26,Group Stage,H,Cape Verde,Saudi Arabia,cape_verde_dailon_livramento,Dailon Livramento,Forward,Forward,2,0.2288,A,0.779,0.83,57.5,,,0.83,57.5,locked_starter,auto_role_rank_heuristic,0.71,,False
65,2026-06-26,Group Stage,H,Cape Verde,Saudi Arabia,cape_verde_gilson_benchimol,Gilson Benchimol,Forward,Forward,3,0.0,D,0.2,0.518,44.4,,,0.518,44.4,rotation,auto_role_rank_heuristic,0.29,,False
65,2026-06-26,Group Stage,H,Cape Verde,Saudi Arabia,cape_verde_ryan_mendes,Ryan Mendes,Forward,Forward,1,0.2484,D,0.218,0.63,49.1,,,0.63,49.1,probable_starter,auto_role_rank_heuristic,0.358,,False
65,2026-06-26,Group Stage,H,Cape Verde,Saudi Arabia,cape_verde_cj_dos_santos,Cj dos Santos,Goalkeeper,Goalkeeper,1,0.015,D,0.2,0.676,54.7,,,0.676,54.7,probable_starter,auto_role_rank_heuristic,0.294,,False
65,2026-06-26,Group Stage,H,Cape Verde,Saudi Arabia,cape_verde_marcio_rosa,Marcio Rosa,Goalkeeper,Goalkeeper,2,0.0,D,0.2,0.011,0.9,,,0.011,0.9,bench_option,auto_role_rank_heuristic,0.29,,False
65,2026-06-26,Group Stage,H,Cape Verde,Saudi Arabia,cape_verde_vozinha,Vozinha,Goalkeeper,Goalkeeper,3,0.0,D,0.2,0.011,0.9,,,0.011,0.9,bench_option,auto_role_rank_heuristic,0.29,,False
65,2026-06-26,Group Stage,H,Cape Verde,Saudi Arabia,cape_verde_deroy_duarte,Deroy Duarte,Midfielder,Midfielder,8,0.2038,D,0.2,0.198,29.4,,,0.198,29.4,bench_option,auto_role_rank_heuristic,0.341,,False
65,2026-06-26,Group Stage,H,Cape Verde,Saudi Arabia,cape_verde_garry_rodrigues,Garry Rodrigues,Midfielder,Midfielder,6,0.2865,D,0.35,0.296,34.1,,,0.296,34.1,rotation,auto_role_rank_heuristic,0.414,,False
65,2026-06-26,Group Stage,H,Cape Verde,Saudi Arabia,cape_verde_helio_varela,Helio Varela,Midfielder,Midfielder,7,0.2179,D,0.211,0.289,33.8,,,0.289,33.8,rotation,auto_role_rank_heuristic,0.348,,False
65,2026-06-26,Group Stage,H,Cape Verde,Saudi Arabia,cape_verde_jamiro_monteiro,Jamiro Monteiro,Midfielder,Midfielder,1,0.5395,B,0.656,0.836,60.4,,,0.836,60.4,locked_starter,auto_role_rank_heuristic,0.704,,False
65,2026-06-26,Group Stage,H,Cape Verde,Saudi Arabia,cape_verde_joao_paulo,Joao Paulo,Midfielder,Midfielder,10,0.045,D,0.2,0.011,20.3,,,0.011,20.3,bench_option,auto_role_rank_heuristic,0.301,,False
65,2026-06-26,Group Stage,H,Cape Verde,Saudi Arabia,cape_verde_jovane_cabral,Jovane Cabral,Midfielder,Midfielder,2,0.5226,B,0.689,0.835,60.3,,,0.835,60.3,locked_starter,auto_role_rank_heuristic,0.712,,False
65,2026-06-26,Group Stage,H,Cape Verde,Saudi Arabia,cape_verde_kevin_pina,Kevin Pina,Midfielder,Midfielder,11,0.0,D,0.2,0.011,20.3,,,0.011,20.3,bench_option,auto_role_rank_heuristic,0.29,,False
65,2026-06-26,Group Stage,H,Cape Verde,Saudi Arabia,cape_verde_laros_duarte,Laros Duarte,Midfielder,Midfielder,9,0.15,D,0.2,0.011,20.3,,,0.011,20.3,bench_option,auto_role_rank_heuristic,0.327,,False
65,2026-06-26,Group Stage,H,Cape Verde,Saudi Arabia,cape_verde_nuno_da_costa,Nuno da Costa,Midfielder,Midfielder,4,0.3439,B,0.626,0.819,59.5,,,0.819,59.5,locked_starter,auto_role_rank_heuristic,0.645,,False
65,2026-06-26,Group Stage,H,Cape Verde,Saudi Arabia,cape_verde_telmo_arcanjo,Telmo Arcanjo,Midfielder,Midfielder,3,0.3901,B,0.654,0.822,59.7,,,0.822,59.7,locked_starter,auto_role_rank_heuristic,0.666,,False
65,2026-06-26,Group Stage,H,Cape Verde,Saudi Arabia,cape_verde_willy_semedo,Willy Semedo,Midfielder,Midfielder,5,0.3148,C,0.55,0.366,37.5,,,0.366,37.5,rotation,auto_role_rank_heuristic,0.571,,False
65,2026-06-26,Group Stage,H,Cape Verde,Saudi Arabia,cape_verde_yannick_semedo,Yannick Semedo,Midfielder,Midfielder,12,0.0,D,0.2,0.011,20.3,,,0.011,20.3,bench_option,auto_role_rank_heuristic,0.29,,False
65,2026-06-26,Group Stage,H,Saudi Arabia,Cape Verde,saudi_arabia_abdulelah_alamri,Abdulelah Alamri,Defender,Defender,4,0.0,D,0.2,0.663,52.7,,,0.663,52.7,probable_starter,auto_role_rank_heuristic,0.29,,False
65,2026-06-26,Group Stage,H,Saudi Arabia,Cape Verde,saudi_arabia_ali_lajami,Ali Lajami,Defender,Defender,3,0.0963,C,0.443,0.859,65.1,,,0.859,65.1,locked_starter,auto_role_rank_heuristic,0.479,,False
65,2026-06-26,Group Stage,H,Saudi Arabia,Cape Verde,saudi_arabia_ali_majrashi,Ali Majrashi,Defender,Defender,2,0.3234,B,0.73,0.98,72.7,,,0.98,72.7,locked_starter,auto_role_rank_heuristic,0.676,,False
65,2026-06-26,Group Stage,H,Saudi Arabia,Cape Verde,saudi_arabia_hassan_altambakti,Hassan Altambakti,Defender,Defender,5,0.0,D,0.2,0.212,24.2,,,0.212,24.2,rotation,auto_role_rank_heuristic,0.29,,False
65,2026-06-26,Group Stage,H,Saudi Arabia,Cape Verde,saudi_arabia_hassan_kadish,Hassan Kadish,Defender,Defender,6,0.0,D,0.2,0.212,24.2,,,0.212,24.2,rotation,auto_role_rank_heuristic,0.29,,False
65,2026-06-26,Group Stage,H,Saudi Arabia,Cape Verde,saudi_arabia_jehad_thikri,Jehad Thikri,Defender,Defender,7,0.0,D,0.2,0.212,24.2,,,0.212,24.2,rotation,auto_role_rank_heuristic,0.29,,False
65,2026-06-26,Group Stage,H,Saudi Arabia,Cape Verde,saudi_arabia_mohammed_abu_alshamat,Mohammed Abu Alshamat,Defender,Defender,8,0.0,D,0.2,0.013,11.6,,,0.013,11.6,bench_option,auto_role_rank_heuristic,0.29,,False
65,2026-06-26,Group Stage,H,Saudi Arabia,Cape Verde,saudi_arabia_moteb_alharbi,Moteb Alharbi,Defender,Defender,9,0.0,D,0.2,0.013,11.6,,,0.013,11.6,bench_option,auto_role_rank_heuristic,0.29,,False
65,2026-06-26,Group Stage,H,Saudi Arabia,Cape Verde,saudi_arabia_nawaf_bu_washl,Nawaf Bu Washl,Defender,Defender,10,0.0,D,0.2,0.013,11.6,,,0.013,11.6,bench_option,auto_role_rank_heuristic,0.29,,False
65,2026-06-26,Group Stage,H,Saudi Arabia,Cape Verde,saudi_arabia_saud_abdulhamid,Saud Abdulhamid,Defender,Defender,1,0.4854,A,0.813,0.98,72.7,,,0.98,72.7,locked_starter,auto_role_rank_heuristic,0.786,,False
65,2026-06-26,Group Stage,H,Saudi Arabia,Cape Verde,saudi_arabia_abdullah_alhamddan,Abdullah Alhamddan,Forward,Forward,3,0.0,D,0.2,0.61,48.4,,,0.61,48.4,probable_starter,auto_role_rank_heuristic,0.29,,False
65,2026-06-26,Group Stage,H,Saudi Arabia,Cape Verde,saudi_arabia_aiman_yahya,Aiman Yahya,Forward,Forward,4,0.0,D,0.2,0.212,31.5,,,0.212,31.5,rotation,auto_role_rank_heuristic,0.29,,False
65,2026-06-26,Group Stage,H,Saudi Arabia,Cape Verde,saudi_arabia_feras_albrikan,Feras Albrikan,Forward,Forward,5,0.0,D,0.2,0.212,31.5,,,0.212,31.5,rotation,auto_role_rank_heuristic,0.29,,False
65,2026-06-26,Group Stage,H,Saudi Arabia,Cape Verde,saudi_arabia_khalid_alghannam,Khalid Alghannam,Forward,Forward,6,0.0,D,0.2,0.212,31.5,,,0.212,31.5,rotation,auto_role_rank_heuristic,0.29,,False
65,2026-06-26,Group Stage,H,Saudi Arabia,Cape Verde,saudi_arabia_saleh_alshehri,Saleh Alshehri,Forward,Forward,2,0.1453,D,0.2,0.626,49.1,,,0.626,49.1,probable_starter,auto_role_rank_heuristic,0.326,,False
65,2026-06-26,Group Stage,H,Saudi Arabia,Cape Verde,saudi_arabia_salem_aldawsari,Salem Aldawsari,Forward,Forward,1,0.1575,D,0.2,0.627,49.1,,,0.627,49.1,probable_starter,auto_role_rank_heuristic,0.329,,False
65,2026-06-26,Group Stage,H,Saudi Arabia,Cape Verde,saudi_arabia_sultan_mandash,Sultan Mandash,Forward,Forward,7,0.0,D,0.2,0.212,31.5,,,0.212,31.5,rotation,auto_role_rank_heuristic,0.29,,False
65,2026-06-26,Group Stage,H,Saudi Arabia,Cape Verde,saudi_arabia_ahmed_alkassar,Ahmed Alkassar,Goalkeeper,Goalkeeper,1,0.0,D,0.2,0.796,64.6,,,0.796,64.6,locked_starter,auto_role_rank_heuristic,0.29,,False
65,2026-06-26,Group Stage,H,Saudi Arabia,Cape Verde,saudi_arabia_mohammed_alowais,Mohammed Alowais,Goalkeeper,Goalkeeper,2,0.0,D,0.2,0.013,1.1,,,0.013,1.1,bench_option,auto_role_rank_heuristic,0.29,,False
65,2026-06-26,Group Stage,H,Saudi Arabia,Cape Verde,saudi_arabia_nawaf_alaqidi,Nawaf Alaqidi,Goalkeeper,Goalkeeper,3,0.0,D,0.2,0.013,1.1,,,0.013,1.1,bench_option,auto_role_rank_heuristic,0.29,,False
65,2026-06-26,Group Stage,H,Saudi Arabia,Cape Verde,saudi_arabia_abdullah_alkhaibari,Abdullah Alkhaibari,Midfielder,Midfielder,2,0.0,D,0.2,0.636,50.8,,,0.636,50.8,probable_starter,auto_role_rank_heuristic,0.29,,False
65,2026-06-26,Group Stage,H,Saudi Arabia,Cape Verde,saudi_arabia_ala_alhajji,Ala Alhajji,Midfielder,Midfielder,3,0.0,D,0.2,0.636,50.8,,,0.636,50.8,probable_starter,auto_role_rank_heuristic,0.29,,False
65,2026-06-26,Group Stage,H,Saudi Arabia,Cape Verde,saudi_arabia_mohamed_kanno,Mohamed Kanno,Midfielder,Midfielder,1,0.3123,B,0.724,0.961,66.7,,,0.961,66.7,locked_starter,auto_role_rank_heuristic,0.671,,False
65,2026-06-26,Group Stage,H,Saudi Arabia,Cape Verde,saudi_arabia_musab_aljuwayr,Musab Aljuwayr,Midfielder,Midfielder,4,0.0,D,0.2,0.636,50.8,,,0.636,50.8,probable_starter,auto_role_rank_heuristic,0.29,,False
65,2026-06-26,Group Stage,H,Saudi Arabia,Cape Verde,saudi_arabia_nasser_aldawsari,Nasser Aldawsari,Midfielder,Midfielder,5,0.0,D,0.2,0.212,30.2,,,0.212,30.2,rotation,auto_role_rank_heuristic,0.29,,False
65,2026-06-26,Group Stage,H,Saudi Arabia,Cape Verde,saudi_arabia_ziyad_aljohani,Ziyad Aljohani,Midfielder,Midfielder,6,0.0,D,0.2,0.212,30.2,,,0.212,30.2,rotation,auto_role_rank_heuristic,0.29,,False
17,2026-06-16,Group Stage,I,France,Senegal,france_dayot_upamecano,Dayot Upamecano,Defender,Defender,6,0.785,A,0.849,0.346,32.4,,,0.346,32.4,rotation,auto_role_rank_heuristic,0.873,,False
17,2026-06-16,Group Stage,I,France,Senegal,france_ibrahima_konate,Ibrahima Konate,Defender,Defender,1,0.9651,A,0.95,0.6,48.3,,,0.6,48.3,probable_starter,auto_role_rank_heuristic,0.88,,False
17,2026-06-16,Group Stage,I,France,Senegal,france_jules_kounde,Jules Kounde,Defender,Defender,4,0.8467,A,0.888,0.593,47.9,,,0.593,47.9,probable_starter,auto_role_rank_heuristic,0.88,,False
17,2026-06-16,Group Stage,I,France,Senegal,france_lucas_digne,Lucas Digne,Defender,Defender,5,0.8004,A,0.854,0.347,32.5,,,0.347,32.5,rotation,auto_role_rank_heuristic,0.879,,False
17,2026-06-16,Group Stage,I,France,Senegal,france_lucas_hernandez,Lucas Hernandez,Defender,Defender,7,0.6743,A,0.846,0.34,32.0,,,0.34,32.0,rotation,auto_role_rank_heuristic,0.845,,False
17,2026-06-16,Group Stage,I,France,Senegal,france_malo_gusto,Malo Gusto,Defender,Defender,9,0.5278,A,0.888,0.173,21.6,,,0.173,21.6,bench_option,auto_role_rank_heuristic,0.823,,False
17,2026-06-16,Group Stage,I,France,Senegal,france_maxence_lacroix,Maxence Lacroix,Defender,Defender,3,0.9036,A,0.95,0.596,48.1,,,0.596,48.1,probable_starter,auto_role_rank_heuristic,0.88,,False
17,2026-06-16,Group Stage,I,France,Senegal,france_theo_hernandez,Theo Hernandez,Defender,Defender,8,0.6055,B,0.778,0.149,20.1,,,0.149,20.1,bench_option,auto_role_rank_heuristic,0.764,,False
17,2026-06-16,Group Stage,I,France,Senegal,france_william_saliba,William Saliba,Defender,Defender,2,0.9097,A,0.918,0.597,48.1,,,0.597,48.1,probable_starter,auto_role_rank_heuristic,0.88,,False
17,2026-06-16,Group Stage,I,France,Senegal,france_bradley_barcola,Bradley Barcola,Forward,Forward,6,0.5956,A,0.845,0.335,36.4,,,0.335,36.4,rotation,auto_role_rank_heuristic,0.825,,False
17,2026-06-16,Group Stage,I,France,Senegal,france_desire_doue,Desire Doue,Forward,Forward,7,0.4812,A,0.812,0.328,36.2,,,0.328,36.2,rotation,auto_role_rank_heuristic,0.784,,False
17,2026-06-16,Group Stage,I,France,Senegal,france_jean_philippe_mateta,Jean-Philippe Mateta,Forward,Forward,4,0.6348,A,0.885,0.337,36.5,,,0.337,36.5,rotation,auto_role_rank_heuristic,0.848,,False
17,2026-06-16,Group Stage,I,France,Senegal,france_kylian_mbappe,Kylian Mbappe,Forward,Forward,1,0.7866,A,0.917,0.561,45.9,,,0.561,45.9,probable_starter,auto_role_rank_heuristic,0.88,,False
17,2026-06-16,Group Stage,I,France,Senegal,france_marcus_thuram,Marcus Thuram,Forward,Forward,2,0.6767,A,0.858,0.555,45.7,,,0.555,45.7,probable_starter,auto_role_rank_heuristic,0.849,,False
17,2026-06-16,Group Stage,I,France,Senegal,france_michael_olise,Michael Olise,Forward,Forward,3,0.6391,A,0.893,0.552,45.6,,,0.552,45.6,probable_starter,auto_role_rank_heuristic,0.852,,False
17,2026-06-16,Group Stage,I,France,Senegal,france_ousmane_dembele,Ousmane Dembele,Forward,Forward,5,0.6094,A,0.789,0.336,36.5,,,0.336,36.5,rotation,auto_role_rank_heuristic,0.808,,False
17,2026-06-16,Group Stage,I,France,Senegal,france_brice_samba,Brice Samba,Goalkeeper,Goalkeeper,3,0.8608,A,0.94,0.135,10.9,,,0.135,10.9,bench_option,auto_role_rank_heuristic,0.88,,False
17,2026-06-16,Group Stage,I,France,Senegal,france_mike_maignan,Mike Maignan,Goalkeeper,Goalkeeper,1,0.9782,A,0.95,0.672,54.1,,,0.672,54.1,probable_starter,auto_role_rank_heuristic,0.88,,False
17,2026-06-16,Group Stage,I,France,Senegal,france_robin_risser,Robin Risser,Goalkeeper,Goalkeeper,2,0.8705,A,0.948,0.222,17.9,,,0.222,17.9,rotation,auto_role_rank_heuristic,0.88,,False
17,2026-06-16,Group Stage,I,France,Senegal,france_adrien_rabiot,Adrien Rabiot,Midfielder,Midfielder,4,0.7584,A,0.92,0.574,47.4,,,0.574,47.4,probable_starter,auto_role_rank_heuristic,0.88,,False
17,2026-06-16,Group Stage,I,France,Senegal,france_aurelien_tchouameni,Aurelien Tchouameni,Midfielder,Midfielder,3,0.7699,A,0.918,0.575,47.5,,,0.575,47.5,probable_starter,auto_role_rank_heuristic,0.88,,False
17,2026-06-16,Group Stage,I,France,Senegal,france_maghnes_akliouche,Maghnes Akliouche,Midfielder,Midfielder,6,0.705,A,0.9,0.341,36.1,,,0.341,36.1,rotation,auto_role_rank_heuristic,0.871,,False
17,2026-06-16,Group Stage,I,France,Senegal,france_manu_kone,Manu Kone,Midfielder,Midfielder,1,0.8646,A,0.905,0.58,47.7,,,0.58,47.7,probable_starter,auto_role_rank_heuristic,0.88,,False
17,2026-06-16,Group Stage,I,France,Senegal,france_ngolo_kante,Ngolo Kante,Midfielder,Midfielder,7,0.3714,C,0.55,0.236,31.1,,,0.236,31.1,rotation,auto_role_rank_heuristic,0.585,,False
17,2026-06-16,Group Stage,I,France,Senegal,france_rayan_cherki,Rayan Cherki,Midfielder,Midfielder,5,0.7079,A,0.849,0.342,36.2,,,0.342,36.2,rotation,auto_role_rank_heuristic,0.854,,False
17,2026-06-16,Group Stage,I,France,Senegal,france_warren_zaire_emery,Warren Zaire-Emery,Midfielder,Midfielder,2,0.8095,A,0.904,0.577,47.5,,,0.577,47.5,probable_starter,auto_role_rank_heuristic,0.88,,False
17,2026-06-16,Group Stage,I,Senegal,France,senegal_abdoulaye_seck,Abdoulaye Seck,Defender,Defender,8,0.4044,C,0.55,0.085,15.9,,,0.085,15.9,bench_option,auto_role_rank_heuristic,0.594,,False
17,2026-06-16,Group Stage,I,Senegal,France,senegal_antoine_mendy,Antoine Mendy,Defender,Defender,4,0.4834,A,0.875,0.603,48.2,,,0.603,48.2,probable_starter,auto_role_rank_heuristic,0.807,,False
17,2026-06-16,Group Stage,I,Senegal,France,senegal_ismail_jakobs,Ismail Jakobs,Defender,Defender,3,0.5257,B,0.658,0.575,46.4,,,0.575,46.4,probable_starter,auto_role_rank_heuristic,0.702,,False
17,2026-06-16,Group Stage,I,Senegal,France,senegal_kalidou_koulibaly,Kalidou Koulibaly,Defender,Defender,2,0.6348,B,0.683,0.582,46.9,,,0.582,46.9,probable_starter,auto_role_rank_heuristic,0.738,,False
17,2026-06-16,Group Stage,I,Senegal,France,senegal_krepin_diatta,Krepin Diatta,Defender,Defender,7,0.4064,A,0.784,0.342,31.9,,,0.342,31.9,rotation,auto_role_rank_heuristic,0.756,,False
17,2026-06-16,Group Stage,I,Senegal,France,senegal_mamadou_sarr,Mamadou Sarr,Defender,Defender,6,0.4592,A,0.817,0.345,32.1,,,0.345,32.1,rotation,auto_role_rank_heuristic,0.781,,False
17,2026-06-16,Group Stage,I,Senegal,France,senegal_moussa_niakhate,Moussa Niakhate,Defender,Defender,1,0.7154,A,0.93,0.616,49.0,,,0.616,49.0,probable_starter,auto_role_rank_heuristic,0.88,,False
17,2026-06-16,Group Stage,I,Senegal,France,senegal_el_hadji_malick_diouf,el Hadji Malick Diouf,Defender,Defender,5,0.4756,A,0.926,0.346,32.2,,,0.346,32.2,rotation,auto_role_rank_heuristic,0.823,,False
17,2026-06-16,Group Stage,I,Senegal,France,senegal_assane_diao,Assane Diao,Forward,Forward,5,0.4921,A,0.79,0.346,36.7,,,0.346,36.7,rotation,auto_role_rank_heuristic,0.78,,False
17,2026-06-16,Group Stage,I,Senegal,France,senegal_bamba_dieng,Bamba Dieng,Forward,Forward,8,0.4153,A,0.801,0.183,29.9,,,0.183,29.9,bench_option,auto_role_rank_heuristic,0.764,,False
17,2026-06-16,Group Stage,I,Senegal,France,senegal_cherif_ndiaye,Cherif Ndiaye,Forward,Forward,4,0.5737,B,0.668,0.321,35.6,,,0.321,35.6,rotation,auto_role_rank_heuristic,0.717,,False
17,2026-06-16,Group Stage,I,Senegal,France,senegal_ibrahim_mbaye,Ibrahim Mbaye,Forward,Forward,6,0.4511,A,0.784,0.344,36.6,,,0.344,36.6,rotation,auto_role_rank_heuristic,0.767,,False
17,2026-06-16,Group Stage,I,Senegal,France,senegal_iliman_ndiaye,Iliman Ndiaye,Forward,Forward,1,0.7739,A,0.931,0.59,46.9,,,0.59,46.9,probable_starter,auto_role_rank_heuristic,0.88,,False
17,2026-06-16,Group Stage,I,Senegal,France,senegal_ismaila_sarr,Ismaila Sarr,Forward,Forward,3,0.7261,A,0.881,0.587,46.7,,,0.587,46.7,probable_starter,auto_role_rank_heuristic,0.87,,False
17,2026-06-16,Group Stage,I,Senegal,France,senegal_nicolas_jackson,Nicolas Jackson,Forward,Forward,7,0.4455,A,0.784,0.344,36.6,,,0.344,36.6,rotation,auto_role_rank_heuristic,0.766,,False
17,2026-06-16,Group Stage,I,Senegal,France,senegal_sadio_mane,Sadio Mane,Forward,Forward,2,0.7455,B,0.727,0.558,45.5,,,0.558,45.5,probable_starter,auto_role_rank_heuristic,0.781,,False
17,2026-06-16,Group Stage,I,Senegal,France,senegal_edouard_mendy,Edouard Mendy,Goalkeeper,Goalkeeper,1,0.8248,B,0.745,0.668,53.4,,,0.668,53.4,probable_starter,auto_role_rank_heuristic,0.807,,False
17,2026-06-16,Group Stage,I,Senegal,France,senegal_mory_diaw,Mory Diaw,Goalkeeper,Goalkeeper,2,0.8046,A,0.921,0.229,18.3,,,0.229,18.3,rotation,auto_role_rank_heuristic,0.88,,False
17,2026-06-16,Group Stage,I,Senegal,France,senegal_yehvann_diouf,Yehvann Diouf,Goalkeeper,Goalkeeper,3,0.7998,A,0.895,0.139,11.1,,,0.139,11.1,bench_option,auto_role_rank_heuristic,0.88,,False
17,2026-06-16,Group Stage,I,Senegal,France,senegal_bara_sapoko_ndiaye,Bara Sapoko Ndiaye,Midfielder,Midfielder,7,0.0,D,0.2,0.121,25.4,,,0.121,25.4,bench_option,auto_role_rank_heuristic,0.29,,False
17,2026-06-16,Group Stage,I,Senegal,France,senegal_habib_diarra,Habib Diarra,Midfielder,Midfielder,5,0.5357,A,0.817,0.349,36.3,,,0.349,36.3,rotation,auto_role_rank_heuristic,0.8,,False
17,2026-06-16,Group Stage,I,Senegal,France,senegal_idrissa_gana_gueye,Idrissa Gana Gueye,Midfielder,Midfielder,6,0.314,A,0.874,0.336,35.7,,,0.336,35.7,rotation,auto_role_rank_heuristic,0.764,,False
17,2026-06-16,Group Stage,I,Senegal,France,senegal_lamine_camara,Lamine Camara,Midfielder,Midfielder,1,0.714,A,0.854,0.601,48.4,,,0.601,48.4,probable_starter,auto_role_rank_heuristic,0.857,,False
17,2026-06-16,Group Stage,I,Senegal,France,senegal_pape_gueye,Pape Gueye,Midfielder,Midfielder,3,0.6259,A,0.878,0.596,48.1,,,0.596,48.1,probable_starter,auto_role_rank_heuristic,0.844,,False
17,2026-06-16,Group Stage,I,Senegal,France,senegal_pape_matar_sarr,Pape Matar Sarr,Midfielder,Midfielder,4,0.597,A,0.816,0.595,48.1,,,0.595,48.1,probable_starter,auto_role_rank_heuristic,0.815,,False
17,2026-06-16,Group Stage,I,Senegal,France,senegal_pathe_ciss,Pathe Ciss,Midfielder,Midfielder,2,0.6606,A,0.866,0.598,48.2,,,0.598,48.2,probable_starter,auto_role_rank_heuristic,0.848,,False
18,2026-06-16,Group Stage,I,Iraq,Norway,iraq_ahmed_yahya,Ahmed Yahya,Defender,Defender,3,0.0,D,0.2,0.637,51.5,,,0.637,51.5,probable_starter,auto_role_rank_heuristic,0.29,,False
18,2026-06-16,Group Stage,I,Iraq,Norway,iraq_akam_hashim,Akam Hashim,Defender,Defender,4,0.0,D,0.2,0.637,51.5,,,0.637,51.5,probable_starter,auto_role_rank_heuristic,0.29,,False
18,2026-06-16,Group Stage,I,Iraq,Norway,iraq_frans_putros,Frans Putros,Defender,Defender,5,0.0,D,0.2,0.204,23.9,,,0.204,23.9,rotation,auto_role_rank_heuristic,0.29,,False
18,2026-06-16,Group Stage,I,Iraq,Norway,iraq_hussein_ali,Hussein Ali,Defender,Defender,1,0.1401,D,0.2,0.651,52.4,,,0.651,52.4,probable_starter,auto_role_rank_heuristic,0.325,,False
18,2026-06-16,Group Stage,I,Iraq,Norway,iraq_merchas_doski,Merchas Doski,Defender,Defender,2,0.0362,D,0.2,0.641,51.7,,,0.641,51.7,probable_starter,auto_role_rank_heuristic,0.299,,False
18,2026-06-16,Group Stage,I,Iraq,Norway,iraq_munaf_younus,Munaf Younus,Defender,Defender,6,0.0,D,0.2,0.204,23.9,,,0.204,23.9,rotation,auto_role_rank_heuristic,0.29,,False
18,2026-06-16,Group Stage,I,Iraq,Norway,iraq_mustafa_saadoon,Mustafa Saadoon,Defender,Defender,7,0.0,D,0.2,0.204,23.9,,,0.204,23.9,rotation,auto_role_rank_heuristic,0.29,,False
18,2026-06-16,Group Stage,I,Iraq,Norway,iraq_rebin_ghareeb,Rebin Ghareeb,Defender,Defender,8,0.0,D,0.2,0.013,11.7,,,0.013,11.7,bench_option,auto_role_rank_heuristic,0.29,,False
18,2026-06-16,Group Stage,I,Iraq,Norway,iraq_zaid_tahseen,Zaid Tahseen,Defender,Defender,9,0.0,D,0.2,0.013,11.7,,,0.013,11.7,bench_option,auto_role_rank_heuristic,0.29,,False
18,2026-06-16,Group Stage,I,Iraq,Norway,iraq_ahmed_qasim,Ahmed Qasim,Forward,Forward,4,0.0797,D,0.35,0.313,36.1,,,0.313,36.1,rotation,auto_role_rank_heuristic,0.362,,False
18,2026-06-16,Group Stage,I,Iraq,Norway,iraq_ali_alhamadi,Ali Alhamadi,Forward,Forward,3,0.2466,D,0.35,0.713,53.2,,,0.713,53.2,probable_starter,auto_role_rank_heuristic,0.404,,False
18,2026-06-16,Group Stage,I,Iraq,Norway,iraq_ali_jasim,Ali Jasim,Forward,Forward,1,0.3673,B,0.684,0.903,61.4,,,0.903,61.4,locked_starter,auto_role_rank_heuristic,0.671,,False
18,2026-06-16,Group Stage,I,Iraq,Norway,iraq_ali_yousif,Ali Yousif,Forward,Forward,6,0.0,D,0.2,0.204,31.5,,,0.204,31.5,rotation,auto_role_rank_heuristic,0.29,,False
18,2026-06-16,Group Stage,I,Iraq,Norway,iraq_aymen_hussein,Aymen Hussein,Forward,Forward,7,0.0,D,0.2,0.204,31.5,,,0.204,31.5,rotation,auto_role_rank_heuristic,0.29,,False
18,2026-06-16,Group Stage,I,Iraq,Norway,iraq_marko_farji,Marko Farji,Forward,Forward,5,0.0063,D,0.2,0.205,31.5,,,0.205,31.5,rotation,auto_role_rank_heuristic,0.292,,False
18,2026-06-16,Group Stage,I,Iraq,Norway,iraq_mohanad_ali,Mohanad Ali,Forward,Forward,2,0.3038,D,0.35,0.718,53.5,,,0.718,53.5,probable_starter,auto_role_rank_heuristic,0.418,,False
18,2026-06-16,Group Stage,I,Iraq,Norway,iraq_ahmed_basil,Ahmed Basil,Goalkeeper,Goalkeeper,1,0.0,D,0.2,0.764,62.6,,,0.764,62.6,locked_starter,auto_role_rank_heuristic,0.29,,False
18,2026-06-16,Group Stage,I,Iraq,Norway,iraq_fahad_talib,Fahad Talib,Goalkeeper,Goalkeeper,2,0.0,D,0.2,0.013,1.1,,,0.013,1.1,bench_option,auto_role_rank_heuristic,0.29,,False
18,2026-06-16,Group Stage,I,Iraq,Norway,iraq_jalal_hassan,Jalal Hassan,Goalkeeper,Goalkeeper,3,0.0,D,0.2,0.013,1.1,,,0.013,1.1,bench_option,auto_role_rank_heuristic,0.29,,False
18,2026-06-16,Group Stage,I,Iraq,Norway,iraq_aimar_sher,Aimar Sher,Midfielder,Midfielder,4,0.1469,D,0.2,0.627,50.8,,,0.627,50.8,probable_starter,auto_role_rank_heuristic,0.327,,False
18,2026-06-16,Group Stage,I,Iraq,Norway,iraq_amir_alammari,Amir Alammari,Midfielder,Midfielder,2,0.1806,D,0.35,0.731,55.9,,,0.731,55.9,probable_starter,auto_role_rank_heuristic,0.388,,False
18,2026-06-16,Group Stage,I,Iraq,Norway,iraq_ibrahim_bayesh,Ibrahim Bayesh,Midfielder,Midfielder,3,0.1532,B,0.635,0.907,64.6,,,0.907,64.6,locked_starter,auto_role_rank_heuristic,0.601,,False
18,2026-06-16,Group Stage,I,Iraq,Norway,iraq_kevin_yakob,Kevin Yakob,Midfielder,Midfielder,5,0.1445,D,0.2,0.219,30.8,,,0.219,30.8,rotation,auto_role_rank_heuristic,0.326,,False
18,2026-06-16,Group Stage,I,Iraq,Norway,iraq_youssef_amyn,Youssef Amyn,Midfielder,Midfielder,6,0.0849,D,0.2,0.315,35.5,,,0.315,35.5,rotation,auto_role_rank_heuristic,0.311,,False
18,2026-06-16,Group Stage,I,Iraq,Norway,iraq_zaid_ismael,Zaid Ismael,Midfielder,Midfielder,7,0.0,D,0.2,0.204,30.0,,,0.204,30.0,rotation,auto_role_rank_heuristic,0.29,,False
18,2026-06-16,Group Stage,I,Iraq,Norway,iraq_zidane_iqbal,Zidane Iqbal,Midfielder,Midfielder,1,0.3215,D,0.217,0.746,56.7,,,0.746,56.7,probable_starter,auto_role_rank_heuristic,0.376,,False
18,2026-06-16,Group Stage,I,Norway,Iraq,norway_david_moller_wolfe,David Moller Wolfe,Defender,Defender,3,0.4676,C,0.55,0.633,50.8,,,0.633,50.8,probable_starter,auto_role_rank_heuristic,0.609,,False
18,2026-06-16,Group Stage,I,Norway,Iraq,norway_fredrik_andre_bjorkan,Fredrik Andre Bjorkan,Defender,Defender,5,0.0,D,0.2,0.15,20.3,,,0.15,20.3,bench_option,auto_role_rank_heuristic,0.29,,False
18,2026-06-16,Group Stage,I,Norway,Iraq,norway_henrik_falchener,Henrik Falchener,Defender,Defender,6,0.0,D,0.2,0.15,20.3,,,0.15,20.3,bench_option,auto_role_rank_heuristic,0.29,,False
18,2026-06-16,Group Stage,I,Norway,Iraq,norway_kristoffer_ajer,Kristoffer Ajer,Defender,Defender,1,0.628,A,0.851,0.758,58.7,,,0.758,58.7,locked_starter,auto_role_rank_heuristic,0.835,,False
18,2026-06-16,Group Stage,I,Norway,Iraq,norway_leo_ostigard,Leo Ostigard,Defender,Defender,2,0.525,C,0.55,0.638,51.1,,,0.638,51.1,probable_starter,auto_role_rank_heuristic,0.624,,False
18,2026-06-16,Group Stage,I,Norway,Iraq,norway_marcus_holmgren_pedersen,Marcus Holmgren Pedersen,Defender,Defender,7,0.0,D,0.2,0.15,20.3,,,0.15,20.3,bench_option,auto_role_rank_heuristic,0.29,,False
18,2026-06-16,Group Stage,I,Norway,Iraq,norway_sondre_langas,Sondre Langas,Defender,Defender,8,0.0,D,0.2,0.01,11.5,,,0.01,11.5,bench_option,auto_role_rank_heuristic,0.29,,False
18,2026-06-16,Group Stage,I,Norway,Iraq,norway_torbjorn_heggem,Torbjorn Heggem,Defender,Defender,4,0.26,C,0.55,0.618,49.8,,,0.618,49.8,probable_starter,auto_role_rank_heuristic,0.557,,False
18,2026-06-16,Group Stage,I,Norway,Iraq,norway_alexander_sorloth,Alexander Sorloth,Forward,Forward,4,0.3294,D,0.35,0.249,33.1,,,0.249,33.1,rotation,auto_role_rank_heuristic,0.425,,False
18,2026-06-16,Group Stage,I,Norway,Iraq,norway_antonio_nusa,Antonio Nusa,Forward,Forward,3,0.6248,A,0.869,0.72,53.1,,,0.72,53.1,probable_starter,auto_role_rank_heuristic,0.84,,False
18,2026-06-16,Group Stage,I,Norway,Iraq,norway_erling_haaland,Erling Haaland,Forward,Forward,1,0.8065,A,0.946,0.734,53.7,,,0.734,53.7,probable_starter,auto_role_rank_heuristic,0.88,,False
18,2026-06-16,Group Stage,I,Norway,Iraq,norway_jorgen_strand_larsen,Jorgen Strand Larsen,Forward,Forward,5,0.3211,D,0.2,0.249,33.1,,,0.249,33.1,rotation,auto_role_rank_heuristic,0.37,,False
18,2026-06-16,Group Stage,I,Norway,Iraq,norway_julian_ryerson,Julian Ryerson,Forward,Forward,2,0.7352,A,0.889,0.729,53.4,,,0.729,53.4,probable_starter,auto_role_rank_heuristic,0.875,,False
18,2026-06-16,Group Stage,I,Norway,Iraq,norway_egil_selvik,Egil Selvik,Goalkeeper,Goalkeeper,2,0.3253,C,0.55,0.137,11.1,,,0.137,11.1,bench_option,auto_role_rank_heuristic,0.574,,False
18,2026-06-16,Group Stage,I,Norway,Iraq,norway_orjan_nyland,Orjan Nyland,Goalkeeper,Goalkeeper,1,0.4976,C,0.55,0.73,59.3,,,0.73,59.3,probable_starter,auto_role_rank_heuristic,0.617,,False
18,2026-06-16,Group Stage,I,Norway,Iraq,norway_sander_tangvik,Sander Tangvik,Goalkeeper,Goalkeeper,3,0.101,D,0.206,0.01,0.8,,,0.01,0.8,bench_option,auto_role_rank_heuristic,0.317,,False
18,2026-06-16,Group Stage,I,Norway,Iraq,norway_andreas_schjelderup,Andreas Schjelderup,Midfielder,Midfielder,3,0.6743,B,0.694,0.705,54.2,,,0.705,54.2,probable_starter,auto_role_rank_heuristic,0.751,,False
18,2026-06-16,Group Stage,I,Norway,Iraq,norway_fredrik_aursnes,Fredrik Aursnes,Midfielder,Midfielder,2,0.8194,B,0.741,0.716,54.7,,,0.716,54.7,probable_starter,auto_role_rank_heuristic,0.804,,False
18,2026-06-16,Group Stage,I,Norway,Iraq,norway_jens_petter_hauge,Jens Petter Hauge,Midfielder,Midfielder,8,0.3297,D,0.35,0.249,32.0,,,0.249,32.0,rotation,auto_role_rank_heuristic,0.425,,False
18,2026-06-16,Group Stage,I,Norway,Iraq,norway_kristian_thorstvedt,Kristian Thorstvedt,Midfielder,Midfielder,4,0.6517,A,0.905,0.741,55.9,,,0.741,55.9,probable_starter,auto_role_rank_heuristic,0.86,,False
18,2026-06-16,Group Stage,I,Norway,Iraq,norway_martin_odegaard,Martin Odegaard,Midfielder,Midfielder,10,0.0,D,0.2,0.01,20.3,,,0.01,20.3,bench_option,auto_role_rank_heuristic,0.29,,False
18,2026-06-16,Group Stage,I,Norway,Iraq,norway_morten_thorsby,Morten Thorsby,Midfielder,Midfielder,5,0.5156,A,0.815,0.431,40.8,,,0.431,40.8,rotation,auto_role_rank_heuristic,0.794,,False
18,2026-06-16,Group Stage,I,Norway,Iraq,norway_oscar_bobb,Oscar Bobb,Midfielder,Midfielder,6,0.4396,A,0.787,0.426,40.6,,,0.426,40.6,rotation,auto_role_rank_heuristic,0.765,,False
18,2026-06-16,Group Stage,I,Norway,Iraq,norway_patrick_berg,Patrick Berg,Midfielder,Midfielder,7,0.3676,D,0.35,0.252,32.1,,,0.252,32.1,rotation,auto_role_rank_heuristic,0.434,,False
18,2026-06-16,Group Stage,I,Norway,Iraq,norway_sander_berge,Sander Berge,Midfielder,Midfielder,1,0.8707,A,0.942,0.758,56.8,,,0.758,56.8,locked_starter,auto_role_rank_heuristic,0.88,,False
18,2026-06-16,Group Stage,I,Norway,Iraq,norway_thelo_aasgaard,Thelo Aasgaard,Midfielder,Midfielder,9,0.1717,D,0.35,0.051,22.3,,,0.051,22.3,bench_option,auto_role_rank_heuristic,0.385,,False
42,2026-06-22,Group Stage,I,France,Iraq,france_dayot_upamecano,Dayot Upamecano,Defender,Defender,6,0.785,A,0.849,0.346,32.4,,,0.346,32.4,rotation,auto_role_rank_heuristic,0.873,,False
42,2026-06-22,Group Stage,I,France,Iraq,france_ibrahima_konate,Ibrahima Konate,Defender,Defender,1,0.9651,A,0.95,0.6,48.3,,,0.6,48.3,probable_starter,auto_role_rank_heuristic,0.88,,False
42,2026-06-22,Group Stage,I,France,Iraq,france_jules_kounde,Jules Kounde,Defender,Defender,4,0.8467,A,0.888,0.593,47.9,,,0.593,47.9,probable_starter,auto_role_rank_heuristic,0.88,,False
42,2026-06-22,Group Stage,I,France,Iraq,france_lucas_digne,Lucas Digne,Defender,Defender,5,0.8004,A,0.854,0.347,32.5,,,0.347,32.5,rotation,auto_role_rank_heuristic,0.879,,False
42,2026-06-22,Group Stage,I,France,Iraq,france_lucas_hernandez,Lucas Hernandez,Defender,Defender,7,0.6743,A,0.846,0.34,32.0,,,0.34,32.0,rotation,auto_role_rank_heuristic,0.845,,False
42,2026-06-22,Group Stage,I,France,Iraq,france_malo_gusto,Malo Gusto,Defender,Defender,9,0.5278,A,0.888,0.173,21.6,,,0.173,21.6,bench_option,auto_role_rank_heuristic,0.823,,False
42,2026-06-22,Group Stage,I,France,Iraq,france_maxence_lacroix,Maxence Lacroix,Defender,Defender,3,0.9036,A,0.95,0.596,48.1,,,0.596,48.1,probable_starter,auto_role_rank_heuristic,0.88,,False
42,2026-06-22,Group Stage,I,France,Iraq,france_theo_hernandez,Theo Hernandez,Defender,Defender,8,0.6055,B,0.778,0.149,20.1,,,0.149,20.1,bench_option,auto_role_rank_heuristic,0.764,,False
42,2026-06-22,Group Stage,I,France,Iraq,france_william_saliba,William Saliba,Defender,Defender,2,0.9097,A,0.918,0.597,48.1,,,0.597,48.1,probable_starter,auto_role_rank_heuristic,0.88,,False
42,2026-06-22,Group Stage,I,France,Iraq,france_bradley_barcola,Bradley Barcola,Forward,Forward,6,0.5956,A,0.845,0.335,36.4,,,0.335,36.4,rotation,auto_role_rank_heuristic,0.825,,False
42,2026-06-22,Group Stage,I,France,Iraq,france_desire_doue,Desire Doue,Forward,Forward,7,0.4812,A,0.812,0.328,36.2,,,0.328,36.2,rotation,auto_role_rank_heuristic,0.784,,False
42,2026-06-22,Group Stage,I,France,Iraq,france_jean_philippe_mateta,Jean-Philippe Mateta,Forward,Forward,4,0.6348,A,0.885,0.337,36.5,,,0.337,36.5,rotation,auto_role_rank_heuristic,0.848,,False
42,2026-06-22,Group Stage,I,France,Iraq,france_kylian_mbappe,Kylian Mbappe,Forward,Forward,1,0.7866,A,0.917,0.561,45.9,,,0.561,45.9,probable_starter,auto_role_rank_heuristic,0.88,,False
42,2026-06-22,Group Stage,I,France,Iraq,france_marcus_thuram,Marcus Thuram,Forward,Forward,2,0.6767,A,0.858,0.555,45.7,,,0.555,45.7,probable_starter,auto_role_rank_heuristic,0.849,,False
42,2026-06-22,Group Stage,I,France,Iraq,france_michael_olise,Michael Olise,Forward,Forward,3,0.6391,A,0.893,0.552,45.6,,,0.552,45.6,probable_starter,auto_role_rank_heuristic,0.852,,False
42,2026-06-22,Group Stage,I,France,Iraq,france_ousmane_dembele,Ousmane Dembele,Forward,Forward,5,0.6094,A,0.789,0.336,36.5,,,0.336,36.5,rotation,auto_role_rank_heuristic,0.808,,False
42,2026-06-22,Group Stage,I,France,Iraq,france_brice_samba,Brice Samba,Goalkeeper,Goalkeeper,3,0.8608,A,0.94,0.135,10.9,,,0.135,10.9,bench_option,auto_role_rank_heuristic,0.88,,False
42,2026-06-22,Group Stage,I,France,Iraq,france_mike_maignan,Mike Maignan,Goalkeeper,Goalkeeper,1,0.9782,A,0.95,0.672,54.1,,,0.672,54.1,probable_starter,auto_role_rank_heuristic,0.88,,False
42,2026-06-22,Group Stage,I,France,Iraq,france_robin_risser,Robin Risser,Goalkeeper,Goalkeeper,2,0.8705,A,0.948,0.222,17.9,,,0.222,17.9,rotation,auto_role_rank_heuristic,0.88,,False
42,2026-06-22,Group Stage,I,France,Iraq,france_adrien_rabiot,Adrien Rabiot,Midfielder,Midfielder,4,0.7584,A,0.92,0.574,47.4,,,0.574,47.4,probable_starter,auto_role_rank_heuristic,0.88,,False
42,2026-06-22,Group Stage,I,France,Iraq,france_aurelien_tchouameni,Aurelien Tchouameni,Midfielder,Midfielder,3,0.7699,A,0.918,0.575,47.5,,,0.575,47.5,probable_starter,auto_role_rank_heuristic,0.88,,False
42,2026-06-22,Group Stage,I,France,Iraq,france_maghnes_akliouche,Maghnes Akliouche,Midfielder,Midfielder,6,0.705,A,0.9,0.341,36.1,,,0.341,36.1,rotation,auto_role_rank_heuristic,0.871,,False
42,2026-06-22,Group Stage,I,France,Iraq,france_manu_kone,Manu Kone,Midfielder,Midfielder,1,0.8646,A,0.905,0.58,47.7,,,0.58,47.7,probable_starter,auto_role_rank_heuristic,0.88,,False
42,2026-06-22,Group Stage,I,France,Iraq,france_ngolo_kante,Ngolo Kante,Midfielder,Midfielder,7,0.3714,C,0.55,0.236,31.1,,,0.236,31.1,rotation,auto_role_rank_heuristic,0.585,,False
42,2026-06-22,Group Stage,I,France,Iraq,france_rayan_cherki,Rayan Cherki,Midfielder,Midfielder,5,0.7079,A,0.849,0.342,36.2,,,0.342,36.2,rotation,auto_role_rank_heuristic,0.854,,False
42,2026-06-22,Group Stage,I,France,Iraq,france_warren_zaire_emery,Warren Zaire-Emery,Midfielder,Midfielder,2,0.8095,A,0.904,0.577,47.5,,,0.577,47.5,probable_starter,auto_role_rank_heuristic,0.88,,False
42,2026-06-22,Group Stage,I,Iraq,France,iraq_ahmed_yahya,Ahmed Yahya,Defender,Defender,3,0.0,D,0.2,0.637,51.5,,,0.637,51.5,probable_starter,auto_role_rank_heuristic,0.29,,False
42,2026-06-22,Group Stage,I,Iraq,France,iraq_akam_hashim,Akam Hashim,Defender,Defender,4,0.0,D,0.2,0.637,51.5,,,0.637,51.5,probable_starter,auto_role_rank_heuristic,0.29,,False
42,2026-06-22,Group Stage,I,Iraq,France,iraq_frans_putros,Frans Putros,Defender,Defender,5,0.0,D,0.2,0.204,23.9,,,0.204,23.9,rotation,auto_role_rank_heuristic,0.29,,False
42,2026-06-22,Group Stage,I,Iraq,France,iraq_hussein_ali,Hussein Ali,Defender,Defender,1,0.1401,D,0.2,0.651,52.4,,,0.651,52.4,probable_starter,auto_role_rank_heuristic,0.325,,False
42,2026-06-22,Group Stage,I,Iraq,France,iraq_merchas_doski,Merchas Doski,Defender,Defender,2,0.0362,D,0.2,0.641,51.7,,,0.641,51.7,probable_starter,auto_role_rank_heuristic,0.299,,False
42,2026-06-22,Group Stage,I,Iraq,France,iraq_munaf_younus,Munaf Younus,Defender,Defender,6,0.0,D,0.2,0.204,23.9,,,0.204,23.9,rotation,auto_role_rank_heuristic,0.29,,False
42,2026-06-22,Group Stage,I,Iraq,France,iraq_mustafa_saadoon,Mustafa Saadoon,Defender,Defender,7,0.0,D,0.2,0.204,23.9,,,0.204,23.9,rotation,auto_role_rank_heuristic,0.29,,False
42,2026-06-22,Group Stage,I,Iraq,France,iraq_rebin_ghareeb,Rebin Ghareeb,Defender,Defender,8,0.0,D,0.2,0.013,11.7,,,0.013,11.7,bench_option,auto_role_rank_heuristic,0.29,,False
42,2026-06-22,Group Stage,I,Iraq,France,iraq_zaid_tahseen,Zaid Tahseen,Defender,Defender,9,0.0,D,0.2,0.013,11.7,,,0.013,11.7,bench_option,auto_role_rank_heuristic,0.29,,False
42,2026-06-22,Group Stage,I,Iraq,France,iraq_ahmed_qasim,Ahmed Qasim,Forward,Forward,4,0.0797,D,0.35,0.313,36.1,,,0.313,36.1,rotation,auto_role_rank_heuristic,0.362,,False
42,2026-06-22,Group Stage,I,Iraq,France,iraq_ali_alhamadi,Ali Alhamadi,Forward,Forward,3,0.2466,D,0.35,0.713,53.2,,,0.713,53.2,probable_starter,auto_role_rank_heuristic,0.404,,False
42,2026-06-22,Group Stage,I,Iraq,France,iraq_ali_jasim,Ali Jasim,Forward,Forward,1,0.3673,B,0.684,0.903,61.4,,,0.903,61.4,locked_starter,auto_role_rank_heuristic,0.671,,False
42,2026-06-22,Group Stage,I,Iraq,France,iraq_ali_yousif,Ali Yousif,Forward,Forward,6,0.0,D,0.2,0.204,31.5,,,0.204,31.5,rotation,auto_role_rank_heuristic,0.29,,False
42,2026-06-22,Group Stage,I,Iraq,France,iraq_aymen_hussein,Aymen Hussein,Forward,Forward,7,0.0,D,0.2,0.204,31.5,,,0.204,31.5,rotation,auto_role_rank_heuristic,0.29,,False
42,2026-06-22,Group Stage,I,Iraq,France,iraq_marko_farji,Marko Farji,Forward,Forward,5,0.0063,D,0.2,0.205,31.5,,,0.205,31.5,rotation,auto_role_rank_heuristic,0.292,,False
42,2026-06-22,Group Stage,I,Iraq,France,iraq_mohanad_ali,Mohanad Ali,Forward,Forward,2,0.3038,D,0.35,0.718,53.5,,,0.718,53.5,probable_starter,auto_role_rank_heuristic,0.418,,False
42,2026-06-22,Group Stage,I,Iraq,France,iraq_ahmed_basil,Ahmed Basil,Goalkeeper,Goalkeeper,1,0.0,D,0.2,0.764,62.6,,,0.764,62.6,locked_starter,auto_role_rank_heuristic,0.29,,False
42,2026-06-22,Group Stage,I,Iraq,France,iraq_fahad_talib,Fahad Talib,Goalkeeper,Goalkeeper,2,0.0,D,0.2,0.013,1.1,,,0.013,1.1,bench_option,auto_role_rank_heuristic,0.29,,False
42,2026-06-22,Group Stage,I,Iraq,France,iraq_jalal_hassan,Jalal Hassan,Goalkeeper,Goalkeeper,3,0.0,D,0.2,0.013,1.1,,,0.013,1.1,bench_option,auto_role_rank_heuristic,0.29,,False
42,2026-06-22,Group Stage,I,Iraq,France,iraq_aimar_sher,Aimar Sher,Midfielder,Midfielder,4,0.1469,D,0.2,0.627,50.8,,,0.627,50.8,probable_starter,auto_role_rank_heuristic,0.327,,False
42,2026-06-22,Group Stage,I,Iraq,France,iraq_amir_alammari,Amir Alammari,Midfielder,Midfielder,2,0.1806,D,0.35,0.731,55.9,,,0.731,55.9,probable_starter,auto_role_rank_heuristic,0.388,,False
42,2026-06-22,Group Stage,I,Iraq,France,iraq_ibrahim_bayesh,Ibrahim Bayesh,Midfielder,Midfielder,3,0.1532,B,0.635,0.907,64.6,,,0.907,64.6,locked_starter,auto_role_rank_heuristic,0.601,,False
42,2026-06-22,Group Stage,I,Iraq,France,iraq_kevin_yakob,Kevin Yakob,Midfielder,Midfielder,5,0.1445,D,0.2,0.219,30.8,,,0.219,30.8,rotation,auto_role_rank_heuristic,0.326,,False
42,2026-06-22,Group Stage,I,Iraq,France,iraq_youssef_amyn,Youssef Amyn,Midfielder,Midfielder,6,0.0849,D,0.2,0.315,35.5,,,0.315,35.5,rotation,auto_role_rank_heuristic,0.311,,False
42,2026-06-22,Group Stage,I,Iraq,France,iraq_zaid_ismael,Zaid Ismael,Midfielder,Midfielder,7,0.0,D,0.2,0.204,30.0,,,0.204,30.0,rotation,auto_role_rank_heuristic,0.29,,False
42,2026-06-22,Group Stage,I,Iraq,France,iraq_zidane_iqbal,Zidane Iqbal,Midfielder,Midfielder,1,0.3215,D,0.217,0.746,56.7,,,0.746,56.7,probable_starter,auto_role_rank_heuristic,0.376,,False
41,2026-06-22,Group Stage,I,Norway,Senegal,norway_david_moller_wolfe,David Moller Wolfe,Defender,Defender,3,0.4676,C,0.55,0.633,50.8,,,0.633,50.8,probable_starter,auto_role_rank_heuristic,0.609,,False
41,2026-06-22,Group Stage,I,Norway,Senegal,norway_fredrik_andre_bjorkan,Fredrik Andre Bjorkan,Defender,Defender,5,0.0,D,0.2,0.15,20.3,,,0.15,20.3,bench_option,auto_role_rank_heuristic,0.29,,False
41,2026-06-22,Group Stage,I,Norway,Senegal,norway_henrik_falchener,Henrik Falchener,Defender,Defender,6,0.0,D,0.2,0.15,20.3,,,0.15,20.3,bench_option,auto_role_rank_heuristic,0.29,,False
41,2026-06-22,Group Stage,I,Norway,Senegal,norway_kristoffer_ajer,Kristoffer Ajer,Defender,Defender,1,0.628,A,0.851,0.758,58.7,,,0.758,58.7,locked_starter,auto_role_rank_heuristic,0.835,,False
41,2026-06-22,Group Stage,I,Norway,Senegal,norway_leo_ostigard,Leo Ostigard,Defender,Defender,2,0.525,C,0.55,0.638,51.1,,,0.638,51.1,probable_starter,auto_role_rank_heuristic,0.624,,False
41,2026-06-22,Group Stage,I,Norway,Senegal,norway_marcus_holmgren_pedersen,Marcus Holmgren Pedersen,Defender,Defender,7,0.0,D,0.2,0.15,20.3,,,0.15,20.3,bench_option,auto_role_rank_heuristic,0.29,,False
41,2026-06-22,Group Stage,I,Norway,Senegal,norway_sondre_langas,Sondre Langas,Defender,Defender,8,0.0,D,0.2,0.01,11.5,,,0.01,11.5,bench_option,auto_role_rank_heuristic,0.29,,False
41,2026-06-22,Group Stage,I,Norway,Senegal,norway_torbjorn_heggem,Torbjorn Heggem,Defender,Defender,4,0.26,C,0.55,0.618,49.8,,,0.618,49.8,probable_starter,auto_role_rank_heuristic,0.557,,False
41,2026-06-22,Group Stage,I,Norway,Senegal,norway_alexander_sorloth,Alexander Sorloth,Forward,Forward,4,0.3294,D,0.35,0.249,33.1,,,0.249,33.1,rotation,auto_role_rank_heuristic,0.425,,False
41,2026-06-22,Group Stage,I,Norway,Senegal,norway_antonio_nusa,Antonio Nusa,Forward,Forward,3,0.6248,A,0.869,0.72,53.1,,,0.72,53.1,probable_starter,auto_role_rank_heuristic,0.84,,False
41,2026-06-22,Group Stage,I,Norway,Senegal,norway_erling_haaland,Erling Haaland,Forward,Forward,1,0.8065,A,0.946,0.734,53.7,,,0.734,53.7,probable_starter,auto_role_rank_heuristic,0.88,,False
41,2026-06-22,Group Stage,I,Norway,Senegal,norway_jorgen_strand_larsen,Jorgen Strand Larsen,Forward,Forward,5,0.3211,D,0.2,0.249,33.1,,,0.249,33.1,rotation,auto_role_rank_heuristic,0.37,,False
41,2026-06-22,Group Stage,I,Norway,Senegal,norway_julian_ryerson,Julian Ryerson,Forward,Forward,2,0.7352,A,0.889,0.729,53.4,,,0.729,53.4,probable_starter,auto_role_rank_heuristic,0.875,,False
41,2026-06-22,Group Stage,I,Norway,Senegal,norway_egil_selvik,Egil Selvik,Goalkeeper,Goalkeeper,2,0.3253,C,0.55,0.137,11.1,,,0.137,11.1,bench_option,auto_role_rank_heuristic,0.574,,False
41,2026-06-22,Group Stage,I,Norway,Senegal,norway_orjan_nyland,Orjan Nyland,Goalkeeper,Goalkeeper,1,0.4976,C,0.55,0.73,59.3,,,0.73,59.3,probable_starter,auto_role_rank_heuristic,0.617,,False
41,2026-06-22,Group Stage,I,Norway,Senegal,norway_sander_tangvik,Sander Tangvik,Goalkeeper,Goalkeeper,3,0.101,D,0.206,0.01,0.8,,,0.01,0.8,bench_option,auto_role_rank_heuristic,0.317,,False
41,2026-06-22,Group Stage,I,Norway,Senegal,norway_andreas_schjelderup,Andreas Schjelderup,Midfielder,Midfielder,3,0.6743,B,0.694,0.705,54.2,,,0.705,54.2,probable_starter,auto_role_rank_heuristic,0.751,,False
41,2026-06-22,Group Stage,I,Norway,Senegal,norway_fredrik_aursnes,Fredrik Aursnes,Midfielder,Midfielder,2,0.8194,B,0.741,0.716,54.7,,,0.716,54.7,probable_starter,auto_role_rank_heuristic,0.804,,False
41,2026-06-22,Group Stage,I,Norway,Senegal,norway_jens_petter_hauge,Jens Petter Hauge,Midfielder,Midfielder,8,0.3297,D,0.35,0.249,32.0,,,0.249,32.0,rotation,auto_role_rank_heuristic,0.425,,False
41,2026-06-22,Group Stage,I,Norway,Senegal,norway_kristian_thorstvedt,Kristian Thorstvedt,Midfielder,Midfielder,4,0.6517,A,0.905,0.741,55.9,,,0.741,55.9,probable_starter,auto_role_rank_heuristic,0.86,,False
41,2026-06-22,Group Stage,I,Norway,Senegal,norway_martin_odegaard,Martin Odegaard,Midfielder,Midfielder,10,0.0,D,0.2,0.01,20.3,,,0.01,20.3,bench_option,auto_role_rank_heuristic,0.29,,False
41,2026-06-22,Group Stage,I,Norway,Senegal,norway_morten_thorsby,Morten Thorsby,Midfielder,Midfielder,5,0.5156,A,0.815,0.431,40.8,,,0.431,40.8,rotation,auto_role_rank_heuristic,0.794,,False
41,2026-06-22,Group Stage,I,Norway,Senegal,norway_oscar_bobb,Oscar Bobb,Midfielder,Midfielder,6,0.4396,A,0.787,0.426,40.6,,,0.426,40.6,rotation,auto_role_rank_heuristic,0.765,,False
41,2026-06-22,Group Stage,I,Norway,Senegal,norway_patrick_berg,Patrick Berg,Midfielder,Midfielder,7,0.3676,D,0.35,0.252,32.1,,,0.252,32.1,rotation,auto_role_rank_heuristic,0.434,,False
41,2026-06-22,Group Stage,I,Norway,Senegal,norway_sander_berge,Sander Berge,Midfielder,Midfielder,1,0.8707,A,0.942,0.758,56.8,,,0.758,56.8,locked_starter,auto_role_rank_heuristic,0.88,,False
41,2026-06-22,Group Stage,I,Norway,Senegal,norway_thelo_aasgaard,Thelo Aasgaard,Midfielder,Midfielder,9,0.1717,D,0.35,0.051,22.3,,,0.051,22.3,bench_option,auto_role_rank_heuristic,0.385,,False
41,2026-06-22,Group Stage,I,Senegal,Norway,senegal_abdoulaye_seck,Abdoulaye Seck,Defender,Defender,8,0.4044,C,0.55,0.085,15.9,,,0.085,15.9,bench_option,auto_role_rank_heuristic,0.594,,False
41,2026-06-22,Group Stage,I,Senegal,Norway,senegal_antoine_mendy,Antoine Mendy,Defender,Defender,4,0.4834,A,0.875,0.603,48.2,,,0.603,48.2,probable_starter,auto_role_rank_heuristic,0.807,,False
41,2026-06-22,Group Stage,I,Senegal,Norway,senegal_ismail_jakobs,Ismail Jakobs,Defender,Defender,3,0.5257,B,0.658,0.575,46.4,,,0.575,46.4,probable_starter,auto_role_rank_heuristic,0.702,,False
41,2026-06-22,Group Stage,I,Senegal,Norway,senegal_kalidou_koulibaly,Kalidou Koulibaly,Defender,Defender,2,0.6348,B,0.683,0.582,46.9,,,0.582,46.9,probable_starter,auto_role_rank_heuristic,0.738,,False
41,2026-06-22,Group Stage,I,Senegal,Norway,senegal_krepin_diatta,Krepin Diatta,Defender,Defender,7,0.4064,A,0.784,0.342,31.9,,,0.342,31.9,rotation,auto_role_rank_heuristic,0.756,,False
41,2026-06-22,Group Stage,I,Senegal,Norway,senegal_mamadou_sarr,Mamadou Sarr,Defender,Defender,6,0.4592,A,0.817,0.345,32.1,,,0.345,32.1,rotation,auto_role_rank_heuristic,0.781,,False
41,2026-06-22,Group Stage,I,Senegal,Norway,senegal_moussa_niakhate,Moussa Niakhate,Defender,Defender,1,0.7154,A,0.93,0.616,49.0,,,0.616,49.0,probable_starter,auto_role_rank_heuristic,0.88,,False
41,2026-06-22,Group Stage,I,Senegal,Norway,senegal_el_hadji_malick_diouf,el Hadji Malick Diouf,Defender,Defender,5,0.4756,A,0.926,0.346,32.2,,,0.346,32.2,rotation,auto_role_rank_heuristic,0.823,,False
41,2026-06-22,Group Stage,I,Senegal,Norway,senegal_assane_diao,Assane Diao,Forward,Forward,5,0.4921,A,0.79,0.346,36.7,,,0.346,36.7,rotation,auto_role_rank_heuristic,0.78,,False
41,2026-06-22,Group Stage,I,Senegal,Norway,senegal_bamba_dieng,Bamba Dieng,Forward,Forward,8,0.4153,A,0.801,0.183,29.9,,,0.183,29.9,bench_option,auto_role_rank_heuristic,0.764,,False
41,2026-06-22,Group Stage,I,Senegal,Norway,senegal_cherif_ndiaye,Cherif Ndiaye,Forward,Forward,4,0.5737,B,0.668,0.321,35.6,,,0.321,35.6,rotation,auto_role_rank_heuristic,0.717,,False
41,2026-06-22,Group Stage,I,Senegal,Norway,senegal_ibrahim_mbaye,Ibrahim Mbaye,Forward,Forward,6,0.4511,A,0.784,0.344,36.6,,,0.344,36.6,rotation,auto_role_rank_heuristic,0.767,,False
41,2026-06-22,Group Stage,I,Senegal,Norway,senegal_iliman_ndiaye,Iliman Ndiaye,Forward,Forward,1,0.7739,A,0.931,0.59,46.9,,,0.59,46.9,probable_starter,auto_role_rank_heuristic,0.88,,False
41,2026-06-22,Group Stage,I,Senegal,Norway,senegal_ismaila_sarr,Ismaila Sarr,Forward,Forward,3,0.7261,A,0.881,0.587,46.7,,,0.587,46.7,probable_starter,auto_role_rank_heuristic,0.87,,False
41,2026-06-22,Group Stage,I,Senegal,Norway,senegal_nicolas_jackson,Nicolas Jackson,Forward,Forward,7,0.4455,A,0.784,0.344,36.6,,,0.344,36.6,rotation,auto_role_rank_heuristic,0.766,,False
41,2026-06-22,Group Stage,I,Senegal,Norway,senegal_sadio_mane,Sadio Mane,Forward,Forward,2,0.7455,B,0.727,0.558,45.5,,,0.558,45.5,probable_starter,auto_role_rank_heuristic,0.781,,False
41,2026-06-22,Group Stage,I,Senegal,Norway,senegal_edouard_mendy,Edouard Mendy,Goalkeeper,Goalkeeper,1,0.8248,B,0.745,0.668,53.4,,,0.668,53.4,probable_starter,auto_role_rank_heuristic,0.807,,False
41,2026-06-22,Group Stage,I,Senegal,Norway,senegal_mory_diaw,Mory Diaw,Goalkeeper,Goalkeeper,2,0.8046,A,0.921,0.229,18.3,,,0.229,18.3,rotation,auto_role_rank_heuristic,0.88,,False
41,2026-06-22,Group Stage,I,Senegal,Norway,senegal_yehvann_diouf,Yehvann Diouf,Goalkeeper,Goalkeeper,3,0.7998,A,0.895,0.139,11.1,,,0.139,11.1,bench_option,auto_role_rank_heuristic,0.88,,False
41,2026-06-22,Group Stage,I,Senegal,Norway,senegal_bara_sapoko_ndiaye,Bara Sapoko Ndiaye,Midfielder,Midfielder,7,0.0,D,0.2,0.121,25.4,,,0.121,25.4,bench_option,auto_role_rank_heuristic,0.29,,False
41,2026-06-22,Group Stage,I,Senegal,Norway,senegal_habib_diarra,Habib Diarra,Midfielder,Midfielder,5,0.5357,A,0.817,0.349,36.3,,,0.349,36.3,rotation,auto_role_rank_heuristic,0.8,,False
41,2026-06-22,Group Stage,I,Senegal,Norway,senegal_idrissa_gana_gueye,Idrissa Gana Gueye,Midfielder,Midfielder,6,0.314,A,0.874,0.336,35.7,,,0.336,35.7,rotation,auto_role_rank_heuristic,0.764,,False
41,2026-06-22,Group Stage,I,Senegal,Norway,senegal_lamine_camara,Lamine Camara,Midfielder,Midfielder,1,0.714,A,0.854,0.601,48.4,,,0.601,48.4,probable_starter,auto_role_rank_heuristic,0.857,,False
41,2026-06-22,Group Stage,I,Senegal,Norway,senegal_pape_gueye,Pape Gueye,Midfielder,Midfielder,3,0.6259,A,0.878,0.596,48.1,,,0.596,48.1,probable_starter,auto_role_rank_heuristic,0.844,,False
41,2026-06-22,Group Stage,I,Senegal,Norway,senegal_pape_matar_sarr,Pape Matar Sarr,Midfielder,Midfielder,4,0.597,A,0.816,0.595,48.1,,,0.595,48.1,probable_starter,auto_role_rank_heuristic,0.815,,False
41,2026-06-22,Group Stage,I,Senegal,Norway,senegal_pathe_ciss,Pathe Ciss,Midfielder,Midfielder,2,0.6606,A,0.866,0.598,48.2,,,0.598,48.2,probable_starter,auto_role_rank_heuristic,0.848,,False
61,2026-06-26,Group Stage,I,Norway,France,norway_david_moller_wolfe,David Moller Wolfe,Defender,Defender,3,0.4676,C,0.55,0.633,50.8,,,0.633,50.8,probable_starter,auto_role_rank_heuristic,0.609,,False
61,2026-06-26,Group Stage,I,Norway,France,norway_fredrik_andre_bjorkan,Fredrik Andre Bjorkan,Defender,Defender,5,0.0,D,0.2,0.15,20.3,,,0.15,20.3,bench_option,auto_role_rank_heuristic,0.29,,False
61,2026-06-26,Group Stage,I,Norway,France,norway_henrik_falchener,Henrik Falchener,Defender,Defender,6,0.0,D,0.2,0.15,20.3,,,0.15,20.3,bench_option,auto_role_rank_heuristic,0.29,,False
61,2026-06-26,Group Stage,I,Norway,France,norway_kristoffer_ajer,Kristoffer Ajer,Defender,Defender,1,0.628,A,0.851,0.758,58.7,,,0.758,58.7,locked_starter,auto_role_rank_heuristic,0.835,,False
61,2026-06-26,Group Stage,I,Norway,France,norway_leo_ostigard,Leo Ostigard,Defender,Defender,2,0.525,C,0.55,0.638,51.1,,,0.638,51.1,probable_starter,auto_role_rank_heuristic,0.624,,False
61,2026-06-26,Group Stage,I,Norway,France,norway_marcus_holmgren_pedersen,Marcus Holmgren Pedersen,Defender,Defender,7,0.0,D,0.2,0.15,20.3,,,0.15,20.3,bench_option,auto_role_rank_heuristic,0.29,,False
61,2026-06-26,Group Stage,I,Norway,France,norway_sondre_langas,Sondre Langas,Defender,Defender,8,0.0,D,0.2,0.01,11.5,,,0.01,11.5,bench_option,auto_role_rank_heuristic,0.29,,False
61,2026-06-26,Group Stage,I,Norway,France,norway_torbjorn_heggem,Torbjorn Heggem,Defender,Defender,4,0.26,C,0.55,0.618,49.8,,,0.618,49.8,probable_starter,auto_role_rank_heuristic,0.557,,False
61,2026-06-26,Group Stage,I,Norway,France,norway_alexander_sorloth,Alexander Sorloth,Forward,Forward,4,0.3294,D,0.35,0.249,33.1,,,0.249,33.1,rotation,auto_role_rank_heuristic,0.425,,False
61,2026-06-26,Group Stage,I,Norway,France,norway_antonio_nusa,Antonio Nusa,Forward,Forward,3,0.6248,A,0.869,0.72,53.1,,,0.72,53.1,probable_starter,auto_role_rank_heuristic,0.84,,False
61,2026-06-26,Group Stage,I,Norway,France,norway_erling_haaland,Erling Haaland,Forward,Forward,1,0.8065,A,0.946,0.734,53.7,,,0.734,53.7,probable_starter,auto_role_rank_heuristic,0.88,,False
61,2026-06-26,Group Stage,I,Norway,France,norway_jorgen_strand_larsen,Jorgen Strand Larsen,Forward,Forward,5,0.3211,D,0.2,0.249,33.1,,,0.249,33.1,rotation,auto_role_rank_heuristic,0.37,,False
61,2026-06-26,Group Stage,I,Norway,France,norway_julian_ryerson,Julian Ryerson,Forward,Forward,2,0.7352,A,0.889,0.729,53.4,,,0.729,53.4,probable_starter,auto_role_rank_heuristic,0.875,,False
61,2026-06-26,Group Stage,I,Norway,France,norway_egil_selvik,Egil Selvik,Goalkeeper,Goalkeeper,2,0.3253,C,0.55,0.137,11.1,,,0.137,11.1,bench_option,auto_role_rank_heuristic,0.574,,False
61,2026-06-26,Group Stage,I,Norway,France,norway_orjan_nyland,Orjan Nyland,Goalkeeper,Goalkeeper,1,0.4976,C,0.55,0.73,59.3,,,0.73,59.3,probable_starter,auto_role_rank_heuristic,0.617,,False
61,2026-06-26,Group Stage,I,Norway,France,norway_sander_tangvik,Sander Tangvik,Goalkeeper,Goalkeeper,3,0.101,D,0.206,0.01,0.8,,,0.01,0.8,bench_option,auto_role_rank_heuristic,0.317,,False
61,2026-06-26,Group Stage,I,Norway,France,norway_andreas_schjelderup,Andreas Schjelderup,Midfielder,Midfielder,3,0.6743,B,0.694,0.705,54.2,,,0.705,54.2,probable_starter,auto_role_rank_heuristic,0.751,,False
61,2026-06-26,Group Stage,I,Norway,France,norway_fredrik_aursnes,Fredrik Aursnes,Midfielder,Midfielder,2,0.8194,B,0.741,0.716,54.7,,,0.716,54.7,probable_starter,auto_role_rank_heuristic,0.804,,False
61,2026-06-26,Group Stage,I,Norway,France,norway_jens_petter_hauge,Jens Petter Hauge,Midfielder,Midfielder,8,0.3297,D,0.35,0.249,32.0,,,0.249,32.0,rotation,auto_role_rank_heuristic,0.425,,False
61,2026-06-26,Group Stage,I,Norway,France,norway_kristian_thorstvedt,Kristian Thorstvedt,Midfielder,Midfielder,4,0.6517,A,0.905,0.741,55.9,,,0.741,55.9,probable_starter,auto_role_rank_heuristic,0.86,,False
61,2026-06-26,Group Stage,I,Norway,France,norway_martin_odegaard,Martin Odegaard,Midfielder,Midfielder,10,0.0,D,0.2,0.01,20.3,,,0.01,20.3,bench_option,auto_role_rank_heuristic,0.29,,False
61,2026-06-26,Group Stage,I,Norway,France,norway_morten_thorsby,Morten Thorsby,Midfielder,Midfielder,5,0.5156,A,0.815,0.431,40.8,,,0.431,40.8,rotation,auto_role_rank_heuristic,0.794,,False
61,2026-06-26,Group Stage,I,Norway,France,norway_oscar_bobb,Oscar Bobb,Midfielder,Midfielder,6,0.4396,A,0.787,0.426,40.6,,,0.426,40.6,rotation,auto_role_rank_heuristic,0.765,,False
61,2026-06-26,Group Stage,I,Norway,France,norway_patrick_berg,Patrick Berg,Midfielder,Midfielder,7,0.3676,D,0.35,0.252,32.1,,,0.252,32.1,rotation,auto_role_rank_heuristic,0.434,,False
61,2026-06-26,Group Stage,I,Norway,France,norway_sander_berge,Sander Berge,Midfielder,Midfielder,1,0.8707,A,0.942,0.758,56.8,,,0.758,56.8,locked_starter,auto_role_rank_heuristic,0.88,,False
61,2026-06-26,Group Stage,I,Norway,France,norway_thelo_aasgaard,Thelo Aasgaard,Midfielder,Midfielder,9,0.1717,D,0.35,0.051,22.3,,,0.051,22.3,bench_option,auto_role_rank_heuristic,0.385,,False
61,2026-06-26,Group Stage,I,France,Norway,france_dayot_upamecano,Dayot Upamecano,Defender,Defender,6,0.785,A,0.849,0.346,32.4,,,0.346,32.4,rotation,auto_role_rank_heuristic,0.873,,False
61,2026-06-26,Group Stage,I,France,Norway,france_ibrahima_konate,Ibrahima Konate,Defender,Defender,1,0.9651,A,0.95,0.6,48.3,,,0.6,48.3,probable_starter,auto_role_rank_heuristic,0.88,,False
61,2026-06-26,Group Stage,I,France,Norway,france_jules_kounde,Jules Kounde,Defender,Defender,4,0.8467,A,0.888,0.593,47.9,,,0.593,47.9,probable_starter,auto_role_rank_heuristic,0.88,,False
61,2026-06-26,Group Stage,I,France,Norway,france_lucas_digne,Lucas Digne,Defender,Defender,5,0.8004,A,0.854,0.347,32.5,,,0.347,32.5,rotation,auto_role_rank_heuristic,0.879,,False
61,2026-06-26,Group Stage,I,France,Norway,france_lucas_hernandez,Lucas Hernandez,Defender,Defender,7,0.6743,A,0.846,0.34,32.0,,,0.34,32.0,rotation,auto_role_rank_heuristic,0.845,,False
61,2026-06-26,Group Stage,I,France,Norway,france_malo_gusto,Malo Gusto,Defender,Defender,9,0.5278,A,0.888,0.173,21.6,,,0.173,21.6,bench_option,auto_role_rank_heuristic,0.823,,False
61,2026-06-26,Group Stage,I,France,Norway,france_maxence_lacroix,Maxence Lacroix,Defender,Defender,3,0.9036,A,0.95,0.596,48.1,,,0.596,48.1,probable_starter,auto_role_rank_heuristic,0.88,,False
61,2026-06-26,Group Stage,I,France,Norway,france_theo_hernandez,Theo Hernandez,Defender,Defender,8,0.6055,B,0.778,0.149,20.1,,,0.149,20.1,bench_option,auto_role_rank_heuristic,0.764,,False
61,2026-06-26,Group Stage,I,France,Norway,france_william_saliba,William Saliba,Defender,Defender,2,0.9097,A,0.918,0.597,48.1,,,0.597,48.1,probable_starter,auto_role_rank_heuristic,0.88,,False
61,2026-06-26,Group Stage,I,France,Norway,france_bradley_barcola,Bradley Barcola,Forward,Forward,6,0.5956,A,0.845,0.335,36.4,,,0.335,36.4,rotation,auto_role_rank_heuristic,0.825,,False
61,2026-06-26,Group Stage,I,France,Norway,france_desire_doue,Desire Doue,Forward,Forward,7,0.4812,A,0.812,0.328,36.2,,,0.328,36.2,rotation,auto_role_rank_heuristic,0.784,,False
61,2026-06-26,Group Stage,I,France,Norway,france_jean_philippe_mateta,Jean-Philippe Mateta,Forward,Forward,4,0.6348,A,0.885,0.337,36.5,,,0.337,36.5,rotation,auto_role_rank_heuristic,0.848,,False
61,2026-06-26,Group Stage,I,France,Norway,france_kylian_mbappe,Kylian Mbappe,Forward,Forward,1,0.7866,A,0.917,0.561,45.9,,,0.561,45.9,probable_starter,auto_role_rank_heuristic,0.88,,False
61,2026-06-26,Group Stage,I,France,Norway,france_marcus_thuram,Marcus Thuram,Forward,Forward,2,0.6767,A,0.858,0.555,45.7,,,0.555,45.7,probable_starter,auto_role_rank_heuristic,0.849,,False
61,2026-06-26,Group Stage,I,France,Norway,france_michael_olise,Michael Olise,Forward,Forward,3,0.6391,A,0.893,0.552,45.6,,,0.552,45.6,probable_starter,auto_role_rank_heuristic,0.852,,False
61,2026-06-26,Group Stage,I,France,Norway,france_ousmane_dembele,Ousmane Dembele,Forward,Forward,5,0.6094,A,0.789,0.336,36.5,,,0.336,36.5,rotation,auto_role_rank_heuristic,0.808,,False
61,2026-06-26,Group Stage,I,France,Norway,france_brice_samba,Brice Samba,Goalkeeper,Goalkeeper,3,0.8608,A,0.94,0.135,10.9,,,0.135,10.9,bench_option,auto_role_rank_heuristic,0.88,,False
61,2026-06-26,Group Stage,I,France,Norway,france_mike_maignan,Mike Maignan,Goalkeeper,Goalkeeper,1,0.9782,A,0.95,0.672,54.1,,,0.672,54.1,probable_starter,auto_role_rank_heuristic,0.88,,False
61,2026-06-26,Group Stage,I,France,Norway,france_robin_risser,Robin Risser,Goalkeeper,Goalkeeper,2,0.8705,A,0.948,0.222,17.9,,,0.222,17.9,rotation,auto_role_rank_heuristic,0.88,,False
61,2026-06-26,Group Stage,I,France,Norway,france_adrien_rabiot,Adrien Rabiot,Midfielder,Midfielder,4,0.7584,A,0.92,0.574,47.4,,,0.574,47.4,probable_starter,auto_role_rank_heuristic,0.88,,False
61,2026-06-26,Group Stage,I,France,Norway,france_aurelien_tchouameni,Aurelien Tchouameni,Midfielder,Midfielder,3,0.7699,A,0.918,0.575,47.5,,,0.575,47.5,probable_starter,auto_role_rank_heuristic,0.88,,False
61,2026-06-26,Group Stage,I,France,Norway,france_maghnes_akliouche,Maghnes Akliouche,Midfielder,Midfielder,6,0.705,A,0.9,0.341,36.1,,,0.341,36.1,rotation,auto_role_rank_heuristic,0.871,,False
61,2026-06-26,Group Stage,I,France,Norway,france_manu_kone,Manu Kone,Midfielder,Midfielder,1,0.8646,A,0.905,0.58,47.7,,,0.58,47.7,probable_starter,auto_role_rank_heuristic,0.88,,False
61,2026-06-26,Group Stage,I,France,Norway,france_ngolo_kante,Ngolo Kante,Midfielder,Midfielder,7,0.3714,C,0.55,0.236,31.1,,,0.236,31.1,rotation,auto_role_rank_heuristic,0.585,,False
61,2026-06-26,Group Stage,I,France,Norway,france_rayan_cherki,Rayan Cherki,Midfielder,Midfielder,5,0.7079,A,0.849,0.342,36.2,,,0.342,36.2,rotation,auto_role_rank_heuristic,0.854,,False
61,2026-06-26,Group Stage,I,France,Norway,france_warren_zaire_emery,Warren Zaire-Emery,Midfielder,Midfielder,2,0.8095,A,0.904,0.577,47.5,,,0.577,47.5,probable_starter,auto_role_rank_heuristic,0.88,,False
62,2026-06-26,Group Stage,I,Senegal,Iraq,senegal_abdoulaye_seck,Abdoulaye Seck,Defender,Defender,8,0.4044,C,0.55,0.085,15.9,,,0.085,15.9,bench_option,auto_role_rank_heuristic,0.594,,False
62,2026-06-26,Group Stage,I,Senegal,Iraq,senegal_antoine_mendy,Antoine Mendy,Defender,Defender,4,0.4834,A,0.875,0.603,48.2,,,0.603,48.2,probable_starter,auto_role_rank_heuristic,0.807,,False
62,2026-06-26,Group Stage,I,Senegal,Iraq,senegal_ismail_jakobs,Ismail Jakobs,Defender,Defender,3,0.5257,B,0.658,0.575,46.4,,,0.575,46.4,probable_starter,auto_role_rank_heuristic,0.702,,False
62,2026-06-26,Group Stage,I,Senegal,Iraq,senegal_kalidou_koulibaly,Kalidou Koulibaly,Defender,Defender,2,0.6348,B,0.683,0.582,46.9,,,0.582,46.9,probable_starter,auto_role_rank_heuristic,0.738,,False
62,2026-06-26,Group Stage,I,Senegal,Iraq,senegal_krepin_diatta,Krepin Diatta,Defender,Defender,7,0.4064,A,0.784,0.342,31.9,,,0.342,31.9,rotation,auto_role_rank_heuristic,0.756,,False
62,2026-06-26,Group Stage,I,Senegal,Iraq,senegal_mamadou_sarr,Mamadou Sarr,Defender,Defender,6,0.4592,A,0.817,0.345,32.1,,,0.345,32.1,rotation,auto_role_rank_heuristic,0.781,,False
62,2026-06-26,Group Stage,I,Senegal,Iraq,senegal_moussa_niakhate,Moussa Niakhate,Defender,Defender,1,0.7154,A,0.93,0.616,49.0,,,0.616,49.0,probable_starter,auto_role_rank_heuristic,0.88,,False
62,2026-06-26,Group Stage,I,Senegal,Iraq,senegal_el_hadji_malick_diouf,el Hadji Malick Diouf,Defender,Defender,5,0.4756,A,0.926,0.346,32.2,,,0.346,32.2,rotation,auto_role_rank_heuristic,0.823,,False
62,2026-06-26,Group Stage,I,Senegal,Iraq,senegal_assane_diao,Assane Diao,Forward,Forward,5,0.4921,A,0.79,0.346,36.7,,,0.346,36.7,rotation,auto_role_rank_heuristic,0.78,,False
62,2026-06-26,Group Stage,I,Senegal,Iraq,senegal_bamba_dieng,Bamba Dieng,Forward,Forward,8,0.4153,A,0.801,0.183,29.9,,,0.183,29.9,bench_option,auto_role_rank_heuristic,0.764,,False
62,2026-06-26,Group Stage,I,Senegal,Iraq,senegal_cherif_ndiaye,Cherif Ndiaye,Forward,Forward,4,0.5737,B,0.668,0.321,35.6,,,0.321,35.6,rotation,auto_role_rank_heuristic,0.717,,False
62,2026-06-26,Group Stage,I,Senegal,Iraq,senegal_ibrahim_mbaye,Ibrahim Mbaye,Forward,Forward,6,0.4511,A,0.784,0.344,36.6,,,0.344,36.6,rotation,auto_role_rank_heuristic,0.767,,False
62,2026-06-26,Group Stage,I,Senegal,Iraq,senegal_iliman_ndiaye,Iliman Ndiaye,Forward,Forward,1,0.7739,A,0.931,0.59,46.9,,,0.59,46.9,probable_starter,auto_role_rank_heuristic,0.88,,False
62,2026-06-26,Group Stage,I,Senegal,Iraq,senegal_ismaila_sarr,Ismaila Sarr,Forward,Forward,3,0.7261,A,0.881,0.587,46.7,,,0.587,46.7,probable_starter,auto_role_rank_heuristic,0.87,,False
62,2026-06-26,Group Stage,I,Senegal,Iraq,senegal_nicolas_jackson,Nicolas Jackson,Forward,Forward,7,0.4455,A,0.784,0.344,36.6,,,0.344,36.6,rotation,auto_role_rank_heuristic,0.766,,False
62,2026-06-26,Group Stage,I,Senegal,Iraq,senegal_sadio_mane,Sadio Mane,Forward,Forward,2,0.7455,B,0.727,0.558,45.5,,,0.558,45.5,probable_starter,auto_role_rank_heuristic,0.781,,False
62,2026-06-26,Group Stage,I,Senegal,Iraq,senegal_edouard_mendy,Edouard Mendy,Goalkeeper,Goalkeeper,1,0.8248,B,0.745,0.668,53.4,,,0.668,53.4,probable_starter,auto_role_rank_heuristic,0.807,,False
62,2026-06-26,Group Stage,I,Senegal,Iraq,senegal_mory_diaw,Mory Diaw,Goalkeeper,Goalkeeper,2,0.8046,A,0.921,0.229,18.3,,,0.229,18.3,rotation,auto_role_rank_heuristic,0.88,,False
62,2026-06-26,Group Stage,I,Senegal,Iraq,senegal_yehvann_diouf,Yehvann Diouf,Goalkeeper,Goalkeeper,3,0.7998,A,0.895,0.139,11.1,,,0.139,11.1,bench_option,auto_role_rank_heuristic,0.88,,False
62,2026-06-26,Group Stage,I,Senegal,Iraq,senegal_bara_sapoko_ndiaye,Bara Sapoko Ndiaye,Midfielder,Midfielder,7,0.0,D,0.2,0.121,25.4,,,0.121,25.4,bench_option,auto_role_rank_heuristic,0.29,,False
62,2026-06-26,Group Stage,I,Senegal,Iraq,senegal_habib_diarra,Habib Diarra,Midfielder,Midfielder,5,0.5357,A,0.817,0.349,36.3,,,0.349,36.3,rotation,auto_role_rank_heuristic,0.8,,False
62,2026-06-26,Group Stage,I,Senegal,Iraq,senegal_idrissa_gana_gueye,Idrissa Gana Gueye,Midfielder,Midfielder,6,0.314,A,0.874,0.336,35.7,,,0.336,35.7,rotation,auto_role_rank_heuristic,0.764,,False
62,2026-06-26,Group Stage,I,Senegal,Iraq,senegal_lamine_camara,Lamine Camara,Midfielder,Midfielder,1,0.714,A,0.854,0.601,48.4,,,0.601,48.4,probable_starter,auto_role_rank_heuristic,0.857,,False
62,2026-06-26,Group Stage,I,Senegal,Iraq,senegal_pape_gueye,Pape Gueye,Midfielder,Midfielder,3,0.6259,A,0.878,0.596,48.1,,,0.596,48.1,probable_starter,auto_role_rank_heuristic,0.844,,False
62,2026-06-26,Group Stage,I,Senegal,Iraq,senegal_pape_matar_sarr,Pape Matar Sarr,Midfielder,Midfielder,4,0.597,A,0.816,0.595,48.1,,,0.595,48.1,probable_starter,auto_role_rank_heuristic,0.815,,False
62,2026-06-26,Group Stage,I,Senegal,Iraq,senegal_pathe_ciss,Pathe Ciss,Midfielder,Midfielder,2,0.6606,A,0.866,0.598,48.2,,,0.598,48.2,probable_starter,auto_role_rank_heuristic,0.848,,False
62,2026-06-26,Group Stage,I,Iraq,Senegal,iraq_ahmed_yahya,Ahmed Yahya,Defender,Defender,3,0.0,D,0.2,0.637,51.5,,,0.637,51.5,probable_starter,auto_role_rank_heuristic,0.29,,False
62,2026-06-26,Group Stage,I,Iraq,Senegal,iraq_akam_hashim,Akam Hashim,Defender,Defender,4,0.0,D,0.2,0.637,51.5,,,0.637,51.5,probable_starter,auto_role_rank_heuristic,0.29,,False
62,2026-06-26,Group Stage,I,Iraq,Senegal,iraq_frans_putros,Frans Putros,Defender,Defender,5,0.0,D,0.2,0.204,23.9,,,0.204,23.9,rotation,auto_role_rank_heuristic,0.29,,False
62,2026-06-26,Group Stage,I,Iraq,Senegal,iraq_hussein_ali,Hussein Ali,Defender,Defender,1,0.1401,D,0.2,0.651,52.4,,,0.651,52.4,probable_starter,auto_role_rank_heuristic,0.325,,False
62,2026-06-26,Group Stage,I,Iraq,Senegal,iraq_merchas_doski,Merchas Doski,Defender,Defender,2,0.0362,D,0.2,0.641,51.7,,,0.641,51.7,probable_starter,auto_role_rank_heuristic,0.299,,False
62,2026-06-26,Group Stage,I,Iraq,Senegal,iraq_munaf_younus,Munaf Younus,Defender,Defender,6,0.0,D,0.2,0.204,23.9,,,0.204,23.9,rotation,auto_role_rank_heuristic,0.29,,False
62,2026-06-26,Group Stage,I,Iraq,Senegal,iraq_mustafa_saadoon,Mustafa Saadoon,Defender,Defender,7,0.0,D,0.2,0.204,23.9,,,0.204,23.9,rotation,auto_role_rank_heuristic,0.29,,False
62,2026-06-26,Group Stage,I,Iraq,Senegal,iraq_rebin_ghareeb,Rebin Ghareeb,Defender,Defender,8,0.0,D,0.2,0.013,11.7,,,0.013,11.7,bench_option,auto_role_rank_heuristic,0.29,,False
62,2026-06-26,Group Stage,I,Iraq,Senegal,iraq_zaid_tahseen,Zaid Tahseen,Defender,Defender,9,0.0,D,0.2,0.013,11.7,,,0.013,11.7,bench_option,auto_role_rank_heuristic,0.29,,False
62,2026-06-26,Group Stage,I,Iraq,Senegal,iraq_ahmed_qasim,Ahmed Qasim,Forward,Forward,4,0.0797,D,0.35,0.313,36.1,,,0.313,36.1,rotation,auto_role_rank_heuristic,0.362,,False
62,2026-06-26,Group Stage,I,Iraq,Senegal,iraq_ali_alhamadi,Ali Alhamadi,Forward,Forward,3,0.2466,D,0.35,0.713,53.2,,,0.713,53.2,probable_starter,auto_role_rank_heuristic,0.404,,False
62,2026-06-26,Group Stage,I,Iraq,Senegal,iraq_ali_jasim,Ali Jasim,Forward,Forward,1,0.3673,B,0.684,0.903,61.4,,,0.903,61.4,locked_starter,auto_role_rank_heuristic,0.671,,False
62,2026-06-26,Group Stage,I,Iraq,Senegal,iraq_ali_yousif,Ali Yousif,Forward,Forward,6,0.0,D,0.2,0.204,31.5,,,0.204,31.5,rotation,auto_role_rank_heuristic,0.29,,False
62,2026-06-26,Group Stage,I,Iraq,Senegal,iraq_aymen_hussein,Aymen Hussein,Forward,Forward,7,0.0,D,0.2,0.204,31.5,,,0.204,31.5,rotation,auto_role_rank_heuristic,0.29,,False
62,2026-06-26,Group Stage,I,Iraq,Senegal,iraq_marko_farji,Marko Farji,Forward,Forward,5,0.0063,D,0.2,0.205,31.5,,,0.205,31.5,rotation,auto_role_rank_heuristic,0.292,,False
62,2026-06-26,Group Stage,I,Iraq,Senegal,iraq_mohanad_ali,Mohanad Ali,Forward,Forward,2,0.3038,D,0.35,0.718,53.5,,,0.718,53.5,probable_starter,auto_role_rank_heuristic,0.418,,False
62,2026-06-26,Group Stage,I,Iraq,Senegal,iraq_ahmed_basil,Ahmed Basil,Goalkeeper,Goalkeeper,1,0.0,D,0.2,0.764,62.6,,,0.764,62.6,locked_starter,auto_role_rank_heuristic,0.29,,False
62,2026-06-26,Group Stage,I,Iraq,Senegal,iraq_fahad_talib,Fahad Talib,Goalkeeper,Goalkeeper,2,0.0,D,0.2,0.013,1.1,,,0.013,1.1,bench_option,auto_role_rank_heuristic,0.29,,False
62,2026-06-26,Group Stage,I,Iraq,Senegal,iraq_jalal_hassan,Jalal Hassan,Goalkeeper,Goalkeeper,3,0.0,D,0.2,0.013,1.1,,,0.013,1.1,bench_option,auto_role_rank_heuristic,0.29,,False
62,2026-06-26,Group Stage,I,Iraq,Senegal,iraq_aimar_sher,Aimar Sher,Midfielder,Midfielder,4,0.1469,D,0.2,0.627,50.8,,,0.627,50.8,probable_starter,auto_role_rank_heuristic,0.327,,False
62,2026-06-26,Group Stage,I,Iraq,Senegal,iraq_amir_alammari,Amir Alammari,Midfielder,Midfielder,2,0.1806,D,0.35,0.731,55.9,,,0.731,55.9,probable_starter,auto_role_rank_heuristic,0.388,,False
62,2026-06-26,Group Stage,I,Iraq,Senegal,iraq_ibrahim_bayesh,Ibrahim Bayesh,Midfielder,Midfielder,3,0.1532,B,0.635,0.907,64.6,,,0.907,64.6,locked_starter,auto_role_rank_heuristic,0.601,,False
62,2026-06-26,Group Stage,I,Iraq,Senegal,iraq_kevin_yakob,Kevin Yakob,Midfielder,Midfielder,5,0.1445,D,0.2,0.219,30.8,,,0.219,30.8,rotation,auto_role_rank_heuristic,0.326,,False
62,2026-06-26,Group Stage,I,Iraq,Senegal,iraq_youssef_amyn,Youssef Amyn,Midfielder,Midfielder,6,0.0849,D,0.2,0.315,35.5,,,0.315,35.5,rotation,auto_role_rank_heuristic,0.311,,False
62,2026-06-26,Group Stage,I,Iraq,Senegal,iraq_zaid_ismael,Zaid Ismael,Midfielder,Midfielder,7,0.0,D,0.2,0.204,30.0,,,0.204,30.0,rotation,auto_role_rank_heuristic,0.29,,False
62,2026-06-26,Group Stage,I,Iraq,Senegal,iraq_zidane_iqbal,Zidane Iqbal,Midfielder,Midfielder,1,0.3215,D,0.217,0.746,56.7,,,0.746,56.7,probable_starter,auto_role_rank_heuristic,0.376,,False
19,2026-06-16,Group Stage,J,Argentina,Algeria,argentina_cristian_romero,Cristian Romero,Defender,Defender,2,0.7132,A,0.856,0.631,49.9,,,0.631,49.9,probable_starter,auto_role_rank_heuristic,0.858,,False
19,2026-06-16,Group Stage,J,Argentina,Algeria,argentina_facundo_medina,Facundo Medina,Defender,Defender,3,0.6497,A,0.814,0.627,49.6,,,0.627,49.6,probable_starter,auto_role_rank_heuristic,0.827,,False
19,2026-06-16,Group Stage,J,Argentina,Algeria,argentina_gonzalo_montiel,Gonzalo Montiel,Defender,Defender,8,0.2392,D,0.2,0.03,12.5,,,0.03,12.5,bench_option,auto_role_rank_heuristic,0.35,,False
19,2026-06-16,Group Stage,J,Argentina,Algeria,argentina_leonardo_balerdi,Leonardo Balerdi,Defender,Defender,5,0.5775,A,0.867,0.36,33.0,,,0.36,33.0,rotation,auto_role_rank_heuristic,0.828,,False
19,2026-06-16,Group Stage,J,Argentina,Algeria,argentina_lisandro_martinez,Lisandro Martinez,Defender,Defender,7,0.4918,A,0.803,0.354,32.7,,,0.354,32.7,rotation,auto_role_rank_heuristic,0.784,,False
19,2026-06-16,Group Stage,J,Argentina,Algeria,argentina_nahuel_molina,Nahuel Molina,Defender,Defender,6,0.492,A,0.811,0.354,32.7,,,0.354,32.7,rotation,auto_role_rank_heuristic,0.787,,False
19,2026-06-16,Group Stage,J,Argentina,Algeria,argentina_nicolas_otamendi,Nicolas Otamendi,Defender,Defender,1,0.8905,B,0.767,0.611,48.6,,,0.611,48.6,probable_starter,auto_role_rank_heuristic,0.831,,False
19,2026-06-16,Group Stage,J,Argentina,Algeria,argentina_nicolas_tagliafico,Nicolas Tagliafico,Defender,Defender,4,0.6122,A,0.809,0.625,49.5,,,0.625,49.5,probable_starter,auto_role_rank_heuristic,0.816,,False
19,2026-06-16,Group Stage,J,Argentina,Algeria,argentina_giuliano_simeone,Giuliano Simeone,Forward,Forward,1,0.7373,A,0.875,0.601,47.3,,,0.601,47.3,probable_starter,auto_role_rank_heuristic,0.871,,False
19,2026-06-16,Group Stage,J,Argentina,Algeria,argentina_jose_manuel_lopez,Jose Manuel Lopez,Forward,Forward,7,0.0,D,0.2,0.124,27.4,,,0.124,27.4,bench_option,auto_role_rank_heuristic,0.29,,False
19,2026-06-16,Group Stage,J,Argentina,Algeria,argentina_julian_alvarez,Julian Alvarez,Forward,Forward,3,0.677,A,0.858,0.598,47.2,,,0.598,47.2,probable_starter,auto_role_rank_heuristic,0.85,,False
19,2026-06-16,Group Stage,J,Argentina,Algeria,argentina_lautaro_martinez,Lautaro Martinez,Forward,Forward,2,0.7221,A,0.88,0.601,47.3,,,0.601,47.3,probable_starter,auto_role_rank_heuristic,0.869,,False
19,2026-06-16,Group Stage,J,Argentina,Algeria,argentina_lionel_messi,Lionel Messi,Forward,Forward,4,0.4937,B,0.654,0.324,35.7,,,0.324,35.7,rotation,auto_role_rank_heuristic,0.692,,False
19,2026-06-16,Group Stage,J,Argentina,Algeria,argentina_nico_paz,Nico Paz,Forward,Forward,6,0.2912,D,0.35,0.203,30.7,,,0.203,30.7,rotation,auto_role_rank_heuristic,0.415,,False
19,2026-06-16,Group Stage,J,Argentina,Algeria,argentina_thiago_almada,Thiago Almada,Forward,Forward,5,0.48,A,0.809,0.354,37.0,,,0.354,37.0,rotation,auto_role_rank_heuristic,0.783,,False
19,2026-06-16,Group Stage,J,Argentina,Algeria,argentina_emiliano_martinez,Emiliano Martinez,Goalkeeper,Goalkeeper,1,0.9322,A,0.936,0.722,57.7,,,0.722,57.7,probable_starter,auto_role_rank_heuristic,0.88,,False
19,2026-06-16,Group Stage,J,Argentina,Algeria,argentina_geronimo_rulli,Geronimo Rulli,Goalkeeper,Goalkeeper,2,0.8316,A,0.917,0.237,18.9,,,0.237,18.9,rotation,auto_role_rank_heuristic,0.88,,False
19,2026-06-16,Group Stage,J,Argentina,Algeria,argentina_juan_musso,Juan Musso,Goalkeeper,Goalkeeper,3,0.5255,C,0.448,0.032,2.6,,,0.032,2.6,bench_option,auto_role_rank_heuristic,0.588,,False
19,2026-06-16,Group Stage,J,Argentina,Algeria,argentina_alexis_mac_allister,Alexis Mac Allister,Midfielder,Midfielder,2,0.7634,A,0.921,0.618,49.2,,,0.618,49.2,probable_starter,auto_role_rank_heuristic,0.88,,False
19,2026-06-16,Group Stage,J,Argentina,Algeria,argentina_enzo_fernandez,Enzo Fernandez,Midfielder,Midfielder,1,0.8611,A,0.95,0.625,49.5,,,0.625,49.5,probable_starter,auto_role_rank_heuristic,0.88,,False
19,2026-06-16,Group Stage,J,Argentina,Algeria,argentina_exequiel_palacios,Exequiel Palacios,Midfielder,Midfielder,5,0.5586,A,0.792,0.359,36.8,,,0.359,36.8,rotation,auto_role_rank_heuristic,0.797,,False
19,2026-06-16,Group Stage,J,Argentina,Algeria,argentina_giovani_lo_celso,Giovani Lo Celso,Midfielder,Midfielder,4,0.5686,A,0.816,0.606,48.6,,,0.606,48.6,probable_starter,auto_role_rank_heuristic,0.808,,False
19,2026-06-16,Group Stage,J,Argentina,Algeria,argentina_leandro_paredes,Leandro Paredes,Midfielder,Midfielder,7,0.4661,C,0.55,0.26,32.0,,,0.26,32.0,rotation,auto_role_rank_heuristic,0.609,,False
19,2026-06-16,Group Stage,J,Argentina,Algeria,argentina_nico_gonzalez,Nico Gonzalez,Midfielder,Midfielder,8,0.3904,D,0.35,0.209,29.6,,,0.209,29.6,rotation,auto_role_rank_heuristic,0.44,,False
19,2026-06-16,Group Stage,J,Argentina,Algeria,argentina_rodrigo_de_paul,Rodrigo de Paul,Midfielder,Midfielder,3,0.6228,B,0.648,0.579,47.3,,,0.579,47.3,probable_starter,auto_role_rank_heuristic,0.723,,False
19,2026-06-16,Group Stage,J,Argentina,Algeria,argentina_valentin_barco,Valentin Barco,Midfielder,Midfielder,6,0.5305,A,0.881,0.357,36.7,,,0.357,36.7,rotation,auto_role_rank_heuristic,0.821,,False
19,2026-06-16,Group Stage,J,Algeria,Argentina,algeria_achraf_abada,Achraf Abada,Defender,Defender,8,0.0,D,0.2,0.01,11.5,,,0.01,11.5,bench_option,auto_role_rank_heuristic,0.29,,False
19,2026-06-16,Group Stage,J,Algeria,Argentina,algeria_aissa_mandi,Aissa Mandi,Defender,Defender,1,0.7128,A,0.902,0.71,55.9,,,0.71,55.9,probable_starter,auto_role_rank_heuristic,0.874,,False
19,2026-06-16,Group Stage,J,Algeria,Argentina,algeria_jaouen_hadjam,Jaouen Hadjam,Defender,Defender,5,0.3052,D,0.35,0.23,25.4,,,0.23,25.4,rotation,auto_role_rank_heuristic,0.419,,False
19,2026-06-16,Group Stage,J,Algeria,Argentina,algeria_mohamed_amine_tougai,Mohamed Amine Tougai,Defender,Defender,9,0.0,D,0.2,0.01,11.5,,,0.01,11.5,bench_option,auto_role_rank_heuristic,0.29,,False
19,2026-06-16,Group Stage,J,Algeria,Argentina,algeria_rafik_belghali,Rafik Belghali,Defender,Defender,4,0.495,A,0.88,0.696,55.0,,,0.696,55.0,probable_starter,auto_role_rank_heuristic,0.812,,False
19,2026-06-16,Group Stage,J,Algeria,Argentina,algeria_ramy_bensebaini,Ramy Bensebaini,Defender,Defender,2,0.6877,A,0.827,0.709,55.8,,,0.709,55.8,probable_starter,auto_role_rank_heuristic,0.841,,False
19,2026-06-16,Group Stage,J,Algeria,Argentina,algeria_rayan_ait_nouri,Rayan Ait-Nouri,Defender,Defender,3,0.5675,A,0.781,0.7,55.2,,,0.7,55.2,probable_starter,auto_role_rank_heuristic,0.795,,False
19,2026-06-16,Group Stage,J,Algeria,Argentina,algeria_samir_chergui,Samir Chergui,Defender,Defender,6,0.2208,A,0.796,0.381,35.0,,,0.381,35.0,rotation,auto_role_rank_heuristic,0.714,,False
19,2026-06-16,Group Stage,J,Algeria,Argentina,algeria_zineddine_belaid,Zineddine Belaid,Defender,Defender,7,0.152,D,0.2,0.15,20.4,,,0.15,20.4,bench_option,auto_role_rank_heuristic,0.328,,False
19,2026-06-16,Group Stage,J,Algeria,Argentina,algeria_adil_boulbina,Adil Boulbina,Forward,Forward,7,0.0,D,0.2,0.139,28.6,,,0.139,28.6,bench_option,auto_role_rank_heuristic,0.29,,False
19,2026-06-16,Group Stage,J,Algeria,Argentina,algeria_amine_gouiri,Amine Gouiri,Forward,Forward,4,0.5714,A,0.81,0.405,39.9,,,0.405,39.9,rotation,auto_role_rank_heuristic,0.806,,False
19,2026-06-16,Group Stage,J,Algeria,Argentina,algeria_anis_hadj_moussa,Anis Hadj Moussa,Forward,Forward,1,0.7728,B,0.762,0.645,50.1,,,0.645,50.1,probable_starter,auto_role_rank_heuristic,0.8,,False
19,2026-06-16,Group Stage,J,Algeria,Argentina,algeria_fares_ghedjemis,Fares Ghedjemis,Forward,Forward,5,0.2339,D,0.35,0.225,32.2,,,0.225,32.2,rotation,auto_role_rank_heuristic,0.401,,False
19,2026-06-16,Group Stage,J,Algeria,Argentina,algeria_mohamed_amoura,Mohamed Amoura,Forward,Forward,3,0.6511,A,0.86,0.671,51.2,,,0.671,51.2,probable_starter,auto_role_rank_heuristic,0.844,,False
19,2026-06-16,Group Stage,J,Algeria,Argentina,algeria_nadhir_benbouali,Nadhir Benbouali,Forward,Forward,6,0.1445,D,0.2,0.15,29.0,,,0.15,29.0,bench_option,auto_role_rank_heuristic,0.326,,False
19,2026-06-16,Group Stage,J,Algeria,Argentina,algeria_riyad_mahrez,Riyad Mahrez,Forward,Forward,2,0.6934,B,0.742,0.639,49.8,,,0.639,49.8,probable_starter,auto_role_rank_heuristic,0.773,,False
19,2026-06-16,Group Stage,J,Algeria,Argentina,algeria_luca_zidane,Luca Zidane,Goalkeeper,Goalkeeper,1,0.4075,C,0.55,0.672,54.8,,,0.672,54.8,probable_starter,auto_role_rank_heuristic,0.594,,False
19,2026-06-16,Group Stage,J,Algeria,Argentina,algeria_melvin_mastil,Melvin Mastil,Goalkeeper,Goalkeeper,2,0.0,D,0.2,0.01,0.8,,,0.01,0.8,bench_option,auto_role_rank_heuristic,0.29,,False
19,2026-06-16,Group Stage,J,Algeria,Argentina,algeria_oussama_benbot,Oussama Benbot,Goalkeeper,Goalkeeper,3,0.0,D,0.2,0.01,0.8,,,0.01,0.8,bench_option,auto_role_rank_heuristic,0.29,,False
19,2026-06-16,Group Stage,J,Algeria,Argentina,algeria_fares_chaibi,Fares Chaibi,Midfielder,Midfielder,1,0.6458,A,0.849,0.689,53.6,,,0.689,53.6,probable_starter,auto_role_rank_heuristic,0.839,,False
19,2026-06-16,Group Stage,J,Algeria,Argentina,algeria_hicham_boudaoui,Hicham Boudaoui,Midfielder,Midfielder,3,0.5998,A,0.841,0.685,53.4,,,0.685,53.4,probable_starter,auto_role_rank_heuristic,0.824,,False
19,2026-06-16,Group Stage,J,Algeria,Argentina,algeria_houssem_aouar,Houssem Aouar,Midfielder,Midfielder,5,0.5464,B,0.708,0.369,38.0,,,0.369,38.0,rotation,auto_role_rank_heuristic,0.724,,False
19,2026-06-16,Group Stage,J,Algeria,Argentina,algeria_ibrahim_maza,Ibrahim Maza,Midfielder,Midfielder,6,0.5263,A,0.854,0.402,39.6,,,0.402,39.6,rotation,auto_role_rank_heuristic,0.81,,False
19,2026-06-16,Group Stage,J,Algeria,Argentina,algeria_nabil_bentaleb,Nabil Bentaleb,Midfielder,Midfielder,7,0.455,A,0.807,0.396,39.3,,,0.396,39.3,rotation,auto_role_rank_heuristic,0.776,,False
19,2026-06-16,Group Stage,J,Algeria,Argentina,algeria_ramiz_zerrouki,Ramiz Zerrouki,Midfielder,Midfielder,4,0.5721,B,0.771,0.649,51.6,,,0.649,51.6,probable_starter,auto_role_rank_heuristic,0.753,,False
19,2026-06-16,Group Stage,J,Algeria,Argentina,algeria_yassine_titraoui,Yassine Titraoui,Midfielder,Midfielder,2,0.6025,B,0.792,0.65,51.7,,,0.65,51.7,probable_starter,auto_role_rank_heuristic,0.768,,False
20,2026-06-16,Group Stage,J,Austria,Jordan,austria_david_affengruber,David Affengruber,Defender,Defender,5,0.5788,A,0.946,0.388,35.1,,,0.388,35.1,rotation,auto_role_rank_heuristic,0.856,,False
20,2026-06-16,Group Stage,J,Austria,Jordan,austria_david_alaba,David Alaba,Defender,Defender,7,0.3461,D,0.228,0.223,24.7,,,0.223,24.7,rotation,auto_role_rank_heuristic,0.386,,False
20,2026-06-16,Group Stage,J,Austria,Jordan,austria_kevin_danso,Kevin Danso,Defender,Defender,4,0.7139,A,0.825,0.68,53.4,,,0.68,53.4,probable_starter,auto_role_rank_heuristic,0.847,,False
20,2026-06-16,Group Stage,J,Austria,Jordan,austria_marco_friedl,Marco Friedl,Defender,Defender,2,0.742,A,0.912,0.682,53.5,,,0.682,53.5,probable_starter,auto_role_rank_heuristic,0.88,,False
20,2026-06-16,Group Stage,J,Austria,Jordan,austria_michael_svoboda,Michael Svoboda,Defender,Defender,8,0.2609,D,0.35,0.034,12.9,,,0.034,12.9,bench_option,auto_role_rank_heuristic,0.408,,False
20,2026-06-16,Group Stage,J,Austria,Jordan,austria_philipp_lienhart,Philipp Lienhart,Defender,Defender,3,0.7223,A,0.808,0.681,53.5,,,0.681,53.5,probable_starter,auto_role_rank_heuristic,0.843,,False
20,2026-06-16,Group Stage,J,Austria,Jordan,austria_phillip_mwene,Phillip Mwene,Defender,Defender,6,0.4757,C,0.55,0.281,28.4,,,0.281,28.4,rotation,auto_role_rank_heuristic,0.611,,False
20,2026-06-16,Group Stage,J,Austria,Jordan,austria_stefan_posch,Stefan Posch,Defender,Defender,1,0.7484,A,0.849,0.682,53.5,,,0.682,53.5,probable_starter,auto_role_rank_heuristic,0.864,,False
20,2026-06-16,Group Stage,J,Austria,Jordan,austria_marko_arnautovic,Marko Arnautovic,Forward,Forward,3,0.3212,D,0.35,0.471,42.2,,,0.471,42.2,rotation,auto_role_rank_heuristic,0.423,,False
20,2026-06-16,Group Stage,J,Austria,Jordan,austria_michael_gregoritsch,Michael Gregoritsch,Forward,Forward,2,0.4771,A,0.776,0.631,49.0,,,0.631,49.0,probable_starter,auto_role_rank_heuristic,0.771,,False
20,2026-06-16,Group Stage,J,Austria,Jordan,austria_patrick_wimmer,Patrick Wimmer,Forward,Forward,1,0.5217,A,0.835,0.634,49.1,,,0.634,49.1,probable_starter,auto_role_rank_heuristic,0.803,,False
20,2026-06-16,Group Stage,J,Austria,Jordan,austria_sasa_kalajdzic,Sasa Kalajdzic,Forward,Forward,4,0.2134,D,0.201,0.214,31.4,,,0.214,31.4,rotation,auto_role_rank_heuristic,0.344,,False
20,2026-06-16,Group Stage,J,Austria,Jordan,austria_alexander_schlager,Alexander Schlager,Goalkeeper,Goalkeeper,2,0.25,C,0.55,0.117,9.4,,,0.117,9.4,bench_option,auto_role_rank_heuristic,0.555,,False
20,2026-06-16,Group Stage,J,Austria,Jordan,austria_florian_wiegele,Florian Wiegele,Goalkeeper,Goalkeeper,3,0.01,D,0.2,0.01,0.8,,,0.01,0.8,bench_option,auto_role_rank_heuristic,0.292,,False
20,2026-06-16,Group Stage,J,Austria,Jordan,austria_patrick_pentz,Patrick Pentz,Goalkeeper,Goalkeeper,1,0.4086,C,0.55,0.643,51.9,,,0.643,51.9,probable_starter,auto_role_rank_heuristic,0.595,,False
20,2026-06-16,Group Stage,J,Austria,Jordan,austria_alessandro_schoepf,Alessandro Schoepf,Midfielder,Midfielder,11,0.2037,D,0.35,0.047,22.0,,,0.047,22.0,bench_option,auto_role_rank_heuristic,0.393,,False
20,2026-06-16,Group Stage,J,Austria,Jordan,austria_alexander_prass,Alexander Prass,Midfielder,Midfielder,9,0.4768,A,0.809,0.215,30.1,,,0.215,30.1,rotation,auto_role_rank_heuristic,0.782,,False
20,2026-06-16,Group Stage,J,Austria,Jordan,austria_carney_chukwuemeka,Carney Chukwuemeka,Midfielder,Midfielder,10,0.3916,A,0.777,0.209,29.8,,,0.209,29.8,rotation,auto_role_rank_heuristic,0.75,,False
20,2026-06-16,Group Stage,J,Austria,Jordan,austria_christoph_baumgartner,Christoph Baumgartner,Midfielder,Midfielder,1,0.8285,A,0.932,0.671,52.2,,,0.671,52.2,probable_starter,auto_role_rank_heuristic,0.88,,False
20,2026-06-16,Group Stage,J,Austria,Jordan,austria_florian_grillitsch,Florian Grillitsch,Midfielder,Midfielder,5,0.6183,B,0.644,0.357,37.0,,,0.357,37.0,rotation,auto_role_rank_heuristic,0.72,,False
20,2026-06-16,Group Stage,J,Austria,Jordan,austria_konrad_laimer,Konrad Laimer,Midfielder,Midfielder,4,0.7331,A,0.866,0.665,51.9,,,0.665,51.9,probable_starter,auto_role_rank_heuristic,0.866,,False
20,2026-06-16,Group Stage,J,Austria,Jordan,austria_marcel_sabitzer,Marcel Sabitzer,Midfielder,Midfielder,2,0.7937,A,0.851,0.668,52.0,,,0.668,52.0,probable_starter,auto_role_rank_heuristic,0.876,,False
20,2026-06-16,Group Stage,J,Austria,Jordan,austria_nicolas_seiwald,Nicolas Seiwald,Midfielder,Midfielder,7,0.5842,A,0.924,0.389,38.5,,,0.389,38.5,rotation,auto_role_rank_heuristic,0.849,,False
20,2026-06-16,Group Stage,J,Austria,Jordan,austria_paul_wanner,Paul Wanner,Midfielder,Midfielder,8,0.5636,B,0.686,0.354,36.9,,,0.354,36.9,rotation,auto_role_rank_heuristic,0.721,,False
20,2026-06-16,Group Stage,J,Austria,Jordan,austria_romano_schmid,Romano Schmid,Midfielder,Midfielder,3,0.745,A,0.948,0.666,52.0,,,0.666,52.0,probable_starter,auto_role_rank_heuristic,0.88,,False
20,2026-06-16,Group Stage,J,Austria,Jordan,austria_xaver_schlager,Xaver Schlager,Midfielder,Midfielder,6,0.604,A,0.853,0.389,38.5,,,0.389,38.5,rotation,auto_role_rank_heuristic,0.83,,False
20,2026-06-16,Group Stage,J,Jordan,Austria,jordan_abdallah_nasib,Abdallah Nasib,Defender,Defender,1,0.0,D,0.2,0.697,55.0,,,0.697,55.0,probable_starter,auto_role_rank_heuristic,0.29,,False
20,2026-06-16,Group Stage,J,Jordan,Austria,jordan_anas_badawi,Anas Badawi,Defender,Defender,2,0.0,D,0.2,0.697,55.0,,,0.697,55.0,probable_starter,auto_role_rank_heuristic,0.29,,False
20,2026-06-16,Group Stage,J,Jordan,Austria,jordan_ehsan_haddad,Ehsan Haddad,Defender,Defender,3,0.0,D,0.2,0.697,55.0,,,0.697,55.0,probable_starter,auto_role_rank_heuristic,0.29,,False
20,2026-06-16,Group Stage,J,Jordan,Austria,jordan_husam_abudahab,Husam Abudahab,Defender,Defender,4,0.0,D,0.2,0.697,55.0,,,0.697,55.0,probable_starter,auto_role_rank_heuristic,0.29,,False
20,2026-06-16,Group Stage,J,Jordan,Austria,jordan_mohammad_abualnadi,Mohammad Abualnadi,Defender,Defender,5,0.0,D,0.2,0.223,25.0,,,0.223,25.0,rotation,auto_role_rank_heuristic,0.29,,False
20,2026-06-16,Group Stage,J,Jordan,Austria,jordan_mohammad_abuhasheesh,Mohammad Abuhasheesh,Defender,Defender,6,0.0,D,0.2,0.223,25.0,,,0.223,25.0,rotation,auto_role_rank_heuristic,0.29,,False
20,2026-06-16,Group Stage,J,Jordan,Austria,jordan_saed_alrosan,Saed Alrosan,Defender,Defender,7,0.0,D,0.2,0.223,25.0,,,0.223,25.0,rotation,auto_role_rank_heuristic,0.29,,False
20,2026-06-16,Group Stage,J,Jordan,Austria,jordan_saleem_obaid,Saleem Obaid,Defender,Defender,8,0.0,D,0.2,0.014,11.7,,,0.014,11.7,bench_option,auto_role_rank_heuristic,0.29,,False
20,2026-06-16,Group Stage,J,Jordan,Austria,jordan_yazan_alarab,Yazan Alarab,Defender,Defender,9,0.0,D,0.2,0.014,11.7,,,0.014,11.7,bench_option,auto_role_rank_heuristic,0.29,,False
20,2026-06-16,Group Stage,J,Jordan,Austria,jordan_ali_azaizeh,Ali Azaizeh,Forward,Forward,2,0.0942,C,0.442,0.848,58.6,,,0.848,58.6,locked_starter,auto_role_rank_heuristic,0.478,,False
20,2026-06-16,Group Stage,J,Jordan,Austria,jordan_ali_olwan,Ali Olwan,Forward,Forward,4,0.0,D,0.2,0.223,32.1,,,0.223,32.1,rotation,auto_role_rank_heuristic,0.29,,False
20,2026-06-16,Group Stage,J,Jordan,Austria,jordan_ibrahim_sabra,Ibrahim Sabra,Forward,Forward,3,0.0428,D,0.206,0.757,54.8,,,0.757,54.8,locked_starter,auto_role_rank_heuristic,0.303,,False
20,2026-06-16,Group Stage,J,Jordan,Austria,jordan_mahmoud_almardi,Mahmoud Almardi,Forward,Forward,5,0.0,D,0.2,0.223,32.1,,,0.223,32.1,rotation,auto_role_rank_heuristic,0.29,,False
20,2026-06-16,Group Stage,J,Jordan,Austria,jordan_mohammad_abuzraiq,Mohammad Abuzraiq,Forward,Forward,6,0.0,D,0.2,0.223,32.1,,,0.223,32.1,rotation,auto_role_rank_heuristic,0.29,,False
20,2026-06-16,Group Stage,J,Jordan,Austria,jordan_mousa_altamari,Mousa Altamari,Forward,Forward,1,0.3945,D,0.35,0.798,56.5,,,0.798,56.5,locked_starter,auto_role_rank_heuristic,0.441,,False
20,2026-06-16,Group Stage,J,Jordan,Austria,jordan_odeh_fakhoury,Odeh Fakhoury,Forward,Forward,7,0.0,D,0.2,0.223,32.1,,,0.223,32.1,rotation,auto_role_rank_heuristic,0.29,,False
20,2026-06-16,Group Stage,J,Jordan,Austria,jordan_abdallah_alfakhori,Abdallah Alfakhori,Goalkeeper,Goalkeeper,1,0.0,D,0.2,0.837,68.1,,,0.837,68.1,locked_starter,auto_role_rank_heuristic,0.29,,False
20,2026-06-16,Group Stage,J,Jordan,Austria,jordan_nour_baniateyah,Nour Baniateyah,Goalkeeper,Goalkeeper,2,0.0,D,0.2,0.014,1.1,,,0.014,1.1,bench_option,auto_role_rank_heuristic,0.29,,False
20,2026-06-16,Group Stage,J,Jordan,Austria,jordan_yazeed_abulaila,Yazeed Abulaila,Goalkeeper,Goalkeeper,3,0.0,D,0.2,0.014,1.1,,,0.014,1.1,bench_option,auto_role_rank_heuristic,0.29,,False
20,2026-06-16,Group Stage,J,Jordan,Austria,jordan_amer_jamous,Amer Jamous,Midfielder,Midfielder,2,0.0,D,0.2,0.669,52.6,,,0.669,52.6,probable_starter,auto_role_rank_heuristic,0.29,,False
20,2026-06-16,Group Stage,J,Jordan,Austria,jordan_ibrahim_sadeh,Ibrahim Sadeh,Midfielder,Midfielder,3,0.0,D,0.2,0.669,52.6,,,0.669,52.6,probable_starter,auto_role_rank_heuristic,0.29,,False
20,2026-06-16,Group Stage,J,Jordan,Austria,jordan_mohammad_aldaoud,Mohammad Aldaoud,Midfielder,Midfielder,4,0.0,D,0.2,0.669,52.6,,,0.669,52.6,probable_starter,auto_role_rank_heuristic,0.29,,False
20,2026-06-16,Group Stage,J,Jordan,Austria,jordan_mohannad_abutaha,Mohannad Abutaha,Midfielder,Midfielder,5,0.0,D,0.2,0.223,30.8,,,0.223,30.8,rotation,auto_role_rank_heuristic,0.29,,False
20,2026-06-16,Group Stage,J,Jordan,Austria,jordan_nizar_alrashdan,Nizar Alrashdan,Midfielder,Midfielder,6,0.0,D,0.2,0.223,30.8,,,0.223,30.8,rotation,auto_role_rank_heuristic,0.29,,False
20,2026-06-16,Group Stage,J,Jordan,Austria,jordan_noor_alrawabdeh,Noor Alrawabdeh,Midfielder,Midfielder,7,0.0,D,0.2,0.223,30.8,,,0.223,30.8,rotation,auto_role_rank_heuristic,0.29,,False
20,2026-06-16,Group Stage,J,Jordan,Austria,jordan_rajaei_ayed,Rajaei Ayed,Midfielder,Midfielder,1,0.08,D,0.2,0.678,53.0,,,0.678,53.0,probable_starter,auto_role_rank_heuristic,0.31,,False
43,2026-06-22,Group Stage,J,Argentina,Austria,argentina_cristian_romero,Cristian Romero,Defender,Defender,2,0.7132,A,0.856,0.631,49.9,,,0.631,49.9,probable_starter,auto_role_rank_heuristic,0.858,,False
43,2026-06-22,Group Stage,J,Argentina,Austria,argentina_facundo_medina,Facundo Medina,Defender,Defender,3,0.6497,A,0.814,0.627,49.6,,,0.627,49.6,probable_starter,auto_role_rank_heuristic,0.827,,False
43,2026-06-22,Group Stage,J,Argentina,Austria,argentina_gonzalo_montiel,Gonzalo Montiel,Defender,Defender,8,0.2392,D,0.2,0.03,12.5,,,0.03,12.5,bench_option,auto_role_rank_heuristic,0.35,,False
43,2026-06-22,Group Stage,J,Argentina,Austria,argentina_leonardo_balerdi,Leonardo Balerdi,Defender,Defender,5,0.5775,A,0.867,0.36,33.0,,,0.36,33.0,rotation,auto_role_rank_heuristic,0.828,,False
43,2026-06-22,Group Stage,J,Argentina,Austria,argentina_lisandro_martinez,Lisandro Martinez,Defender,Defender,7,0.4918,A,0.803,0.354,32.7,,,0.354,32.7,rotation,auto_role_rank_heuristic,0.784,,False
43,2026-06-22,Group Stage,J,Argentina,Austria,argentina_nahuel_molina,Nahuel Molina,Defender,Defender,6,0.492,A,0.811,0.354,32.7,,,0.354,32.7,rotation,auto_role_rank_heuristic,0.787,,False
43,2026-06-22,Group Stage,J,Argentina,Austria,argentina_nicolas_otamendi,Nicolas Otamendi,Defender,Defender,1,0.8905,B,0.767,0.611,48.6,,,0.611,48.6,probable_starter,auto_role_rank_heuristic,0.831,,False
43,2026-06-22,Group Stage,J,Argentina,Austria,argentina_nicolas_tagliafico,Nicolas Tagliafico,Defender,Defender,4,0.6122,A,0.809,0.625,49.5,,,0.625,49.5,probable_starter,auto_role_rank_heuristic,0.816,,False
43,2026-06-22,Group Stage,J,Argentina,Austria,argentina_giuliano_simeone,Giuliano Simeone,Forward,Forward,1,0.7373,A,0.875,0.601,47.3,,,0.601,47.3,probable_starter,auto_role_rank_heuristic,0.871,,False
43,2026-06-22,Group Stage,J,Argentina,Austria,argentina_jose_manuel_lopez,Jose Manuel Lopez,Forward,Forward,7,0.0,D,0.2,0.124,27.4,,,0.124,27.4,bench_option,auto_role_rank_heuristic,0.29,,False
43,2026-06-22,Group Stage,J,Argentina,Austria,argentina_julian_alvarez,Julian Alvarez,Forward,Forward,3,0.677,A,0.858,0.598,47.2,,,0.598,47.2,probable_starter,auto_role_rank_heuristic,0.85,,False
43,2026-06-22,Group Stage,J,Argentina,Austria,argentina_lautaro_martinez,Lautaro Martinez,Forward,Forward,2,0.7221,A,0.88,0.601,47.3,,,0.601,47.3,probable_starter,auto_role_rank_heuristic,0.869,,False
43,2026-06-22,Group Stage,J,Argentina,Austria,argentina_lionel_messi,Lionel Messi,Forward,Forward,4,0.4937,B,0.654,0.324,35.7,,,0.324,35.7,rotation,auto_role_rank_heuristic,0.692,,False
43,2026-06-22,Group Stage,J,Argentina,Austria,argentina_nico_paz,Nico Paz,Forward,Forward,6,0.2912,D,0.35,0.203,30.7,,,0.203,30.7,rotation,auto_role_rank_heuristic,0.415,,False
43,2026-06-22,Group Stage,J,Argentina,Austria,argentina_thiago_almada,Thiago Almada,Forward,Forward,5,0.48,A,0.809,0.354,37.0,,,0.354,37.0,rotation,auto_role_rank_heuristic,0.783,,False
43,2026-06-22,Group Stage,J,Argentina,Austria,argentina_emiliano_martinez,Emiliano Martinez,Goalkeeper,Goalkeeper,1,0.9322,A,0.936,0.722,57.7,,,0.722,57.7,probable_starter,auto_role_rank_heuristic,0.88,,False
43,2026-06-22,Group Stage,J,Argentina,Austria,argentina_geronimo_rulli,Geronimo Rulli,Goalkeeper,Goalkeeper,2,0.8316,A,0.917,0.237,18.9,,,0.237,18.9,rotation,auto_role_rank_heuristic,0.88,,False
43,2026-06-22,Group Stage,J,Argentina,Austria,argentina_juan_musso,Juan Musso,Goalkeeper,Goalkeeper,3,0.5255,C,0.448,0.032,2.6,,,0.032,2.6,bench_option,auto_role_rank_heuristic,0.588,,False
43,2026-06-22,Group Stage,J,Argentina,Austria,argentina_alexis_mac_allister,Alexis Mac Allister,Midfielder,Midfielder,2,0.7634,A,0.921,0.618,49.2,,,0.618,49.2,probable_starter,auto_role_rank_heuristic,0.88,,False
43,2026-06-22,Group Stage,J,Argentina,Austria,argentina_enzo_fernandez,Enzo Fernandez,Midfielder,Midfielder,1,0.8611,A,0.95,0.625,49.5,,,0.625,49.5,probable_starter,auto_role_rank_heuristic,0.88,,False
43,2026-06-22,Group Stage,J,Argentina,Austria,argentina_exequiel_palacios,Exequiel Palacios,Midfielder,Midfielder,5,0.5586,A,0.792,0.359,36.8,,,0.359,36.8,rotation,auto_role_rank_heuristic,0.797,,False
43,2026-06-22,Group Stage,J,Argentina,Austria,argentina_giovani_lo_celso,Giovani Lo Celso,Midfielder,Midfielder,4,0.5686,A,0.816,0.606,48.6,,,0.606,48.6,probable_starter,auto_role_rank_heuristic,0.808,,False
43,2026-06-22,Group Stage,J,Argentina,Austria,argentina_leandro_paredes,Leandro Paredes,Midfielder,Midfielder,7,0.4661,C,0.55,0.26,32.0,,,0.26,32.0,rotation,auto_role_rank_heuristic,0.609,,False
43,2026-06-22,Group Stage,J,Argentina,Austria,argentina_nico_gonzalez,Nico Gonzalez,Midfielder,Midfielder,8,0.3904,D,0.35,0.209,29.6,,,0.209,29.6,rotation,auto_role_rank_heuristic,0.44,,False
43,2026-06-22,Group Stage,J,Argentina,Austria,argentina_rodrigo_de_paul,Rodrigo de Paul,Midfielder,Midfielder,3,0.6228,B,0.648,0.579,47.3,,,0.579,47.3,probable_starter,auto_role_rank_heuristic,0.723,,False
43,2026-06-22,Group Stage,J,Argentina,Austria,argentina_valentin_barco,Valentin Barco,Midfielder,Midfielder,6,0.5305,A,0.881,0.357,36.7,,,0.357,36.7,rotation,auto_role_rank_heuristic,0.821,,False
43,2026-06-22,Group Stage,J,Austria,Argentina,austria_david_affengruber,David Affengruber,Defender,Defender,5,0.5788,A,0.946,0.388,35.1,,,0.388,35.1,rotation,auto_role_rank_heuristic,0.856,,False
43,2026-06-22,Group Stage,J,Austria,Argentina,austria_david_alaba,David Alaba,Defender,Defender,7,0.3461,D,0.228,0.223,24.7,,,0.223,24.7,rotation,auto_role_rank_heuristic,0.386,,False
43,2026-06-22,Group Stage,J,Austria,Argentina,austria_kevin_danso,Kevin Danso,Defender,Defender,4,0.7139,A,0.825,0.68,53.4,,,0.68,53.4,probable_starter,auto_role_rank_heuristic,0.847,,False
43,2026-06-22,Group Stage,J,Austria,Argentina,austria_marco_friedl,Marco Friedl,Defender,Defender,2,0.742,A,0.912,0.682,53.5,,,0.682,53.5,probable_starter,auto_role_rank_heuristic,0.88,,False
43,2026-06-22,Group Stage,J,Austria,Argentina,austria_michael_svoboda,Michael Svoboda,Defender,Defender,8,0.2609,D,0.35,0.034,12.9,,,0.034,12.9,bench_option,auto_role_rank_heuristic,0.408,,False
43,2026-06-22,Group Stage,J,Austria,Argentina,austria_philipp_lienhart,Philipp Lienhart,Defender,Defender,3,0.7223,A,0.808,0.681,53.5,,,0.681,53.5,probable_starter,auto_role_rank_heuristic,0.843,,False
43,2026-06-22,Group Stage,J,Austria,Argentina,austria_phillip_mwene,Phillip Mwene,Defender,Defender,6,0.4757,C,0.55,0.281,28.4,,,0.281,28.4,rotation,auto_role_rank_heuristic,0.611,,False
43,2026-06-22,Group Stage,J,Austria,Argentina,austria_stefan_posch,Stefan Posch,Defender,Defender,1,0.7484,A,0.849,0.682,53.5,,,0.682,53.5,probable_starter,auto_role_rank_heuristic,0.864,,False
43,2026-06-22,Group Stage,J,Austria,Argentina,austria_marko_arnautovic,Marko Arnautovic,Forward,Forward,3,0.3212,D,0.35,0.471,42.2,,,0.471,42.2,rotation,auto_role_rank_heuristic,0.423,,False
43,2026-06-22,Group Stage,J,Austria,Argentina,austria_michael_gregoritsch,Michael Gregoritsch,Forward,Forward,2,0.4771,A,0.776,0.631,49.0,,,0.631,49.0,probable_starter,auto_role_rank_heuristic,0.771,,False
43,2026-06-22,Group Stage,J,Austria,Argentina,austria_patrick_wimmer,Patrick Wimmer,Forward,Forward,1,0.5217,A,0.835,0.634,49.1,,,0.634,49.1,probable_starter,auto_role_rank_heuristic,0.803,,False
43,2026-06-22,Group Stage,J,Austria,Argentina,austria_sasa_kalajdzic,Sasa Kalajdzic,Forward,Forward,4,0.2134,D,0.201,0.214,31.4,,,0.214,31.4,rotation,auto_role_rank_heuristic,0.344,,False
43,2026-06-22,Group Stage,J,Austria,Argentina,austria_alexander_schlager,Alexander Schlager,Goalkeeper,Goalkeeper,2,0.25,C,0.55,0.117,9.4,,,0.117,9.4,bench_option,auto_role_rank_heuristic,0.555,,False
43,2026-06-22,Group Stage,J,Austria,Argentina,austria_florian_wiegele,Florian Wiegele,Goalkeeper,Goalkeeper,3,0.01,D,0.2,0.01,0.8,,,0.01,0.8,bench_option,auto_role_rank_heuristic,0.292,,False
43,2026-06-22,Group Stage,J,Austria,Argentina,austria_patrick_pentz,Patrick Pentz,Goalkeeper,Goalkeeper,1,0.4086,C,0.55,0.643,51.9,,,0.643,51.9,probable_starter,auto_role_rank_heuristic,0.595,,False
43,2026-06-22,Group Stage,J,Austria,Argentina,austria_alessandro_schoepf,Alessandro Schoepf,Midfielder,Midfielder,11,0.2037,D,0.35,0.047,22.0,,,0.047,22.0,bench_option,auto_role_rank_heuristic,0.393,,False
43,2026-06-22,Group Stage,J,Austria,Argentina,austria_alexander_prass,Alexander Prass,Midfielder,Midfielder,9,0.4768,A,0.809,0.215,30.1,,,0.215,30.1,rotation,auto_role_rank_heuristic,0.782,,False
43,2026-06-22,Group Stage,J,Austria,Argentina,austria_carney_chukwuemeka,Carney Chukwuemeka,Midfielder,Midfielder,10,0.3916,A,0.777,0.209,29.8,,,0.209,29.8,rotation,auto_role_rank_heuristic,0.75,,False
43,2026-06-22,Group Stage,J,Austria,Argentina,austria_christoph_baumgartner,Christoph Baumgartner,Midfielder,Midfielder,1,0.8285,A,0.932,0.671,52.2,,,0.671,52.2,probable_starter,auto_role_rank_heuristic,0.88,,False
43,2026-06-22,Group Stage,J,Austria,Argentina,austria_florian_grillitsch,Florian Grillitsch,Midfielder,Midfielder,5,0.6183,B,0.644,0.357,37.0,,,0.357,37.0,rotation,auto_role_rank_heuristic,0.72,,False
43,2026-06-22,Group Stage,J,Austria,Argentina,austria_konrad_laimer,Konrad Laimer,Midfielder,Midfielder,4,0.7331,A,0.866,0.665,51.9,,,0.665,51.9,probable_starter,auto_role_rank_heuristic,0.866,,False
43,2026-06-22,Group Stage,J,Austria,Argentina,austria_marcel_sabitzer,Marcel Sabitzer,Midfielder,Midfielder,2,0.7937,A,0.851,0.668,52.0,,,0.668,52.0,probable_starter,auto_role_rank_heuristic,0.876,,False
43,2026-06-22,Group Stage,J,Austria,Argentina,austria_nicolas_seiwald,Nicolas Seiwald,Midfielder,Midfielder,7,0.5842,A,0.924,0.389,38.5,,,0.389,38.5,rotation,auto_role_rank_heuristic,0.849,,False
43,2026-06-22,Group Stage,J,Austria,Argentina,austria_paul_wanner,Paul Wanner,Midfielder,Midfielder,8,0.5636,B,0.686,0.354,36.9,,,0.354,36.9,rotation,auto_role_rank_heuristic,0.721,,False
43,2026-06-22,Group Stage,J,Austria,Argentina,austria_romano_schmid,Romano Schmid,Midfielder,Midfielder,3,0.745,A,0.948,0.666,52.0,,,0.666,52.0,probable_starter,auto_role_rank_heuristic,0.88,,False
43,2026-06-22,Group Stage,J,Austria,Argentina,austria_xaver_schlager,Xaver Schlager,Midfielder,Midfielder,6,0.604,A,0.853,0.389,38.5,,,0.389,38.5,rotation,auto_role_rank_heuristic,0.83,,False
44,2026-06-22,Group Stage,J,Jordan,Algeria,jordan_abdallah_nasib,Abdallah Nasib,Defender,Defender,1,0.0,D,0.2,0.697,55.0,,,0.697,55.0,probable_starter,auto_role_rank_heuristic,0.29,,False
44,2026-06-22,Group Stage,J,Jordan,Algeria,jordan_anas_badawi,Anas Badawi,Defender,Defender,2,0.0,D,0.2,0.697,55.0,,,0.697,55.0,probable_starter,auto_role_rank_heuristic,0.29,,False
44,2026-06-22,Group Stage,J,Jordan,Algeria,jordan_ehsan_haddad,Ehsan Haddad,Defender,Defender,3,0.0,D,0.2,0.697,55.0,,,0.697,55.0,probable_starter,auto_role_rank_heuristic,0.29,,False
44,2026-06-22,Group Stage,J,Jordan,Algeria,jordan_husam_abudahab,Husam Abudahab,Defender,Defender,4,0.0,D,0.2,0.697,55.0,,,0.697,55.0,probable_starter,auto_role_rank_heuristic,0.29,,False
44,2026-06-22,Group Stage,J,Jordan,Algeria,jordan_mohammad_abualnadi,Mohammad Abualnadi,Defender,Defender,5,0.0,D,0.2,0.223,25.0,,,0.223,25.0,rotation,auto_role_rank_heuristic,0.29,,False
44,2026-06-22,Group Stage,J,Jordan,Algeria,jordan_mohammad_abuhasheesh,Mohammad Abuhasheesh,Defender,Defender,6,0.0,D,0.2,0.223,25.0,,,0.223,25.0,rotation,auto_role_rank_heuristic,0.29,,False
44,2026-06-22,Group Stage,J,Jordan,Algeria,jordan_saed_alrosan,Saed Alrosan,Defender,Defender,7,0.0,D,0.2,0.223,25.0,,,0.223,25.0,rotation,auto_role_rank_heuristic,0.29,,False
44,2026-06-22,Group Stage,J,Jordan,Algeria,jordan_saleem_obaid,Saleem Obaid,Defender,Defender,8,0.0,D,0.2,0.014,11.7,,,0.014,11.7,bench_option,auto_role_rank_heuristic,0.29,,False
44,2026-06-22,Group Stage,J,Jordan,Algeria,jordan_yazan_alarab,Yazan Alarab,Defender,Defender,9,0.0,D,0.2,0.014,11.7,,,0.014,11.7,bench_option,auto_role_rank_heuristic,0.29,,False
44,2026-06-22,Group Stage,J,Jordan,Algeria,jordan_ali_azaizeh,Ali Azaizeh,Forward,Forward,2,0.0942,C,0.442,0.848,58.6,,,0.848,58.6,locked_starter,auto_role_rank_heuristic,0.478,,False
44,2026-06-22,Group Stage,J,Jordan,Algeria,jordan_ali_olwan,Ali Olwan,Forward,Forward,4,0.0,D,0.2,0.223,32.1,,,0.223,32.1,rotation,auto_role_rank_heuristic,0.29,,False
44,2026-06-22,Group Stage,J,Jordan,Algeria,jordan_ibrahim_sabra,Ibrahim Sabra,Forward,Forward,3,0.0428,D,0.206,0.757,54.8,,,0.757,54.8,locked_starter,auto_role_rank_heuristic,0.303,,False
44,2026-06-22,Group Stage,J,Jordan,Algeria,jordan_mahmoud_almardi,Mahmoud Almardi,Forward,Forward,5,0.0,D,0.2,0.223,32.1,,,0.223,32.1,rotation,auto_role_rank_heuristic,0.29,,False
44,2026-06-22,Group Stage,J,Jordan,Algeria,jordan_mohammad_abuzraiq,Mohammad Abuzraiq,Forward,Forward,6,0.0,D,0.2,0.223,32.1,,,0.223,32.1,rotation,auto_role_rank_heuristic,0.29,,False
44,2026-06-22,Group Stage,J,Jordan,Algeria,jordan_mousa_altamari,Mousa Altamari,Forward,Forward,1,0.3945,D,0.35,0.798,56.5,,,0.798,56.5,locked_starter,auto_role_rank_heuristic,0.441,,False
44,2026-06-22,Group Stage,J,Jordan,Algeria,jordan_odeh_fakhoury,Odeh Fakhoury,Forward,Forward,7,0.0,D,0.2,0.223,32.1,,,0.223,32.1,rotation,auto_role_rank_heuristic,0.29,,False
44,2026-06-22,Group Stage,J,Jordan,Algeria,jordan_abdallah_alfakhori,Abdallah Alfakhori,Goalkeeper,Goalkeeper,1,0.0,D,0.2,0.837,68.1,,,0.837,68.1,locked_starter,auto_role_rank_heuristic,0.29,,False
44,2026-06-22,Group Stage,J,Jordan,Algeria,jordan_nour_baniateyah,Nour Baniateyah,Goalkeeper,Goalkeeper,2,0.0,D,0.2,0.014,1.1,,,0.014,1.1,bench_option,auto_role_rank_heuristic,0.29,,False
44,2026-06-22,Group Stage,J,Jordan,Algeria,jordan_yazeed_abulaila,Yazeed Abulaila,Goalkeeper,Goalkeeper,3,0.0,D,0.2,0.014,1.1,,,0.014,1.1,bench_option,auto_role_rank_heuristic,0.29,,False
44,2026-06-22,Group Stage,J,Jordan,Algeria,jordan_amer_jamous,Amer Jamous,Midfielder,Midfielder,2,0.0,D,0.2,0.669,52.6,,,0.669,52.6,probable_starter,auto_role_rank_heuristic,0.29,,False
44,2026-06-22,Group Stage,J,Jordan,Algeria,jordan_ibrahim_sadeh,Ibrahim Sadeh,Midfielder,Midfielder,3,0.0,D,0.2,0.669,52.6,,,0.669,52.6,probable_starter,auto_role_rank_heuristic,0.29,,False
44,2026-06-22,Group Stage,J,Jordan,Algeria,jordan_mohammad_aldaoud,Mohammad Aldaoud,Midfielder,Midfielder,4,0.0,D,0.2,0.669,52.6,,,0.669,52.6,probable_starter,auto_role_rank_heuristic,0.29,,False
44,2026-06-22,Group Stage,J,Jordan,Algeria,jordan_mohannad_abutaha,Mohannad Abutaha,Midfielder,Midfielder,5,0.0,D,0.2,0.223,30.8,,,0.223,30.8,rotation,auto_role_rank_heuristic,0.29,,False
44,2026-06-22,Group Stage,J,Jordan,Algeria,jordan_nizar_alrashdan,Nizar Alrashdan,Midfielder,Midfielder,6,0.0,D,0.2,0.223,30.8,,,0.223,30.8,rotation,auto_role_rank_heuristic,0.29,,False
44,2026-06-22,Group Stage,J,Jordan,Algeria,jordan_noor_alrawabdeh,Noor Alrawabdeh,Midfielder,Midfielder,7,0.0,D,0.2,0.223,30.8,,,0.223,30.8,rotation,auto_role_rank_heuristic,0.29,,False
44,2026-06-22,Group Stage,J,Jordan,Algeria,jordan_rajaei_ayed,Rajaei Ayed,Midfielder,Midfielder,1,0.08,D,0.2,0.678,53.0,,,0.678,53.0,probable_starter,auto_role_rank_heuristic,0.31,,False
44,2026-06-22,Group Stage,J,Algeria,Jordan,algeria_achraf_abada,Achraf Abada,Defender,Defender,8,0.0,D,0.2,0.01,11.5,,,0.01,11.5,bench_option,auto_role_rank_heuristic,0.29,,False
44,2026-06-22,Group Stage,J,Algeria,Jordan,algeria_aissa_mandi,Aissa Mandi,Defender,Defender,1,0.7128,A,0.902,0.71,55.9,,,0.71,55.9,probable_starter,auto_role_rank_heuristic,0.874,,False
44,2026-06-22,Group Stage,J,Algeria,Jordan,algeria_jaouen_hadjam,Jaouen Hadjam,Defender,Defender,5,0.3052,D,0.35,0.23,25.4,,,0.23,25.4,rotation,auto_role_rank_heuristic,0.419,,False
44,2026-06-22,Group Stage,J,Algeria,Jordan,algeria_mohamed_amine_tougai,Mohamed Amine Tougai,Defender,Defender,9,0.0,D,0.2,0.01,11.5,,,0.01,11.5,bench_option,auto_role_rank_heuristic,0.29,,False
44,2026-06-22,Group Stage,J,Algeria,Jordan,algeria_rafik_belghali,Rafik Belghali,Defender,Defender,4,0.495,A,0.88,0.696,55.0,,,0.696,55.0,probable_starter,auto_role_rank_heuristic,0.812,,False
44,2026-06-22,Group Stage,J,Algeria,Jordan,algeria_ramy_bensebaini,Ramy Bensebaini,Defender,Defender,2,0.6877,A,0.827,0.709,55.8,,,0.709,55.8,probable_starter,auto_role_rank_heuristic,0.841,,False
44,2026-06-22,Group Stage,J,Algeria,Jordan,algeria_rayan_ait_nouri,Rayan Ait-Nouri,Defender,Defender,3,0.5675,A,0.781,0.7,55.2,,,0.7,55.2,probable_starter,auto_role_rank_heuristic,0.795,,False
44,2026-06-22,Group Stage,J,Algeria,Jordan,algeria_samir_chergui,Samir Chergui,Defender,Defender,6,0.2208,A,0.796,0.381,35.0,,,0.381,35.0,rotation,auto_role_rank_heuristic,0.714,,False
44,2026-06-22,Group Stage,J,Algeria,Jordan,algeria_zineddine_belaid,Zineddine Belaid,Defender,Defender,7,0.152,D,0.2,0.15,20.4,,,0.15,20.4,bench_option,auto_role_rank_heuristic,0.328,,False
44,2026-06-22,Group Stage,J,Algeria,Jordan,algeria_adil_boulbina,Adil Boulbina,Forward,Forward,7,0.0,D,0.2,0.139,28.6,,,0.139,28.6,bench_option,auto_role_rank_heuristic,0.29,,False
44,2026-06-22,Group Stage,J,Algeria,Jordan,algeria_amine_gouiri,Amine Gouiri,Forward,Forward,4,0.5714,A,0.81,0.405,39.9,,,0.405,39.9,rotation,auto_role_rank_heuristic,0.806,,False
44,2026-06-22,Group Stage,J,Algeria,Jordan,algeria_anis_hadj_moussa,Anis Hadj Moussa,Forward,Forward,1,0.7728,B,0.762,0.645,50.1,,,0.645,50.1,probable_starter,auto_role_rank_heuristic,0.8,,False
44,2026-06-22,Group Stage,J,Algeria,Jordan,algeria_fares_ghedjemis,Fares Ghedjemis,Forward,Forward,5,0.2339,D,0.35,0.225,32.2,,,0.225,32.2,rotation,auto_role_rank_heuristic,0.401,,False
44,2026-06-22,Group Stage,J,Algeria,Jordan,algeria_mohamed_amoura,Mohamed Amoura,Forward,Forward,3,0.6511,A,0.86,0.671,51.2,,,0.671,51.2,probable_starter,auto_role_rank_heuristic,0.844,,False
44,2026-06-22,Group Stage,J,Algeria,Jordan,algeria_nadhir_benbouali,Nadhir Benbouali,Forward,Forward,6,0.1445,D,0.2,0.15,29.0,,,0.15,29.0,bench_option,auto_role_rank_heuristic,0.326,,False
44,2026-06-22,Group Stage,J,Algeria,Jordan,algeria_riyad_mahrez,Riyad Mahrez,Forward,Forward,2,0.6934,B,0.742,0.639,49.8,,,0.639,49.8,probable_starter,auto_role_rank_heuristic,0.773,,False
44,2026-06-22,Group Stage,J,Algeria,Jordan,algeria_luca_zidane,Luca Zidane,Goalkeeper,Goalkeeper,1,0.4075,C,0.55,0.672,54.8,,,0.672,54.8,probable_starter,auto_role_rank_heuristic,0.594,,False
44,2026-06-22,Group Stage,J,Algeria,Jordan,algeria_melvin_mastil,Melvin Mastil,Goalkeeper,Goalkeeper,2,0.0,D,0.2,0.01,0.8,,,0.01,0.8,bench_option,auto_role_rank_heuristic,0.29,,False
44,2026-06-22,Group Stage,J,Algeria,Jordan,algeria_oussama_benbot,Oussama Benbot,Goalkeeper,Goalkeeper,3,0.0,D,0.2,0.01,0.8,,,0.01,0.8,bench_option,auto_role_rank_heuristic,0.29,,False
44,2026-06-22,Group Stage,J,Algeria,Jordan,algeria_fares_chaibi,Fares Chaibi,Midfielder,Midfielder,1,0.6458,A,0.849,0.689,53.6,,,0.689,53.6,probable_starter,auto_role_rank_heuristic,0.839,,False
44,2026-06-22,Group Stage,J,Algeria,Jordan,algeria_hicham_boudaoui,Hicham Boudaoui,Midfielder,Midfielder,3,0.5998,A,0.841,0.685,53.4,,,0.685,53.4,probable_starter,auto_role_rank_heuristic,0.824,,False
44,2026-06-22,Group Stage,J,Algeria,Jordan,algeria_houssem_aouar,Houssem Aouar,Midfielder,Midfielder,5,0.5464,B,0.708,0.369,38.0,,,0.369,38.0,rotation,auto_role_rank_heuristic,0.724,,False
44,2026-06-22,Group Stage,J,Algeria,Jordan,algeria_ibrahim_maza,Ibrahim Maza,Midfielder,Midfielder,6,0.5263,A,0.854,0.402,39.6,,,0.402,39.6,rotation,auto_role_rank_heuristic,0.81,,False
44,2026-06-22,Group Stage,J,Algeria,Jordan,algeria_nabil_bentaleb,Nabil Bentaleb,Midfielder,Midfielder,7,0.455,A,0.807,0.396,39.3,,,0.396,39.3,rotation,auto_role_rank_heuristic,0.776,,False
44,2026-06-22,Group Stage,J,Algeria,Jordan,algeria_ramiz_zerrouki,Ramiz Zerrouki,Midfielder,Midfielder,4,0.5721,B,0.771,0.649,51.6,,,0.649,51.6,probable_starter,auto_role_rank_heuristic,0.753,,False
44,2026-06-22,Group Stage,J,Algeria,Jordan,algeria_yassine_titraoui,Yassine Titraoui,Midfielder,Midfielder,2,0.6025,B,0.792,0.65,51.7,,,0.65,51.7,probable_starter,auto_role_rank_heuristic,0.768,,False
70,2026-06-27,Group Stage,J,Jordan,Argentina,jordan_abdallah_nasib,Abdallah Nasib,Defender,Defender,1,0.0,D,0.2,0.697,55.0,,,0.697,55.0,probable_starter,auto_role_rank_heuristic,0.29,,False
70,2026-06-27,Group Stage,J,Jordan,Argentina,jordan_anas_badawi,Anas Badawi,Defender,Defender,2,0.0,D,0.2,0.697,55.0,,,0.697,55.0,probable_starter,auto_role_rank_heuristic,0.29,,False
70,2026-06-27,Group Stage,J,Jordan,Argentina,jordan_ehsan_haddad,Ehsan Haddad,Defender,Defender,3,0.0,D,0.2,0.697,55.0,,,0.697,55.0,probable_starter,auto_role_rank_heuristic,0.29,,False
70,2026-06-27,Group Stage,J,Jordan,Argentina,jordan_husam_abudahab,Husam Abudahab,Defender,Defender,4,0.0,D,0.2,0.697,55.0,,,0.697,55.0,probable_starter,auto_role_rank_heuristic,0.29,,False
70,2026-06-27,Group Stage,J,Jordan,Argentina,jordan_mohammad_abualnadi,Mohammad Abualnadi,Defender,Defender,5,0.0,D,0.2,0.223,25.0,,,0.223,25.0,rotation,auto_role_rank_heuristic,0.29,,False
70,2026-06-27,Group Stage,J,Jordan,Argentina,jordan_mohammad_abuhasheesh,Mohammad Abuhasheesh,Defender,Defender,6,0.0,D,0.2,0.223,25.0,,,0.223,25.0,rotation,auto_role_rank_heuristic,0.29,,False
70,2026-06-27,Group Stage,J,Jordan,Argentina,jordan_saed_alrosan,Saed Alrosan,Defender,Defender,7,0.0,D,0.2,0.223,25.0,,,0.223,25.0,rotation,auto_role_rank_heuristic,0.29,,False
70,2026-06-27,Group Stage,J,Jordan,Argentina,jordan_saleem_obaid,Saleem Obaid,Defender,Defender,8,0.0,D,0.2,0.014,11.7,,,0.014,11.7,bench_option,auto_role_rank_heuristic,0.29,,False
70,2026-06-27,Group Stage,J,Jordan,Argentina,jordan_yazan_alarab,Yazan Alarab,Defender,Defender,9,0.0,D,0.2,0.014,11.7,,,0.014,11.7,bench_option,auto_role_rank_heuristic,0.29,,False
70,2026-06-27,Group Stage,J,Jordan,Argentina,jordan_ali_azaizeh,Ali Azaizeh,Forward,Forward,2,0.0942,C,0.442,0.848,58.6,,,0.848,58.6,locked_starter,auto_role_rank_heuristic,0.478,,False
70,2026-06-27,Group Stage,J,Jordan,Argentina,jordan_ali_olwan,Ali Olwan,Forward,Forward,4,0.0,D,0.2,0.223,32.1,,,0.223,32.1,rotation,auto_role_rank_heuristic,0.29,,False
70,2026-06-27,Group Stage,J,Jordan,Argentina,jordan_ibrahim_sabra,Ibrahim Sabra,Forward,Forward,3,0.0428,D,0.206,0.757,54.8,,,0.757,54.8,locked_starter,auto_role_rank_heuristic,0.303,,False
70,2026-06-27,Group Stage,J,Jordan,Argentina,jordan_mahmoud_almardi,Mahmoud Almardi,Forward,Forward,5,0.0,D,0.2,0.223,32.1,,,0.223,32.1,rotation,auto_role_rank_heuristic,0.29,,False
70,2026-06-27,Group Stage,J,Jordan,Argentina,jordan_mohammad_abuzraiq,Mohammad Abuzraiq,Forward,Forward,6,0.0,D,0.2,0.223,32.1,,,0.223,32.1,rotation,auto_role_rank_heuristic,0.29,,False
70,2026-06-27,Group Stage,J,Jordan,Argentina,jordan_mousa_altamari,Mousa Altamari,Forward,Forward,1,0.3945,D,0.35,0.798,56.5,,,0.798,56.5,locked_starter,auto_role_rank_heuristic,0.441,,False
70,2026-06-27,Group Stage,J,Jordan,Argentina,jordan_odeh_fakhoury,Odeh Fakhoury,Forward,Forward,7,0.0,D,0.2,0.223,32.1,,,0.223,32.1,rotation,auto_role_rank_heuristic,0.29,,False
70,2026-06-27,Group Stage,J,Jordan,Argentina,jordan_abdallah_alfakhori,Abdallah Alfakhori,Goalkeeper,Goalkeeper,1,0.0,D,0.2,0.837,68.1,,,0.837,68.1,locked_starter,auto_role_rank_heuristic,0.29,,False
70,2026-06-27,Group Stage,J,Jordan,Argentina,jordan_nour_baniateyah,Nour Baniateyah,Goalkeeper,Goalkeeper,2,0.0,D,0.2,0.014,1.1,,,0.014,1.1,bench_option,auto_role_rank_heuristic,0.29,,False
70,2026-06-27,Group Stage,J,Jordan,Argentina,jordan_yazeed_abulaila,Yazeed Abulaila,Goalkeeper,Goalkeeper,3,0.0,D,0.2,0.014,1.1,,,0.014,1.1,bench_option,auto_role_rank_heuristic,0.29,,False
70,2026-06-27,Group Stage,J,Jordan,Argentina,jordan_amer_jamous,Amer Jamous,Midfielder,Midfielder,2,0.0,D,0.2,0.669,52.6,,,0.669,52.6,probable_starter,auto_role_rank_heuristic,0.29,,False
70,2026-06-27,Group Stage,J,Jordan,Argentina,jordan_ibrahim_sadeh,Ibrahim Sadeh,Midfielder,Midfielder,3,0.0,D,0.2,0.669,52.6,,,0.669,52.6,probable_starter,auto_role_rank_heuristic,0.29,,False
70,2026-06-27,Group Stage,J,Jordan,Argentina,jordan_mohammad_aldaoud,Mohammad Aldaoud,Midfielder,Midfielder,4,0.0,D,0.2,0.669,52.6,,,0.669,52.6,probable_starter,auto_role_rank_heuristic,0.29,,False
70,2026-06-27,Group Stage,J,Jordan,Argentina,jordan_mohannad_abutaha,Mohannad Abutaha,Midfielder,Midfielder,5,0.0,D,0.2,0.223,30.8,,,0.223,30.8,rotation,auto_role_rank_heuristic,0.29,,False
70,2026-06-27,Group Stage,J,Jordan,Argentina,jordan_nizar_alrashdan,Nizar Alrashdan,Midfielder,Midfielder,6,0.0,D,0.2,0.223,30.8,,,0.223,30.8,rotation,auto_role_rank_heuristic,0.29,,False
70,2026-06-27,Group Stage,J,Jordan,Argentina,jordan_noor_alrawabdeh,Noor Alrawabdeh,Midfielder,Midfielder,7,0.0,D,0.2,0.223,30.8,,,0.223,30.8,rotation,auto_role_rank_heuristic,0.29,,False
70,2026-06-27,Group Stage,J,Jordan,Argentina,jordan_rajaei_ayed,Rajaei Ayed,Midfielder,Midfielder,1,0.08,D,0.2,0.678,53.0,,,0.678,53.0,probable_starter,auto_role_rank_heuristic,0.31,,False
70,2026-06-27,Group Stage,J,Argentina,Jordan,argentina_cristian_romero,Cristian Romero,Defender,Defender,2,0.7132,A,0.856,0.631,49.9,,,0.631,49.9,probable_starter,auto_role_rank_heuristic,0.858,,False
70,2026-06-27,Group Stage,J,Argentina,Jordan,argentina_facundo_medina,Facundo Medina,Defender,Defender,3,0.6497,A,0.814,0.627,49.6,,,0.627,49.6,probable_starter,auto_role_rank_heuristic,0.827,,False
70,2026-06-27,Group Stage,J,Argentina,Jordan,argentina_gonzalo_montiel,Gonzalo Montiel,Defender,Defender,8,0.2392,D,0.2,0.03,12.5,,,0.03,12.5,bench_option,auto_role_rank_heuristic,0.35,,False
70,2026-06-27,Group Stage,J,Argentina,Jordan,argentina_leonardo_balerdi,Leonardo Balerdi,Defender,Defender,5,0.5775,A,0.867,0.36,33.0,,,0.36,33.0,rotation,auto_role_rank_heuristic,0.828,,False
70,2026-06-27,Group Stage,J,Argentina,Jordan,argentina_lisandro_martinez,Lisandro Martinez,Defender,Defender,7,0.4918,A,0.803,0.354,32.7,,,0.354,32.7,rotation,auto_role_rank_heuristic,0.784,,False
70,2026-06-27,Group Stage,J,Argentina,Jordan,argentina_nahuel_molina,Nahuel Molina,Defender,Defender,6,0.492,A,0.811,0.354,32.7,,,0.354,32.7,rotation,auto_role_rank_heuristic,0.787,,False
70,2026-06-27,Group Stage,J,Argentina,Jordan,argentina_nicolas_otamendi,Nicolas Otamendi,Defender,Defender,1,0.8905,B,0.767,0.611,48.6,,,0.611,48.6,probable_starter,auto_role_rank_heuristic,0.831,,False
70,2026-06-27,Group Stage,J,Argentina,Jordan,argentina_nicolas_tagliafico,Nicolas Tagliafico,Defender,Defender,4,0.6122,A,0.809,0.625,49.5,,,0.625,49.5,probable_starter,auto_role_rank_heuristic,0.816,,False
70,2026-06-27,Group Stage,J,Argentina,Jordan,argentina_giuliano_simeone,Giuliano Simeone,Forward,Forward,1,0.7373,A,0.875,0.601,47.3,,,0.601,47.3,probable_starter,auto_role_rank_heuristic,0.871,,False
70,2026-06-27,Group Stage,J,Argentina,Jordan,argentina_jose_manuel_lopez,Jose Manuel Lopez,Forward,Forward,7,0.0,D,0.2,0.124,27.4,,,0.124,27.4,bench_option,auto_role_rank_heuristic,0.29,,False
70,2026-06-27,Group Stage,J,Argentina,Jordan,argentina_julian_alvarez,Julian Alvarez,Forward,Forward,3,0.677,A,0.858,0.598,47.2,,,0.598,47.2,probable_starter,auto_role_rank_heuristic,0.85,,False
70,2026-06-27,Group Stage,J,Argentina,Jordan,argentina_lautaro_martinez,Lautaro Martinez,Forward,Forward,2,0.7221,A,0.88,0.601,47.3,,,0.601,47.3,probable_starter,auto_role_rank_heuristic,0.869,,False
70,2026-06-27,Group Stage,J,Argentina,Jordan,argentina_lionel_messi,Lionel Messi,Forward,Forward,4,0.4937,B,0.654,0.324,35.7,,,0.324,35.7,rotation,auto_role_rank_heuristic,0.692,,False
70,2026-06-27,Group Stage,J,Argentina,Jordan,argentina_nico_paz,Nico Paz,Forward,Forward,6,0.2912,D,0.35,0.203,30.7,,,0.203,30.7,rotation,auto_role_rank_heuristic,0.415,,False
70,2026-06-27,Group Stage,J,Argentina,Jordan,argentina_thiago_almada,Thiago Almada,Forward,Forward,5,0.48,A,0.809,0.354,37.0,,,0.354,37.0,rotation,auto_role_rank_heuristic,0.783,,False
70,2026-06-27,Group Stage,J,Argentina,Jordan,argentina_emiliano_martinez,Emiliano Martinez,Goalkeeper,Goalkeeper,1,0.9322,A,0.936,0.722,57.7,,,0.722,57.7,probable_starter,auto_role_rank_heuristic,0.88,,False
70,2026-06-27,Group Stage,J,Argentina,Jordan,argentina_geronimo_rulli,Geronimo Rulli,Goalkeeper,Goalkeeper,2,0.8316,A,0.917,0.237,18.9,,,0.237,18.9,rotation,auto_role_rank_heuristic,0.88,,False
70,2026-06-27,Group Stage,J,Argentina,Jordan,argentina_juan_musso,Juan Musso,Goalkeeper,Goalkeeper,3,0.5255,C,0.448,0.032,2.6,,,0.032,2.6,bench_option,auto_role_rank_heuristic,0.588,,False
70,2026-06-27,Group Stage,J,Argentina,Jordan,argentina_alexis_mac_allister,Alexis Mac Allister,Midfielder,Midfielder,2,0.7634,A,0.921,0.618,49.2,,,0.618,49.2,probable_starter,auto_role_rank_heuristic,0.88,,False
70,2026-06-27,Group Stage,J,Argentina,Jordan,argentina_enzo_fernandez,Enzo Fernandez,Midfielder,Midfielder,1,0.8611,A,0.95,0.625,49.5,,,0.625,49.5,probable_starter,auto_role_rank_heuristic,0.88,,False
70,2026-06-27,Group Stage,J,Argentina,Jordan,argentina_exequiel_palacios,Exequiel Palacios,Midfielder,Midfielder,5,0.5586,A,0.792,0.359,36.8,,,0.359,36.8,rotation,auto_role_rank_heuristic,0.797,,False
70,2026-06-27,Group Stage,J,Argentina,Jordan,argentina_giovani_lo_celso,Giovani Lo Celso,Midfielder,Midfielder,4,0.5686,A,0.816,0.606,48.6,,,0.606,48.6,probable_starter,auto_role_rank_heuristic,0.808,,False
70,2026-06-27,Group Stage,J,Argentina,Jordan,argentina_leandro_paredes,Leandro Paredes,Midfielder,Midfielder,7,0.4661,C,0.55,0.26,32.0,,,0.26,32.0,rotation,auto_role_rank_heuristic,0.609,,False
70,2026-06-27,Group Stage,J,Argentina,Jordan,argentina_nico_gonzalez,Nico Gonzalez,Midfielder,Midfielder,8,0.3904,D,0.35,0.209,29.6,,,0.209,29.6,rotation,auto_role_rank_heuristic,0.44,,False
70,2026-06-27,Group Stage,J,Argentina,Jordan,argentina_rodrigo_de_paul,Rodrigo de Paul,Midfielder,Midfielder,3,0.6228,B,0.648,0.579,47.3,,,0.579,47.3,probable_starter,auto_role_rank_heuristic,0.723,,False
70,2026-06-27,Group Stage,J,Argentina,Jordan,argentina_valentin_barco,Valentin Barco,Midfielder,Midfielder,6,0.5305,A,0.881,0.357,36.7,,,0.357,36.7,rotation,auto_role_rank_heuristic,0.821,,False
69,2026-06-27,Group Stage,J,Algeria,Austria,algeria_achraf_abada,Achraf Abada,Defender,Defender,8,0.0,D,0.2,0.01,11.5,,,0.01,11.5,bench_option,auto_role_rank_heuristic,0.29,,False
69,2026-06-27,Group Stage,J,Algeria,Austria,algeria_aissa_mandi,Aissa Mandi,Defender,Defender,1,0.7128,A,0.902,0.71,55.9,,,0.71,55.9,probable_starter,auto_role_rank_heuristic,0.874,,False
69,2026-06-27,Group Stage,J,Algeria,Austria,algeria_jaouen_hadjam,Jaouen Hadjam,Defender,Defender,5,0.3052,D,0.35,0.23,25.4,,,0.23,25.4,rotation,auto_role_rank_heuristic,0.419,,False
69,2026-06-27,Group Stage,J,Algeria,Austria,algeria_mohamed_amine_tougai,Mohamed Amine Tougai,Defender,Defender,9,0.0,D,0.2,0.01,11.5,,,0.01,11.5,bench_option,auto_role_rank_heuristic,0.29,,False
69,2026-06-27,Group Stage,J,Algeria,Austria,algeria_rafik_belghali,Rafik Belghali,Defender,Defender,4,0.495,A,0.88,0.696,55.0,,,0.696,55.0,probable_starter,auto_role_rank_heuristic,0.812,,False
69,2026-06-27,Group Stage,J,Algeria,Austria,algeria_ramy_bensebaini,Ramy Bensebaini,Defender,Defender,2,0.6877,A,0.827,0.709,55.8,,,0.709,55.8,probable_starter,auto_role_rank_heuristic,0.841,,False
69,2026-06-27,Group Stage,J,Algeria,Austria,algeria_rayan_ait_nouri,Rayan Ait-Nouri,Defender,Defender,3,0.5675,A,0.781,0.7,55.2,,,0.7,55.2,probable_starter,auto_role_rank_heuristic,0.795,,False
69,2026-06-27,Group Stage,J,Algeria,Austria,algeria_samir_chergui,Samir Chergui,Defender,Defender,6,0.2208,A,0.796,0.381,35.0,,,0.381,35.0,rotation,auto_role_rank_heuristic,0.714,,False
69,2026-06-27,Group Stage,J,Algeria,Austria,algeria_zineddine_belaid,Zineddine Belaid,Defender,Defender,7,0.152,D,0.2,0.15,20.4,,,0.15,20.4,bench_option,auto_role_rank_heuristic,0.328,,False
69,2026-06-27,Group Stage,J,Algeria,Austria,algeria_adil_boulbina,Adil Boulbina,Forward,Forward,7,0.0,D,0.2,0.139,28.6,,,0.139,28.6,bench_option,auto_role_rank_heuristic,0.29,,False
69,2026-06-27,Group Stage,J,Algeria,Austria,algeria_amine_gouiri,Amine Gouiri,Forward,Forward,4,0.5714,A,0.81,0.405,39.9,,,0.405,39.9,rotation,auto_role_rank_heuristic,0.806,,False
69,2026-06-27,Group Stage,J,Algeria,Austria,algeria_anis_hadj_moussa,Anis Hadj Moussa,Forward,Forward,1,0.7728,B,0.762,0.645,50.1,,,0.645,50.1,probable_starter,auto_role_rank_heuristic,0.8,,False
69,2026-06-27,Group Stage,J,Algeria,Austria,algeria_fares_ghedjemis,Fares Ghedjemis,Forward,Forward,5,0.2339,D,0.35,0.225,32.2,,,0.225,32.2,rotation,auto_role_rank_heuristic,0.401,,False
69,2026-06-27,Group Stage,J,Algeria,Austria,algeria_mohamed_amoura,Mohamed Amoura,Forward,Forward,3,0.6511,A,0.86,0.671,51.2,,,0.671,51.2,probable_starter,auto_role_rank_heuristic,0.844,,False
69,2026-06-27,Group Stage,J,Algeria,Austria,algeria_nadhir_benbouali,Nadhir Benbouali,Forward,Forward,6,0.1445,D,0.2,0.15,29.0,,,0.15,29.0,bench_option,auto_role_rank_heuristic,0.326,,False
69,2026-06-27,Group Stage,J,Algeria,Austria,algeria_riyad_mahrez,Riyad Mahrez,Forward,Forward,2,0.6934,B,0.742,0.639,49.8,,,0.639,49.8,probable_starter,auto_role_rank_heuristic,0.773,,False
69,2026-06-27,Group Stage,J,Algeria,Austria,algeria_luca_zidane,Luca Zidane,Goalkeeper,Goalkeeper,1,0.4075,C,0.55,0.672,54.8,,,0.672,54.8,probable_starter,auto_role_rank_heuristic,0.594,,False
69,2026-06-27,Group Stage,J,Algeria,Austria,algeria_melvin_mastil,Melvin Mastil,Goalkeeper,Goalkeeper,2,0.0,D,0.2,0.01,0.8,,,0.01,0.8,bench_option,auto_role_rank_heuristic,0.29,,False
69,2026-06-27,Group Stage,J,Algeria,Austria,algeria_oussama_benbot,Oussama Benbot,Goalkeeper,Goalkeeper,3,0.0,D,0.2,0.01,0.8,,,0.01,0.8,bench_option,auto_role_rank_heuristic,0.29,,False
69,2026-06-27,Group Stage,J,Algeria,Austria,algeria_fares_chaibi,Fares Chaibi,Midfielder,Midfielder,1,0.6458,A,0.849,0.689,53.6,,,0.689,53.6,probable_starter,auto_role_rank_heuristic,0.839,,False
69,2026-06-27,Group Stage,J,Algeria,Austria,algeria_hicham_boudaoui,Hicham Boudaoui,Midfielder,Midfielder,3,0.5998,A,0.841,0.685,53.4,,,0.685,53.4,probable_starter,auto_role_rank_heuristic,0.824,,False
69,2026-06-27,Group Stage,J,Algeria,Austria,algeria_houssem_aouar,Houssem Aouar,Midfielder,Midfielder,5,0.5464,B,0.708,0.369,38.0,,,0.369,38.0,rotation,auto_role_rank_heuristic,0.724,,False
69,2026-06-27,Group Stage,J,Algeria,Austria,algeria_ibrahim_maza,Ibrahim Maza,Midfielder,Midfielder,6,0.5263,A,0.854,0.402,39.6,,,0.402,39.6,rotation,auto_role_rank_heuristic,0.81,,False
69,2026-06-27,Group Stage,J,Algeria,Austria,algeria_nabil_bentaleb,Nabil Bentaleb,Midfielder,Midfielder,7,0.455,A,0.807,0.396,39.3,,,0.396,39.3,rotation,auto_role_rank_heuristic,0.776,,False
69,2026-06-27,Group Stage,J,Algeria,Austria,algeria_ramiz_zerrouki,Ramiz Zerrouki,Midfielder,Midfielder,4,0.5721,B,0.771,0.649,51.6,,,0.649,51.6,probable_starter,auto_role_rank_heuristic,0.753,,False
69,2026-06-27,Group Stage,J,Algeria,Austria,algeria_yassine_titraoui,Yassine Titraoui,Midfielder,Midfielder,2,0.6025,B,0.792,0.65,51.7,,,0.65,51.7,probable_starter,auto_role_rank_heuristic,0.768,,False
69,2026-06-27,Group Stage,J,Austria,Algeria,austria_david_affengruber,David Affengruber,Defender,Defender,5,0.5788,A,0.946,0.388,35.1,,,0.388,35.1,rotation,auto_role_rank_heuristic,0.856,,False
69,2026-06-27,Group Stage,J,Austria,Algeria,austria_david_alaba,David Alaba,Defender,Defender,7,0.3461,D,0.228,0.223,24.7,,,0.223,24.7,rotation,auto_role_rank_heuristic,0.386,,False
69,2026-06-27,Group Stage,J,Austria,Algeria,austria_kevin_danso,Kevin Danso,Defender,Defender,4,0.7139,A,0.825,0.68,53.4,,,0.68,53.4,probable_starter,auto_role_rank_heuristic,0.847,,False
69,2026-06-27,Group Stage,J,Austria,Algeria,austria_marco_friedl,Marco Friedl,Defender,Defender,2,0.742,A,0.912,0.682,53.5,,,0.682,53.5,probable_starter,auto_role_rank_heuristic,0.88,,False
69,2026-06-27,Group Stage,J,Austria,Algeria,austria_michael_svoboda,Michael Svoboda,Defender,Defender,8,0.2609,D,0.35,0.034,12.9,,,0.034,12.9,bench_option,auto_role_rank_heuristic,0.408,,False
69,2026-06-27,Group Stage,J,Austria,Algeria,austria_philipp_lienhart,Philipp Lienhart,Defender,Defender,3,0.7223,A,0.808,0.681,53.5,,,0.681,53.5,probable_starter,auto_role_rank_heuristic,0.843,,False
69,2026-06-27,Group Stage,J,Austria,Algeria,austria_phillip_mwene,Phillip Mwene,Defender,Defender,6,0.4757,C,0.55,0.281,28.4,,,0.281,28.4,rotation,auto_role_rank_heuristic,0.611,,False
69,2026-06-27,Group Stage,J,Austria,Algeria,austria_stefan_posch,Stefan Posch,Defender,Defender,1,0.7484,A,0.849,0.682,53.5,,,0.682,53.5,probable_starter,auto_role_rank_heuristic,0.864,,False
69,2026-06-27,Group Stage,J,Austria,Algeria,austria_marko_arnautovic,Marko Arnautovic,Forward,Forward,3,0.3212,D,0.35,0.471,42.2,,,0.471,42.2,rotation,auto_role_rank_heuristic,0.423,,False
69,2026-06-27,Group Stage,J,Austria,Algeria,austria_michael_gregoritsch,Michael Gregoritsch,Forward,Forward,2,0.4771,A,0.776,0.631,49.0,,,0.631,49.0,probable_starter,auto_role_rank_heuristic,0.771,,False
69,2026-06-27,Group Stage,J,Austria,Algeria,austria_patrick_wimmer,Patrick Wimmer,Forward,Forward,1,0.5217,A,0.835,0.634,49.1,,,0.634,49.1,probable_starter,auto_role_rank_heuristic,0.803,,False
69,2026-06-27,Group Stage,J,Austria,Algeria,austria_sasa_kalajdzic,Sasa Kalajdzic,Forward,Forward,4,0.2134,D,0.201,0.214,31.4,,,0.214,31.4,rotation,auto_role_rank_heuristic,0.344,,False
69,2026-06-27,Group Stage,J,Austria,Algeria,austria_alexander_schlager,Alexander Schlager,Goalkeeper,Goalkeeper,2,0.25,C,0.55,0.117,9.4,,,0.117,9.4,bench_option,auto_role_rank_heuristic,0.555,,False
69,2026-06-27,Group Stage,J,Austria,Algeria,austria_florian_wiegele,Florian Wiegele,Goalkeeper,Goalkeeper,3,0.01,D,0.2,0.01,0.8,,,0.01,0.8,bench_option,auto_role_rank_heuristic,0.292,,False
69,2026-06-27,Group Stage,J,Austria,Algeria,austria_patrick_pentz,Patrick Pentz,Goalkeeper,Goalkeeper,1,0.4086,C,0.55,0.643,51.9,,,0.643,51.9,probable_starter,auto_role_rank_heuristic,0.595,,False
69,2026-06-27,Group Stage,J,Austria,Algeria,austria_alessandro_schoepf,Alessandro Schoepf,Midfielder,Midfielder,11,0.2037,D,0.35,0.047,22.0,,,0.047,22.0,bench_option,auto_role_rank_heuristic,0.393,,False
69,2026-06-27,Group Stage,J,Austria,Algeria,austria_alexander_prass,Alexander Prass,Midfielder,Midfielder,9,0.4768,A,0.809,0.215,30.1,,,0.215,30.1,rotation,auto_role_rank_heuristic,0.782,,False
69,2026-06-27,Group Stage,J,Austria,Algeria,austria_carney_chukwuemeka,Carney Chukwuemeka,Midfielder,Midfielder,10,0.3916,A,0.777,0.209,29.8,,,0.209,29.8,rotation,auto_role_rank_heuristic,0.75,,False
69,2026-06-27,Group Stage,J,Austria,Algeria,austria_christoph_baumgartner,Christoph Baumgartner,Midfielder,Midfielder,1,0.8285,A,0.932,0.671,52.2,,,0.671,52.2,probable_starter,auto_role_rank_heuristic,0.88,,False
69,2026-06-27,Group Stage,J,Austria,Algeria,austria_florian_grillitsch,Florian Grillitsch,Midfielder,Midfielder,5,0.6183,B,0.644,0.357,37.0,,,0.357,37.0,rotation,auto_role_rank_heuristic,0.72,,False
69,2026-06-27,Group Stage,J,Austria,Algeria,austria_konrad_laimer,Konrad Laimer,Midfielder,Midfielder,4,0.7331,A,0.866,0.665,51.9,,,0.665,51.9,probable_starter,auto_role_rank_heuristic,0.866,,False
69,2026-06-27,Group Stage,J,Austria,Algeria,austria_marcel_sabitzer,Marcel Sabitzer,Midfielder,Midfielder,2,0.7937,A,0.851,0.668,52.0,,,0.668,52.0,probable_starter,auto_role_rank_heuristic,0.876,,False
69,2026-06-27,Group Stage,J,Austria,Algeria,austria_nicolas_seiwald,Nicolas Seiwald,Midfielder,Midfielder,7,0.5842,A,0.924,0.389,38.5,,,0.389,38.5,rotation,auto_role_rank_heuristic,0.849,,False
69,2026-06-27,Group Stage,J,Austria,Algeria,austria_paul_wanner,Paul Wanner,Midfielder,Midfielder,8,0.5636,B,0.686,0.354,36.9,,,0.354,36.9,rotation,auto_role_rank_heuristic,0.721,,False
69,2026-06-27,Group Stage,J,Austria,Algeria,austria_romano_schmid,Romano Schmid,Midfielder,Midfielder,3,0.745,A,0.948,0.666,52.0,,,0.666,52.0,probable_starter,auto_role_rank_heuristic,0.88,,False
69,2026-06-27,Group Stage,J,Austria,Algeria,austria_xaver_schlager,Xaver Schlager,Midfielder,Midfielder,6,0.604,A,0.853,0.389,38.5,,,0.389,38.5,rotation,auto_role_rank_heuristic,0.83,,False
23,2026-06-17,Group Stage,K,Portugal,DR Congo,portugal_diogo_dalot,Diogo Dalot,Defender,Defender,1,0.8887,A,0.918,0.609,48.9,,,0.609,48.9,probable_starter,auto_role_rank_heuristic,0.88,,False
23,2026-06-17,Group Stage,K,Portugal,DR Congo,portugal_goncalo_inacio,Goncalo Inacio,Defender,Defender,2,0.8616,B,0.759,0.579,47.0,,,0.579,47.0,probable_starter,auto_role_rank_heuristic,0.821,,False
23,2026-06-17,Group Stage,K,Portugal,DR Congo,portugal_joao_cancelo,Joao Cancelo,Defender,Defender,6,0.6212,A,0.794,0.345,32.3,,,0.345,32.3,rotation,auto_role_rank_heuristic,0.813,,False
23,2026-06-17,Group Stage,K,Portugal,DR Congo,portugal_nelson_semedo,Nelson Semedo,Defender,Defender,8,0.5507,B,0.711,0.15,20.1,,,0.15,20.1,bench_option,auto_role_rank_heuristic,0.727,,False
23,2026-06-17,Group Stage,K,Portugal,DR Congo,portugal_nuno_mendes,Nuno Mendes,Defender,Defender,9,0.5074,A,0.805,0.177,21.8,,,0.177,21.8,bench_option,auto_role_rank_heuristic,0.789,,False
23,2026-06-17,Group Stage,K,Portugal,DR Congo,portugal_renato_veiga,Renato Veiga,Defender,Defender,5,0.6877,A,0.907,0.348,32.5,,,0.348,32.5,rotation,auto_role_rank_heuristic,0.869,,False
23,2026-06-17,Group Stage,K,Portugal,DR Congo,portugal_ruben_dias,Ruben Dias,Defender,Defender,7,0.6156,A,0.878,0.344,32.3,,,0.344,32.3,rotation,auto_role_rank_heuristic,0.841,,False
23,2026-06-17,Group Stage,K,Portugal,DR Congo,portugal_samu_costa,Samu Costa,Defender,Defender,3,0.8023,A,0.925,0.604,48.6,,,0.604,48.6,probable_starter,auto_role_rank_heuristic,0.88,,False
23,2026-06-17,Group Stage,K,Portugal,DR Congo,portugal_tomas_araujo,Tomas Araujo,Defender,Defender,4,0.7468,B,0.69,0.572,46.6,,,0.572,46.6,probable_starter,auto_role_rank_heuristic,0.768,,False
23,2026-06-17,Group Stage,K,Portugal,DR Congo,portugal_cristiano_ronaldo,Cristiano Ronaldo,Forward,Forward,5,0.7429,B,0.767,0.322,35.9,,,0.322,35.9,rotation,auto_role_rank_heuristic,0.794,,False
23,2026-06-17,Group Stage,K,Portugal,DR Congo,portugal_francisco_conceicao,Francisco Conceicao,Forward,Forward,4,0.76,A,0.873,0.353,37.2,,,0.353,37.2,rotation,auto_role_rank_heuristic,0.876,,False
23,2026-06-17,Group Stage,K,Portugal,DR Congo,portugal_francisco_trincao,Francisco Trincao,Forward,Forward,3,0.8122,B,0.787,0.546,45.3,,,0.546,45.3,probable_starter,auto_role_rank_heuristic,0.819,,False
23,2026-06-17,Group Stage,K,Portugal,DR Congo,portugal_goncalo_guedes,Goncalo Guedes,Forward,Forward,7,0.6148,A,0.852,0.344,36.8,,,0.344,36.8,rotation,auto_role_rank_heuristic,0.832,,False
23,2026-06-17,Group Stage,K,Portugal,DR Congo,portugal_goncalo_ramos,Goncalo Ramos,Forward,Forward,8,0.5052,A,0.81,0.183,30.1,,,0.183,30.1,bench_option,auto_role_rank_heuristic,0.79,,False
23,2026-06-17,Group Stage,K,Portugal,DR Congo,portugal_joao_felix,Joao Felix,Forward,Forward,2,0.8217,B,0.792,0.547,45.4,,,0.547,45.4,probable_starter,auto_role_rank_heuristic,0.823,,False
23,2026-06-17,Group Stage,K,Portugal,DR Congo,portugal_pedro_neto,Pedro Neto,Forward,Forward,1,0.8466,A,0.919,0.578,46.7,,,0.578,46.7,probable_starter,auto_role_rank_heuristic,0.88,,False
23,2026-06-17,Group Stage,K,Portugal,DR Congo,portugal_rafael_leao,Rafael Leao,Forward,Forward,6,0.7299,A,0.854,0.351,37.1,,,0.351,37.1,rotation,auto_role_rank_heuristic,0.861,,False
23,2026-06-17,Group Stage,K,Portugal,DR Congo,portugal_diogo_costa,Diogo Costa,Goalkeeper,Goalkeeper,1,0.976,B,0.792,0.659,53.1,,,0.659,53.1,probable_starter,auto_role_rank_heuristic,0.861,,False
23,2026-06-17,Group Stage,K,Portugal,DR Congo,portugal_jose_sa,Jose Sa,Goalkeeper,Goalkeeper,3,0.7705,A,0.872,0.133,10.7,,,0.133,10.7,bench_option,auto_role_rank_heuristic,0.878,,False
23,2026-06-17,Group Stage,K,Portugal,DR Congo,portugal_rui_silva,Rui Silva,Goalkeeper,Goalkeeper,2,0.8646,B,0.79,0.197,15.9,,,0.197,15.9,bench_option,auto_role_rank_heuristic,0.833,,False
23,2026-06-17,Group Stage,K,Portugal,DR Congo,portugal_bernardo_silva,Bernardo Silva,Midfielder,Midfielder,4,0.8494,A,0.939,0.593,48.3,,,0.593,48.3,probable_starter,auto_role_rank_heuristic,0.88,,False
23,2026-06-17,Group Stage,K,Portugal,DR Congo,portugal_bruno_fernandes,Bruno Fernandes,Midfielder,Midfielder,3,0.8969,A,0.95,0.595,48.4,,,0.595,48.4,probable_starter,auto_role_rank_heuristic,0.88,,False
23,2026-06-17,Group Stage,K,Portugal,DR Congo,portugal_joao_neves,Joao Neves,Midfielder,Midfielder,6,0.6993,A,0.807,0.349,36.5,,,0.349,36.5,rotation,auto_role_rank_heuristic,0.837,,False
23,2026-06-17,Group Stage,K,Portugal,DR Congo,portugal_matheus_nunes,Matheus Nunes,Midfielder,Midfielder,5,0.8299,A,0.938,0.356,36.9,,,0.356,36.9,rotation,auto_role_rank_heuristic,0.88,,False
23,2026-06-17,Group Stage,K,Portugal,DR Congo,portugal_ruben_neves,Ruben Neves,Midfielder,Midfielder,1,0.9523,B,0.779,0.569,47.2,,,0.569,47.2,probable_starter,auto_role_rank_heuristic,0.851,,False
23,2026-06-17,Group Stage,K,Portugal,DR Congo,portugal_vitinha,Vitinha,Midfielder,Midfielder,2,0.9252,A,0.95,0.597,48.5,,,0.597,48.5,probable_starter,auto_role_rank_heuristic,0.88,,False
23,2026-06-17,Group Stage,K,DR Congo,Portugal,dr_congo_aaron_wan_bissaka,Aaron Wan-Bissaka,Defender,Defender,2,0.6347,A,0.873,0.778,58.7,,,0.778,58.7,locked_starter,auto_role_rank_heuristic,0.844,,False
23,2026-06-17,Group Stage,K,DR Congo,Portugal,dr_congo_arthur_masuaku,Arthur Masuaku,Defender,Defender,6,0.3031,D,0.224,0.253,26.2,,,0.253,26.2,rotation,auto_role_rank_heuristic,0.374,,False
23,2026-06-17,Group Stage,K,DR Congo,Portugal,dr_congo_axel_tuanzebe,Axel Tuanzebe,Defender,Defender,5,0.3814,A,0.8,0.433,37.3,,,0.433,37.3,rotation,auto_role_rank_heuristic,0.755,,False
23,2026-06-17,Group Stage,K,DR Congo,Portugal,dr_congo_chancel_mbemba,Chancel Mbemba,Defender,Defender,4,0.4175,A,0.779,0.761,57.6,,,0.761,57.6,locked_starter,auto_role_rank_heuristic,0.757,,False
23,2026-06-17,Group Stage,K,DR Congo,Portugal,dr_congo_dylan_batubinsika,Dylan Batubinsika,Defender,Defender,3,0.4211,C,0.55,0.647,50.6,,,0.647,50.6,probable_starter,auto_role_rank_heuristic,0.598,,False
23,2026-06-17,Group Stage,K,DR Congo,Portugal,dr_congo_gedeon_kalulu,Gedeon Kalulu,Defender,Defender,8,0.1836,D,0.2,0.01,11.2,,,0.01,11.2,bench_option,auto_role_rank_heuristic,0.336,,False
23,2026-06-17,Group Stage,K,DR Congo,Portugal,dr_congo_joris_kayembe,Joris Kayembe,Defender,Defender,1,0.7546,B,0.726,0.748,56.8,,,0.748,56.8,probable_starter,auto_role_rank_heuristic,0.783,,False
23,2026-06-17,Group Stage,K,DR Congo,Portugal,dr_congo_steve_kapuadi,Steve Kapuadi,Defender,Defender,7,0.2512,C,0.55,0.307,29.6,,,0.307,29.6,rotation,auto_role_rank_heuristic,0.555,,False
23,2026-06-17,Group Stage,K,DR Congo,Portugal,dr_congo_brian_cipenga,Brian Cipenga,Forward,Forward,6,0.0,D,0.2,0.154,28.5,,,0.154,28.5,bench_option,auto_role_rank_heuristic,0.29,,False
23,2026-06-17,Group Stage,K,DR Congo,Portugal,dr_congo_cedric_bakambu,Cedric Bakambu,Forward,Forward,1,0.4185,C,0.438,0.607,47.2,,,0.607,47.2,probable_starter,auto_role_rank_heuristic,0.558,,False
23,2026-06-17,Group Stage,K,DR Congo,Portugal,dr_congo_fiston_mayele,Fiston Mayele,Forward,Forward,7,0.0,D,0.2,0.154,28.5,,,0.154,28.5,bench_option,auto_role_rank_heuristic,0.29,,False
23,2026-06-17,Group Stage,K,DR Congo,Portugal,dr_congo_gael_kakuta,Gael Kakuta,Forward,Forward,3,0.3202,D,0.35,0.543,44.6,,,0.543,44.6,probable_starter,auto_role_rank_heuristic,0.423,,False
23,2026-06-17,Group Stage,K,DR Congo,Portugal,dr_congo_meschack_elia,Meschack Elia,Forward,Forward,5,0.1338,D,0.35,0.241,32.1,,,0.241,32.1,rotation,auto_role_rank_heuristic,0.376,,False
23,2026-06-17,Group Stage,K,DR Congo,Portugal,dr_congo_simon_banza,Simon Banza,Forward,Forward,4,0.2346,D,0.35,0.249,32.4,,,0.249,32.4,rotation,auto_role_rank_heuristic,0.401,,False
23,2026-06-17,Group Stage,K,DR Congo,Portugal,dr_congo_yoane_wissa,Yoane Wissa,Forward,Forward,2,0.3407,C,0.435,0.602,47.0,,,0.602,47.0,probable_starter,auto_role_rank_heuristic,0.537,,False
23,2026-06-17,Group Stage,K,DR Congo,Portugal,dr_congo_lionel_mpasi,Lionel Mpasi,Goalkeeper,Goalkeeper,3,0.0473,D,0.221,0.01,0.8,,,0.01,0.8,bench_option,auto_role_rank_heuristic,0.309,,False
23,2026-06-17,Group Stage,K,DR Congo,Portugal,dr_congo_matthieu_epolo,Matthieu Epolo,Goalkeeper,Goalkeeper,1,0.8053,B,0.768,0.848,67.4,,,0.848,67.4,locked_starter,auto_role_rank_heuristic,0.81,,False
23,2026-06-17,Group Stage,K,DR Congo,Portugal,dr_congo_timothy_fayulu,Timothy Fayulu,Goalkeeper,Goalkeeper,2,0.2525,C,0.55,0.134,10.6,,,0.134,10.6,bench_option,auto_role_rank_heuristic,0.556,,False
23,2026-06-17,Group Stage,K,DR Congo,Portugal,dr_congo_aaron_tshibola,Aaron Tshibola,Midfielder,Midfielder,6,0.2521,D,0.35,0.249,31.3,,,0.249,31.3,rotation,auto_role_rank_heuristic,0.406,,False
23,2026-06-17,Group Stage,K,DR Congo,Portugal,dr_congo_charles_pickel,Charles Pickel,Midfielder,Midfielder,2,0.4348,C,0.447,0.628,49.3,,,0.628,49.3,probable_starter,auto_role_rank_heuristic,0.565,,False
23,2026-06-17,Group Stage,K,DR Congo,Portugal,dr_congo_edo_kayembe,Edo Kayembe,Midfielder,Midfielder,5,0.2641,D,0.35,0.25,31.3,,,0.25,31.3,rotation,auto_role_rank_heuristic,0.409,,False
23,2026-06-17,Group Stage,K,DR Congo,Portugal,dr_congo_nathanael_mbuku,Nathanael Mbuku,Midfielder,Midfielder,8,0.2187,D,0.35,0.247,31.2,,,0.247,31.2,rotation,auto_role_rank_heuristic,0.397,,False
23,2026-06-17,Group Stage,K,DR Congo,Portugal,dr_congo_ngalayel_mukau,Ngalayel Mukau,Midfielder,Midfielder,7,0.2352,D,0.35,0.249,31.3,,,0.249,31.3,rotation,auto_role_rank_heuristic,0.401,,False
23,2026-06-17,Group Stage,K,DR Congo,Portugal,dr_congo_noah_sadiki,Noah Sadiki,Midfielder,Midfielder,1,0.8453,A,0.941,0.775,56.3,,,0.775,56.3,locked_starter,auto_role_rank_heuristic,0.88,,False
23,2026-06-17,Group Stage,K,DR Congo,Portugal,dr_congo_samuel_moutoussamy,Samuel Moutoussamy,Midfielder,Midfielder,4,0.2961,D,0.35,0.56,46.1,,,0.56,46.1,probable_starter,auto_role_rank_heuristic,0.417,,False
23,2026-06-17,Group Stage,K,DR Congo,Portugal,dr_congo_theo_bongonda,Theo Bongonda,Midfielder,Midfielder,3,0.3262,D,0.35,0.562,46.2,,,0.562,46.2,probable_starter,auto_role_rank_heuristic,0.424,,False
24,2026-06-17,Group Stage,K,Uzbekistan,Colombia,uzbekistan_abdukodir_khusanov,Abdukodir Khusanov,Defender,Defender,1,0.4684,A,0.819,0.98,73.6,,,0.98,73.6,locked_starter,auto_role_rank_heuristic,0.784,,False
24,2026-06-17,Group Stage,K,Uzbekistan,Colombia,uzbekistan_abdulla_abdullaev,Abdulla Abdullaev,Defender,Defender,3,0.0,D,0.2,0.705,56.0,,,0.705,56.0,probable_starter,auto_role_rank_heuristic,0.29,,False
24,2026-06-17,Group Stage,K,Uzbekistan,Colombia,uzbekistan_avazbek_ulmasaliyev,Avazbek Ulmasaliyev,Defender,Defender,4,0.0,D,0.2,0.705,56.0,,,0.705,56.0,probable_starter,auto_role_rank_heuristic,0.29,,False
24,2026-06-17,Group Stage,K,Uzbekistan,Colombia,uzbekistan_behruzjon_karimov,Behruzjon Karimov,Defender,Defender,5,0.0,D,0.2,0.226,25.4,,,0.226,25.4,rotation,auto_role_rank_heuristic,0.29,,False
24,2026-06-17,Group Stage,K,Uzbekistan,Colombia,uzbekistan_farrukh_sayfiev,Farrukh Sayfiev,Defender,Defender,6,0.0,D,0.2,0.226,25.4,,,0.226,25.4,rotation,auto_role_rank_heuristic,0.29,,False
24,2026-06-17,Group Stage,K,Uzbekistan,Colombia,uzbekistan_jakhongir_urozov,Jakhongir Urozov,Defender,Defender,7,0.0,D,0.2,0.226,25.4,,,0.226,25.4,rotation,auto_role_rank_heuristic,0.29,,False
24,2026-06-17,Group Stage,K,Uzbekistan,Colombia,uzbekistan_khojiakbar_alijonov,Khojiakbar Alijonov,Defender,Defender,8,0.0,D,0.2,0.014,11.9,,,0.014,11.9,bench_option,auto_role_rank_heuristic,0.29,,False
24,2026-06-17,Group Stage,K,Uzbekistan,Colombia,uzbekistan_rustam_ashurmatov,Rustam Ashurmatov,Defender,Defender,2,0.2263,D,0.2,0.731,57.7,,,0.731,57.7,probable_starter,auto_role_rank_heuristic,0.347,,False
24,2026-06-17,Group Stage,K,Uzbekistan,Colombia,uzbekistan_sherzod_nasrullaev,Sherzod Nasrullaev,Defender,Defender,9,0.0,D,0.2,0.014,11.9,,,0.014,11.9,bench_option,auto_role_rank_heuristic,0.29,,False
24,2026-06-17,Group Stage,K,Uzbekistan,Colombia,uzbekistan_umar_eshmurodov,Umar Eshmurodov,Defender,Defender,10,0.0,D,0.2,0.014,11.9,,,0.014,11.9,bench_option,auto_role_rank_heuristic,0.29,,False
24,2026-06-17,Group Stage,K,Uzbekistan,Colombia,uzbekistan_azizbek_amonov,Azizbek Amonov,Forward,Forward,2,0.0,D,0.2,0.649,50.7,,,0.649,50.7,probable_starter,auto_role_rank_heuristic,0.29,,False
24,2026-06-17,Group Stage,K,Uzbekistan,Colombia,uzbekistan_eldor_shomurodov,Eldor Shomurodov,Forward,Forward,1,0.7715,B,0.793,0.98,64.9,,,0.98,64.9,locked_starter,auto_role_rank_heuristic,0.81,,False
24,2026-06-17,Group Stage,K,Uzbekistan,Colombia,uzbekistan_igor_sergeev,Igor Sergeev,Forward,Forward,3,0.0,D,0.2,0.649,50.7,,,0.649,50.7,probable_starter,auto_role_rank_heuristic,0.29,,False
24,2026-06-17,Group Stage,K,Uzbekistan,Colombia,uzbekistan_abduvohid_nematov,Abduvohid Nematov,Goalkeeper,Goalkeeper,1,0.0,D,0.2,0.846,69.5,,,0.846,69.5,locked_starter,auto_role_rank_heuristic,0.29,,False
24,2026-06-17,Group Stage,K,Uzbekistan,Colombia,uzbekistan_botirali_ergashev,Botirali Ergashev,Goalkeeper,Goalkeeper,2,0.0,D,0.2,0.014,1.2,,,0.014,1.2,bench_option,auto_role_rank_heuristic,0.29,,False
24,2026-06-17,Group Stage,K,Uzbekistan,Colombia,uzbekistan_utkir_yusupov,Utkir Yusupov,Goalkeeper,Goalkeeper,3,0.0,D,0.2,0.014,1.2,,,0.014,1.2,bench_option,auto_role_rank_heuristic,0.29,,False
24,2026-06-17,Group Stage,K,Uzbekistan,Colombia,uzbekistan_abbosbek_fayzullaev,Abbosbek Fayzullaev,Midfielder,Midfielder,2,0.2524,D,0.2,0.705,54.8,,,0.705,54.8,probable_starter,auto_role_rank_heuristic,0.353,,False
24,2026-06-17,Group Stage,K,Uzbekistan,Colombia,uzbekistan_akmal_mozgovoy,Akmal Mozgovoy,Midfielder,Midfielder,6,0.0,D,0.2,0.226,31.2,,,0.226,31.2,rotation,auto_role_rank_heuristic,0.29,,False
24,2026-06-17,Group Stage,K,Uzbekistan,Colombia,uzbekistan_azizjon_ganiev,Azizjon Ganiev,Midfielder,Midfielder,7,0.0,D,0.2,0.226,31.2,,,0.226,31.2,rotation,auto_role_rank_heuristic,0.29,,False
24,2026-06-17,Group Stage,K,Uzbekistan,Colombia,uzbekistan_dostonbek_khamdamov,Dostonbek Khamdamov,Midfielder,Midfielder,3,0.2256,D,0.2,0.702,54.7,,,0.702,54.7,probable_starter,auto_role_rank_heuristic,0.346,,False
24,2026-06-17,Group Stage,K,Uzbekistan,Colombia,uzbekistan_jaloliddin_masharipov,Jaloliddin Masharipov,Midfielder,Midfielder,1,0.4518,C,0.55,0.925,65.7,,,0.925,65.7,locked_starter,auto_role_rank_heuristic,0.605,,False
24,2026-06-17,Group Stage,K,Uzbekistan,Colombia,uzbekistan_jamshid_iskanderov,Jamshid Iskanderov,Midfielder,Midfielder,8,0.0,D,0.2,0.226,31.2,,,0.226,31.2,rotation,auto_role_rank_heuristic,0.29,,False
24,2026-06-17,Group Stage,K,Uzbekistan,Colombia,uzbekistan_odiljon_xamrobekov,Odiljon Xamrobekov,Midfielder,Midfielder,9,0.0,D,0.2,0.014,20.8,,,0.014,20.8,bench_option,auto_role_rank_heuristic,0.29,,False
24,2026-06-17,Group Stage,K,Uzbekistan,Colombia,uzbekistan_oston_urunov,Oston Urunov,Midfielder,Midfielder,5,0.15,D,0.2,0.243,32.1,,,0.243,32.1,rotation,auto_role_rank_heuristic,0.327,,False
24,2026-06-17,Group Stage,K,Uzbekistan,Colombia,uzbekistan_otabek_shukurov,Otabek Shukurov,Midfielder,Midfielder,4,0.1551,D,0.2,0.694,54.3,,,0.694,54.3,probable_starter,auto_role_rank_heuristic,0.329,,False
24,2026-06-17,Group Stage,K,Uzbekistan,Colombia,uzbekistan_sherzod_esanov,Sherzod Esanov,Midfielder,Midfielder,10,0.0,D,0.2,0.014,20.8,,,0.014,20.8,bench_option,auto_role_rank_heuristic,0.29,,False
24,2026-06-17,Group Stage,K,Colombia,Uzbekistan,colombia_daniel_munoz,Daniel Munoz,Defender,Defender,4,0.7632,A,0.9,0.77,58.9,,,0.77,58.9,locked_starter,auto_role_rank_heuristic,0.88,,False
24,2026-06-17,Group Stage,K,Colombia,Uzbekistan,colombia_davinson_sanchez,Davinson Sanchez,Defender,Defender,1,0.8942,B,0.752,0.743,57.3,,,0.743,57.3,probable_starter,auto_role_rank_heuristic,0.827,,False
24,2026-06-17,Group Stage,K,Colombia,Uzbekistan,colombia_deiver_machado,Deiver Machado,Defender,Defender,6,0.5335,A,0.798,0.434,37.9,,,0.434,37.9,rotation,auto_role_rank_heuristic,0.793,,False
24,2026-06-17,Group Stage,K,Colombia,Uzbekistan,colombia_gustavo_puerta,Gustavo Puerta,Defender,Defender,9,0.1619,D,0.2,0.01,11.4,,,0.01,11.4,bench_option,auto_role_rank_heuristic,0.33,,False
24,2026-06-17,Group Stage,K,Colombia,Uzbekistan,colombia_jhon_lucumi,Jhon Lucumi,Defender,Defender,5,0.6155,A,0.891,0.44,38.3,,,0.44,38.3,rotation,auto_role_rank_heuristic,0.846,,False
24,2026-06-17,Group Stage,K,Colombia,Uzbekistan,colombia_johan_mojica,Johan Mojica,Defender,Defender,2,0.8581,A,0.927,0.778,59.4,,,0.778,59.4,locked_starter,auto_role_rank_heuristic,0.88,,False
24,2026-06-17,Group Stage,K,Colombia,Uzbekistan,colombia_santiago_arias,Santiago Arias,Defender,Defender,7,0.2537,D,0.2,0.169,21.3,,,0.169,21.3,bench_option,auto_role_rank_heuristic,0.353,,False
24,2026-06-17,Group Stage,K,Colombia,Uzbekistan,colombia_willer_ditta,Willer Ditta,Defender,Defender,8,0.2053,C,0.55,0.09,16.4,,,0.09,16.4,bench_option,auto_role_rank_heuristic,0.544,,False
24,2026-06-17,Group Stage,K,Colombia,Uzbekistan,colombia_yerry_mina,Yerry Mina,Defender,Defender,3,0.7969,A,0.879,0.773,59.1,,,0.773,59.1,locked_starter,auto_role_rank_heuristic,0.88,,False
24,2026-06-17,Group Stage,K,Colombia,Uzbekistan,colombia_andres_gomez,Andres Gomez,Forward,Forward,5,0.1675,D,0.2,0.162,29.2,,,0.162,29.2,bench_option,auto_role_rank_heuristic,0.332,,False
24,2026-06-17,Group Stage,K,Colombia,Uzbekistan,colombia_cucho_hernandez,Cucho Hernandez,Forward,Forward,4,0.2445,D,0.35,0.244,32.6,,,0.244,32.6,rotation,auto_role_rank_heuristic,0.404,,False
24,2026-06-17,Group Stage,K,Colombia,Uzbekistan,colombia_jaminton_campaz,Jaminton Campaz,Forward,Forward,6,0.0,D,0.2,0.15,28.7,,,0.15,28.7,bench_option,auto_role_rank_heuristic,0.29,,False
24,2026-06-17,Group Stage,K,Colombia,Uzbekistan,colombia_jhon_cordoba,Jhon Cordoba,Forward,Forward,3,0.2797,D,0.35,0.527,44.5,,,0.527,44.5,probable_starter,auto_role_rank_heuristic,0.412,,False
24,2026-06-17,Group Stage,K,Colombia,Uzbekistan,colombia_luis_diaz,Luis Diaz,Forward,Forward,1,0.8005,A,0.904,0.735,53.3,,,0.735,53.3,probable_starter,auto_role_rank_heuristic,0.88,,False
24,2026-06-17,Group Stage,K,Colombia,Uzbekistan,colombia_luis_suarez,Luis Suarez,Forward,Forward,2,0.6635,B,0.8,0.688,51.3,,,0.688,51.3,probable_starter,auto_role_rank_heuristic,0.786,,False
24,2026-06-17,Group Stage,K,Colombia,Uzbekistan,colombia_alvaro_montero,Alvaro Montero,Goalkeeper,Goalkeeper,3,0.0,D,0.2,0.01,0.8,,,0.01,0.8,bench_option,auto_role_rank_heuristic,0.29,,False
24,2026-06-17,Group Stage,K,Colombia,Uzbekistan,colombia_camilo_vargas,Camilo Vargas,Goalkeeper,Goalkeeper,1,0.3038,C,0.55,0.717,57.7,,,0.717,57.7,probable_starter,auto_role_rank_heuristic,0.568,,False
24,2026-06-17,Group Stage,K,Colombia,Uzbekistan,colombia_david_ospina,David Ospina,Goalkeeper,Goalkeeper,2,0.2716,D,0.35,0.077,6.2,,,0.077,6.2,bench_option,auto_role_rank_heuristic,0.41,,False
24,2026-06-17,Group Stage,K,Colombia,Uzbekistan,colombia_james_rodriguez,James Rodriguez,Midfielder,Midfielder,2,0.3757,D,0.213,0.553,46.4,,,0.553,46.4,probable_starter,auto_role_rank_heuristic,0.388,,False
24,2026-06-17,Group Stage,K,Colombia,Uzbekistan,colombia_jefferson_lerma,Jefferson Lerma,Midfielder,Midfielder,1,0.7066,A,0.844,0.748,55.8,,,0.748,55.8,probable_starter,auto_role_rank_heuristic,0.852,,False
24,2026-06-17,Group Stage,K,Colombia,Uzbekistan,colombia_jhon_arias,Jhon Arias,Midfielder,Midfielder,6,0.2074,A,0.794,0.41,39.5,,,0.41,39.5,rotation,auto_role_rank_heuristic,0.71,,False
24,2026-06-17,Group Stage,K,Colombia,Uzbekistan,colombia_jorge_carrascal,Jorge Carrascal,Midfielder,Midfielder,4,0.3109,D,0.35,0.549,46.2,,,0.549,46.2,probable_starter,auto_role_rank_heuristic,0.42,,False
24,2026-06-17,Group Stage,K,Colombia,Uzbekistan,colombia_juan_portilla,Juan Portilla,Midfielder,Midfielder,7,0.0063,D,0.2,0.151,27.0,,,0.151,27.0,bench_option,auto_role_rank_heuristic,0.292,,False
24,2026-06-17,Group Stage,K,Colombia,Uzbekistan,colombia_juan_quintero,Juan Quintero,Midfielder,Midfielder,8,0.0,D,0.2,0.15,26.9,,,0.15,26.9,bench_option,auto_role_rank_heuristic,0.29,,False
24,2026-06-17,Group Stage,K,Colombia,Uzbekistan,colombia_kevin_castano,Kevin Castano,Midfielder,Midfielder,5,0.2152,D,0.35,0.241,31.3,,,0.241,31.3,rotation,auto_role_rank_heuristic,0.396,,False
24,2026-06-17,Group Stage,K,Colombia,Uzbekistan,colombia_richard_rios,Richard Rios,Midfielder,Midfielder,3,0.3414,B,0.74,0.682,52.6,,,0.682,52.6,probable_starter,auto_role_rank_heuristic,0.684,,False
47,2026-06-23,Group Stage,K,Portugal,Uzbekistan,portugal_diogo_dalot,Diogo Dalot,Defender,Defender,1,0.8887,A,0.918,0.609,48.9,,,0.609,48.9,probable_starter,auto_role_rank_heuristic,0.88,,False
47,2026-06-23,Group Stage,K,Portugal,Uzbekistan,portugal_goncalo_inacio,Goncalo Inacio,Defender,Defender,2,0.8616,B,0.759,0.579,47.0,,,0.579,47.0,probable_starter,auto_role_rank_heuristic,0.821,,False
47,2026-06-23,Group Stage,K,Portugal,Uzbekistan,portugal_joao_cancelo,Joao Cancelo,Defender,Defender,6,0.6212,A,0.794,0.345,32.3,,,0.345,32.3,rotation,auto_role_rank_heuristic,0.813,,False
47,2026-06-23,Group Stage,K,Portugal,Uzbekistan,portugal_nelson_semedo,Nelson Semedo,Defender,Defender,8,0.5507,B,0.711,0.15,20.1,,,0.15,20.1,bench_option,auto_role_rank_heuristic,0.727,,False
47,2026-06-23,Group Stage,K,Portugal,Uzbekistan,portugal_nuno_mendes,Nuno Mendes,Defender,Defender,9,0.5074,A,0.805,0.177,21.8,,,0.177,21.8,bench_option,auto_role_rank_heuristic,0.789,,False
47,2026-06-23,Group Stage,K,Portugal,Uzbekistan,portugal_renato_veiga,Renato Veiga,Defender,Defender,5,0.6877,A,0.907,0.348,32.5,,,0.348,32.5,rotation,auto_role_rank_heuristic,0.869,,False
47,2026-06-23,Group Stage,K,Portugal,Uzbekistan,portugal_ruben_dias,Ruben Dias,Defender,Defender,7,0.6156,A,0.878,0.344,32.3,,,0.344,32.3,rotation,auto_role_rank_heuristic,0.841,,False
47,2026-06-23,Group Stage,K,Portugal,Uzbekistan,portugal_samu_costa,Samu Costa,Defender,Defender,3,0.8023,A,0.925,0.604,48.6,,,0.604,48.6,probable_starter,auto_role_rank_heuristic,0.88,,False
47,2026-06-23,Group Stage,K,Portugal,Uzbekistan,portugal_tomas_araujo,Tomas Araujo,Defender,Defender,4,0.7468,B,0.69,0.572,46.6,,,0.572,46.6,probable_starter,auto_role_rank_heuristic,0.768,,False
47,2026-06-23,Group Stage,K,Portugal,Uzbekistan,portugal_cristiano_ronaldo,Cristiano Ronaldo,Forward,Forward,5,0.7429,B,0.767,0.322,35.9,,,0.322,35.9,rotation,auto_role_rank_heuristic,0.794,,False
47,2026-06-23,Group Stage,K,Portugal,Uzbekistan,portugal_francisco_conceicao,Francisco Conceicao,Forward,Forward,4,0.76,A,0.873,0.353,37.2,,,0.353,37.2,rotation,auto_role_rank_heuristic,0.876,,False
47,2026-06-23,Group Stage,K,Portugal,Uzbekistan,portugal_francisco_trincao,Francisco Trincao,Forward,Forward,3,0.8122,B,0.787,0.546,45.3,,,0.546,45.3,probable_starter,auto_role_rank_heuristic,0.819,,False
47,2026-06-23,Group Stage,K,Portugal,Uzbekistan,portugal_goncalo_guedes,Goncalo Guedes,Forward,Forward,7,0.6148,A,0.852,0.344,36.8,,,0.344,36.8,rotation,auto_role_rank_heuristic,0.832,,False
47,2026-06-23,Group Stage,K,Portugal,Uzbekistan,portugal_goncalo_ramos,Goncalo Ramos,Forward,Forward,8,0.5052,A,0.81,0.183,30.1,,,0.183,30.1,bench_option,auto_role_rank_heuristic,0.79,,False
47,2026-06-23,Group Stage,K,Portugal,Uzbekistan,portugal_joao_felix,Joao Felix,Forward,Forward,2,0.8217,B,0.792,0.547,45.4,,,0.547,45.4,probable_starter,auto_role_rank_heuristic,0.823,,False
47,2026-06-23,Group Stage,K,Portugal,Uzbekistan,portugal_pedro_neto,Pedro Neto,Forward,Forward,1,0.8466,A,0.919,0.578,46.7,,,0.578,46.7,probable_starter,auto_role_rank_heuristic,0.88,,False
47,2026-06-23,Group Stage,K,Portugal,Uzbekistan,portugal_rafael_leao,Rafael Leao,Forward,Forward,6,0.7299,A,0.854,0.351,37.1,,,0.351,37.1,rotation,auto_role_rank_heuristic,0.861,,False
47,2026-06-23,Group Stage,K,Portugal,Uzbekistan,portugal_diogo_costa,Diogo Costa,Goalkeeper,Goalkeeper,1,0.976,B,0.792,0.659,53.1,,,0.659,53.1,probable_starter,auto_role_rank_heuristic,0.861,,False
47,2026-06-23,Group Stage,K,Portugal,Uzbekistan,portugal_jose_sa,Jose Sa,Goalkeeper,Goalkeeper,3,0.7705,A,0.872,0.133,10.7,,,0.133,10.7,bench_option,auto_role_rank_heuristic,0.878,,False
47,2026-06-23,Group Stage,K,Portugal,Uzbekistan,portugal_rui_silva,Rui Silva,Goalkeeper,Goalkeeper,2,0.8646,B,0.79,0.197,15.9,,,0.197,15.9,bench_option,auto_role_rank_heuristic,0.833,,False
47,2026-06-23,Group Stage,K,Portugal,Uzbekistan,portugal_bernardo_silva,Bernardo Silva,Midfielder,Midfielder,4,0.8494,A,0.939,0.593,48.3,,,0.593,48.3,probable_starter,auto_role_rank_heuristic,0.88,,False
47,2026-06-23,Group Stage,K,Portugal,Uzbekistan,portugal_bruno_fernandes,Bruno Fernandes,Midfielder,Midfielder,3,0.8969,A,0.95,0.595,48.4,,,0.595,48.4,probable_starter,auto_role_rank_heuristic,0.88,,False
47,2026-06-23,Group Stage,K,Portugal,Uzbekistan,portugal_joao_neves,Joao Neves,Midfielder,Midfielder,6,0.6993,A,0.807,0.349,36.5,,,0.349,36.5,rotation,auto_role_rank_heuristic,0.837,,False
47,2026-06-23,Group Stage,K,Portugal,Uzbekistan,portugal_matheus_nunes,Matheus Nunes,Midfielder,Midfielder,5,0.8299,A,0.938,0.356,36.9,,,0.356,36.9,rotation,auto_role_rank_heuristic,0.88,,False
47,2026-06-23,Group Stage,K,Portugal,Uzbekistan,portugal_ruben_neves,Ruben Neves,Midfielder,Midfielder,1,0.9523,B,0.779,0.569,47.2,,,0.569,47.2,probable_starter,auto_role_rank_heuristic,0.851,,False
47,2026-06-23,Group Stage,K,Portugal,Uzbekistan,portugal_vitinha,Vitinha,Midfielder,Midfielder,2,0.9252,A,0.95,0.597,48.5,,,0.597,48.5,probable_starter,auto_role_rank_heuristic,0.88,,False
47,2026-06-23,Group Stage,K,Uzbekistan,Portugal,uzbekistan_abdukodir_khusanov,Abdukodir Khusanov,Defender,Defender,1,0.4684,A,0.819,0.98,73.6,,,0.98,73.6,locked_starter,auto_role_rank_heuristic,0.784,,False
47,2026-06-23,Group Stage,K,Uzbekistan,Portugal,uzbekistan_abdulla_abdullaev,Abdulla Abdullaev,Defender,Defender,3,0.0,D,0.2,0.705,56.0,,,0.705,56.0,probable_starter,auto_role_rank_heuristic,0.29,,False
47,2026-06-23,Group Stage,K,Uzbekistan,Portugal,uzbekistan_avazbek_ulmasaliyev,Avazbek Ulmasaliyev,Defender,Defender,4,0.0,D,0.2,0.705,56.0,,,0.705,56.0,probable_starter,auto_role_rank_heuristic,0.29,,False
47,2026-06-23,Group Stage,K,Uzbekistan,Portugal,uzbekistan_behruzjon_karimov,Behruzjon Karimov,Defender,Defender,5,0.0,D,0.2,0.226,25.4,,,0.226,25.4,rotation,auto_role_rank_heuristic,0.29,,False
47,2026-06-23,Group Stage,K,Uzbekistan,Portugal,uzbekistan_farrukh_sayfiev,Farrukh Sayfiev,Defender,Defender,6,0.0,D,0.2,0.226,25.4,,,0.226,25.4,rotation,auto_role_rank_heuristic,0.29,,False
47,2026-06-23,Group Stage,K,Uzbekistan,Portugal,uzbekistan_jakhongir_urozov,Jakhongir Urozov,Defender,Defender,7,0.0,D,0.2,0.226,25.4,,,0.226,25.4,rotation,auto_role_rank_heuristic,0.29,,False
47,2026-06-23,Group Stage,K,Uzbekistan,Portugal,uzbekistan_khojiakbar_alijonov,Khojiakbar Alijonov,Defender,Defender,8,0.0,D,0.2,0.014,11.9,,,0.014,11.9,bench_option,auto_role_rank_heuristic,0.29,,False
47,2026-06-23,Group Stage,K,Uzbekistan,Portugal,uzbekistan_rustam_ashurmatov,Rustam Ashurmatov,Defender,Defender,2,0.2263,D,0.2,0.731,57.7,,,0.731,57.7,probable_starter,auto_role_rank_heuristic,0.347,,False
47,2026-06-23,Group Stage,K,Uzbekistan,Portugal,uzbekistan_sherzod_nasrullaev,Sherzod Nasrullaev,Defender,Defender,9,0.0,D,0.2,0.014,11.9,,,0.014,11.9,bench_option,auto_role_rank_heuristic,0.29,,False
47,2026-06-23,Group Stage,K,Uzbekistan,Portugal,uzbekistan_umar_eshmurodov,Umar Eshmurodov,Defender,Defender,10,0.0,D,0.2,0.014,11.9,,,0.014,11.9,bench_option,auto_role_rank_heuristic,0.29,,False
47,2026-06-23,Group Stage,K,Uzbekistan,Portugal,uzbekistan_azizbek_amonov,Azizbek Amonov,Forward,Forward,2,0.0,D,0.2,0.649,50.7,,,0.649,50.7,probable_starter,auto_role_rank_heuristic,0.29,,False
47,2026-06-23,Group Stage,K,Uzbekistan,Portugal,uzbekistan_eldor_shomurodov,Eldor Shomurodov,Forward,Forward,1,0.7715,B,0.793,0.98,64.9,,,0.98,64.9,locked_starter,auto_role_rank_heuristic,0.81,,False
47,2026-06-23,Group Stage,K,Uzbekistan,Portugal,uzbekistan_igor_sergeev,Igor Sergeev,Forward,Forward,3,0.0,D,0.2,0.649,50.7,,,0.649,50.7,probable_starter,auto_role_rank_heuristic,0.29,,False
47,2026-06-23,Group Stage,K,Uzbekistan,Portugal,uzbekistan_abduvohid_nematov,Abduvohid Nematov,Goalkeeper,Goalkeeper,1,0.0,D,0.2,0.846,69.5,,,0.846,69.5,locked_starter,auto_role_rank_heuristic,0.29,,False
47,2026-06-23,Group Stage,K,Uzbekistan,Portugal,uzbekistan_botirali_ergashev,Botirali Ergashev,Goalkeeper,Goalkeeper,2,0.0,D,0.2,0.014,1.2,,,0.014,1.2,bench_option,auto_role_rank_heuristic,0.29,,False
47,2026-06-23,Group Stage,K,Uzbekistan,Portugal,uzbekistan_utkir_yusupov,Utkir Yusupov,Goalkeeper,Goalkeeper,3,0.0,D,0.2,0.014,1.2,,,0.014,1.2,bench_option,auto_role_rank_heuristic,0.29,,False
47,2026-06-23,Group Stage,K,Uzbekistan,Portugal,uzbekistan_abbosbek_fayzullaev,Abbosbek Fayzullaev,Midfielder,Midfielder,2,0.2524,D,0.2,0.705,54.8,,,0.705,54.8,probable_starter,auto_role_rank_heuristic,0.353,,False
47,2026-06-23,Group Stage,K,Uzbekistan,Portugal,uzbekistan_akmal_mozgovoy,Akmal Mozgovoy,Midfielder,Midfielder,6,0.0,D,0.2,0.226,31.2,,,0.226,31.2,rotation,auto_role_rank_heuristic,0.29,,False
47,2026-06-23,Group Stage,K,Uzbekistan,Portugal,uzbekistan_azizjon_ganiev,Azizjon Ganiev,Midfielder,Midfielder,7,0.0,D,0.2,0.226,31.2,,,0.226,31.2,rotation,auto_role_rank_heuristic,0.29,,False
47,2026-06-23,Group Stage,K,Uzbekistan,Portugal,uzbekistan_dostonbek_khamdamov,Dostonbek Khamdamov,Midfielder,Midfielder,3,0.2256,D,0.2,0.702,54.7,,,0.702,54.7,probable_starter,auto_role_rank_heuristic,0.346,,False
47,2026-06-23,Group Stage,K,Uzbekistan,Portugal,uzbekistan_jaloliddin_masharipov,Jaloliddin Masharipov,Midfielder,Midfielder,1,0.4518,C,0.55,0.925,65.7,,,0.925,65.7,locked_starter,auto_role_rank_heuristic,0.605,,False
47,2026-06-23,Group Stage,K,Uzbekistan,Portugal,uzbekistan_jamshid_iskanderov,Jamshid Iskanderov,Midfielder,Midfielder,8,0.0,D,0.2,0.226,31.2,,,0.226,31.2,rotation,auto_role_rank_heuristic,0.29,,False
47,2026-06-23,Group Stage,K,Uzbekistan,Portugal,uzbekistan_odiljon_xamrobekov,Odiljon Xamrobekov,Midfielder,Midfielder,9,0.0,D,0.2,0.014,20.8,,,0.014,20.8,bench_option,auto_role_rank_heuristic,0.29,,False
47,2026-06-23,Group Stage,K,Uzbekistan,Portugal,uzbekistan_oston_urunov,Oston Urunov,Midfielder,Midfielder,5,0.15,D,0.2,0.243,32.1,,,0.243,32.1,rotation,auto_role_rank_heuristic,0.327,,False
47,2026-06-23,Group Stage,K,Uzbekistan,Portugal,uzbekistan_otabek_shukurov,Otabek Shukurov,Midfielder,Midfielder,4,0.1551,D,0.2,0.694,54.3,,,0.694,54.3,probable_starter,auto_role_rank_heuristic,0.329,,False
47,2026-06-23,Group Stage,K,Uzbekistan,Portugal,uzbekistan_sherzod_esanov,Sherzod Esanov,Midfielder,Midfielder,10,0.0,D,0.2,0.014,20.8,,,0.014,20.8,bench_option,auto_role_rank_heuristic,0.29,,False
48,2026-06-23,Group Stage,K,Colombia,DR Congo,colombia_daniel_munoz,Daniel Munoz,Defender,Defender,4,0.7632,A,0.9,0.77,58.9,,,0.77,58.9,locked_starter,auto_role_rank_heuristic,0.88,,False
48,2026-06-23,Group Stage,K,Colombia,DR Congo,colombia_davinson_sanchez,Davinson Sanchez,Defender,Defender,1,0.8942,B,0.752,0.743,57.3,,,0.743,57.3,probable_starter,auto_role_rank_heuristic,0.827,,False
48,2026-06-23,Group Stage,K,Colombia,DR Congo,colombia_deiver_machado,Deiver Machado,Defender,Defender,6,0.5335,A,0.798,0.434,37.9,,,0.434,37.9,rotation,auto_role_rank_heuristic,0.793,,False
48,2026-06-23,Group Stage,K,Colombia,DR Congo,colombia_gustavo_puerta,Gustavo Puerta,Defender,Defender,9,0.1619,D,0.2,0.01,11.4,,,0.01,11.4,bench_option,auto_role_rank_heuristic,0.33,,False
48,2026-06-23,Group Stage,K,Colombia,DR Congo,colombia_jhon_lucumi,Jhon Lucumi,Defender,Defender,5,0.6155,A,0.891,0.44,38.3,,,0.44,38.3,rotation,auto_role_rank_heuristic,0.846,,False
48,2026-06-23,Group Stage,K,Colombia,DR Congo,colombia_johan_mojica,Johan Mojica,Defender,Defender,2,0.8581,A,0.927,0.778,59.4,,,0.778,59.4,locked_starter,auto_role_rank_heuristic,0.88,,False
48,2026-06-23,Group Stage,K,Colombia,DR Congo,colombia_santiago_arias,Santiago Arias,Defender,Defender,7,0.2537,D,0.2,0.169,21.3,,,0.169,21.3,bench_option,auto_role_rank_heuristic,0.353,,False
48,2026-06-23,Group Stage,K,Colombia,DR Congo,colombia_willer_ditta,Willer Ditta,Defender,Defender,8,0.2053,C,0.55,0.09,16.4,,,0.09,16.4,bench_option,auto_role_rank_heuristic,0.544,,False
48,2026-06-23,Group Stage,K,Colombia,DR Congo,colombia_yerry_mina,Yerry Mina,Defender,Defender,3,0.7969,A,0.879,0.773,59.1,,,0.773,59.1,locked_starter,auto_role_rank_heuristic,0.88,,False
48,2026-06-23,Group Stage,K,Colombia,DR Congo,colombia_andres_gomez,Andres Gomez,Forward,Forward,5,0.1675,D,0.2,0.162,29.2,,,0.162,29.2,bench_option,auto_role_rank_heuristic,0.332,,False
48,2026-06-23,Group Stage,K,Colombia,DR Congo,colombia_cucho_hernandez,Cucho Hernandez,Forward,Forward,4,0.2445,D,0.35,0.244,32.6,,,0.244,32.6,rotation,auto_role_rank_heuristic,0.404,,False
48,2026-06-23,Group Stage,K,Colombia,DR Congo,colombia_jaminton_campaz,Jaminton Campaz,Forward,Forward,6,0.0,D,0.2,0.15,28.7,,,0.15,28.7,bench_option,auto_role_rank_heuristic,0.29,,False
48,2026-06-23,Group Stage,K,Colombia,DR Congo,colombia_jhon_cordoba,Jhon Cordoba,Forward,Forward,3,0.2797,D,0.35,0.527,44.5,,,0.527,44.5,probable_starter,auto_role_rank_heuristic,0.412,,False
48,2026-06-23,Group Stage,K,Colombia,DR Congo,colombia_luis_diaz,Luis Diaz,Forward,Forward,1,0.8005,A,0.904,0.735,53.3,,,0.735,53.3,probable_starter,auto_role_rank_heuristic,0.88,,False
48,2026-06-23,Group Stage,K,Colombia,DR Congo,colombia_luis_suarez,Luis Suarez,Forward,Forward,2,0.6635,B,0.8,0.688,51.3,,,0.688,51.3,probable_starter,auto_role_rank_heuristic,0.786,,False
48,2026-06-23,Group Stage,K,Colombia,DR Congo,colombia_alvaro_montero,Alvaro Montero,Goalkeeper,Goalkeeper,3,0.0,D,0.2,0.01,0.8,,,0.01,0.8,bench_option,auto_role_rank_heuristic,0.29,,False
48,2026-06-23,Group Stage,K,Colombia,DR Congo,colombia_camilo_vargas,Camilo Vargas,Goalkeeper,Goalkeeper,1,0.3038,C,0.55,0.717,57.7,,,0.717,57.7,probable_starter,auto_role_rank_heuristic,0.568,,False
48,2026-06-23,Group Stage,K,Colombia,DR Congo,colombia_david_ospina,David Ospina,Goalkeeper,Goalkeeper,2,0.2716,D,0.35,0.077,6.2,,,0.077,6.2,bench_option,auto_role_rank_heuristic,0.41,,False
48,2026-06-23,Group Stage,K,Colombia,DR Congo,colombia_james_rodriguez,James Rodriguez,Midfielder,Midfielder,2,0.3757,D,0.213,0.553,46.4,,,0.553,46.4,probable_starter,auto_role_rank_heuristic,0.388,,False
48,2026-06-23,Group Stage,K,Colombia,DR Congo,colombia_jefferson_lerma,Jefferson Lerma,Midfielder,Midfielder,1,0.7066,A,0.844,0.748,55.8,,,0.748,55.8,probable_starter,auto_role_rank_heuristic,0.852,,False
48,2026-06-23,Group Stage,K,Colombia,DR Congo,colombia_jhon_arias,Jhon Arias,Midfielder,Midfielder,6,0.2074,A,0.794,0.41,39.5,,,0.41,39.5,rotation,auto_role_rank_heuristic,0.71,,False
48,2026-06-23,Group Stage,K,Colombia,DR Congo,colombia_jorge_carrascal,Jorge Carrascal,Midfielder,Midfielder,4,0.3109,D,0.35,0.549,46.2,,,0.549,46.2,probable_starter,auto_role_rank_heuristic,0.42,,False
48,2026-06-23,Group Stage,K,Colombia,DR Congo,colombia_juan_portilla,Juan Portilla,Midfielder,Midfielder,7,0.0063,D,0.2,0.151,27.0,,,0.151,27.0,bench_option,auto_role_rank_heuristic,0.292,,False
48,2026-06-23,Group Stage,K,Colombia,DR Congo,colombia_juan_quintero,Juan Quintero,Midfielder,Midfielder,8,0.0,D,0.2,0.15,26.9,,,0.15,26.9,bench_option,auto_role_rank_heuristic,0.29,,False
48,2026-06-23,Group Stage,K,Colombia,DR Congo,colombia_kevin_castano,Kevin Castano,Midfielder,Midfielder,5,0.2152,D,0.35,0.241,31.3,,,0.241,31.3,rotation,auto_role_rank_heuristic,0.396,,False
48,2026-06-23,Group Stage,K,Colombia,DR Congo,colombia_richard_rios,Richard Rios,Midfielder,Midfielder,3,0.3414,B,0.74,0.682,52.6,,,0.682,52.6,probable_starter,auto_role_rank_heuristic,0.684,,False
48,2026-06-23,Group Stage,K,DR Congo,Colombia,dr_congo_aaron_wan_bissaka,Aaron Wan-Bissaka,Defender,Defender,2,0.6347,A,0.873,0.778,58.7,,,0.778,58.7,locked_starter,auto_role_rank_heuristic,0.844,,False
48,2026-06-23,Group Stage,K,DR Congo,Colombia,dr_congo_arthur_masuaku,Arthur Masuaku,Defender,Defender,6,0.3031,D,0.224,0.253,26.2,,,0.253,26.2,rotation,auto_role_rank_heuristic,0.374,,False
48,2026-06-23,Group Stage,K,DR Congo,Colombia,dr_congo_axel_tuanzebe,Axel Tuanzebe,Defender,Defender,5,0.3814,A,0.8,0.433,37.3,,,0.433,37.3,rotation,auto_role_rank_heuristic,0.755,,False
48,2026-06-23,Group Stage,K,DR Congo,Colombia,dr_congo_chancel_mbemba,Chancel Mbemba,Defender,Defender,4,0.4175,A,0.779,0.761,57.6,,,0.761,57.6,locked_starter,auto_role_rank_heuristic,0.757,,False
48,2026-06-23,Group Stage,K,DR Congo,Colombia,dr_congo_dylan_batubinsika,Dylan Batubinsika,Defender,Defender,3,0.4211,C,0.55,0.647,50.6,,,0.647,50.6,probable_starter,auto_role_rank_heuristic,0.598,,False
48,2026-06-23,Group Stage,K,DR Congo,Colombia,dr_congo_gedeon_kalulu,Gedeon Kalulu,Defender,Defender,8,0.1836,D,0.2,0.01,11.2,,,0.01,11.2,bench_option,auto_role_rank_heuristic,0.336,,False
48,2026-06-23,Group Stage,K,DR Congo,Colombia,dr_congo_joris_kayembe,Joris Kayembe,Defender,Defender,1,0.7546,B,0.726,0.748,56.8,,,0.748,56.8,probable_starter,auto_role_rank_heuristic,0.783,,False
48,2026-06-23,Group Stage,K,DR Congo,Colombia,dr_congo_steve_kapuadi,Steve Kapuadi,Defender,Defender,7,0.2512,C,0.55,0.307,29.6,,,0.307,29.6,rotation,auto_role_rank_heuristic,0.555,,False
48,2026-06-23,Group Stage,K,DR Congo,Colombia,dr_congo_brian_cipenga,Brian Cipenga,Forward,Forward,6,0.0,D,0.2,0.154,28.5,,,0.154,28.5,bench_option,auto_role_rank_heuristic,0.29,,False
48,2026-06-23,Group Stage,K,DR Congo,Colombia,dr_congo_cedric_bakambu,Cedric Bakambu,Forward,Forward,1,0.4185,C,0.438,0.607,47.2,,,0.607,47.2,probable_starter,auto_role_rank_heuristic,0.558,,False
48,2026-06-23,Group Stage,K,DR Congo,Colombia,dr_congo_fiston_mayele,Fiston Mayele,Forward,Forward,7,0.0,D,0.2,0.154,28.5,,,0.154,28.5,bench_option,auto_role_rank_heuristic,0.29,,False
48,2026-06-23,Group Stage,K,DR Congo,Colombia,dr_congo_gael_kakuta,Gael Kakuta,Forward,Forward,3,0.3202,D,0.35,0.543,44.6,,,0.543,44.6,probable_starter,auto_role_rank_heuristic,0.423,,False
48,2026-06-23,Group Stage,K,DR Congo,Colombia,dr_congo_meschack_elia,Meschack Elia,Forward,Forward,5,0.1338,D,0.35,0.241,32.1,,,0.241,32.1,rotation,auto_role_rank_heuristic,0.376,,False
48,2026-06-23,Group Stage,K,DR Congo,Colombia,dr_congo_simon_banza,Simon Banza,Forward,Forward,4,0.2346,D,0.35,0.249,32.4,,,0.249,32.4,rotation,auto_role_rank_heuristic,0.401,,False
48,2026-06-23,Group Stage,K,DR Congo,Colombia,dr_congo_yoane_wissa,Yoane Wissa,Forward,Forward,2,0.3407,C,0.435,0.602,47.0,,,0.602,47.0,probable_starter,auto_role_rank_heuristic,0.537,,False
48,2026-06-23,Group Stage,K,DR Congo,Colombia,dr_congo_lionel_mpasi,Lionel Mpasi,Goalkeeper,Goalkeeper,3,0.0473,D,0.221,0.01,0.8,,,0.01,0.8,bench_option,auto_role_rank_heuristic,0.309,,False
48,2026-06-23,Group Stage,K,DR Congo,Colombia,dr_congo_matthieu_epolo,Matthieu Epolo,Goalkeeper,Goalkeeper,1,0.8053,B,0.768,0.848,67.4,,,0.848,67.4,locked_starter,auto_role_rank_heuristic,0.81,,False
48,2026-06-23,Group Stage,K,DR Congo,Colombia,dr_congo_timothy_fayulu,Timothy Fayulu,Goalkeeper,Goalkeeper,2,0.2525,C,0.55,0.134,10.6,,,0.134,10.6,bench_option,auto_role_rank_heuristic,0.556,,False
48,2026-06-23,Group Stage,K,DR Congo,Colombia,dr_congo_aaron_tshibola,Aaron Tshibola,Midfielder,Midfielder,6,0.2521,D,0.35,0.249,31.3,,,0.249,31.3,rotation,auto_role_rank_heuristic,0.406,,False
48,2026-06-23,Group Stage,K,DR Congo,Colombia,dr_congo_charles_pickel,Charles Pickel,Midfielder,Midfielder,2,0.4348,C,0.447,0.628,49.3,,,0.628,49.3,probable_starter,auto_role_rank_heuristic,0.565,,False
48,2026-06-23,Group Stage,K,DR Congo,Colombia,dr_congo_edo_kayembe,Edo Kayembe,Midfielder,Midfielder,5,0.2641,D,0.35,0.25,31.3,,,0.25,31.3,rotation,auto_role_rank_heuristic,0.409,,False
48,2026-06-23,Group Stage,K,DR Congo,Colombia,dr_congo_nathanael_mbuku,Nathanael Mbuku,Midfielder,Midfielder,8,0.2187,D,0.35,0.247,31.2,,,0.247,31.2,rotation,auto_role_rank_heuristic,0.397,,False
48,2026-06-23,Group Stage,K,DR Congo,Colombia,dr_congo_ngalayel_mukau,Ngalayel Mukau,Midfielder,Midfielder,7,0.2352,D,0.35,0.249,31.3,,,0.249,31.3,rotation,auto_role_rank_heuristic,0.401,,False
48,2026-06-23,Group Stage,K,DR Congo,Colombia,dr_congo_noah_sadiki,Noah Sadiki,Midfielder,Midfielder,1,0.8453,A,0.941,0.775,56.3,,,0.775,56.3,locked_starter,auto_role_rank_heuristic,0.88,,False
48,2026-06-23,Group Stage,K,DR Congo,Colombia,dr_congo_samuel_moutoussamy,Samuel Moutoussamy,Midfielder,Midfielder,4,0.2961,D,0.35,0.56,46.1,,,0.56,46.1,probable_starter,auto_role_rank_heuristic,0.417,,False
48,2026-06-23,Group Stage,K,DR Congo,Colombia,dr_congo_theo_bongonda,Theo Bongonda,Midfielder,Midfielder,3,0.3262,D,0.35,0.562,46.2,,,0.562,46.2,probable_starter,auto_role_rank_heuristic,0.424,,False
71,2026-06-27,Group Stage,K,Colombia,Portugal,colombia_daniel_munoz,Daniel Munoz,Defender,Defender,4,0.7632,A,0.9,0.77,58.9,,,0.77,58.9,locked_starter,auto_role_rank_heuristic,0.88,,False
71,2026-06-27,Group Stage,K,Colombia,Portugal,colombia_davinson_sanchez,Davinson Sanchez,Defender,Defender,1,0.8942,B,0.752,0.743,57.3,,,0.743,57.3,probable_starter,auto_role_rank_heuristic,0.827,,False
71,2026-06-27,Group Stage,K,Colombia,Portugal,colombia_deiver_machado,Deiver Machado,Defender,Defender,6,0.5335,A,0.798,0.434,37.9,,,0.434,37.9,rotation,auto_role_rank_heuristic,0.793,,False
71,2026-06-27,Group Stage,K,Colombia,Portugal,colombia_gustavo_puerta,Gustavo Puerta,Defender,Defender,9,0.1619,D,0.2,0.01,11.4,,,0.01,11.4,bench_option,auto_role_rank_heuristic,0.33,,False
71,2026-06-27,Group Stage,K,Colombia,Portugal,colombia_jhon_lucumi,Jhon Lucumi,Defender,Defender,5,0.6155,A,0.891,0.44,38.3,,,0.44,38.3,rotation,auto_role_rank_heuristic,0.846,,False
71,2026-06-27,Group Stage,K,Colombia,Portugal,colombia_johan_mojica,Johan Mojica,Defender,Defender,2,0.8581,A,0.927,0.778,59.4,,,0.778,59.4,locked_starter,auto_role_rank_heuristic,0.88,,False
71,2026-06-27,Group Stage,K,Colombia,Portugal,colombia_santiago_arias,Santiago Arias,Defender,Defender,7,0.2537,D,0.2,0.169,21.3,,,0.169,21.3,bench_option,auto_role_rank_heuristic,0.353,,False
71,2026-06-27,Group Stage,K,Colombia,Portugal,colombia_willer_ditta,Willer Ditta,Defender,Defender,8,0.2053,C,0.55,0.09,16.4,,,0.09,16.4,bench_option,auto_role_rank_heuristic,0.544,,False
71,2026-06-27,Group Stage,K,Colombia,Portugal,colombia_yerry_mina,Yerry Mina,Defender,Defender,3,0.7969,A,0.879,0.773,59.1,,,0.773,59.1,locked_starter,auto_role_rank_heuristic,0.88,,False
71,2026-06-27,Group Stage,K,Colombia,Portugal,colombia_andres_gomez,Andres Gomez,Forward,Forward,5,0.1675,D,0.2,0.162,29.2,,,0.162,29.2,bench_option,auto_role_rank_heuristic,0.332,,False
71,2026-06-27,Group Stage,K,Colombia,Portugal,colombia_cucho_hernandez,Cucho Hernandez,Forward,Forward,4,0.2445,D,0.35,0.244,32.6,,,0.244,32.6,rotation,auto_role_rank_heuristic,0.404,,False
71,2026-06-27,Group Stage,K,Colombia,Portugal,colombia_jaminton_campaz,Jaminton Campaz,Forward,Forward,6,0.0,D,0.2,0.15,28.7,,,0.15,28.7,bench_option,auto_role_rank_heuristic,0.29,,False
71,2026-06-27,Group Stage,K,Colombia,Portugal,colombia_jhon_cordoba,Jhon Cordoba,Forward,Forward,3,0.2797,D,0.35,0.527,44.5,,,0.527,44.5,probable_starter,auto_role_rank_heuristic,0.412,,False
71,2026-06-27,Group Stage,K,Colombia,Portugal,colombia_luis_diaz,Luis Diaz,Forward,Forward,1,0.8005,A,0.904,0.735,53.3,,,0.735,53.3,probable_starter,auto_role_rank_heuristic,0.88,,False
71,2026-06-27,Group Stage,K,Colombia,Portugal,colombia_luis_suarez,Luis Suarez,Forward,Forward,2,0.6635,B,0.8,0.688,51.3,,,0.688,51.3,probable_starter,auto_role_rank_heuristic,0.786,,False
71,2026-06-27,Group Stage,K,Colombia,Portugal,colombia_alvaro_montero,Alvaro Montero,Goalkeeper,Goalkeeper,3,0.0,D,0.2,0.01,0.8,,,0.01,0.8,bench_option,auto_role_rank_heuristic,0.29,,False
71,2026-06-27,Group Stage,K,Colombia,Portugal,colombia_camilo_vargas,Camilo Vargas,Goalkeeper,Goalkeeper,1,0.3038,C,0.55,0.717,57.7,,,0.717,57.7,probable_starter,auto_role_rank_heuristic,0.568,,False
71,2026-06-27,Group Stage,K,Colombia,Portugal,colombia_david_ospina,David Ospina,Goalkeeper,Goalkeeper,2,0.2716,D,0.35,0.077,6.2,,,0.077,6.2,bench_option,auto_role_rank_heuristic,0.41,,False
71,2026-06-27,Group Stage,K,Colombia,Portugal,colombia_james_rodriguez,James Rodriguez,Midfielder,Midfielder,2,0.3757,D,0.213,0.553,46.4,,,0.553,46.4,probable_starter,auto_role_rank_heuristic,0.388,,False
71,2026-06-27,Group Stage,K,Colombia,Portugal,colombia_jefferson_lerma,Jefferson Lerma,Midfielder,Midfielder,1,0.7066,A,0.844,0.748,55.8,,,0.748,55.8,probable_starter,auto_role_rank_heuristic,0.852,,False
71,2026-06-27,Group Stage,K,Colombia,Portugal,colombia_jhon_arias,Jhon Arias,Midfielder,Midfielder,6,0.2074,A,0.794,0.41,39.5,,,0.41,39.5,rotation,auto_role_rank_heuristic,0.71,,False
71,2026-06-27,Group Stage,K,Colombia,Portugal,colombia_jorge_carrascal,Jorge Carrascal,Midfielder,Midfielder,4,0.3109,D,0.35,0.549,46.2,,,0.549,46.2,probable_starter,auto_role_rank_heuristic,0.42,,False
71,2026-06-27,Group Stage,K,Colombia,Portugal,colombia_juan_portilla,Juan Portilla,Midfielder,Midfielder,7,0.0063,D,0.2,0.151,27.0,,,0.151,27.0,bench_option,auto_role_rank_heuristic,0.292,,False
71,2026-06-27,Group Stage,K,Colombia,Portugal,colombia_juan_quintero,Juan Quintero,Midfielder,Midfielder,8,0.0,D,0.2,0.15,26.9,,,0.15,26.9,bench_option,auto_role_rank_heuristic,0.29,,False
71,2026-06-27,Group Stage,K,Colombia,Portugal,colombia_kevin_castano,Kevin Castano,Midfielder,Midfielder,5,0.2152,D,0.35,0.241,31.3,,,0.241,31.3,rotation,auto_role_rank_heuristic,0.396,,False
71,2026-06-27,Group Stage,K,Colombia,Portugal,colombia_richard_rios,Richard Rios,Midfielder,Midfielder,3,0.3414,B,0.74,0.682,52.6,,,0.682,52.6,probable_starter,auto_role_rank_heuristic,0.684,,False
71,2026-06-27,Group Stage,K,Portugal,Colombia,portugal_diogo_dalot,Diogo Dalot,Defender,Defender,1,0.8887,A,0.918,0.609,48.9,,,0.609,48.9,probable_starter,auto_role_rank_heuristic,0.88,,False
71,2026-06-27,Group Stage,K,Portugal,Colombia,portugal_goncalo_inacio,Goncalo Inacio,Defender,Defender,2,0.8616,B,0.759,0.579,47.0,,,0.579,47.0,probable_starter,auto_role_rank_heuristic,0.821,,False
71,2026-06-27,Group Stage,K,Portugal,Colombia,portugal_joao_cancelo,Joao Cancelo,Defender,Defender,6,0.6212,A,0.794,0.345,32.3,,,0.345,32.3,rotation,auto_role_rank_heuristic,0.813,,False
71,2026-06-27,Group Stage,K,Portugal,Colombia,portugal_nelson_semedo,Nelson Semedo,Defender,Defender,8,0.5507,B,0.711,0.15,20.1,,,0.15,20.1,bench_option,auto_role_rank_heuristic,0.727,,False
71,2026-06-27,Group Stage,K,Portugal,Colombia,portugal_nuno_mendes,Nuno Mendes,Defender,Defender,9,0.5074,A,0.805,0.177,21.8,,,0.177,21.8,bench_option,auto_role_rank_heuristic,0.789,,False
71,2026-06-27,Group Stage,K,Portugal,Colombia,portugal_renato_veiga,Renato Veiga,Defender,Defender,5,0.6877,A,0.907,0.348,32.5,,,0.348,32.5,rotation,auto_role_rank_heuristic,0.869,,False
71,2026-06-27,Group Stage,K,Portugal,Colombia,portugal_ruben_dias,Ruben Dias,Defender,Defender,7,0.6156,A,0.878,0.344,32.3,,,0.344,32.3,rotation,auto_role_rank_heuristic,0.841,,False
71,2026-06-27,Group Stage,K,Portugal,Colombia,portugal_samu_costa,Samu Costa,Defender,Defender,3,0.8023,A,0.925,0.604,48.6,,,0.604,48.6,probable_starter,auto_role_rank_heuristic,0.88,,False
71,2026-06-27,Group Stage,K,Portugal,Colombia,portugal_tomas_araujo,Tomas Araujo,Defender,Defender,4,0.7468,B,0.69,0.572,46.6,,,0.572,46.6,probable_starter,auto_role_rank_heuristic,0.768,,False
71,2026-06-27,Group Stage,K,Portugal,Colombia,portugal_cristiano_ronaldo,Cristiano Ronaldo,Forward,Forward,5,0.7429,B,0.767,0.322,35.9,,,0.322,35.9,rotation,auto_role_rank_heuristic,0.794,,False
71,2026-06-27,Group Stage,K,Portugal,Colombia,portugal_francisco_conceicao,Francisco Conceicao,Forward,Forward,4,0.76,A,0.873,0.353,37.2,,,0.353,37.2,rotation,auto_role_rank_heuristic,0.876,,False
71,2026-06-27,Group Stage,K,Portugal,Colombia,portugal_francisco_trincao,Francisco Trincao,Forward,Forward,3,0.8122,B,0.787,0.546,45.3,,,0.546,45.3,probable_starter,auto_role_rank_heuristic,0.819,,False
71,2026-06-27,Group Stage,K,Portugal,Colombia,portugal_goncalo_guedes,Goncalo Guedes,Forward,Forward,7,0.6148,A,0.852,0.344,36.8,,,0.344,36.8,rotation,auto_role_rank_heuristic,0.832,,False
71,2026-06-27,Group Stage,K,Portugal,Colombia,portugal_goncalo_ramos,Goncalo Ramos,Forward,Forward,8,0.5052,A,0.81,0.183,30.1,,,0.183,30.1,bench_option,auto_role_rank_heuristic,0.79,,False
71,2026-06-27,Group Stage,K,Portugal,Colombia,portugal_joao_felix,Joao Felix,Forward,Forward,2,0.8217,B,0.792,0.547,45.4,,,0.547,45.4,probable_starter,auto_role_rank_heuristic,0.823,,False
71,2026-06-27,Group Stage,K,Portugal,Colombia,portugal_pedro_neto,Pedro Neto,Forward,Forward,1,0.8466,A,0.919,0.578,46.7,,,0.578,46.7,probable_starter,auto_role_rank_heuristic,0.88,,False
71,2026-06-27,Group Stage,K,Portugal,Colombia,portugal_rafael_leao,Rafael Leao,Forward,Forward,6,0.7299,A,0.854,0.351,37.1,,,0.351,37.1,rotation,auto_role_rank_heuristic,0.861,,False
71,2026-06-27,Group Stage,K,Portugal,Colombia,portugal_diogo_costa,Diogo Costa,Goalkeeper,Goalkeeper,1,0.976,B,0.792,0.659,53.1,,,0.659,53.1,probable_starter,auto_role_rank_heuristic,0.861,,False
71,2026-06-27,Group Stage,K,Portugal,Colombia,portugal_jose_sa,Jose Sa,Goalkeeper,Goalkeeper,3,0.7705,A,0.872,0.133,10.7,,,0.133,10.7,bench_option,auto_role_rank_heuristic,0.878,,False
71,2026-06-27,Group Stage,K,Portugal,Colombia,portugal_rui_silva,Rui Silva,Goalkeeper,Goalkeeper,2,0.8646,B,0.79,0.197,15.9,,,0.197,15.9,bench_option,auto_role_rank_heuristic,0.833,,False
71,2026-06-27,Group Stage,K,Portugal,Colombia,portugal_bernardo_silva,Bernardo Silva,Midfielder,Midfielder,4,0.8494,A,0.939,0.593,48.3,,,0.593,48.3,probable_starter,auto_role_rank_heuristic,0.88,,False
71,2026-06-27,Group Stage,K,Portugal,Colombia,portugal_bruno_fernandes,Bruno Fernandes,Midfielder,Midfielder,3,0.8969,A,0.95,0.595,48.4,,,0.595,48.4,probable_starter,auto_role_rank_heuristic,0.88,,False
71,2026-06-27,Group Stage,K,Portugal,Colombia,portugal_joao_neves,Joao Neves,Midfielder,Midfielder,6,0.6993,A,0.807,0.349,36.5,,,0.349,36.5,rotation,auto_role_rank_heuristic,0.837,,False
71,2026-06-27,Group Stage,K,Portugal,Colombia,portugal_matheus_nunes,Matheus Nunes,Midfielder,Midfielder,5,0.8299,A,0.938,0.356,36.9,,,0.356,36.9,rotation,auto_role_rank_heuristic,0.88,,False
71,2026-06-27,Group Stage,K,Portugal,Colombia,portugal_ruben_neves,Ruben Neves,Midfielder,Midfielder,1,0.9523,B,0.779,0.569,47.2,,,0.569,47.2,probable_starter,auto_role_rank_heuristic,0.851,,False
71,2026-06-27,Group Stage,K,Portugal,Colombia,portugal_vitinha,Vitinha,Midfielder,Midfielder,2,0.9252,A,0.95,0.597,48.5,,,0.597,48.5,probable_starter,auto_role_rank_heuristic,0.88,,False
72,2026-06-27,Group Stage,K,DR Congo,Uzbekistan,dr_congo_aaron_wan_bissaka,Aaron Wan-Bissaka,Defender,Defender,2,0.6347,A,0.873,0.778,58.7,,,0.778,58.7,locked_starter,auto_role_rank_heuristic,0.844,,False
72,2026-06-27,Group Stage,K,DR Congo,Uzbekistan,dr_congo_arthur_masuaku,Arthur Masuaku,Defender,Defender,6,0.3031,D,0.224,0.253,26.2,,,0.253,26.2,rotation,auto_role_rank_heuristic,0.374,,False
72,2026-06-27,Group Stage,K,DR Congo,Uzbekistan,dr_congo_axel_tuanzebe,Axel Tuanzebe,Defender,Defender,5,0.3814,A,0.8,0.433,37.3,,,0.433,37.3,rotation,auto_role_rank_heuristic,0.755,,False
72,2026-06-27,Group Stage,K,DR Congo,Uzbekistan,dr_congo_chancel_mbemba,Chancel Mbemba,Defender,Defender,4,0.4175,A,0.779,0.761,57.6,,,0.761,57.6,locked_starter,auto_role_rank_heuristic,0.757,,False
72,2026-06-27,Group Stage,K,DR Congo,Uzbekistan,dr_congo_dylan_batubinsika,Dylan Batubinsika,Defender,Defender,3,0.4211,C,0.55,0.647,50.6,,,0.647,50.6,probable_starter,auto_role_rank_heuristic,0.598,,False
72,2026-06-27,Group Stage,K,DR Congo,Uzbekistan,dr_congo_gedeon_kalulu,Gedeon Kalulu,Defender,Defender,8,0.1836,D,0.2,0.01,11.2,,,0.01,11.2,bench_option,auto_role_rank_heuristic,0.336,,False
72,2026-06-27,Group Stage,K,DR Congo,Uzbekistan,dr_congo_joris_kayembe,Joris Kayembe,Defender,Defender,1,0.7546,B,0.726,0.748,56.8,,,0.748,56.8,probable_starter,auto_role_rank_heuristic,0.783,,False
72,2026-06-27,Group Stage,K,DR Congo,Uzbekistan,dr_congo_steve_kapuadi,Steve Kapuadi,Defender,Defender,7,0.2512,C,0.55,0.307,29.6,,,0.307,29.6,rotation,auto_role_rank_heuristic,0.555,,False
72,2026-06-27,Group Stage,K,DR Congo,Uzbekistan,dr_congo_brian_cipenga,Brian Cipenga,Forward,Forward,6,0.0,D,0.2,0.154,28.5,,,0.154,28.5,bench_option,auto_role_rank_heuristic,0.29,,False
72,2026-06-27,Group Stage,K,DR Congo,Uzbekistan,dr_congo_cedric_bakambu,Cedric Bakambu,Forward,Forward,1,0.4185,C,0.438,0.607,47.2,,,0.607,47.2,probable_starter,auto_role_rank_heuristic,0.558,,False
72,2026-06-27,Group Stage,K,DR Congo,Uzbekistan,dr_congo_fiston_mayele,Fiston Mayele,Forward,Forward,7,0.0,D,0.2,0.154,28.5,,,0.154,28.5,bench_option,auto_role_rank_heuristic,0.29,,False
72,2026-06-27,Group Stage,K,DR Congo,Uzbekistan,dr_congo_gael_kakuta,Gael Kakuta,Forward,Forward,3,0.3202,D,0.35,0.543,44.6,,,0.543,44.6,probable_starter,auto_role_rank_heuristic,0.423,,False
72,2026-06-27,Group Stage,K,DR Congo,Uzbekistan,dr_congo_meschack_elia,Meschack Elia,Forward,Forward,5,0.1338,D,0.35,0.241,32.1,,,0.241,32.1,rotation,auto_role_rank_heuristic,0.376,,False
72,2026-06-27,Group Stage,K,DR Congo,Uzbekistan,dr_congo_simon_banza,Simon Banza,Forward,Forward,4,0.2346,D,0.35,0.249,32.4,,,0.249,32.4,rotation,auto_role_rank_heuristic,0.401,,False
72,2026-06-27,Group Stage,K,DR Congo,Uzbekistan,dr_congo_yoane_wissa,Yoane Wissa,Forward,Forward,2,0.3407,C,0.435,0.602,47.0,,,0.602,47.0,probable_starter,auto_role_rank_heuristic,0.537,,False
72,2026-06-27,Group Stage,K,DR Congo,Uzbekistan,dr_congo_lionel_mpasi,Lionel Mpasi,Goalkeeper,Goalkeeper,3,0.0473,D,0.221,0.01,0.8,,,0.01,0.8,bench_option,auto_role_rank_heuristic,0.309,,False
72,2026-06-27,Group Stage,K,DR Congo,Uzbekistan,dr_congo_matthieu_epolo,Matthieu Epolo,Goalkeeper,Goalkeeper,1,0.8053,B,0.768,0.848,67.4,,,0.848,67.4,locked_starter,auto_role_rank_heuristic,0.81,,False
72,2026-06-27,Group Stage,K,DR Congo,Uzbekistan,dr_congo_timothy_fayulu,Timothy Fayulu,Goalkeeper,Goalkeeper,2,0.2525,C,0.55,0.134,10.6,,,0.134,10.6,bench_option,auto_role_rank_heuristic,0.556,,False
72,2026-06-27,Group Stage,K,DR Congo,Uzbekistan,dr_congo_aaron_tshibola,Aaron Tshibola,Midfielder,Midfielder,6,0.2521,D,0.35,0.249,31.3,,,0.249,31.3,rotation,auto_role_rank_heuristic,0.406,,False
72,2026-06-27,Group Stage,K,DR Congo,Uzbekistan,dr_congo_charles_pickel,Charles Pickel,Midfielder,Midfielder,2,0.4348,C,0.447,0.628,49.3,,,0.628,49.3,probable_starter,auto_role_rank_heuristic,0.565,,False
72,2026-06-27,Group Stage,K,DR Congo,Uzbekistan,dr_congo_edo_kayembe,Edo Kayembe,Midfielder,Midfielder,5,0.2641,D,0.35,0.25,31.3,,,0.25,31.3,rotation,auto_role_rank_heuristic,0.409,,False
72,2026-06-27,Group Stage,K,DR Congo,Uzbekistan,dr_congo_nathanael_mbuku,Nathanael Mbuku,Midfielder,Midfielder,8,0.2187,D,0.35,0.247,31.2,,,0.247,31.2,rotation,auto_role_rank_heuristic,0.397,,False
72,2026-06-27,Group Stage,K,DR Congo,Uzbekistan,dr_congo_ngalayel_mukau,Ngalayel Mukau,Midfielder,Midfielder,7,0.2352,D,0.35,0.249,31.3,,,0.249,31.3,rotation,auto_role_rank_heuristic,0.401,,False
72,2026-06-27,Group Stage,K,DR Congo,Uzbekistan,dr_congo_noah_sadiki,Noah Sadiki,Midfielder,Midfielder,1,0.8453,A,0.941,0.775,56.3,,,0.775,56.3,locked_starter,auto_role_rank_heuristic,0.88,,False
72,2026-06-27,Group Stage,K,DR Congo,Uzbekistan,dr_congo_samuel_moutoussamy,Samuel Moutoussamy,Midfielder,Midfielder,4,0.2961,D,0.35,0.56,46.1,,,0.56,46.1,probable_starter,auto_role_rank_heuristic,0.417,,False
72,2026-06-27,Group Stage,K,DR Congo,Uzbekistan,dr_congo_theo_bongonda,Theo Bongonda,Midfielder,Midfielder,3,0.3262,D,0.35,0.562,46.2,,,0.562,46.2,probable_starter,auto_role_rank_heuristic,0.424,,False
72,2026-06-27,Group Stage,K,Uzbekistan,DR Congo,uzbekistan_abdukodir_khusanov,Abdukodir Khusanov,Defender,Defender,1,0.4684,A,0.819,0.98,73.6,,,0.98,73.6,locked_starter,auto_role_rank_heuristic,0.784,,False
72,2026-06-27,Group Stage,K,Uzbekistan,DR Congo,uzbekistan_abdulla_abdullaev,Abdulla Abdullaev,Defender,Defender,3,0.0,D,0.2,0.705,56.0,,,0.705,56.0,probable_starter,auto_role_rank_heuristic,0.29,,False
72,2026-06-27,Group Stage,K,Uzbekistan,DR Congo,uzbekistan_avazbek_ulmasaliyev,Avazbek Ulmasaliyev,Defender,Defender,4,0.0,D,0.2,0.705,56.0,,,0.705,56.0,probable_starter,auto_role_rank_heuristic,0.29,,False
72,2026-06-27,Group Stage,K,Uzbekistan,DR Congo,uzbekistan_behruzjon_karimov,Behruzjon Karimov,Defender,Defender,5,0.0,D,0.2,0.226,25.4,,,0.226,25.4,rotation,auto_role_rank_heuristic,0.29,,False
72,2026-06-27,Group Stage,K,Uzbekistan,DR Congo,uzbekistan_farrukh_sayfiev,Farrukh Sayfiev,Defender,Defender,6,0.0,D,0.2,0.226,25.4,,,0.226,25.4,rotation,auto_role_rank_heuristic,0.29,,False
72,2026-06-27,Group Stage,K,Uzbekistan,DR Congo,uzbekistan_jakhongir_urozov,Jakhongir Urozov,Defender,Defender,7,0.0,D,0.2,0.226,25.4,,,0.226,25.4,rotation,auto_role_rank_heuristic,0.29,,False
72,2026-06-27,Group Stage,K,Uzbekistan,DR Congo,uzbekistan_khojiakbar_alijonov,Khojiakbar Alijonov,Defender,Defender,8,0.0,D,0.2,0.014,11.9,,,0.014,11.9,bench_option,auto_role_rank_heuristic,0.29,,False
72,2026-06-27,Group Stage,K,Uzbekistan,DR Congo,uzbekistan_rustam_ashurmatov,Rustam Ashurmatov,Defender,Defender,2,0.2263,D,0.2,0.731,57.7,,,0.731,57.7,probable_starter,auto_role_rank_heuristic,0.347,,False
72,2026-06-27,Group Stage,K,Uzbekistan,DR Congo,uzbekistan_sherzod_nasrullaev,Sherzod Nasrullaev,Defender,Defender,9,0.0,D,0.2,0.014,11.9,,,0.014,11.9,bench_option,auto_role_rank_heuristic,0.29,,False
72,2026-06-27,Group Stage,K,Uzbekistan,DR Congo,uzbekistan_umar_eshmurodov,Umar Eshmurodov,Defender,Defender,10,0.0,D,0.2,0.014,11.9,,,0.014,11.9,bench_option,auto_role_rank_heuristic,0.29,,False
72,2026-06-27,Group Stage,K,Uzbekistan,DR Congo,uzbekistan_azizbek_amonov,Azizbek Amonov,Forward,Forward,2,0.0,D,0.2,0.649,50.7,,,0.649,50.7,probable_starter,auto_role_rank_heuristic,0.29,,False
72,2026-06-27,Group Stage,K,Uzbekistan,DR Congo,uzbekistan_eldor_shomurodov,Eldor Shomurodov,Forward,Forward,1,0.7715,B,0.793,0.98,64.9,,,0.98,64.9,locked_starter,auto_role_rank_heuristic,0.81,,False
72,2026-06-27,Group Stage,K,Uzbekistan,DR Congo,uzbekistan_igor_sergeev,Igor Sergeev,Forward,Forward,3,0.0,D,0.2,0.649,50.7,,,0.649,50.7,probable_starter,auto_role_rank_heuristic,0.29,,False
72,2026-06-27,Group Stage,K,Uzbekistan,DR Congo,uzbekistan_abduvohid_nematov,Abduvohid Nematov,Goalkeeper,Goalkeeper,1,0.0,D,0.2,0.846,69.5,,,0.846,69.5,locked_starter,auto_role_rank_heuristic,0.29,,False
72,2026-06-27,Group Stage,K,Uzbekistan,DR Congo,uzbekistan_botirali_ergashev,Botirali Ergashev,Goalkeeper,Goalkeeper,2,0.0,D,0.2,0.014,1.2,,,0.014,1.2,bench_option,auto_role_rank_heuristic,0.29,,False
72,2026-06-27,Group Stage,K,Uzbekistan,DR Congo,uzbekistan_utkir_yusupov,Utkir Yusupov,Goalkeeper,Goalkeeper,3,0.0,D,0.2,0.014,1.2,,,0.014,1.2,bench_option,auto_role_rank_heuristic,0.29,,False
72,2026-06-27,Group Stage,K,Uzbekistan,DR Congo,uzbekistan_abbosbek_fayzullaev,Abbosbek Fayzullaev,Midfielder,Midfielder,2,0.2524,D,0.2,0.705,54.8,,,0.705,54.8,probable_starter,auto_role_rank_heuristic,0.353,,False
72,2026-06-27,Group Stage,K,Uzbekistan,DR Congo,uzbekistan_akmal_mozgovoy,Akmal Mozgovoy,Midfielder,Midfielder,6,0.0,D,0.2,0.226,31.2,,,0.226,31.2,rotation,auto_role_rank_heuristic,0.29,,False
72,2026-06-27,Group Stage,K,Uzbekistan,DR Congo,uzbekistan_azizjon_ganiev,Azizjon Ganiev,Midfielder,Midfielder,7,0.0,D,0.2,0.226,31.2,,,0.226,31.2,rotation,auto_role_rank_heuristic,0.29,,False
72,2026-06-27,Group Stage,K,Uzbekistan,DR Congo,uzbekistan_dostonbek_khamdamov,Dostonbek Khamdamov,Midfielder,Midfielder,3,0.2256,D,0.2,0.702,54.7,,,0.702,54.7,probable_starter,auto_role_rank_heuristic,0.346,,False
72,2026-06-27,Group Stage,K,Uzbekistan,DR Congo,uzbekistan_jaloliddin_masharipov,Jaloliddin Masharipov,Midfielder,Midfielder,1,0.4518,C,0.55,0.925,65.7,,,0.925,65.7,locked_starter,auto_role_rank_heuristic,0.605,,False
72,2026-06-27,Group Stage,K,Uzbekistan,DR Congo,uzbekistan_jamshid_iskanderov,Jamshid Iskanderov,Midfielder,Midfielder,8,0.0,D,0.2,0.226,31.2,,,0.226,31.2,rotation,auto_role_rank_heuristic,0.29,,False
72,2026-06-27,Group Stage,K,Uzbekistan,DR Congo,uzbekistan_odiljon_xamrobekov,Odiljon Xamrobekov,Midfielder,Midfielder,9,0.0,D,0.2,0.014,20.8,,,0.014,20.8,bench_option,auto_role_rank_heuristic,0.29,,False
72,2026-06-27,Group Stage,K,Uzbekistan,DR Congo,uzbekistan_oston_urunov,Oston Urunov,Midfielder,Midfielder,5,0.15,D,0.2,0.243,32.1,,,0.243,32.1,rotation,auto_role_rank_heuristic,0.327,,False
72,2026-06-27,Group Stage,K,Uzbekistan,DR Congo,uzbekistan_otabek_shukurov,Otabek Shukurov,Midfielder,Midfielder,4,0.1551,D,0.2,0.694,54.3,,,0.694,54.3,probable_starter,auto_role_rank_heuristic,0.329,,False
72,2026-06-27,Group Stage,K,Uzbekistan,DR Congo,uzbekistan_sherzod_esanov,Sherzod Esanov,Midfielder,Midfielder,10,0.0,D,0.2,0.014,20.8,,,0.014,20.8,bench_option,auto_role_rank_heuristic,0.29,,False
22,2026-06-17,Group Stage,L,England,Croatia,england_dan_burn,Dan Burn,Defender,Defender,3,0.7511,A,0.883,0.607,49.0,,,0.607,49.0,probable_starter,auto_role_rank_heuristic,0.877,,False
22,2026-06-17,Group Stage,L,England,Croatia,england_djed_spence,Djed Spence,Defender,Defender,5,0.6651,A,0.871,0.35,32.8,,,0.35,32.8,rotation,auto_role_rank_heuristic,0.851,,False
22,2026-06-17,Group Stage,L,England,Croatia,england_ezri_konsa,Ezri Konsa,Defender,Defender,1,0.8886,A,0.95,0.616,49.6,,,0.616,49.6,probable_starter,auto_role_rank_heuristic,0.88,,False
22,2026-06-17,Group Stage,L,England,Croatia,england_jarell_quansah,Jarell Quansah,Defender,Defender,4,0.6969,A,0.892,0.604,48.8,,,0.604,48.8,probable_starter,auto_role_rank_heuristic,0.866,,False
22,2026-06-17,Group Stage,L,England,Croatia,england_john_stones,John Stones,Defender,Defender,8,0.489,D,0.229,0.044,13.6,,,0.044,13.6,bench_option,auto_role_rank_heuristic,0.422,,False
22,2026-06-17,Group Stage,L,England,Croatia,england_marc_guehi,Marc Guehi,Defender,Defender,2,0.851,A,0.95,0.613,49.4,,,0.613,49.4,probable_starter,auto_role_rank_heuristic,0.88,,False
22,2026-06-17,Group Stage,L,England,Croatia,england_nico_oreilly,Nico Oreilly,Defender,Defender,9,0.2957,D,0.35,0.033,12.9,,,0.033,12.9,bench_option,auto_role_rank_heuristic,0.416,,False
22,2026-06-17,Group Stage,L,England,Croatia,england_reece_james,Reece James,Defender,Defender,6,0.5846,A,0.864,0.346,32.6,,,0.346,32.6,rotation,auto_role_rank_heuristic,0.829,,False
22,2026-06-17,Group Stage,L,England,Croatia,england_tino_livramento,Tino Livramento,Defender,Defender,7,0.4981,A,0.811,0.341,32.3,,,0.341,32.3,rotation,auto_role_rank_heuristic,0.788,,False
22,2026-06-17,Group Stage,L,England,Croatia,england_anthony_gordon,Anthony Gordon,Forward,Forward,6,0.636,A,0.85,0.349,37.3,,,0.349,37.3,rotation,auto_role_rank_heuristic,0.836,,False
22,2026-06-17,Group Stage,L,England,Croatia,england_bukayo_saka,Bukayo Saka,Forward,Forward,2,0.7091,A,0.885,0.576,46.9,,,0.576,46.9,probable_starter,auto_role_rank_heuristic,0.867,,False
22,2026-06-17,Group Stage,L,England,Croatia,england_harry_kane,Harry Kane,Forward,Forward,3,0.7079,A,0.898,0.576,46.9,,,0.576,46.9,probable_starter,auto_role_rank_heuristic,0.871,,False
22,2026-06-17,Group Stage,L,England,Croatia,england_ivan_toney,Ivan Toney,Forward,Forward,4,0.7061,B,0.779,0.323,36.2,,,0.323,36.2,rotation,auto_role_rank_heuristic,0.789,,False
22,2026-06-17,Group Stage,L,England,Croatia,england_marcus_rashford,Marcus Rashford,Forward,Forward,5,0.6856,A,0.847,0.352,37.4,,,0.352,37.4,rotation,auto_role_rank_heuristic,0.848,,False
22,2026-06-17,Group Stage,L,England,Croatia,england_noni_madueke,Noni Madueke,Forward,Forward,7,0.5285,A,0.801,0.342,37.0,,,0.342,37.0,rotation,auto_role_rank_heuristic,0.792,,False
22,2026-06-17,Group Stage,L,England,Croatia,england_ollie_watkins,Ollie Watkins,Forward,Forward,1,0.7139,A,0.937,0.576,46.9,,,0.576,46.9,probable_starter,auto_role_rank_heuristic,0.88,,False
22,2026-06-17,Group Stage,L,England,Croatia,england_dean_henderson,Dean Henderson,Goalkeeper,Goalkeeper,2,0.9187,A,0.95,0.232,18.8,,,0.232,18.8,rotation,auto_role_rank_heuristic,0.88,,False
22,2026-06-17,Group Stage,L,England,Croatia,england_james_trafford,James Trafford,Goalkeeper,Goalkeeper,3,0.5316,D,0.224,0.01,0.8,,,0.01,0.8,bench_option,auto_role_rank_heuristic,0.431,,False
22,2026-06-17,Group Stage,L,England,Croatia,england_jordan_pickford,Jordan Pickford,Goalkeeper,Goalkeeper,1,0.9794,A,0.95,0.695,56.3,,,0.695,56.3,probable_starter,auto_role_rank_heuristic,0.88,,False
22,2026-06-17,Group Stage,L,England,Croatia,england_declan_rice,Declan Rice,Midfielder,Midfielder,1,0.8887,A,0.95,0.601,49.0,,,0.601,49.0,probable_starter,auto_role_rank_heuristic,0.88,,False
22,2026-06-17,Group Stage,L,England,Croatia,england_eberechi_eze,Eberechi Eze,Midfielder,Midfielder,6,0.5773,A,0.858,0.345,36.6,,,0.345,36.6,rotation,auto_role_rank_heuristic,0.825,,False
22,2026-06-17,Group Stage,L,England,Croatia,england_elliot_anderson,Elliot Anderson,Midfielder,Midfielder,3,0.7825,A,0.95,0.595,48.7,,,0.595,48.7,probable_starter,auto_role_rank_heuristic,0.88,,False
22,2026-06-17,Group Stage,L,England,Croatia,england_jordan_henderson,Jordan Henderson,Midfielder,Midfielder,4,0.7012,A,0.86,0.59,48.5,,,0.59,48.5,probable_starter,auto_role_rank_heuristic,0.856,,False
22,2026-06-17,Group Stage,L,England,Croatia,england_jude_bellingham,Jude Bellingham,Midfielder,Midfielder,5,0.6181,A,0.86,0.347,36.7,,,0.347,36.7,rotation,auto_role_rank_heuristic,0.836,,False
22,2026-06-17,Group Stage,L,England,Croatia,england_kobbie_mainoo,Kobbie Mainoo,Midfielder,Midfielder,7,0.547,A,0.839,0.344,36.5,,,0.344,36.5,rotation,auto_role_rank_heuristic,0.81,,False
22,2026-06-17,Group Stage,L,England,Croatia,england_morgan_rogers,Morgan Rogers,Midfielder,Midfielder,2,0.7938,A,0.95,0.596,48.8,,,0.596,48.8,probable_starter,auto_role_rank_heuristic,0.88,,False
22,2026-06-17,Group Stage,L,Croatia,England,croatia_duje_caleta_car,Duje Caleta-Car,Defender,Defender,5,0.6257,A,0.879,0.367,33.8,,,0.367,33.8,rotation,auto_role_rank_heuristic,0.844,,False
22,2026-06-17,Group Stage,L,Croatia,England,croatia_josip_stanisic,Josip Stanisic,Defender,Defender,6,0.6038,A,0.855,0.365,33.7,,,0.365,33.7,rotation,auto_role_rank_heuristic,0.83,,False
22,2026-06-17,Group Stage,L,Croatia,England,croatia_josip_sutalo,Josip Sutalo,Defender,Defender,1,0.7008,B,0.7,0.606,48.8,,,0.606,48.8,probable_starter,auto_role_rank_heuristic,0.76,,False
22,2026-06-17,Group Stage,L,Croatia,England,croatia_josko_gvardiol,Josko Gvardiol,Defender,Defender,2,0.6526,A,0.814,0.634,50.6,,,0.634,50.6,probable_starter,auto_role_rank_heuristic,0.828,,False
22,2026-06-17,Group Stage,L,Croatia,England,croatia_kristijan_jakic,Kristijan Jakic,Defender,Defender,7,0.5027,A,0.838,0.359,33.3,,,0.359,33.3,rotation,auto_role_rank_heuristic,0.799,,False
22,2026-06-17,Group Stage,L,Croatia,England,croatia_luka_vuskovic,Luka Vuskovic,Defender,Defender,3,0.6416,A,0.903,0.633,50.5,,,0.633,50.5,probable_starter,auto_role_rank_heuristic,0.856,,False
22,2026-06-17,Group Stage,L,Croatia,England,croatia_marin_pongracic,Marin Pongracic,Defender,Defender,4,0.6308,A,0.943,0.632,50.4,,,0.632,50.4,probable_starter,auto_role_rank_heuristic,0.868,,False
22,2026-06-17,Group Stage,L,Croatia,England,croatia_martin_erlic,Martin Erlic,Defender,Defender,8,0.4313,C,0.55,0.09,16.4,,,0.09,16.4,bench_option,auto_role_rank_heuristic,0.6,,False
22,2026-06-17,Group Stage,L,Croatia,England,croatia_andrej_kramaric,Andrej Kramaric,Forward,Forward,3,0.6301,A,0.884,0.601,47.8,,,0.601,47.8,probable_starter,auto_role_rank_heuristic,0.847,,False
22,2026-06-17,Group Stage,L,Croatia,England,croatia_ante_budimir,Ante Budimir,Forward,Forward,1,0.7125,A,0.945,0.606,48.0,,,0.606,48.0,probable_starter,auto_role_rank_heuristic,0.88,,False
22,2026-06-17,Group Stage,L,Croatia,England,croatia_igor_matanovic,Igor Matanovic,Forward,Forward,4,0.4802,A,0.831,0.357,37.5,,,0.357,37.5,rotation,auto_role_rank_heuristic,0.791,,False
22,2026-06-17,Group Stage,L,Croatia,England,croatia_ivan_perisic,Ivan Perisic,Forward,Forward,2,0.668,B,0.734,0.572,46.5,,,0.572,46.5,probable_starter,auto_role_rank_heuristic,0.764,,False
22,2026-06-17,Group Stage,L,Croatia,England,croatia_marco_pasalic,Marco Pasalic,Forward,Forward,6,0.324,C,0.443,0.254,33.1,,,0.254,33.1,rotation,auto_role_rank_heuristic,0.536,,False
22,2026-06-17,Group Stage,L,Croatia,England,croatia_petar_musa,Petar Musa,Forward,Forward,5,0.366,B,0.637,0.319,35.9,,,0.319,35.9,rotation,auto_role_rank_heuristic,0.654,,False
22,2026-06-17,Group Stage,L,Croatia,England,croatia_dominik_kotarski,Dominik Kotarski,Goalkeeper,Goalkeeper,1,0.4945,C,0.55,0.609,49.2,,,0.609,49.2,probable_starter,auto_role_rank_heuristic,0.616,,False
22,2026-06-17,Group Stage,L,Croatia,England,croatia_dominik_livakovic,Dominik Livakovic,Goalkeeper,Goalkeeper,2,0.4395,D,0.206,0.074,6.0,,,0.074,6.0,bench_option,auto_role_rank_heuristic,0.402,,False
22,2026-06-17,Group Stage,L,Croatia,England,croatia_ivor_pandur,Ivor Pandur,Goalkeeper,Goalkeeper,3,0.4075,C,0.55,0.026,2.1,,,0.026,2.1,bench_option,auto_role_rank_heuristic,0.594,,False
22,2026-06-17,Group Stage,L,Croatia,England,croatia_luka_modric,Luka Modric,Midfielder,Midfielder,1,0.847,A,0.934,0.631,50.3,,,0.631,50.3,probable_starter,auto_role_rank_heuristic,0.88,,False
22,2026-06-17,Group Stage,L,Croatia,England,croatia_luka_sucic,Luka Sucic,Midfielder,Midfielder,6,0.5783,A,0.785,0.364,37.4,,,0.364,37.4,rotation,auto_role_rank_heuristic,0.799,,False
22,2026-06-17,Group Stage,L,Croatia,England,croatia_mario_pasalic,Mario Pasalic,Midfielder,Midfielder,3,0.7319,A,0.861,0.624,50.0,,,0.624,50.0,probable_starter,auto_role_rank_heuristic,0.864,,False
22,2026-06-17,Group Stage,L,Croatia,England,croatia_martin_baturina,Martin Baturina,Midfielder,Midfielder,8,0.3919,A,0.831,0.352,36.8,,,0.352,36.8,rotation,auto_role_rank_heuristic,0.769,,False
22,2026-06-17,Group Stage,L,Croatia,England,croatia_mateo_kovacic,Mateo Kovacic,Midfielder,Midfielder,7,0.5167,D,0.209,0.219,30.3,,,0.219,30.3,rotation,auto_role_rank_heuristic,0.422,,False
22,2026-06-17,Group Stage,L,Croatia,England,croatia_nikola_moro,Nikola Moro,Midfielder,Midfielder,5,0.6171,A,0.85,0.366,37.5,,,0.366,37.5,rotation,auto_role_rank_heuristic,0.832,,False
22,2026-06-17,Group Stage,L,Croatia,England,croatia_nikola_vlasic,Nikola Vlasic,Midfielder,Midfielder,2,0.8405,A,0.95,0.63,50.3,,,0.63,50.3,probable_starter,auto_role_rank_heuristic,0.88,,False
22,2026-06-17,Group Stage,L,Croatia,England,croatia_petar_sucic,Petar Sucic,Midfielder,Midfielder,4,0.6773,A,0.847,0.62,49.8,,,0.62,49.8,probable_starter,auto_role_rank_heuristic,0.846,,False
22,2026-06-17,Group Stage,L,Croatia,England,croatia_toni_fruk,Toni Fruk,Midfielder,Midfielder,9,0.2306,C,0.55,0.092,24.2,,,0.092,24.2,bench_option,auto_role_rank_heuristic,0.55,,False
21,2026-06-17,Group Stage,L,Ghana,Panama,ghana_abdul_mumin,Abdul Mumin,Defender,Defender,4,0.3997,D,0.205,0.562,46.1,,,0.562,46.1,probable_starter,auto_role_rank_heuristic,0.392,,False
21,2026-06-17,Group Stage,L,Ghana,Panama,ghana_alidu_seidu,Alidu Seidu,Defender,Defender,6,0.3661,A,0.799,0.412,36.7,,,0.412,36.7,rotation,auto_role_rank_heuristic,0.751,,False
21,2026-06-17,Group Stage,L,Ghana,Panama,ghana_baba_rahman,Baba Rahman,Defender,Defender,8,0.0,D,0.2,0.01,11.4,,,0.01,11.4,bench_option,auto_role_rank_heuristic,0.29,,False
21,2026-06-17,Group Stage,L,Ghana,Panama,ghana_derrick_luckassen,Derrick Luckassen,Defender,Defender,9,0.0,D,0.2,0.01,11.4,,,0.01,11.4,bench_option,auto_role_rank_heuristic,0.29,,False
21,2026-06-17,Group Stage,L,Ghana,Panama,ghana_gideon_mensah,Gideon Mensah,Defender,Defender,3,0.5127,A,0.894,0.735,57.0,,,0.735,57.0,probable_starter,auto_role_rank_heuristic,0.821,,False
21,2026-06-17,Group Stage,L,Ghana,Panama,ghana_jerome_opoku,Jerome Opoku,Defender,Defender,1,0.6988,B,0.778,0.712,55.5,,,0.712,55.5,probable_starter,auto_role_rank_heuristic,0.787,,False
21,2026-06-17,Group Stage,L,Ghana,Panama,ghana_jonas_adjetey,Jonas Adjetey,Defender,Defender,7,0.0256,D,0.209,0.222,24.7,,,0.222,24.7,rotation,auto_role_rank_heuristic,0.3,,False
21,2026-06-17,Group Stage,L,Ghana,Panama,ghana_kojo_peprah_oppong,Kojo Peprah Oppong,Defender,Defender,5,0.3863,A,0.902,0.414,36.8,,,0.414,36.8,rotation,auto_role_rank_heuristic,0.792,,False
21,2026-06-17,Group Stage,L,Ghana,Panama,ghana_marvin_senaya,Marvin Senaya,Defender,Defender,2,0.6216,A,0.848,0.743,57.5,,,0.743,57.5,probable_starter,auto_role_rank_heuristic,0.832,,False
21,2026-06-17,Group Stage,L,Ghana,Panama,ghana_brandon_thomas_asante,Brandon Thomas-Asante,Forward,Forward,7,0.0,D,0.2,0.147,28.7,,,0.147,28.7,bench_option,auto_role_rank_heuristic,0.29,,False
21,2026-06-17,Group Stage,L,Ghana,Panama,ghana_christopher_bonsu_baah,Christopher Bonsu Baah,Forward,Forward,1,0.7183,B,0.772,0.676,51.0,,,0.676,51.0,probable_starter,auto_role_rank_heuristic,0.79,,False
21,2026-06-17,Group Stage,L,Ghana,Panama,ghana_ernest_nuamah,Ernest Nuamah,Forward,Forward,5,0.3021,D,0.202,0.242,32.7,,,0.242,32.7,rotation,auto_role_rank_heuristic,0.366,,False
21,2026-06-17,Group Stage,L,Ghana,Panama,ghana_fatawu_issahaku,Fatawu Issahaku,Forward,Forward,8,0.0,D,0.2,0.01,22.9,,,0.01,22.9,bench_option,auto_role_rank_heuristic,0.29,,False
21,2026-06-17,Group Stage,L,Ghana,Panama,ghana_inaki_williams,Inaki Williams,Forward,Forward,2,0.6449,A,0.88,0.708,52.3,,,0.708,52.3,probable_starter,auto_role_rank_heuristic,0.849,,False
21,2026-06-17,Group Stage,L,Ghana,Panama,ghana_jordan_ayew,Jordan Ayew,Forward,Forward,4,0.3508,D,0.35,0.246,32.8,,,0.246,32.8,rotation,auto_role_rank_heuristic,0.43,,False
21,2026-06-17,Group Stage,L,Ghana,Panama,ghana_kamaldeen_sulemana,Kamaldeen Sulemana,Forward,Forward,3,0.4867,A,0.784,0.696,51.8,,,0.696,51.8,probable_starter,auto_role_rank_heuristic,0.776,,False
21,2026-06-17,Group Stage,L,Ghana,Panama,ghana_prince_adu,Prince Adu,Forward,Forward,6,0.277,D,0.35,0.24,32.6,,,0.24,32.6,rotation,auto_role_rank_heuristic,0.412,,False
21,2026-06-17,Group Stage,L,Ghana,Panama,ghana_benjamin_asare,Benjamin Asare,Goalkeeper,Goalkeeper,3,0.0,D,0.2,0.01,0.8,,,0.01,0.8,bench_option,auto_role_rank_heuristic,0.29,,False
21,2026-06-17,Group Stage,L,Ghana,Panama,ghana_joseph_anang,Joseph Anang,Goalkeeper,Goalkeeper,1,0.2607,D,0.35,0.643,52.0,,,0.643,52.0,probable_starter,auto_role_rank_heuristic,0.408,,False
21,2026-06-17,Group Stage,L,Ghana,Panama,ghana_lawrence_ati_zigi,Lawrence Ati Zigi,Goalkeeper,Goalkeeper,2,0.25,C,0.55,0.128,10.3,,,0.128,10.3,bench_option,auto_role_rank_heuristic,0.555,,False
21,2026-06-17,Group Stage,L,Ghana,Panama,ghana_antoine_semenyo,Antoine Semenyo,Midfielder,Midfielder,2,0.7504,A,0.95,0.734,55.4,,,0.734,55.4,probable_starter,auto_role_rank_heuristic,0.88,,False
21,2026-06-17,Group Stage,L,Ghana,Panama,ghana_augustine_boakye,Augustine Boakye,Midfielder,Midfielder,5,0.2248,D,0.35,0.237,31.3,,,0.237,31.3,rotation,auto_role_rank_heuristic,0.399,,False
21,2026-06-17,Group Stage,L,Ghana,Panama,ghana_caleb_yirenkyi,Caleb Yirenkyi,Midfielder,Midfielder,6,0.1857,C,0.55,0.289,33.8,,,0.289,33.8,rotation,auto_role_rank_heuristic,0.539,,False
21,2026-06-17,Group Stage,L,Ghana,Panama,ghana_elisha_owusu,Elisha Owusu,Midfielder,Midfielder,1,0.774,A,0.895,0.736,55.4,,,0.736,55.4,probable_starter,auto_role_rank_heuristic,0.88,,False
21,2026-06-17,Group Stage,L,Ghana,Panama,ghana_kwasi_sibo,Kwasi Sibo,Midfielder,Midfielder,3,0.6391,A,0.84,0.726,55.0,,,0.726,55.0,probable_starter,auto_role_rank_heuristic,0.834,,False
21,2026-06-17,Group Stage,L,Ghana,Panama,ghana_thomas_partey,Thomas Partey,Midfielder,Midfielder,4,0.4297,A,0.778,0.71,54.2,,,0.71,54.2,probable_starter,auto_role_rank_heuristic,0.76,,False
21,2026-06-17,Group Stage,L,Panama,Ghana,panama_amir_murillo,Amir Murillo,Defender,Defender,1,0.4057,C,0.55,0.834,63.9,,,0.834,63.9,locked_starter,auto_role_rank_heuristic,0.594,,False
21,2026-06-17,Group Stage,L,Panama,Ghana,panama_andres_andrade,Andres Andrade,Defender,Defender,4,0.2313,D,0.35,0.744,58.2,,,0.744,58.2,probable_starter,auto_role_rank_heuristic,0.4,,False
21,2026-06-17,Group Stage,L,Panama,Ghana,panama_carlos_harvey,Carlos Harvey,Defender,Defender,9,0.0538,D,0.207,0.03,12.8,,,0.03,12.8,bench_option,auto_role_rank_heuristic,0.306,,False
21,2026-06-17,Group Stage,L,Panama,Ghana,panama_cesar_blackman,Cesar Blackman,Defender,Defender,3,0.29,C,0.55,0.823,63.2,,,0.823,63.2,locked_starter,auto_role_rank_heuristic,0.565,,False
21,2026-06-17,Group Stage,L,Panama,Ghana,panama_edgardo_farina,Edgardo Farina,Defender,Defender,6,0.15,D,0.2,0.214,24.5,,,0.214,24.5,rotation,auto_role_rank_heuristic,0.327,,False
21,2026-06-17,Group Stage,L,Panama,Ghana,panama_eric_davis,Eric Davis,Defender,Defender,8,0.1,D,0.2,0.012,11.7,,,0.012,11.7,bench_option,auto_role_rank_heuristic,0.315,,False
21,2026-06-17,Group Stage,L,Panama,Ghana,panama_fidel_escobar,Fidel Escobar,Defender,Defender,2,0.35,C,0.55,0.829,63.6,,,0.829,63.6,locked_starter,auto_role_rank_heuristic,0.58,,False
21,2026-06-17,Group Stage,L,Panama,Ghana,panama_jiovany_ramos,Jiovany Ramos,Defender,Defender,10,0.0,D,0.2,0.012,11.7,,,0.012,11.7,bench_option,auto_role_rank_heuristic,0.29,,False
21,2026-06-17,Group Stage,L,Panama,Ghana,panama_jorge_gutierrez,Jorge Gutierrez,Defender,Defender,11,0.0,D,0.2,0.012,11.7,,,0.012,11.7,bench_option,auto_role_rank_heuristic,0.29,,False
21,2026-06-17,Group Stage,L,Panama,Ghana,panama_jose_cordoba,Jose Cordoba,Defender,Defender,5,0.175,C,0.55,0.39,35.7,,,0.39,35.7,rotation,auto_role_rank_heuristic,0.536,,False
21,2026-06-17,Group Stage,L,Panama,Ghana,panama_roderick_miller,Roderick Miller,Defender,Defender,7,0.1325,D,0.2,0.212,24.4,,,0.212,24.4,rotation,auto_role_rank_heuristic,0.323,,False
21,2026-06-17,Group Stage,L,Panama,Ghana,panama_azarias_londono,Azarias Londono,Forward,Forward,1,0.01,D,0.2,0.572,47.1,,,0.572,47.1,probable_starter,auto_role_rank_heuristic,0.292,,False
21,2026-06-17,Group Stage,L,Panama,Ghana,panama_cecilio_waterman,Cecilio Waterman,Forward,Forward,2,0.0,D,0.2,0.571,47.1,,,0.571,47.1,probable_starter,auto_role_rank_heuristic,0.29,,False
21,2026-06-17,Group Stage,L,Panama,Ghana,panama_jose_fajardo,Jose Fajardo,Forward,Forward,3,0.0,D,0.2,0.571,47.1,,,0.571,47.1,probable_starter,auto_role_rank_heuristic,0.29,,False
21,2026-06-17,Group Stage,L,Panama,Ghana,panama_tomas_rodriguez,Tomas Rodriguez,Forward,Forward,4,0.0,D,0.2,0.199,31.2,,,0.199,31.2,bench_option,auto_role_rank_heuristic,0.29,,False
21,2026-06-17,Group Stage,L,Panama,Ghana,panama_cesar_samudio,Cesar Samudio,Goalkeeper,Goalkeeper,2,0.0,D,0.2,0.012,1.0,,,0.012,1.0,bench_option,auto_role_rank_heuristic,0.29,,False
21,2026-06-17,Group Stage,L,Panama,Ghana,panama_luis_mejia,Luis Mejia,Goalkeeper,Goalkeeper,3,0.0,D,0.2,0.012,1.0,,,0.012,1.0,bench_option,auto_role_rank_heuristic,0.29,,False
21,2026-06-17,Group Stage,L,Panama,Ghana,panama_orlando_mosquera,Orlando Mosquera,Goalkeeper,Goalkeeper,1,0.432,B,0.79,0.98,80.1,,,0.98,80.1,locked_starter,auto_role_rank_heuristic,0.724,,False
21,2026-06-17,Group Stage,L,Panama,Ghana,panama_adalberto_carrasquilla,Adalberto Carrasquilla,Midfielder,Midfielder,4,0.2042,D,0.35,0.715,55.0,,,0.715,55.0,probable_starter,auto_role_rank_heuristic,0.394,,False
21,2026-06-17,Group Stage,L,Panama,Ghana,panama_alberto_quintero,Alberto Quintero,Midfielder,Midfielder,6,0.1204,D,0.2,0.31,35.2,,,0.31,35.2,rotation,auto_role_rank_heuristic,0.32,,False
21,2026-06-17,Group Stage,L,Panama,Ghana,panama_anibal_godoy,Anibal Godoy,Midfielder,Midfielder,3,0.2193,C,0.453,0.792,58.8,,,0.792,58.8,locked_starter,auto_role_rank_heuristic,0.513,,False
21,2026-06-17,Group Stage,L,Panama,Ghana,panama_cesar_yanis,Cesar Yanis,Midfielder,Midfielder,5,0.142,D,0.35,0.312,35.3,,,0.312,35.3,rotation,auto_role_rank_heuristic,0.378,,False
21,2026-06-17,Group Stage,L,Panama,Ghana,panama_cristian_martinez,Cristian Martinez,Midfielder,Midfielder,7,0.0,D,0.2,0.199,29.7,,,0.199,29.7,bench_option,auto_role_rank_heuristic,0.29,,False
21,2026-06-17,Group Stage,L,Panama,Ghana,panama_edgar_yoel_barcenas,Edgar Yoel Barcenas,Midfielder,Midfielder,8,0.0,D,0.2,0.199,29.7,,,0.199,29.7,bench_option,auto_role_rank_heuristic,0.29,,False
21,2026-06-17,Group Stage,L,Panama,Ghana,panama_ismael_diaz,Ismael Diaz,Midfielder,Midfielder,2,0.23,D,0.2,0.618,50.3,,,0.618,50.3,probable_starter,auto_role_rank_heuristic,0.347,,False
21,2026-06-17,Group Stage,L,Panama,Ghana,panama_jose_luis_rodriguez,Jose Luis Rodriguez,Midfielder,Midfielder,1,0.49,C,0.55,0.818,60.1,,,0.818,60.1,locked_starter,auto_role_rank_heuristic,0.615,,False
45,2026-06-23,Group Stage,L,England,Ghana,england_dan_burn,Dan Burn,Defender,Defender,3,0.7511,A,0.883,0.607,49.0,,,0.607,49.0,probable_starter,auto_role_rank_heuristic,0.877,,False
45,2026-06-23,Group Stage,L,England,Ghana,england_djed_spence,Djed Spence,Defender,Defender,5,0.6651,A,0.871,0.35,32.8,,,0.35,32.8,rotation,auto_role_rank_heuristic,0.851,,False
45,2026-06-23,Group Stage,L,England,Ghana,england_ezri_konsa,Ezri Konsa,Defender,Defender,1,0.8886,A,0.95,0.616,49.6,,,0.616,49.6,probable_starter,auto_role_rank_heuristic,0.88,,False
45,2026-06-23,Group Stage,L,England,Ghana,england_jarell_quansah,Jarell Quansah,Defender,Defender,4,0.6969,A,0.892,0.604,48.8,,,0.604,48.8,probable_starter,auto_role_rank_heuristic,0.866,,False
45,2026-06-23,Group Stage,L,England,Ghana,england_john_stones,John Stones,Defender,Defender,8,0.489,D,0.229,0.044,13.6,,,0.044,13.6,bench_option,auto_role_rank_heuristic,0.422,,False
45,2026-06-23,Group Stage,L,England,Ghana,england_marc_guehi,Marc Guehi,Defender,Defender,2,0.851,A,0.95,0.613,49.4,,,0.613,49.4,probable_starter,auto_role_rank_heuristic,0.88,,False
45,2026-06-23,Group Stage,L,England,Ghana,england_nico_oreilly,Nico Oreilly,Defender,Defender,9,0.2957,D,0.35,0.033,12.9,,,0.033,12.9,bench_option,auto_role_rank_heuristic,0.416,,False
45,2026-06-23,Group Stage,L,England,Ghana,england_reece_james,Reece James,Defender,Defender,6,0.5846,A,0.864,0.346,32.6,,,0.346,32.6,rotation,auto_role_rank_heuristic,0.829,,False
45,2026-06-23,Group Stage,L,England,Ghana,england_tino_livramento,Tino Livramento,Defender,Defender,7,0.4981,A,0.811,0.341,32.3,,,0.341,32.3,rotation,auto_role_rank_heuristic,0.788,,False
45,2026-06-23,Group Stage,L,England,Ghana,england_anthony_gordon,Anthony Gordon,Forward,Forward,6,0.636,A,0.85,0.349,37.3,,,0.349,37.3,rotation,auto_role_rank_heuristic,0.836,,False
45,2026-06-23,Group Stage,L,England,Ghana,england_bukayo_saka,Bukayo Saka,Forward,Forward,2,0.7091,A,0.885,0.576,46.9,,,0.576,46.9,probable_starter,auto_role_rank_heuristic,0.867,,False
45,2026-06-23,Group Stage,L,England,Ghana,england_harry_kane,Harry Kane,Forward,Forward,3,0.7079,A,0.898,0.576,46.9,,,0.576,46.9,probable_starter,auto_role_rank_heuristic,0.871,,False
45,2026-06-23,Group Stage,L,England,Ghana,england_ivan_toney,Ivan Toney,Forward,Forward,4,0.7061,B,0.779,0.323,36.2,,,0.323,36.2,rotation,auto_role_rank_heuristic,0.789,,False
45,2026-06-23,Group Stage,L,England,Ghana,england_marcus_rashford,Marcus Rashford,Forward,Forward,5,0.6856,A,0.847,0.352,37.4,,,0.352,37.4,rotation,auto_role_rank_heuristic,0.848,,False
45,2026-06-23,Group Stage,L,England,Ghana,england_noni_madueke,Noni Madueke,Forward,Forward,7,0.5285,A,0.801,0.342,37.0,,,0.342,37.0,rotation,auto_role_rank_heuristic,0.792,,False
45,2026-06-23,Group Stage,L,England,Ghana,england_ollie_watkins,Ollie Watkins,Forward,Forward,1,0.7139,A,0.937,0.576,46.9,,,0.576,46.9,probable_starter,auto_role_rank_heuristic,0.88,,False
45,2026-06-23,Group Stage,L,England,Ghana,england_dean_henderson,Dean Henderson,Goalkeeper,Goalkeeper,2,0.9187,A,0.95,0.232,18.8,,,0.232,18.8,rotation,auto_role_rank_heuristic,0.88,,False
45,2026-06-23,Group Stage,L,England,Ghana,england_james_trafford,James Trafford,Goalkeeper,Goalkeeper,3,0.5316,D,0.224,0.01,0.8,,,0.01,0.8,bench_option,auto_role_rank_heuristic,0.431,,False
45,2026-06-23,Group Stage,L,England,Ghana,england_jordan_pickford,Jordan Pickford,Goalkeeper,Goalkeeper,1,0.9794,A,0.95,0.695,56.3,,,0.695,56.3,probable_starter,auto_role_rank_heuristic,0.88,,False
45,2026-06-23,Group Stage,L,England,Ghana,england_declan_rice,Declan Rice,Midfielder,Midfielder,1,0.8887,A,0.95,0.601,49.0,,,0.601,49.0,probable_starter,auto_role_rank_heuristic,0.88,,False
45,2026-06-23,Group Stage,L,England,Ghana,england_eberechi_eze,Eberechi Eze,Midfielder,Midfielder,6,0.5773,A,0.858,0.345,36.6,,,0.345,36.6,rotation,auto_role_rank_heuristic,0.825,,False
45,2026-06-23,Group Stage,L,England,Ghana,england_elliot_anderson,Elliot Anderson,Midfielder,Midfielder,3,0.7825,A,0.95,0.595,48.7,,,0.595,48.7,probable_starter,auto_role_rank_heuristic,0.88,,False
45,2026-06-23,Group Stage,L,England,Ghana,england_jordan_henderson,Jordan Henderson,Midfielder,Midfielder,4,0.7012,A,0.86,0.59,48.5,,,0.59,48.5,probable_starter,auto_role_rank_heuristic,0.856,,False
45,2026-06-23,Group Stage,L,England,Ghana,england_jude_bellingham,Jude Bellingham,Midfielder,Midfielder,5,0.6181,A,0.86,0.347,36.7,,,0.347,36.7,rotation,auto_role_rank_heuristic,0.836,,False
45,2026-06-23,Group Stage,L,England,Ghana,england_kobbie_mainoo,Kobbie Mainoo,Midfielder,Midfielder,7,0.547,A,0.839,0.344,36.5,,,0.344,36.5,rotation,auto_role_rank_heuristic,0.81,,False
45,2026-06-23,Group Stage,L,England,Ghana,england_morgan_rogers,Morgan Rogers,Midfielder,Midfielder,2,0.7938,A,0.95,0.596,48.8,,,0.596,48.8,probable_starter,auto_role_rank_heuristic,0.88,,False
45,2026-06-23,Group Stage,L,Ghana,England,ghana_abdul_mumin,Abdul Mumin,Defender,Defender,4,0.3997,D,0.205,0.562,46.1,,,0.562,46.1,probable_starter,auto_role_rank_heuristic,0.392,,False
45,2026-06-23,Group Stage,L,Ghana,England,ghana_alidu_seidu,Alidu Seidu,Defender,Defender,6,0.3661,A,0.799,0.412,36.7,,,0.412,36.7,rotation,auto_role_rank_heuristic,0.751,,False
45,2026-06-23,Group Stage,L,Ghana,England,ghana_baba_rahman,Baba Rahman,Defender,Defender,8,0.0,D,0.2,0.01,11.4,,,0.01,11.4,bench_option,auto_role_rank_heuristic,0.29,,False
45,2026-06-23,Group Stage,L,Ghana,England,ghana_derrick_luckassen,Derrick Luckassen,Defender,Defender,9,0.0,D,0.2,0.01,11.4,,,0.01,11.4,bench_option,auto_role_rank_heuristic,0.29,,False
45,2026-06-23,Group Stage,L,Ghana,England,ghana_gideon_mensah,Gideon Mensah,Defender,Defender,3,0.5127,A,0.894,0.735,57.0,,,0.735,57.0,probable_starter,auto_role_rank_heuristic,0.821,,False
45,2026-06-23,Group Stage,L,Ghana,England,ghana_jerome_opoku,Jerome Opoku,Defender,Defender,1,0.6988,B,0.778,0.712,55.5,,,0.712,55.5,probable_starter,auto_role_rank_heuristic,0.787,,False
45,2026-06-23,Group Stage,L,Ghana,England,ghana_jonas_adjetey,Jonas Adjetey,Defender,Defender,7,0.0256,D,0.209,0.222,24.7,,,0.222,24.7,rotation,auto_role_rank_heuristic,0.3,,False
45,2026-06-23,Group Stage,L,Ghana,England,ghana_kojo_peprah_oppong,Kojo Peprah Oppong,Defender,Defender,5,0.3863,A,0.902,0.414,36.8,,,0.414,36.8,rotation,auto_role_rank_heuristic,0.792,,False
45,2026-06-23,Group Stage,L,Ghana,England,ghana_marvin_senaya,Marvin Senaya,Defender,Defender,2,0.6216,A,0.848,0.743,57.5,,,0.743,57.5,probable_starter,auto_role_rank_heuristic,0.832,,False
45,2026-06-23,Group Stage,L,Ghana,England,ghana_brandon_thomas_asante,Brandon Thomas-Asante,Forward,Forward,7,0.0,D,0.2,0.147,28.7,,,0.147,28.7,bench_option,auto_role_rank_heuristic,0.29,,False
45,2026-06-23,Group Stage,L,Ghana,England,ghana_christopher_bonsu_baah,Christopher Bonsu Baah,Forward,Forward,1,0.7183,B,0.772,0.676,51.0,,,0.676,51.0,probable_starter,auto_role_rank_heuristic,0.79,,False
45,2026-06-23,Group Stage,L,Ghana,England,ghana_ernest_nuamah,Ernest Nuamah,Forward,Forward,5,0.3021,D,0.202,0.242,32.7,,,0.242,32.7,rotation,auto_role_rank_heuristic,0.366,,False
45,2026-06-23,Group Stage,L,Ghana,England,ghana_fatawu_issahaku,Fatawu Issahaku,Forward,Forward,8,0.0,D,0.2,0.01,22.9,,,0.01,22.9,bench_option,auto_role_rank_heuristic,0.29,,False
45,2026-06-23,Group Stage,L,Ghana,England,ghana_inaki_williams,Inaki Williams,Forward,Forward,2,0.6449,A,0.88,0.708,52.3,,,0.708,52.3,probable_starter,auto_role_rank_heuristic,0.849,,False
45,2026-06-23,Group Stage,L,Ghana,England,ghana_jordan_ayew,Jordan Ayew,Forward,Forward,4,0.3508,D,0.35,0.246,32.8,,,0.246,32.8,rotation,auto_role_rank_heuristic,0.43,,False
45,2026-06-23,Group Stage,L,Ghana,England,ghana_kamaldeen_sulemana,Kamaldeen Sulemana,Forward,Forward,3,0.4867,A,0.784,0.696,51.8,,,0.696,51.8,probable_starter,auto_role_rank_heuristic,0.776,,False
45,2026-06-23,Group Stage,L,Ghana,England,ghana_prince_adu,Prince Adu,Forward,Forward,6,0.277,D,0.35,0.24,32.6,,,0.24,32.6,rotation,auto_role_rank_heuristic,0.412,,False
45,2026-06-23,Group Stage,L,Ghana,England,ghana_benjamin_asare,Benjamin Asare,Goalkeeper,Goalkeeper,3,0.0,D,0.2,0.01,0.8,,,0.01,0.8,bench_option,auto_role_rank_heuristic,0.29,,False
45,2026-06-23,Group Stage,L,Ghana,England,ghana_joseph_anang,Joseph Anang,Goalkeeper,Goalkeeper,1,0.2607,D,0.35,0.643,52.0,,,0.643,52.0,probable_starter,auto_role_rank_heuristic,0.408,,False
45,2026-06-23,Group Stage,L,Ghana,England,ghana_lawrence_ati_zigi,Lawrence Ati Zigi,Goalkeeper,Goalkeeper,2,0.25,C,0.55,0.128,10.3,,,0.128,10.3,bench_option,auto_role_rank_heuristic,0.555,,False
45,2026-06-23,Group Stage,L,Ghana,England,ghana_antoine_semenyo,Antoine Semenyo,Midfielder,Midfielder,2,0.7504,A,0.95,0.734,55.4,,,0.734,55.4,probable_starter,auto_role_rank_heuristic,0.88,,False
45,2026-06-23,Group Stage,L,Ghana,England,ghana_augustine_boakye,Augustine Boakye,Midfielder,Midfielder,5,0.2248,D,0.35,0.237,31.3,,,0.237,31.3,rotation,auto_role_rank_heuristic,0.399,,False
45,2026-06-23,Group Stage,L,Ghana,England,ghana_caleb_yirenkyi,Caleb Yirenkyi,Midfielder,Midfielder,6,0.1857,C,0.55,0.289,33.8,,,0.289,33.8,rotation,auto_role_rank_heuristic,0.539,,False
45,2026-06-23,Group Stage,L,Ghana,England,ghana_elisha_owusu,Elisha Owusu,Midfielder,Midfielder,1,0.774,A,0.895,0.736,55.4,,,0.736,55.4,probable_starter,auto_role_rank_heuristic,0.88,,False
45,2026-06-23,Group Stage,L,Ghana,England,ghana_kwasi_sibo,Kwasi Sibo,Midfielder,Midfielder,3,0.6391,A,0.84,0.726,55.0,,,0.726,55.0,probable_starter,auto_role_rank_heuristic,0.834,,False
45,2026-06-23,Group Stage,L,Ghana,England,ghana_thomas_partey,Thomas Partey,Midfielder,Midfielder,4,0.4297,A,0.778,0.71,54.2,,,0.71,54.2,probable_starter,auto_role_rank_heuristic,0.76,,False
46,2026-06-23,Group Stage,L,Panama,Croatia,panama_amir_murillo,Amir Murillo,Defender,Defender,1,0.4057,C,0.55,0.834,63.9,,,0.834,63.9,locked_starter,auto_role_rank_heuristic,0.594,,False
46,2026-06-23,Group Stage,L,Panama,Croatia,panama_andres_andrade,Andres Andrade,Defender,Defender,4,0.2313,D,0.35,0.744,58.2,,,0.744,58.2,probable_starter,auto_role_rank_heuristic,0.4,,False
46,2026-06-23,Group Stage,L,Panama,Croatia,panama_carlos_harvey,Carlos Harvey,Defender,Defender,9,0.0538,D,0.207,0.03,12.8,,,0.03,12.8,bench_option,auto_role_rank_heuristic,0.306,,False
46,2026-06-23,Group Stage,L,Panama,Croatia,panama_cesar_blackman,Cesar Blackman,Defender,Defender,3,0.29,C,0.55,0.823,63.2,,,0.823,63.2,locked_starter,auto_role_rank_heuristic,0.565,,False
46,2026-06-23,Group Stage,L,Panama,Croatia,panama_edgardo_farina,Edgardo Farina,Defender,Defender,6,0.15,D,0.2,0.214,24.5,,,0.214,24.5,rotation,auto_role_rank_heuristic,0.327,,False
46,2026-06-23,Group Stage,L,Panama,Croatia,panama_eric_davis,Eric Davis,Defender,Defender,8,0.1,D,0.2,0.012,11.7,,,0.012,11.7,bench_option,auto_role_rank_heuristic,0.315,,False
46,2026-06-23,Group Stage,L,Panama,Croatia,panama_fidel_escobar,Fidel Escobar,Defender,Defender,2,0.35,C,0.55,0.829,63.6,,,0.829,63.6,locked_starter,auto_role_rank_heuristic,0.58,,False
46,2026-06-23,Group Stage,L,Panama,Croatia,panama_jiovany_ramos,Jiovany Ramos,Defender,Defender,10,0.0,D,0.2,0.012,11.7,,,0.012,11.7,bench_option,auto_role_rank_heuristic,0.29,,False
46,2026-06-23,Group Stage,L,Panama,Croatia,panama_jorge_gutierrez,Jorge Gutierrez,Defender,Defender,11,0.0,D,0.2,0.012,11.7,,,0.012,11.7,bench_option,auto_role_rank_heuristic,0.29,,False
46,2026-06-23,Group Stage,L,Panama,Croatia,panama_jose_cordoba,Jose Cordoba,Defender,Defender,5,0.175,C,0.55,0.39,35.7,,,0.39,35.7,rotation,auto_role_rank_heuristic,0.536,,False
46,2026-06-23,Group Stage,L,Panama,Croatia,panama_roderick_miller,Roderick Miller,Defender,Defender,7,0.1325,D,0.2,0.212,24.4,,,0.212,24.4,rotation,auto_role_rank_heuristic,0.323,,False
46,2026-06-23,Group Stage,L,Panama,Croatia,panama_azarias_londono,Azarias Londono,Forward,Forward,1,0.01,D,0.2,0.572,47.1,,,0.572,47.1,probable_starter,auto_role_rank_heuristic,0.292,,False
46,2026-06-23,Group Stage,L,Panama,Croatia,panama_cecilio_waterman,Cecilio Waterman,Forward,Forward,2,0.0,D,0.2,0.571,47.1,,,0.571,47.1,probable_starter,auto_role_rank_heuristic,0.29,,False
46,2026-06-23,Group Stage,L,Panama,Croatia,panama_jose_fajardo,Jose Fajardo,Forward,Forward,3,0.0,D,0.2,0.571,47.1,,,0.571,47.1,probable_starter,auto_role_rank_heuristic,0.29,,False
46,2026-06-23,Group Stage,L,Panama,Croatia,panama_tomas_rodriguez,Tomas Rodriguez,Forward,Forward,4,0.0,D,0.2,0.199,31.2,,,0.199,31.2,bench_option,auto_role_rank_heuristic,0.29,,False
46,2026-06-23,Group Stage,L,Panama,Croatia,panama_cesar_samudio,Cesar Samudio,Goalkeeper,Goalkeeper,2,0.0,D,0.2,0.012,1.0,,,0.012,1.0,bench_option,auto_role_rank_heuristic,0.29,,False
46,2026-06-23,Group Stage,L,Panama,Croatia,panama_luis_mejia,Luis Mejia,Goalkeeper,Goalkeeper,3,0.0,D,0.2,0.012,1.0,,,0.012,1.0,bench_option,auto_role_rank_heuristic,0.29,,False
46,2026-06-23,Group Stage,L,Panama,Croatia,panama_orlando_mosquera,Orlando Mosquera,Goalkeeper,Goalkeeper,1,0.432,B,0.79,0.98,80.1,,,0.98,80.1,locked_starter,auto_role_rank_heuristic,0.724,,False
46,2026-06-23,Group Stage,L,Panama,Croatia,panama_adalberto_carrasquilla,Adalberto Carrasquilla,Midfielder,Midfielder,4,0.2042,D,0.35,0.715,55.0,,,0.715,55.0,probable_starter,auto_role_rank_heuristic,0.394,,False
46,2026-06-23,Group Stage,L,Panama,Croatia,panama_alberto_quintero,Alberto Quintero,Midfielder,Midfielder,6,0.1204,D,0.2,0.31,35.2,,,0.31,35.2,rotation,auto_role_rank_heuristic,0.32,,False
46,2026-06-23,Group Stage,L,Panama,Croatia,panama_anibal_godoy,Anibal Godoy,Midfielder,Midfielder,3,0.2193,C,0.453,0.792,58.8,,,0.792,58.8,locked_starter,auto_role_rank_heuristic,0.513,,False
46,2026-06-23,Group Stage,L,Panama,Croatia,panama_cesar_yanis,Cesar Yanis,Midfielder,Midfielder,5,0.142,D,0.35,0.312,35.3,,,0.312,35.3,rotation,auto_role_rank_heuristic,0.378,,False
46,2026-06-23,Group Stage,L,Panama,Croatia,panama_cristian_martinez,Cristian Martinez,Midfielder,Midfielder,7,0.0,D,0.2,0.199,29.7,,,0.199,29.7,bench_option,auto_role_rank_heuristic,0.29,,False
46,2026-06-23,Group Stage,L,Panama,Croatia,panama_edgar_yoel_barcenas,Edgar Yoel Barcenas,Midfielder,Midfielder,8,0.0,D,0.2,0.199,29.7,,,0.199,29.7,bench_option,auto_role_rank_heuristic,0.29,,False
46,2026-06-23,Group Stage,L,Panama,Croatia,panama_ismael_diaz,Ismael Diaz,Midfielder,Midfielder,2,0.23,D,0.2,0.618,50.3,,,0.618,50.3,probable_starter,auto_role_rank_heuristic,0.347,,False
46,2026-06-23,Group Stage,L,Panama,Croatia,panama_jose_luis_rodriguez,Jose Luis Rodriguez,Midfielder,Midfielder,1,0.49,C,0.55,0.818,60.1,,,0.818,60.1,locked_starter,auto_role_rank_heuristic,0.615,,False
46,2026-06-23,Group Stage,L,Croatia,Panama,croatia_duje_caleta_car,Duje Caleta-Car,Defender,Defender,5,0.6257,A,0.879,0.367,33.8,,,0.367,33.8,rotation,auto_role_rank_heuristic,0.844,,False
46,2026-06-23,Group Stage,L,Croatia,Panama,croatia_josip_stanisic,Josip Stanisic,Defender,Defender,6,0.6038,A,0.855,0.365,33.7,,,0.365,33.7,rotation,auto_role_rank_heuristic,0.83,,False
46,2026-06-23,Group Stage,L,Croatia,Panama,croatia_josip_sutalo,Josip Sutalo,Defender,Defender,1,0.7008,B,0.7,0.606,48.8,,,0.606,48.8,probable_starter,auto_role_rank_heuristic,0.76,,False
46,2026-06-23,Group Stage,L,Croatia,Panama,croatia_josko_gvardiol,Josko Gvardiol,Defender,Defender,2,0.6526,A,0.814,0.634,50.6,,,0.634,50.6,probable_starter,auto_role_rank_heuristic,0.828,,False
46,2026-06-23,Group Stage,L,Croatia,Panama,croatia_kristijan_jakic,Kristijan Jakic,Defender,Defender,7,0.5027,A,0.838,0.359,33.3,,,0.359,33.3,rotation,auto_role_rank_heuristic,0.799,,False
46,2026-06-23,Group Stage,L,Croatia,Panama,croatia_luka_vuskovic,Luka Vuskovic,Defender,Defender,3,0.6416,A,0.903,0.633,50.5,,,0.633,50.5,probable_starter,auto_role_rank_heuristic,0.856,,False
46,2026-06-23,Group Stage,L,Croatia,Panama,croatia_marin_pongracic,Marin Pongracic,Defender,Defender,4,0.6308,A,0.943,0.632,50.4,,,0.632,50.4,probable_starter,auto_role_rank_heuristic,0.868,,False
46,2026-06-23,Group Stage,L,Croatia,Panama,croatia_martin_erlic,Martin Erlic,Defender,Defender,8,0.4313,C,0.55,0.09,16.4,,,0.09,16.4,bench_option,auto_role_rank_heuristic,0.6,,False
46,2026-06-23,Group Stage,L,Croatia,Panama,croatia_andrej_kramaric,Andrej Kramaric,Forward,Forward,3,0.6301,A,0.884,0.601,47.8,,,0.601,47.8,probable_starter,auto_role_rank_heuristic,0.847,,False
46,2026-06-23,Group Stage,L,Croatia,Panama,croatia_ante_budimir,Ante Budimir,Forward,Forward,1,0.7125,A,0.945,0.606,48.0,,,0.606,48.0,probable_starter,auto_role_rank_heuristic,0.88,,False
46,2026-06-23,Group Stage,L,Croatia,Panama,croatia_igor_matanovic,Igor Matanovic,Forward,Forward,4,0.4802,A,0.831,0.357,37.5,,,0.357,37.5,rotation,auto_role_rank_heuristic,0.791,,False
46,2026-06-23,Group Stage,L,Croatia,Panama,croatia_ivan_perisic,Ivan Perisic,Forward,Forward,2,0.668,B,0.734,0.572,46.5,,,0.572,46.5,probable_starter,auto_role_rank_heuristic,0.764,,False
46,2026-06-23,Group Stage,L,Croatia,Panama,croatia_marco_pasalic,Marco Pasalic,Forward,Forward,6,0.324,C,0.443,0.254,33.1,,,0.254,33.1,rotation,auto_role_rank_heuristic,0.536,,False
46,2026-06-23,Group Stage,L,Croatia,Panama,croatia_petar_musa,Petar Musa,Forward,Forward,5,0.366,B,0.637,0.319,35.9,,,0.319,35.9,rotation,auto_role_rank_heuristic,0.654,,False
46,2026-06-23,Group Stage,L,Croatia,Panama,croatia_dominik_kotarski,Dominik Kotarski,Goalkeeper,Goalkeeper,1,0.4945,C,0.55,0.609,49.2,,,0.609,49.2,probable_starter,auto_role_rank_heuristic,0.616,,False
46,2026-06-23,Group Stage,L,Croatia,Panama,croatia_dominik_livakovic,Dominik Livakovic,Goalkeeper,Goalkeeper,2,0.4395,D,0.206,0.074,6.0,,,0.074,6.0,bench_option,auto_role_rank_heuristic,0.402,,False
46,2026-06-23,Group Stage,L,Croatia,Panama,croatia_ivor_pandur,Ivor Pandur,Goalkeeper,Goalkeeper,3,0.4075,C,0.55,0.026,2.1,,,0.026,2.1,bench_option,auto_role_rank_heuristic,0.594,,False
46,2026-06-23,Group Stage,L,Croatia,Panama,croatia_luka_modric,Luka Modric,Midfielder,Midfielder,1,0.847,A,0.934,0.631,50.3,,,0.631,50.3,probable_starter,auto_role_rank_heuristic,0.88,,False
46,2026-06-23,Group Stage,L,Croatia,Panama,croatia_luka_sucic,Luka Sucic,Midfielder,Midfielder,6,0.5783,A,0.785,0.364,37.4,,,0.364,37.4,rotation,auto_role_rank_heuristic,0.799,,False
46,2026-06-23,Group Stage,L,Croatia,Panama,croatia_mario_pasalic,Mario Pasalic,Midfielder,Midfielder,3,0.7319,A,0.861,0.624,50.0,,,0.624,50.0,probable_starter,auto_role_rank_heuristic,0.864,,False
46,2026-06-23,Group Stage,L,Croatia,Panama,croatia_martin_baturina,Martin Baturina,Midfielder,Midfielder,8,0.3919,A,0.831,0.352,36.8,,,0.352,36.8,rotation,auto_role_rank_heuristic,0.769,,False
46,2026-06-23,Group Stage,L,Croatia,Panama,croatia_mateo_kovacic,Mateo Kovacic,Midfielder,Midfielder,7,0.5167,D,0.209,0.219,30.3,,,0.219,30.3,rotation,auto_role_rank_heuristic,0.422,,False
46,2026-06-23,Group Stage,L,Croatia,Panama,croatia_nikola_moro,Nikola Moro,Midfielder,Midfielder,5,0.6171,A,0.85,0.366,37.5,,,0.366,37.5,rotation,auto_role_rank_heuristic,0.832,,False
46,2026-06-23,Group Stage,L,Croatia,Panama,croatia_nikola_vlasic,Nikola Vlasic,Midfielder,Midfielder,2,0.8405,A,0.95,0.63,50.3,,,0.63,50.3,probable_starter,auto_role_rank_heuristic,0.88,,False
46,2026-06-23,Group Stage,L,Croatia,Panama,croatia_petar_sucic,Petar Sucic,Midfielder,Midfielder,4,0.6773,A,0.847,0.62,49.8,,,0.62,49.8,probable_starter,auto_role_rank_heuristic,0.846,,False
46,2026-06-23,Group Stage,L,Croatia,Panama,croatia_toni_fruk,Toni Fruk,Midfielder,Midfielder,9,0.2306,C,0.55,0.092,24.2,,,0.092,24.2,bench_option,auto_role_rank_heuristic,0.55,,False
67,2026-06-27,Group Stage,L,Panama,England,panama_amir_murillo,Amir Murillo,Defender,Defender,1,0.4057,C,0.55,0.834,63.9,,,0.834,63.9,locked_starter,auto_role_rank_heuristic,0.594,,False
67,2026-06-27,Group Stage,L,Panama,England,panama_andres_andrade,Andres Andrade,Defender,Defender,4,0.2313,D,0.35,0.744,58.2,,,0.744,58.2,probable_starter,auto_role_rank_heuristic,0.4,,False
67,2026-06-27,Group Stage,L,Panama,England,panama_carlos_harvey,Carlos Harvey,Defender,Defender,9,0.0538,D,0.207,0.03,12.8,,,0.03,12.8,bench_option,auto_role_rank_heuristic,0.306,,False
67,2026-06-27,Group Stage,L,Panama,England,panama_cesar_blackman,Cesar Blackman,Defender,Defender,3,0.29,C,0.55,0.823,63.2,,,0.823,63.2,locked_starter,auto_role_rank_heuristic,0.565,,False
67,2026-06-27,Group Stage,L,Panama,England,panama_edgardo_farina,Edgardo Farina,Defender,Defender,6,0.15,D,0.2,0.214,24.5,,,0.214,24.5,rotation,auto_role_rank_heuristic,0.327,,False
67,2026-06-27,Group Stage,L,Panama,England,panama_eric_davis,Eric Davis,Defender,Defender,8,0.1,D,0.2,0.012,11.7,,,0.012,11.7,bench_option,auto_role_rank_heuristic,0.315,,False
67,2026-06-27,Group Stage,L,Panama,England,panama_fidel_escobar,Fidel Escobar,Defender,Defender,2,0.35,C,0.55,0.829,63.6,,,0.829,63.6,locked_starter,auto_role_rank_heuristic,0.58,,False
67,2026-06-27,Group Stage,L,Panama,England,panama_jiovany_ramos,Jiovany Ramos,Defender,Defender,10,0.0,D,0.2,0.012,11.7,,,0.012,11.7,bench_option,auto_role_rank_heuristic,0.29,,False
67,2026-06-27,Group Stage,L,Panama,England,panama_jorge_gutierrez,Jorge Gutierrez,Defender,Defender,11,0.0,D,0.2,0.012,11.7,,,0.012,11.7,bench_option,auto_role_rank_heuristic,0.29,,False
67,2026-06-27,Group Stage,L,Panama,England,panama_jose_cordoba,Jose Cordoba,Defender,Defender,5,0.175,C,0.55,0.39,35.7,,,0.39,35.7,rotation,auto_role_rank_heuristic,0.536,,False
67,2026-06-27,Group Stage,L,Panama,England,panama_roderick_miller,Roderick Miller,Defender,Defender,7,0.1325,D,0.2,0.212,24.4,,,0.212,24.4,rotation,auto_role_rank_heuristic,0.323,,False
67,2026-06-27,Group Stage,L,Panama,England,panama_azarias_londono,Azarias Londono,Forward,Forward,1,0.01,D,0.2,0.572,47.1,,,0.572,47.1,probable_starter,auto_role_rank_heuristic,0.292,,False
67,2026-06-27,Group Stage,L,Panama,England,panama_cecilio_waterman,Cecilio Waterman,Forward,Forward,2,0.0,D,0.2,0.571,47.1,,,0.571,47.1,probable_starter,auto_role_rank_heuristic,0.29,,False
67,2026-06-27,Group Stage,L,Panama,England,panama_jose_fajardo,Jose Fajardo,Forward,Forward,3,0.0,D,0.2,0.571,47.1,,,0.571,47.1,probable_starter,auto_role_rank_heuristic,0.29,,False
67,2026-06-27,Group Stage,L,Panama,England,panama_tomas_rodriguez,Tomas Rodriguez,Forward,Forward,4,0.0,D,0.2,0.199,31.2,,,0.199,31.2,bench_option,auto_role_rank_heuristic,0.29,,False
67,2026-06-27,Group Stage,L,Panama,England,panama_cesar_samudio,Cesar Samudio,Goalkeeper,Goalkeeper,2,0.0,D,0.2,0.012,1.0,,,0.012,1.0,bench_option,auto_role_rank_heuristic,0.29,,False
67,2026-06-27,Group Stage,L,Panama,England,panama_luis_mejia,Luis Mejia,Goalkeeper,Goalkeeper,3,0.0,D,0.2,0.012,1.0,,,0.012,1.0,bench_option,auto_role_rank_heuristic,0.29,,False
67,2026-06-27,Group Stage,L,Panama,England,panama_orlando_mosquera,Orlando Mosquera,Goalkeeper,Goalkeeper,1,0.432,B,0.79,0.98,80.1,,,0.98,80.1,locked_starter,auto_role_rank_heuristic,0.724,,False
67,2026-06-27,Group Stage,L,Panama,England,panama_adalberto_carrasquilla,Adalberto Carrasquilla,Midfielder,Midfielder,4,0.2042,D,0.35,0.715,55.0,,,0.715,55.0,probable_starter,auto_role_rank_heuristic,0.394,,False
67,2026-06-27,Group Stage,L,Panama,England,panama_alberto_quintero,Alberto Quintero,Midfielder,Midfielder,6,0.1204,D,0.2,0.31,35.2,,,0.31,35.2,rotation,auto_role_rank_heuristic,0.32,,False
67,2026-06-27,Group Stage,L,Panama,England,panama_anibal_godoy,Anibal Godoy,Midfielder,Midfielder,3,0.2193,C,0.453,0.792,58.8,,,0.792,58.8,locked_starter,auto_role_rank_heuristic,0.513,,False
67,2026-06-27,Group Stage,L,Panama,England,panama_cesar_yanis,Cesar Yanis,Midfielder,Midfielder,5,0.142,D,0.35,0.312,35.3,,,0.312,35.3,rotation,auto_role_rank_heuristic,0.378,,False
67,2026-06-27,Group Stage,L,Panama,England,panama_cristian_martinez,Cristian Martinez,Midfielder,Midfielder,7,0.0,D,0.2,0.199,29.7,,,0.199,29.7,bench_option,auto_role_rank_heuristic,0.29,,False
67,2026-06-27,Group Stage,L,Panama,England,panama_edgar_yoel_barcenas,Edgar Yoel Barcenas,Midfielder,Midfielder,8,0.0,D,0.2,0.199,29.7,,,0.199,29.7,bench_option,auto_role_rank_heuristic,0.29,,False
67,2026-06-27,Group Stage,L,Panama,England,panama_ismael_diaz,Ismael Diaz,Midfielder,Midfielder,2,0.23,D,0.2,0.618,50.3,,,0.618,50.3,probable_starter,auto_role_rank_heuristic,0.347,,False
67,2026-06-27,Group Stage,L,Panama,England,panama_jose_luis_rodriguez,Jose Luis Rodriguez,Midfielder,Midfielder,1,0.49,C,0.55,0.818,60.1,,,0.818,60.1,locked_starter,auto_role_rank_heuristic,0.615,,False
67,2026-06-27,Group Stage,L,England,Panama,england_dan_burn,Dan Burn,Defender,Defender,3,0.7511,A,0.883,0.607,49.0,,,0.607,49.0,probable_starter,auto_role_rank_heuristic,0.877,,False
67,2026-06-27,Group Stage,L,England,Panama,england_djed_spence,Djed Spence,Defender,Defender,5,0.6651,A,0.871,0.35,32.8,,,0.35,32.8,rotation,auto_role_rank_heuristic,0.851,,False
67,2026-06-27,Group Stage,L,England,Panama,england_ezri_konsa,Ezri Konsa,Defender,Defender,1,0.8886,A,0.95,0.616,49.6,,,0.616,49.6,probable_starter,auto_role_rank_heuristic,0.88,,False
67,2026-06-27,Group Stage,L,England,Panama,england_jarell_quansah,Jarell Quansah,Defender,Defender,4,0.6969,A,0.892,0.604,48.8,,,0.604,48.8,probable_starter,auto_role_rank_heuristic,0.866,,False
67,2026-06-27,Group Stage,L,England,Panama,england_john_stones,John Stones,Defender,Defender,8,0.489,D,0.229,0.044,13.6,,,0.044,13.6,bench_option,auto_role_rank_heuristic,0.422,,False
67,2026-06-27,Group Stage,L,England,Panama,england_marc_guehi,Marc Guehi,Defender,Defender,2,0.851,A,0.95,0.613,49.4,,,0.613,49.4,probable_starter,auto_role_rank_heuristic,0.88,,False
67,2026-06-27,Group Stage,L,England,Panama,england_nico_oreilly,Nico Oreilly,Defender,Defender,9,0.2957,D,0.35,0.033,12.9,,,0.033,12.9,bench_option,auto_role_rank_heuristic,0.416,,False
67,2026-06-27,Group Stage,L,England,Panama,england_reece_james,Reece James,Defender,Defender,6,0.5846,A,0.864,0.346,32.6,,,0.346,32.6,rotation,auto_role_rank_heuristic,0.829,,False
67,2026-06-27,Group Stage,L,England,Panama,england_tino_livramento,Tino Livramento,Defender,Defender,7,0.4981,A,0.811,0.341,32.3,,,0.341,32.3,rotation,auto_role_rank_heuristic,0.788,,False
67,2026-06-27,Group Stage,L,England,Panama,england_anthony_gordon,Anthony Gordon,Forward,Forward,6,0.636,A,0.85,0.349,37.3,,,0.349,37.3,rotation,auto_role_rank_heuristic,0.836,,False
67,2026-06-27,Group Stage,L,England,Panama,england_bukayo_saka,Bukayo Saka,Forward,Forward,2,0.7091,A,0.885,0.576,46.9,,,0.576,46.9,probable_starter,auto_role_rank_heuristic,0.867,,False
67,2026-06-27,Group Stage,L,England,Panama,england_harry_kane,Harry Kane,Forward,Forward,3,0.7079,A,0.898,0.576,46.9,,,0.576,46.9,probable_starter,auto_role_rank_heuristic,0.871,,False
67,2026-06-27,Group Stage,L,England,Panama,england_ivan_toney,Ivan Toney,Forward,Forward,4,0.7061,B,0.779,0.323,36.2,,,0.323,36.2,rotation,auto_role_rank_heuristic,0.789,,False
67,2026-06-27,Group Stage,L,England,Panama,england_marcus_rashford,Marcus Rashford,Forward,Forward,5,0.6856,A,0.847,0.352,37.4,,,0.352,37.4,rotation,auto_role_rank_heuristic,0.848,,False
67,2026-06-27,Group Stage,L,England,Panama,england_noni_madueke,Noni Madueke,Forward,Forward,7,0.5285,A,0.801,0.342,37.0,,,0.342,37.0,rotation,auto_role_rank_heuristic,0.792,,False
67,2026-06-27,Group Stage,L,England,Panama,england_ollie_watkins,Ollie Watkins,Forward,Forward,1,0.7139,A,0.937,0.576,46.9,,,0.576,46.9,probable_starter,auto_role_rank_heuristic,0.88,,False
67,2026-06-27,Group Stage,L,England,Panama,england_dean_henderson,Dean Henderson,Goalkeeper,Goalkeeper,2,0.9187,A,0.95,0.232,18.8,,,0.232,18.8,rotation,auto_role_rank_heuristic,0.88,,False
67,2026-06-27,Group Stage,L,England,Panama,england_james_trafford,James Trafford,Goalkeeper,Goalkeeper,3,0.5316,D,0.224,0.01,0.8,,,0.01,0.8,bench_option,auto_role_rank_heuristic,0.431,,False
67,2026-06-27,Group Stage,L,England,Panama,england_jordan_pickford,Jordan Pickford,Goalkeeper,Goalkeeper,1,0.9794,A,0.95,0.695,56.3,,,0.695,56.3,probable_starter,auto_role_rank_heuristic,0.88,,False
67,2026-06-27,Group Stage,L,England,Panama,england_declan_rice,Declan Rice,Midfielder,Midfielder,1,0.8887,A,0.95,0.601,49.0,,,0.601,49.0,probable_starter,auto_role_rank_heuristic,0.88,,False
67,2026-06-27,Group Stage,L,England,Panama,england_eberechi_eze,Eberechi Eze,Midfielder,Midfielder,6,0.5773,A,0.858,0.345,36.6,,,0.345,36.6,rotation,auto_role_rank_heuristic,0.825,,False
67,2026-06-27,Group Stage,L,England,Panama,england_elliot_anderson,Elliot Anderson,Midfielder,Midfielder,3,0.7825,A,0.95,0.595,48.7,,,0.595,48.7,probable_starter,auto_role_rank_heuristic,0.88,,False
67,2026-06-27,Group Stage,L,England,Panama,england_jordan_henderson,Jordan Henderson,Midfielder,Midfielder,4,0.7012,A,0.86,0.59,48.5,,,0.59,48.5,probable_starter,auto_role_rank_heuristic,0.856,,False
67,2026-06-27,Group Stage,L,England,Panama,england_jude_bellingham,Jude Bellingham,Midfielder,Midfielder,5,0.6181,A,0.86,0.347,36.7,,,0.347,36.7,rotation,auto_role_rank_heuristic,0.836,,False
67,2026-06-27,Group Stage,L,England,Panama,england_kobbie_mainoo,Kobbie Mainoo,Midfielder,Midfielder,7,0.547,A,0.839,0.344,36.5,,,0.344,36.5,rotation,auto_role_rank_heuristic,0.81,,False
67,2026-06-27,Group Stage,L,England,Panama,england_morgan_rogers,Morgan Rogers,Midfielder,Midfielder,2,0.7938,A,0.95,0.596,48.8,,,0.596,48.8,probable_starter,auto_role_rank_heuristic,0.88,,False
68,2026-06-27,Group Stage,L,Croatia,Ghana,croatia_duje_caleta_car,Duje Caleta-Car,Defender,Defender,5,0.6257,A,0.879,0.367,33.8,,,0.367,33.8,rotation,auto_role_rank_heuristic,0.844,,False
68,2026-06-27,Group Stage,L,Croatia,Ghana,croatia_josip_stanisic,Josip Stanisic,Defender,Defender,6,0.6038,A,0.855,0.365,33.7,,,0.365,33.7,rotation,auto_role_rank_heuristic,0.83,,False
68,2026-06-27,Group Stage,L,Croatia,Ghana,croatia_josip_sutalo,Josip Sutalo,Defender,Defender,1,0.7008,B,0.7,0.606,48.8,,,0.606,48.8,probable_starter,auto_role_rank_heuristic,0.76,,False
68,2026-06-27,Group Stage,L,Croatia,Ghana,croatia_josko_gvardiol,Josko Gvardiol,Defender,Defender,2,0.6526,A,0.814,0.634,50.6,,,0.634,50.6,probable_starter,auto_role_rank_heuristic,0.828,,False
68,2026-06-27,Group Stage,L,Croatia,Ghana,croatia_kristijan_jakic,Kristijan Jakic,Defender,Defender,7,0.5027,A,0.838,0.359,33.3,,,0.359,33.3,rotation,auto_role_rank_heuristic,0.799,,False
68,2026-06-27,Group Stage,L,Croatia,Ghana,croatia_luka_vuskovic,Luka Vuskovic,Defender,Defender,3,0.6416,A,0.903,0.633,50.5,,,0.633,50.5,probable_starter,auto_role_rank_heuristic,0.856,,False
68,2026-06-27,Group Stage,L,Croatia,Ghana,croatia_marin_pongracic,Marin Pongracic,Defender,Defender,4,0.6308,A,0.943,0.632,50.4,,,0.632,50.4,probable_starter,auto_role_rank_heuristic,0.868,,False
68,2026-06-27,Group Stage,L,Croatia,Ghana,croatia_martin_erlic,Martin Erlic,Defender,Defender,8,0.4313,C,0.55,0.09,16.4,,,0.09,16.4,bench_option,auto_role_rank_heuristic,0.6,,False
68,2026-06-27,Group Stage,L,Croatia,Ghana,croatia_andrej_kramaric,Andrej Kramaric,Forward,Forward,3,0.6301,A,0.884,0.601,47.8,,,0.601,47.8,probable_starter,auto_role_rank_heuristic,0.847,,False
68,2026-06-27,Group Stage,L,Croatia,Ghana,croatia_ante_budimir,Ante Budimir,Forward,Forward,1,0.7125,A,0.945,0.606,48.0,,,0.606,48.0,probable_starter,auto_role_rank_heuristic,0.88,,False
68,2026-06-27,Group Stage,L,Croatia,Ghana,croatia_igor_matanovic,Igor Matanovic,Forward,Forward,4,0.4802,A,0.831,0.357,37.5,,,0.357,37.5,rotation,auto_role_rank_heuristic,0.791,,False
68,2026-06-27,Group Stage,L,Croatia,Ghana,croatia_ivan_perisic,Ivan Perisic,Forward,Forward,2,0.668,B,0.734,0.572,46.5,,,0.572,46.5,probable_starter,auto_role_rank_heuristic,0.764,,False
68,2026-06-27,Group Stage,L,Croatia,Ghana,croatia_marco_pasalic,Marco Pasalic,Forward,Forward,6,0.324,C,0.443,0.254,33.1,,,0.254,33.1,rotation,auto_role_rank_heuristic,0.536,,False
68,2026-06-27,Group Stage,L,Croatia,Ghana,croatia_petar_musa,Petar Musa,Forward,Forward,5,0.366,B,0.637,0.319,35.9,,,0.319,35.9,rotation,auto_role_rank_heuristic,0.654,,False
68,2026-06-27,Group Stage,L,Croatia,Ghana,croatia_dominik_kotarski,Dominik Kotarski,Goalkeeper,Goalkeeper,1,0.4945,C,0.55,0.609,49.2,,,0.609,49.2,probable_starter,auto_role_rank_heuristic,0.616,,False
68,2026-06-27,Group Stage,L,Croatia,Ghana,croatia_dominik_livakovic,Dominik Livakovic,Goalkeeper,Goalkeeper,2,0.4395,D,0.206,0.074,6.0,,,0.074,6.0,bench_option,auto_role_rank_heuristic,0.402,,False
68,2026-06-27,Group Stage,L,Croatia,Ghana,croatia_ivor_pandur,Ivor Pandur,Goalkeeper,Goalkeeper,3,0.4075,C,0.55,0.026,2.1,,,0.026,2.1,bench_option,auto_role_rank_heuristic,0.594,,False
68,2026-06-27,Group Stage,L,Croatia,Ghana,croatia_luka_modric,Luka Modric,Midfielder,Midfielder,1,0.847,A,0.934,0.631,50.3,,,0.631,50.3,probable_starter,auto_role_rank_heuristic,0.88,,False
68,2026-06-27,Group Stage,L,Croatia,Ghana,croatia_luka_sucic,Luka Sucic,Midfielder,Midfielder,6,0.5783,A,0.785,0.364,37.4,,,0.364,37.4,rotation,auto_role_rank_heuristic,0.799,,False
68,2026-06-27,Group Stage,L,Croatia,Ghana,croatia_mario_pasalic,Mario Pasalic,Midfielder,Midfielder,3,0.7319,A,0.861,0.624,50.0,,,0.624,50.0,probable_starter,auto_role_rank_heuristic,0.864,,False
68,2026-06-27,Group Stage,L,Croatia,Ghana,croatia_martin_baturina,Martin Baturina,Midfielder,Midfielder,8,0.3919,A,0.831,0.352,36.8,,,0.352,36.8,rotation,auto_role_rank_heuristic,0.769,,False
68,2026-06-27,Group Stage,L,Croatia,Ghana,croatia_mateo_kovacic,Mateo Kovacic,Midfielder,Midfielder,7,0.5167,D,0.209,0.219,30.3,,,0.219,30.3,rotation,auto_role_rank_heuristic,0.422,,False
68,2026-06-27,Group Stage,L,Croatia,Ghana,croatia_nikola_moro,Nikola Moro,Midfielder,Midfielder,5,0.6171,A,0.85,0.366,37.5,,,0.366,37.5,rotation,auto_role_rank_heuristic,0.832,,False
68,2026-06-27,Group Stage,L,Croatia,Ghana,croatia_nikola_vlasic,Nikola Vlasic,Midfielder,Midfielder,2,0.8405,A,0.95,0.63,50.3,,,0.63,50.3,probable_starter,auto_role_rank_heuristic,0.88,,False
68,2026-06-27,Group Stage,L,Croatia,Ghana,croatia_petar_sucic,Petar Sucic,Midfielder,Midfielder,4,0.6773,A,0.847,0.62,49.8,,,0.62,49.8,probable_starter,auto_role_rank_heuristic,0.846,,False
68,2026-06-27,Group Stage,L,Croatia,Ghana,croatia_toni_fruk,Toni Fruk,Midfielder,Midfielder,9,0.2306,C,0.55,0.092,24.2,,,0.092,24.2,bench_option,auto_role_rank_heuristic,0.55,,False
68,2026-06-27,Group Stage,L,Ghana,Croatia,ghana_abdul_mumin,Abdul Mumin,Defender,Defender,4,0.3997,D,0.205,0.562,46.1,,,0.562,46.1,probable_starter,auto_role_rank_heuristic,0.392,,False
68,2026-06-27,Group Stage,L,Ghana,Croatia,ghana_alidu_seidu,Alidu Seidu,Defender,Defender,6,0.3661,A,0.799,0.412,36.7,,,0.412,36.7,rotation,auto_role_rank_heuristic,0.751,,False
68,2026-06-27,Group Stage,L,Ghana,Croatia,ghana_baba_rahman,Baba Rahman,Defender,Defender,8,0.0,D,0.2,0.01,11.4,,,0.01,11.4,bench_option,auto_role_rank_heuristic,0.29,,False
68,2026-06-27,Group Stage,L,Ghana,Croatia,ghana_derrick_luckassen,Derrick Luckassen,Defender,Defender,9,0.0,D,0.2,0.01,11.4,,,0.01,11.4,bench_option,auto_role_rank_heuristic,0.29,,False
68,2026-06-27,Group Stage,L,Ghana,Croatia,ghana_gideon_mensah,Gideon Mensah,Defender,Defender,3,0.5127,A,0.894,0.735,57.0,,,0.735,57.0,probable_starter,auto_role_rank_heuristic,0.821,,False
68,2026-06-27,Group Stage,L,Ghana,Croatia,ghana_jerome_opoku,Jerome Opoku,Defender,Defender,1,0.6988,B,0.778,0.712,55.5,,,0.712,55.5,probable_starter,auto_role_rank_heuristic,0.787,,False
68,2026-06-27,Group Stage,L,Ghana,Croatia,ghana_jonas_adjetey,Jonas Adjetey,Defender,Defender,7,0.0256,D,0.209,0.222,24.7,,,0.222,24.7,rotation,auto_role_rank_heuristic,0.3,,False
68,2026-06-27,Group Stage,L,Ghana,Croatia,ghana_kojo_peprah_oppong,Kojo Peprah Oppong,Defender,Defender,5,0.3863,A,0.902,0.414,36.8,,,0.414,36.8,rotation,auto_role_rank_heuristic,0.792,,False
68,2026-06-27,Group Stage,L,Ghana,Croatia,ghana_marvin_senaya,Marvin Senaya,Defender,Defender,2,0.6216,A,0.848,0.743,57.5,,,0.743,57.5,probable_starter,auto_role_rank_heuristic,0.832,,False
68,2026-06-27,Group Stage,L,Ghana,Croatia,ghana_brandon_thomas_asante,Brandon Thomas-Asante,Forward,Forward,7,0.0,D,0.2,0.147,28.7,,,0.147,28.7,bench_option,auto_role_rank_heuristic,0.29,,False
68,2026-06-27,Group Stage,L,Ghana,Croatia,ghana_christopher_bonsu_baah,Christopher Bonsu Baah,Forward,Forward,1,0.7183,B,0.772,0.676,51.0,,,0.676,51.0,probable_starter,auto_role_rank_heuristic,0.79,,False
68,2026-06-27,Group Stage,L,Ghana,Croatia,ghana_ernest_nuamah,Ernest Nuamah,Forward,Forward,5,0.3021,D,0.202,0.242,32.7,,,0.242,32.7,rotation,auto_role_rank_heuristic,0.366,,False
68,2026-06-27,Group Stage,L,Ghana,Croatia,ghana_fatawu_issahaku,Fatawu Issahaku,Forward,Forward,8,0.0,D,0.2,0.01,22.9,,,0.01,22.9,bench_option,auto_role_rank_heuristic,0.29,,False
68,2026-06-27,Group Stage,L,Ghana,Croatia,ghana_inaki_williams,Inaki Williams,Forward,Forward,2,0.6449,A,0.88,0.708,52.3,,,0.708,52.3,probable_starter,auto_role_rank_heuristic,0.849,,False
68,2026-06-27,Group Stage,L,Ghana,Croatia,ghana_jordan_ayew,Jordan Ayew,Forward,Forward,4,0.3508,D,0.35,0.246,32.8,,,0.246,32.8,rotation,auto_role_rank_heuristic,0.43,,False
68,2026-06-27,Group Stage,L,Ghana,Croatia,ghana_kamaldeen_sulemana,Kamaldeen Sulemana,Forward,Forward,3,0.4867,A,0.784,0.696,51.8,,,0.696,51.8,probable_starter,auto_role_rank_heuristic,0.776,,False
68,2026-06-27,Group Stage,L,Ghana,Croatia,ghana_prince_adu,Prince Adu,Forward,Forward,6,0.277,D,0.35,0.24,32.6,,,0.24,32.6,rotation,auto_role_rank_heuristic,0.412,,False
68,2026-06-27,Group Stage,L,Ghana,Croatia,ghana_benjamin_asare,Benjamin Asare,Goalkeeper,Goalkeeper,3,0.0,D,0.2,0.01,0.8,,,0.01,0.8,bench_option,auto_role_rank_heuristic,0.29,,False
68,2026-06-27,Group Stage,L,Ghana,Croatia,ghana_joseph_anang,Joseph Anang,Goalkeeper,Goalkeeper,1,0.2607,D,0.35,0.643,52.0,,,0.643,52.0,probable_starter,auto_role_rank_heuristic,0.408,,False
68,2026-06-27,Group Stage,L,Ghana,Croatia,ghana_lawrence_ati_zigi,Lawrence Ati Zigi,Goalkeeper,Goalkeeper,2,0.25,C,0.55,0.128,10.3,,,0.128,10.3,bench_option,auto_role_rank_heuristic,0.555,,False
68,2026-06-27,Group Stage,L,Ghana,Croatia,ghana_antoine_semenyo,Antoine Semenyo,Midfielder,Midfielder,2,0.7504,A,0.95,0.734,55.4,,,0.734,55.4,probable_starter,auto_role_rank_heuristic,0.88,,False
68,2026-06-27,Group Stage,L,Ghana,Croatia,ghana_augustine_boakye,Augustine Boakye,Midfielder,Midfielder,5,0.2248,D,0.35,0.237,31.3,,,0.237,31.3,rotation,auto_role_rank_heuristic,0.399,,False
68,2026-06-27,Group Stage,L,Ghana,Croatia,ghana_caleb_yirenkyi,Caleb Yirenkyi,Midfielder,Midfielder,6,0.1857,C,0.55,0.289,33.8,,,0.289,33.8,rotation,auto_role_rank_heuristic,0.539,,False
68,2026-06-27,Group Stage,L,Ghana,Croatia,ghana_elisha_owusu,Elisha Owusu,Midfielder,Midfielder,1,0.774,A,0.895,0.736,55.4,,,0.736,55.4,probable_starter,auto_role_rank_heuristic,0.88,,False
68,2026-06-27,Group Stage,L,Ghana,Croatia,ghana_kwasi_sibo,Kwasi Sibo,Midfielder,Midfielder,3,0.6391,A,0.84,0.726,55.0,,,0.726,55.0,probable_starter,auto_role_rank_heuristic,0.834,,False
68,2026-06-27,Group Stage,L,Ghana,Croatia,ghana_thomas_partey,Thomas Partey,Midfielder,Midfielder,4,0.4297,A,0.778,0.71,54.2,,,0.71,54.2,probable_starter,auto_role_rank_heuristic,0.76,,False
