player_key,team_id,team_canonical,player_name,club_from_squad,position_broad,transfermarkt_player_id,transfermarkt_name,transfermarkt_url,match_confidence,match_method,source_needs_manual_review,age,height_cm,foot,position_detail,market_value_eur,current_club_transfermarkt,player_name_normalized,club_normalized,fbref_url,statsbomb_player_id,needs_manual_review,source,date_of_birth,source_review_notes,performance_rows,seasons_with_performance,recent_teams,recent_minutes,recent_squad_apps,recent_appearances,recent_starts,recent_sub_ins,recent_goals,recent_assists,recent_yellow_cards,recent_red_cards,recent_penalty_goals,recent_goals_conceded,recent_clean_sheets,minutes_per_appearance,start_rate_recent,appearance_rate_recent,expected_minutes_baseline,goals_per90,assists_per90,yellow_cards_per90,red_cards_per90,penalty_goals_per90,goals_conceded_per90,clean_sheets_per90,international_caps,international_goals,international_goals_per_cap,has_transfermarkt_profile,has_recent_performance,has_minimum_prop_minutes,is_goalkeeper,can_model_cards_v0,can_model_goal_or_assist_v0,can_model_goalkeeper_conceded_proxy_v0,has_shots_data,has_shots_on_target_data,has_tackles_data,has_saves_data,needs_fbref_for_shots,needs_fbref_for_tackles,needs_external_for_goalkeeper_saves
algeria_achraf_abada,team_algeria,Algeria,Achraf Abada,USM Alger (ALG),Defender,949929,Achref Abada,https://www.transfermarkt.co.uk/achref-abada/profil/spieler/949929,0.845,near_name,True,26.0,187.0,right,Centre-Back,,,achraf abada,usm alger alg,,,False,wc2026_official_squad_corrected,1999-06-15 00:00:00,,,,,,,,,,,,,,,,,,,,,,,,,,,,,,,True,False,False,False,False,False,False,False,False,False,False,True,True,False
algeria_aissa_mandi,team_algeria,Algeria,Aissa Mandi,Lille OSC (FRA),Defender,80293,Aïssa Mandi,https://www.transfermarkt.co.uk/aissa-mandi/profil/spieler/80293,0.91,exact_name,True,34.0,186.0,right,Centre-Back,1800000.0,Lille Olympique Sporting Club,aissa mandi,lille osc fra,,,False,wc2026_official_squad_corrected,1991-10-22 00:00:00,,8.0,3.0,2.0,1114.0,88.0,54.0,43.0,11.0,1.0,0.0,8.0,2.0,0.0,0.0,0.0,20.62962962962963,0.48863636363636365,0.6136363636363636,12.659090909090908,0.08078994614003591,0.0,0.6463195691202873,0.16157989228007183,0.0,0.0,0.0,102.0,6.0,0.058823529411764705,True,True,True,False,True,True,False,False,False,False,False,True,True,False
algeria_jaouen_hadjam,team_algeria,Algeria,Jaouen Hadjam,BSC Young Boys (SUI),Defender,750903,Jaouen Hadjam,https://www.transfermarkt.co.uk/jaouen-hadjam/profil/spieler/750903,0.91,exact_name,True,23.0,185.0,left,Left-Back,2000000.0,Berner Sport Club Young Boys,jaouen hadjam,bsc young boys sui,,,False,wc2026_official_squad_corrected,2003-03-26 00:00:00,,11.0,3.0,2.0,1772.0,90.0,81.0,60.0,21.0,4.0,3.0,18.0,1.0,0.0,0.0,0.0,21.876543209876544,0.6666666666666666,0.9,19.68888888888889,0.20316027088036115,0.1523702031602709,0.9142212189616252,0.05079006772009029,0.0,0.0,0.0,,,,True,True,True,False,True,True,False,False,False,False,False,True,True,False
algeria_mohamed_amine_tougai,team_algeria,Algeria,Mohamed Amine Tougai,Espérance De Tunisie (TUN),Defender,592396,Mohamed Amine Tougai,https://www.transfermarkt.co.uk/mohamed-amine-tougai/profil/spieler/592396,0.91,exact_name,True,26.0,191.0,right,Centre-Back,,,mohamed amine tougai,esperance de tunisie tun,,,False,wc2026_official_squad_corrected,2000-01-22 00:00:00,,,,,,,,,,,,,,,,,,,,,,,,,,,,,,,True,False,False,False,False,False,False,False,False,False,False,True,True,False
algeria_rafik_belghali,team_algeria,Algeria,Rafik Belghali,Hellas Verona FC (ITA),Defender,864306,Rafik Belghali,https://www.transfermarkt.co.uk/rafik-belghali/profil/spieler/864306,0.91,exact_name,True,24.0,180.0,right,Right-Back,7000000.0,Verona Hellas Football Club,rafik belghali,hellas verona fc ita,,,False,wc2026_official_squad_corrected,2002-06-07 00:00:00,,,,,,,,,,,,,,,,,,,,,,,,,,,,,,,True,False,False,False,False,False,False,False,False,False,False,True,True,False
algeria_ramy_bensebaini,team_algeria,Algeria,Ramy Bensebaini,Borussia Dortmund (GER),Defender,284732,Ramy Bensebaini,https://www.transfermarkt.co.uk/ramy-bensebaini/profil/spieler/284732,0.99,exact_name,False,31.0,187.0,left,Centre-Back,7000000.0,Borussia Dortmund,ramy bensebaini,borussia dortmund ger,,,False,wc2026_official_squad_corrected,1995-04-16 00:00:00,,8.0,3.0,1.0,2395.0,79.0,72.0,51.0,21.0,3.0,9.0,15.0,1.0,0.0,0.0,0.0,33.263888888888886,0.6455696202531646,0.9113924050632911,30.31645569620253,0.1127348643006263,0.33820459290187893,0.5636743215031316,0.03757828810020877,0.0,0.0,0.0,70.0,7.0,0.1,True,True,True,False,True,True,False,False,False,False,False,True,True,False
algeria_rayan_ait_nouri,team_algeria,Algeria,Rayan Ait-Nouri,Manchester City FC (ENG),Defender,578391,Rayan Aït-Nouri,https://www.transfermarkt.co.uk/rayan-ait-nouri/profil/spieler/578391,0.91,exact_name,True,25.0,180.0,left,Left-Back,40000000.0,Manchester City Football Club,rayan ait nouri,manchester city fc eng,,,False,wc2026_official_squad_corrected,2001-06-06 00:00:00,,7.0,3.0,2.0,2371.0,82.0,82.0,75.0,7.0,8.0,11.0,15.0,1.0,0.0,0.0,0.0,28.914634146341463,0.9146341463414634,1.0,28.914634146341463,0.30366933783213834,0.4175453395191902,0.5693800084352594,0.03795866722901729,0.0,0.0,0.0,27.0,0.0,0.0,True,True,True,False,True,True,False,False,False,False,False,True,True,False
algeria_samir_chergui,team_algeria,Algeria,Samir Chergui,Paris FC (FRA),Defender,668167,Samir Chergui,https://www.transfermarkt.co.uk/samir-chergui/profil/spieler/668167,0.91,exact_name,True,27.0,185.0,right,Centre-Back,,Paris Football Club,samir chergui,paris fc fra,,,False,wc2026_official_squad_corrected,1999-02-06 00:00:00,,3.0,3.0,1.0,573.0,34.0,31.0,25.0,6.0,1.0,0.0,5.0,0.0,0.0,0.0,0.0,18.483870967741936,0.7352941176470589,0.9117647058823529,16.852941176470587,0.15706806282722513,0.0,0.7853403141361257,0.0,0.0,0.0,0.0,,,,True,True,True,False,True,True,False,False,False,False,False,True,True,False
algeria_zineddine_belaid,team_algeria,Algeria,Zineddine Belaid,JS Kabylie (ALG),Defender,625142,Zineddine Belaid,https://www.transfermarkt.co.uk/zineddine-belaid/profil/spieler/625142,0.91,exact_name,True,27.0,187.0,right,Centre-Back,1200000.0,,zineddine belaid,js kabylie alg,,,False,wc2026_official_squad_corrected,1999-03-20 00:00:00,,,,,,,,,,,,,,,,,,,,,,,,,,,,,,,True,False,False,False,False,False,False,False,False,False,False,True,True,False
algeria_adil_boulbina,team_algeria,Algeria,Adil Boulbina,Al Duhail SC (QAT),Forward,748443,Adil Boulbina,https://www.transfermarkt.co.uk/adil-boulbina/profil/spieler/748443,0.91,exact_name,True,23.0,179.0,right,Left Winger,,,adil boulbina,al duhail sc qat,,,False,wc2026_official_squad_corrected,2003-05-02 00:00:00,,,,,,,,,,,,,,,,,,,,,,,,,,,,,,,True,False,False,False,False,False,False,False,False,False,False,True,True,False
algeria_amine_gouiri,team_algeria,Algeria,Amine Gouiri,Olympique Marseille (FRA),Forward,418659,Amine Gouiri,https://www.transfermarkt.co.uk/amine-gouiri/profil/spieler/418659,0.95,exact_name,False,26.0,181.0,right,Centre-Forward,28000000.0,Olympique de Marseille,amine gouiri,olympique marseille fra,,,False,wc2026_official_squad_corrected,2000-02-16 00:00:00,,7.0,3.0,2.0,1036.0,81.0,77.0,56.0,21.0,24.0,8.0,6.0,0.0,0.0,0.0,0.0,13.454545454545455,0.691358024691358,0.9506172839506173,12.790123456790123,2.0849420849420848,0.694980694980695,0.5212355212355212,0.0,0.0,0.0,0.0,84.0,53.0,0.6309523809523809,True,True,True,False,True,True,False,False,False,False,False,True,True,False
algeria_anis_hadj_moussa,team_algeria,Algeria,Anis Hadj Moussa,Feyenoord Rotterdam (NED),Forward,917911,Anis Hadj Moussa,https://www.transfermarkt.co.uk/anis-hadj-moussa/profil/spieler/917911,0.99,exact_name,False,24.0,176.0,left,Right Winger,2000000.0,Feyenoord Rotterdam,anis hadj moussa,feyenoord rotterdam ned,,,False,wc2026_official_squad_corrected,2002-02-11 00:00:00,,11.0,3.0,4.0,2802.0,90.0,82.0,61.0,21.0,16.0,10.0,10.0,0.0,0.0,0.0,0.0,34.170731707317074,0.6777777777777778,0.9111111111111111,31.133333333333333,0.5139186295503212,0.32119914346895073,0.32119914346895073,0.0,0.0,0.0,0.0,,,,True,True,True,False,True,True,False,False,False,False,False,True,True,False
algeria_fares_ghedjemis,team_algeria,Algeria,Fares Ghedjemis,Frosinone (ITA),Forward,888738,Farès Ghedjemis,https://www.transfermarkt.co.uk/fares-ghedjemis/profil/spieler/888738,0.87,exact_name,True,23.0,183.0,left,Right Winger,600000.0,Frosinone Calcio,fares ghedjemis,frosinone ita,,,False,wc2026_official_squad_corrected,2002-09-06 00:00:00,,8.0,3.0,2.0,1073.0,74.0,51.0,35.0,16.0,7.0,5.0,2.0,0.0,0.0,0.0,0.0,21.03921568627451,0.47297297297297297,0.6891891891891891,14.5,0.587138863000932,0.4193849021435228,0.16775396085740912,0.0,0.0,0.0,0.0,,,,True,True,True,False,True,True,False,False,False,False,False,True,True,False
algeria_mohamed_amoura,team_algeria,Algeria,Mohamed Amoura,VfL Wolfsburg (GER),Forward,746910,Mohamed Amoura,https://www.transfermarkt.co.uk/mohamed-amoura/profil/spieler/746910,0.91,exact_name,True,26.0,170.0,right,Centre-Forward,32000000.0,Verein für Leibesübungen Wolfsburg,mohamed amoura,vfl wolfsburg ger,,,False,wc2026_official_squad_corrected,2000-05-09 00:00:00,,9.0,3.0,3.0,1628.0,85.0,84.0,68.0,16.0,34.0,20.0,18.0,0.0,4.0,0.0,0.0,19.38095238095238,0.8,0.9882352941176471,19.152941176470588,1.8796068796068794,1.1056511056511056,0.995085995085995,0.0,0.22113022113022113,0.0,0.0,32.0,13.0,0.40625,True,True,True,False,True,True,False,False,False,False,False,True,True,False
algeria_nadhir_benbouali,team_algeria,Algeria,Nadhir Benbouali,Györi ETO FC (HUN),Forward,840254,Nadhir Benbouali,https://www.transfermarkt.co.uk/nadhir-benbouali/profil/spieler/840254,0.91,exact_name,True,26.0,190.0,left,Centre-Forward,600000.0,Royal Charleroi Sporting Club,nadhir benbouali,gyori eto fc hun,,,False,wc2026_official_squad_corrected,2000-04-17 00:00:00,,,,,,,,,,,,,,,,,,,,,,,,,,,,,,,True,False,False,False,False,False,False,False,False,False,False,True,True,False
algeria_riyad_mahrez,team_algeria,Algeria,Riyad Mahrez,Al Ahli FC (KSA),Forward,171424,Riyad Mahrez,https://www.transfermarkt.co.uk/riyad-mahrez/profil/spieler/171424,0.91,exact_name,True,35.0,179.0,left,Right Winger,18000000.0,Al-Ahli Saudi Football Club,riyad mahrez,al ahli fc ksa,,,False,wc2026_official_squad_corrected,1991-02-21 00:00:00,,8.0,3.0,1.0,808.0,83.0,83.0,83.0,0.0,29.0,38.0,6.0,0.0,6.0,0.0,0.0,9.734939759036145,1.0,1.0,9.734939759036145,3.2301980198019797,4.232673267326732,0.6683168316831682,0.0,0.6683168316831682,0.0,0.0,97.0,31.0,0.31958762886597936,True,True,True,False,True,True,False,False,False,False,False,True,True,False
algeria_luca_zidane,team_algeria,Algeria,Luca Zidane,Granada CF (ESP),Goalkeeper,283489,Luca Zidane,https://www.transfermarkt.co.uk/luca-zidane/profil/spieler/283489,0.95,exact_name,False,28.0,183.0,right,Goalkeeper,2000000.0,Granada CF,luca zidane,granada cf esp,,,False,wc2026_official_squad_corrected,1998-05-13 00:00:00,,6.0,3.0,2.0,5967.0,82.0,66.0,66.0,0.0,0.0,1.0,3.0,0.0,0.0,84.0,19.0,90.4090909090909,0.8048780487804879,0.8048780487804879,72.76829268292683,0.0,0.015082956259426848,0.045248868778280535,0.0,0.0,1.2669683257918551,0.28657616892911014,,,,True,True,True,True,True,False,True,False,False,False,False,False,True,True
algeria_melvin_mastil,team_algeria,Algeria,Melvin Mastil,FC Stade Nyonnais (SUI),Goalkeeper,,,,0.0,unmatched,True,,,,,,,melvin mastil,fc stade nyonnais sui,,,False,wc2026_official_squad_corrected,,,,,,,,,,,,,,,,,,,,,,,,,,,,,,,,False,False,False,True,False,False,False,False,False,False,False,False,True,True
algeria_oussama_benbot,team_algeria,Algeria,Oussama Benbot,USM Alger (ALG),Goalkeeper,437982,Oussama Benbout,https://www.transfermarkt.co.uk/oussama-benbout/profil/spieler/437982,0.8831,near_name,True,31.0,190.0,,Goalkeeper,,,oussama benbot,usm alger alg,,,False,wc2026_official_squad_corrected,1994-10-11 00:00:00,,,,,,,,,,,,,,,,,,,,,,,,,,,,,,,True,False,False,True,False,False,False,False,False,False,False,False,True,True
algeria_fares_chaibi,team_algeria,Algeria,Fares Chaibi,Eintracht Frankfurt (GER),Midfielder,855015,Farès Chaïbi,https://www.transfermarkt.co.uk/fares-chaibi/profil/spieler/855015,0.9,exact_name,True,23.0,183.0,right,Attacking Midfield,15000000.0,Eintracht Frankfurt Fußball AG,fares chaibi,eintracht frankfurt ger,,,False,wc2026_official_squad_corrected,2002-11-28 00:00:00,,9.0,3.0,2.0,2371.0,87.0,80.0,46.0,34.0,6.0,17.0,7.0,0.0,0.0,0.0,0.0,29.6375,0.5287356321839081,0.9195402298850575,27.25287356321839,0.22775200337410376,0.645297342893294,0.26571067060312104,0.0,0.0,0.0,0.0,,,,True,True,True,False,True,True,False,False,False,False,False,True,True,False
algeria_hicham_boudaoui,team_algeria,Algeria,Hicham Boudaoui,OGC Nice (FRA),Midfielder,560593,Hicham Boudaoui,https://www.transfermarkt.co.uk/hicham-boudaoui/profil/spieler/560593,0.91,exact_name,True,26.0,175.0,right,Central Midfield,12000000.0,Olympique Gymnaste Club Nice Côte d'Azur,hicham boudaoui,ogc nice fra,,,False,wc2026_official_squad_corrected,1999-09-23 00:00:00,,7.0,3.0,1.0,2025.0,71.0,69.0,53.0,16.0,4.0,5.0,16.0,0.0,0.0,0.0,0.0,29.347826086956523,0.7464788732394366,0.971830985915493,28.52112676056338,0.17777777777777778,0.2222222222222222,0.7111111111111111,0.0,0.0,0.0,0.0,,,,True,True,True,False,True,True,False,False,False,False,False,True,True,False
algeria_houssem_aouar,team_algeria,Algeria,Houssem Aouar,Al Ittihad (KSA),Midfielder,395693,Houssem Aouar,https://www.transfermarkt.co.uk/houssem-aouar/profil/spieler/395693,0.86,exact_name,True,27.0,175.0,right,Attacking Midfield,10000000.0,Al-Ittihad Football Club,houssem aouar,al ittihad ksa,,,False,wc2026_official_squad_corrected,1998-06-30 00:00:00,,6.0,3.0,2.0,631.0,80.0,61.0,49.0,12.0,17.0,4.0,9.0,0.0,1.0,0.0,0.0,10.344262295081966,0.6125,0.7625,7.8875,2.4247226624405704,0.5705229793977813,1.283676703645008,0.0,0.14263074484944532,0.0,0.0,28.0,7.0,0.25,True,True,True,False,True,True,False,False,False,False,False,True,True,False
algeria_ibrahim_maza,team_algeria,Algeria,Ibrahim Maza,Bayer 04 Leverkusen (GER),Midfielder,905011,Ibrahim Maza,https://www.transfermarkt.co.uk/ibrahim-maza/profil/spieler/905011,0.9,exact_name,True,20.0,180.0,right,Attacking Midfield,600000.0,Bayer 04 Leverkusen Fußball,ibrahim maza,bayer 04 leverkusen ger,,,False,wc2026_official_squad_corrected,2005-11-24 00:00:00,,7.0,3.0,4.0,1254.0,56.0,56.0,48.0,8.0,8.0,9.0,8.0,0.0,2.0,0.0,0.0,22.392857142857142,0.8571428571428571,1.0,22.392857142857142,0.5741626794258373,0.645933014354067,0.5741626794258373,0.0,0.14354066985645933,0.0,0.0,,,,True,True,True,False,True,True,False,False,False,False,False,True,True,False
algeria_nabil_bentaleb,team_algeria,Algeria,Nabil Bentaleb,Lille OSC (FRA),Midfielder,245537,Nabil Bentaleb,https://www.transfermarkt.co.uk/nabil-bentaleb/profil/spieler/245537,0.91,exact_name,True,31.0,187.0,left,Defensive Midfield,5000000.0,Lille Olympique Sporting Club,nabil bentaleb,lille osc fra,,,False,wc2026_official_squad_corrected,1994-11-24 00:00:00,,5.0,3.0,1.0,324.0,49.0,47.0,33.0,14.0,1.0,3.0,12.0,0.0,0.0,0.0,0.0,6.8936170212765955,0.673469387755102,0.9591836734693877,6.612244897959184,0.2777777777777778,0.8333333333333333,3.333333333333333,0.0,0.0,0.0,0.0,54.0,5.0,0.09259259259259259,True,True,False,False,False,False,False,False,False,False,False,True,True,False
algeria_ramiz_zerrouki,team_algeria,Algeria,Ramiz Zerrouki,FC Twente (NED),Midfielder,416660,Ramiz Zerrouki,https://www.transfermarkt.co.uk/ramiz-zerrouki/profil/spieler/416660,0.91,exact_name,True,28.0,183.0,right,Defensive Midfield,9000000.0,Football Club Twente,ramiz zerrouki,fc twente ned,,,False,wc2026_official_squad_corrected,1998-05-26 00:00:00,,,,,,,,,,,,,,,,,,,,,,,,,,,,,,,True,False,False,False,False,False,False,False,False,False,False,True,True,False
algeria_yassine_titraoui,team_algeria,Algeria,Yassine Titraoui,Sporting Charleroi (BEL),Midfielder,748445,Yassine Titraoui,https://www.transfermarkt.co.uk/yassine-titraoui/profil/spieler/748445,0.91,exact_name,True,22.0,170.0,,Central Midfield,5000000.0,Royal Charleroi Sporting Club,yassine titraoui,sporting charleroi bel,,,False,wc2026_official_squad_corrected,2003-07-26 00:00:00,,,,,,,,,,,,,,,,,,,,,,,,,,,,,,,True,False,False,False,False,False,False,False,False,False,False,True,True,False
argentina_cristian_romero,team_argentina,Argentina,Cristian Romero,Tottenham Hotspur FC (ENG),Defender,355915,Cristian Romero,https://www.transfermarkt.co.uk/cristian-romero/profil/spieler/355915,0.91,exact_name,True,28.0,185.0,right,Centre-Back,60000000.0,Tottenham Hotspur Football Club,cristian romero,tottenham hotspur fc eng,,,False,wc2026_official_squad_corrected,1998-04-27 00:00:00,,8.0,3.0,1.0,2068.0,70.0,64.0,64.0,0.0,7.0,2.0,13.0,1.0,0.0,0.0,0.0,32.3125,0.9142857142857143,0.9142857142857143,29.542857142857144,0.30464216634429403,0.08704061895551257,0.5657640232108317,0.043520309477756286,0.0,0.0,0.0,53.0,3.0,0.05660377358490566,True,True,True,False,True,True,False,False,False,False,False,True,True,False
argentina_facundo_medina,team_argentina,Argentina,Facundo Medina,Olympique Marseille (FRA),Defender,474800,Facundo Medina,https://www.transfermarkt.co.uk/facundo-medina/profil/spieler/474800,0.95,exact_name,False,27.0,184.0,left,Centre-Back,20000000.0,Olympique de Marseille,facundo medina,olympique marseille fra,,,False,wc2026_official_squad_corrected,1999-05-28 00:00:00,,8.0,3.0,2.0,2714.0,71.0,71.0,70.0,1.0,1.0,5.0,28.0,2.0,0.0,0.0,0.0,38.225352112676056,0.9859154929577465,1.0,38.225352112676056,0.03316138540899042,0.1658069270449521,0.9285187914517317,0.06632277081798084,0.0,0.0,0.0,29.0,1.0,0.034482758620689655,True,True,True,False,True,True,False,False,False,False,False,True,True,False
argentina_gonzalo_montiel,team_argentina,Argentina,Gonzalo Montiel,CA River Plate (ARG),Defender,402733,Gonzalo Montiel,https://www.transfermarkt.co.uk/gonzalo-montiel/profil/spieler/402733,0.91,exact_name,True,29.0,175.0,right,Right-Back,4500000.0,Club Atlético River Plate,gonzalo montiel,ca river plate arg,,,False,wc2026_official_squad_corrected,1997-01-01 00:00:00,,8.0,2.0,3.0,259.0,52.0,30.0,17.0,13.0,1.0,3.0,8.0,0.0,1.0,0.0,0.0,8.633333333333333,0.3269230769230769,0.5769230769230769,4.980769230769231,0.3474903474903475,1.0424710424710424,2.77992277992278,0.0,0.3474903474903475,0.0,0.0,41.0,1.0,0.024390243902439025,True,True,False,False,False,False,False,False,False,False,False,True,True,False
argentina_leonardo_balerdi,team_argentina,Argentina,Leonardo Balerdi,Olympique Marseille (FRA),Defender,575998,Leonardo Balerdi,https://www.transfermarkt.co.uk/leonardo-balerdi/profil/spieler/575998,0.95,exact_name,False,27.0,187.0,right,Centre-Back,20000000.0,Olympique de Marseille,leonardo balerdi,olympique marseille fra,,,False,wc2026_official_squad_corrected,1999-01-26 00:00:00,,7.0,3.0,1.0,1138.0,80.0,74.0,72.0,2.0,2.0,1.0,17.0,2.0,0.0,0.0,0.0,15.378378378378379,0.9,0.925,14.225,0.15817223198594024,0.07908611599297012,1.344463971880492,0.15817223198594024,0.0,0.0,0.0,,,,True,True,True,False,True,True,False,False,False,False,False,True,True,False
argentina_lisandro_martinez,team_argentina,Argentina,Lisandro Martinez,Manchester United FC (ENG),Defender,480762,Lisandro Martínez,https://www.transfermarkt.co.uk/lisandro-martinez/profil/spieler/480762,0.91,exact_name,True,28.0,175.0,left,Centre-Back,50000000.0,Manchester United Football Club,lisandro martinez,manchester united fc eng,,,False,wc2026_official_squad_corrected,1998-01-18 00:00:00,,8.0,2.0,1.0,877.0,49.0,46.0,42.0,4.0,2.0,3.0,13.0,0.0,0.0,0.0,0.0,19.065217391304348,0.8571428571428571,0.9387755102040817,17.897959183673468,0.20524515393386544,0.30786773090079816,1.3340935005701255,0.0,0.0,0.0,0.0,33.0,1.0,0.030303030303030304,True,True,True,False,True,True,False,False,False,False,False,True,True,False
argentina_nahuel_molina,team_argentina,Argentina,Nahuel Molina,Atlético De Madrid (ESP),Defender,424042,Nahuel Molina,https://www.transfermarkt.co.uk/nahuel-molina/profil/spieler/424042,0.95,exact_name,False,28.0,175.0,right,Right-Back,15000000.0,Club Atlético de Madrid S.A.D.,nahuel molina,atletico de madrid esp,,,False,wc2026_official_squad_corrected,1998-04-06 00:00:00,,8.0,3.0,1.0,1355.0,102.0,91.0,56.0,35.0,3.0,9.0,7.0,1.0,0.0,0.0,0.0,14.89010989010989,0.5490196078431373,0.8921568627450981,13.284313725490197,0.1992619926199262,0.5977859778597786,0.4649446494464945,0.06642066420664207,0.0,0.0,0.0,,,,True,True,True,False,True,True,False,False,False,False,False,True,True,False
argentina_nicolas_otamendi,team_argentina,Argentina,Nicolas Otamendi,SL Benfica (POR),Defender,54781,Nicolás Otamendi,https://www.transfermarkt.co.uk/nicolas-otamendi/profil/spieler/54781,0.91,exact_name,True,38.0,183.0,right,Centre-Back,1000000.0,Sport Lisboa e Benfica,nicolas otamendi,sl benfica por,,,False,wc2026_official_squad_corrected,1988-02-12 00:00:00,,13.0,3.0,1.0,3538.0,112.0,110.0,109.0,1.0,11.0,6.0,23.0,1.0,0.0,0.0,0.0,32.163636363636364,0.9732142857142857,0.9821428571428571,31.589285714285715,0.2798191068400226,0.15262860373092144,0.5850763143018655,0.025438100621820236,0.0,0.0,0.0,132.0,7.0,0.05303030303030303,True,True,True,False,True,True,False,False,False,False,False,True,True,False
argentina_nicolas_tagliafico,team_argentina,Argentina,Nicolas Tagliafico,Olympique Lyonnais (FRA),Defender,131225,Nicolás Tagliafico,https://www.transfermarkt.co.uk/nicolas-tagliafico/profil/spieler/131225,0.99,exact_name,False,33.0,171.0,left,Left-Back,8000000.0,Olympique Lyonnais,nicolas tagliafico,olympique lyonnais fra,,,False,wc2026_official_squad_corrected,1992-08-31 00:00:00,,5.0,3.0,1.0,1718.0,72.0,66.0,61.0,5.0,8.0,5.0,20.0,1.0,0.0,0.0,0.0,26.03030303030303,0.8472222222222222,0.9166666666666666,23.86111111111111,0.4190919674039581,0.26193247962747385,1.0477299185098954,0.05238649592549476,0.0,0.0,0.0,86.0,2.0,0.023255813953488372,True,True,True,False,True,True,False,False,False,False,False,True,True,False
argentina_giuliano_simeone,team_argentina,Argentina,Giuliano Simeone,Atlético De Madrid (ESP),Forward,742201,Giuliano Simeone,https://www.transfermarkt.co.uk/giuliano-simeone/profil/spieler/742201,0.95,exact_name,False,23.0,173.0,right,Right Winger,40000000.0,Club Atlético de Madrid S.A.D.,giuliano simeone,atletico de madrid esp,,,False,wc2026_official_squad_corrected,2002-12-18 00:00:00,,6.0,3.0,2.0,2594.0,80.0,66.0,48.0,18.0,7.0,10.0,7.0,0.0,0.0,0.0,0.0,39.303030303030305,0.6,0.825,32.425,0.24286815728604472,0.34695451040863534,0.24286815728604472,0.0,0.0,0.0,0.0,13.0,4.0,0.3076923076923077,True,True,True,False,True,True,False,False,False,False,False,True,True,False
argentina_jose_manuel_lopez,team_argentina,Argentina,Jose Manuel Lopez,SE Palmeiras (BRA),Forward,844797,José Manuel López,https://www.transfermarkt.co.uk/jose-manuel-lopez/profil/spieler/844797,0.91,exact_name,True,25.0,190.0,left,Centre-Forward,,Sociedade Esportiva Palmeiras,jose manuel lopez,se palmeiras bra,,,False,wc2026_official_squad_corrected,2000-12-06 00:00:00,,,,,,,,,,,,,,,,,,,,,,,,,,,,0.0,0.0,,True,False,False,False,False,False,False,False,False,False,False,True,True,False
argentina_julian_alvarez,team_argentina,Argentina,Julian Alvarez,Atlético De Madrid (ESP),Forward,576024,Julián Álvarez,https://www.transfermarkt.co.uk/julian-alvarez/profil/spieler/576024,0.95,exact_name,False,26.0,170.0,right,Centre-Forward,100000000.0,Club Atlético de Madrid S.A.D.,julian alvarez,atletico de madrid esp,,,False,wc2026_official_squad_corrected,2000-01-31 00:00:00,,10.0,3.0,2.0,1158.0,114.0,109.0,85.0,24.0,47.0,20.0,11.0,0.0,7.0,0.0,0.0,10.623853211009175,0.7456140350877193,0.956140350877193,10.157894736842104,3.6528497409326426,1.5544041450777202,0.8549222797927462,0.0,0.5440414507772021,0.0,0.0,77.0,18.0,0.23376623376623376,True,True,True,False,True,True,False,False,False,False,False,True,True,False
argentina_lautaro_martinez,team_argentina,Argentina,Lautaro Martinez,FC Internazionale Milano (ITA),Forward,406625,Lautaro Martínez,https://www.transfermarkt.co.uk/lautaro-martinez/profil/spieler/406625,0.95,exact_name,False,28.0,174.0,right,Centre-Forward,85000000.0,Football Club Internazionale Milano S.p.A.,lautaro martinez,fc internazionale milano ita,,,False,wc2026_official_squad_corrected,1997-08-22 00:00:00,,9.0,3.0,1.0,1200.0,100.0,95.0,85.0,10.0,50.0,15.0,12.0,0.0,4.0,0.0,0.0,12.631578947368421,0.85,0.95,12.0,3.75,1.125,0.9,0.0,0.30000000000000004,0.0,0.0,91.0,45.0,0.4945054945054945,True,True,True,False,True,True,False,False,False,False,False,True,True,False
argentina_lionel_messi,team_argentina,Argentina,Lionel Messi,Inter Miami CF (USA),Forward,28003,Lionel Messi,https://www.transfermarkt.co.uk/lionel-messi/profil/spieler/28003,0.91,exact_name,True,38.0,170.0,left,Right Winger,35000000.0,Club Internacional de Fútbol Miami,lionel messi,inter miami cf usa,,,False,wc2026_official_squad_corrected,1987-06-24 00:00:00,,2.0,2.0,1.0,226.0,10.0,10.0,9.0,1.0,7.0,3.0,0.0,0.0,1.0,0.0,0.0,22.6,0.9,1.0,22.6,2.7876106194690267,1.1946902654867257,0.0,0.0,0.39823008849557523,0.0,0.0,217.0,130.0,0.5990783410138248,True,True,False,False,False,False,False,False,False,False,False,True,True,False
argentina_nico_paz,team_argentina,Argentina,Nico Paz,Como (ITA),Forward,948294,Nico Paz,https://www.transfermarkt.co.uk/nico-paz/profil/spieler/948294,0.91,exact_name,True,21.0,186.0,left,Attacking Midfield,65000000.0,Calcio Como,nico paz,como ita,,,False,wc2026_official_squad_corrected,2004-09-08 00:00:00,,9.0,3.0,4.0,911.0,88.0,76.0,64.0,12.0,18.0,14.0,12.0,0.0,1.0,0.0,0.0,11.986842105263158,0.7272727272727273,0.8636363636363636,10.352272727272727,1.7782656421514818,1.3830954994511526,1.1855104281009878,0.0,0.09879253567508232,0.0,0.0,16.0,1.0,0.0625,True,True,True,False,True,True,False,False,False,False,False,True,True,False
argentina_thiago_almada,team_argentina,Argentina,Thiago Almada,Atlético De Madrid (ESP),Forward,576028,Thiago Almada,https://www.transfermarkt.co.uk/thiago-almada/profil/spieler/576028,0.95,exact_name,False,25.0,171.0,right,Left Winger,20000000.0,Club Atlético de Madrid S.A.D.,thiago almada,atletico de madrid esp,,,False,wc2026_official_squad_corrected,2001-04-26 00:00:00,,4.0,2.0,3.0,1210.0,25.0,24.0,14.0,10.0,2.0,5.0,3.0,0.0,0.0,0.0,0.0,50.416666666666664,0.56,0.96,48.4,0.1487603305785124,0.371900826446281,0.2231404958677686,0.0,0.0,0.0,0.0,,,,True,True,True,False,True,True,False,False,False,False,False,True,True,False
argentina_emiliano_martinez,team_argentina,Argentina,Emiliano Martinez,Aston Villa FC (ENG),Goalkeeper,111873,Emiliano Martínez,https://www.transfermarkt.co.uk/emiliano-martinez/profil/spieler/111873,0.91,exact_name,True,33.0,195.0,right,Goalkeeper,15000000.0,Aston Villa Football Club,emiliano martinez,aston villa fc eng,,,False,wc2026_official_squad_corrected,1992-09-02 00:00:00,,9.0,3.0,1.0,8895.0,104.0,101.0,101.0,0.0,0.0,2.0,11.0,0.0,0.0,123.0,31.0,88.06930693069307,0.9711538461538461,0.9711538461538461,85.52884615384616,0.0,0.02023608768971332,0.11129848229342326,0.0,0.0,1.2445193929173692,0.3136593591905565,62.0,0.0,0.0,True,True,True,True,True,False,True,False,False,False,False,False,True,True
argentina_geronimo_rulli,team_argentina,Argentina,Geronimo Rulli,Olympique Marseille (FRA),Goalkeeper,229604,Gerónimo Rulli,https://www.transfermarkt.co.uk/geronimo-rulli/profil/spieler/229604,0.95,exact_name,False,34.0,189.0,right,Goalkeeper,9000000.0,Olympique de Marseille,geronimo rulli,olympique marseille fra,,,False,wc2026_official_squad_corrected,1992-05-20 00:00:00,,7.0,3.0,3.0,3992.0,71.0,45.0,45.0,0.0,0.0,0.0,1.0,0.0,0.0,63.0,8.0,88.71111111111111,0.6338028169014085,0.6338028169014085,56.225352112676056,0.0,0.0,0.02254509018036072,0.0,0.0,1.4203406813627253,0.18036072144288576,13.0,0.0,0.0,True,True,True,True,True,False,True,False,False,False,False,False,True,True
argentina_juan_musso,team_argentina,Argentina,Juan Musso,Atlético De Madrid (ESP),Goalkeeper,242359,Juan Musso,https://www.transfermarkt.co.uk/juan-musso/profil/spieler/242359,0.95,exact_name,False,32.0,191.0,right,Goalkeeper,5000000.0,Club Atlético de Madrid S.A.D.,juan musso,atletico de madrid esp,,,False,wc2026_official_squad_corrected,1994-05-06 00:00:00,,9.0,3.0,2.0,3150.0,114.0,35.0,35.0,0.0,0.0,0.0,0.0,0.0,0.0,29.0,18.0,90.0,0.30701754385964913,0.30701754385964913,27.63157894736842,0.0,0.0,0.0,0.0,0.0,0.8285714285714285,0.5142857142857142,,,,True,True,True,True,True,False,True,False,False,False,False,False,True,True
argentina_alexis_mac_allister,team_argentina,Argentina,Alexis Mac Allister,Liverpool FC (ENG),Midfielder,534033,Alexis Mac Allister,https://www.transfermarkt.co.uk/alexis-mac-allister/profil/spieler/534033,0.91,exact_name,True,27.0,176.0,right,Central Midfield,85000000.0,Liverpool Football Club,alexis mac allister,liverpool fc eng,,,False,wc2026_official_squad_corrected,1998-12-24 00:00:00,,10.0,3.0,1.0,1998.0,103.0,98.0,82.0,16.0,14.0,14.0,21.0,1.0,2.0,0.0,0.0,20.387755102040817,0.7961165048543689,0.9514563106796117,19.398058252427184,0.6306306306306306,0.6306306306306306,0.945945945945946,0.04504504504504504,0.09009009009009009,0.0,0.0,,,,True,True,True,False,True,True,False,False,False,False,False,True,True,False
argentina_enzo_fernandez,team_argentina,Argentina,Enzo Fernandez,Chelsea FC (ENG),Midfielder,648195,Enzo Fernández,https://www.transfermarkt.co.uk/enzo-fernandez/profil/spieler/648195,0.91,exact_name,True,25.0,178.0,right,Central Midfield,85000000.0,Chelsea Football Club,enzo fernandez,chelsea fc eng,,,False,wc2026_official_squad_corrected,2001-01-17 00:00:00,,9.0,3.0,1.0,1969.0,94.0,89.0,78.0,11.0,17.0,19.0,19.0,0.0,2.0,0.0,0.0,22.123595505617978,0.8297872340425532,0.9468085106382979,20.9468085106383,0.7770441848654139,0.8684611477907568,0.8684611477907568,0.0,0.0914169629253428,0.0,0.0,39.0,5.0,0.1282051282051282,True,True,True,False,True,True,False,False,False,False,False,True,True,False
argentina_exequiel_palacios,team_argentina,Argentina,Exequiel Palacios,Bayer 04 Leverkusen (GER),Midfielder,401578,Exequiel Palacios,https://www.transfermarkt.co.uk/exequiel-palacios/profil/spieler/401578,0.95,exact_name,False,27.0,178.0,right,Central Midfield,30000000.0,Bayer 04 Leverkusen Fußball,exequiel palacios,bayer 04 leverkusen ger,,,False,wc2026_official_squad_corrected,1998-10-05 00:00:00,,7.0,3.0,1.0,1732.0,88.0,75.0,53.0,22.0,7.0,11.0,10.0,0.0,3.0,0.0,0.0,23.093333333333334,0.6022727272727273,0.8522727272727273,19.681818181818183,0.3637413394919169,0.5715935334872979,0.5196304849884527,0.0,0.1558891454965358,0.0,0.0,50.0,1.0,0.02,True,True,True,False,True,True,False,False,False,False,False,True,True,False
argentina_giovani_lo_celso,team_argentina,Argentina,Giovani Lo Celso,Real Betis (ESP),Midfielder,348795,Giovani Lo Celso,https://www.transfermarkt.co.uk/giovani-lo-celso/profil/spieler/348795,0.86,exact_name,True,30.0,177.0,left,Attacking Midfield,16000000.0,Real Betis Balompié S.A.D.,giovani lo celso,real betis esp,,,False,wc2026_official_squad_corrected,1996-04-09 00:00:00,,7.0,3.0,2.0,1179.0,68.0,62.0,31.0,31.0,12.0,6.0,7.0,1.0,2.0,0.0,0.0,19.016129032258064,0.45588235294117646,0.9117647058823529,17.33823529411765,0.9160305343511451,0.45801526717557256,0.5343511450381679,0.07633587786259542,0.15267175572519084,0.0,0.0,65.0,3.0,0.046153846153846156,True,True,True,False,True,True,False,False,False,False,False,True,True,False
argentina_leandro_paredes,team_argentina,Argentina,Leandro Paredes,CA Boca Juniors (ARG),Midfielder,166237,Leandro Paredes,https://www.transfermarkt.co.uk/leandro-paredes/profil/spieler/166237,0.91,exact_name,True,31.0,180.0,right,Defensive Midfield,5000000.0,Club Atlético Boca Juniors,leandro paredes,ca boca juniors arg,,,False,wc2026_official_squad_corrected,1994-06-29 00:00:00,,7.0,2.0,2.0,2383.0,98.0,82.0,68.0,14.0,9.0,9.0,25.0,1.0,8.0,0.0,0.0,29.0609756097561,0.6938775510204082,0.8367346938775511,24.316326530612244,0.3399076793957197,0.3399076793957197,0.9441879983214435,0.03776751993285774,0.30214015946286193,0.0,0.0,81.0,7.0,0.08641975308641975,True,True,True,False,True,True,False,False,False,False,False,True,True,False
argentina_nico_gonzalez,team_argentina,Argentina,Nico Gonzalez,Atlético De Madrid (ESP),Midfielder,486031,Nico González,https://www.transfermarkt.co.uk/nico-gonzalez/profil/spieler/486031,0.9,exact_name,True,28.0,180.0,left,Left Winger,35000000.0,Club Atlético de Madrid S.A.D.,nico gonzalez,atletico de madrid esp,,,False,wc2026_official_squad_corrected,1998-04-06 00:00:00,,10.0,3.0,2.0,1731.0,86.0,81.0,65.0,16.0,21.0,9.0,7.0,0.0,3.0,0.0,0.0,21.37037037037037,0.7558139534883721,0.9418604651162791,20.127906976744185,1.0918544194107451,0.46793760831889086,0.36395147313691506,0.0,0.1559792027729636,0.0,0.0,46.0,7.0,0.15217391304347827,True,True,True,False,True,True,False,False,False,False,False,True,True,False
argentina_rodrigo_de_paul,team_argentina,Argentina,Rodrigo de Paul,Inter Miami CF (USA),Midfielder,255901,Rodrigo De Paul,https://www.transfermarkt.co.uk/rodrigo-de-paul/profil/spieler/255901,0.91,exact_name,True,32.0,180.0,right,Central Midfield,15000000.0,Club Internacional de Fútbol Miami,rodrigo de paul,inter miami cf usa,,,False,wc2026_official_squad_corrected,1994-05-24 00:00:00,,7.0,2.0,1.0,2015.0,99.0,98.0,76.0,22.0,7.0,16.0,18.0,1.0,0.0,0.0,0.0,20.56122448979592,0.7676767676767676,0.98989898989899,20.353535353535353,0.31265508684863524,0.7146401985111662,0.8039702233250621,0.04466501240694789,0.0,0.0,0.0,80.0,2.0,0.025,True,True,True,False,True,True,False,False,False,False,False,True,True,False
argentina_valentin_barco,team_argentina,Argentina,Valentin Barco,RC Strasbourg (FRA),Midfielder,849410,Valentín Barco,https://www.transfermarkt.co.uk/valentin-barco/profil/spieler/849410,0.91,exact_name,True,21.0,170.0,left,Central Midfield,13000000.0,Racing Club de Strasbourg Alsace,valentin barco,rc strasbourg fra,,,False,wc2026_official_squad_corrected,2004-07-23 00:00:00,,9.0,3.0,3.0,0.0,48.0,36.0,26.0,10.0,0.0,3.0,4.0,0.0,0.0,0.0,0.0,0.0,0.5416666666666666,0.75,0.0,,,,,,,,22.0,4.0,0.18181818181818182,True,False,False,False,False,False,False,False,False,False,False,True,True,False
australia_alessandro_circati,team_australia,Australia,Alessandro Circati,Parma (ITA),Defender,867137,Alessandro Circati,https://www.transfermarkt.co.uk/alessandro-circati/profil/spieler/867137,0.91,exact_name,True,22.0,190.0,right,Centre-Back,,Parma Calcio 1913,alessandro circati,parma ita,,,False,wc2026_official_squad_corrected,2003-10-10 00:00:00,,6.0,3.0,1.0,2528.0,56.0,42.0,40.0,2.0,1.0,0.0,9.0,0.0,0.0,0.0,0.0,60.19047619047619,0.7142857142857143,0.75,45.142857142857146,0.03560126582278481,0.0,0.3204113924050633,0.0,0.0,0.0,0.0,,,,True,True,True,False,True,True,False,False,False,False,False,True,True,False
australia_aziz_behich,team_australia,Australia,Aziz Behich,Melbourne City FC (AUS),Defender,136834,Aziz Behich,https://www.transfermarkt.co.uk/aziz-behich/profil/spieler/136834,0.91,exact_name,True,35.0,170.0,left,Left-Back,550000.0,Melbourne City Football Club,aziz behich,melbourne city fc aus,,,False,wc2026_official_squad_corrected,1990-12-16 00:00:00,,5.0,2.0,2.0,2942.0,46.0,46.0,46.0,0.0,3.0,3.0,8.0,0.0,0.0,0.0,0.0,63.95652173913044,1.0,1.0,63.95652173913044,0.09177430319510538,0.09177430319510538,0.24473147518694763,0.0,0.0,0.0,0.0,82.0,3.0,0.036585365853658534,True,True,True,False,True,True,False,False,False,False,False,True,True,False
australia_cameron_burgess,team_australia,Australia,Cameron Burgess,Swansea City AFC (WAL),Defender,255788,Cameron Burgess,https://www.transfermarkt.co.uk/cameron-burgess/profil/spieler/255788,0.95,exact_name,False,30.0,194.0,left,Centre-Back,500000.0,Swansea City,cameron burgess,swansea city afc wal,,,False,wc2026_official_squad_corrected,1995-10-21 00:00:00,,7.0,3.0,2.0,1711.0,73.0,68.0,65.0,3.0,2.0,4.0,5.0,0.0,0.0,0.0,0.0,25.16176470588235,0.8904109589041096,0.9315068493150684,23.438356164383563,0.10520163646990063,0.21040327293980127,0.2630040911747516,0.0,0.0,0.0,0.0,25.0,0.0,0.0,True,True,True,False,True,True,False,False,False,False,False,True,True,False
australia_harry_souttar,team_australia,Australia,Harry Souttar,Leicester City FC (ENG),Defender,298091,Harry Souttar,https://www.transfermarkt.co.uk/harry-souttar/profil/spieler/298091,0.95,exact_name,False,27.0,198.0,right,Centre-Back,6000000.0,Leicester City,harry souttar,leicester city fc eng,,,False,wc2026_official_squad_corrected,1998-10-22 00:00:00,,5.0,2.0,2.0,0.0,46.0,26.0,23.0,3.0,0.0,0.0,3.0,1.0,0.0,0.0,0.0,0.0,0.5,0.5652173913043478,0.0,,,,,,,,53.0,11.0,0.20754716981132076,True,False,False,False,False,False,False,False,False,False,False,True,True,False
australia_jacob_italiano,team_australia,Australia,Jacob Italiano,Grazer AK (AUT),Defender,545810,Jacob Italiano,https://www.transfermarkt.co.uk/jacob-italiano/profil/spieler/545810,0.91,exact_name,True,24.0,177.0,both,Right-Back,,Grazer Athletiksport Klub 1902,jacob italiano,grazer ak aut,,,False,wc2026_official_squad_corrected,2001-07-30 00:00:00,,,,,,,,,,,,,,,,,,,,,,,,,,,,,,,True,False,False,False,False,False,False,False,False,False,False,True,True,False
australia_jason_geria,team_australia,Australia,Jason Geria,Albirex Niigata (JPN),Defender,185175,Jason Geria,https://www.transfermarkt.co.uk/jason-geria/profil/spieler/185175,0.99,exact_name,False,33.0,183.0,right,Right-Back,,Albirex Niigata,jason geria,albirex niigata jpn,,,False,wc2026_official_squad_corrected,1993-05-10 00:00:00,,3.0,2.0,1.0,1530.0,40.0,40.0,37.0,3.0,2.0,1.0,7.0,1.0,0.0,0.0,0.0,38.25,0.925,1.0,38.25,0.11764705882352941,0.058823529411764705,0.411764705882353,0.058823529411764705,0.0,0.0,0.0,27.0,1.0,0.037037037037037035,True,True,True,False,True,True,False,False,False,False,False,True,True,False
australia_jordan_bos,team_australia,Australia,Jordan Bos,Feyenoord Rotterdam (NED),Defender,855731,Jordan Bos,https://www.transfermarkt.co.uk/jordan-bos/profil/spieler/855731,0.99,exact_name,False,23.0,180.0,left,Left-Back,5000000.0,Feyenoord Rotterdam,jordan bos,feyenoord rotterdam ned,,,False,wc2026_official_squad_corrected,2002-10-29 00:00:00,,7.0,3.0,2.0,1654.0,52.0,51.0,41.0,10.0,8.0,6.0,7.0,0.0,0.0,0.0,0.0,32.431372549019606,0.7884615384615384,0.9807692307692307,31.807692307692307,0.4353083434099153,0.3264812575574365,0.38089480048367597,0.0,0.0,0.0,0.0,,,,True,True,True,False,True,True,False,False,False,False,False,True,True,False
australia_kai_trewin,team_australia,Australia,Kai Trewin,New York City FC (USA),Defender,691326,Kai Trewin,https://www.transfermarkt.co.uk/kai-trewin/profil/spieler/691326,0.86,exact_name,True,25.0,183.0,right,Defensive Midfield,,New York City Football Club,kai trewin,new york city fc usa,,,False,wc2026_official_squad_corrected,2001-05-18 00:00:00,,3.0,2.0,2.0,2899.0,54.0,53.0,51.0,2.0,4.0,2.0,6.0,0.0,2.0,0.0,0.0,54.698113207547166,0.9444444444444444,0.9814814814814815,53.68518518518518,0.12418075198344256,0.06209037599172128,0.18627112797516387,0.0,0.06209037599172128,0.0,0.0,,,,True,True,True,False,True,True,False,False,False,False,False,True,True,False
australia_lucas_herrington,team_australia,Australia,Lucas Herrington,Colorado Rapids (USA),Defender,1279984,Lucas Herrington,https://www.transfermarkt.co.uk/lucas-herrington/profil/spieler/1279984,0.99,exact_name,False,18.0,193.0,right,Centre-Back,,Colorado Rapids,lucas herrington,colorado rapids usa,,,False,wc2026_official_squad_corrected,2007-09-05 00:00:00,,,,,,,,,,,,,,,,,,,,,,,,,,,,,,,True,False,False,False,False,False,False,False,False,False,False,True,True,False
australia_milos_degenek,team_australia,Australia,Milos Degenek,APOEL FC (CYP),Defender,187353,Milos Degenek,https://www.transfermarkt.co.uk/milos-degenek/profil/spieler/187353,0.91,exact_name,True,32.0,187.0,right,Centre-Back,,,milos degenek,apoel fc cyp,,,False,wc2026_official_squad_corrected,1994-04-28 00:00:00,,10.0,3.0,2.0,630.0,60.0,38.0,33.0,5.0,1.0,0.0,5.0,0.0,0.0,0.0,0.0,16.57894736842105,0.55,0.6333333333333333,10.5,0.14285714285714285,0.0,0.7142857142857142,0.0,0.0,0.0,0.0,63.0,3.0,0.047619047619047616,True,True,True,False,True,True,False,False,False,False,False,True,True,False
australia_ajdin_hrustic,team_australia,Australia,Ajdin Hrustic,SC Heracles Almelo (NED),Forward,265625,Ajdin Hrustic,https://www.transfermarkt.co.uk/ajdin-hrustic/profil/spieler/265625,0.9,exact_name,True,29.0,180.0,left,Central Midfield,600000.0,Heracles Almelo,ajdin hrustic,sc heracles almelo ned,,,False,wc2026_official_squad_corrected,1996-07-05 00:00:00,,5.0,3.0,2.0,2057.0,52.0,41.0,25.0,16.0,2.0,1.0,9.0,0.0,0.0,0.0,0.0,50.170731707317074,0.4807692307692308,0.7884615384615384,39.55769230769231,0.08750607681088964,0.04375303840544482,0.39377734564900346,0.0,0.0,0.0,0.0,35.0,4.0,0.11428571428571428,True,True,True,False,True,True,False,False,False,False,False,True,True,False
australia_awer_mabil,team_australia,Australia,Awer Mabil,CD Castellón (ESP),Forward,255729,Awer Mabil,https://www.transfermarkt.co.uk/awer-mabil/profil/spieler/255729,0.91,exact_name,True,30.0,178.0,right,Left Winger,1300000.0,Cádiz CF,awer mabil,cd castellon esp,,,False,wc2026_official_squad_corrected,1995-09-15 00:00:00,,7.0,3.0,2.0,800.0,55.0,50.0,38.0,12.0,8.0,16.0,6.0,0.0,0.0,0.0,0.0,16.0,0.6909090909090909,0.9090909090909091,14.545454545454545,0.9,1.8,0.6749999999999999,0.0,0.0,0.0,0.0,50.0,13.0,0.26,True,True,True,False,True,True,False,False,False,False,False,True,True,False
australia_cristian_volpato,team_australia,Australia,Cristian Volpato,US Sassuolo (ITA),Forward,746891,Cristian Volpato,https://www.transfermarkt.co.uk/cristian-volpato/profil/spieler/746891,0.91,exact_name,True,22.0,187.0,left,Attacking Midfield,4500000.0,Unione Sportiva Sassuolo Calcio,cristian volpato,us sassuolo ita,,,False,wc2026_official_squad_corrected,2003-11-15 00:00:00,,6.0,3.0,1.0,809.0,73.0,48.0,18.0,30.0,5.0,8.0,8.0,1.0,0.0,0.0,0.0,16.854166666666668,0.2465753424657534,0.6575342465753424,11.082191780821917,0.5562422744128553,0.8899876390605685,0.8899876390605685,0.11124845488257107,0.0,0.0,0.0,20.0,4.0,0.2,True,True,True,False,True,True,False,False,False,False,False,True,True,False
australia_mathew_leckie,team_australia,Australia,Mathew Leckie,Melbourne City FC (AUS),Forward,126214,Mathew Leckie,https://www.transfermarkt.co.uk/mathew-leckie/profil/spieler/126214,0.91,exact_name,True,35.0,181.0,right,Left Winger,700000.0,Melbourne City Football Club,mathew leckie,melbourne city fc aus,,,False,wc2026_official_squad_corrected,1991-02-04 00:00:00,,5.0,2.0,1.0,776.0,30.0,30.0,14.0,16.0,2.0,2.0,6.0,0.0,0.0,0.0,0.0,25.866666666666667,0.4666666666666667,1.0,25.866666666666667,0.23195876288659795,0.23195876288659795,0.6958762886597938,0.0,0.0,0.0,0.0,92.0,17.0,0.18478260869565216,True,True,True,False,True,True,False,False,False,False,False,True,True,False
australia_mohamed_toure,team_australia,Australia,Mohamed Toure,Norwich City FC (ENG),Forward,742770,Mohamed Touré,https://www.transfermarkt.co.uk/mohamed-toure/profil/spieler/742770,0.95,exact_name,False,22.0,186.0,right,Centre-Forward,1700000.0,Norwich City,mohamed toure,norwich city fc eng,,,False,wc2026_official_squad_corrected,2004-03-26 00:00:00,,8.0,3.0,3.0,1166.0,50.0,48.0,23.0,25.0,11.0,8.0,5.0,0.0,4.0,0.0,0.0,24.291666666666668,0.46,0.96,23.32,0.8490566037735848,0.6174957118353345,0.38593481989708406,0.0,0.30874785591766724,0.0,0.0,,,,True,True,True,False,True,True,False,False,False,False,False,True,True,False
australia_nestory_irankunda,team_australia,Australia,Nestory Irankunda,Watford FC (ENG),Forward,956920,Nestory Irankunda,https://www.transfermarkt.co.uk/nestory-irankunda/profil/spieler/956920,0.95,exact_name,False,20.0,175.0,right,Right Winger,6000000.0,Watford FC,nestory irankunda,watford fc eng,,,False,wc2026_official_squad_corrected,2006-02-09 00:00:00,,9.0,3.0,6.0,1959.0,71.0,69.0,54.0,15.0,16.0,14.0,20.0,1.0,0.0,0.0,0.0,28.391304347826086,0.7605633802816901,0.971830985915493,27.591549295774648,0.7350689127105666,0.6431852986217458,0.9188361408882082,0.045941807044410414,0.0,0.0,0.0,12.0,12.0,1.0,True,True,True,False,True,True,False,False,False,False,False,True,True,False
australia_nishan_velupillay,team_australia,Australia,Nishan Velupillay,Melbourne Victory FC (AUS),Forward,888140,Nishan Velupillay,https://www.transfermarkt.co.uk/nishan-velupillay/profil/spieler/888140,0.99,exact_name,False,25.0,181.0,right,Left Winger,,Melbourne Victory FC,nishan velupillay,melbourne victory fc aus,,,False,wc2026_official_squad_corrected,2001-05-07 00:00:00,,4.0,2.0,1.0,1105.0,52.0,52.0,35.0,17.0,10.0,7.0,4.0,0.0,0.0,0.0,0.0,21.25,0.6730769230769231,1.0,21.25,0.8144796380090499,0.5701357466063348,0.3257918552036199,0.0,0.0,0.0,0.0,,,,True,True,True,False,True,True,False,False,False,False,False,True,True,False
australia_tete_yengi,team_australia,Australia,Tete Yengi,FC Machida Zelvia (JPN),Forward,849429,Tete Yengi,https://www.transfermarkt.co.uk/tete-yengi/profil/spieler/849429,0.91,exact_name,True,25.0,197.0,right,Centre-Forward,400000.0,Zelvia,tete yengi,fc machida zelvia jpn,,,False,wc2026_official_squad_corrected,2000-11-28 00:00:00,,11.0,3.0,2.0,1331.0,70.0,68.0,42.0,26.0,16.0,6.0,15.0,1.0,2.0,0.0,0.0,19.573529411764707,0.6,0.9714285714285714,19.014285714285716,1.081893313298272,0.40570999248685197,1.01427498121713,0.067618332081142,0.135236664162284,0.0,0.0,,,,True,True,True,False,True,True,False,False,False,False,False,True,True,False
australia_mathew_ryan,team_australia,Australia,Mathew Ryan,Levante UD (ESP),Goalkeeper,128969,Mathew Ryan,https://www.transfermarkt.co.uk/mathew-ryan/profil/spieler/128969,0.91,exact_name,True,34.0,184.0,right,Goalkeeper,2000000.0,Levante Unión Deportiva S.A.D.,mathew ryan,levante ud esp,,,False,wc2026_official_squad_corrected,1992-04-08 00:00:00,,9.0,3.0,4.0,4980.0,81.0,55.0,55.0,0.0,0.0,0.0,2.0,0.0,0.0,64.0,23.0,90.54545454545455,0.6790123456790124,0.6790123456790124,61.48148148148148,0.0,0.0,0.03614457831325301,0.0,0.0,1.1566265060240963,0.41566265060240964,108.0,0.0,0.0,True,True,True,True,True,False,True,False,False,False,False,False,True,True
australia_patrick_beach,team_australia,Australia,Patrick Beach,Melbourne City FC (AUS),Goalkeeper,983578,Patrick Beach,https://www.transfermarkt.co.uk/patrick-beach/profil/spieler/983578,0.91,exact_name,True,22.0,190.0,left,Goalkeeper,,Melbourne City Football Club,patrick beach,melbourne city fc aus,,,False,wc2026_official_squad_corrected,2003-08-06 00:00:00,,5.0,2.0,1.0,2610.0,60.0,29.0,29.0,0.0,0.0,0.0,2.0,0.0,0.0,26.0,13.0,90.0,0.48333333333333334,0.48333333333333334,43.5,0.0,0.0,0.06896551724137931,0.0,0.0,0.896551724137931,0.4482758620689655,,,,True,True,True,True,True,False,True,False,False,False,False,False,True,True
australia_paul_izzo,team_australia,Australia,Paul Izzo,Randers FC (DEN),Goalkeeper,181921,Paul Izzo,https://www.transfermarkt.co.uk/paul-izzo/profil/spieler/181921,0.91,exact_name,True,31.0,185.0,right,Goalkeeper,600000.0,Randers Fodbold Club,paul izzo,randers fc den,,,False,wc2026_official_squad_corrected,1995-01-06 00:00:00,,7.0,3.0,3.0,6210.0,68.0,68.0,68.0,0.0,0.0,0.0,4.0,0.0,0.0,104.0,13.0,91.32352941176471,1.0,1.0,90.0,0.0,0.0,0.057971014492753624,0.0,0.0,1.5072463768115942,0.18840579710144928,,,,True,True,True,True,True,False,True,False,False,False,False,False,True,True
australia_aiden_oneill,team_australia,Australia,Aiden Oneill,New York City FC (USA),Midfielder,385918,Aiden O'Neill,https://www.transfermarkt.co.uk/aiden-oneill/profil/spieler/385918,0.8788,near_name,True,27.0,178.0,right,Defensive Midfield,1500000.0,New York City Football Club,aiden oneill,new york city fc usa,,,False,wc2026_official_squad_corrected,1998-07-04 00:00:00,,5.0,2.0,1.0,1740.0,55.0,54.0,45.0,9.0,2.0,2.0,11.0,1.0,0.0,0.0,0.0,32.22222222222222,0.8181818181818182,0.9818181818181818,31.636363636363637,0.10344827586206896,0.10344827586206896,0.5689655172413793,0.05172413793103448,0.0,0.0,0.0,23.0,1.0,0.043478260869565216,True,True,True,False,True,True,False,False,False,False,False,True,True,False
australia_cameron_devlin,team_australia,Australia,Cameron Devlin,Heart Of Midlothian FC (SCO),Midfielder,,,,0.0,unmatched,True,,,,,,,cameron devlin,heart of midlothian fc sco,,,False,wc2026_official_squad_corrected,,,,,,,,,,,,,,,,,,,,,,,,,,,,,,,,False,False,False,False,False,False,False,False,False,False,False,True,True,False
australia_connor_metcalfe,team_australia,Australia,Connor Metcalfe,FC St. Pauli (GER),Midfielder,522223,Connor Metcalfe,https://www.transfermarkt.co.uk/connor-metcalfe/profil/spieler/522223,0.91,exact_name,True,26.0,183.0,left,Central Midfield,,Fußball-Club St. Pauli von 1910,connor metcalfe,fc st pauli ger,,,False,wc2026_official_squad_corrected,1999-11-05 00:00:00,,6.0,3.0,1.0,619.0,50.0,47.0,26.0,21.0,3.0,5.0,6.0,1.0,0.0,0.0,0.0,13.170212765957446,0.52,0.94,12.38,0.43618739903069464,0.7269789983844911,0.8723747980613893,0.14539579967689822,0.0,0.0,0.0,,,,True,True,True,False,True,True,False,False,False,False,False,True,True,False
australia_jackson_irvine,team_australia,Australia,Jackson Irvine,FC St. Pauli (GER),Midfielder,192557,Jackson Irvine,https://www.transfermarkt.co.uk/jackson-irvine/profil/spieler/192557,0.91,exact_name,True,33.0,189.0,right,Central Midfield,1500000.0,Fußball-Club St. Pauli von 1910,jackson irvine,fc st pauli ger,,,False,wc2026_official_squad_corrected,1993-03-07 00:00:00,,4.0,2.0,1.0,393.0,61.0,61.0,60.0,1.0,6.0,14.0,12.0,0.0,0.0,0.0,0.0,6.442622950819672,0.9836065573770492,1.0,6.442622950819672,1.3740458015267174,3.2061068702290076,2.748091603053435,0.0,0.0,0.0,0.0,104.0,12.0,0.11538461538461539,True,True,False,False,False,False,False,False,False,False,False,True,True,False
australia_paul_okon_engstler,team_australia,Australia,Paul Okon-Engstler,Sydney FC (AUS),Midfielder,1064377,Paul Okon-Engstler,https://www.transfermarkt.co.uk/paul-okon-engstler/profil/spieler/1064377,0.91,exact_name,True,21.0,186.0,left,Defensive Midfield,,Sydney Football Club,paul okon engstler,sydney fc aus,,,False,wc2026_official_squad_corrected,2005-01-24 00:00:00,,7.0,2.0,3.0,1026.0,62.0,39.0,32.0,7.0,1.0,3.0,6.0,1.0,0.0,0.0,0.0,26.307692307692307,0.5161290322580645,0.6290322580645161,16.548387096774192,0.08771929824561403,0.2631578947368421,0.5263157894736842,0.08771929824561403,0.0,0.0,0.0,7.0,0.0,0.0,True,True,True,False,True,True,False,False,False,False,False,True,True,False
austria_david_affengruber,team_austria,Austria,David Affengruber,Elche CF (ESP),Defender,452483,David Affengruber,https://www.transfermarkt.co.uk/david-affengruber/profil/spieler/452483,0.91,exact_name,True,25.0,185.0,right,Centre-Back,,Elche Club de Fútbol S.A.D.,david affengruber,elche cf esp,,,False,wc2026_official_squad_corrected,2001-03-19 00:00:00,,8.0,3.0,2.0,1637.0,91.0,90.0,79.0,11.0,4.0,5.0,8.0,0.0,0.0,0.0,0.0,18.18888888888889,0.8681318681318682,0.989010989010989,17.98901098901099,0.21991447770311545,0.2748930971288943,0.4398289554062309,0.0,0.0,0.0,0.0,,,,True,True,True,False,True,True,False,False,False,False,False,True,True,False
austria_david_alaba,team_austria,Austria,David Alaba,Real Madrid C. F. (ESP),Defender,59016,David Alaba,https://www.transfermarkt.co.uk/david-alaba/profil/spieler/59016,0.91,exact_name,True,33.0,180.0,left,Centre-Back,20000000.0,Real Madrid Club de Fútbol,david alaba,real madrid c f esp,,,False,wc2026_official_squad_corrected,1992-06-24 00:00:00,,7.0,3.0,1.0,0.0,48.0,31.0,24.0,7.0,0.0,2.0,5.0,0.0,0.0,0.0,0.0,0.0,0.5,0.6458333333333334,0.0,,,,,,,,140.0,21.0,0.15,True,False,False,False,False,False,False,False,False,False,False,True,True,False
austria_kevin_danso,team_austria,Austria,Kevin Danso,Tottenham Hotspur FC (ENG),Defender,263236,Kevin Danso,https://www.transfermarkt.co.uk/kevin-danso/profil/spieler/263236,0.91,exact_name,True,27.0,190.0,right,Centre-Back,22000000.0,Tottenham Hotspur Football Club,kevin danso,tottenham hotspur fc eng,,,False,wc2026_official_squad_corrected,1998-09-19 00:00:00,,13.0,3.0,2.0,2655.0,73.0,69.0,65.0,4.0,1.0,0.0,14.0,0.0,0.0,0.0,0.0,38.47826086956522,0.8904109589041096,0.9452054794520548,36.36986301369863,0.03389830508474576,0.0,0.4745762711864407,0.0,0.0,0.0,0.0,68.0,11.0,0.16176470588235295,True,True,True,False,True,True,False,False,False,False,False,True,True,False
austria_marco_friedl,team_austria,Austria,Marco Friedl,SV Werder Bremen (GER),Defender,156990,Marco Friedl,https://www.transfermarkt.co.uk/marco-friedl/profil/spieler/156990,0.91,exact_name,True,28.0,187.0,left,Centre-Back,12000000.0,Sportverein Werder Bremen von 1899,marco friedl,sv werder bremen ger,,,False,wc2026_official_squad_corrected,1998-03-16 00:00:00,,6.0,3.0,1.0,2198.0,57.0,57.0,55.0,2.0,1.0,1.0,15.0,2.0,0.0,0.0,0.0,38.56140350877193,0.9649122807017544,1.0,38.56140350877193,0.04094631483166515,0.04094631483166515,0.6141947224749772,0.0818926296633303,0.0,0.0,0.0,,,,True,True,True,False,True,True,False,False,False,False,False,True,True,False
austria_michael_svoboda,team_austria,Austria,Michael Svoboda,Venezia FC (ITA),Defender,438961,Michael Svoboda,https://www.transfermarkt.co.uk/michael-svoboda/profil/spieler/438961,0.95,exact_name,False,27.0,195.0,right,Centre-Back,900000.0,Venezia FC,michael svoboda,venezia fc ita,,,False,wc2026_official_squad_corrected,1998-10-15 00:00:00,,4.0,2.0,1.0,1314.0,43.0,40.0,35.0,5.0,1.0,4.0,2.0,0.0,0.0,0.0,0.0,32.85,0.813953488372093,0.9302325581395349,30.558139534883722,0.0684931506849315,0.273972602739726,0.136986301369863,0.0,0.0,0.0,0.0,2.0,0.0,0.0,True,True,True,False,True,True,False,False,False,False,False,True,True,False
austria_philipp_lienhart,team_austria,Austria,Philipp Lienhart,SC Freiburg (GER),Defender,225657,Philipp Lienhart,https://www.transfermarkt.co.uk/philipp-lienhart/profil/spieler/225657,0.91,exact_name,True,29.0,189.0,right,Centre-Back,12000000.0,Sport-Club Freiburg,philipp lienhart,sc freiburg ger,,,False,wc2026_official_squad_corrected,1996-07-11 00:00:00,,7.0,3.0,1.0,4036.0,62.0,60.0,56.0,4.0,2.0,1.0,10.0,0.0,0.0,0.0,0.0,67.26666666666667,0.9032258064516129,0.967741935483871,65.09677419354838,0.044598612487611496,0.022299306243805748,0.22299306243805747,0.0,0.0,0.0,0.0,80.0,6.0,0.075,True,True,True,False,True,True,False,False,False,False,False,True,True,False
austria_phillip_mwene,team_austria,Austria,Phillip Mwene,1. FSV Mainz 05 (GER),Defender,127573,Phillipp Mwene,https://www.transfermarkt.co.uk/phillipp-mwene/profil/spieler/127573,0.8811,near_name,True,32.0,170.0,right,Left-Back,1500000.0,1. Fußball- und Sportverein Mainz 05,phillip mwene,1 fsv mainz 05 ger,,,False,wc2026_official_squad_corrected,1994-01-29 00:00:00,,9.0,3.0,2.0,4621.0,68.0,61.0,61.0,0.0,2.0,7.0,11.0,1.0,0.0,0.0,0.0,75.75409836065573,0.8970588235294118,0.8970588235294118,67.95588235294117,0.038952607660679504,0.13633412681237828,0.2142393421337373,0.019476303830339752,0.0,0.0,0.0,57.0,0.0,0.0,True,True,True,False,True,True,False,False,False,False,False,True,True,False
austria_stefan_posch,team_austria,Austria,Stefan Posch,1. FSV Mainz 05 (GER),Defender,223974,Stefan Posch,https://www.transfermarkt.co.uk/stefan-posch/profil/spieler/223974,0.91,exact_name,True,29.0,190.0,right,Centre-Back,14000000.0,1. Fußball- und Sportverein Mainz 05,stefan posch,1 fsv mainz 05 ger,,,False,wc2026_official_squad_corrected,1997-05-14 00:00:00,,9.0,3.0,2.0,2418.0,74.0,62.0,50.0,12.0,1.0,2.0,10.0,0.0,0.0,0.0,0.0,39.0,0.6756756756756757,0.8378378378378378,32.67567567567568,0.03722084367245657,0.07444168734491315,0.37220843672456577,0.0,0.0,0.0,0.0,94.0,12.0,0.1276595744680851,True,True,True,False,True,True,False,False,False,False,False,True,True,False
austria_marko_arnautovic,team_austria,Austria,Marko Arnautovic,FK Crvena Zvezda (SRB),Forward,41384,Marko Arnautovic,https://www.transfermarkt.co.uk/marko-arnautovic/profil/spieler/41384,0.91,exact_name,True,37.0,192.0,both,Centre-Forward,2500000.0,Fudbalski klub Crvena zvezda Beograd,marko arnautovic,fk crvena zvezda srb,,,False,wc2026_official_squad_corrected,1989-04-19 00:00:00,,11.0,3.0,3.0,735.0,101.0,67.0,19.0,48.0,15.0,6.0,4.0,0.0,0.0,0.0,0.0,10.970149253731343,0.18811881188118812,0.6633663366336634,7.2772277227722775,1.8367346938775508,0.7346938775510204,0.4897959183673469,0.0,0.0,0.0,0.0,135.0,44.0,0.32592592592592595,True,True,True,False,True,True,False,False,False,False,False,True,True,False
austria_michael_gregoritsch,team_austria,Austria,Michael Gregoritsch,FC Augsburg (GER),Forward,120205,Michael Gregoritsch,https://www.transfermarkt.co.uk/michael-gregoritsch/profil/spieler/120205,0.91,exact_name,True,32.0,193.0,left,Centre-Forward,1500000.0,Fußball-Club Augsburg 1907,michael gregoritsch,fc augsburg ger,,,False,wc2026_official_squad_corrected,1994-04-18 00:00:00,,7.0,3.0,2.0,1029.0,78.0,70.0,33.0,37.0,17.0,7.0,7.0,0.0,1.0,0.0,0.0,14.7,0.4230769230769231,0.8974358974358975,13.192307692307692,1.4868804664723032,0.6122448979591837,0.6122448979591837,0.0,0.08746355685131195,0.0,0.0,99.0,42.0,0.42424242424242425,True,True,True,False,True,True,False,False,False,False,False,True,True,False
austria_patrick_wimmer,team_austria,Austria,Patrick Wimmer,VfL Wolfsburg (GER),Forward,533295,Patrick Wimmer,https://www.transfermarkt.co.uk/patrick-wimmer/profil/spieler/533295,0.91,exact_name,True,25.0,182.0,right,Right Winger,15000000.0,Verein für Leibesübungen Wolfsburg,patrick wimmer,vfl wolfsburg ger,,,False,wc2026_official_squad_corrected,2001-05-30 00:00:00,,6.0,3.0,1.0,1190.0,55.0,51.0,37.0,14.0,6.0,8.0,9.0,2.0,0.0,0.0,0.0,23.333333333333332,0.6727272727272727,0.9272727272727272,21.636363636363637,0.45378151260504207,0.6050420168067228,0.680672268907563,0.1512605042016807,0.0,0.0,0.0,,,,True,True,True,False,True,True,False,False,False,False,False,True,True,False
austria_sasa_kalajdzic,team_austria,Austria,Sasa Kalajdzic,LASK Linz (AUT),Forward,369567,Sasa Kalajdzic,https://www.transfermarkt.co.uk/sasa-kalajdzic/profil/spieler/369567,0.91,exact_name,True,28.0,200.0,right,Centre-Forward,2000000.0,Linzer Athletik-Sport-Klub,sasa kalajdzic,lask linz aut,,,False,wc2026_official_squad_corrected,1997-07-07 00:00:00,,7.0,2.0,2.0,268.0,32.0,21.0,9.0,12.0,4.0,3.0,1.0,0.0,0.0,0.0,0.0,12.761904761904763,0.28125,0.65625,8.375,1.3432835820895521,1.007462686567164,0.33582089552238803,0.0,0.0,0.0,0.0,25.0,4.0,0.16,True,True,False,False,False,False,False,False,False,False,False,True,True,False
austria_alexander_schlager,team_austria,Austria,Alexander Schlager,FC Red Bull Salzburg (AUT),Goalkeeper,186374,Alexander Schlager,https://www.transfermarkt.co.uk/alexander-schlager/profil/spieler/186374,0.91,exact_name,True,30.0,184.0,right,Goalkeeper,,Fußballclub Red Bull Salzburg,alexander schlager,fc red bull salzburg aut,,,False,wc2026_official_squad_corrected,1996-02-01 00:00:00,,10.0,3.0,1.0,6966.0,88.0,77.0,77.0,0.0,0.0,0.0,9.0,0.0,0.0,88.0,29.0,90.46753246753246,0.875,0.875,79.1590909090909,0.0,0.0,0.11627906976744186,0.0,0.0,1.1369509043927648,0.37467700258397935,,,,True,True,True,True,True,False,True,False,False,False,False,False,True,True
austria_florian_wiegele,team_austria,Austria,Florian Wiegele,FC Viktoria Plzeň (CZE),Goalkeeper,393999,Florian Wiegele,https://www.transfermarkt.co.uk/florian-wiegele/profil/spieler/393999,0.95,exact_name,False,25.0,205.0,left,Goalkeeper,,"FC Viktoria Plzeň, a.s.",florian wiegele,fc viktoria plzen cze,,,False,wc2026_official_squad_corrected,2001-03-21 00:00:00,,,,,,,,,,,,,,,,,,,,,,,,,,,,8.0,0.0,0.0,True,False,False,True,False,False,False,False,False,False,False,False,True,True
austria_patrick_pentz,team_austria,Austria,Patrick Pentz,Brøndby IF (DEN),Goalkeeper,223972,Patrick Pentz,https://www.transfermarkt.co.uk/patrick-pentz/profil/spieler/223972,0.91,exact_name,True,29.0,183.0,left,Goalkeeper,2200000.0,Brøndby Idrætsforening,patrick pentz,br ndby if den,,,False,wc2026_official_squad_corrected,1997-01-02 00:00:00,,10.0,3.0,2.0,7290.0,86.0,81.0,81.0,0.0,0.0,0.0,1.0,1.0,0.0,103.0,27.0,90.0,0.9418604651162791,0.9418604651162791,84.76744186046511,0.0,0.0,0.01234567901234568,0.01234567901234568,0.0,1.2716049382716048,0.33333333333333337,,,,True,True,True,True,True,False,True,False,False,False,False,False,True,True
austria_alessandro_schoepf,team_austria,Austria,Alessandro Schoepf,Wolfsberger AC (AUT),Midfielder,118397,Alessandro Schöpf,https://www.transfermarkt.co.uk/alessandro-schopf/profil/spieler/118397,0.8877,near_name,True,32.0,178.0,right,Central Midfield,1800000.0,RZ Pellets Wolfsberger Athletiksport Club,alessandro schoepf,wolfsberger ac aut,,,False,wc2026_official_squad_corrected,1994-02-07 00:00:00,,7.0,3.0,2.0,568.0,23.0,21.0,16.0,5.0,3.0,1.0,5.0,0.0,1.0,0.0,0.0,27.047619047619047,0.6956521739130435,0.9130434782608695,24.695652173913043,0.4753521126760563,0.15845070422535212,0.7922535211267606,0.0,0.15845070422535212,0.0,0.0,,,,True,True,True,False,True,True,False,False,False,False,False,True,True,False
austria_alexander_prass,team_austria,Austria,Alexander Prass,TSG Hoffenheim (GER),Midfielder,434116,Alexander Prass,https://www.transfermarkt.co.uk/alexander-prass/profil/spieler/434116,0.91,exact_name,True,25.0,182.0,left,Left Midfield,5000000.0,Turn- und Sportgemeinschaft 1899 Hoffenheim Fußball-Spielbetriebs,alexander prass,tsg hoffenheim ger,,,False,wc2026_official_squad_corrected,2001-05-26 00:00:00,,10.0,3.0,2.0,1358.0,85.0,81.0,69.0,12.0,9.0,11.0,9.0,0.0,0.0,0.0,0.0,16.765432098765434,0.8117647058823529,0.9529411764705882,15.976470588235294,0.5964653902798233,0.7290132547864507,0.5964653902798233,0.0,0.0,0.0,0.0,,,,True,True,True,False,True,True,False,False,False,False,False,True,True,False
austria_carney_chukwuemeka,team_austria,Austria,Carney Chukwuemeka,Borussia Dortmund (GER),Midfielder,659459,Carney Chukwuemeka,https://www.transfermarkt.co.uk/carney-chukwuemeka/profil/spieler/659459,0.99,exact_name,False,22.0,188.0,right,Central Midfield,25000000.0,Borussia Dortmund,carney chukwuemeka,borussia dortmund ger,,,False,wc2026_official_squad_corrected,2003-10-20 00:00:00,,8.0,3.0,2.0,481.0,40.0,31.0,5.0,26.0,3.0,1.0,3.0,0.0,0.0,0.0,0.0,15.516129032258064,0.125,0.775,12.025,0.5613305613305614,0.18711018711018712,0.5613305613305614,0.0,0.0,0.0,0.0,23.0,7.0,0.30434782608695654,True,True,True,False,True,True,False,False,False,False,False,True,True,False
austria_christoph_baumgartner,team_austria,Austria,Christoph Baumgartner,RB Leipzig (GER),Midfielder,324278,Christoph Baumgartner,https://www.transfermarkt.co.uk/christoph-baumgartner/profil/spieler/324278,0.86,exact_name,True,26.0,180.0,right,Attacking Midfield,18000000.0,RasenBallsport Leipzig,christoph baumgartner,rb leipzig ger,,,False,wc2026_official_squad_corrected,1999-08-01 00:00:00,,8.0,3.0,1.0,1562.0,91.0,86.0,38.0,48.0,11.0,5.0,10.0,0.0,0.0,0.0,0.0,18.162790697674417,0.4175824175824176,0.945054945054945,17.164835164835164,0.6338028169014085,0.2880921895006402,0.5761843790012804,0.0,0.0,0.0,0.0,103.0,36.0,0.34951456310679613,True,True,True,False,True,True,False,False,False,False,False,True,True,False
austria_florian_grillitsch,team_austria,Austria,Florian Grillitsch,SC Braga (POR),Midfielder,195736,Florian Grillitsch,https://www.transfermarkt.co.uk/florian-grillitsch/profil/spieler/195736,0.91,exact_name,True,30.0,187.0,right,Defensive Midfield,2000000.0,Sporting Clube de Braga,florian grillitsch,sc braga por,,,False,wc2026_official_squad_corrected,1995-08-07 00:00:00,,6.0,2.0,2.0,2297.0,59.0,58.0,47.0,11.0,1.0,6.0,11.0,0.0,0.0,0.0,0.0,39.60344827586207,0.7966101694915254,0.9830508474576272,38.932203389830505,0.0391815411406182,0.2350892468437092,0.4309969525468002,0.0,0.0,0.0,0.0,87.0,17.0,0.19540229885057472,True,True,True,False,True,True,False,False,False,False,False,True,True,False
austria_konrad_laimer,team_austria,Austria,Konrad Laimer,FC Bayern München (GER),Midfielder,223967,Konrad Laimer,https://www.transfermarkt.co.uk/konrad-laimer/profil/spieler/223967,0.94,exact_name,False,29.0,180.0,right,Right-Back,32000000.0,FC Bayern München,konrad laimer,fc bayern munchen ger,,,False,wc2026_official_squad_corrected,1997-05-27 00:00:00,,10.0,3.0,1.0,1757.0,98.0,89.0,62.0,27.0,4.0,8.0,18.0,0.0,0.0,0.0,0.0,19.741573033707866,0.6326530612244898,0.9081632653061225,17.928571428571427,0.20489470688673878,0.40978941377347755,0.9220261809903245,0.0,0.0,0.0,0.0,111.0,8.0,0.07207207207207207,True,True,True,False,True,True,False,False,False,False,False,True,True,False
austria_marcel_sabitzer,team_austria,Austria,Marcel Sabitzer,Borussia Dortmund (GER),Midfielder,106987,Marcel Sabitzer,https://www.transfermarkt.co.uk/marcel-sabitzer/profil/spieler/106987,0.99,exact_name,False,32.0,178.0,right,Central Midfield,7000000.0,Borussia Dortmund,marcel sabitzer,borussia dortmund ger,,,False,wc2026_official_squad_corrected,1994-03-17 00:00:00,,8.0,3.0,1.0,3178.0,86.0,82.0,68.0,14.0,7.0,10.0,11.0,1.0,1.0,0.0,0.0,38.75609756097561,0.7906976744186046,0.9534883720930233,36.95348837209303,0.19823788546255508,0.28319697923222154,0.3115166771554437,0.028319697923222153,0.028319697923222153,0.0,0.0,118.0,31.0,0.2627118644067797,True,True,True,False,True,True,False,False,False,False,False,True,True,False
austria_nicolas_seiwald,team_austria,Austria,Nicolas Seiwald,RB Leipzig (GER),Midfielder,404950,Nicolas Seiwald,https://www.transfermarkt.co.uk/nicolas-seiwald/profil/spieler/404950,0.91,exact_name,True,25.0,180.0,right,Defensive Midfield,16000000.0,RasenBallsport Leipzig,nicolas seiwald,rb leipzig ger,,,False,wc2026_official_squad_corrected,2001-05-04 00:00:00,,9.0,3.0,1.0,0.0,91.0,71.0,40.0,31.0,0.0,3.0,5.0,0.0,0.0,0.0,0.0,0.0,0.43956043956043955,0.7802197802197802,0.0,,,,,,,,,,,True,False,False,False,False,False,False,False,False,False,False,True,True,False
austria_paul_wanner,team_austria,Austria,Paul Wanner,PSV Eindhoven (NED),Midfielder,900909,Paul Wanner,https://www.transfermarkt.co.uk/paul-wanner/profil/spieler/900909,0.91,exact_name,True,20.0,185.0,left,Central Midfield,14000000.0,Eindhovense Voetbalvereniging Philips Sport Vereniging,paul wanner,psv eindhoven ned,,,False,wc2026_official_squad_corrected,2005-12-23 00:00:00,,8.0,3.0,4.0,1673.0,80.0,74.0,50.0,24.0,13.0,7.0,9.0,0.0,1.0,0.0,0.0,22.60810810810811,0.625,0.925,20.9125,0.6993424985056784,0.37656903765690375,0.484160191273162,0.0,0.0537955768081291,0.0,0.0,,,,True,True,True,False,True,True,False,False,False,False,False,True,True,False
austria_romano_schmid,team_austria,Austria,Romano Schmid,SV Werder Bremen (GER),Midfielder,346853,Romano Schmid,https://www.transfermarkt.co.uk/romano-schmid/profil/spieler/346853,0.86,exact_name,True,26.0,168.0,right,Attacking Midfield,17000000.0,Sportverein Werder Bremen von 1899,romano schmid,sv werder bremen ger,,,False,wc2026_official_squad_corrected,2000-01-27 00:00:00,,6.0,3.0,1.0,1403.0,72.0,72.0,69.0,3.0,10.0,13.0,9.0,0.0,2.0,0.0,0.0,19.48611111111111,0.9583333333333334,1.0,19.48611111111111,0.6414825374198148,0.8339272986457591,0.5773342836778332,0.0,0.12829650748396293,0.0,0.0,,,,True,True,True,False,True,True,False,False,False,False,False,True,True,False
austria_xaver_schlager,team_austria,Austria,Xaver Schlager,RB Leipzig (GER),Midfielder,223979,Xaver Schlager,https://www.transfermarkt.co.uk/xaver-schlager/profil/spieler/223979,0.91,exact_name,True,28.0,174.0,left,Central Midfield,28000000.0,RasenBallsport Leipzig,xaver schlager,rb leipzig ger,,,False,wc2026_official_squad_corrected,1997-09-28 00:00:00,,8.0,3.0,1.0,627.0,49.0,48.0,43.0,5.0,1.0,7.0,11.0,0.0,0.0,0.0,0.0,13.0625,0.8775510204081632,0.9795918367346939,12.795918367346939,0.14354066985645933,1.0047846889952152,1.5789473684210527,0.0,0.0,0.0,0.0,72.0,8.0,0.1111111111111111,True,True,True,False,True,True,False,False,False,False,False,True,True,False
belgium_arthur_theate,team_belgium,Belgium,Arthur Theate,Eintracht Frankfurt (GER),Defender,368891,Arthur Theate,https://www.transfermarkt.co.uk/arthur-theate/profil/spieler/368891,0.95,exact_name,False,26.0,185.0,left,Centre-Back,24000000.0,Eintracht Frankfurt Fußball AG,arthur theate,eintracht frankfurt ger,,,False,wc2026_official_squad_corrected,2000-05-25 00:00:00,,7.0,3.0,2.0,1510.0,88.0,84.0,82.0,2.0,3.0,0.0,11.0,2.0,0.0,0.0,0.0,17.976190476190474,0.9318181818181818,0.9545454545454546,17.15909090909091,0.17880794701986755,0.0,0.6556291390728477,0.11920529801324503,0.0,0.0,0.0,,,,True,True,True,False,True,True,False,False,False,False,False,True,True,False
belgium_brandon_mechele,team_belgium,Belgium,Brandon Mechele,Club Brugge (BEL),Defender,236168,Brandon Mechele,https://www.transfermarkt.co.uk/brandon-mechele/profil/spieler/236168,0.91,exact_name,True,33.0,190.0,right,Centre-Back,3000000.0,Club Brugge Koninklijke Voetbalvereniging,brandon mechele,club brugge bel,,,False,wc2026_official_squad_corrected,1993-01-28 00:00:00,,13.0,3.0,1.0,4261.0,131.0,129.0,129.0,0.0,11.0,4.0,14.0,0.0,0.0,0.0,0.0,33.031007751937985,0.9847328244274809,0.9847328244274809,32.52671755725191,0.232339826331847,0.08448720957521709,0.2957052335132598,0.0,0.0,0.0,0.0,,,,True,True,True,False,True,True,False,False,False,False,False,True,True,False
belgium_joaquin_seys,team_belgium,Belgium,Joaquin Seys,Club Brugge (BEL),Defender,981196,Joaquin Seys,https://www.transfermarkt.co.uk/joaquin-seys/profil/spieler/981196,0.91,exact_name,True,21.0,178.0,left,Left-Back,600000.0,Club Brugge Koninklijke Voetbalvereniging,joaquin seys,club brugge bel,,,False,wc2026_official_squad_corrected,2005-03-28 00:00:00,,12.0,3.0,2.0,3254.0,82.0,77.0,68.0,9.0,6.0,4.0,9.0,0.0,0.0,0.0,0.0,42.25974025974026,0.8292682926829268,0.9390243902439024,39.68292682926829,0.16594960049170251,0.11063306699446834,0.24892440073755376,0.0,0.0,0.0,0.0,,,,True,True,True,False,True,True,False,False,False,False,False,True,True,False
belgium_koni_de_winter,team_belgium,Belgium,Koni de Winter,AC Milan (ITA),Defender,490384,Koni De Winter,https://www.transfermarkt.co.uk/koni-de-winter/profil/spieler/490384,0.91,exact_name,True,23.0,191.0,right,Centre-Back,12000000.0,Associazione Calcio Milan,koni de winter,ac milan ita,,,False,wc2026_official_squad_corrected,2002-06-12 00:00:00,,6.0,3.0,2.0,711.0,68.0,57.0,51.0,6.0,3.0,1.0,13.0,1.0,0.0,0.0,0.0,12.473684210526315,0.75,0.8382352941176471,10.455882352941176,0.37974683544303794,0.12658227848101267,1.6455696202531644,0.12658227848101267,0.0,0.0,0.0,31.0,1.0,0.03225806451612903,True,True,True,False,True,True,False,False,False,False,False,True,True,False
belgium_maxim_de_cuyper,team_belgium,Belgium,Maxim de Cuyper,Brighton & Hove Albion FC (ENG),Defender,429915,Maxim De Cuyper,https://www.transfermarkt.co.uk/maxim-de-cuyper/profil/spieler/429915,0.91,exact_name,True,25.0,182.0,left,Left-Back,22000000.0,Brighton and Hove Albion Football Club,maxim de cuyper,brighton hove albion fc eng,,,False,wc2026_official_squad_corrected,2000-12-22 00:00:00,,10.0,3.0,2.0,5995.0,114.0,112.0,100.0,12.0,9.0,22.0,13.0,2.0,3.0,0.0,0.0,53.526785714285715,0.8771929824561403,0.9824561403508771,52.58771929824562,0.13511259382819016,0.3302752293577982,0.195162635529608,0.030025020850708926,0.04503753127606338,0.0,0.0,24.0,5.0,0.20833333333333334,True,True,True,False,True,True,False,False,False,False,False,True,True,False
belgium_nathan_ngoy,team_belgium,Belgium,Nathan Ngoy,Lille OSC (FRA),Defender,548254,Nathan Ngoy,https://www.transfermarkt.co.uk/nathan-ngoy/profil/spieler/548254,0.91,exact_name,True,22.0,183.0,right,Centre-Back,3500000.0,Lille Olympique Sporting Club,nathan ngoy,lille osc fra,,,False,wc2026_official_squad_corrected,2003-06-10 00:00:00,,5.0,3.0,2.0,1182.0,43.0,36.0,32.0,4.0,1.0,1.0,9.0,1.0,0.0,0.0,0.0,32.833333333333336,0.7441860465116279,0.8372093023255814,27.488372093023255,0.07614213197969542,0.07614213197969542,0.6852791878172589,0.07614213197969542,0.0,0.0,0.0,16.0,0.0,0.0,True,True,True,False,True,True,False,False,False,False,False,True,True,False
belgium_thomas_meunier,team_belgium,Belgium,Thomas Meunier,Lille OSC (FRA),Defender,100986,Thomas Meunier,https://www.transfermarkt.co.uk/thomas-meunier/profil/spieler/100986,0.91,exact_name,True,34.0,191.0,right,Right-Back,1800000.0,Lille Olympique Sporting Club,thomas meunier,lille osc fra,,,False,wc2026_official_squad_corrected,1991-09-12 00:00:00,,10.0,3.0,4.0,2208.0,80.0,76.0,63.0,13.0,3.0,8.0,12.0,0.0,0.0,0.0,0.0,29.05263157894737,0.7875,0.95,27.6,0.12228260869565218,0.32608695652173914,0.4891304347826087,0.0,0.0,0.0,0.0,81.0,10.0,0.12345679012345678,True,True,True,False,True,True,False,False,False,False,False,True,True,False
belgium_timothy_castagne,team_belgium,Belgium,Timothy Castagne,Fulham FC (ENG),Defender,262226,Timothy Castagne,https://www.transfermarkt.co.uk/timothy-castagne/profil/spieler/262226,0.91,exact_name,True,30.0,185.0,right,Right-Back,10000000.0,Fulham Football Club,timothy castagne,fulham fc eng,,,False,wc2026_official_squad_corrected,1995-12-05 00:00:00,,10.0,3.0,2.0,3024.0,88.0,73.0,60.0,13.0,2.0,4.0,5.0,0.0,0.0,0.0,0.0,41.42465753424658,0.6818181818181818,0.8295454545454546,34.36363636363637,0.05952380952380952,0.11904761904761904,0.1488095238095238,0.0,0.0,0.0,0.0,,,,True,True,True,False,True,True,False,False,False,False,False,True,True,False
belgium_zeno_debast,team_belgium,Belgium,Zeno Debast,Sporting CP (POR),Defender,548193,Zeno Debast,https://www.transfermarkt.co.uk/zeno-debast/profil/spieler/548193,0.91,exact_name,True,22.0,191.0,right,Centre-Back,30000000.0,Sporting Clube de Portugal,zeno debast,sporting cp por,,,False,wc2026_official_squad_corrected,2003-10-24 00:00:00,,,,,,,,,,,,,,,,,,,,,,,,,,,,36.0,0.0,0.0,True,False,False,False,False,False,False,False,False,False,False,True,True,False
belgium_charles_de_ketelaere,team_belgium,Belgium,Charles de Ketelaere,Atalanta Bergamo (ITA),Forward,435772,Charles De Ketelaere,https://www.transfermarkt.co.uk/charles-de-ketelaere/profil/spieler/435772,0.91,exact_name,True,25.0,192.0,left,Attacking Midfield,34000000.0,Atalanta Bergamasca Calcio S.p.a.,charles de ketelaere,atalanta bergamo ita,,,False,wc2026_official_squad_corrected,2001-03-10 00:00:00,,9.0,3.0,1.0,1187.0,103.0,102.0,74.0,28.0,27.0,24.0,2.0,0.0,2.0,0.0,0.0,11.637254901960784,0.7184466019417476,0.9902912621359223,11.524271844660195,2.047177759056445,1.8197135636057287,0.15164279696714406,0.0,0.15164279696714406,0.0,0.0,43.0,7.0,0.16279069767441862,True,True,True,False,True,True,False,False,False,False,False,True,True,False
belgium_dodi_lukebakio,team_belgium,Belgium,Dodi Lukebakio,SL Benfica (POR),Forward,303259,Dodi Lukébakio,https://www.transfermarkt.co.uk/dodi-lukebakio/profil/spieler/303259,0.91,exact_name,True,28.0,187.0,left,Right Winger,20000000.0,Sport Lisboa e Benfica,dodi lukebakio,sl benfica por,,,False,wc2026_official_squad_corrected,1997-09-24 00:00:00,,6.0,3.0,1.0,687.0,73.0,68.0,54.0,14.0,17.0,3.0,3.0,1.0,1.0,0.0,0.0,10.102941176470589,0.7397260273972602,0.9315068493150684,9.41095890410959,2.2270742358078603,0.3930131004366812,0.3930131004366812,0.13100436681222707,0.13100436681222707,0.0,0.0,44.0,6.0,0.13636363636363635,True,True,True,False,True,True,False,False,False,False,False,True,True,False
belgium_jeremy_doku,team_belgium,Belgium,Jeremy Doku,Manchester City FC (ENG),Forward,486049,Jérémy Doku,https://www.transfermarkt.co.uk/jeremy-doku/profil/spieler/486049,0.91,exact_name,True,24.0,173.0,right,Left Winger,65000000.0,Manchester City Football Club,jeremy doku,manchester city fc eng,,,False,wc2026_official_squad_corrected,2002-05-27 00:00:00,,11.0,3.0,2.0,1706.0,97.0,86.0,44.0,42.0,13.0,20.0,5.0,0.0,1.0,0.0,0.0,19.837209302325583,0.4536082474226804,0.8865979381443299,17.587628865979383,0.6858147713950762,1.0550996483001172,0.2637749120750293,0.0,0.052754982415005855,0.0,0.0,72.0,17.0,0.2361111111111111,True,True,True,False,True,True,False,False,False,False,False,True,True,False
belgium_leandro_trossard,team_belgium,Belgium,Leandro Trossard,Arsenal FC (ENG),Forward,144028,Leandro Trossard,https://www.transfermarkt.co.uk/leandro-trossard/profil/spieler/144028,0.91,exact_name,True,31.0,172.0,right,Left Winger,20000000.0,Arsenal Football Club,leandro trossard,arsenal fc eng,,,False,wc2026_official_squad_corrected,1994-12-04 00:00:00,,10.0,3.0,1.0,937.0,110.0,103.0,62.0,41.0,27.0,13.0,5.0,1.0,0.0,0.0,0.0,9.097087378640778,0.5636363636363636,0.9363636363636364,8.518181818181818,2.5933831376734258,1.248665955176094,0.48025613660619,0.096051227321238,0.0,0.0,0.0,75.0,10.0,0.13333333333333333,True,True,True,False,True,True,False,False,False,False,False,True,True,False
belgium_matias_fernandez_pardo,team_belgium,Belgium,Matias Fernandez-Pardo,Lille OSC (FRA),Forward,724129,Matias Fernandez-Pardo,https://www.transfermarkt.co.uk/matias-fernandez-pardo/profil/spieler/724129,0.91,exact_name,True,21.0,188.0,right,Centre-Forward,3000000.0,Lille Olympique Sporting Club,matias fernandez pardo,lille osc fra,,,False,wc2026_official_squad_corrected,2005-02-03 00:00:00,,13.0,3.0,4.0,1495.0,86.0,72.0,42.0,30.0,18.0,7.0,11.0,0.0,0.0,0.0,0.0,20.76388888888889,0.4883720930232558,0.8372093023255814,17.38372093023256,1.0836120401337792,0.42140468227424743,0.6622073578595318,0.0,0.0,0.0,0.0,16.0,4.0,0.25,True,True,True,False,True,True,False,False,False,False,False,True,True,False
belgium_romelu_lukaku,team_belgium,Belgium,Romelu Lukaku,SSC Napoli (ITA),Forward,96341,Romelu Lukaku,https://www.transfermarkt.co.uk/romelu-lukaku/profil/spieler/96341,0.91,exact_name,True,33.0,191.0,left,Centre-Forward,15000000.0,Società Sportiva Calcio Napoli,romelu lukaku,ssc napoli ita,,,False,wc2026_official_squad_corrected,1993-05-13 00:00:00,,5.0,2.0,2.0,743.0,85.0,85.0,80.0,5.0,35.0,15.0,9.0,1.0,3.0,0.0,0.0,8.741176470588234,0.9411764705882353,1.0,8.741176470588234,4.23956931359354,1.816958277254374,1.0901749663526246,0.12113055181695828,0.3633916554508748,0.0,0.0,134.0,91.0,0.6791044776119403,True,True,True,False,True,True,False,False,False,False,False,True,True,False
belgium_mike_penders,team_belgium,Belgium,Mike Penders,RC Strasbourg (FRA),Goalkeeper,834397,Mike Penders,https://www.transfermarkt.co.uk/mike-penders/profil/spieler/834397,0.91,exact_name,True,20.0,200.0,left,Goalkeeper,1000000.0,Racing Club de Strasbourg Alsace,mike penders,rc strasbourg fra,,,False,wc2026_official_squad_corrected,2005-07-31 00:00:00,,11.0,3.0,3.0,5741.0,87.0,64.0,64.0,0.0,0.0,1.0,3.0,1.0,0.0,89.0,14.0,89.703125,0.735632183908046,0.735632183908046,65.98850574712644,0.0,0.01567671137432503,0.0470301341229751,0.01567671137432503,0.0,1.3952273123149277,0.21947395924055044,11.0,0.0,0.0,True,True,True,True,True,False,True,False,False,False,False,False,True,True
belgium_senne_lammens,team_belgium,Belgium,Senne Lammens,Manchester United FC (ENG),Goalkeeper,503883,Senne Lammens,https://www.transfermarkt.co.uk/senne-lammens/profil/spieler/503883,0.91,exact_name,True,23.0,193.0,right,Goalkeeper,25000000.0,Manchester United Football Club,senne lammens,manchester united fc eng,,,False,wc2026_official_squad_corrected,2002-07-07 00:00:00,,12.0,3.0,2.0,5940.0,105.0,66.0,66.0,0.0,0.0,1.0,1.0,0.0,0.0,89.0,12.0,90.0,0.6285714285714286,0.6285714285714286,56.57142857142857,0.0,0.015151515151515152,0.015151515151515152,0.0,0.0,1.3484848484848486,0.18181818181818182,28.0,0.0,0.0,True,True,True,True,True,False,True,False,False,False,False,False,True,True
belgium_thibaut_courtois,team_belgium,Belgium,Thibaut Courtois,Real Madrid C. F. (ESP),Goalkeeper,108390,Thibaut Courtois,https://www.transfermarkt.co.uk/thibaut-courtois/profil/spieler/108390,0.91,exact_name,True,34.0,200.0,left,Goalkeeper,28000000.0,Real Madrid Club de Fútbol,thibaut courtois,real madrid c f esp,,,False,wc2026_official_squad_corrected,1992-05-11 00:00:00,,9.0,3.0,1.0,4983.0,60.0,55.0,55.0,0.0,0.0,1.0,1.0,0.0,0.0,56.0,22.0,90.6,0.9166666666666666,0.9166666666666666,83.05,0.0,0.01806140878988561,0.01806140878988561,0.0,0.0,1.0114388922335942,0.3973509933774834,109.0,0.0,0.0,True,True,True,True,True,False,True,False,False,False,False,False,True,True
belgium_alexis_saelemaekers,team_belgium,Belgium,Alexis Saelemaekers,AC Milan (ITA),Midfielder,381950,Alexis Saelemaekers,https://www.transfermarkt.co.uk/alexis-saelemaekers/profil/spieler/381950,0.91,exact_name,True,26.0,180.0,right,Right Midfield,12000000.0,Associazione Calcio Milan,alexis saelemaekers,ac milan ita,,,False,wc2026_official_squad_corrected,1999-06-27 00:00:00,,8.0,3.0,3.0,674.0,74.0,67.0,49.0,18.0,11.0,10.0,13.0,1.0,0.0,0.0,0.0,10.059701492537313,0.6621621621621622,0.9054054054054054,9.108108108108109,1.4688427299703266,1.3353115727002969,1.7359050445103859,0.13353115727002968,0.0,0.0,0.0,35.0,1.0,0.02857142857142857,True,True,True,False,True,True,False,False,False,False,False,True,True,False
belgium_amadou_onana,team_belgium,Belgium,Amadou Onana,Aston Villa FC (ENG),Midfielder,485706,Amadou Onana,https://www.transfermarkt.co.uk/amadou-onana/profil/spieler/485706,0.91,exact_name,True,24.0,195.0,right,Defensive Midfield,42000000.0,Aston Villa Football Club,amadou onana,aston villa fc eng,,,False,wc2026_official_squad_corrected,2001-08-16 00:00:00,,8.0,3.0,2.0,2280.0,80.0,73.0,57.0,16.0,8.0,1.0,10.0,0.0,0.0,0.0,0.0,31.232876712328768,0.7125,0.9125,28.5,0.3157894736842105,0.039473684210526314,0.39473684210526316,0.0,0.0,0.0,0.0,,,,True,True,True,False,True,True,False,False,False,False,False,True,True,False
belgium_axel_witsel,team_belgium,Belgium,Axel Witsel,Girona FC (ESP),Midfielder,35047,Axel Witsel,https://www.transfermarkt.co.uk/axel-witsel/profil/spieler/35047,0.91,exact_name,True,37.0,186.0,right,Defensive Midfield,1400000.0,Girona Fútbol Club S. A. D.,axel witsel,girona fc esp,,,False,wc2026_official_squad_corrected,1989-01-12 00:00:00,,8.0,3.0,2.0,1392.0,109.0,73.0,61.0,12.0,2.0,1.0,8.0,0.0,0.0,0.0,0.0,19.068493150684933,0.5596330275229358,0.6697247706422018,12.770642201834862,0.12931034482758622,0.06465517241379311,0.5172413793103449,0.0,0.0,0.0,0.0,,,,True,True,True,False,True,True,False,False,False,False,False,True,True,False
belgium_diego_moreira,team_belgium,Belgium,Diego Moreira,RC Strasbourg (FRA),Midfielder,655006,Diego Moreira,https://www.transfermarkt.co.uk/diego-moreira/profil/spieler/655006,0.91,exact_name,True,21.0,179.0,left,Left Midfield,18000000.0,Racing Club de Strasbourg Alsace,diego moreira,rc strasbourg fra,,,False,wc2026_official_squad_corrected,2004-08-06 00:00:00,,10.0,3.0,4.0,1704.0,61.0,56.0,45.0,11.0,7.0,8.0,9.0,1.0,0.0,0.0,0.0,30.428571428571427,0.7377049180327869,0.9180327868852459,27.934426229508198,0.36971830985915494,0.4225352112676056,0.4753521126760563,0.0528169014084507,0.0,0.0,0.0,,,,True,True,True,False,True,True,False,False,False,False,False,True,True,False
belgium_hans_vanaken,team_belgium,Belgium,Hans Vanaken,Club Brugge (BEL),Midfielder,137576,Hans Vanaken,https://www.transfermarkt.co.uk/hans-vanaken/profil/spieler/137576,0.86,exact_name,True,33.0,195.0,right,Attacking Midfield,6000000.0,Club Brugge Koninklijke Voetbalvereniging,hans vanaken,club brugge bel,,,False,wc2026_official_squad_corrected,1992-08-24 00:00:00,,13.0,3.0,1.0,4353.0,127.0,127.0,126.0,1.0,29.0,29.0,17.0,1.0,2.0,0.0,0.0,34.275590551181104,0.9921259842519685,1.0,34.275590551181104,0.5995864920744315,0.5995864920744315,0.3514817367332874,0.02067539627842867,0.04135079255685734,0.0,0.0,,,,True,True,True,False,True,True,False,False,False,False,False,True,True,False
belgium_kevin_de_bruyne,team_belgium,Belgium,Kevin de Bruyne,SSC Napoli (ITA),Midfielder,88755,Kevin De Bruyne,https://www.transfermarkt.co.uk/kevin-de-bruyne/profil/spieler/88755,0.86,exact_name,True,34.0,181.0,right,Attacking Midfield,15000000.0,Società Sportiva Calcio Napoli,kevin de bruyne,ssc napoli ita,,,False,wc2026_official_squad_corrected,1991-06-28 00:00:00,,9.0,3.0,2.0,1149.0,81.0,68.0,49.0,19.0,13.0,26.0,7.0,0.0,0.0,0.0,0.0,16.897058823529413,0.6049382716049383,0.8395061728395061,14.185185185185185,1.0182767624020888,2.0365535248041775,0.5483028720626633,0.0,0.0,0.0,0.0,132.0,36.0,0.2727272727272727,True,True,True,False,True,True,False,False,False,False,False,True,True,False
belgium_nicolas_raskin,team_belgium,Belgium,Nicolas Raskin,Rangers FC (SCO),Midfielder,422763,Nicolas Raskin,https://www.transfermarkt.co.uk/nicolas-raskin/profil/spieler/422763,0.91,exact_name,True,25.0,178.0,right,Defensive Midfield,6500000.0,Rangers Football Club,nicolas raskin,rangers fc sco,,,False,wc2026_official_squad_corrected,2001-02-23 00:00:00,,12.0,3.0,1.0,4164.0,98.0,88.0,69.0,19.0,6.0,14.0,18.0,0.0,0.0,0.0,0.0,47.31818181818182,0.7040816326530612,0.8979591836734694,42.48979591836735,0.12968299711815562,0.3025936599423631,0.3890489913544669,0.0,0.0,0.0,0.0,58.0,4.0,0.06896551724137931,True,True,True,False,True,True,False,False,False,False,False,True,True,False
belgium_youri_tielemans,team_belgium,Belgium,Youri Tielemans,Aston Villa FC (ENG),Midfielder,249565,Youri Tielemans,https://www.transfermarkt.co.uk/youri-tielemans/profil/spieler/249565,0.91,exact_name,True,29.0,177.0,right,Central Midfield,35000000.0,Aston Villa Football Club,youri tielemans,aston villa fc eng,,,False,wc2026_official_squad_corrected,1997-05-07 00:00:00,,9.0,3.0,1.0,3097.0,102.0,102.0,84.0,18.0,8.0,18.0,11.0,0.0,0.0,0.0,0.0,30.362745098039216,0.8235294117647058,1.0,30.362745098039216,0.23248304811107523,0.5230868582499193,0.3196641911527284,0.0,0.0,0.0,0.0,107.0,28.0,0.2616822429906542,True,True,True,False,True,True,False,False,False,False,False,True,True,False
bosnia_and_herzegovina_amar_dedic,team_bosnia_and_herzegovina,Bosnia and Herzegovina,Amar Dedic,SL Benfica (POR),Defender,519184,Amar Dedić,https://www.transfermarkt.co.uk/amar-dedic/profil/spieler/519184,0.91,exact_name,True,23.0,180.0,right,Right-Back,,Sport Lisboa e Benfica,amar dedic,sl benfica por,,,False,wc2026_official_squad_corrected,2002-08-18 00:00:00,,11.0,3.0,3.0,939.0,78.0,74.0,60.0,14.0,6.0,13.0,10.0,1.0,0.0,0.0,0.0,12.68918918918919,0.7692307692307693,0.9487179487179487,12.038461538461538,0.5750798722044728,1.2460063897763578,0.9584664536741214,0.09584664536741215,0.0,0.0,0.0,,,,True,True,True,False,True,True,False,False,False,False,False,True,True,False
bosnia_and_herzegovina_dennis_hadzikadunic,team_bosnia_and_herzegovina,Bosnia and Herzegovina,Dennis Hadzikadunic,UC Sampdoria (ITA),Defender,322065,Dennis Hadzikadunic,https://www.transfermarkt.co.uk/dennis-hadzikadunic/profil/spieler/322065,0.95,exact_name,False,27.0,191.0,right,Centre-Back,3000000.0,UC Sampdoria,dennis hadzikadunic,uc sampdoria ita,,,False,wc2026_official_squad_corrected,1998-07-09 00:00:00,,3.0,2.0,1.0,3958.0,58.0,52.0,49.0,3.0,2.0,0.0,11.0,1.0,0.0,0.0,0.0,76.11538461538461,0.8448275862068966,0.896551724137931,68.24137931034483,0.045477513895907026,0.0,0.2501263264274886,0.022738756947953513,0.0,0.0,0.0,67.0,1.0,0.014925373134328358,True,True,True,False,True,True,False,False,False,False,False,True,True,False
bosnia_and_herzegovina_nidal_celik,team_bosnia_and_herzegovina,Bosnia and Herzegovina,Nidal Celik,RC Lens (FRA),Defender,819566,Nidal Celik,https://www.transfermarkt.co.uk/nidal-celik/profil/spieler/819566,0.91,exact_name,True,19.0,192.0,right,Centre-Back,1000000.0,Racing Club de Lens,nidal celik,rc lens fra,,,False,wc2026_official_squad_corrected,2006-07-17 00:00:00,,8.0,2.0,5.0,172.0,69.0,48.0,44.0,4.0,6.0,2.0,10.0,1.0,0.0,0.0,0.0,3.5833333333333335,0.6376811594202898,0.6956521739130435,2.4927536231884058,3.13953488372093,1.0465116279069768,5.232558139534883,0.5232558139534884,0.0,0.0,0.0,40.0,1.0,0.025,True,True,False,False,False,False,False,False,False,False,False,True,True,False
bosnia_and_herzegovina_nihad_mujakic,team_bosnia_and_herzegovina,Bosnia and Herzegovina,Nihad Mujakic,Gaziantep FK (TUR),Defender,380919,Nihad Mujakic,https://www.transfermarkt.co.uk/nihad-mujakic/profil/spieler/380919,0.91,exact_name,True,28.0,189.0,left,Centre-Back,2000000.0,Gaziantep Futbol Kulübü A.Ş.,nihad mujakic,gaziantep fk tur,,,False,wc2026_official_squad_corrected,1998-04-15 00:00:00,,,,,,,,,,,,,,,,,,,,,,,,,,,,,,,True,False,False,False,False,False,False,False,False,False,False,True,True,False
bosnia_and_herzegovina_nikola_katic,team_bosnia_and_herzegovina,Bosnia and Herzegovina,Nikola Katic,FC Schalke 04 (GER),Defender,422051,Nikola Katic,https://www.transfermarkt.co.uk/nikola-katic/profil/spieler/422051,0.95,exact_name,False,29.0,194.0,right,Centre-Back,1200000.0,FC Schalke 04,nikola katic,fc schalke 04 ger,,,False,wc2026_official_squad_corrected,1996-10-10 00:00:00,,9.0,3.0,3.0,3029.0,82.0,81.0,80.0,1.0,8.0,3.0,12.0,2.0,0.0,0.0,0.0,37.39506172839506,0.975609756097561,0.9878048780487805,36.9390243902439,0.237702211951139,0.08913832948167713,0.3565533179267085,0.05942555298778475,0.0,0.0,0.0,19.0,0.0,0.0,True,True,True,False,True,True,False,False,False,False,False,True,True,False
bosnia_and_herzegovina_sead_kolasinac,team_bosnia_and_herzegovina,Bosnia and Herzegovina,Sead Kolasinac,Atalanta Bergamo (ITA),Defender,94005,Sead Kolasinac,https://www.transfermarkt.co.uk/sead-kolasinac/profil/spieler/94005,0.91,exact_name,True,32.0,183.0,left,Centre-Back,10000000.0,Atalanta Bergamasca Calcio S.p.a.,sead kolasinac,atalanta bergamo ita,,,False,wc2026_official_squad_corrected,1993-06-20 00:00:00,,7.0,2.0,1.0,2821.0,80.0,77.0,72.0,5.0,2.0,5.0,15.0,0.0,0.0,0.0,0.0,36.63636363636363,0.9,0.9625,35.2625,0.06380716058135413,0.15951790145338532,0.478553704360156,0.0,0.0,0.0,0.0,76.0,2.0,0.02631578947368421,True,True,True,False,True,True,False,False,False,False,False,True,True,False
bosnia_and_herzegovina_stjepan_radeljic,team_bosnia_and_herzegovina,Bosnia and Herzegovina,Stjepan Radeljic,HNK Rijeka (CRO),Defender,384568,Stjepan Radeljic,https://www.transfermarkt.co.uk/stjepan-radeljic/profil/spieler/384568,0.91,exact_name,True,28.0,201.0,left,Centre-Back,,Hrvatski Nogometni Klub Rijeka,stjepan radeljic,hnk rijeka cro,,,False,wc2026_official_squad_corrected,1997-09-05 00:00:00,,10.0,3.0,1.0,1746.0,95.0,83.0,69.0,14.0,4.0,2.0,15.0,1.0,0.0,0.0,0.0,21.03614457831325,0.7263157894736842,0.8736842105263158,18.378947368421052,0.2061855670103093,0.10309278350515465,0.7731958762886598,0.051546391752577324,0.0,0.0,0.0,,,,True,True,True,False,True,True,False,False,False,False,False,True,True,False
bosnia_and_herzegovina_tarik_muharemovic,team_bosnia_and_herzegovina,Bosnia and Herzegovina,Tarik Muharemovic,US Sassuolo (ITA),Defender,679423,Tarik Muharemović,https://www.transfermarkt.co.uk/tarik-muharemovic/profil/spieler/679423,0.91,exact_name,True,23.0,192.0,left,Centre-Back,1200000.0,Unione Sportiva Sassuolo Calcio,tarik muharemovic,us sassuolo ita,,,False,wc2026_official_squad_corrected,2003-02-28 00:00:00,,8.0,3.0,3.0,4745.0,85.0,74.0,62.0,12.0,3.0,2.0,8.0,1.0,0.0,0.0,0.0,64.12162162162163,0.7294117647058823,0.8705882352941177,55.8235294117647,0.05690200210748156,0.037934668071654375,0.1517386722866175,0.018967334035827187,0.0,0.0,0.0,,,,True,True,True,False,True,True,False,False,False,False,False,True,True,False
bosnia_and_herzegovina_edin_dzeko,team_bosnia_and_herzegovina,Bosnia and Herzegovina,Edin Dzeko,FC Schalke 04 (GER),Forward,28396,Edin Dzeko,https://www.transfermarkt.co.uk/edin-dzeko/profil/spieler/28396,0.95,exact_name,False,40.0,193.0,right,Centre-Forward,2700000.0,FC Schalke 04,edin dzeko,fc schalke 04 ger,,,False,wc2026_official_squad_corrected,1986-03-17 00:00:00,,10.0,3.0,2.0,979.0,115.0,102.0,75.0,27.0,47.0,18.0,9.0,0.0,7.0,0.0,0.0,9.598039215686274,0.6521739130434783,0.8869565217391304,8.513043478260869,4.32073544433095,1.6547497446373851,0.8273748723186926,0.0,0.6435137895812053,0.0,0.0,152.0,72.0,0.47368421052631576,True,True,True,False,True,True,False,False,False,False,False,True,True,False
bosnia_and_herzegovina_ermedin_demirovic,team_bosnia_and_herzegovina,Bosnia and Herzegovina,Ermedin Demirovic,VfB Stuttgart (GER),Forward,335457,Ermedin Demirovic,https://www.transfermarkt.co.uk/ermedin-demirovic/profil/spieler/335457,0.91,exact_name,True,28.0,185.0,right,Centre-Forward,22000000.0,Verein für Bewegungsspiele Stuttgart 1893,ermedin demirovic,vfb stuttgart ger,,,False,wc2026_official_squad_corrected,1998-03-25 00:00:00,,9.0,3.0,2.0,1163.0,87.0,87.0,66.0,21.0,34.0,16.0,14.0,0.0,3.0,0.0,0.0,13.367816091954023,0.7586206896551724,1.0,13.367816091954023,2.631126397248495,1.238177128116939,1.0834049871023215,0.0,0.23215821152192606,0.0,0.0,82.0,19.0,0.23170731707317074,True,True,True,False,True,True,False,False,False,False,False,True,True,False
bosnia_and_herzegovina_esmir_bajraktarevic,team_bosnia_and_herzegovina,Bosnia and Herzegovina,Esmir Bajraktarevic,PSV Eindhoven (NED),Forward,925862,Esmir Bajraktarevic,https://www.transfermarkt.co.uk/esmir-bajraktarevic/profil/spieler/925862,0.91,exact_name,True,21.0,175.0,left,Right Winger,5000000.0,Eindhovense Voetbalvereniging Philips Sport Vereniging,esmir bajraktarevic,psv eindhoven ned,,,False,wc2026_official_squad_corrected,2005-03-10 00:00:00,,7.0,3.0,3.0,1094.0,37.0,24.0,13.0,11.0,4.0,3.0,0.0,0.0,0.0,0.0,0.0,45.583333333333336,0.35135135135135137,0.6486486486486487,29.56756756756757,0.3290676416819013,0.24680073126142596,0.0,0.0,0.0,0.0,0.0,18.0,2.0,0.1111111111111111,True,True,True,False,True,True,False,False,False,False,False,True,True,False
bosnia_and_herzegovina_haris_tabakovic,team_bosnia_and_herzegovina,Bosnia and Herzegovina,Haris Tabakovic,Borussia Mönchengladbach (GER),Forward,203123,Haris Tabakovic,https://www.transfermarkt.co.uk/haris-tabakovic/profil/spieler/203123,0.91,exact_name,True,31.0,196.0,right,Centre-Forward,3000000.0,Borussia Verein für Leibesübungen 1900 Mönchengladbach,haris tabakovic,borussia monchengladbach ger,,,False,wc2026_official_squad_corrected,1994-06-20 00:00:00,,12.0,3.0,4.0,727.0,82.0,73.0,49.0,24.0,31.0,9.0,3.0,0.0,5.0,0.0,0.0,9.95890410958904,0.5975609756097561,0.8902439024390244,8.865853658536585,3.8376891334250343,1.1141678129298487,0.37138927097661617,0.0,0.6189821182943603,0.0,0.0,30.0,6.0,0.2,True,True,True,False,True,True,False,False,False,False,False,True,True,False
bosnia_and_herzegovina_jovo_lukic,team_bosnia_and_herzegovina,Bosnia and Herzegovina,Jovo Lukic,Universitatea Cluj (ROU),Forward,457738,Jovo Lukić,https://www.transfermarkt.co.uk/jovo-lukic/profil/spieler/457738,0.91,exact_name,True,27.0,190.0,left,Centre-Forward,,Asociația Sportivă Fotbal Club Universitatea Cluj,jovo lukic,universitatea cluj rou,,,False,wc2026_official_squad_corrected,1998-11-28 00:00:00,,,,,,,,,,,,,,,,,,,,,,,,,,,,,,,True,False,False,False,False,False,False,False,False,False,False,True,True,False
bosnia_and_herzegovina_kerim_alajbegovic,team_bosnia_and_herzegovina,Bosnia and Herzegovina,Kerim Alajbegovic,FC Red Bull Salzburg (AUT),Forward,929994,Kerim Alajbegovic,https://www.transfermarkt.co.uk/kerim-alajbegovic/profil/spieler/929994,0.91,exact_name,True,18.0,186.0,both,Left Winger,8000000.0,Fußballclub Red Bull Salzburg,kerim alajbegovic,fc red bull salzburg aut,,,False,wc2026_official_squad_corrected,2007-09-21 00:00:00,,,,,,,,,,,,,,,,,,,,,,,,,,,,,,,True,False,False,False,False,False,False,False,False,False,False,True,True,False
bosnia_and_herzegovina_samed_bazdar,team_bosnia_and_herzegovina,Bosnia and Herzegovina,Samed Bazdar,Jagiellonia Białystok (POL),Forward,710969,Samed Bazdar,https://www.transfermarkt.co.uk/samed-bazdar/profil/spieler/710969,0.91,exact_name,True,22.0,189.0,right,Centre-Forward,,Jagiellonia-Bialystok Sportowa Spólka Akcyjna,samed bazdar,jagiellonia bia ystok pol,,,False,wc2026_official_squad_corrected,2004-01-31 00:00:00,,6.0,3.0,2.0,998.0,78.0,65.0,36.0,29.0,13.0,5.0,11.0,1.0,0.0,0.0,0.0,15.353846153846154,0.46153846153846156,0.8333333333333334,12.794871794871796,1.1723446893787575,0.45090180360721444,0.9919839679358718,0.09018036072144288,0.0,0.0,0.0,,,,True,True,True,False,True,True,False,False,False,False,False,True,True,False
bosnia_and_herzegovina_martin_zlomislic,team_bosnia_and_herzegovina,Bosnia and Herzegovina,Martin Zlomislic,HNK Rijeka (CRO),Goalkeeper,495320,Martin Zlomislic,https://www.transfermarkt.co.uk/martin-zlomislic/profil/spieler/495320,0.91,exact_name,True,27.0,190.0,right,Goalkeeper,,Hrvatski Nogometni Klub Rijeka,martin zlomislic,hnk rijeka cro,,,False,wc2026_official_squad_corrected,1998-08-16 00:00:00,,10.0,3.0,1.0,5657.0,105.0,63.0,63.0,0.0,0.0,0.0,4.0,0.0,0.0,53.0,33.0,89.7936507936508,0.6,0.6,53.87619047619047,0.0,0.0,0.06363797065582465,0.0,0.0,0.8432031111896765,0.5250132579105533,,,,True,True,True,True,True,False,True,False,False,False,False,False,True,True
bosnia_and_herzegovina_mladen_jurkas,team_bosnia_and_herzegovina,Bosnia and Herzegovina,Mladen Jurkas,FK Borac Banja Luka (BIH),Goalkeeper,,,,0.0,unmatched,True,,,,,,,mladen jurkas,fk borac banja luka bih,,,False,wc2026_official_squad_corrected,,,,,,,,,,,,,,,,,,,,,,,,,,,,,,,,False,False,False,True,False,False,False,False,False,False,False,False,True,True
bosnia_and_herzegovina_nikola_vasilj,team_bosnia_and_herzegovina,Bosnia and Herzegovina,Nikola Vasilj,FC St. Pauli (GER),Goalkeeper,248454,Nikola Vasilj,https://www.transfermarkt.co.uk/nikola-vasilj/profil/spieler/248454,0.91,exact_name,True,30.0,193.0,right,Goalkeeper,4500000.0,Fußball-Club St. Pauli von 1910,nikola vasilj,fc st pauli ger,,,False,wc2026_official_squad_corrected,1995-12-02 00:00:00,,6.0,3.0,1.0,6540.0,76.0,72.0,72.0,0.0,0.0,0.0,1.0,1.0,0.0,84.0,21.0,90.83333333333333,0.9473684210526315,0.9473684210526315,86.05263157894737,0.0,0.0,0.013761467889908256,0.013761467889908256,0.0,1.1559633027522938,0.28899082568807344,24.0,0.0,0.0,True,True,True,True,True,False,True,False,False,False,False,False,True,True
bosnia_and_herzegovina_amar_memic,team_bosnia_and_herzegovina,Bosnia and Herzegovina,Amar Memic,FC Viktoria Plzeň (CZE),Midfielder,638990,Amar Memić,https://www.transfermarkt.co.uk/amar-memic/profil/spieler/638990,0.95,exact_name,False,25.0,176.0,right,Right Midfield,,"FC Viktoria Plzeň, a.s.",amar memic,fc viktoria plzen cze,,,False,wc2026_official_squad_corrected,2001-01-20 00:00:00,,,,,,,,,,,,,,,,,,,,,,,,,,,,14.0,2.0,0.14285714285714285,True,False,False,False,False,False,False,False,False,False,False,True,True,False
bosnia_and_herzegovina_amir_hadziahmetovic,team_bosnia_and_herzegovina,Bosnia and Herzegovina,Amir Hadziahmetovic,Hull City FC (ENG),Midfielder,293213,Amir Hadziahmetovic,https://www.transfermarkt.co.uk/amir-hadziahmetovic/profil/spieler/293213,0.91,exact_name,True,29.0,181.0,right,Defensive Midfield,4200000.0,Hull City,amir hadziahmetovic,hull city fc eng,,,False,wc2026_official_squad_corrected,1997-03-08 00:00:00,,10.0,3.0,2.0,1310.0,79.0,68.0,49.0,19.0,1.0,7.0,5.0,2.0,0.0,0.0,0.0,19.264705882352942,0.620253164556962,0.8607594936708861,16.582278481012658,0.06870229007633588,0.48091603053435117,0.34351145038167935,0.13740458015267176,0.0,0.0,0.0,50.0,2.0,0.04,True,True,True,False,True,True,False,False,False,False,False,True,True,False
bosnia_and_herzegovina_armin_gigovic,team_bosnia_and_herzegovina,Bosnia and Herzegovina,Armin Gigovic,BSC Young Boys (SUI),Midfielder,651269,Armin Gigovic,https://www.transfermarkt.co.uk/armin-gigovic/profil/spieler/651269,0.91,exact_name,True,24.0,187.0,right,Central Midfield,2000000.0,Berner Sport Club Young Boys,armin gigovic,bsc young boys sui,,,False,wc2026_official_squad_corrected,2002-04-06 00:00:00,,11.0,3.0,4.0,1063.0,79.0,73.0,49.0,24.0,10.0,5.0,13.0,0.0,0.0,0.0,0.0,14.561643835616438,0.620253164556962,0.9240506329113924,13.455696202531646,0.8466603951081844,0.4233301975540922,1.1006585136406397,0.0,0.0,0.0,0.0,45.0,3.0,0.06666666666666667,True,True,True,False,True,True,False,False,False,False,False,True,True,False
bosnia_and_herzegovina_benjamin_tahirovic,team_bosnia_and_herzegovina,Bosnia and Herzegovina,Benjamin Tahirovic,Brøndby IF (DEN),Midfielder,787907,Benjamin Tahirović,https://www.transfermarkt.co.uk/benjamin-tahirovic/profil/spieler/787907,0.91,exact_name,True,23.0,191.0,right,Central Midfield,4500000.0,Brøndby Idrætsforening,benjamin tahirovic,br ndby if den,,,False,wc2026_official_squad_corrected,2003-03-03 00:00:00,,15.0,3.0,4.0,835.0,89.0,71.0,48.0,23.0,2.0,6.0,10.0,0.0,0.0,0.0,0.0,11.76056338028169,0.5393258426966292,0.797752808988764,9.382022471910112,0.2155688622754491,0.6467065868263473,1.0778443113772456,0.0,0.0,0.0,0.0,,,,True,True,True,False,True,True,False,False,False,False,False,True,True,False
bosnia_and_herzegovina_dzenis_burnic,team_bosnia_and_herzegovina,Bosnia and Herzegovina,Dzenis Burnic,Karlsruher SC (GER),Midfielder,251295,Dzenis Burnic,https://www.transfermarkt.co.uk/dzenis-burnic/profil/spieler/251295,0.91,exact_name,True,28.0,181.0,left,Defensive Midfield,550000.0,,dzenis burnic,karlsruher sc ger,,,False,wc2026_official_squad_corrected,1998-05-22 00:00:00,,6.0,3.0,1.0,1768.0,71.0,68.0,45.0,23.0,4.0,5.0,20.0,0.0,0.0,0.0,0.0,26.0,0.6338028169014085,0.9577464788732394,24.901408450704224,0.20361990950226247,0.25452488687782804,1.0180995475113122,0.0,0.0,0.0,0.0,60.0,3.0,0.05,True,True,True,False,True,True,False,False,False,False,False,True,True,False
bosnia_and_herzegovina_ermin_mahmic,team_bosnia_and_herzegovina,Bosnia and Herzegovina,Ermin Mahmic,FC Slovan Liberec (CZE),Midfielder,803049,Ermin Mahmic,https://www.transfermarkt.co.uk/ermin-mahmic/profil/spieler/803049,0.94,exact_name,False,21.0,182.0,right,Attacking Midfield,,FC Slovan Liberec,ermin mahmic,fc slovan liberec cze,,,False,wc2026_official_squad_corrected,2005-03-14 00:00:00,,,,,,,,,,,,,,,,,,,,,,,,,,,,,,,True,False,False,False,False,False,False,False,False,False,False,True,True,False
bosnia_and_herzegovina_ivan_basic,team_bosnia_and_herzegovina,Bosnia and Herzegovina,Ivan Basic,FC Astana (KAZ),Midfielder,620560,Ivan Basic,https://www.transfermarkt.co.uk/ivan-basic/profil/spieler/620560,0.91,exact_name,True,24.0,178.0,left,Central Midfield,1000000.0,,ivan basic,fc astana kaz,,,False,wc2026_official_squad_corrected,2002-04-30 00:00:00,,5.0,3.0,2.0,4100.0,76.0,73.0,58.0,15.0,4.0,4.0,14.0,0.0,0.0,0.0,0.0,56.16438356164384,0.7631578947368421,0.9605263157894737,53.94736842105263,0.08780487804878048,0.08780487804878048,0.3073170731707317,0.0,0.0,0.0,0.0,38.0,8.0,0.21052631578947367,True,True,True,False,True,True,False,False,False,False,False,True,True,False
bosnia_and_herzegovina_ivan_sunjic,team_bosnia_and_herzegovina,Bosnia and Herzegovina,Ivan Sunjic,Pafos FC (CYP),Midfielder,226097,Ivan Sunjic,https://www.transfermarkt.co.uk/ivan-sunjic/profil/spieler/226097,0.91,exact_name,True,29.0,185.0,right,Defensive Midfield,1500000.0,,ivan sunjic,pafos fc cyp,,,False,wc2026_official_squad_corrected,1996-10-09 00:00:00,,11.0,3.0,2.0,3811.0,111.0,99.0,83.0,16.0,5.0,7.0,27.0,0.0,0.0,0.0,0.0,38.494949494949495,0.7477477477477478,0.8918918918918919,34.333333333333336,0.11807924429283653,0.16531094200997112,0.6376279191813172,0.0,0.0,0.0,0.0,,,,True,True,True,False,True,True,False,False,False,False,False,True,True,False
brazil_alex_sandro,team_brazil,Brazil,Alex Sandro,CR Flamengo (BRA),Defender,79960,Alex Sandro,https://www.transfermarkt.co.uk/alex-sandro/profil/spieler/79960,0.91,exact_name,True,35.0,181.0,left,Left-Back,2000000.0,Clube de Regatas do Flamengo,alex sandro,cr flamengo bra,,,False,wc2026_official_squad_corrected,1991-01-26 00:00:00,,2.0,1.0,1.0,716.0,29.0,18.0,9.0,9.0,1.0,0.0,1.0,0.0,0.0,0.0,0.0,39.77777777777778,0.3103448275862069,0.6206896551724138,24.689655172413794,0.12569832402234637,0.0,0.12569832402234637,0.0,0.0,0.0,0.0,55.0,2.0,0.03636363636363636,True,True,True,False,True,True,False,False,False,False,False,True,True,False
brazil_bremer,team_brazil,Brazil,Bremer,Juventus FC (ITA),Defender,516716,Bremer,https://www.transfermarkt.co.uk/bremer/profil/spieler/516716,0.91,exact_name,True,29.0,188.0,right,Centre-Back,35000000.0,Juventus Football Club,bremer,juventus fc ita,,,False,wc2026_official_squad_corrected,1997-03-18 00:00:00,,5.0,3.0,1.0,1078.0,52.0,50.0,50.0,0.0,3.0,1.0,11.0,0.0,0.0,0.0,0.0,21.56,0.9615384615384616,0.9615384615384616,20.73076923076923,0.2504638218923933,0.08348794063079777,0.9183673469387754,0.0,0.0,0.0,0.0,5.0,0.0,0.0,True,True,True,False,True,True,False,False,False,False,False,True,True,False
brazil_danilo,team_brazil,Brazil,Danilo,CR Flamengo (BRA),Defender,32816,Danilo,https://www.transfermarkt.co.uk/danilo/profil/spieler/32816,0.91,exact_name,True,42.0,185.0,right,Centre-Back,300000.0,Bologna Football Club 1909,danilo,cr flamengo bra,,,False,wc2026_official_squad_corrected,1984-05-10 00:00:00,,,,,,,,,,,,,,,,,,,,,,,,,,,,,,,True,False,False,False,False,False,False,False,False,False,False,True,True,False
brazil_douglas_santos,team_brazil,Brazil,Douglas Santos,FC Zenit St. Petersburg (RUS),Defender,220793,Douglas Santos,https://www.transfermarkt.co.uk/douglas-santos/profil/spieler/220793,0.95,exact_name,False,32.0,176.0,left,Left-Back,8000000.0,AO FK Zenit Sankt-Peterburg,douglas santos,fc zenit st petersburg rus,,,False,wc2026_official_squad_corrected,1994-03-22 00:00:00,,8.0,3.0,1.0,1305.0,87.0,81.0,71.0,10.0,5.0,8.0,7.0,1.0,0.0,0.0,0.0,16.11111111111111,0.8160919540229885,0.9310344827586207,15.0,0.3448275862068965,0.5517241379310345,0.48275862068965514,0.06896551724137931,0.0,0.0,0.0,22.0,0.0,0.0,True,True,True,False,True,True,False,False,False,False,False,True,True,False
brazil_gabriel_magalhaes,team_brazil,Brazil,Gabriel Magalhaes,Arsenal FC (ENG),Defender,,,,0.0,unmatched,True,,,,,,,gabriel magalhaes,arsenal fc eng,,,False,wc2026_official_squad_corrected,,,,,,,,,,,,,,,,,,,,,,,,,,,,,,,,False,False,False,False,False,False,False,False,False,False,False,True,True,False
brazil_leo_pereira,team_brazil,Brazil,Leo Pereira,CR Flamengo (BRA),Defender,288431,Léo Pereira,https://www.transfermarkt.co.uk/leo-pereira/profil/spieler/288431,0.91,exact_name,True,30.0,189.0,left,Centre-Back,,Clube de Regatas do Flamengo,leo pereira,cr flamengo bra,,,False,wc2026_official_squad_corrected,1996-01-31 00:00:00,,,,,,,,,,,,,,,,,,,,,,,,,,,,14.0,2.0,0.14285714285714285,True,False,False,False,False,False,False,False,False,False,False,True,True,False
brazil_marquinhos,team_brazil,Brazil,Marquinhos,Paris Saint-Germain (FRA),Defender,181767,Marquinhos,https://www.transfermarkt.co.uk/marquinhos/profil/spieler/181767,0.95,exact_name,False,32.0,183.0,right,Centre-Back,30000000.0,Paris Saint-Germain Football Club,marquinhos,paris saint germain fra,,,False,wc2026_official_squad_corrected,1994-05-14 00:00:00,,10.0,3.0,1.0,1133.0,92.0,80.0,74.0,6.0,3.0,2.0,10.0,0.0,0.0,0.0,0.0,14.1625,0.8043478260869565,0.8695652173913043,12.315217391304348,0.23830538393645193,0.1588702559576346,0.7943512797881729,0.0,0.0,0.0,0.0,,,,True,True,True,False,True,True,False,False,False,False,False,True,True,False
brazil_roger_ibanez,team_brazil,Brazil,Roger Ibanez,Al Ahli FC (KSA),Defender,524481,Roger Ibañez,https://www.transfermarkt.co.uk/roger-ibanez/profil/spieler/524481,0.91,exact_name,True,27.0,185.0,right,Centre-Back,28000000.0,Al-Ahli Saudi Football Club,roger ibanez,al ahli fc ksa,,,False,wc2026_official_squad_corrected,1998-11-23 00:00:00,,9.0,3.0,1.0,2191.0,82.0,82.0,82.0,0.0,11.0,5.0,20.0,2.0,0.0,0.0,0.0,26.71951219512195,1.0,1.0,26.71951219512195,0.4518484710178001,0.2053856686444546,0.8215426745778184,0.08215426745778183,0.0,0.0,0.0,,,,True,True,True,False,True,True,False,False,False,False,False,True,True,False
brazil_wesley,team_brazil,Brazil,Wesley,AS Roma (ITA),Defender,964580,Wesley,https://www.transfermarkt.co.uk/wesley/profil/spieler/964580,0.91,exact_name,True,22.0,178.0,right,Right-Back,,Associazione Sportiva Roma,wesley,as roma ita,,,False,wc2026_official_squad_corrected,2003-09-06 00:00:00,,1.0,1.0,1.0,180.0,2.0,2.0,2.0,0.0,1.0,0.0,0.0,0.0,0.0,0.0,0.0,90.0,1.0,1.0,90.0,0.5,0.0,0.0,0.0,0.0,0.0,0.0,3.0,0.0,0.0,True,True,False,False,False,False,False,False,False,False,False,True,True,False
brazil_endrick,team_brazil,Brazil,Endrick,Olympique Lyonnais (FRA),Forward,971570,Endrick,https://www.transfermarkt.co.uk/endrick/profil/spieler/971570,0.99,exact_name,False,19.0,173.0,left,Centre-Forward,,Olympique Lyonnais,endrick,olympique lyonnais fra,,,False,wc2026_official_squad_corrected,2006-07-21 00:00:00,,6.0,1.0,1.0,559.0,61.0,37.0,8.0,29.0,7.0,1.0,4.0,0.0,0.0,0.0,0.0,15.108108108108109,0.13114754098360656,0.6065573770491803,9.163934426229508,1.1270125223613596,0.16100178890876565,0.6440071556350626,0.0,0.0,0.0,0.0,,,,True,True,True,False,True,True,False,False,False,False,False,True,True,False
brazil_gabriel_martinelli,team_brazil,Brazil,Gabriel Martinelli,Arsenal FC (ENG),Forward,655488,Gabriel Martinelli,https://www.transfermarkt.co.uk/gabriel-martinelli/profil/spieler/655488,0.91,exact_name,True,24.0,178.0,right,Left Winger,45000000.0,Arsenal Football Club,gabriel martinelli,arsenal fc eng,,,False,wc2026_official_squad_corrected,2001-06-18 00:00:00,,10.0,3.0,1.0,1336.0,101.0,97.0,73.0,24.0,18.0,11.0,4.0,0.0,0.0,0.0,0.0,13.77319587628866,0.7227722772277227,0.9603960396039604,13.227722772277227,1.2125748502994012,0.7410179640718564,0.2694610778443114,0.0,0.0,0.0,0.0,25.0,2.0,0.08,True,True,True,False,True,True,False,False,False,False,False,True,True,False
brazil_igor_thiago,team_brazil,Brazil,Igor Thiago,Brentford FC (ENG),Forward,739443,Igor Thiago,https://www.transfermarkt.co.uk/igor-thiago/profil/spieler/739443,0.91,exact_name,True,24.0,191.0,right,Centre-Forward,25000000.0,Brentford Football Club,igor thiago,brentford fc eng,,,False,wc2026_official_squad_corrected,2001-06-26 00:00:00,,8.0,3.0,2.0,1053.0,67.0,67.0,52.0,15.0,32.0,6.0,14.0,1.0,9.0,0.0,0.0,15.716417910447761,0.7761194029850746,1.0,15.716417910447761,2.735042735042735,0.5128205128205129,1.1965811965811965,0.08547008547008547,0.7692307692307693,0.0,0.0,,,,True,True,True,False,True,True,False,False,False,False,False,True,True,False
brazil_luiz_henrique,team_brazil,Brazil,Luiz Henrique,FC Zenit St. Petersburg (RUS),Forward,800175,Luiz Henrique,https://www.transfermarkt.co.uk/luiz-henrique/profil/spieler/800175,0.95,exact_name,False,25.0,182.0,left,Right Winger,24000000.0,AO FK Zenit Sankt-Peterburg,luiz henrique,fc zenit st petersburg rus,,,False,wc2026_official_squad_corrected,2001-01-02 00:00:00,,8.0,3.0,3.0,611.0,46.0,41.0,30.0,11.0,3.0,7.0,5.0,0.0,0.0,0.0,0.0,14.902439024390244,0.6521739130434783,0.8913043478260869,13.282608695652174,0.44189852700491,1.0310965630114566,0.7364975450081833,0.0,0.0,0.0,0.0,9.0,2.0,0.2222222222222222,True,True,True,False,True,True,False,False,False,False,False,True,True,False
brazil_matheus_cunha,team_brazil,Brazil,Matheus Cunha,Manchester United FC (ENG),Forward,517894,Matheus Cunha,https://www.transfermarkt.co.uk/matheus-cunha/profil/spieler/517894,0.91,exact_name,True,27.0,183.0,right,Left Winger,45000000.0,Manchester United Football Club,matheus cunha,manchester united fc eng,,,False,wc2026_official_squad_corrected,1999-05-27 00:00:00,,8.0,3.0,2.0,629.0,77.0,76.0,67.0,9.0,31.0,14.0,12.0,1.0,2.0,0.0,0.0,8.276315789473685,0.8701298701298701,0.987012987012987,8.168831168831169,4.4356120826709065,2.0031796502384736,1.7170111287758345,0.14308426073131955,0.2861685214626391,0.0,0.0,38.0,20.0,0.5263157894736842,True,True,True,False,True,True,False,False,False,False,False,True,True,False
brazil_neymar_jr,team_brazil,Brazil,Neymar Jr,Santos FC (BRA),Forward,,,,0.0,unmatched,True,,,,,,,neymar jr,santos fc bra,,,False,wc2026_official_squad_corrected,,,,,,,,,,,,,,,,,,,,,,,,,,,,,,,,False,False,False,False,False,False,False,False,False,False,False,True,True,False
brazil_raphinha,team_brazil,Brazil,Raphinha,FC Barcelona (ESP),Forward,411295,Raphinha,https://www.transfermarkt.co.uk/raphinha/profil/spieler/411295,0.91,exact_name,True,29.0,176.0,left,Left Winger,50000000.0,Futbol Club Barcelona,raphinha,fc barcelona esp,,,False,wc2026_official_squad_corrected,1996-12-14 00:00:00,,9.0,3.0,1.0,1440.0,101.0,97.0,81.0,16.0,45.0,39.0,12.0,1.0,3.0,0.0,0.0,14.845360824742269,0.801980198019802,0.9603960396039604,14.257425742574258,2.8125,2.4375,0.75,0.0625,0.1875,0.0,0.0,36.0,11.0,0.3055555555555556,True,True,True,False,True,True,False,False,False,False,False,True,True,False
brazil_rayan,team_brazil,Brazil,Rayan,AFC Bournemouth (ENG),Forward,1012564,Rayan,https://www.transfermarkt.co.uk/rayan/profil/spieler/1012564,0.91,exact_name,True,19.0,185.0,left,Right Winger,,Association Football Club Bournemouth,rayan,afc bournemouth eng,,,False,wc2026_official_squad_corrected,2006-08-03 00:00:00,,,,,,,,,,,,,,,,,,,,,,,,,,,,,,,True,False,False,False,False,False,False,False,False,False,False,True,True,False
brazil_vinicius_junior,team_brazil,Brazil,Vinicius Junior,Real Madrid C. F. (ESP),Forward,371998,Vinicius Junior,https://www.transfermarkt.co.uk/vinicius-junior/profil/spieler/371998,0.91,exact_name,True,25.0,176.0,right,Left Winger,180000000.0,Real Madrid Club de Fútbol,vinicius junior,real madrid c f esp,,,False,wc2026_official_squad_corrected,2000-07-12 00:00:00,,11.0,3.0,1.0,1329.0,97.0,94.0,81.0,13.0,47.0,30.0,27.0,1.0,7.0,0.0,0.0,14.138297872340425,0.8350515463917526,0.9690721649484536,13.70103092783505,3.1828442437923252,2.0316027088036117,1.8284424379232505,0.06772009029345372,0.47404063205417607,0.0,0.0,70.0,30.0,0.42857142857142855,True,True,True,False,True,True,False,False,False,False,False,True,True,False
brazil_alisson,team_brazil,Brazil,Alisson,Liverpool FC (ENG),Goalkeeper,105470,Alisson,https://www.transfermarkt.co.uk/alisson/profil/spieler/105470,0.91,exact_name,True,33.0,193.0,right,Goalkeeper,17000000.0,Liverpool Football Club,alisson,liverpool fc eng,,,False,wc2026_official_squad_corrected,1992-10-02 00:00:00,,9.0,3.0,1.0,6409.0,77.0,71.0,71.0,0.0,0.0,0.0,1.0,0.0,0.0,71.0,25.0,90.26760563380282,0.922077922077922,0.922077922077922,83.23376623376623,0.0,0.0,0.014042752379466375,0.0,0.0,0.9970354189421127,0.3510688094866594,90.0,0.0,0.0,True,True,True,True,True,False,True,False,False,False,False,False,True,True
brazil_ederson,team_brazil,Brazil,Ederson,Fenerbahçe SK (TUR),Goalkeeper,238223,Ederson,https://www.transfermarkt.co.uk/ederson/profil/spieler/238223,0.91,exact_name,True,32.0,188.0,left,Goalkeeper,15000000.0,Fenerbahçe Spor Kulübü,ederson,fenerbahce sk tur,,,False,wc2026_official_squad_corrected,1993-08-17 00:00:00,,12.0,3.0,1.0,6849.0,101.0,78.0,78.0,0.0,0.0,0.0,9.0,0.0,0.0,82.0,26.0,87.8076923076923,0.7722772277227723,0.7722772277227723,67.81188118811882,0.0,0.0,0.11826544021024968,0.0,0.0,1.0775295663600526,0.3416557161629435,34.0,0.0,0.0,True,True,True,True,True,False,True,False,False,False,False,False,True,True
brazil_weverton,team_brazil,Brazil,Weverton,Grêmio FBPA (BRA),Goalkeeper,69400,Weverton,https://www.transfermarkt.co.uk/weverton/profil/spieler/69400,0.91,exact_name,True,38.0,189.0,right,Goalkeeper,,Grêmio Foot-Ball Porto Alegrense,weverton,gremio fbpa bra,,,False,wc2026_official_squad_corrected,1987-12-13 00:00:00,,,,,,,,,,,,,,,,,,,,,,,,,,,,16.0,0.0,0.0,True,False,False,True,False,False,False,False,False,False,False,False,True,True
brazil_bruno_guimaraes,team_brazil,Brazil,Bruno Guimaraes,Newcastle United FC (ENG),Midfielder,520624,Bruno Guimarães,https://www.transfermarkt.co.uk/bruno-guimaraes/profil/spieler/520624,0.91,exact_name,True,28.0,182.0,right,Central Midfield,75000000.0,Newcastle United Football Club,bruno guimaraes,newcastle united fc eng,,,False,wc2026_official_squad_corrected,1997-11-16 00:00:00,,8.0,3.0,1.0,1394.0,100.0,100.0,93.0,7.0,13.0,18.0,25.0,0.0,0.0,0.0,0.0,13.94,0.93,1.0,13.94,0.8393113342898134,1.1621233859397417,1.6140602582496413,0.0,0.0,0.0,0.0,,,,True,True,True,False,True,True,False,False,False,False,False,True,True,False
brazil_casemiro,team_brazil,Brazil,Casemiro,Manchester United FC (ENG),Midfielder,16306,Casemiro,https://www.transfermarkt.co.uk/casemiro/profil/spieler/16306,0.91,exact_name,True,34.0,185.0,right,Defensive Midfield,8000000.0,Manchester United Football Club,casemiro,manchester united fc eng,,,False,wc2026_official_squad_corrected,1992-02-23 00:00:00,,11.0,3.0,1.0,4572.0,97.0,77.0,65.0,12.0,10.0,6.0,18.0,1.0,0.0,0.0,0.0,59.37662337662338,0.6701030927835051,0.7938144329896907,47.134020618556704,0.1968503937007874,0.11811023622047244,0.3543307086614173,0.01968503937007874,0.0,0.0,0.0,100.0,11.0,0.11,True,True,True,False,True,True,False,False,False,False,False,True,True,False
brazil_danilo_santos,team_brazil,Brazil,Danilo Santos,Botafogo (BRA),Midfielder,,,,0.0,unmatched,True,,,,,,,danilo santos,botafogo bra,,,False,wc2026_official_squad_corrected,,,,,,,,,,,,,,,,,,,,,,,,,,,,,,,,False,False,False,False,False,False,False,False,False,False,False,True,True,False
brazil_fabinho,team_brazil,Brazil,Fabinho,Al Ittihad (KSA),Midfielder,225693,Fabinho,https://www.transfermarkt.co.uk/fabinho/profil/spieler/225693,0.91,exact_name,True,32.0,188.0,right,Defensive Midfield,38000000.0,Al-Ittihad Football Club,fabinho,al ittihad ksa,,,False,wc2026_official_squad_corrected,1993-10-23 00:00:00,,7.0,3.0,1.0,3459.0,68.0,68.0,66.0,2.0,4.0,6.0,12.0,1.0,1.0,0.0,0.0,50.86764705882353,0.9705882352941176,1.0,50.86764705882353,0.10407632263660019,0.15611448395490027,0.31222896790980054,0.026019080659150047,0.026019080659150047,0.0,0.0,40.0,0.0,0.0,True,True,True,False,True,True,False,False,False,False,False,True,True,False
brazil_lucas_paqueta,team_brazil,Brazil,Lucas Paqueta,CR Flamengo (BRA),Midfielder,444523,Lucas Paquetá,https://www.transfermarkt.co.uk/lucas-paqueta/profil/spieler/444523,0.86,exact_name,True,28.0,180.0,left,Attacking Midfield,35000000.0,Clube de Regatas do Flamengo,lucas paqueta,cr flamengo bra,,,False,wc2026_official_squad_corrected,1997-08-27 00:00:00,,9.0,3.0,1.0,1747.0,84.0,83.0,73.0,10.0,16.0,7.0,23.0,0.0,5.0,0.0,0.0,21.048192771084338,0.8690476190476191,0.9880952380952381,20.797619047619047,0.824270177447052,0.3606182026330853,1.1848883800801375,0.0,0.25758443045220375,0.0,0.0,65.0,13.0,0.2,True,True,True,False,True,True,False,False,False,False,False,True,True,False
canada_alfie_jones,team_canada,Canada,Alfie Jones,Middlesbrough FC (ENG),Defender,340990,Alfie Jones,https://www.transfermarkt.co.uk/alfie-jones/profil/spieler/340990,0.99,exact_name,False,28.0,191.0,right,Centre-Back,2500000.0,Middlesbrough FC,alfie jones,middlesbrough fc eng,,,False,wc2026_official_squad_corrected,1997-10-07 00:00:00,,8.0,3.0,2.0,4410.0,99.0,93.0,88.0,5.0,2.0,3.0,15.0,0.0,0.0,0.0,0.0,47.41935483870968,0.8888888888888888,0.9393939393939394,44.54545454545455,0.04081632653061225,0.061224489795918366,0.30612244897959184,0.0,0.0,0.0,0.0,,,,True,True,True,False,True,True,False,False,False,False,False,True,True,False
canada_alistair_johnston,team_canada,Canada,Alistair Johnston,Celtic FC (SCO),Defender,637446,Alistair Johnston,https://www.transfermarkt.co.uk/alistair-johnston/profil/spieler/637446,0.91,exact_name,True,27.0,180.0,right,Right-Back,8000000.0,The Celtic Football Club,alistair johnston,celtic fc sco,,,False,wc2026_official_squad_corrected,1998-10-08 00:00:00,,12.0,3.0,1.0,2970.0,100.0,95.0,93.0,2.0,6.0,20.0,12.0,0.0,0.0,0.0,0.0,31.263157894736842,0.93,0.95,29.7,0.18181818181818182,0.6060606060606061,0.36363636363636365,0.0,0.0,0.0,0.0,,,,True,True,True,False,True,True,False,False,False,False,False,True,True,False
canada_alphonso_davies,team_canada,Canada,Alphonso Davies,FC Bayern München (GER),Defender,424204,Alphonso Davies,https://www.transfermarkt.co.uk/alphonso-davies/profil/spieler/424204,0.99,exact_name,False,25.0,185.0,left,Left-Back,50000000.0,FC Bayern München,alphonso davies,fc bayern munchen ger,,,False,wc2026_official_squad_corrected,2000-11-02 00:00:00,,7.0,2.0,1.0,3651.0,77.0,73.0,61.0,12.0,6.0,10.0,3.0,0.0,0.0,0.0,0.0,50.013698630136986,0.7922077922077922,0.948051948051948,47.41558441558441,0.14790468364831552,0.24650780608052586,0.07395234182415776,0.0,0.0,0.0,0.0,59.0,15.0,0.2542372881355932,True,True,True,False,True,True,False,False,False,False,False,True,True,False
canada_derek_cornelius,team_canada,Canada,Derek Cornelius,Rangers FC (SCO),Defender,328609,Derek Cornelius,https://www.transfermarkt.co.uk/derek-cornelius/profil/spieler/328609,0.91,exact_name,True,28.0,187.0,left,Centre-Back,4000000.0,Olympique de Marseille,derek cornelius,rangers fc sco,,,False,wc2026_official_squad_corrected,1997-11-25 00:00:00,,4.0,3.0,2.0,0.0,40.0,32.0,24.0,8.0,0.0,0.0,5.0,2.0,0.0,0.0,0.0,0.0,0.6,0.8,0.0,,,,,,,,43.0,1.0,0.023255813953488372,True,False,False,False,False,False,False,False,False,False,False,True,True,False
canada_joel_waterman,team_canada,Canada,Joel Waterman,Chicago Fire FC (USA),Defender,441738,Joel Waterman,https://www.transfermarkt.co.uk/joel-waterman/profil/spieler/441738,0.91,exact_name,True,30.0,188.0,right,Centre-Back,,Chicago Fire Soccer Club,joel waterman,chicago fire fc usa,,,False,wc2026_official_squad_corrected,1996-01-24 00:00:00,,,,,,,,,,,,,,,,,,,,,,,,,,,,11.0,0.0,0.0,True,False,False,False,False,False,False,False,False,False,False,True,True,False
canada_luc_de_fougerolles,team_canada,Canada,Luc de Fougerolles,FCV Dender EH (BEL),Defender,921995,Luc De Fougerolles,https://www.transfermarkt.co.uk/luc-de-fougerolles/profil/spieler/921995,0.91,exact_name,True,20.0,183.0,right,Centre-Back,300000.0,FC Verbroedering Denderhoutem Denderleeuw Eendracht Hekelgem,luc de fougerolles,fcv dender eh bel,,,False,wc2026_official_squad_corrected,2005-10-12 00:00:00,,12.0,3.0,4.0,0.0,37.0,30.0,28.0,2.0,0.0,1.0,4.0,1.0,0.0,0.0,0.0,0.0,0.7567567567567568,0.8108108108108109,0.0,,,,,,,,,,,True,False,False,False,False,False,False,False,False,False,False,True,True,False
canada_moise_bombito,team_canada,Canada,Moise Bombito,OGC Nice (FRA),Defender,1089202,Moïse Bombito,https://www.transfermarkt.co.uk/moise-bombito/profil/spieler/1089202,0.91,exact_name,True,26.0,190.0,right,Centre-Back,8000000.0,Olympique Gymnaste Club Nice Côte d'Azur,moise bombito,ogc nice fra,,,False,wc2026_official_squad_corrected,2000-03-30 00:00:00,,3.0,1.0,1.0,0.0,35.0,35.0,33.0,2.0,0.0,0.0,6.0,1.0,0.0,0.0,0.0,0.0,0.9428571428571428,1.0,0.0,,,,,,,,,,,True,False,False,False,False,False,False,False,False,False,False,True,True,False
canada_niko_sigur,team_canada,Canada,Niko Sigur,HNK Hajduk Split (CRO),Defender,1045375,Niko Sigur,https://www.transfermarkt.co.uk/niko-sigur/profil/spieler/1045375,0.94,exact_name,False,22.0,180.0,right,Defensive Midfield,,HNK Hajduk Split,niko sigur,hnk hajduk split cro,,,False,wc2026_official_squad_corrected,2003-09-09 00:00:00,,9.0,3.0,1.0,3267.0,80.0,78.0,60.0,18.0,4.0,2.0,15.0,0.0,0.0,0.0,0.0,41.88461538461539,0.75,0.975,40.8375,0.11019283746556474,0.05509641873278237,0.4132231404958678,0.0,0.0,0.0,0.0,,,,True,True,True,False,True,True,False,False,False,False,False,True,True,False
canada_richie_laryea,team_canada,Canada,Richie Laryea,Toronto FC (CAN),Defender,417348,Richie Laryea,https://www.transfermarkt.co.uk/richie-laryea/profil/spieler/417348,0.95,exact_name,False,31.0,175.0,right,Right-Back,,Toronto FC,richie laryea,toronto fc can,,,False,wc2026_official_squad_corrected,1995-01-07 00:00:00,,,,,,,,,,,,,,,,,,,,,,,,,,,,68.0,2.0,0.029411764705882353,True,False,False,False,False,False,False,False,False,False,False,True,True,False
canada_ali_ahmed,team_canada,Canada,Ali Ahmed,Norwich City FC (ENG),Forward,,,,0.0,unmatched,True,,,,,,,ali ahmed,norwich city fc eng,,,False,wc2026_official_squad_corrected,,,,,,,,,,,,,,,,,,,,,,,,,,,,,,,,False,False,False,False,False,False,False,False,False,False,False,True,True,False
canada_cyle_larin,team_canada,Canada,Cyle Larin,Southampton FC (ENG),Forward,343463,Cyle Larin,https://www.transfermarkt.co.uk/cyle-larin/profil/spieler/343463,0.91,exact_name,True,31.0,188.0,right,Centre-Forward,3500000.0,Real Club Deportivo Mallorca S.A.D.,cyle larin,southampton fc eng,,,False,wc2026_official_squad_corrected,1995-04-17 00:00:00,,5.0,2.0,1.0,970.0,83.0,76.0,47.0,29.0,14.0,5.0,12.0,0.0,1.0,0.0,0.0,12.763157894736842,0.5662650602409639,0.9156626506024096,11.686746987951807,1.2989690721649485,0.4639175257731959,1.1134020618556701,0.0,0.09278350515463918,0.0,0.0,91.0,31.0,0.34065934065934067,True,True,True,False,True,True,False,False,False,False,False,True,True,False
canada_jonathan_david,team_canada,Canada,Jonathan David,Juventus FC (ITA),Forward,533738,Jonathan David,https://www.transfermarkt.co.uk/jonathan-david/profil/spieler/533738,0.91,exact_name,True,26.0,178.0,both,Centre-Forward,35000000.0,Juventus Football Club,jonathan david,juventus fc ita,,,False,wc2026_official_squad_corrected,2000-01-14 00:00:00,,9.0,3.0,2.0,1195.0,99.0,98.0,85.0,13.0,52.0,21.0,11.0,0.0,12.0,0.0,0.0,12.193877551020408,0.8585858585858586,0.98989898989899,12.070707070707071,3.9163179916317987,1.5815899581589958,0.8284518828451883,0.0,0.9037656903765691,0.0,0.0,73.0,39.0,0.5342465753424658,True,True,True,False,True,True,False,False,False,False,False,True,True,False
canada_promise_david,team_canada,Canada,Promise David,Royale Union Saint-Gilloise (BEL),Forward,888785,Promise David,https://www.transfermarkt.co.uk/promise-david/profil/spieler/888785,0.99,exact_name,False,24.0,195.0,right,Centre-Forward,13000000.0,Royale Union Saint-Gilloise,promise david,royale union saint gilloise bel,,,False,wc2026_official_squad_corrected,2001-07-03 00:00:00,,,,,,,,,,,,,,,,,,,,,,,,,,,,5.0,2.0,0.4,True,False,False,False,False,False,False,False,False,False,False,True,True,False
canada_tajon_buchanan,team_canada,Canada,Tajon Buchanan,Villarreal CF (ESP),Forward,638793,Tajon Buchanan,https://www.transfermarkt.co.uk/tajon-buchanan/profil/spieler/638793,0.91,exact_name,True,27.0,183.0,right,Right Winger,8000000.0,Villarreal Club de Fútbol S.A.D.,tajon buchanan,villarreal cf esp,,,False,wc2026_official_squad_corrected,1999-02-08 00:00:00,,13.0,3.0,3.0,1441.0,87.0,53.0,25.0,28.0,8.0,6.0,4.0,0.0,0.0,0.0,0.0,27.18867924528302,0.28735632183908044,0.6091954022988506,16.563218390804597,0.4996530187369882,0.3747397640527411,0.2498265093684941,0.0,0.0,0.0,0.0,56.0,10.0,0.17857142857142858,True,True,True,False,True,True,False,False,False,False,False,True,True,False
canada_tani_oluwaseyi,team_canada,Canada,Tani Oluwaseyi,Villarreal CF (ESP),Forward,972465,Tani Oluwaseyi,https://www.transfermarkt.co.uk/tani-oluwaseyi/profil/spieler/972465,0.91,exact_name,True,26.0,187.0,left,Centre-Forward,,Villarreal Club de Fútbol S.A.D.,tani oluwaseyi,villarreal cf esp,,,False,wc2026_official_squad_corrected,2000-05-15 00:00:00,,1.0,1.0,1.0,0.0,1.0,1.0,0.0,1.0,0.0,0.0,0.0,0.0,0.0,0.0,0.0,0.0,0.0,1.0,0.0,,,,,,,,15.0,2.0,0.13333333333333333,True,False,False,False,False,False,False,False,False,False,False,True,True,False
canada_dayne_st_clair,team_canada,Canada,Dayne St. Clair,Inter Miami CF (USA),Goalkeeper,439750,Dayne St. Clair,https://www.transfermarkt.co.uk/dayne-st-clair/profil/spieler/439750,0.91,exact_name,True,29.0,191.0,left,Goalkeeper,,Club Internacional de Fútbol Miami,dayne st clair,inter miami cf usa,,,False,wc2026_official_squad_corrected,1997-05-09 00:00:00,,,,,,,,,,,,,,,,,,,,,,,,,,,,,,,True,False,False,True,False,False,False,False,False,False,False,False,True,True
canada_maxime_crepeau,team_canada,Canada,Maxime Crepeau,Orlando City SC (USA),Goalkeeper,189014,Maxime Crépeau,https://www.transfermarkt.co.uk/maxime-crepeau/profil/spieler/189014,0.95,exact_name,False,32.0,180.0,right,Goalkeeper,,Orlando City Soccer Club,maxime crepeau,orlando city sc usa,,,False,wc2026_official_squad_corrected,1994-05-11 00:00:00,,,,,,,,,,,,,,,,,,,,,,,,,,,,33.0,0.0,0.0,True,False,False,True,False,False,False,False,False,False,False,False,True,True
canada_owen_goodman,team_canada,Canada,Owen Goodman,Barnsley (ENG),Goalkeeper,814848,Owen Goodman,https://www.transfermarkt.co.uk/owen-goodman/profil/spieler/814848,0.91,exact_name,True,22.0,193.0,left,Goalkeeper,150000.0,,owen goodman,barnsley eng,,,False,wc2026_official_squad_corrected,2003-11-27 00:00:00,,12.0,3.0,3.0,8946.0,113.0,100.0,100.0,0.0,0.0,1.0,5.0,0.0,0.0,110.0,33.0,89.46,0.8849557522123894,0.8849557522123894,79.16814159292035,0.0,0.01006036217303823,0.05030181086519114,0.0,0.0,1.1066398390342052,0.3319919517102616,3.0,0.0,0.0,True,True,True,True,True,False,True,False,False,False,False,False,True,True
canada_ismael_kone,team_canada,Canada,Ismael Kone,US Sassuolo (ITA),Midfielder,921655,Ismaël Koné,https://www.transfermarkt.co.uk/ismael-kone/profil/spieler/921655,0.91,exact_name,True,23.0,188.0,right,Central Midfield,14000000.0,Unione Sportiva Sassuolo Calcio,ismael kone,us sassuolo ita,,,False,wc2026_official_squad_corrected,2002-06-16 00:00:00,,8.0,3.0,4.0,872.0,81.0,70.0,40.0,30.0,6.0,4.0,6.0,1.0,0.0,0.0,0.0,12.457142857142857,0.49382716049382713,0.8641975308641975,10.765432098765432,0.6192660550458716,0.41284403669724773,0.6192660550458716,0.10321100917431193,0.0,0.0,0.0,32.0,3.0,0.09375,True,True,True,False,True,True,False,False,False,False,False,True,True,False
canada_jacob_shaffelburg,team_canada,Canada,Jacob Shaffelburg,LAFC (USA),Midfielder,637632,Jacob Shaffelburg,https://www.transfermarkt.co.uk/jacob-shaffelburg/profil/spieler/637632,0.86,exact_name,True,26.0,181.0,left,Left Winger,,Los Angeles Football Club,jacob shaffelburg,lafc usa,,,False,wc2026_official_squad_corrected,1999-11-26 00:00:00,,1.0,1.0,1.0,137.0,4.0,4.0,3.0,1.0,2.0,2.0,0.0,0.0,0.0,0.0,0.0,34.25,0.75,1.0,34.25,1.313868613138686,1.313868613138686,0.0,0.0,0.0,0.0,0.0,27.0,6.0,0.2222222222222222,True,True,False,False,False,False,False,False,False,False,False,True,True,False
canada_jonathan_osorio,team_canada,Canada,Jonathan Osorio,Toronto FC (CAN),Midfielder,260807,Jonathan Osorio,https://www.transfermarkt.co.uk/jonathan-osorio/profil/spieler/260807,0.95,exact_name,False,33.0,175.0,both,Central Midfield,,Toronto FC,jonathan osorio,toronto fc can,,,False,wc2026_official_squad_corrected,1992-06-12 00:00:00,,,,,,,,,,,,,,,,,,,,,,,,,,,,88.0,9.0,0.10227272727272728,True,False,False,False,False,False,False,False,False,False,False,True,True,False
canada_liam_millar,team_canada,Canada,Liam Millar,Hull City FC (ENG),Midfielder,487417,Liam Millar,https://www.transfermarkt.co.uk/liam-millar/profil/spieler/487417,0.86,exact_name,True,26.0,181.0,right,Left Winger,1700000.0,Kilmarnock Football Club,liam millar,hull city fc eng,,,False,wc2026_official_squad_corrected,1999-09-27 00:00:00,,7.0,2.0,3.0,1161.0,54.0,54.0,40.0,14.0,8.0,8.0,7.0,0.0,0.0,0.0,0.0,21.5,0.7407407407407407,1.0,21.5,0.6201550387596899,0.6201550387596899,0.5426356589147286,0.0,0.0,0.0,0.0,41.0,1.0,0.024390243902439025,True,True,True,False,True,True,False,False,False,False,False,True,True,False
canada_marcelo_flores,team_canada,Canada,Marcelo Flores,Tigres UANL (MEX),Midfielder,668495,Marcelo Flores,https://www.transfermarkt.co.uk/marcelo-flores/profil/spieler/668495,0.86,exact_name,True,22.0,164.0,right,Left Winger,800000.0,Club Tigres UANL Sinergia Deportiva S.A. de C.V.,marcelo flores,tigres uanl mex,,,False,wc2026_official_squad_corrected,2003-10-01 00:00:00,,14.0,3.0,3.0,748.0,87.0,66.0,25.0,41.0,9.0,3.0,2.0,0.0,0.0,0.0,0.0,11.333333333333334,0.28735632183908044,0.7586206896551724,8.597701149425287,1.0828877005347592,0.36096256684491984,0.24064171122994651,0.0,0.0,0.0,0.0,26.0,5.0,0.19230769230769232,True,True,True,False,True,True,False,False,False,False,False,True,True,False
canada_mathieu_choiniere,team_canada,Canada,Mathieu Choiniere,LAFC (USA),Midfielder,589006,Mathieu Choinière,https://www.transfermarkt.co.uk/mathieu-choiniere/profil/spieler/589006,0.91,exact_name,True,27.0,175.0,right,Central Midfield,,Los Angeles Football Club,mathieu choiniere,lafc usa,,,False,wc2026_official_squad_corrected,1999-02-07 00:00:00,,2.0,1.0,1.0,824.0,23.0,18.0,8.0,10.0,1.0,0.0,2.0,0.0,0.0,0.0,0.0,45.77777777777778,0.34782608695652173,0.782608695652174,35.82608695652174,0.10922330097087378,0.0,0.21844660194174756,0.0,0.0,0.0,0.0,,,,True,True,True,False,True,True,False,False,False,False,False,True,True,False
canada_nathan_saliba,team_canada,Canada,Nathan Saliba,RSC Anderlecht (BEL),Midfielder,,,,0.0,unmatched,True,,,,,,,nathan saliba,rsc anderlecht bel,,,False,wc2026_official_squad_corrected,,,,,,,,,,,,,,,,,,,,,,,,,,,,,,,,False,False,False,False,False,False,False,False,False,False,False,True,True,False
canada_stephen_eustaquio,team_canada,Canada,Stephen Eustaquio,LAFC (USA),Midfielder,512913,Stephen Eustaquio,https://www.transfermarkt.co.uk/stephen-eustaquio/profil/spieler/512913,0.91,exact_name,True,29.0,177.0,right,Central Midfield,11000000.0,Los Angeles Football Club,stephen eustaquio,lafc usa,,,False,wc2026_official_squad_corrected,1996-12-21 00:00:00,,11.0,3.0,1.0,2098.0,95.0,85.0,56.0,29.0,5.0,5.0,14.0,1.0,0.0,0.0,0.0,24.68235294117647,0.5894736842105263,0.8947368421052632,22.08421052631579,0.21448999046711154,0.21448999046711154,0.6005719733079123,0.042897998093422304,0.0,0.0,0.0,58.0,4.0,0.06896551724137931,True,True,True,False,True,True,False,False,False,False,False,True,True,False
cape_verde_diney_borges,team_cape_verde,Cape Verde,Diney Borges,Al Bataeh Club (UAE),Defender,349570,Diney Borges,https://www.transfermarkt.co.uk/diney-borges/profil/spieler/349570,0.91,exact_name,True,31.0,185.0,right,Centre-Back,1000000.0,CS Marítimo,diney borges,al bataeh club uae,,,False,wc2026_official_squad_corrected,1995-01-17 00:00:00,,,,,,,,,,,,,,,,,,,,,,,,,,,,,,,True,False,False,False,False,False,False,False,False,False,False,True,True,False
cape_verde_kelvin_pires,team_cape_verde,Cape Verde,Kelvin Pires,SJK (FIN),Defender,,,,0.0,unmatched,True,,,,,,,kelvin pires,sjk fin,,,False,wc2026_official_squad_corrected,,,,,,,,,,,,,,,,,,,,,,,,,,,,,,,,False,False,False,False,False,False,False,False,False,False,False,True,True,False
cape_verde_logan_costa,team_cape_verde,Cape Verde,Logan Costa,Villarreal CF (ESP),Defender,484988,Logan Costa,https://www.transfermarkt.co.uk/logan-costa/profil/spieler/484988,0.91,exact_name,True,25.0,190.0,right,Centre-Back,18000000.0,Villarreal Club de Fútbol S.A.D.,logan costa,villarreal cf esp,,,False,wc2026_official_squad_corrected,2001-04-01 00:00:00,,5.0,2.0,2.0,3938.0,76.0,73.0,67.0,6.0,3.0,2.0,9.0,1.0,0.0,0.0,0.0,53.945205479452056,0.881578947368421,0.9605263157894737,51.81578947368421,0.06856272219400711,0.0457084814626714,0.20568816658202133,0.0228542407313357,0.0,0.0,0.0,,,,True,True,True,False,True,True,False,False,False,False,False,True,True,False
cape_verde_pico_lopes,team_cape_verde,Cape Verde,Pico Lopes,Shamrock Rovers FC (IRL),Defender,,,,0.0,unmatched,True,,,,,,,pico lopes,shamrock rovers fc irl,,,False,wc2026_official_squad_corrected,,,,,,,,,,,,,,,,,,,,,,,,,,,,,,,,False,False,False,False,False,False,False,False,False,False,False,True,True,False
cape_verde_sidny_lopes_cabral,team_cape_verde,Cape Verde,Sidny Lopes Cabral,SL Benfica (POR),Defender,611855,Sidny Lopes Cabral,https://www.transfermarkt.co.uk/sidny-lopes-cabral/profil/spieler/611855,0.91,exact_name,True,23.0,176.0,both,Right-Back,,Sport Lisboa e Benfica,sidny lopes cabral,sl benfica por,,,False,wc2026_official_squad_corrected,2002-09-18 00:00:00,,7.0,3.0,3.0,2252.0,75.0,72.0,57.0,15.0,4.0,13.0,19.0,0.0,0.0,0.0,0.0,31.27777777777778,0.76,0.96,30.026666666666667,0.15985790408525755,0.5195381882770871,0.7593250444049733,0.0,0.0,0.0,0.0,,,,True,True,True,False,True,True,False,False,False,False,False,True,True,False
cape_verde_steven_moreira,team_cape_verde,Cape Verde,Steven Moreira,Columbus Crew (USA),Defender,203517,Steven Moreira,https://www.transfermarkt.co.uk/steven-moreira/profil/spieler/203517,0.95,exact_name,False,31.0,180.0,right,Right-Back,1500000.0,Columbus Crew,steven moreira,columbus crew usa,,,False,wc2026_official_squad_corrected,1994-08-13 00:00:00,,2.0,2.0,1.0,0.0,9.0,9.0,9.0,0.0,0.0,0.0,1.0,0.0,0.0,0.0,0.0,0.0,1.0,1.0,0.0,,,,,,,,29.0,0.0,0.0,True,False,False,False,False,False,False,False,False,False,False,True,True,False
cape_verde_stopira,team_cape_verde,Cape Verde,Stopira,SCU Torreense (POR),Defender,,,,0.0,unmatched,True,,,,,,,stopira,scu torreense por,,,False,wc2026_official_squad_corrected,,,,,,,,,,,,,,,,,,,,,,,,,,,,,,,,False,False,False,False,False,False,False,False,False,False,False,True,True,False
cape_verde_wagner_pina,team_cape_verde,Cape Verde,Wagner Pina,Trabzonspor (TUR),Defender,1072017,Wagner Pina,https://www.transfermarkt.co.uk/wagner-pina/profil/spieler/1072017,0.95,exact_name,False,23.0,180.0,right,Right-Back,7000000.0,Trabzonspor Kulübü,wagner pina,trabzonspor tur,,,False,wc2026_official_squad_corrected,2002-11-03 00:00:00,,8.0,3.0,3.0,1185.0,78.0,74.0,57.0,17.0,2.0,6.0,13.0,1.0,0.0,0.0,0.0,16.013513513513512,0.7307692307692307,0.9487179487179487,15.192307692307692,0.1518987341772152,0.45569620253164556,0.9873417721518988,0.0759493670886076,0.0,0.0,0.0,9.0,0.0,0.0,True,True,True,False,True,True,False,False,False,False,False,True,True,False
cape_verde_dailon_livramento,team_cape_verde,Cape Verde,Dailon Livramento,Casa Pia AC (POR),Forward,676411,Dailon Livramento,https://www.transfermarkt.co.uk/dailon-livramento/profil/spieler/676411,0.91,exact_name,True,25.0,185.0,right,Centre-Forward,,Casa Pia Atlético Clube,dailon livramento,casa pia ac por,,,False,wc2026_official_squad_corrected,2001-05-04 00:00:00,,6.0,3.0,2.0,1047.0,77.0,67.0,25.0,42.0,17.0,4.0,5.0,1.0,1.0,0.0,0.0,15.626865671641792,0.3246753246753247,0.8701298701298701,13.597402597402597,1.4613180515759312,0.3438395415472779,0.42979942693409745,0.08595988538681948,0.08595988538681948,0.0,0.0,,,,True,True,True,False,True,True,False,False,False,False,False,True,True,False
cape_verde_gilson_benchimol,team_cape_verde,Cape Verde,Gilson Benchimol,FC Akron Tolyatti (RUS),Forward,,,,0.0,unmatched,True,,,,,,,gilson benchimol,fc akron tolyatti rus,,,False,wc2026_official_squad_corrected,,,,,,,,,,,,,,,,,,,,,,,,,,,,,,,,False,False,False,False,False,False,False,False,False,False,False,True,True,False
cape_verde_ryan_mendes,team_cape_verde,Cape Verde,Ryan Mendes,Iğdır FK (TUR),Forward,111627,Ryan Mendes,https://www.transfermarkt.co.uk/ryan-mendes/profil/spieler/111627,0.91,exact_name,True,36.0,178.0,right,Left Winger,700000.0,Fatih Karagümrük Sportif Faaliyetler San. Tic. A.Ş.,ryan mendes,igd r fk tur,,,False,wc2026_official_squad_corrected,1990-01-08 00:00:00,,5.0,3.0,2.0,739.0,67.0,65.0,58.0,7.0,18.0,18.0,10.0,2.0,0.0,0.0,0.0,11.36923076923077,0.8656716417910447,0.9701492537313433,11.029850746268657,2.192151556156969,2.192151556156969,1.2178619756427604,0.2435723951285521,0.0,0.0,0.0,,,,True,True,True,False,True,True,False,False,False,False,False,True,True,False
cape_verde_cj_dos_santos,team_cape_verde,Cape Verde,Cj dos Santos,San Diego FC (USA),Goalkeeper,532096,CJ dos Santos,https://www.transfermarkt.co.uk/cj-dos-santos/profil/spieler/532096,0.91,exact_name,True,25.0,194.0,right,Goalkeeper,,San Diego Football Club,cj dos santos,san diego fc usa,,,False,wc2026_official_squad_corrected,2000-08-24 00:00:00,,1.0,1.0,1.0,0.0,4.0,0.0,0.0,0.0,0.0,0.0,0.0,0.0,0.0,0.0,0.0,,0.0,0.0,0.0,,,,,,,,12.0,0.0,0.0,True,False,False,True,False,False,False,False,False,False,False,False,True,True
cape_verde_marcio_rosa,team_cape_verde,Cape Verde,Marcio Rosa,PFC Montana (BUL),Goalkeeper,,,,0.0,unmatched,True,,,,,,,marcio rosa,pfc montana bul,,,False,wc2026_official_squad_corrected,,,,,,,,,,,,,,,,,,,,,,,,,,,,,,,,False,False,False,True,False,False,False,False,False,False,False,False,True,True
cape_verde_vozinha,team_cape_verde,Cape Verde,Vozinha,GD Chaves (POR),Goalkeeper,,,,0.0,unmatched,True,,,,,,,vozinha,gd chaves por,,,False,wc2026_official_squad_corrected,,,,,,,,,,,,,,,,,,,,,,,,,,,,,,,,False,False,False,True,False,False,False,False,False,False,False,False,True,True
cape_verde_deroy_duarte,team_cape_verde,Cape Verde,Deroy Duarte,PFC Ludogorets Razgrad (BUL),Midfielder,432852,Deroy Duarte,https://www.transfermarkt.co.uk/deroy-duarte/profil/spieler/432852,0.91,exact_name,True,26.0,177.0,right,Central Midfield,1000000.0,Fortuna Sittardia Combinatie,deroy duarte,pfc ludogorets razgrad bul,,,False,wc2026_official_squad_corrected,1999-07-04 00:00:00,,,,,,,,,,,,,,,,,,,,,,,,,,,,43.0,0.0,0.0,True,False,False,False,False,False,False,False,False,False,False,True,True,False
cape_verde_garry_rodrigues,team_cape_verde,Cape Verde,Garry Rodrigues,Apollon Limassol (CYP),Midfielder,170895,Garry Rodrigues,https://www.transfermarkt.co.uk/garry-rodrigues/profil/spieler/170895,0.86,exact_name,True,35.0,173.0,right,Right Winger,325000.0,Sivasspor,garry rodrigues,apollon limassol cyp,,,False,wc2026_official_squad_corrected,1990-11-27 00:00:00,,6.0,3.0,3.0,959.0,60.0,56.0,39.0,17.0,7.0,8.0,9.0,0.0,0.0,0.0,0.0,17.125,0.65,0.9333333333333333,15.983333333333333,0.656934306569343,0.7507820646506778,0.8446298227320126,0.0,0.0,0.0,0.0,55.0,8.0,0.14545454545454545,True,True,True,False,True,True,False,False,False,False,False,True,True,False
cape_verde_helio_varela,team_cape_verde,Cape Verde,Helio Varela,Maccabi Tel-Aviv FC (ISR),Midfielder,840836,Hélio Varela,https://www.transfermarkt.co.uk/helio-varela/profil/spieler/840836,0.86,exact_name,True,24.0,176.0,right,Left Winger,1200000.0,Koninklijke Atletiek Associatie Gent,helio varela,maccabi tel aviv fc isr,,,False,wc2026_official_squad_corrected,2002-05-03 00:00:00,,10.0,3.0,2.0,501.0,74.0,56.0,37.0,19.0,8.0,4.0,10.0,0.0,0.0,0.0,0.0,8.946428571428571,0.5,0.7567567567567568,6.77027027027027,1.4371257485029938,0.7185628742514969,1.7964071856287425,0.0,0.0,0.0,0.0,,,,True,True,True,False,True,True,False,False,False,False,False,True,True,False
cape_verde_jamiro_monteiro,team_cape_verde,Cape Verde,Jamiro Monteiro,PEC Zwolle (NED),Midfielder,272930,Jamiro Monteiro,https://www.transfermarkt.co.uk/jamiro-monteiro/profil/spieler/272930,0.91,exact_name,True,32.0,175.0,right,Central Midfield,750000.0,Prins Hendrik Ende Desespereert Nimmer Combinatie Zwolle,jamiro monteiro,pec zwolle ned,,,False,wc2026_official_squad_corrected,1993-11-23 00:00:00,,4.0,3.0,2.0,1812.0,47.0,45.0,36.0,9.0,4.0,4.0,9.0,0.0,0.0,0.0,0.0,40.266666666666666,0.7659574468085106,0.9574468085106383,38.5531914893617,0.1986754966887417,0.1986754966887417,0.4470198675496689,0.0,0.0,0.0,0.0,41.0,5.0,0.12195121951219512,True,True,True,False,True,True,False,False,False,False,False,True,True,False
cape_verde_joao_paulo,team_cape_verde,Cape Verde,Joao Paulo,FC FCSB (ROU),Midfielder,623965,João Paulo,https://www.transfermarkt.co.uk/joao-paulo/profil/spieler/623965,0.91,exact_name,True,28.0,180.0,left,Defensive Midfield,,SC Fotbal Club FCSB SA,joao paulo,fc fcsb rou,,,False,wc2026_official_squad_corrected,1998-05-26 00:00:00,,,,,,,,,,,,,,,,,,,,,,,,,,,,36.0,1.0,0.027777777777777776,True,False,False,False,False,False,False,False,False,False,False,True,True,False
cape_verde_jovane_cabral,team_cape_verde,Cape Verde,Jovane Cabral,CF Estrela Da Amadora (POR),Midfielder,448466,Jovane Cabral,https://www.transfermarkt.co.uk/jovane-cabral/profil/spieler/448466,0.86,exact_name,True,27.0,174.0,right,Left Winger,800000.0,Club Football Estrela da Amadora,jovane cabral,cf estrela da amadora por,,,False,wc2026_official_squad_corrected,1998-06-14 00:00:00,,8.0,3.0,4.0,1281.0,53.0,47.0,27.0,20.0,4.0,1.0,7.0,0.0,0.0,0.0,0.0,27.25531914893617,0.5094339622641509,0.8867924528301887,24.169811320754718,0.2810304449648712,0.0702576112412178,0.4918032786885246,0.0,0.0,0.0,0.0,14.0,2.0,0.14285714285714285,True,True,True,False,True,True,False,False,False,False,False,True,True,False
cape_verde_kevin_pina,team_cape_verde,Cape Verde,Kevin Pina,FC Krasnodar (RUS),Midfielder,,,,0.0,unmatched,True,,,,,,,kevin pina,fc krasnodar rus,,,False,wc2026_official_squad_corrected,,,,,,,,,,,,,,,,,,,,,,,,,,,,,,,,False,False,False,False,False,False,False,False,False,False,False,True,True,False
cape_verde_laros_duarte,team_cape_verde,Cape Verde,Laros Duarte,Puskás Akadémia FC (HUN),Midfielder,258513,Laros Duarte,https://www.transfermarkt.co.uk/laros-duarte/profil/spieler/258513,0.91,exact_name,True,29.0,180.0,right,Defensive Midfield,1000000.0,Football Club Groningen,laros duarte,puskas akademia fc hun,,,False,wc2026_official_squad_corrected,1997-02-28 00:00:00,,,,,,,,,,,,,,,,,,,,,,,,,,,,,,,True,False,False,False,False,False,False,False,False,False,False,True,True,False
cape_verde_nuno_da_costa,team_cape_verde,Cape Verde,Nuno da Costa,Başakşehir FK (TUR),Midfielder,306166,Nuno Da Costa,https://www.transfermarkt.co.uk/nuno-da-costa/profil/spieler/306166,0.86,exact_name,True,35.0,184.0,right,Centre-Forward,800000.0,İstanbul Başakşehir Futbol Kulübü,nuno da costa,basaksehir fk tur,,,False,wc2026_official_squad_corrected,1991-02-10 00:00:00,,6.0,3.0,3.0,680.0,73.0,72.0,62.0,10.0,28.0,13.0,7.0,1.0,0.0,0.0,0.0,9.444444444444445,0.8493150684931506,0.9863013698630136,9.315068493150685,3.7058823529411766,1.7205882352941178,0.9264705882352942,0.1323529411764706,0.0,0.0,0.0,3.0,1.0,0.3333333333333333,True,True,True,False,True,True,False,False,False,False,False,True,True,False
cape_verde_telmo_arcanjo,team_cape_verde,Cape Verde,Telmo Arcanjo,Vitória SC (POR),Midfielder,791528,Telmo Arcanjo,https://www.transfermarkt.co.uk/telmo-arcanjo/profil/spieler/791528,0.86,exact_name,True,24.0,180.0,left,Right Winger,3000000.0,Vitória Sport Clube,telmo arcanjo,vitoria sc por,,,False,wc2026_official_squad_corrected,2001-06-21 00:00:00,,6.0,2.0,1.0,345.0,54.0,44.0,21.0,23.0,6.0,5.0,6.0,0.0,0.0,0.0,0.0,7.840909090909091,0.3888888888888889,0.8148148148148148,6.388888888888889,1.565217391304348,1.3043478260869565,1.565217391304348,0.0,0.0,0.0,0.0,10.0,0.0,0.0,True,True,False,False,False,False,False,False,False,False,False,True,True,False
cape_verde_willy_semedo,team_cape_verde,Cape Verde,Willy Semedo,AC Omonia (CYP),Midfielder,531450,Willy Semedo,https://www.transfermarkt.co.uk/willy-semedo/profil/spieler/531450,0.86,exact_name,True,32.0,185.0,right,Left Winger,700000.0,Royal Charleroi Sporting Club,willy semedo,ac omonia cyp,,,False,wc2026_official_squad_corrected,1994-04-27 00:00:00,,12.0,3.0,1.0,2024.0,95.0,92.0,85.0,7.0,33.0,16.0,11.0,0.0,5.0,0.0,0.0,22.0,0.8947368421052632,0.968421052631579,21.305263157894736,1.467391304347826,0.7114624505928854,0.4891304347826087,0.0,0.22233201581027667,0.0,0.0,,,,True,True,True,False,True,True,False,False,False,False,False,True,True,False
cape_verde_yannick_semedo,team_cape_verde,Cape Verde,Yannick Semedo,SC Farense (POR),Midfielder,,,,0.0,unmatched,True,,,,,,,yannick semedo,sc farense por,,,False,wc2026_official_squad_corrected,,,,,,,,,,,,,,,,,,,,,,,,,,,,,,,,False,False,False,False,False,False,False,False,False,False,False,True,True,False
colombia_daniel_munoz,team_colombia,Colombia,Daniel Munoz,Crystal Palace FC (ENG),Defender,493003,Daniel Muñoz,https://www.transfermarkt.co.uk/daniel-munoz/profil/spieler/493003,0.91,exact_name,True,30.0,181.0,right,Right-Back,27000000.0,Crystal Palace Football Club,daniel munoz,crystal palace fc eng,,,False,wc2026_official_squad_corrected,1996-05-26 00:00:00,,13.0,3.0,2.0,2026.0,98.0,97.0,95.0,2.0,13.0,15.0,28.0,0.0,0.0,0.0,0.0,20.88659793814433,0.9693877551020408,0.9897959183673469,20.6734693877551,0.577492596248766,0.6663376110562685,1.2438302073050347,0.0,0.0,0.0,0.0,39.0,3.0,0.07692307692307693,True,True,True,False,True,True,False,False,False,False,False,True,True,False
colombia_davinson_sanchez,team_colombia,Colombia,Davinson Sanchez,Galatasaray SK (TUR),Defender,341429,Davinson Sánchez,https://www.transfermarkt.co.uk/davinson-sanchez/profil/spieler/341429,0.91,exact_name,True,29.0,187.0,right,Centre-Back,18000000.0,Galatasaray Spor Kulübü,davinson sanchez,galatasaray sk tur,,,False,wc2026_official_squad_corrected,1996-06-12 00:00:00,,12.0,3.0,2.0,3181.0,94.0,82.0,73.0,9.0,9.0,4.0,18.0,0.0,0.0,0.0,0.0,38.792682926829265,0.776595744680851,0.8723404255319149,33.840425531914896,0.2546369066331342,0.11317195850361521,0.5092738132662684,0.0,0.0,0.0,0.0,90.0,3.0,0.03333333333333333,True,True,True,False,True,True,False,False,False,False,False,True,True,False
colombia_deiver_machado,team_colombia,Colombia,Deiver Machado,FC Nantes (FRA),Defender,332560,Deiver Machado,https://www.transfermarkt.co.uk/deiver-machado/profil/spieler/332560,0.91,exact_name,True,32.0,180.0,left,Left-Back,4000000.0,Football Club de Nantes,deiver machado,fc nantes fra,,,False,wc2026_official_squad_corrected,1993-09-02 00:00:00,,6.0,3.0,1.0,2087.0,58.0,57.0,43.0,14.0,5.0,4.0,10.0,2.0,0.0,0.0,0.0,36.6140350877193,0.7413793103448276,0.9827586206896551,35.98275862068966,0.21562050790608528,0.17249640632486823,0.43124101581217056,0.08624820316243412,0.0,0.0,0.0,14.0,0.0,0.0,True,True,True,False,True,True,False,False,False,False,False,True,True,False
colombia_gustavo_puerta,team_colombia,Colombia,Gustavo Puerta,Racing Santander (ESP),Defender,936981,Gustavo Puerta,https://www.transfermarkt.co.uk/gustavo-puerta/profil/spieler/936981,0.86,exact_name,True,22.0,173.0,right,Central Midfield,3000000.0,,gustavo puerta,racing santander esp,,,False,wc2026_official_squad_corrected,2003-07-23 00:00:00,,,,,,,,,,,,,,,,,,,,,,,,,,,,,,,True,False,False,False,False,False,False,False,False,False,False,True,True,False
colombia_jhon_lucumi,team_colombia,Colombia,Jhon Lucumi,Bologna FC (ITA),Defender,413565,Jhon Lucumí,https://www.transfermarkt.co.uk/jhon-lucumi/profil/spieler/413565,0.91,exact_name,True,27.0,187.0,left,Centre-Back,17000000.0,Bologna Football Club 1909,jhon lucumi,bologna fc ita,,,False,wc2026_official_squad_corrected,1998-06-26 00:00:00,,6.0,3.0,1.0,530.0,85.0,77.0,66.0,11.0,1.0,1.0,13.0,1.0,0.0,0.0,0.0,6.883116883116883,0.7764705882352941,0.9058823529411765,6.235294117647059,0.16981132075471697,0.16981132075471697,2.207547169811321,0.16981132075471697,0.0,0.0,0.0,38.0,0.0,0.0,True,True,True,False,True,True,False,False,False,False,False,True,True,False
colombia_johan_mojica,team_colombia,Colombia,Johan Mojica,RCD Mallorca (ESP),Defender,262939,Johan Mojica,https://www.transfermarkt.co.uk/johan-mojica/profil/spieler/262939,0.91,exact_name,True,33.0,185.0,left,Left-Back,1800000.0,Real Club Deportivo Mallorca S.A.D.,johan mojica,rcd mallorca esp,,,False,wc2026_official_squad_corrected,1992-08-21 00:00:00,,8.0,3.0,2.0,2933.0,80.0,74.0,58.0,16.0,2.0,5.0,8.0,0.0,0.0,0.0,0.0,39.63513513513514,0.725,0.925,36.6625,0.06137061029662461,0.15342652574156154,0.24548244118649845,0.0,0.0,0.0,0.0,39.0,1.0,0.02564102564102564,True,True,True,False,True,True,False,False,False,False,False,True,True,False
colombia_santiago_arias,team_colombia,Colombia,Santiago Arias,CA Independiente (ARG),Defender,120443,Santiago Arias,https://www.transfermarkt.co.uk/santiago-arias/profil/spieler/120443,0.91,exact_name,True,34.0,178.0,right,Right-Back,2500000.0,Club Atlético Independiente de Avellaneda,santiago arias,ca independiente arg,,,False,wc2026_official_squad_corrected,1992-01-13 00:00:00,,,,,,,,,,,,,,,,,,,,,,,,,,,,75.0,0.0,0.0,True,False,False,False,False,False,False,False,False,False,False,True,True,False
colombia_willer_ditta,team_colombia,Colombia,Willer Ditta,CF Cruz Azul (MEX),Defender,609255,Willer Ditta,https://www.transfermarkt.co.uk/willer-ditta/profil/spieler/609255,0.91,exact_name,True,28.0,180.0,right,Centre-Back,,Club de Fútbol Cruz Azul S.A. de C.V.,willer ditta,cf cruz azul mex,,,False,wc2026_official_squad_corrected,1998-01-23 00:00:00,,10.0,3.0,2.0,2464.0,90.0,89.0,88.0,1.0,2.0,1.0,19.0,2.0,0.0,0.0,0.0,27.685393258426966,0.9777777777777777,0.9888888888888889,27.377777777777776,0.07305194805194806,0.03652597402597403,0.6939935064935064,0.07305194805194806,0.0,0.0,0.0,,,,True,True,True,False,True,True,False,False,False,False,False,True,True,False
colombia_yerry_mina,team_colombia,Colombia,Yerry Mina,Cagliari (ITA),Defender,289446,Yerry Mina,https://www.transfermarkt.co.uk/yerry-mina/profil/spieler/289446,0.91,exact_name,True,31.0,195.0,right,Centre-Back,3000000.0,Cagliari Calcio,yerry mina,cagliari ita,,,False,wc2026_official_squad_corrected,1994-09-23 00:00:00,,10.0,3.0,2.0,3185.0,73.0,55.0,50.0,5.0,3.0,1.0,10.0,1.0,1.0,0.0,0.0,57.90909090909091,0.684931506849315,0.7534246575342466,43.63013698630137,0.0847723704866562,0.0282574568288854,0.282574568288854,0.0282574568288854,0.0282574568288854,0.0,0.0,50.0,8.0,0.16,True,True,True,False,True,True,False,False,False,False,False,True,True,False
colombia_andres_gomez,team_colombia,Colombia,Andres Gomez,CR Vasco Da Gama (BRA),Forward,957461,Andrés Gómez,https://www.transfermarkt.co.uk/andres-gomez/profil/spieler/957461,0.91,exact_name,True,23.0,171.0,right,Left Winger,5000000.0,Club de Regatas Vasco da Gama,andres gomez,cr vasco da gama bra,,,False,wc2026_official_squad_corrected,2002-09-12 00:00:00,,,,,,,,,,,,,,,,,,,,,,,,,,,,,,,True,False,False,False,False,False,False,False,False,False,False,True,True,False
colombia_cucho_hernandez,team_colombia,Colombia,Cucho Hernandez,Real Betis (ESP),Forward,459463,Cucho Hernández,https://www.transfermarkt.co.uk/cucho-hernandez/profil/spieler/459463,0.91,exact_name,True,27.0,176.0,right,Centre-Forward,18000000.0,Real Betis Balompié S.A.D.,cucho hernandez,real betis esp,,,False,wc2026_official_squad_corrected,1999-04-20 00:00:00,,3.0,3.0,2.0,473.0,26.0,25.0,23.0,2.0,7.0,1.0,1.0,0.0,0.0,0.0,0.0,18.92,0.8846153846153846,0.9615384615384616,18.192307692307693,1.331923890063425,0.19027484143763215,0.19027484143763215,0.0,0.0,0.0,0.0,19.0,7.0,0.3684210526315789,True,True,True,False,True,True,False,False,False,False,False,True,True,False
colombia_jaminton_campaz,team_colombia,Colombia,Jaminton Campaz,CA Rosario Central (ARG),Forward,491553,Jáminton Campaz,https://www.transfermarkt.co.uk/jaminton-campaz/profil/spieler/491553,0.91,exact_name,True,26.0,165.0,left,Left Winger,,Club Atlético Rosario Central,jaminton campaz,ca rosario central arg,,,False,wc2026_official_squad_corrected,2000-05-24 00:00:00,,,,,,,,,,,,,,,,,,,,,,,,,,,,,,,True,False,False,False,False,False,False,False,False,False,False,True,True,False
colombia_jhon_cordoba,team_colombia,Colombia,Jhon Cordoba,FC Krasnodar (RUS),Forward,185245,Jhon Córdoba,https://www.transfermarkt.co.uk/jhon-cordoba/profil/spieler/185245,0.95,exact_name,False,33.0,188.0,right,Centre-Forward,10000000.0,FK Krasnodar,jhon cordoba,fc krasnodar rus,,,False,wc2026_official_squad_corrected,1993-05-11 00:00:00,,7.0,3.0,1.0,821.0,74.0,72.0,64.0,8.0,35.0,15.0,13.0,4.0,1.0,0.0,0.0,11.402777777777779,0.8648648648648649,0.972972972972973,11.094594594594595,3.8367844092570036,1.6443361753958587,1.4250913520097441,0.43848964677222896,0.10962241169305724,0.0,0.0,29.0,12.0,0.41379310344827586,True,True,True,False,True,True,False,False,False,False,False,True,True,False
colombia_luis_diaz,team_colombia,Colombia,Luis Diaz,FC Bayern München (GER),Forward,480692,Luis Díaz,https://www.transfermarkt.co.uk/luis-diaz/profil/spieler/480692,0.99,exact_name,False,29.0,180.0,right,Left Winger,70000000.0,FC Bayern München,luis diaz,fc bayern munchen ger,,,False,wc2026_official_squad_corrected,1997-01-13 00:00:00,,11.0,3.0,2.0,1783.0,114.0,105.0,84.0,21.0,33.0,17.0,8.0,0.0,0.0,0.0,0.0,16.98095238095238,0.7368421052631579,0.9210526315789473,15.640350877192983,1.6657319125070105,0.8581043185642176,0.4038137969713965,0.0,0.0,0.0,0.0,71.0,19.0,0.2676056338028169,True,True,True,False,True,True,False,False,False,False,False,True,True,False
colombia_luis_suarez,team_colombia,Colombia,Luis Suarez,Sporting CP (POR),Forward,424784,Luis Suárez,https://www.transfermarkt.co.uk/luis-suarez/profil/spieler/424784,0.91,exact_name,True,28.0,181.0,right,Centre-Forward,3500000.0,Sporting Clube de Portugal,luis suarez,sporting cp por,,,False,wc2026_official_squad_corrected,1997-12-02 00:00:00,,5.0,3.0,2.0,509.0,63.0,63.0,57.0,6.0,39.0,10.0,12.0,0.0,11.0,0.0,0.0,8.079365079365079,0.9047619047619048,1.0,8.079365079365079,6.895874263261296,1.768172888015717,2.1218074656188604,0.0,1.9449901768172888,0.0,0.0,6.0,4.0,0.6666666666666666,True,True,True,False,True,True,False,False,False,False,False,True,True,False
colombia_alvaro_montero,team_colombia,Colombia,Alvaro Montero,CA Vélez Sarsfield (ARG),Goalkeeper,292985,Álvaro Montero,https://www.transfermarkt.co.uk/alvaro-montero/profil/spieler/292985,0.91,exact_name,True,31.0,199.0,right,Goalkeeper,,Club Atlético Vélez Sársfield,alvaro montero,ca velez sarsfield arg,,,False,wc2026_official_squad_corrected,1995-03-29 00:00:00,,,,,,,,,,,,,,,,,,,,,,,,,,,,,,,True,False,False,True,False,False,False,False,False,False,False,False,True,True
colombia_camilo_vargas,team_colombia,Colombia,Camilo Vargas,Atlas FC (MEX),Goalkeeper,74113,Camilo Vargas,https://www.transfermarkt.co.uk/camilo-vargas/profil/spieler/74113,0.91,exact_name,True,37.0,183.0,left,Goalkeeper,,Club de Futbol Rojinegros S.A. de C.V.,camilo vargas,atlas fc mex,,,False,wc2026_official_squad_corrected,1989-03-09 00:00:00,,6.0,3.0,1.0,6480.0,72.0,72.0,72.0,0.0,0.0,0.0,5.0,0.0,0.0,125.0,15.0,90.0,1.0,1.0,90.0,0.0,0.0,0.06944444444444445,0.0,0.0,1.736111111111111,0.20833333333333331,43.0,0.0,0.0,True,True,True,True,True,False,True,False,False,False,False,False,True,True
colombia_david_ospina,team_colombia,Colombia,David Ospina,Atlético Nacional (COL),Goalkeeper,73396,David Ospina,https://www.transfermarkt.co.uk/david-ospina/profil/spieler/73396,0.99,exact_name,False,37.0,183.0,right,Goalkeeper,3000000.0,Atlético Nacional,david ospina,atletico nacional col,,,False,wc2026_official_squad_corrected,1988-08-31 00:00:00,,4.0,1.0,1.0,1316.0,16.0,15.0,15.0,0.0,0.0,0.0,0.0,0.0,0.0,15.0,5.0,87.73333333333333,0.9375,0.9375,82.25,0.0,0.0,0.0,0.0,0.0,1.0258358662613982,0.3419452887537994,,,,True,True,True,True,True,False,True,False,False,False,False,False,True,True
colombia_james_rodriguez,team_colombia,Colombia,James Rodriguez,Minnesota United FC (USA),Midfielder,88103,James Rodríguez,https://www.transfermarkt.co.uk/james-rodriguez/profil/spieler/88103,0.94,exact_name,False,34.0,180.0,left,Attacking Midfield,6000000.0,Minnesota United FC,james rodriguez,minnesota united fc usa,,,False,wc2026_official_squad_corrected,1991-07-12 00:00:00,,5.0,2.0,2.0,924.0,35.0,29.0,20.0,9.0,3.0,7.0,2.0,1.0,2.0,0.0,0.0,31.862068965517242,0.5714285714285714,0.8285714285714286,26.4,0.29220779220779225,0.6818181818181819,0.19480519480519481,0.09740259740259741,0.19480519480519481,0.0,0.0,135.0,36.0,0.26666666666666666,True,True,True,False,True,True,False,False,False,False,False,True,True,False
colombia_jefferson_lerma,team_colombia,Colombia,Jefferson Lerma,Crystal Palace FC (ENG),Midfielder,262980,Jefferson Lerma,https://www.transfermarkt.co.uk/jefferson-lerma/profil/spieler/262980,0.91,exact_name,True,31.0,179.0,right,Defensive Midfield,8000000.0,Crystal Palace Football Club,jefferson lerma,crystal palace fc eng,,,False,wc2026_official_squad_corrected,1994-10-25 00:00:00,,9.0,3.0,1.0,2404.0,80.0,79.0,63.0,16.0,1.0,2.0,19.0,0.0,0.0,0.0,0.0,30.430379746835442,0.7875,0.9875,30.05,0.03743760399334443,0.07487520798668885,0.7113144758735441,0.0,0.0,0.0,0.0,59.0,3.0,0.05084745762711865,True,True,True,False,True,True,False,False,False,False,False,True,True,False
colombia_jhon_arias,team_colombia,Colombia,Jhon Arias,SE Palmeiras (BRA),Midfielder,588989,Jhon Arias,https://www.transfermarkt.co.uk/jhon-arias/profil/spieler/588989,0.86,exact_name,True,28.0,168.0,right,Right Winger,,Sociedade Esportiva Palmeiras,jhon arias,se palmeiras bra,,,False,wc2026_official_squad_corrected,1997-09-21 00:00:00,,2.0,1.0,1.0,0.0,4.0,4.0,3.0,1.0,0.0,0.0,0.0,0.0,0.0,0.0,0.0,0.0,0.75,1.0,0.0,,,,,,,,31.0,3.0,0.0967741935483871,True,False,False,False,False,False,False,False,False,False,False,True,True,False
colombia_jorge_carrascal,team_colombia,Colombia,Jorge Carrascal,CR Flamengo (BRA),Midfielder,354145,Jorge Carrascal,https://www.transfermarkt.co.uk/jorge-carrascal/profil/spieler/354145,0.86,exact_name,True,28.0,180.0,right,Attacking Midfield,9000000.0,Clube de Regatas do Flamengo,jorge carrascal,cr flamengo bra,,,False,wc2026_official_squad_corrected,1998-05-25 00:00:00,,4.0,2.0,1.0,1165.0,66.0,64.0,48.0,16.0,9.0,12.0,10.0,2.0,4.0,0.0,0.0,18.203125,0.7272727272727273,0.9696969696969697,17.651515151515152,0.6952789699570815,0.9270386266094421,0.7725321888412017,0.15450643776824033,0.30901287553648066,0.0,0.0,32.0,6.0,0.1875,True,True,True,False,True,True,False,False,False,False,False,True,True,False
colombia_juan_portilla,team_colombia,Colombia,Juan Portilla,Athletico Paranaense (BRA),Midfielder,585747,Juan Portilla,https://www.transfermarkt.co.uk/juan-portilla/profil/spieler/585747,0.95,exact_name,False,27.0,183.0,right,Central Midfield,,Clube Atlético Paranaense,juan portilla,athletico paranaense bra,,,False,wc2026_official_squad_corrected,1998-09-12 00:00:00,,1.0,1.0,1.0,0.0,1.0,1.0,1.0,0.0,0.0,0.0,1.0,0.0,0.0,0.0,0.0,0.0,1.0,1.0,0.0,,,,,,,,5.0,0.0,0.0,True,False,False,False,False,False,False,False,False,False,False,True,True,False
colombia_juan_quintero,team_colombia,Colombia,Juan Quintero,CA River Plate (ARG),Midfielder,323838,Juan Quintero,https://www.transfermarkt.co.uk/juan-quintero/profil/spieler/323838,0.86,exact_name,True,31.0,184.0,right,Centre-Back,,Independiente Santa Fe,juan quintero,ca river plate arg,,,False,wc2026_official_squad_corrected,1995-03-23 00:00:00,,,,,,,,,,,,,,,,,,,,,,,,,,,,,,,True,False,False,False,False,False,False,False,False,False,False,True,True,False
colombia_kevin_castano,team_colombia,Colombia,Kevin Castano,CA River Plate (ARG),Midfielder,857948,Kevin Castaño,https://www.transfermarkt.co.uk/kevin-castano/profil/spieler/857948,0.91,exact_name,True,25.0,177.0,right,Defensive Midfield,5000000.0,Club Atlético River Plate,kevin castano,ca river plate arg,,,False,wc2026_official_squad_corrected,2000-09-29 00:00:00,,5.0,2.0,2.0,573.0,53.0,45.0,25.0,20.0,1.0,5.0,6.0,0.0,0.0,0.0,0.0,12.733333333333333,0.4716981132075472,0.8490566037735849,10.81132075471698,0.15706806282722513,0.7853403141361257,0.9424083769633509,0.0,0.0,0.0,0.0,,,,True,True,True,False,True,True,False,False,False,False,False,True,True,False
colombia_richard_rios,team_colombia,Colombia,Richard Rios,SL Benfica (POR),Midfielder,735573,Richard Ríos,https://www.transfermarkt.co.uk/richard-rios/profil/spieler/735573,0.91,exact_name,True,26.0,187.0,right,Defensive Midfield,,Sport Lisboa e Benfica,richard rios,sl benfica por,,,False,wc2026_official_squad_corrected,2000-06-02 00:00:00,,3.0,1.0,1.0,0.0,8.0,8.0,8.0,0.0,0.0,0.0,3.0,0.0,0.0,0.0,0.0,0.0,1.0,1.0,0.0,,,,,,,,,,,True,False,False,False,False,False,False,False,False,False,False,True,True,False
croatia_duje_caleta_car,team_croatia,Croatia,Duje Caleta-Car,Real Sociedad (ESP),Defender,238266,Duje Caleta-Car,https://www.transfermarkt.co.uk/duje-caleta-car/profil/spieler/238266,0.91,exact_name,True,29.0,193.0,right,Centre-Back,7000000.0,Real Sociedad de Fútbol S.A.D.,duje caleta car,real sociedad esp,,,False,wc2026_official_squad_corrected,1996-09-17 00:00:00,,6.0,3.0,2.0,1585.0,79.0,59.0,52.0,7.0,1.0,1.0,15.0,1.0,0.0,0.0,0.0,26.864406779661017,0.6582278481012658,0.7468354430379747,20.063291139240505,0.056782334384858045,0.056782334384858045,0.8517350157728707,0.056782334384858045,0.0,0.0,0.0,,,,True,True,True,False,True,True,False,False,False,False,False,True,True,False
croatia_josip_stanisic,team_croatia,Croatia,Josip Stanisic,FC Bayern München (GER),Defender,483046,Josip Stanisic,https://www.transfermarkt.co.uk/josip-stanisic/profil/spieler/483046,0.99,exact_name,False,26.0,187.0,both,Right-Back,32000000.0,FC Bayern München,josip stanisic,fc bayern munchen ger,,,False,wc2026_official_squad_corrected,2000-04-02 00:00:00,,9.0,3.0,2.0,1201.0,79.0,63.0,42.0,21.0,4.0,9.0,3.0,0.0,0.0,0.0,0.0,19.063492063492063,0.5316455696202531,0.7974683544303798,15.20253164556962,0.2997502081598668,0.6744379683597003,0.2248126561199001,0.0,0.0,0.0,0.0,30.0,0.0,0.0,True,True,True,False,True,True,False,False,False,False,False,True,True,False
croatia_josip_sutalo,team_croatia,Croatia,Josip Sutalo,AFC Ajax (NED),Defender,371001,Josip Sutalo,https://www.transfermarkt.co.uk/josip-sutalo/profil/spieler/371001,0.91,exact_name,True,26.0,190.0,right,Centre-Back,17000000.0,AFC Ajax Amsterdam,josip sutalo,afc ajax ned,,,False,wc2026_official_squad_corrected,2000-02-28 00:00:00,,12.0,3.0,2.0,4113.0,91.0,87.0,81.0,6.0,5.0,0.0,9.0,1.0,0.0,0.0,0.0,47.275862068965516,0.8901098901098901,0.9560439560439561,45.1978021978022,0.10940919037199125,0.0,0.19693654266958424,0.02188183807439825,0.0,0.0,0.0,,,,True,True,True,False,True,True,False,False,False,False,False,True,True,False
croatia_josko_gvardiol,team_croatia,Croatia,Josko Gvardiol,Manchester City FC (ENG),Defender,475959,Josko Gvardiol,https://www.transfermarkt.co.uk/josko-gvardiol/profil/spieler/475959,0.91,exact_name,True,24.0,185.0,left,Centre-Back,70000000.0,Manchester City Football Club,josko gvardiol,manchester city fc eng,,,False,wc2026_official_squad_corrected,2002-01-23 00:00:00,,10.0,2.0,1.0,2078.0,107.0,93.0,87.0,6.0,11.0,5.0,7.0,0.0,0.0,0.0,0.0,22.344086021505376,0.8130841121495327,0.8691588785046729,19.42056074766355,0.4764196342637151,0.21655437921077958,0.30317613089509143,0.0,0.0,0.0,0.0,62.0,5.0,0.08064516129032258,True,True,True,False,True,True,False,False,False,False,False,True,True,False
croatia_kristijan_jakic,team_croatia,Croatia,Kristijan Jakic,FC Augsburg (GER),Defender,374954,Kristijan Jakic,https://www.transfermarkt.co.uk/kristijan-jakic/profil/spieler/374954,0.86,exact_name,True,29.0,184.0,right,Defensive Midfield,6000000.0,Fußball-Club Augsburg 1907,kristijan jakic,fc augsburg ger,,,False,wc2026_official_squad_corrected,1997-05-14 00:00:00,,9.0,3.0,2.0,708.0,66.0,60.0,48.0,12.0,3.0,3.0,9.0,1.0,0.0,0.0,0.0,11.8,0.7272727272727273,0.9090909090909091,10.727272727272727,0.3813559322033898,0.3813559322033898,1.1440677966101696,0.1271186440677966,0.0,0.0,0.0,21.0,1.0,0.047619047619047616,True,True,True,False,True,True,False,False,False,False,False,True,True,False
croatia_luka_vuskovic,team_croatia,Croatia,Luka Vuskovic,Hamburger SV (GER),Defender,892160,Luka Vuskovic,https://www.transfermarkt.co.uk/luka-vuskovic/profil/spieler/892160,0.91,exact_name,True,19.0,193.0,right,Centre-Back,40000000.0,Hamburger Sport Verein,luka vuskovic,hamburger sv ger,,,False,wc2026_official_squad_corrected,2007-02-24 00:00:00,,10.0,3.0,6.0,738.0,65.0,51.0,46.0,5.0,10.0,4.0,8.0,1.0,0.0,0.0,0.0,14.470588235294118,0.7076923076923077,0.7846153846153846,11.353846153846154,1.2195121951219512,0.4878048780487805,0.975609756097561,0.12195121951219512,0.0,0.0,0.0,19.0,3.0,0.15789473684210525,True,True,True,False,True,True,False,False,False,False,False,True,True,False
croatia_marin_pongracic,team_croatia,Croatia,Marin Pongracic,ACF Fiorentina (ITA),Defender,282144,Marin Pongracic,https://www.transfermarkt.co.uk/marin-pongracic/profil/spieler/282144,0.91,exact_name,True,28.0,193.0,right,Centre-Back,7500000.0,Associazione Calcio Fiorentina,marin pongracic,acf fiorentina ita,,,False,wc2026_official_squad_corrected,1997-09-11 00:00:00,,9.0,3.0,3.0,0.0,83.0,71.0,63.0,8.0,0.0,1.0,16.0,2.0,0.0,0.0,0.0,0.0,0.7590361445783133,0.8554216867469879,0.0,,,,,,,,17.0,0.0,0.0,True,False,False,False,False,False,False,False,False,False,False,True,True,False
croatia_martin_erlic,team_croatia,Croatia,Martin Erlic,FC Midtjylland (DEN),Defender,357003,Martin Erlić,https://www.transfermarkt.co.uk/martin-erlic/profil/spieler/357003,0.91,exact_name,True,28.0,192.0,right,Centre-Back,4000000.0,Fodbold Club Midtjylland,martin erlic,fc midtjylland den,,,False,wc2026_official_squad_corrected,1998-01-24 00:00:00,,7.0,3.0,3.0,2625.0,87.0,49.0,42.0,7.0,1.0,1.0,8.0,0.0,0.0,0.0,0.0,53.57142857142857,0.4827586206896552,0.5632183908045977,30.17241379310345,0.03428571428571429,0.03428571428571429,0.2742857142857143,0.0,0.0,0.0,0.0,38.0,1.0,0.02631578947368421,True,True,True,False,True,True,False,False,False,False,False,True,True,False
croatia_andrej_kramaric,team_croatia,Croatia,Andrej Kramaric,TSG Hoffenheim (GER),Forward,46580,Andrej Kramaric,https://www.transfermarkt.co.uk/andrej-kramaric/profil/spieler/46580,0.91,exact_name,True,34.0,177.0,right,Attacking Midfield,3000000.0,Turn- und Sportgemeinschaft 1899 Hoffenheim Fußball-Spielbetriebs,andrej kramaric,tsg hoffenheim ger,,,False,wc2026_official_squad_corrected,1991-06-19 00:00:00,,7.0,3.0,1.0,445.0,76.0,75.0,69.0,6.0,28.0,17.0,10.0,0.0,9.0,0.0,0.0,5.933333333333334,0.9078947368421053,0.9868421052631579,5.855263157894737,5.662921348314607,3.438202247191011,2.0224719101123596,0.0,1.8202247191011234,0.0,0.0,161.0,58.0,0.36024844720496896,True,True,False,False,False,False,False,False,False,False,False,True,True,False
croatia_ante_budimir,team_croatia,Croatia,Ante Budimir,CA Osasuna (ESP),Forward,46413,Ante Budimir,https://www.transfermarkt.co.uk/ante-budimir/profil/spieler/46413,0.91,exact_name,True,34.0,190.0,left,Centre-Forward,3000000.0,Club Atlético Osasuna,ante budimir,ca osasuna esp,,,False,wc2026_official_squad_corrected,1991-07-22 00:00:00,,7.0,3.0,1.0,763.0,85.0,83.0,72.0,11.0,43.0,6.0,10.0,0.0,12.0,0.0,0.0,9.19277108433735,0.8470588235294118,0.9764705882352941,8.976470588235294,5.072083879423329,0.7077326343381388,1.1795543905635648,0.0,1.4154652686762776,0.0,0.0,37.0,6.0,0.16216216216216217,True,True,True,False,True,True,False,False,False,False,False,True,True,False
croatia_igor_matanovic,team_croatia,Croatia,Igor Matanovic,SC Freiburg (GER),Forward,605268,Igor Matanovic,https://www.transfermarkt.co.uk/igor-matanovic/profil/spieler/605268,0.91,exact_name,True,23.0,194.0,right,Centre-Forward,7000000.0,Sport-Club Freiburg,igor matanovic,sc freiburg ger,,,False,wc2026_official_squad_corrected,2003-03-31 00:00:00,,4.0,2.0,2.0,551.0,65.0,57.0,33.0,24.0,16.0,8.0,2.0,0.0,0.0,0.0,0.0,9.666666666666666,0.5076923076923077,0.8769230769230769,8.476923076923077,2.613430127041742,1.306715063520871,0.32667876588021777,0.0,0.0,0.0,0.0,22.0,8.0,0.36363636363636365,True,True,True,False,True,True,False,False,False,False,False,True,True,False
croatia_ivan_perisic,team_croatia,Croatia,Ivan Perisic,PSV Eindhoven (NED),Forward,42460,Ivan Perišić,https://www.transfermarkt.co.uk/ivan-perisic/profil/spieler/42460,0.91,exact_name,True,37.0,186.0,both,Left Winger,1300000.0,Eindhovense Voetbalvereniging Philips Sport Vereniging,ivan perisic,psv eindhoven ned,,,False,wc2026_official_squad_corrected,1989-02-02 00:00:00,,11.0,3.0,3.0,1017.0,64.0,58.0,37.0,21.0,18.0,17.0,8.0,0.0,1.0,0.0,0.0,17.53448275862069,0.578125,0.90625,15.890625,1.592920353982301,1.5044247787610618,0.7079646017699115,0.0,0.08849557522123894,0.0,0.0,163.0,40.0,0.24539877300613497,True,True,True,False,True,True,False,False,False,False,False,True,True,False
croatia_marco_pasalic,team_croatia,Croatia,Marco Pasalic,Orlando City SC (USA),Forward,395928,Marco Pašalić,https://www.transfermarkt.co.uk/marco-pasalic/profil/spieler/395928,0.95,exact_name,False,25.0,177.0,left,Right Winger,350000.0,Orlando City Soccer Club,marco pasalic,orlando city sc usa,,,False,wc2026_official_squad_corrected,2000-09-14 00:00:00,,7.0,2.0,1.0,859.0,70.0,68.0,60.0,8.0,16.0,9.0,10.0,0.0,0.0,0.0,0.0,12.632352941176471,0.8571428571428571,0.9714285714285714,12.271428571428572,1.6763678696158324,0.9429569266589057,1.0477299185098954,0.0,0.0,0.0,0.0,14.0,1.0,0.07142857142857142,True,True,True,False,True,True,False,False,False,False,False,True,True,False
croatia_petar_musa,team_croatia,Croatia,Petar Musa,FC Dallas (USA),Forward,387110,Petar Musa,https://www.transfermarkt.co.uk/petar-musa/profil/spieler/387110,0.95,exact_name,False,28.0,188.0,right,Centre-Forward,8000000.0,FC Dallas,petar musa,fc dallas usa,,,False,wc2026_official_squad_corrected,1998-03-04 00:00:00,,5.0,1.0,1.0,149.0,28.0,25.0,9.0,16.0,6.0,2.0,2.0,1.0,0.0,0.0,0.0,5.96,0.32142857142857145,0.8928571428571429,5.321428571428571,3.624161073825503,1.2080536912751678,1.2080536912751678,0.6040268456375839,0.0,0.0,0.0,20.0,5.0,0.25,True,True,False,False,False,False,False,False,False,False,False,True,True,False
croatia_dominik_kotarski,team_croatia,Croatia,Dominik Kotarski,FC København (DEN),Goalkeeper,370997,Dominik Kotarski,https://www.transfermarkt.co.uk/dominik-kotarski/profil/spieler/370997,0.91,exact_name,True,26.0,190.0,right,Goalkeeper,6000000.0,Football Club København,dominik kotarski,fc k benhavn den,,,False,wc2026_official_squad_corrected,2000-02-10 00:00:00,,13.0,3.0,2.0,10080.0,112.0,111.0,111.0,0.0,0.0,0.0,7.0,0.0,0.0,119.0,38.0,90.8108108108108,0.9910714285714286,0.9910714285714286,90.0,0.0,0.0,0.0625,0.0,0.0,1.0625,0.3392857142857143,60.0,0.0,0.0,True,True,True,True,True,False,True,False,False,False,False,False,True,True
croatia_dominik_livakovic,team_croatia,Croatia,Dominik Livakovic,GNK Dinamo Zagreb (CRO),Goalkeeper,205927,Dominik Livakovic,https://www.transfermarkt.co.uk/dominik-livakovic/profil/spieler/205927,0.99,exact_name,False,31.0,188.0,right,Goalkeeper,11000000.0,GNK Dinamo Zagreb,dominik livakovic,gnk dinamo zagreb cro,,,False,wc2026_official_squad_corrected,1995-01-09 00:00:00,,12.0,3.0,2.0,7382.0,104.0,82.0,82.0,0.0,0.0,1.0,2.0,0.0,0.0,86.0,31.0,90.02439024390245,0.7884615384615384,0.7884615384615384,70.98076923076923,0.0,0.01219181793551883,0.02438363587103766,0.0,0.0,1.0484963424546192,0.3779463560010837,,,,True,True,True,True,True,False,True,False,False,False,False,False,True,True
croatia_ivor_pandur,team_croatia,Croatia,Ivor Pandur,Hull City FC (ENG),Goalkeeper,371013,Ivor Pandur,https://www.transfermarkt.co.uk/ivor-pandur/profil/spieler/371013,0.91,exact_name,True,26.0,187.0,right,Goalkeeper,2000000.0,Hull City,ivor pandur,hull city fc eng,,,False,wc2026_official_squad_corrected,2000-03-25 00:00:00,,8.0,3.0,2.0,5895.0,85.0,66.0,65.0,1.0,0.0,0.0,4.0,0.0,0.0,89.0,13.0,89.31818181818181,0.7647058823529411,0.7764705882352941,69.3529411764706,0.0,0.0,0.061068702290076333,0.0,0.0,1.3587786259541985,0.19847328244274812,,,,True,True,True,True,True,False,True,False,False,False,False,False,True,True
croatia_luka_modric,team_croatia,Croatia,Luka Modric,AC Milan (ITA),Midfielder,27992,Luka Modrić,https://www.transfermarkt.co.uk/luka-modric/profil/spieler/27992,0.91,exact_name,True,40.0,172.0,right,Central Midfield,4000000.0,Associazione Calcio Milan,luka modric,ac milan ita,,,False,wc2026_official_squad_corrected,1985-09-09 00:00:00,,12.0,3.0,2.0,1923.0,116.0,106.0,52.0,54.0,6.0,18.0,13.0,0.0,0.0,0.0,0.0,18.141509433962263,0.4482758620689655,0.9137931034482759,16.57758620689655,0.28081123244929795,0.842433697347894,0.608424336973479,0.0,0.0,0.0,0.0,225.0,31.0,0.13777777777777778,True,True,True,False,True,True,False,False,False,False,False,True,True,False
croatia_luka_sucic,team_croatia,Croatia,Luka Sucic,Real Sociedad (ESP),Midfielder,502722,Luka Sucic,https://www.transfermarkt.co.uk/luka-sucic/profil/spieler/502722,0.91,exact_name,True,23.0,185.0,left,Central Midfield,10000000.0,Real Sociedad de Fútbol S.A.D.,luka sucic,real sociedad esp,,,False,wc2026_official_squad_corrected,2002-09-08 00:00:00,,7.0,3.0,2.0,3187.0,83.0,74.0,54.0,20.0,8.0,11.0,6.0,0.0,1.0,0.0,0.0,43.067567567567565,0.6506024096385542,0.891566265060241,38.397590361445786,0.22591779102604329,0.31063696266080953,0.16943834326953247,0.0,0.02823972387825541,0.0,0.0,,,,True,True,True,False,True,True,False,False,False,False,False,True,True,False
croatia_mario_pasalic,team_croatia,Croatia,Mario Pasalic,Atalanta Bergamo (ITA),Midfielder,205938,Mario Pašalić,https://www.transfermarkt.co.uk/mario-pasalic/profil/spieler/205938,0.91,exact_name,True,31.0,188.0,right,Central Midfield,7000000.0,Atalanta Bergamasca Calcio S.p.a.,mario pasalic,atalanta bergamo ita,,,False,wc2026_official_squad_corrected,1995-02-09 00:00:00,,9.0,3.0,1.0,2044.0,110.0,99.0,64.0,35.0,15.0,14.0,5.0,0.0,2.0,0.0,0.0,20.646464646464647,0.5818181818181818,0.9,18.581818181818182,0.6604696673189824,0.6164383561643836,0.22015655577299412,0.0,0.08806262230919765,0.0,0.0,105.0,20.0,0.19047619047619047,True,True,True,False,True,True,False,False,False,False,False,True,True,False
croatia_martin_baturina,team_croatia,Croatia,Martin Baturina,Como (ITA),Midfielder,580451,Martin Baturina,https://www.transfermarkt.co.uk/martin-baturina/profil/spieler/580451,0.86,exact_name,True,23.0,172.0,right,Attacking Midfield,,Calcio Como,martin baturina,como ita,,,False,wc2026_official_squad_corrected,2003-02-16 00:00:00,,12.0,3.0,2.0,1878.0,104.0,98.0,89.0,9.0,14.0,21.0,8.0,0.0,1.0,0.0,0.0,19.163265306122447,0.8557692307692307,0.9423076923076923,18.057692307692307,0.670926517571885,1.0063897763578273,0.3833865814696486,0.0,0.047923322683706075,0.0,0.0,,,,True,True,True,False,True,True,False,False,False,False,False,True,True,False
croatia_mateo_kovacic,team_croatia,Croatia,Mateo Kovacic,Manchester City FC (ENG),Midfielder,51471,Mateo Kovacic,https://www.transfermarkt.co.uk/mateo-kovacic/profil/spieler/51471,0.91,exact_name,True,32.0,177.0,right,Central Midfield,15000000.0,Manchester City Football Club,mateo kovacic,manchester city fc eng,,,False,wc2026_official_squad_corrected,1994-05-06 00:00:00,,11.0,2.0,1.0,2613.0,98.0,86.0,60.0,26.0,9.0,4.0,11.0,1.0,0.0,0.0,0.0,30.38372093023256,0.6122448979591837,0.8775510204081632,26.663265306122447,0.3099885189437428,0.13777267508610794,0.3788748564867968,0.034443168771526984,0.0,0.0,0.0,142.0,6.0,0.04225352112676056,True,True,True,False,True,True,False,False,False,False,False,True,True,False
croatia_nikola_moro,team_croatia,Croatia,Nikola Moro,Bologna FC (ITA),Midfielder,316934,Nikola Moro,https://www.transfermarkt.co.uk/nikola-moro/profil/spieler/316934,0.91,exact_name,True,28.0,184.0,right,Defensive Midfield,6500000.0,Bologna Football Club 1909,nikola moro,bologna fc ita,,,False,wc2026_official_squad_corrected,1998-03-12 00:00:00,,6.0,3.0,1.0,1103.0,95.0,60.0,34.0,26.0,2.0,3.0,2.0,0.0,0.0,0.0,0.0,18.383333333333333,0.35789473684210527,0.631578947368421,11.610526315789473,0.16319129646418856,0.24478694469628287,0.16319129646418856,0.0,0.0,0.0,0.0,68.0,14.0,0.20588235294117646,True,True,True,False,True,True,False,False,False,False,False,True,True,False
croatia_nikola_vlasic,team_croatia,Croatia,Nikola Vlasic,Torino FC (ITA),Midfielder,293200,Nikola Vlašić,https://www.transfermarkt.co.uk/nikola-vlasic/profil/spieler/293200,0.86,exact_name,True,28.0,179.0,right,Attacking Midfield,10000000.0,Torino Calcio,nikola vlasic,torino fc ita,,,False,wc2026_official_squad_corrected,1997-10-04 00:00:00,,5.0,3.0,1.0,1386.0,69.0,68.0,57.0,11.0,9.0,6.0,4.0,0.0,2.0,0.0,0.0,20.38235294117647,0.8260869565217391,0.9855072463768116,20.08695652173913,0.5844155844155845,0.38961038961038963,0.2597402597402597,0.0,0.12987012987012986,0.0,0.0,90.0,17.0,0.18888888888888888,True,True,True,False,True,True,False,False,False,False,False,True,True,False
croatia_petar_sucic,team_croatia,Croatia,Petar Sucic,FC Internazionale Milano (ITA),Midfielder,668207,Petar Sučić,https://www.transfermarkt.co.uk/petar-sucic/profil/spieler/668207,0.95,exact_name,False,22.0,183.0,right,Central Midfield,30000000.0,Football Club Internazionale Milano S.p.A.,petar sucic,fc internazionale milano ita,,,False,wc2026_official_squad_corrected,2003-10-25 00:00:00,,11.0,3.0,2.0,2182.0,93.0,77.0,55.0,22.0,9.0,7.0,6.0,0.0,0.0,0.0,0.0,28.337662337662337,0.5913978494623656,0.8279569892473119,23.462365591397848,0.37121906507791014,0.2887259395050413,0.24747937671860676,0.0,0.0,0.0,0.0,35.0,1.0,0.02857142857142857,True,True,True,False,True,True,False,False,False,False,False,True,True,False
croatia_toni_fruk,team_croatia,Croatia,Toni Fruk,HNK Rijeka (CRO),Midfielder,432758,Toni Fruk,https://www.transfermarkt.co.uk/toni-fruk/profil/spieler/432758,0.86,exact_name,True,25.0,178.0,left,Attacking Midfield,,Hrvatski Nogometni Klub Rijeka,toni fruk,hnk rijeka cro,,,False,wc2026_official_squad_corrected,2001-03-09 00:00:00,,10.0,3.0,1.0,2182.0,100.0,98.0,91.0,7.0,21.0,29.0,13.0,2.0,0.0,0.0,0.0,22.26530612244898,0.91,0.98,21.82,0.8661778185151238,1.1961503208065993,0.5362053162236481,0.08249312557286893,0.0,0.0,0.0,39.0,5.0,0.1282051282051282,True,True,True,False,True,True,False,False,False,False,False,True,True,False
curacao_armando_obispo,team_curacao,Curacao,Armando Obispo,PSV Eindhoven (NED),Defender,339337,Armando Obispo,https://www.transfermarkt.co.uk/armando-obispo/profil/spieler/339337,0.91,exact_name,True,27.0,185.0,left,Centre-Back,3000000.0,Eindhovense Voetbalvereniging Philips Sport Vereniging,armando obispo,psv eindhoven ned,,,False,wc2026_official_squad_corrected,1999-03-05 00:00:00,,,,,,,,,,,,,,,,,,,,,,,,,,,,,,,True,False,False,False,False,False,False,False,False,False,False,True,True,False
curacao_deveron_fonville,team_curacao,Curacao,Deveron Fonville,NEC Nijmegen (NED),Defender,708989,Deveron Fonville,https://www.transfermarkt.co.uk/deveron-fonville/profil/spieler/708989,0.91,exact_name,True,23.0,188.0,left,Centre-Back,,Nijmegen Eendracht Combinatie,deveron fonville,nec nijmegen ned,,,False,wc2026_official_squad_corrected,2003-05-16 00:00:00,,,,,,,,,,,,,,,,,,,,,,,,,,,,,,,True,False,False,False,False,False,False,False,False,False,False,True,True,False
curacao_joshua_brenet,team_curacao,Curacao,Joshua Brenet,Kayserispor (TUR),Defender,207006,Joshua Brenet,https://www.transfermarkt.co.uk/joshua-brenet/profil/spieler/207006,0.95,exact_name,False,32.0,181.0,right,Right-Back,3500000.0,Kayserispor Kulübü,joshua brenet,kayserispor tur,,,False,wc2026_official_squad_corrected,1994-03-20 00:00:00,,,,,,,,,,,,,,,,,,,,,,,,,,,,32.0,1.0,0.03125,True,False,False,False,False,False,False,False,False,False,False,True,True,False
curacao_jurien_gaari,team_curacao,Curacao,Jurien Gaari,Abha Club (KSA),Defender,328455,Juriën Gaari,https://www.transfermarkt.co.uk/jurien-gaari/profil/spieler/328455,0.91,exact_name,True,32.0,183.0,right,Centre-Back,450000.0,RKC Waalwijk,jurien gaari,abha club ksa,,,False,wc2026_official_squad_corrected,1993-12-23 00:00:00,,5.0,2.0,2.0,4520.0,68.0,64.0,51.0,13.0,2.0,0.0,15.0,1.0,0.0,0.0,0.0,70.625,0.75,0.9411764705882353,66.47058823529412,0.03982300884955752,0.0,0.29867256637168144,0.01991150442477876,0.0,0.0,0.0,,,,True,True,True,False,True,True,False,False,False,False,False,True,True,False
curacao_riechedly_bazoer,team_curacao,Curacao,Riechedly Bazoer,Konyaspor (TUR),Defender,216443,Riechedly Bazoer,https://www.transfermarkt.co.uk/riechedly-bazoer/profil/spieler/216443,0.95,exact_name,False,29.0,184.0,right,Centre-Back,2800000.0,Konyaspor,riechedly bazoer,konyaspor tur,,,False,wc2026_official_squad_corrected,1996-10-12 00:00:00,,8.0,3.0,2.0,962.0,81.0,74.0,68.0,6.0,2.0,4.0,18.0,0.0,0.0,0.0,0.0,13.0,0.8395061728395061,0.9135802469135802,11.876543209876543,0.18711018711018712,0.37422037422037424,1.683991683991684,0.0,0.0,0.0,0.0,41.0,4.0,0.0975609756097561,True,True,True,False,True,True,False,False,False,False,False,True,True,False
curacao_roshon_van_eijma,team_curacao,Curacao,Roshon van Eijma,RKC Waalwijk (NED),Defender,401029,Roshon van Eijma,https://www.transfermarkt.co.uk/roshon-van-eijma/profil/spieler/401029,0.95,exact_name,False,27.0,186.0,right,Centre-Back,375000.0,RKC Waalwijk,roshon van eijma,rkc waalwijk ned,,,False,wc2026_official_squad_corrected,1998-06-09 00:00:00,,5.0,3.0,2.0,645.0,73.0,68.0,66.0,2.0,5.0,2.0,7.0,0.0,3.0,0.0,0.0,9.485294117647058,0.9041095890410958,0.9315068493150684,8.835616438356164,0.6976744186046512,0.27906976744186046,0.9767441860465116,0.0,0.41860465116279066,0.0,0.0,19.0,0.0,0.0,True,True,True,False,True,True,False,False,False,False,False,True,True,False
curacao_sherel_floranus,team_curacao,Curacao,Sherel Floranus,PEC Zwolle (NED),Defender,315211,Sherel Floranus,https://www.transfermarkt.co.uk/sherel-floranus/profil/spieler/315211,0.91,exact_name,True,27.0,181.0,right,Left-Back,800000.0,Prins Hendrik Ende Desespereert Nimmer Combinatie Zwolle,sherel floranus,pec zwolle ned,,,False,wc2026_official_squad_corrected,1998-08-23 00:00:00,,6.0,3.0,2.0,0.0,62.0,59.0,57.0,2.0,0.0,2.0,13.0,0.0,0.0,0.0,0.0,0.0,0.9193548387096774,0.9516129032258065,0.0,,,,,,,,57.0,1.0,0.017543859649122806,True,False,False,False,False,False,False,False,False,False,False,True,True,False
curacao_shurandy_sambo,team_curacao,Curacao,Shurandy Sambo,Sparta Rotterdam (NED),Defender,412937,Shurandy Sambo,https://www.transfermarkt.co.uk/shurandy-sambo/profil/spieler/412937,0.99,exact_name,False,24.0,174.0,right,Right-Back,2000000.0,Sparta Rotterdam,shurandy sambo,sparta rotterdam ned,,,False,wc2026_official_squad_corrected,2001-08-19 00:00:00,,9.0,3.0,4.0,0.0,57.0,20.0,6.0,14.0,0.0,1.0,2.0,0.0,0.0,0.0,0.0,0.0,0.10526315789473684,0.3508771929824561,0.0,,,,,,,,23.0,0.0,0.0,True,False,False,False,False,False,False,False,False,False,False,True,True,False
curacao_brandley_kuwas,team_curacao,Curacao,Brandley Kuwas,FC Volendam (NED),Forward,232219,Brandley Kuwas,https://www.transfermarkt.co.uk/brandley-kuwas/profil/spieler/232219,0.91,exact_name,True,33.0,181.0,left,Right Winger,450000.0,Football Club Volendam,brandley kuwas,fc volendam ned,,,False,wc2026_official_squad_corrected,1992-09-19 00:00:00,,4.0,3.0,2.0,1449.0,46.0,45.0,36.0,9.0,6.0,6.0,7.0,0.0,1.0,0.0,0.0,32.2,0.782608695652174,0.9782608695652174,31.5,0.3726708074534162,0.3726708074534162,0.43478260869565216,0.0,0.062111801242236024,0.0,0.0,31.0,2.0,0.06451612903225806,True,True,True,False,True,True,False,False,False,False,False,True,True,False
curacao_gervane_kastaneer,team_curacao,Curacao,Gervane Kastaneer,Terengganu FC (MAS),Forward,240752,Gervane Kastaneer,https://www.transfermarkt.co.uk/gervane-kastaneer/profil/spieler/240752,0.91,exact_name,True,29.0,189.0,right,Left Winger,200000.0,Prins Hendrik Ende Desespereert Nimmer Combinatie Zwolle,gervane kastaneer,terengganu fc mas,,,False,wc2026_official_squad_corrected,1996-06-09 00:00:00,,4.0,3.0,3.0,809.0,42.0,34.0,11.0,23.0,3.0,3.0,5.0,0.0,0.0,0.0,0.0,23.794117647058822,0.2619047619047619,0.8095238095238095,19.261904761904763,0.33374536464771326,0.33374536464771326,0.5562422744128553,0.0,0.0,0.0,0.0,39.0,11.0,0.28205128205128205,True,True,True,False,True,True,False,False,False,False,False,True,True,False
curacao_jearl_margaritha,team_curacao,Curacao,Jearl Margaritha,SK Beveren (BEL),Forward,,,,0.0,unmatched,True,,,,,,,jearl margaritha,sk beveren bel,,,False,wc2026_official_squad_corrected,,,,,,,,,,,,,,,,,,,,,,,,,,,,,,,,False,False,False,False,False,False,False,False,False,False,False,True,True,False
curacao_jeremy_antonisse,team_curacao,Curacao,Jeremy Antonisse,AE Kifisia FC (GRE),Forward,594273,Jeremy Antonisse,https://www.transfermarkt.co.uk/jeremy-antonisse/profil/spieler/594273,0.91,exact_name,True,24.0,184.0,right,Left Winger,800000.0,Athlitiki Enosi Kifisias,jeremy antonisse,ae kifisia fc gre,,,False,wc2026_official_squad_corrected,2002-03-29 00:00:00,,7.0,3.0,3.0,0.0,61.0,60.0,13.0,47.0,0.0,4.0,7.0,1.0,0.0,0.0,0.0,0.0,0.21311475409836064,0.9836065573770492,0.0,,,,,,,,,,,True,False,False,False,False,False,False,False,False,False,False,True,True,False
curacao_juergen_locadia,team_curacao,Curacao,Juergen Locadia,Miami FC (USA),Forward,,,,0.0,unmatched,True,,,,,,,juergen locadia,miami fc usa,,,False,wc2026_official_squad_corrected,,,,,,,,,,,,,,,,,,,,,,,,,,,,,,,,False,False,False,False,False,False,False,False,False,False,False,True,True,False
curacao_kenji_gorre,team_curacao,Curacao,Kenji Gorre,Maccabi Haifa FC (ISR),Forward,374889,Kenji Gorré,https://www.transfermarkt.co.uk/kenji-gorre/profil/spieler/374889,0.91,exact_name,True,31.0,178.0,right,Left Winger,800000.0,Boavista FC,kenji gorre,maccabi haifa fc isr,,,False,wc2026_official_squad_corrected,1994-09-29 00:00:00,,8.0,3.0,2.0,1548.0,55.0,53.0,50.0,3.0,17.0,15.0,3.0,1.0,0.0,0.0,0.0,29.20754716981132,0.9090909090909091,0.9636363636363636,28.145454545454545,0.9883720930232558,0.872093023255814,0.1744186046511628,0.05813953488372093,0.0,0.0,0.0,33.0,4.0,0.12121212121212122,True,True,True,False,True,True,False,False,False,False,False,True,True,False
curacao_sontje_hansen,team_curacao,Curacao,Sontje Hansen,Middlesbrough FC (ENG),Forward,485582,Sontje Hansen,https://www.transfermarkt.co.uk/sontje-hansen/profil/spieler/485582,0.91,exact_name,True,24.0,176.0,right,Right Winger,3000000.0,Nijmegen Eendracht Combinatie,sontje hansen,middlesbrough fc eng,,,False,wc2026_official_squad_corrected,2002-05-18 00:00:00,,7.0,3.0,2.0,727.0,78.0,75.0,54.0,21.0,13.0,9.0,8.0,0.0,0.0,0.0,0.0,9.693333333333333,0.6923076923076923,0.9615384615384616,9.320512820512821,1.609353507565337,1.1141678129298487,0.9903713892709767,0.0,0.0,0.0,0.0,46.0,18.0,0.391304347826087,True,True,True,False,True,True,False,False,False,False,False,True,True,False
curacao_tyrese_noslin,team_curacao,Curacao,Tyrese Noslin,SC Telstar (NED),Forward,708005,Tyrese Noslin,https://www.transfermarkt.co.uk/tyrese-noslin/profil/spieler/708005,0.86,exact_name,True,23.0,182.0,right,Right Midfield,,Sportclub Telstar,tyrese noslin,sc telstar ned,,,False,wc2026_official_squad_corrected,2002-09-11 00:00:00,,5.0,3.0,2.0,1228.0,68.0,66.0,55.0,11.0,6.0,7.0,16.0,0.0,0.0,0.0,0.0,18.606060606060606,0.8088235294117647,0.9705882352941176,18.058823529411764,0.43973941368078173,0.5130293159609121,1.1726384364820848,0.0,0.0,0.0,0.0,5.0,2.0,0.4,True,True,True,False,True,True,False,False,False,False,False,True,True,False
curacao_eloy_room,team_curacao,Curacao,Eloy Room,Miami FC (USA),Goalkeeper,79294,Eloy Room,https://www.transfermarkt.co.uk/eloy-room/profil/spieler/79294,0.91,exact_name,True,37.0,190.0,right,Goalkeeper,200000.0,Cercle Brugge Koninklijke Sportvereniging,eloy room,miami fc usa,,,False,wc2026_official_squad_corrected,1989-02-06 00:00:00,,4.0,2.0,2.0,3240.0,53.0,36.0,36.0,0.0,0.0,0.0,1.0,0.0,0.0,75.0,4.0,90.0,0.6792452830188679,0.6792452830188679,61.132075471698116,0.0,0.0,0.027777777777777776,0.0,0.0,2.083333333333333,0.1111111111111111,60.0,0.0,0.0,True,True,True,True,True,False,True,False,False,False,False,False,True,True
curacao_trevor_doornbusch,team_curacao,Curacao,Trevor Doornbusch,VVV Venlo (NED),Goalkeeper,390814,Trevor Doornbusch,https://www.transfermarkt.co.uk/trevor-doornbusch/profil/spieler/390814,0.91,exact_name,True,26.0,188.0,right,Goalkeeper,100000.0,Sportclub Heerenveen,trevor doornbusch,vvv venlo ned,,,False,wc2026_official_squad_corrected,1999-07-06 00:00:00,,5.0,3.0,2.0,1507.0,58.0,17.0,16.0,1.0,0.0,0.0,1.0,0.0,0.0,33.0,4.0,88.6470588235294,0.27586206896551724,0.29310344827586204,25.982758620689655,0.0,0.0,0.059721300597213006,0.0,0.0,1.9708029197080292,0.23888520238885202,,,,True,True,True,True,True,False,True,False,False,False,False,False,True,True
curacao_tyrick_bodak,team_curacao,Curacao,Tyrick Bodak,SC Telstar (NED),Goalkeeper,663961,Tyrick Bodak,https://www.transfermarkt.co.uk/tyrick-bodak/profil/spieler/663961,0.91,exact_name,True,24.0,190.0,right,Goalkeeper,,Sportclub Telstar,tyrick bodak,sc telstar ned,,,False,wc2026_official_squad_corrected,2002-05-15 00:00:00,,7.0,3.0,3.0,540.0,62.0,6.0,6.0,0.0,0.0,0.0,0.0,0.0,0.0,11.0,2.0,90.0,0.0967741935483871,0.0967741935483871,8.709677419354838,0.0,0.0,0.0,0.0,0.0,1.8333333333333335,0.33333333333333337,,,,True,True,True,True,True,False,True,False,False,False,False,False,True,True
curacao_arjany_martha,team_curacao,Curacao,Arjany Martha,Rotherham United FC (ENG),Midfielder,,,,0.0,unmatched,True,,,,,,,arjany martha,rotherham united fc eng,,,False,wc2026_official_squad_corrected,,,,,,,,,,,,,,,,,,,,,,,,,,,,,,,,False,False,False,False,False,False,False,False,False,False,False,True,True,False
curacao_godfried_roemeratoe,team_curacao,Curacao,Godfried Roemeratoe,RKC Waalwijk (NED),Midfielder,393241,Godfried Roemeratoe,https://www.transfermarkt.co.uk/godfried-roemeratoe/profil/spieler/393241,0.95,exact_name,False,26.0,178.0,right,Defensive Midfield,400000.0,RKC Waalwijk,godfried roemeratoe,rkc waalwijk ned,,,False,wc2026_official_squad_corrected,1999-08-19 00:00:00,,5.0,3.0,1.0,1517.0,68.0,59.0,49.0,10.0,1.0,5.0,11.0,1.0,0.0,0.0,0.0,25.71186440677966,0.7205882352941176,0.8676470588235294,22.308823529411764,0.05932762030323006,0.2966381015161503,0.6526038233355307,0.05932762030323006,0.0,0.0,0.0,,,,True,True,True,False,True,True,False,False,False,False,False,True,True,False
curacao_juninho_bacuna,team_curacao,Curacao,Juninho Bacuna,FC Volendam (NED),Midfielder,348863,Juninho Bacuna,https://www.transfermarkt.co.uk/juninho-bacuna/profil/spieler/348863,0.91,exact_name,True,28.0,178.0,right,Central Midfield,4500000.0,Football Club Volendam,juninho bacuna,fc volendam ned,,,False,wc2026_official_squad_corrected,1997-08-07 00:00:00,,6.0,3.0,3.0,1470.0,87.0,86.0,63.0,23.0,13.0,10.0,18.0,0.0,2.0,0.0,0.0,17.093023255813954,0.7241379310344828,0.9885057471264368,16.896551724137932,0.7959183673469389,0.6122448979591837,1.1020408163265305,0.0,0.12244897959183673,0.0,0.0,56.0,14.0,0.25,True,True,True,False,True,True,False,False,False,False,False,True,True,False
curacao_kevin_felida,team_curacao,Curacao,Kevin Felida,FC Den Bosch (NED),Midfielder,433933,Kevin Felida,https://www.transfermarkt.co.uk/kevin-felida/profil/spieler/433933,0.91,exact_name,True,26.0,174.0,right,Defensive Midfield,350000.0,RKC Waalwijk,kevin felida,fc den bosch ned,,,False,wc2026_official_squad_corrected,1999-11-11 00:00:00,,,,,,,,,,,,,,,,,,,,,,,,,,,,,,,True,False,False,False,False,False,False,False,False,False,False,True,True,False
curacao_leandro_bacuna,team_curacao,Curacao,Leandro Bacuna,Iğdır FK (TUR),Midfielder,126014,Leandro Bacuna,https://www.transfermarkt.co.uk/leandro-bacuna/profil/spieler/126014,0.91,exact_name,True,34.0,180.0,right,Central Midfield,900000.0,Football Club Groningen,leandro bacuna,igd r fk tur,,,False,wc2026_official_squad_corrected,1991-08-21 00:00:00,,5.0,3.0,2.0,3690.0,76.0,75.0,64.0,11.0,7.0,9.0,15.0,0.0,4.0,0.0,0.0,49.2,0.8421052631578947,0.9868421052631579,48.55263157894737,0.17073170731707318,0.21951219512195122,0.3658536585365854,0.0,0.0975609756097561,0.0,0.0,79.0,17.0,0.21518987341772153,True,True,True,False,True,True,False,False,False,False,False,True,True,False
curacao_livano_comenencia,team_curacao,Curacao,Livano Comenencia,FC Zürich (SUI),Midfielder,626764,Livano Comenencia,https://www.transfermarkt.co.uk/livano-comenencia/profil/spieler/626764,0.9,exact_name,True,22.0,187.0,right,Right-Back,800000.0,FC Zürich,livano comenencia,fc zurich sui,,,False,wc2026_official_squad_corrected,2004-02-03 00:00:00,,10.0,3.0,4.0,985.0,83.0,74.0,50.0,24.0,3.0,8.0,15.0,2.0,0.0,0.0,0.0,13.31081081081081,0.6024096385542169,0.891566265060241,11.867469879518072,0.27411167512690354,0.7309644670050762,1.3705583756345179,0.18274111675126906,0.0,0.0,0.0,,,,True,True,True,False,True,True,False,False,False,False,False,True,True,False
curacao_tahith_chong,team_curacao,Curacao,Tahith Chong,Shefield United FC (ENG),Midfielder,,,,0.0,unmatched,True,,,,,,,tahith chong,shefield united fc eng,,,False,wc2026_official_squad_corrected,,,,,,,,,,,,,,,,,,,,,,,,,,,,,,,,False,False,False,False,False,False,False,False,False,False,False,True,True,False
czech_republic_david_doudera,team_czech_republic,Czech Republic,David Doudera,SK Slavia Praha (CZE),Defender,493758,David Doudera,https://www.transfermarkt.co.uk/david-doudera/profil/spieler/493758,0.9,exact_name,True,28.0,175.0,right,Right Midfield,,"SK Slavia Praha, a.s.",david doudera,sk slavia praha cze,,,False,wc2026_official_squad_corrected,1998-05-31 00:00:00,,11.0,3.0,1.0,3447.0,93.0,87.0,79.0,8.0,6.0,13.0,18.0,0.0,0.0,0.0,0.0,39.62068965517241,0.8494623655913979,0.9354838709677419,37.064516129032256,0.1566579634464752,0.3394255874673629,0.4699738903394256,0.0,0.0,0.0,0.0,,,,True,True,True,False,True,True,False,False,False,False,False,True,True,False
czech_republic_david_jurasek,team_czech_republic,Czech Republic,David Jurasek,SK Slavia Praha (CZE),Defender,500054,David Jurásek,https://www.transfermarkt.co.uk/david-jurasek/profil/spieler/500054,0.95,exact_name,False,25.0,183.0,left,Left-Back,4500000.0,"SK Slavia Praha, a.s.",david jurasek,sk slavia praha cze,,,False,wc2026_official_squad_corrected,2000-08-07 00:00:00,,13.0,3.0,4.0,0.0,80.0,54.0,24.0,30.0,0.0,4.0,3.0,0.0,0.0,0.0,0.0,0.0,0.3,0.675,0.0,,,,,,,,20.0,1.0,0.05,True,False,False,False,False,False,False,False,False,False,False,True,True,False
czech_republic_david_zima,team_czech_republic,Czech Republic,David Zima,SK Slavia Praha (CZE),Defender,544149,David Zima,https://www.transfermarkt.co.uk/david-zima/profil/spieler/544149,0.95,exact_name,False,25.0,190.0,right,Centre-Back,4000000.0,"SK Slavia Praha, a.s.",david zima,sk slavia praha cze,,,False,wc2026_official_squad_corrected,2000-11-08 00:00:00,,12.0,3.0,2.0,1928.0,89.0,62.0,50.0,12.0,3.0,1.0,3.0,0.0,0.0,0.0,0.0,31.096774193548388,0.5617977528089888,0.6966292134831461,21.662921348314608,0.1400414937759336,0.046680497925311204,0.1400414937759336,0.0,0.0,0.0,0.0,,,,True,True,True,False,True,True,False,False,False,False,False,True,True,False
czech_republic_jaroslav_zeleny,team_czech_republic,Czech Republic,Jaroslav Zeleny,AC Sparta Praha (CZE),Defender,142219,Jaroslav Zelený,https://www.transfermarkt.co.uk/jaroslav-zeleny/profil/spieler/142219,0.95,exact_name,False,33.0,190.0,left,Centre-Back,,"AC Sparta Praha, a. s.",jaroslav zeleny,ac sparta praha cze,,,False,wc2026_official_squad_corrected,1992-08-20 00:00:00,,,,,,,,,,,,,,,,,,,,,,,,,,,,16.0,0.0,0.0,True,False,False,False,False,False,False,False,False,False,False,True,True,False
czech_republic_ladislav_krejci,team_czech_republic,Czech Republic,Ladislav Krejci,Wolverhampton Wanderers FC (ENG),Defender,345911,Ladislav Krejčí,https://www.transfermarkt.co.uk/ladislav-krejci/profil/spieler/345911,0.95,exact_name,False,27.0,191.0,left,Centre-Back,22000000.0,Wolverhampton Wanderers Football Club,ladislav krejci,wolverhampton wanderers fc eng,,,False,wc2026_official_squad_corrected,1999-04-20 00:00:00,,,,,,,,,,,,,,,,,,,,,,,,,,,,48.0,10.0,0.20833333333333334,True,False,False,False,False,False,False,False,False,False,False,True,True,False
czech_republic_robin_hranac,team_czech_republic,Czech Republic,Robin Hranac,TSG Hoffenheim (GER),Defender,620217,Robin Hranac,https://www.transfermarkt.co.uk/robin-hranac/profil/spieler/620217,0.91,exact_name,True,26.0,190.0,right,Centre-Back,7000000.0,Turn- und Sportgemeinschaft 1899 Hoffenheim Fußball-Spielbetriebs,robin hranac,tsg hoffenheim ger,,,False,wc2026_official_squad_corrected,2000-01-29 00:00:00,,12.0,3.0,2.0,835.0,91.0,68.0,64.0,4.0,3.0,5.0,4.0,0.0,0.0,0.0,0.0,12.279411764705882,0.7032967032967034,0.7472527472527473,9.175824175824175,0.32335329341317365,0.5389221556886228,0.4311377245508982,0.0,0.0,0.0,0.0,19.0,0.0,0.0,True,True,True,False,True,True,False,False,False,False,False,True,True,False
czech_republic_stepan_chaloupek,team_czech_republic,Czech Republic,Stepan Chaloupek,SK Slavia Praha (CZE),Defender,944827,Stepan Chaloupek,https://www.transfermarkt.co.uk/stepan-chaloupek/profil/spieler/944827,0.95,exact_name,False,23.0,188.0,right,Centre-Back,,"SK Slavia Praha, a.s.",stepan chaloupek,sk slavia praha cze,,,False,wc2026_official_squad_corrected,2003-03-08 00:00:00,,,,,,,,,,,,,,,,,,,,,,,,,,,,,,,True,False,False,False,False,False,False,False,False,False,False,True,True,False
czech_republic_tomas_holes,team_czech_republic,Czech Republic,Tomas Holes,SK Slavia Praha (CZE),Defender,216278,Tomas Holes,https://www.transfermarkt.co.uk/tomas-holes/profil/spieler/216278,0.95,exact_name,False,33.0,180.0,right,Centre-Back,,"SK Slavia Praha, a.s.",tomas holes,sk slavia praha cze,,,False,wc2026_official_squad_corrected,1993-03-31 00:00:00,,,,,,,,,,,,,,,,,,,,,,,,,,,,,,,True,False,False,False,False,False,False,False,False,False,False,True,True,False
czech_republic_vladimir_coufal,team_czech_republic,Czech Republic,Vladimir Coufal,TSG Hoffenheim (GER),Defender,157672,Vladimír Coufal,https://www.transfermarkt.co.uk/vladimir-coufal/profil/spieler/157672,0.91,exact_name,True,33.0,174.0,right,Right-Back,2700000.0,Turn- und Sportgemeinschaft 1899 Hoffenheim Fußball-Spielbetriebs,vladimir coufal,tsg hoffenheim ger,,,False,wc2026_official_squad_corrected,1992-08-22 00:00:00,,9.0,3.0,2.0,0.0,88.0,75.0,63.0,12.0,0.0,7.0,11.0,1.0,0.0,0.0,0.0,0.0,0.7159090909090909,0.8522727272727273,0.0,,,,,,,,56.0,1.0,0.017857142857142856,True,False,False,False,False,False,False,False,False,False,False,True,True,False
czech_republic_adam_hlozek,team_czech_republic,Czech Republic,Adam Hlozek,TSG Hoffenheim (GER),Forward,552057,Adam Hlozek,https://www.transfermarkt.co.uk/adam-hlozek/profil/spieler/552057,0.91,exact_name,True,23.0,188.0,right,Centre-Forward,15000000.0,Turn- und Sportgemeinschaft 1899 Hoffenheim Fußball-Spielbetriebs,adam hlozek,tsg hoffenheim ger,,,False,wc2026_official_squad_corrected,2002-07-25 00:00:00,,6.0,2.0,2.0,895.0,84.0,73.0,42.0,31.0,18.0,8.0,6.0,0.0,0.0,0.0,0.0,12.26027397260274,0.5,0.8690476190476191,10.654761904761905,1.8100558659217876,0.8044692737430167,0.6033519553072626,0.0,0.0,0.0,0.0,,,,True,True,True,False,True,True,False,False,False,False,False,True,True,False
czech_republic_denis_visinsky,team_czech_republic,Czech Republic,Denis Visinsky,FC Viktoria Plzeň (CZE),Forward,652060,Denis Visinsky,https://www.transfermarkt.co.uk/denis-visinsky/profil/spieler/652060,0.95,exact_name,False,23.0,178.0,right,Attacking Midfield,,"FC Viktoria Plzeň, a.s.",denis visinsky,fc viktoria plzen cze,,,False,wc2026_official_squad_corrected,2003-03-21 00:00:00,,8.0,3.0,2.0,404.0,73.0,63.0,44.0,19.0,13.0,6.0,7.0,0.0,1.0,0.0,0.0,6.412698412698413,0.6027397260273972,0.863013698630137,5.534246575342466,2.896039603960396,1.3366336633663365,1.5594059405940595,0.0,0.22277227722772278,0.0,0.0,11.0,1.0,0.09090909090909091,True,True,False,False,False,False,False,False,False,False,False,True,True,False
czech_republic_jan_kuchta,team_czech_republic,Czech Republic,Jan Kuchta,AC Sparta Praha (CZE),Forward,334802,Jan Kuchta,https://www.transfermarkt.co.uk/jan-kuchta/profil/spieler/334802,0.95,exact_name,False,29.0,185.0,right,Centre-Forward,4000000.0,"AC Sparta Praha, a. s.",jan kuchta,ac sparta praha cze,,,False,wc2026_official_squad_corrected,1997-01-08 00:00:00,,15.0,3.0,2.0,2439.0,114.0,103.0,85.0,18.0,37.0,20.0,15.0,0.0,0.0,0.0,0.0,23.679611650485437,0.7456140350877193,0.9035087719298246,21.394736842105264,1.3653136531365313,0.7380073800738007,0.5535055350553506,0.0,0.0,0.0,0.0,60.0,15.0,0.25,True,True,True,False,True,True,False,False,False,False,False,True,True,False
czech_republic_mojmir_chytil,team_czech_republic,Czech Republic,Mojmir Chytil,SK Slavia Praha (CZE),Forward,405855,Mojmír Chytil,https://www.transfermarkt.co.uk/mojmir-chytil/profil/spieler/405855,0.95,exact_name,False,27.0,187.0,right,Centre-Forward,,"SK Slavia Praha, a.s.",mojmir chytil,sk slavia praha cze,,,False,wc2026_official_squad_corrected,1999-04-29 00:00:00,,,,,,,,,,,,,,,,,,,,,,,,,,,,,,,True,False,False,False,False,False,False,False,False,False,False,True,True,False
czech_republic_patrik_schick,team_czech_republic,Czech Republic,Patrik Schick,Bayer 04 Leverkusen (GER),Forward,242086,Patrik Schick,https://www.transfermarkt.co.uk/patrik-schick/profil/spieler/242086,0.95,exact_name,False,30.0,191.0,left,Centre-Forward,25000000.0,Bayer 04 Leverkusen Fußball,patrik schick,bayer 04 leverkusen ger,,,False,wc2026_official_squad_corrected,1996-01-24 00:00:00,,9.0,3.0,1.0,1173.0,90.0,81.0,48.0,33.0,43.0,4.0,7.0,0.0,3.0,0.0,0.0,14.481481481481481,0.5333333333333333,0.9,13.033333333333333,3.2992327365728897,0.3069053708439898,0.5370843989769821,0.0,0.23017902813299235,0.0,0.0,,,,True,True,True,False,True,True,False,False,False,False,False,True,True,False
czech_republic_pavel_sulc,team_czech_republic,Czech Republic,Pavel Sulc,Olympique Lyonnais (FRA),Forward,500053,Pavel Sulc,https://www.transfermarkt.co.uk/pavel-sulc/profil/spieler/500053,0.99,exact_name,False,25.0,177.0,right,Attacking Midfield,,Olympique Lyonnais,pavel sulc,olympique lyonnais fra,,,False,wc2026_official_squad_corrected,2000-12-29 00:00:00,,13.0,3.0,2.0,2554.0,113.0,110.0,101.0,9.0,44.0,27.0,12.0,1.0,7.0,0.0,0.0,23.21818181818182,0.8938053097345132,0.9734513274336283,22.601769911504423,1.5505090054815975,0.9514487079091621,0.4228660924040721,0.03523884103367267,0.24667188723570868,0.0,0.0,48.0,10.0,0.20833333333333334,True,True,True,False,True,True,False,False,False,False,False,True,True,False
czech_republic_tomas_chory,team_czech_republic,Czech Republic,Tomas Chory,SK Slavia Praha (CZE),Forward,198614,Tomas Chory,https://www.transfermarkt.co.uk/tomas-chory/profil/spieler/198614,0.95,exact_name,False,31.0,199.0,right,Centre-Forward,1800000.0,"SK Slavia Praha, a.s.",tomas chory,sk slavia praha cze,,,False,wc2026_official_squad_corrected,1995-01-26 00:00:00,,11.0,3.0,2.0,1716.0,98.0,95.0,70.0,25.0,40.0,12.0,22.0,1.0,9.0,0.0,0.0,18.063157894736843,0.7142857142857143,0.9693877551020408,17.510204081632654,2.097902097902098,0.6293706293706294,1.1538461538461537,0.05244755244755245,0.47202797202797203,0.0,0.0,63.0,10.0,0.15873015873015872,True,True,True,False,True,True,False,False,False,False,False,True,True,False
czech_republic_jindrich_stanek,team_czech_republic,Czech Republic,Jindrich Stanek,SK Slavia Praha (CZE),Goalkeeper,242089,Jindrich Stanek,https://www.transfermarkt.co.uk/jindrich-stanek/profil/spieler/242089,0.95,exact_name,False,30.0,192.0,right,Goalkeeper,3500000.0,"SK Slavia Praha, a.s.",jindrich stanek,sk slavia praha cze,,,False,wc2026_official_squad_corrected,1996-04-27 00:00:00,,9.0,3.0,2.0,5121.0,61.0,58.0,58.0,0.0,0.0,0.0,6.0,0.0,0.0,46.0,26.0,88.29310344827586,0.9508196721311475,0.9508196721311475,83.95081967213115,0.0,0.0,0.1054481546572935,0.0,0.0,0.8084358523725834,0.4569420035149385,61.0,0.0,0.0,True,True,True,True,True,False,True,False,False,False,False,False,True,True
czech_republic_lukas_hornicek,team_czech_republic,Czech Republic,Lukas Hornicek,SC Braga (POR),Goalkeeper,629773,Lukas Hornicek,https://www.transfermarkt.co.uk/lukas-hornicek/profil/spieler/629773,0.91,exact_name,True,23.0,198.0,right,Goalkeeper,10000000.0,Sporting Clube de Braga,lukas hornicek,sc braga por,,,False,wc2026_official_squad_corrected,2002-07-13 00:00:00,,13.0,3.0,1.0,3290.0,109.0,37.0,36.0,1.0,0.0,0.0,0.0,0.0,0.0,29.0,15.0,88.91891891891892,0.3302752293577982,0.3394495412844037,30.18348623853211,0.0,0.0,0.0,0.0,0.0,0.7933130699088146,0.41033434650455924,32.0,0.0,0.0,True,True,True,True,True,False,True,False,False,False,False,False,True,True
czech_republic_matej_kovar,team_czech_republic,Czech Republic,Matej Kovar,PSV Eindhoven (NED),Goalkeeper,550829,Matej Kovar,https://www.transfermarkt.co.uk/matej-kovar/profil/spieler/550829,0.91,exact_name,True,26.0,196.0,right,Goalkeeper,7000000.0,Eindhovense Voetbalvereniging Philips Sport Vereniging,matej kovar,psv eindhoven ned,,,False,wc2026_official_squad_corrected,2000-05-17 00:00:00,,9.0,3.0,2.0,3360.0,105.0,37.0,37.0,0.0,0.0,0.0,2.0,0.0,0.0,36.0,17.0,90.8108108108108,0.3523809523809524,0.3523809523809524,32.0,0.0,0.0,0.053571428571428575,0.0,0.0,0.9642857142857143,0.4553571428571429,,,,True,True,True,True,True,False,True,False,False,False,False,False,True,True
czech_republic_alexandr_sojka,team_czech_republic,Czech Republic,Alexandr Sojka,FC Viktoria Plzeň (CZE),Midfielder,826103,Alexandr Sojka,https://www.transfermarkt.co.uk/alexandr-sojka/profil/spieler/826103,0.95,exact_name,False,23.0,188.0,,Central Midfield,,"FC Viktoria Plzeň, a.s.",alexandr sojka,fc viktoria plzen cze,,,False,wc2026_official_squad_corrected,2003-04-02 00:00:00,,,,,,,,,,,,,,,,,,,,,,,,,,,,6.0,0.0,0.0,True,False,False,False,False,False,False,False,False,False,False,True,True,False
czech_republic_hugo_sochurek,team_czech_republic,Czech Republic,Hugo Sochurek,AC Sparta Praha (CZE),Midfielder,1206877,Hugo Sochurek,https://www.transfermarkt.co.uk/hugo-sochurek/profil/spieler/1206877,0.95,exact_name,False,18.0,183.0,right,Central Midfield,,"AC Sparta Praha, a. s.",hugo sochurek,ac sparta praha cze,,,False,wc2026_official_squad_corrected,2008-06-07 00:00:00,,,,,,,,,,,,,,,,,,,,,,,,,,,,,,,True,False,False,False,False,False,False,False,False,False,False,True,True,False
czech_republic_lukas_cerv,team_czech_republic,Czech Republic,Lukas Cerv,FC Viktoria Plzeň (CZE),Midfielder,611049,Lukas Cerv,https://www.transfermarkt.co.uk/lukas-cerv/profil/spieler/611049,0.95,exact_name,False,25.0,182.0,,Central Midfield,,"FC Viktoria Plzeň, a.s.",lukas cerv,fc viktoria plzen cze,,,False,wc2026_official_squad_corrected,2001-04-10 00:00:00,,13.0,3.0,2.0,3171.0,105.0,105.0,94.0,11.0,8.0,9.0,20.0,1.0,0.0,0.0,0.0,30.2,0.8952380952380953,1.0,30.2,0.2270577105014191,0.2554399243140965,0.5676442762535477,0.028382213812677387,0.0,0.0,0.0,45.0,2.0,0.044444444444444446,True,True,True,False,True,True,False,False,False,False,False,True,True,False
czech_republic_lukas_provod,team_czech_republic,Czech Republic,Lukas Provod,SK Slavia Praha (CZE),Midfielder,292779,Lukas Provod,https://www.transfermarkt.co.uk/lukas-provod/profil/spieler/292779,0.9,exact_name,True,29.0,191.0,left,Left Winger,,"SK Slavia Praha, a.s.",lukas provod,sk slavia praha cze,,,False,wc2026_official_squad_corrected,1996-10-23 00:00:00,,,,,,,,,,,,,,,,,,,,,,,,,,,,,,,True,False,False,False,False,False,False,False,False,False,False,True,True,False
czech_republic_michal_sadilek,team_czech_republic,Czech Republic,Michal Sadilek,SK Slavia Praha (CZE),Midfielder,321204,Michal Sadílek,https://www.transfermarkt.co.uk/michal-sadilek/profil/spieler/321204,0.95,exact_name,False,27.0,169.0,left,Central Midfield,7500000.0,"SK Slavia Praha, a.s.",michal sadilek,sk slavia praha cze,,,False,wc2026_official_squad_corrected,1999-05-31 00:00:00,,8.0,3.0,2.0,3714.0,79.0,75.0,68.0,7.0,4.0,10.0,11.0,1.0,0.0,0.0,0.0,49.52,0.8607594936708861,0.9493670886075949,47.0126582278481,0.09693053311793215,0.24232633279483037,0.2665589660743134,0.024232633279483037,0.0,0.0,0.0,114.0,15.0,0.13157894736842105,True,True,True,False,True,True,False,False,False,False,False,True,True,False
czech_republic_tomas_soucek,team_czech_republic,Czech Republic,Tomas Soucek,West Ham United FC (ENG),Midfielder,283628,Tomáš Souček,https://www.transfermarkt.co.uk/tomas-soucek/profil/spieler/283628,0.91,exact_name,True,31.0,192.0,right,Defensive Midfield,12000000.0,West Ham United Football Club,tomas soucek,west ham united fc eng,,,False,wc2026_official_squad_corrected,1995-02-27 00:00:00,,9.0,3.0,1.0,1393.0,95.0,94.0,82.0,12.0,20.0,5.0,17.0,0.0,0.0,0.0,0.0,14.819148936170214,0.8631578947368421,0.9894736842105263,14.663157894736843,1.292175161521895,0.32304379038047376,1.098348887293611,0.0,0.0,0.0,0.0,104.0,17.0,0.16346153846153846,True,True,True,False,True,True,False,False,False,False,False,True,True,False
czech_republic_vladimir_darida,team_czech_republic,Czech Republic,Vladimir Darida,FC Hradec Králové (CZE),Midfielder,179643,Vladimír Darida,https://www.transfermarkt.co.uk/vladimir-darida/profil/spieler/179643,0.95,exact_name,False,35.0,172.0,right,Central Midfield,400000.0,FC Hradec Králové a.s.,vladimir darida,fc hradec kralove cze,,,False,wc2026_official_squad_corrected,1990-08-08 00:00:00,,8.0,3.0,2.0,1362.0,85.0,83.0,66.0,17.0,8.0,5.0,11.0,1.0,0.0,0.0,0.0,16.40963855421687,0.7764705882352941,0.9764705882352941,16.023529411764706,0.5286343612334802,0.3303964757709251,0.7268722466960352,0.06607929515418502,0.0,0.0,0.0,,,,True,True,True,False,True,True,False,False,False,False,False,True,True,False
dr_congo_aaron_wan_bissaka,team_dr_congo,DR Congo,Aaron Wan-Bissaka,West Ham United FC (ENG),Defender,477758,Aaron Wan-Bissaka,https://www.transfermarkt.co.uk/aaron-wan-bissaka/profil/spieler/477758,0.91,exact_name,True,28.0,183.0,right,Right-Back,22000000.0,West Ham United Football Club,aaron wan bissaka,west ham united fc eng,,,False,wc2026_official_squad_corrected,1997-11-26 00:00:00,,8.0,3.0,2.0,1578.0,76.0,70.0,65.0,5.0,2.0,8.0,7.0,0.0,0.0,0.0,0.0,22.542857142857144,0.8552631578947368,0.9210526315789473,20.763157894736842,0.11406844106463877,0.4562737642585551,0.39923954372623577,0.0,0.0,0.0,0.0,6.0,0.0,0.0,True,True,True,False,True,True,False,False,False,False,False,True,True,False
dr_congo_arthur_masuaku,team_dr_congo,DR Congo,Arthur Masuaku,RC Lens (FRA),Defender,181380,Arthur Masuaku,https://www.transfermarkt.co.uk/arthur-masuaku/profil/spieler/181380,0.91,exact_name,True,32.0,179.0,left,Left-Back,2500000.0,Racing Club de Lens,arthur masuaku,rc lens fra,,,False,wc2026_official_squad_corrected,1993-11-07 00:00:00,,11.0,3.0,2.0,602.0,80.0,77.0,71.0,6.0,1.0,12.0,20.0,1.0,0.0,0.0,0.0,7.818181818181818,0.8875,0.9625,7.525,0.14950166112956811,1.7940199335548173,2.990033222591362,0.14950166112956811,0.0,0.0,0.0,32.0,3.0,0.09375,True,True,True,False,True,True,False,False,False,False,False,True,True,False
dr_congo_axel_tuanzebe,team_dr_congo,DR Congo,Axel Tuanzebe,Burnley FC (ENG),Defender,342046,Axel Tuanzebe,https://www.transfermarkt.co.uk/axel-tuanzebe/profil/spieler/342046,0.91,exact_name,True,28.0,185.0,right,Centre-Back,5000000.0,Burnley Football Club,axel tuanzebe,burnley fc eng,,,False,wc2026_official_squad_corrected,1997-11-14 00:00:00,,7.0,3.0,2.0,180.0,61.0,45.0,40.0,5.0,1.0,2.0,8.0,1.0,0.0,0.0,0.0,4.0,0.6557377049180327,0.7377049180327869,2.9508196721311477,0.5,1.0,4.0,0.5,0.0,0.0,0.0,15.0,0.0,0.0,True,True,False,False,False,False,False,False,False,False,False,True,True,False
dr_congo_chancel_mbemba,team_dr_congo,DR Congo,Chancel Mbemba,Lille OSC (FRA),Defender,203348,Chancel Mbemba,https://www.transfermarkt.co.uk/chancel-mbemba/profil/spieler/203348,0.91,exact_name,True,31.0,182.0,right,Centre-Back,2500000.0,Lille Olympique Sporting Club,chancel mbemba,lille osc fra,,,False,wc2026_official_squad_corrected,1994-08-08 00:00:00,,3.0,1.0,1.0,1373.0,42.0,40.0,39.0,1.0,6.0,2.0,3.0,0.0,0.0,0.0,0.0,34.325,0.9285714285714286,0.9523809523809523,32.69047619047619,0.3932993445010925,0.13109978150036417,0.19664967225054625,0.0,0.0,0.0,0.0,,,,True,True,True,False,True,True,False,False,False,False,False,True,True,False
dr_congo_dylan_batubinsika,team_dr_congo,DR Congo,Dylan Batubinsika,AEL FC (GRE),Defender,289432,Dylan Batubinsika,https://www.transfermarkt.co.uk/dylan-batubinsika/profil/spieler/289432,0.91,exact_name,True,30.0,188.0,right,Centre-Back,700000.0,Athlitiki Enosi Larisas,dylan batubinsika,ael fc gre,,,False,wc2026_official_squad_corrected,1996-02-15 00:00:00,,4.0,2.0,1.0,4032.0,63.0,55.0,48.0,7.0,2.0,1.0,6.0,1.0,0.0,0.0,0.0,73.30909090909091,0.7619047619047619,0.873015873015873,64.0,0.04464285714285714,0.02232142857142857,0.13392857142857142,0.02232142857142857,0.0,0.0,0.0,20.0,2.0,0.1,True,True,True,False,True,True,False,False,False,False,False,True,True,False
dr_congo_gedeon_kalulu,team_dr_congo,DR Congo,Gedeon Kalulu,Aris Limassol FC (CYP),Defender,395685,Gédéon Kalulu,https://www.transfermarkt.co.uk/gedeon-kalulu/profil/spieler/395685,0.91,exact_name,True,28.0,179.0,right,Right-Back,3500000.0,Football Club Lorient-Bretagne Sud,gedeon kalulu,aris limassol fc cyp,,,False,wc2026_official_squad_corrected,1997-08-29 00:00:00,,4.0,3.0,2.0,0.0,55.0,42.0,24.0,18.0,0.0,1.0,2.0,0.0,0.0,0.0,0.0,0.0,0.43636363636363634,0.7636363636363637,0.0,,,,,,,,16.0,0.0,0.0,True,False,False,False,False,False,False,False,False,False,False,True,True,False
dr_congo_joris_kayembe,team_dr_congo,DR Congo,Joris Kayembe,KRC Genk (BEL),Defender,129586,Joris Kayembe,https://www.transfermarkt.co.uk/joris-kayembe/profil/spieler/129586,0.91,exact_name,True,31.0,181.0,left,Left-Back,2500000.0,Koninklijke Racing Club Genk,joris kayembe,krc genk bel,,,False,wc2026_official_squad_corrected,1994-08-08 00:00:00,,13.0,3.0,1.0,4675.0,98.0,86.0,78.0,8.0,4.0,6.0,8.0,0.0,0.0,0.0,0.0,54.36046511627907,0.7959183673469388,0.8775510204081632,47.704081632653065,0.07700534759358288,0.11550802139037433,0.15401069518716576,0.0,0.0,0.0,0.0,23.0,3.0,0.13043478260869565,True,True,True,False,True,True,False,False,False,False,False,True,True,False
dr_congo_steve_kapuadi,team_dr_congo,DR Congo,Steve Kapuadi,Widzew Łódź (POL),Defender,679709,Steve Kapuadi,https://www.transfermarkt.co.uk/steve-kapuadi/profil/spieler/679709,0.91,exact_name,True,28.0,196.0,left,Centre-Back,,Widzew Łódź Spółka Akcyjna,steve kapuadi,widzew odz pol,,,False,wc2026_official_squad_corrected,1998-04-30 00:00:00,,12.0,3.0,2.0,3085.0,103.0,90.0,83.0,7.0,6.0,2.0,19.0,0.0,0.0,0.0,0.0,34.27777777777778,0.8058252427184466,0.8737864077669902,29.95145631067961,0.17504051863857373,0.05834683954619124,0.5542949756888168,0.0,0.0,0.0,0.0,1.0,0.0,0.0,True,True,True,False,True,True,False,False,False,False,False,True,True,False
dr_congo_brian_cipenga,team_dr_congo,DR Congo,Brian Cipenga,CD Castellón (ESP),Forward,,,,0.0,unmatched,True,,,,,,,brian cipenga,cd castellon esp,,,False,wc2026_official_squad_corrected,,,,,,,,,,,,,,,,,,,,,,,,,,,,,,,,False,False,False,False,False,False,False,False,False,False,False,True,True,False
dr_congo_cedric_bakambu,team_dr_congo,DR Congo,Cedric Bakambu,Real Betis (ESP),Forward,127048,Cédric Bakambu,https://www.transfermarkt.co.uk/cedric-bakambu/profil/spieler/127048,0.91,exact_name,True,35.0,182.0,right,Centre-Forward,1400000.0,Real Betis Balompié S.A.D.,cedric bakambu,real betis esp,,,False,wc2026_official_squad_corrected,1991-04-11 00:00:00,,9.0,3.0,2.0,954.0,88.0,67.0,25.0,42.0,14.0,5.0,9.0,0.0,0.0,0.0,0.0,14.238805970149254,0.2840909090909091,0.7613636363636364,10.840909090909092,1.3207547169811322,0.4716981132075472,0.8490566037735848,0.0,0.0,0.0,0.0,93.0,24.0,0.25806451612903225,True,True,True,False,True,True,False,False,False,False,False,True,True,False
dr_congo_fiston_mayele,team_dr_congo,DR Congo,Fiston Mayele,Pyramids FC (EGY),Forward,,,,0.0,unmatched,True,,,,,,,fiston mayele,pyramids fc egy,,,False,wc2026_official_squad_corrected,,,,,,,,,,,,,,,,,,,,,,,,,,,,,,,,False,False,False,False,False,False,False,False,False,False,False,True,True,False
dr_congo_gael_kakuta,team_dr_congo,DR Congo,Gael Kakuta,AEL FC (GRE),Forward,74297,Gaël Kakuta,https://www.transfermarkt.co.uk/gael-kakuta/profil/spieler/74297,0.91,exact_name,True,34.0,173.0,left,Attacking Midfield,1800000.0,Athlitiki Enosi Larisas,gael kakuta,ael fc gre,,,False,wc2026_official_squad_corrected,1991-06-21 00:00:00,,6.0,3.0,3.0,766.0,55.0,52.0,38.0,14.0,9.0,5.0,4.0,1.0,0.0,0.0,0.0,14.73076923076923,0.6909090909090909,0.9454545454545454,13.927272727272728,1.0574412532637076,0.5874673629242819,0.4699738903394256,0.1174934725848564,0.0,0.0,0.0,87.0,18.0,0.20689655172413793,True,True,True,False,True,True,False,False,False,False,False,True,True,False
dr_congo_meschack_elia,team_dr_congo,DR Congo,Meschack Elia,Alanyaspor (TUR),Forward,423678,Meschack Elia,https://www.transfermarkt.co.uk/meschack-elia/profil/spieler/423678,0.95,exact_name,False,28.0,173.0,right,Attacking Midfield,,Alanyaspor,meschack elia,alanyaspor tur,,,False,wc2026_official_squad_corrected,1997-08-06 00:00:00,,10.0,2.0,2.0,750.0,84.0,75.0,51.0,24.0,13.0,10.0,7.0,0.0,0.0,0.0,0.0,10.0,0.6071428571428571,0.8928571428571429,8.928571428571429,1.5599999999999998,1.2000000000000002,0.8400000000000001,0.0,0.0,0.0,0.0,57.0,11.0,0.19298245614035087,True,True,True,False,True,True,False,False,False,False,False,True,True,False
dr_congo_simon_banza,team_dr_congo,DR Congo,Simon Banza,Al Jazira (UAE),Forward,344869,Simon Banza,https://www.transfermarkt.co.uk/simon-banza/profil/spieler/344869,0.91,exact_name,True,29.0,189.0,right,Centre-Forward,11000000.0,Sporting Clube de Braga,simon banza,al jazira uae,,,False,wc2026_official_squad_corrected,1996-08-13 00:00:00,,10.0,2.0,2.0,493.0,82.0,80.0,64.0,16.0,45.0,12.0,12.0,0.0,9.0,0.0,0.0,6.1625,0.7804878048780488,0.975609756097561,6.012195121951219,8.215010141987829,2.1906693711967544,2.1906693711967544,0.0,1.643002028397566,0.0,0.0,14.0,2.0,0.14285714285714285,True,True,True,False,True,True,False,False,False,False,False,True,True,False
dr_congo_yoane_wissa,team_dr_congo,DR Congo,Yoane Wissa,Newcastle United FC (ENG),Forward,388165,Yoane Wissa,https://www.transfermarkt.co.uk/yoane-wissa/profil/spieler/388165,0.91,exact_name,True,29.0,176.0,right,Centre-Forward,28000000.0,Newcastle United Football Club,yoane wissa,newcastle united fc eng,,,False,wc2026_official_squad_corrected,1996-09-03 00:00:00,,5.0,2.0,1.0,494.0,75.0,75.0,65.0,10.0,32.0,9.0,13.0,0.0,0.0,0.0,0.0,6.586666666666667,0.8666666666666667,1.0,6.586666666666667,5.82995951417004,1.6396761133603237,2.3684210526315788,0.0,0.0,0.0,0.0,27.0,5.0,0.18518518518518517,True,True,True,False,True,True,False,False,False,False,False,True,True,False
dr_congo_lionel_mpasi,team_dr_congo,DR Congo,Lionel Mpasi,Le Havre AC (FRA),Goalkeeper,,,,0.0,unmatched,True,,,,,,,lionel mpasi,le havre ac fra,,,False,wc2026_official_squad_corrected,,,,,,,,,,,,,,,,,,,,,,,,,,,,,,,,False,False,False,True,False,False,False,False,False,False,False,False,True,True
dr_congo_matthieu_epolo,team_dr_congo,DR Congo,Matthieu Epolo,Standard Liège (BEL),Goalkeeper,680218,Matthieu Epolo,https://www.transfermarkt.co.uk/matthieu-epolo/profil/spieler/680218,0.91,exact_name,True,21.0,189.0,right,Goalkeeper,800000.0,Royal Standard Club de Liège,matthieu epolo,standard liege bel,,,False,wc2026_official_squad_corrected,2005-01-15 00:00:00,,7.0,3.0,2.0,5865.0,94.0,65.0,64.0,1.0,0.0,1.0,3.0,0.0,0.0,98.0,13.0,90.23076923076923,0.6808510638297872,0.6914893617021277,62.3936170212766,0.0,0.015345268542199487,0.04603580562659846,0.0,0.0,1.50383631713555,0.19948849104859334,13.0,0.0,0.0,True,True,True,True,True,False,True,False,False,False,False,False,True,True
dr_congo_timothy_fayulu,team_dr_congo,DR Congo,Timothy Fayulu,FC Noah (ARM),Goalkeeper,541420,Timothy Fayulu,https://www.transfermarkt.co.uk/timothy-fayulu/profil/spieler/541420,0.91,exact_name,True,26.0,192.0,right,Goalkeeper,,FC Sion,timothy fayulu,fc noah arm,,,False,wc2026_official_squad_corrected,1999-07-24 00:00:00,,4.0,2.0,1.0,7035.0,80.0,78.0,78.0,0.0,0.0,0.0,5.0,0.0,0.0,84.0,24.0,90.1923076923077,0.975,0.975,87.9375,0.0,0.0,0.06396588486140725,0.0,0.0,1.0746268656716418,0.30703624733475476,2.0,0.0,0.0,True,True,True,True,True,False,True,False,False,False,False,False,True,True
dr_congo_aaron_tshibola,team_dr_congo,DR Congo,Aaron Tshibola,Kilmarnock FC (SCO),Midfielder,243633,Aaron Tshibola,https://www.transfermarkt.co.uk/aaron-tshibola/profil/spieler/243633,0.91,exact_name,True,31.0,190.0,right,Central Midfield,450000.0,Kilmarnock Football Club,aaron tshibola,kilmarnock fc sco,,,False,wc2026_official_squad_corrected,1995-01-02 00:00:00,,6.0,3.0,3.0,1074.0,37.0,33.0,30.0,3.0,3.0,0.0,8.0,1.0,0.0,0.0,0.0,32.54545454545455,0.8108108108108109,0.8918918918918919,29.027027027027028,0.25139664804469275,0.0,0.6703910614525139,0.08379888268156424,0.0,0.0,0.0,17.0,1.0,0.058823529411764705,True,True,True,False,True,True,False,False,False,False,False,True,True,False
dr_congo_charles_pickel,team_dr_congo,DR Congo,Charles Pickel,RCD Espanyol (ESP),Midfielder,243879,Charles Pickel,https://www.transfermarkt.co.uk/charles-pickel/profil/spieler/243879,0.91,exact_name,True,29.0,187.0,right,Defensive Midfield,3200000.0,Reial Club Deportiu Espanyol de Barcelona S.A.D.,charles pickel,rcd espanyol esp,,,False,wc2026_official_squad_corrected,1997-05-15 00:00:00,,7.0,3.0,2.0,1454.0,77.0,66.0,41.0,25.0,6.0,2.0,14.0,3.0,0.0,0.0,0.0,22.03030303030303,0.5324675324675324,0.8571428571428571,18.883116883116884,0.37138927097661617,0.12379642365887208,0.8665749656121046,0.18569463548830809,0.0,0.0,0.0,36.0,1.0,0.027777777777777776,True,True,True,False,True,True,False,False,False,False,False,True,True,False
dr_congo_edo_kayembe,team_dr_congo,DR Congo,Edo Kayembe,Watford FC (ENG),Midfielder,486477,Edo Kayembe,https://www.transfermarkt.co.uk/edo-kayembe/profil/spieler/486477,0.95,exact_name,False,28.0,183.0,left,Defensive Midfield,4000000.0,Watford FC,edo kayembe,watford fc eng,,,False,wc2026_official_squad_corrected,1998-06-03 00:00:00,,7.0,3.0,1.0,889.0,93.0,87.0,70.0,17.0,13.0,3.0,19.0,1.0,2.0,0.0,0.0,10.218390804597702,0.7526881720430108,0.9354838709677419,9.559139784946236,1.3160854893138358,0.30371203599550056,1.923509561304837,0.10123734533183353,0.20247469066366705,0.0,0.0,20.0,1.0,0.05,True,True,True,False,True,True,False,False,False,False,False,True,True,False
dr_congo_nathanael_mbuku,team_dr_congo,DR Congo,Nathanael Mbuku,Montpellier HSC (FRA),Midfielder,557614,Nathanaël Mbuku,https://www.transfermarkt.co.uk/nathanael-mbuku/profil/spieler/557614,0.86,exact_name,True,24.0,170.0,left,Left Winger,2000000.0,GNK Dinamo Zagreb,nathanael mbuku,montpellier hsc fra,,,False,wc2026_official_squad_corrected,2002-03-16 00:00:00,,9.0,3.0,5.0,734.0,76.0,49.0,19.0,30.0,8.0,5.0,2.0,0.0,1.0,0.0,0.0,14.979591836734693,0.25,0.6447368421052632,9.657894736842104,0.9809264305177111,0.6130790190735694,0.24523160762942778,0.0,0.12261580381471389,0.0,0.0,,,,True,True,True,False,True,True,False,False,False,False,False,True,True,False
dr_congo_ngalayel_mukau,team_dr_congo,DR Congo,Ngalayel Mukau,Lille OSC (FRA),Midfielder,1016015,Ngal'ayel Mukau,https://www.transfermarkt.co.uk/ngalayel-mukau/profil/spieler/1016015,0.8831,near_name,True,21.0,186.0,left,Defensive Midfield,12000000.0,Lille Olympique Sporting Club,ngalayel mukau,lille osc fra,,,False,wc2026_official_squad_corrected,2004-11-03 00:00:00,,11.0,3.0,4.0,699.0,85.0,70.0,54.0,16.0,4.0,1.0,8.0,0.0,0.0,0.0,0.0,9.985714285714286,0.6352941176470588,0.8235294117647058,8.223529411764705,0.5150214592274678,0.12875536480686695,1.0300429184549356,0.0,0.0,0.0,0.0,,,,True,True,True,False,True,True,False,False,False,False,False,True,True,False
dr_congo_noah_sadiki,team_dr_congo,DR Congo,Noah Sadiki,Sunderland AFC (ENG),Midfielder,727089,Noah Sadiki,https://www.transfermarkt.co.uk/noah-sadiki/profil/spieler/727089,0.91,exact_name,True,21.0,173.0,right,Central Midfield,5000000.0,Sunderland Association Football Club,noah sadiki,sunderland afc eng,,,False,wc2026_official_squad_corrected,2004-12-17 00:00:00,,13.0,3.0,2.0,2694.0,112.0,111.0,81.0,30.0,2.0,8.0,14.0,0.0,0.0,0.0,0.0,24.27027027027027,0.7232142857142857,0.9910714285714286,24.053571428571427,0.06681514476614699,0.26726057906458794,0.46770601336302897,0.0,0.0,0.0,0.0,16.0,0.0,0.0,True,True,True,False,True,True,False,False,False,False,False,True,True,False
dr_congo_samuel_moutoussamy,team_dr_congo,DR Congo,Samuel Moutoussamy,Atromitos FC (GRE),Midfielder,353403,Samuel Moutoussamy,https://www.transfermarkt.co.uk/samuel-moutoussamy/profil/spieler/353403,0.91,exact_name,True,29.0,176.0,left,Central Midfield,1200000.0,APS Atromitos Athinon,samuel moutoussamy,atromitos fc gre,,,False,wc2026_official_squad_corrected,1996-08-12 00:00:00,,4.0,3.0,2.0,1100.0,67.0,63.0,42.0,21.0,1.0,4.0,7.0,0.0,0.0,0.0,0.0,17.46031746031746,0.6268656716417911,0.9402985074626866,16.417910447761194,0.08181818181818182,0.32727272727272727,0.5727272727272728,0.0,0.0,0.0,0.0,42.0,0.0,0.0,True,True,True,False,True,True,False,False,False,False,False,True,True,False
dr_congo_theo_bongonda,team_dr_congo,DR Congo,Theo Bongonda,FC Spartak Moscow (RUS),Midfielder,280701,Théo Bongonda,https://www.transfermarkt.co.uk/theo-bongonda/profil/spieler/280701,0.86,exact_name,True,30.0,175.0,left,Right Winger,5000000.0,FK Spartak Moskva,theo bongonda,fc spartak moscow rus,,,False,wc2026_official_squad_corrected,1995-11-20 00:00:00,,4.0,2.0,1.0,1275.0,79.0,69.0,50.0,19.0,16.0,6.0,1.0,0.0,1.0,0.0,0.0,18.47826086956522,0.6329113924050633,0.8734177215189873,16.139240506329113,1.1294117647058823,0.4235294117647058,0.07058823529411765,0.0,0.07058823529411765,0.0,0.0,42.0,9.0,0.21428571428571427,True,True,True,False,True,True,False,False,False,False,False,True,True,False
ecuador_angelo_preciado,team_ecuador,Ecuador,Angelo Preciado,Atlético Mineiro (BRA),Defender,450241,Angelo Preciado,https://www.transfermarkt.co.uk/angelo-preciado/profil/spieler/450241,0.95,exact_name,False,28.0,173.0,right,Right-Back,5000000.0,Clube Atlético Mineiro,angelo preciado,atletico mineiro bra,,,False,wc2026_official_squad_corrected,1998-02-18 00:00:00,,15.0,3.0,2.0,990.0,70.0,55.0,42.0,13.0,3.0,12.0,13.0,2.0,0.0,0.0,0.0,18.0,0.6,0.7857142857142857,14.142857142857142,0.2727272727272727,1.0909090909090908,1.1818181818181819,0.18181818181818182,0.0,0.0,0.0,53.0,0.0,0.0,True,True,True,False,True,True,False,False,False,False,False,True,True,False
ecuador_felix_torres,team_ecuador,Ecuador,Felix Torres,SC Internacional (BRA),Defender,468174,Félix Torres,https://www.transfermarkt.co.uk/felix-torres/profil/spieler/468174,0.91,exact_name,True,29.0,187.0,right,Centre-Back,,Sport Club Internacional,felix torres,sc internacional bra,,,False,wc2026_official_squad_corrected,1997-01-11 00:00:00,,2.0,1.0,1.0,273.0,18.0,18.0,18.0,0.0,5.0,0.0,1.0,1.0,0.0,0.0,0.0,15.166666666666666,1.0,1.0,15.166666666666666,1.6483516483516485,0.0,0.32967032967032966,0.32967032967032966,0.0,0.0,0.0,,,,True,True,False,False,False,False,False,False,False,False,False,True,True,False
ecuador_jackson_porozo,team_ecuador,Ecuador,Jackson Porozo,Club Tijuana (MEX),Defender,491616,Jackson Porozo,https://www.transfermarkt.co.uk/jackson-porozo/profil/spieler/491616,0.91,exact_name,True,25.0,193.0,right,Centre-Back,3300000.0,Club Tijuana Xoloitzcuintles de Caliente,jackson porozo,club tijuana mex,,,False,wc2026_official_squad_corrected,2000-08-04 00:00:00,,9.0,3.0,4.0,1183.0,73.0,45.0,39.0,6.0,1.0,0.0,15.0,0.0,0.0,0.0,0.0,26.288888888888888,0.5342465753424658,0.6164383561643836,16.205479452054796,0.0760777683854607,0.0,1.1411665257819104,0.0,0.0,0.0,0.0,40.0,1.0,0.025,True,True,True,False,True,True,False,False,False,False,False,True,True,False
ecuador_joel_ordonez,team_ecuador,Ecuador,Joel Ordonez,Club Brugge (BEL),Defender,893661,Joel Ordóñez,https://www.transfermarkt.co.uk/joel-ordonez/profil/spieler/893661,0.91,exact_name,True,22.0,188.0,right,Centre-Back,6000000.0,Club Brugge Koninklijke Voetbalvereniging,joel ordonez,club brugge bel,,,False,wc2026_official_squad_corrected,2004-04-21 00:00:00,,13.0,3.0,2.0,2171.0,106.0,87.0,74.0,13.0,5.0,2.0,11.0,1.0,0.0,0.0,0.0,24.95402298850575,0.6981132075471698,0.8207547169811321,20.4811320754717,0.20727775218793182,0.08291110087517273,0.45601105481345,0.041455550437586364,0.0,0.0,0.0,,,,True,True,True,False,True,True,False,False,False,False,False,True,True,False
ecuador_pervis_estupinan,team_ecuador,Ecuador,Pervis Estupinan,AC Milan (ITA),Defender,349599,Pervis Estupiñán,https://www.transfermarkt.co.uk/pervis-estupinan/profil/spieler/349599,0.91,exact_name,True,28.0,175.0,left,Left-Back,14000000.0,Associazione Calcio Milan,pervis estupinan,ac milan ita,,,False,wc2026_official_squad_corrected,1998-01-21 00:00:00,,9.0,3.0,2.0,3296.0,68.0,66.0,54.0,12.0,4.0,6.0,15.0,0.0,0.0,0.0,0.0,49.93939393939394,0.7941176470588235,0.9705882352941176,48.470588235294116,0.10922330097087378,0.1638349514563107,0.40958737864077666,0.0,0.0,0.0,0.0,66.0,10.0,0.15151515151515152,True,True,True,False,True,True,False,False,False,False,False,True,True,False
ecuador_piero_hincapie,team_ecuador,Ecuador,Piero Hincapie,Arsenal FC (ENG),Defender,659813,Piero Hincapié,https://www.transfermarkt.co.uk/piero-hincapie/profil/spieler/659813,0.91,exact_name,True,24.0,184.0,left,Centre-Back,50000000.0,Arsenal Football Club,piero hincapie,arsenal fc eng,,,False,wc2026_official_squad_corrected,2002-01-09 00:00:00,,9.0,3.0,1.0,3591.0,100.0,90.0,71.0,19.0,4.0,3.0,12.0,1.0,0.0,0.0,0.0,39.9,0.71,0.9,35.91,0.10025062656641603,0.07518796992481203,0.3007518796992481,0.02506265664160401,0.0,0.0,0.0,,,,True,True,True,False,True,True,False,False,False,False,False,True,True,False
ecuador_willian_pacho,team_ecuador,Ecuador,Willian Pacho,Paris Saint-Germain (FRA),Defender,661171,Willian Pacho,https://www.transfermarkt.co.uk/willian-pacho/profil/spieler/661171,0.95,exact_name,False,24.0,188.0,left,Centre-Back,70000000.0,Paris Saint-Germain Football Club,willian pacho,paris saint germain fra,,,False,wc2026_official_squad_corrected,2001-10-16 00:00:00,,10.0,3.0,2.0,0.0,105.0,99.0,91.0,8.0,0.0,4.0,11.0,0.0,0.0,0.0,0.0,0.0,0.8666666666666667,0.9428571428571428,0.0,,,,,,,,,,,True,False,False,False,False,False,False,False,False,False,False,True,True,False
ecuador_yaimar_medina,team_ecuador,Ecuador,Yaimar Medina,KRC Genk (BEL),Defender,893659,Yaimar Medina,https://www.transfermarkt.co.uk/yaimar-medina/profil/spieler/893659,0.91,exact_name,True,21.0,178.0,left,Left-Back,4000000.0,Koninklijke Racing Club Genk,yaimar medina,krc genk bel,,,False,wc2026_official_squad_corrected,2004-11-05 00:00:00,,,,,,,,,,,,,,,,,,,,,,,,,,,,,,,True,False,False,False,False,False,False,False,False,False,False,True,True,False
ecuador_enner_valencia,team_ecuador,Ecuador,Enner Valencia,CF Pachuca (MEX),Forward,139503,Enner Valencia,https://www.transfermarkt.co.uk/enner-valencia/profil/spieler/139503,0.91,exact_name,True,36.0,177.0,right,Centre-Forward,3800000.0,Promotora del Club Pachuca S. A. de C. V.,enner valencia,cf pachuca mex,,,False,wc2026_official_squad_corrected,1989-11-04 00:00:00,,,,,,,,,,,,,,,,,,,,,,,,,,,,100.0,47.0,0.47,True,False,False,False,False,False,False,False,False,False,False,True,True,False
ecuador_gonzalo_plata,team_ecuador,Ecuador,Gonzalo Plata,CR Flamengo (BRA),Forward,592735,Gonzalo Plata,https://www.transfermarkt.co.uk/gonzalo-plata/profil/spieler/592735,0.91,exact_name,True,25.0,178.0,left,Right Winger,5000000.0,Clube de Regatas do Flamengo,gonzalo plata,cr flamengo bra,,,False,wc2026_official_squad_corrected,2000-11-01 00:00:00,,4.0,1.0,1.0,511.0,31.0,31.0,31.0,0.0,11.0,8.0,3.0,1.0,0.0,0.0,0.0,16.483870967741936,1.0,1.0,16.483870967741936,1.9373776908023483,1.4090019569471623,0.5283757338551859,0.1761252446183953,0.0,0.0,0.0,63.0,11.0,0.1746031746031746,True,True,True,False,True,True,False,False,False,False,False,True,True,False
ecuador_jeremy_arevalo,team_ecuador,Ecuador,Jeremy Arevalo,VfB Stuttgart (GER),Forward,971663,Jeremy Arévalo,https://www.transfermarkt.co.uk/jeremy-arevalo/profil/spieler/971663,0.91,exact_name,True,21.0,182.0,left,Centre-Forward,,Verein für Bewegungsspiele Stuttgart 1893,jeremy arevalo,vfb stuttgart ger,,,False,wc2026_official_squad_corrected,2005-03-19 00:00:00,,7.0,3.0,2.0,1399.0,88.0,50.0,17.0,33.0,5.0,8.0,1.0,1.0,0.0,0.0,0.0,27.98,0.19318181818181818,0.5681818181818182,15.897727272727273,0.32165832737669764,0.5146533238027162,0.06433166547533953,0.06433166547533953,0.0,0.0,0.0,8.0,1.0,0.125,True,True,True,False,True,True,False,False,False,False,False,True,True,False
ecuador_john_yeboah,team_ecuador,Ecuador,John Yeboah,Venezia FC (ITA),Forward,439914,John Yeboah,https://www.transfermarkt.co.uk/john-yeboah/profil/spieler/439914,0.95,exact_name,False,25.0,170.0,left,Second Striker,1500000.0,Venezia FC,john yeboah,venezia fc ita,,,False,wc2026_official_squad_corrected,2000-06-23 00:00:00,,8.0,3.0,2.0,2063.0,80.0,80.0,41.0,39.0,7.0,9.0,7.0,1.0,0.0,0.0,0.0,25.7875,0.5125,1.0,25.7875,0.3053805138148328,0.39263208919049924,0.3053805138148328,0.043625787687833255,0.0,0.0,0.0,42.0,11.0,0.2619047619047619,True,True,True,False,True,True,False,False,False,False,False,True,True,False
ecuador_jordy_caicedo,team_ecuador,Ecuador,Jordy Caicedo,CA Huracán (ARG),Forward,360412,Jordy Caicedo,https://www.transfermarkt.co.uk/jordy-caicedo/profil/spieler/360412,0.91,exact_name,True,28.0,185.0,right,Centre-Forward,3500000.0,Club Atlético Huracán,jordy caicedo,ca huracan arg,,,False,wc2026_official_squad_corrected,1997-11-18 00:00:00,,5.0,3.0,2.0,587.0,62.0,53.0,26.0,27.0,7.0,1.0,10.0,1.0,1.0,0.0,0.0,11.075471698113208,0.41935483870967744,0.8548387096774194,9.46774193548387,1.0732538330494037,0.15332197614991483,1.533219761499148,0.15332197614991483,0.15332197614991483,0.0,0.0,,,,True,True,True,False,True,True,False,False,False,False,False,True,True,False
ecuador_kevin_rodriguez,team_ecuador,Ecuador,Kevin Rodriguez,Royale Union Saint-Gilloise (BEL),Forward,684159,Kevin Rodríguez,https://www.transfermarkt.co.uk/kevin-rodriguez/profil/spieler/684159,0.99,exact_name,False,26.0,190.0,right,Centre-Forward,5000000.0,Royale Union Saint-Gilloise,kevin rodriguez,royale union saint gilloise bel,,,False,wc2026_official_squad_corrected,2000-03-04 00:00:00,,11.0,3.0,1.0,1157.0,80.0,72.0,26.0,46.0,8.0,4.0,3.0,0.0,1.0,0.0,0.0,16.069444444444443,0.325,0.9,14.4625,0.6222990492653414,0.3111495246326707,0.23336214347450301,0.0,0.07778738115816768,0.0,0.0,27.0,2.0,0.07407407407407407,True,True,True,False,True,True,False,False,False,False,False,True,True,False
ecuador_nilson_angulo,team_ecuador,Ecuador,Nilson Angulo,Sunderland AFC (ENG),Forward,903611,Nilson Angulo,https://www.transfermarkt.co.uk/nilson-angulo/profil/spieler/903611,0.91,exact_name,True,22.0,183.0,right,Left Winger,7000000.0,Sunderland Association Football Club,nilson angulo,sunderland afc eng,,,False,wc2026_official_squad_corrected,2003-06-19 00:00:00,,13.0,3.0,2.0,1793.0,103.0,83.0,44.0,39.0,12.0,10.0,8.0,2.0,0.0,0.0,0.0,21.602409638554217,0.42718446601941745,0.8058252427184466,17.40776699029126,0.6023424428332405,0.501952035694367,0.4015616285554936,0.1003904071388734,0.0,0.0,0.0,12.0,0.0,0.0,True,True,True,False,True,True,False,False,False,False,False,True,True,False
ecuador_gonzalo_valle,team_ecuador,Ecuador,Gonzalo Valle,LDU Quito (ECU),Goalkeeper,,,,0.0,unmatched,True,,,,,,,gonzalo valle,ldu quito ecu,,,False,wc2026_official_squad_corrected,,,,,,,,,,,,,,,,,,,,,,,,,,,,,,,,False,False,False,True,False,False,False,False,False,False,False,False,True,True
ecuador_hernan_galindez,team_ecuador,Ecuador,Hernan Galindez,CA Huracán (ARG),Goalkeeper,77127,Hernán Galíndez,https://www.transfermarkt.co.uk/hernan-galindez/profil/spieler/77127,0.91,exact_name,True,39.0,189.0,right,Goalkeeper,,Club Atlético Huracán,hernan galindez,ca huracan arg,,,False,wc2026_official_squad_corrected,1987-03-30 00:00:00,,,,,,,,,,,,,,,,,,,,,,,,,,,,,,,True,False,False,True,False,False,False,False,False,False,False,False,True,True
ecuador_moises_ramirez,team_ecuador,Ecuador,Moises Ramirez,AE Kifisia FC (GRE),Goalkeeper,450233,Moisés Ramírez,https://www.transfermarkt.co.uk/moises-ramirez/profil/spieler/450233,0.91,exact_name,True,25.0,185.0,right,Goalkeeper,,Athlitiki Enosi Kifisias,moises ramirez,ae kifisia fc gre,,,False,wc2026_official_squad_corrected,2000-09-09 00:00:00,,,,,,,,,,,,,,,,,,,,,,,,,,,,,,,True,False,False,True,False,False,False,False,False,False,False,False,True,True
ecuador_alan_franco,team_ecuador,Ecuador,Alan Franco,Atlético Mineiro (BRA),Midfielder,400960,Alan Franco,https://www.transfermarkt.co.uk/alan-franco/profil/spieler/400960,0.95,exact_name,False,27.0,176.0,right,Central Midfield,,Clube Atlético Mineiro,alan franco,atletico mineiro bra,,,False,wc2026_official_squad_corrected,1998-08-21 00:00:00,,,,,,,,,,,,,,,,,,,,,,,,,,,,63.0,1.0,0.015873015873015872,True,False,False,False,False,False,False,False,False,False,False,True,True,False
ecuador_alan_minda,team_ecuador,Ecuador,Alan Minda,Atlético Mineiro (BRA),Midfielder,897051,Alan Minda,https://www.transfermarkt.co.uk/alan-minda/profil/spieler/897051,0.9,exact_name,True,23.0,171.0,right,Right Winger,3000000.0,Clube Atlético Mineiro,alan minda,atletico mineiro bra,,,False,wc2026_official_squad_corrected,2003-05-14 00:00:00,,11.0,3.0,1.0,2680.0,91.0,87.0,52.0,35.0,13.0,13.0,4.0,0.0,0.0,0.0,0.0,30.804597701149426,0.5714285714285714,0.9560439560439561,29.45054945054945,0.43656716417910446,0.43656716417910446,0.13432835820895522,0.0,0.0,0.0,0.0,29.0,5.0,0.1724137931034483,True,True,True,False,True,True,False,False,False,False,False,True,True,False
ecuador_anthony_valencia,team_ecuador,Ecuador,Anthony Valencia,Royal Antwerp FC (BEL),Midfielder,974374,Anthony Valencia,https://www.transfermarkt.co.uk/anthony-valencia/profil/spieler/974374,0.86,exact_name,True,22.0,174.0,left,Right Winger,1000000.0,Royal Antwerp Football Club,anthony valencia,royal antwerp fc bel,,,False,wc2026_official_squad_corrected,2003-07-21 00:00:00,,8.0,2.0,2.0,555.0,57.0,44.0,16.0,28.0,4.0,4.0,4.0,0.0,0.0,0.0,0.0,12.613636363636363,0.2807017543859649,0.7719298245614035,9.736842105263158,0.6486486486486487,0.6486486486486487,0.6486486486486487,0.0,0.0,0.0,0.0,0.0,0.0,,True,True,True,False,True,True,False,False,False,False,False,True,True,False
ecuador_denil_castillo,team_ecuador,Ecuador,Denil Castillo,FC Midtjylland (DEN),Midfielder,941418,Denil Castillo,https://www.transfermarkt.co.uk/denil-castillo/profil/spieler/941418,0.91,exact_name,True,22.0,187.0,right,Central Midfield,5500000.0,Fodbold Club Midtjylland,denil castillo,fc midtjylland den,,,False,wc2026_official_squad_corrected,2004-03-24 00:00:00,,13.0,3.0,3.0,740.0,99.0,70.0,39.0,31.0,5.0,6.0,10.0,0.0,0.0,0.0,0.0,10.571428571428571,0.3939393939393939,0.7070707070707071,7.474747474747475,0.6081081081081081,0.7297297297297298,1.2162162162162162,0.0,0.0,0.0,0.0,19.0,0.0,0.0,True,True,True,False,True,True,False,False,False,False,False,True,True,False
ecuador_jordy_alcivar,team_ecuador,Ecuador,Jordy Alcivar,Independiente Del Valle (ECU),Midfielder,598145,Jordy Alcívar,https://www.transfermarkt.co.uk/jordy-alcivar/profil/spieler/598145,0.91,exact_name,True,26.0,175.0,,Defensive Midfield,,Club León Fútbol Club,jordy alcivar,independiente del valle ecu,,,False,wc2026_official_squad_corrected,1999-08-05 00:00:00,,,,,,,,,,,,,,,,,,,,,,,,,,,,24.0,0.0,0.0,True,False,False,False,False,False,False,False,False,False,False,True,True,False
ecuador_kendry_paez,team_ecuador,Ecuador,Kendry Paez,CA River Plate (ARG),Midfielder,1052439,Kendry Páez,https://www.transfermarkt.co.uk/kendry-paez/profil/spieler/1052439,0.86,exact_name,True,19.0,178.0,left,Attacking Midfield,,Club Atlético River Plate,kendry paez,ca river plate arg,,,False,wc2026_official_squad_corrected,2007-05-04 00:00:00,,2.0,1.0,1.0,0.0,5.0,4.0,1.0,3.0,0.0,0.0,0.0,0.0,0.0,0.0,0.0,0.0,0.2,0.8,0.0,,,,,,,,,,,True,False,False,False,False,False,False,False,False,False,False,True,True,False
ecuador_moises_caicedo,team_ecuador,Ecuador,Moises Caicedo,Chelsea FC (ENG),Midfielder,687626,Moisés Caicedo,https://www.transfermarkt.co.uk/moises-caicedo/profil/spieler/687626,0.91,exact_name,True,24.0,178.0,right,Defensive Midfield,110000000.0,Chelsea Football Club,moises caicedo,chelsea fc eng,,,False,wc2026_official_squad_corrected,2001-11-02 00:00:00,,8.0,3.0,1.0,6758.0,99.0,96.0,90.0,6.0,4.0,9.0,29.0,0.0,0.0,0.0,0.0,70.39583333333333,0.9090909090909091,0.9696969696969697,68.26262626262626,0.053270198283515834,0.11985794613791062,0.38620893755548985,0.0,0.0,0.0,0.0,56.0,3.0,0.05357142857142857,True,True,True,False,True,True,False,False,False,False,False,True,True,False
ecuador_pedro_vite,team_ecuador,Ecuador,Pedro Vite,Pumas UNAM (MEX),Midfielder,659806,Pedro Vite,https://www.transfermarkt.co.uk/pedro-vite/profil/spieler/659806,0.86,exact_name,True,24.0,173.0,left,Attacking Midfield,,Club Universidad Nacional A. C.,pedro vite,pumas unam mex,,,False,wc2026_official_squad_corrected,2002-03-09 00:00:00,,3.0,3.0,2.0,627.0,17.0,17.0,13.0,4.0,1.0,2.0,2.0,0.0,0.0,0.0,0.0,36.88235294117647,0.7647058823529411,1.0,36.88235294117647,0.14354066985645933,0.28708133971291866,0.28708133971291866,0.0,0.0,0.0,0.0,,,,True,True,True,False,True,True,False,False,False,False,False,True,True,False
egypt_ahmed_fatouh,team_egypt,Egypt,Ahmed Fatouh,Zamalek SC (EGY),Defender,465966,Ahmed Fatouh,https://www.transfermarkt.co.uk/ahmed-fatouh/profil/spieler/465966,0.91,exact_name,True,28.0,178.0,left,Left-Back,,,ahmed fatouh,zamalek sc egy,,,False,wc2026_official_squad_corrected,1998-03-22 00:00:00,,,,,,,,,,,,,,,,,,,,,,,,,,,,,,,True,False,False,False,False,False,False,False,False,False,False,True,True,False
egypt_hossam_abdelmaguid,team_egypt,Egypt,Hossam Abdelmaguid,Zamalek SC (EGY),Defender,737524,Hossam Abdelmaguid,https://www.transfermarkt.co.uk/hossam-abdelmaguid/profil/spieler/737524,0.91,exact_name,True,25.0,194.0,right,Centre-Back,,,hossam abdelmaguid,zamalek sc egy,,,False,wc2026_official_squad_corrected,2001-04-30 00:00:00,,,,,,,,,,,,,,,,,,,,,,,,,,,,,,,True,False,False,False,False,False,False,False,False,False,False,True,True,False
egypt_karim_hafez,team_egypt,Egypt,Karim Hafez,Pyramids FC (EGY),Defender,333004,Karim Hafez,https://www.transfermarkt.co.uk/karim-hafez/profil/spieler/333004,0.91,exact_name,True,30.0,175.0,left,Left-Back,600000.0,Yeni Malatyaspor,karim hafez,pyramids fc egy,,,False,wc2026_official_squad_corrected,1996-03-12 00:00:00,,12.0,3.0,1.0,1668.0,95.0,83.0,45.0,38.0,3.0,4.0,11.0,0.0,3.0,0.0,0.0,20.096385542168676,0.47368421052631576,0.8736842105263158,17.557894736842105,0.16187050359712232,0.2158273381294964,0.5935251798561151,0.0,0.16187050359712232,0.0,0.0,7.0,0.0,0.0,True,True,True,False,True,True,False,False,False,False,False,True,True,False
egypt_mohamed_abdelmoneim,team_egypt,Egypt,Mohamed Abdelmoneim,OGC Nice (FRA),Defender,566025,Mohamed Abdelmonem,https://www.transfermarkt.co.uk/mohamed-abdelmonem/profil/spieler/566025,0.8889,near_name,True,27.0,183.0,right,Centre-Back,3000000.0,Olympique Gymnaste Club Nice Côte d'Azur,mohamed abdelmoneim,ogc nice fra,,,False,wc2026_official_squad_corrected,1999-02-01 00:00:00,,8.0,2.0,2.0,3070.0,76.0,59.0,57.0,2.0,2.0,0.0,7.0,0.0,0.0,0.0,0.0,52.03389830508475,0.75,0.7763157894736842,40.39473684210526,0.05863192182410424,0.0,0.2052117263843648,0.0,0.0,0.0,0.0,,,,True,True,True,False,True,True,False,False,False,False,False,True,True,False
egypt_mohamed_hany,team_egypt,Egypt,Mohamed Hany,Al Ahly FC (EGY),Defender,343974,Mohamed Hany,https://www.transfermarkt.co.uk/mohamed-hany/profil/spieler/343974,0.91,exact_name,True,30.0,180.0,right,Right-Back,,,mohamed hany,al ahly fc egy,,,False,wc2026_official_squad_corrected,1996-01-25 00:00:00,,,,,,,,,,,,,,,,,,,,,,,,,,,,,,,True,False,False,False,False,False,False,False,False,False,False,True,True,False
egypt_ramy_rabia,team_egypt,Egypt,Ramy Rabia,Al Ain FC (UAE),Defender,172623,Ramy Rabia,https://www.transfermarkt.co.uk/ramy-rabia/profil/spieler/172623,0.91,exact_name,True,33.0,183.0,right,Centre-Back,400000.0,,ramy rabia,al ain fc uae,,,False,wc2026_official_squad_corrected,1993-05-20 00:00:00,,,,,,,,,,,,,,,,,,,,,,,,,,,,55.0,8.0,0.14545454545454545,True,False,False,False,False,False,False,False,False,False,False,True,True,False
egypt_tarek_alaa,team_egypt,Egypt,Tarek Alaa,ZED FC (EGY),Defender,,,,0.0,unmatched,True,,,,,,,tarek alaa,zed fc egy,,,False,wc2026_official_squad_corrected,,,,,,,,,,,,,,,,,,,,,,,,,,,,,,,,False,False,False,False,False,False,False,False,False,False,False,True,True,False
egypt_yasser_ibrahim,team_egypt,Egypt,Yasser Ibrahim,Al Ahly FC (EGY),Defender,237425,Yasser Ibrahim,https://www.transfermarkt.co.uk/yasser-ibrahim/profil/spieler/237425,0.91,exact_name,True,33.0,185.0,right,Centre-Back,,,yasser ibrahim,al ahly fc egy,,,False,wc2026_official_squad_corrected,1993-02-10 00:00:00,,,,,,,,,,,,,,,,,,,,,,,,,,,,,,,True,False,False,False,False,False,False,False,False,False,False,True,True,False
egypt_haissem_hassan,team_egypt,Egypt,Haissem Hassan,Real Oviedo (ESP),Forward,620164,Haissem Hassan,https://www.transfermarkt.co.uk/haissem-hassan/profil/spieler/620164,0.95,exact_name,False,24.0,175.0,left,Right Winger,1500000.0,Real Oviedo S.A.D.,haissem hassan,real oviedo esp,,,False,wc2026_official_squad_corrected,2002-02-08 00:00:00,,7.0,3.0,2.0,3067.0,91.0,89.0,62.0,27.0,6.0,9.0,10.0,0.0,0.0,0.0,0.0,34.46067415730337,0.6813186813186813,0.978021978021978,33.7032967032967,0.176067818715357,0.2641017280730355,0.293446364525595,0.0,0.0,0.0,0.0,15.0,3.0,0.2,True,True,True,False,True,True,False,False,False,False,False,True,True,False
egypt_hamza_abdelkarim,team_egypt,Egypt,Hamza Abdelkarim,FC Barcelona (ESP),Forward,,,,0.0,unmatched,True,,,,,,,hamza abdelkarim,fc barcelona esp,,,False,wc2026_official_squad_corrected,,,,,,,,,,,,,,,,,,,,,,,,,,,,,,,,False,False,False,False,False,False,False,False,False,False,False,True,True,False
egypt_ibrahim_adel,team_egypt,Egypt,Ibrahim Adel,FC Nordsjælland (DEN),Forward,677278,Ibrahim Adel,https://www.transfermarkt.co.uk/ibrahim-adel/profil/spieler/677278,0.91,exact_name,True,25.0,178.0,right,Left Winger,,Fodbold Club Nordsjælland,ibrahim adel,fc nordsj lland den,,,False,wc2026_official_squad_corrected,2001-04-23 00:00:00,,,,,,,,,,,,,,,,,,,,,,,,,,,,,,,True,False,False,False,False,False,False,False,False,False,False,True,True,False
egypt_mohamed_salah,team_egypt,Egypt,Mohamed Salah,Liverpool FC (ENG),Forward,148455,Mohamed Salah,https://www.transfermarkt.co.uk/mohamed-salah/profil/spieler/148455,0.91,exact_name,True,33.0,175.0,left,Right Winger,30000000.0,Liverpool Football Club,mohamed salah,liverpool fc eng,,,False,wc2026_official_squad_corrected,1992-06-15 00:00:00,,9.0,3.0,1.0,1231.0,100.0,100.0,88.0,12.0,60.0,38.0,4.0,0.0,18.0,0.0,0.0,12.31,0.88,1.0,12.31,4.3866774979691305,2.7782290820471163,0.2924451665312754,0.0,1.3160032493907392,0.0,0.0,132.0,69.0,0.5227272727272727,True,True,True,False,True,True,False,False,False,False,False,True,True,False
egypt_omar_marmoush,team_egypt,Egypt,Omar Marmoush,Manchester City FC (ENG),Forward,445939,Omar Marmoush,https://www.transfermarkt.co.uk/omar-marmoush/profil/spieler/445939,0.91,exact_name,True,27.0,183.0,right,Centre-Forward,65000000.0,Manchester City Football Club,omar marmoush,manchester city fc eng,,,False,wc2026_official_squad_corrected,1999-02-07 00:00:00,,11.0,3.0,2.0,1322.0,93.0,92.0,81.0,11.0,45.0,24.0,11.0,0.0,7.0,0.0,0.0,14.369565217391305,0.8709677419354839,0.989247311827957,14.21505376344086,3.063540090771558,1.6338880484114977,0.7488653555219364,0.0,0.47655068078668683,0.0,0.0,45.0,8.0,0.17777777777777778,True,True,True,False,True,True,False,False,False,False,False,True,True,False
egypt_trezeguet,team_egypt,Egypt,Trezeguet,Al Ahly FC (EGY),Forward,234189,Trezeguet,https://www.transfermarkt.co.uk/trezeguet/profil/spieler/234189,0.91,exact_name,True,31.0,180.0,right,Left Winger,4500000.0,,trezeguet,al ahly fc egy,,,False,wc2026_official_squad_corrected,1994-10-01 00:00:00,,9.0,3.0,3.0,1752.0,72.0,71.0,56.0,15.0,18.0,13.0,7.0,0.0,1.0,0.0,0.0,24.676056338028168,0.7777777777777778,0.9861111111111112,24.333333333333332,0.9246575342465753,0.6678082191780822,0.3595890410958904,0.0,0.05136986301369863,0.0,0.0,96.0,25.0,0.2604166666666667,True,True,True,False,True,True,False,False,False,False,False,True,True,False
egypt_zizo,team_egypt,Egypt,Zizo,Al Ahly FC (EGY),Forward,320722,Zizo,https://www.transfermarkt.co.uk/zizo/profil/spieler/320722,0.91,exact_name,True,30.0,180.0,right,Right Winger,5000000.0,Moreirense Futebol Clube,zizo,al ahly fc egy,,,False,wc2026_official_squad_corrected,1996-01-10 00:00:00,,,,,,,,,,,,,,,,,,,,,,,,,,,,55.0,4.0,0.07272727272727272,True,False,False,False,False,False,False,False,False,False,False,True,True,False
egypt_mahdy_soliman,team_egypt,Egypt,Mahdy Soliman,Zamalek SC (EGY),Goalkeeper,,,,0.0,unmatched,True,,,,,,,mahdy soliman,zamalek sc egy,,,False,wc2026_official_squad_corrected,,,,,,,,,,,,,,,,,,,,,,,,,,,,,,,,False,False,False,True,False,False,False,False,False,False,False,False,True,True
egypt_mohamed_alaa,team_egypt,Egypt,Mohamed Alaa,El Gouna FC (EGY),Goalkeeper,,,,0.0,unmatched,True,,,,,,,mohamed alaa,el gouna fc egy,,,False,wc2026_official_squad_corrected,,,,,,,,,,,,,,,,,,,,,,,,,,,,,,,,False,False,False,True,False,False,False,False,False,False,False,False,True,True
egypt_mohamed_elshenawy,team_egypt,Egypt,Mohamed Elshenawy,Al Ahly FC (EGY),Goalkeeper,134573,Mohamed El Shenawy,https://www.transfermarkt.co.uk/mohamed-el-shenawy/profil/spieler/134573,0.8877,near_name,True,37.0,191.0,right,Goalkeeper,,,mohamed elshenawy,al ahly fc egy,,,False,wc2026_official_squad_corrected,1988-12-18 00:00:00,,,,,,,,,,,,,,,,,,,,,,,,,,,,,,,True,False,False,True,False,False,False,False,False,False,False,False,True,True
egypt_mostafa_shoubir,team_egypt,Egypt,Mostafa Shoubir,Al Ahly FC (EGY),Goalkeeper,,,,0.0,unmatched,True,,,,,,,mostafa shoubir,al ahly fc egy,,,False,wc2026_official_squad_corrected,,,,,,,,,,,,,,,,,,,,,,,,,,,,,,,,False,False,False,True,False,False,False,False,False,False,False,False,True,True
egypt_emam_ashour,team_egypt,Egypt,Emam Ashour,Al Ahly FC (EGY),Midfielder,604008,Emam Ashour,https://www.transfermarkt.co.uk/emam-ashour/profil/spieler/604008,0.91,exact_name,True,28.0,182.0,right,Central Midfield,2000000.0,Fodbold Club Midtjylland,emam ashour,al ahly fc egy,,,False,wc2026_official_squad_corrected,1998-02-20 00:00:00,,11.0,2.0,1.0,936.0,84.0,80.0,75.0,5.0,27.0,18.0,7.0,0.0,4.0,0.0,0.0,11.7,0.8928571428571429,0.9523809523809523,11.142857142857142,2.5961538461538463,1.7307692307692308,0.6730769230769231,0.0,0.38461538461538464,0.0,0.0,,,,True,True,True,False,True,True,False,False,False,False,False,True,True,False
egypt_hamdy_fathy,team_egypt,Egypt,Hamdy Fathy,Al Wakrah SC (QAT),Midfielder,340303,Hamdy Fathy,https://www.transfermarkt.co.uk/hamdy-fathy/profil/spieler/340303,0.91,exact_name,True,31.0,180.0,right,Defensive Midfield,,,hamdy fathy,al wakrah sc qat,,,False,wc2026_official_squad_corrected,1994-09-29 00:00:00,,,,,,,,,,,,,,,,,,,,,,,,,,,,,,,True,False,False,False,False,False,False,False,False,False,False,True,True,False
egypt_mahmoud_saber,team_egypt,Egypt,Mahmoud Saber,ZED FC (EGY),Midfielder,729390,Mahmoud Saber,https://www.transfermarkt.co.uk/mahmoud-saber/profil/spieler/729390,0.91,exact_name,True,24.0,,right,Central Midfield,,,mahmoud saber,zed fc egy,,,False,wc2026_official_squad_corrected,2001-07-30 00:00:00,,,,,,,,,,,,,,,,,,,,,,,,,,,,,,,True,False,False,False,False,False,False,False,False,False,False,True,True,False
egypt_marawan_attia,team_egypt,Egypt,Marawan Attia,Al Ahly FC (EGY),Midfielder,,,,0.0,unmatched,True,,,,,,,marawan attia,al ahly fc egy,,,False,wc2026_official_squad_corrected,,,,,,,,,,,,,,,,,,,,,,,,,,,,,,,,False,False,False,False,False,False,False,False,False,False,False,True,True,False
egypt_mohanad_lashin,team_egypt,Egypt,Mohanad Lashin,Pyramids FC (EGY),Midfielder,,,,0.0,unmatched,True,,,,,,,mohanad lashin,pyramids fc egy,,,False,wc2026_official_squad_corrected,,,,,,,,,,,,,,,,,,,,,,,,,,,,,,,,False,False,False,False,False,False,False,False,False,False,False,True,True,False
egypt_mostafa_zico,team_egypt,Egypt,Mostafa Zico,Pyramids FC (EGY),Midfielder,,,,0.0,unmatched,True,,,,,,,mostafa zico,pyramids fc egy,,,False,wc2026_official_squad_corrected,,,,,,,,,,,,,,,,,,,,,,,,,,,,,,,,False,False,False,False,False,False,False,False,False,False,False,True,True,False
egypt_nabil_donga,team_egypt,Egypt,Nabil Donga,Al Najmah SC (KSA),Midfielder,,,,0.0,unmatched,True,,,,,,,nabil donga,al najmah sc ksa,,,False,wc2026_official_squad_corrected,,,,,,,,,,,,,,,,,,,,,,,,,,,,,,,,False,False,False,False,False,False,False,False,False,False,False,True,True,False
england_dan_burn,team_england,England,Dan Burn,Newcastle United FC (ENG),Defender,134270,Dan Burn,https://www.transfermarkt.co.uk/dan-burn/profil/spieler/134270,0.91,exact_name,True,34.0,201.0,left,Centre-Back,5000000.0,Newcastle United Football Club,dan burn,newcastle united fc eng,,,False,wc2026_official_squad_corrected,1992-05-09 00:00:00,,8.0,3.0,1.0,5804.0,93.0,92.0,86.0,6.0,6.0,3.0,17.0,0.0,0.0,0.0,0.0,63.08695652173913,0.9247311827956989,0.989247311827957,62.40860215053763,0.09303928325292901,0.046519641626464506,0.26361130254996556,0.0,0.0,0.0,0.0,3.0,0.0,0.0,True,True,True,False,True,True,False,False,False,False,False,True,True,False
england_djed_spence,team_england,England,Djed Spence,Tottenham Hotspur FC (ENG),Defender,483348,Djed Spence,https://www.transfermarkt.co.uk/djed-spence/profil/spieler/483348,0.91,exact_name,True,25.0,184.0,right,Left-Back,8000000.0,Tottenham Hotspur Football Club,djed spence,tottenham hotspur fc eng,,,False,wc2026_official_squad_corrected,2000-08-09 00:00:00,,8.0,3.0,3.0,2106.0,78.0,62.0,42.0,20.0,2.0,3.0,4.0,1.0,0.0,0.0,0.0,33.96774193548387,0.5384615384615384,0.7948717948717948,27.0,0.08547008547008547,0.12820512820512822,0.17094017094017094,0.042735042735042736,0.0,0.0,0.0,7.0,0.0,0.0,True,True,True,False,True,True,False,False,False,False,False,True,True,False
england_ezri_konsa,team_england,England,Ezri Konsa,Aston Villa FC (ENG),Defender,413403,Ezri Konsa,https://www.transfermarkt.co.uk/ezri-konsa/profil/spieler/413403,0.91,exact_name,True,28.0,183.0,right,Centre-Back,35000000.0,Aston Villa Football Club,ezri konsa,aston villa fc eng,,,False,wc2026_official_squad_corrected,1997-10-23 00:00:00,,9.0,3.0,1.0,5533.0,105.0,102.0,101.0,1.0,4.0,1.0,9.0,2.0,0.0,0.0,0.0,54.245098039215684,0.9619047619047619,0.9714285714285714,52.695238095238096,0.06506416049159588,0.01626604012289897,0.14639436110609072,0.03253208024579794,0.0,0.0,0.0,,,,True,True,True,False,True,True,False,False,False,False,False,True,True,False
england_jarell_quansah,team_england,England,Jarell Quansah,Bayer 04 Leverkusen (GER),Defender,632349,Jarell Quansah,https://www.transfermarkt.co.uk/jarell-quansah/profil/spieler/632349,0.95,exact_name,False,23.0,190.0,right,Centre-Back,40000000.0,Bayer 04 Leverkusen Fußball,jarell quansah,bayer 04 leverkusen ger,,,False,wc2026_official_squad_corrected,2003-01-29 00:00:00,,11.0,3.0,3.0,1404.0,115.0,63.0,45.0,18.0,4.0,3.0,7.0,0.0,0.0,0.0,0.0,22.285714285714285,0.391304347826087,0.5478260869565217,12.208695652173914,0.25641025641025644,0.19230769230769232,0.44871794871794873,0.0,0.0,0.0,0.0,36.0,4.0,0.1111111111111111,True,True,True,False,True,True,False,False,False,False,False,True,True,False
england_john_stones,team_england,England,John Stones,Manchester City FC (ENG),Defender,186590,John Stones,https://www.transfermarkt.co.uk/john-stones/profil/spieler/186590,0.91,exact_name,True,32.0,188.0,right,Centre-Back,18000000.0,Manchester City Football Club,john stones,manchester city fc eng,,,False,wc2026_official_squad_corrected,1994-05-28 00:00:00,,10.0,3.0,1.0,1701.0,71.0,49.0,36.0,13.0,4.0,4.0,4.0,0.0,0.0,0.0,0.0,34.714285714285715,0.5070422535211268,0.6901408450704225,23.95774647887324,0.21164021164021163,0.21164021164021163,0.21164021164021163,0.0,0.0,0.0,0.0,100.0,3.0,0.03,True,True,True,False,True,True,False,False,False,False,False,True,True,False
england_marc_guehi,team_england,England,Marc Guehi,Manchester City FC (ENG),Defender,392757,Marc Guéhi,https://www.transfermarkt.co.uk/marc-guehi/profil/spieler/392757,0.91,exact_name,True,25.0,182.0,right,Centre-Back,55000000.0,Manchester City Football Club,marc guehi,manchester city fc eng,,,False,wc2026_official_squad_corrected,2000-07-13 00:00:00,,9.0,3.0,1.0,1290.0,79.0,79.0,75.0,4.0,4.0,3.0,10.0,1.0,0.0,0.0,0.0,16.329113924050635,0.9493670886075949,1.0,16.329113924050635,0.27906976744186046,0.20930232558139533,0.6976744186046512,0.06976744186046512,0.0,0.0,0.0,82.0,8.0,0.0975609756097561,True,True,True,False,True,True,False,False,False,False,False,True,True,False
england_nico_oreilly,team_england,England,Nico Oreilly,Manchester City FC (ENG),Defender,743413,Nico O'Reilly,https://www.transfermarkt.co.uk/nico-oreilly/profil/spieler/743413,0.8788,near_name,True,21.0,193.0,left,Left-Back,40000000.0,Manchester City Football Club,nico oreilly,manchester city fc eng,,,False,wc2026_official_squad_corrected,2005-03-21 00:00:00,,11.0,3.0,3.0,953.0,68.0,40.0,32.0,8.0,9.0,3.0,7.0,0.0,0.0,0.0,0.0,23.825,0.47058823529411764,0.5882352941176471,14.014705882352942,0.8499475341028332,0.2833158447009444,0.6610703043022036,0.0,0.0,0.0,0.0,21.0,2.0,0.09523809523809523,True,True,True,False,True,True,False,False,False,False,False,True,True,False
england_reece_james,team_england,England,Reece James,Chelsea FC (ENG),Defender,245585,Reece James,https://www.transfermarkt.co.uk/reece-james/profil/spieler/245585,0.91,exact_name,True,32.0,182.0,left,Left-Back,400000.0,Manchester United Football Club,reece james,chelsea fc eng,,,False,wc2026_official_squad_corrected,1993-11-07 00:00:00,,9.0,3.0,2.0,1801.0,94.0,69.0,61.0,8.0,2.0,5.0,4.0,0.0,0.0,0.0,0.0,26.10144927536232,0.648936170212766,0.7340425531914894,19.159574468085108,0.09994447529150473,0.2498611882287618,0.19988895058300946,0.0,0.0,0.0,0.0,,,,True,True,True,False,True,True,False,False,False,False,False,True,True,False
england_tino_livramento,team_england,England,Tino Livramento,Newcastle United FC (ENG),Defender,503981,Tino Livramento,https://www.transfermarkt.co.uk/tino-livramento/profil/spieler/503981,0.91,exact_name,True,23.0,182.0,right,Right-Back,40000000.0,Newcastle United Football Club,tino livramento,newcastle united fc eng,,,False,wc2026_official_squad_corrected,2002-11-12 00:00:00,,8.0,3.0,1.0,1306.0,95.0,83.0,59.0,24.0,1.0,3.0,4.0,0.0,0.0,0.0,0.0,15.734939759036145,0.6210526315789474,0.8736842105263158,13.74736842105263,0.06891271056661562,0.20673813169984687,0.27565084226646247,0.0,0.0,0.0,0.0,,,,True,True,True,False,True,True,False,False,False,False,False,True,True,False
england_anthony_gordon,team_england,England,Anthony Gordon,Newcastle United FC (ENG),Forward,503733,Anthony Gordon,https://www.transfermarkt.co.uk/anthony-gordon/profil/spieler/503733,0.91,exact_name,True,25.0,183.0,right,Left Winger,60000000.0,Newcastle United Football Club,anthony gordon,newcastle united fc eng,,,False,wc2026_official_squad_corrected,2001-02-24 00:00:00,,8.0,3.0,1.0,1348.0,92.0,92.0,80.0,12.0,21.0,23.0,16.0,3.0,3.0,0.0,0.0,14.652173913043478,0.8695652173913043,1.0,14.652173913043478,1.4020771513353116,1.5356083086053411,1.0682492581602374,0.20029673590504452,0.20029673590504452,0.0,0.0,48.0,9.0,0.1875,True,True,True,False,True,True,False,False,False,False,False,True,True,False
england_bukayo_saka,team_england,England,Bukayo Saka,Arsenal FC (ENG),Forward,433177,Bukayo Saka,https://www.transfermarkt.co.uk/bukayo-saka/profil/spieler/433177,0.91,exact_name,True,24.0,178.0,left,Right Winger,130000000.0,Arsenal Football Club,bukayo saka,arsenal fc eng,,,False,wc2026_official_squad_corrected,2001-09-05 00:00:00,,9.0,3.0,1.0,924.0,87.0,86.0,78.0,8.0,33.0,31.0,9.0,0.0,8.0,0.0,0.0,10.744186046511627,0.896551724137931,0.9885057471264368,10.620689655172415,3.214285714285714,3.0194805194805197,0.8766233766233766,0.0,0.7792207792207793,0.0,0.0,79.0,20.0,0.25316455696202533,True,True,True,False,True,True,False,False,False,False,False,True,True,False
england_harry_kane,team_england,England,Harry Kane,FC Bayern München (GER),Forward,132098,Harry Kane,https://www.transfermarkt.co.uk/harry-kane/profil/spieler/132098,0.99,exact_name,False,32.0,188.0,right,Centre-Forward,65000000.0,FC Bayern München,harry kane,fc bayern munchen ger,,,False,wc2026_official_squad_corrected,1993-07-28 00:00:00,,10.0,3.0,1.0,672.0,97.0,95.0,90.0,5.0,88.0,27.0,10.0,0.0,22.0,0.0,0.0,7.073684210526316,0.9278350515463918,0.979381443298969,6.927835051546392,11.785714285714286,3.616071428571429,1.3392857142857142,0.0,2.9464285714285716,0.0,0.0,143.0,91.0,0.6363636363636364,True,True,True,False,True,True,False,False,False,False,False,True,True,False
england_ivan_toney,team_england,England,Ivan Toney,Al Ahli FC (KSA),Forward,251664,Ivan Toney,https://www.transfermarkt.co.uk/ivan-toney/profil/spieler/251664,0.91,exact_name,True,30.0,185.0,right,Centre-Forward,50000000.0,Al-Ahli Saudi Football Club,ivan toney,al ahli fc ksa,,,False,wc2026_official_squad_corrected,1996-03-16 00:00:00,,7.0,3.0,2.0,1117.0,67.0,66.0,62.0,4.0,39.0,9.0,12.0,0.0,15.0,0.0,0.0,16.924242424242426,0.9253731343283582,0.9850746268656716,16.671641791044777,3.1423455684870185,0.7251566696508506,0.9668755595344674,0.0,1.208594449418084,0.0,0.0,7.0,1.0,0.14285714285714285,True,True,True,False,True,True,False,False,False,False,False,True,True,False
england_marcus_rashford,team_england,England,Marcus Rashford,FC Barcelona (ESP),Forward,258923,Marcus Rashford,https://www.transfermarkt.co.uk/marcus-rashford/profil/spieler/258923,0.91,exact_name,True,28.0,185.0,right,Left Winger,40000000.0,Futbol Club Barcelona,marcus rashford,fc barcelona esp,,,False,wc2026_official_squad_corrected,1997-10-31 00:00:00,,12.0,3.0,3.0,1723.0,89.0,87.0,65.0,22.0,19.0,15.0,6.0,1.0,4.0,0.0,0.0,19.804597701149426,0.7303370786516854,0.9775280898876404,19.359550561797754,0.9924550203134068,0.783517121300058,0.3134068485200232,0.0522344747533372,0.2089378990133488,0.0,0.0,70.0,21.0,0.3,True,True,True,False,True,True,False,False,False,False,False,True,True,False
england_noni_madueke,team_england,England,Noni Madueke,Arsenal FC (ENG),Forward,503987,Noni Madueke,https://www.transfermarkt.co.uk/noni-madueke/profil/spieler/503987,0.91,exact_name,True,24.0,182.0,left,Right Winger,50000000.0,Arsenal Football Club,noni madueke,arsenal fc eng,,,False,wc2026_official_squad_corrected,2002-03-10 00:00:00,,9.0,3.0,2.0,1117.0,94.0,78.0,52.0,26.0,19.0,9.0,5.0,0.0,2.0,0.0,0.0,14.320512820512821,0.5531914893617021,0.8297872340425532,11.882978723404255,1.5308863025962398,0.7251566696508506,0.4028648164726947,0.0,0.1611459265890779,0.0,0.0,49.0,14.0,0.2857142857142857,True,True,True,False,True,True,False,False,False,False,False,True,True,False
england_ollie_watkins,team_england,England,Ollie Watkins,Aston Villa FC (ENG),Forward,324358,Ollie Watkins,https://www.transfermarkt.co.uk/ollie-watkins/profil/spieler/324358,0.91,exact_name,True,30.0,180.0,right,Centre-Forward,30000000.0,Aston Villa Football Club,ollie watkins,aston villa fc eng,,,False,wc2026_official_squad_corrected,1995-12-30 00:00:00,,9.0,3.0,1.0,1213.0,111.0,110.0,94.0,16.0,44.0,29.0,9.0,0.0,2.0,0.0,0.0,11.027272727272727,0.8468468468468469,0.990990990990991,10.927927927927929,3.2646331409727947,2.151690024732069,0.6677658697444353,0.0,0.1483924154987634,0.0,0.0,,,,True,True,True,False,True,True,False,False,False,False,False,True,True,False
england_dean_henderson,team_england,England,Dean Henderson,Crystal Palace FC (ENG),Goalkeeper,258919,Dean Henderson,https://www.transfermarkt.co.uk/dean-henderson/profil/spieler/258919,0.91,exact_name,True,29.0,188.0,right,Goalkeeper,28000000.0,Crystal Palace Football Club,dean henderson,crystal palace fc eng,,,False,wc2026_official_squad_corrected,1997-03-12 00:00:00,,10.0,3.0,2.0,6229.0,84.0,70.0,70.0,0.0,0.0,0.0,7.0,0.0,0.0,88.0,25.0,88.98571428571428,0.8333333333333334,0.8333333333333334,74.1547619047619,0.0,0.0,0.10113982982822282,0.0,0.0,1.271472146411944,0.3612136779579387,26.0,0.0,0.0,True,True,True,True,True,False,True,False,False,False,False,False,True,True
england_james_trafford,team_england,England,James Trafford,Manchester City FC (ENG),Goalkeeper,566799,James Trafford,https://www.transfermarkt.co.uk/james-trafford/profil/spieler/566799,0.91,exact_name,True,23.0,192.0,right,Goalkeeper,18000000.0,Manchester City Football Club,james trafford,manchester city fc eng,,,False,wc2026_official_squad_corrected,2002-10-10 00:00:00,,4.0,3.0,2.0,6840.0,86.0,76.0,76.0,0.0,0.0,0.0,9.0,0.0,0.0,82.0,32.0,90.0,0.8837209302325582,0.8837209302325582,79.53488372093024,0.0,0.0,0.11842105263157894,0.0,0.0,1.0789473684210527,0.4210526315789474,37.0,0.0,0.0,True,True,True,True,True,False,True,False,False,False,False,False,True,True
england_jordan_pickford,team_england,England,Jordan Pickford,Everton FC (ENG),Goalkeeper,130164,Jordan Pickford,https://www.transfermarkt.co.uk/jordan-pickford/profil/spieler/130164,0.91,exact_name,True,32.0,185.0,left,Goalkeeper,15000000.0,Everton Football Club,jordan pickford,everton fc eng,,,False,wc2026_official_squad_corrected,1994-03-07 00:00:00,,7.0,3.0,1.0,7650.0,89.0,85.0,85.0,0.0,0.0,1.0,12.0,0.0,0.0,103.0,28.0,90.0,0.9550561797752809,0.9550561797752809,85.95505617977528,0.0,0.011764705882352943,0.1411764705882353,0.0,0.0,1.2117647058823529,0.32941176470588235,128.0,0.0,0.0,True,True,True,True,True,False,True,False,False,False,False,False,True,True
england_declan_rice,team_england,England,Declan Rice,Arsenal FC (ENG),Midfielder,357662,Declan Rice,https://www.transfermarkt.co.uk/declan-rice/profil/spieler/357662,0.91,exact_name,True,27.0,188.0,right,Central Midfield,120000000.0,Arsenal Football Club,declan rice,arsenal fc eng,,,False,wc2026_official_squad_corrected,1999-01-14 00:00:00,,10.0,3.0,1.0,1664.0,108.0,106.0,99.0,7.0,16.0,22.0,15.0,1.0,0.0,0.0,0.0,15.69811320754717,0.9166666666666666,0.9814814814814815,15.407407407407407,0.8653846153846154,1.189903846153846,0.8112980769230769,0.054086538461538464,0.0,0.0,0.0,91.0,8.0,0.08791208791208792,True,True,True,False,True,True,False,False,False,False,False,True,True,False
england_eberechi_eze,team_england,England,Eberechi Eze,Arsenal FC (ENG),Midfielder,479999,Eberechi Eze,https://www.transfermarkt.co.uk/eberechi-eze/profil/spieler/479999,0.86,exact_name,True,27.0,178.0,right,Attacking Midfield,65000000.0,Arsenal Football Club,eberechi eze,arsenal fc eng,,,False,wc2026_official_squad_corrected,1998-06-29 00:00:00,,9.0,3.0,2.0,753.0,77.0,77.0,68.0,9.0,25.0,17.0,5.0,0.0,2.0,0.0,0.0,9.779220779220779,0.8831168831168831,1.0,9.779220779220779,2.9880478087649402,2.0318725099601593,0.5976095617529881,0.0,0.2390438247011952,0.0,0.0,28.0,2.0,0.07142857142857142,True,True,True,False,True,True,False,False,False,False,False,True,True,False
england_elliot_anderson,team_england,England,Elliot Anderson,Nottingham Forest FC (ENG),Midfielder,567576,Elliot Anderson,https://www.transfermarkt.co.uk/elliot-anderson/profil/spieler/567576,0.91,exact_name,True,23.0,179.0,right,Central Midfield,60000000.0,Nottingham Forest Football Club,elliot anderson,nottingham forest fc eng,,,False,wc2026_official_squad_corrected,2002-11-06 00:00:00,,8.0,3.0,2.0,1372.0,73.0,72.0,50.0,22.0,2.0,9.0,14.0,0.0,0.0,0.0,0.0,19.055555555555557,0.684931506849315,0.9863013698630136,18.794520547945204,0.13119533527696792,0.5903790087463557,0.9183673469387754,0.0,0.0,0.0,0.0,19.0,2.0,0.10526315789473684,True,True,True,False,True,True,False,False,False,False,False,True,True,False
england_jordan_henderson,team_england,England,Jordan Henderson,Brentford FC (ENG),Midfielder,61651,Jordan Henderson,https://www.transfermarkt.co.uk/jordan-henderson/profil/spieler/61651,0.91,exact_name,True,35.0,182.0,right,Defensive Midfield,2000000.0,Brentford Football Club,jordan henderson,brentford fc eng,,,False,wc2026_official_squad_corrected,1990-06-17 00:00:00,,9.0,3.0,3.0,1870.0,84.0,79.0,69.0,10.0,1.0,14.0,16.0,0.0,0.0,0.0,0.0,23.670886075949365,0.8214285714285714,0.9404761904761905,22.261904761904763,0.0481283422459893,0.6737967914438503,0.7700534759358288,0.0,0.0,0.0,0.0,114.0,7.0,0.06140350877192982,True,True,True,False,True,True,False,False,False,False,False,True,True,False
england_jude_bellingham,team_england,England,Jude Bellingham,Real Madrid C. F. (ESP),Midfielder,581678,Jude Bellingham,https://www.transfermarkt.co.uk/jude-bellingham/profil/spieler/581678,0.86,exact_name,True,22.0,186.0,right,Attacking Midfield,160000000.0,Real Madrid Club de Fútbol,jude bellingham,real madrid c f esp,,,False,wc2026_official_squad_corrected,2003-06-29 00:00:00,,10.0,2.0,1.0,1568.0,101.0,94.0,90.0,4.0,37.0,27.0,19.0,3.0,2.0,0.0,0.0,16.680851063829788,0.8910891089108911,0.9306930693069307,15.524752475247524,2.123724489795918,1.5497448979591835,1.090561224489796,0.1721938775510204,0.11479591836734693,0.0,0.0,,,,True,True,True,False,True,True,False,False,False,False,False,True,True,False
england_kobbie_mainoo,team_england,England,Kobbie Mainoo,Manchester United FC (ENG),Midfielder,820374,Kobbie Mainoo,https://www.transfermarkt.co.uk/kobbie-mainoo/profil/spieler/820374,0.91,exact_name,True,21.0,184.0,right,Central Midfield,40000000.0,Manchester United Football Club,kobbie mainoo,manchester united fc eng,,,False,wc2026_official_squad_corrected,2005-04-19 00:00:00,,12.0,3.0,3.0,947.0,85.0,74.0,56.0,18.0,7.0,5.0,11.0,0.0,0.0,0.0,0.0,12.797297297297296,0.6588235294117647,0.8705882352941177,11.141176470588235,0.6652587117212249,0.47518479408658926,1.0454065469904963,0.0,0.0,0.0,0.0,23.0,1.0,0.043478260869565216,True,True,True,False,True,True,False,False,False,False,False,True,True,False
england_morgan_rogers,team_england,England,Morgan Rogers,Aston Villa FC (ENG),Midfielder,503743,Morgan Rogers,https://www.transfermarkt.co.uk/morgan-rogers/profil/spieler/503743,0.86,exact_name,True,23.0,187.0,right,Attacking Midfield,70000000.0,Aston Villa Football Club,morgan rogers,aston villa fc eng,,,False,wc2026_official_squad_corrected,2002-07-26 00:00:00,,9.0,3.0,2.0,1772.0,111.0,106.0,88.0,18.0,24.0,26.0,24.0,0.0,0.0,0.0,0.0,16.71698113207547,0.7927927927927928,0.954954954954955,15.963963963963964,1.2189616252821671,1.3205417607223477,1.2189616252821671,0.0,0.0,0.0,0.0,,,,True,True,True,False,True,True,False,False,False,False,False,True,True,False
france_dayot_upamecano,team_france,France,Dayot Upamecano,FC Bayern München (GER),Defender,344695,Dayot Upamecano,https://www.transfermarkt.co.uk/dayot-upamecano/profil/spieler/344695,0.99,exact_name,False,27.0,186.0,right,Centre-Back,70000000.0,FC Bayern München,dayot upamecano,fc bayern munchen ger,,,False,wc2026_official_squad_corrected,1998-10-27 00:00:00,,9.0,3.0,1.0,2652.0,79.0,69.0,62.0,7.0,3.0,1.0,11.0,2.0,0.0,0.0,0.0,38.43478260869565,0.7848101265822784,0.8734177215189873,33.56962025316456,0.10180995475113123,0.03393665158371041,0.3733031674208145,0.06787330316742082,0.0,0.0,0.0,79.0,4.0,0.05063291139240506,True,True,True,False,True,True,False,False,False,False,False,True,True,False
france_ibrahima_konate,team_france,France,Ibrahima Konate,Liverpool FC (ENG),Defender,357119,Ibrahima Konaté,https://www.transfermarkt.co.uk/ibrahima-konate/profil/spieler/357119,0.91,exact_name,True,27.0,194.0,right,Centre-Back,45000000.0,Liverpool Football Club,ibrahima konate,liverpool fc eng,,,False,wc2026_official_squad_corrected,1999-05-25 00:00:00,,9.0,3.0,1.0,3214.0,98.0,83.0,72.0,11.0,2.0,3.0,15.0,1.0,0.0,0.0,0.0,38.72289156626506,0.7346938775510204,0.8469387755102041,32.795918367346935,0.056004978220286245,0.08400746733042937,0.4200373366521468,0.028002489110143122,0.0,0.0,0.0,59.0,1.0,0.01694915254237288,True,True,True,False,True,True,False,False,False,False,False,True,True,False
france_jules_kounde,team_france,France,Jules Kounde,FC Barcelona (ESP),Defender,411975,Jules Koundé,https://www.transfermarkt.co.uk/jules-kounde/profil/spieler/411975,0.91,exact_name,True,27.0,180.0,right,Right-Back,45000000.0,Futbol Club Barcelona,jules kounde,fc barcelona esp,,,False,wc2026_official_squad_corrected,1998-11-12 00:00:00,,9.0,3.0,1.0,4768.0,108.0,104.0,96.0,8.0,6.0,12.0,12.0,0.0,0.0,0.0,0.0,45.84615384615385,0.8888888888888888,0.9629629629629629,44.148148148148145,0.11325503355704697,0.22651006711409394,0.22651006711409394,0.0,0.0,0.0,0.0,53.0,1.0,0.018867924528301886,True,True,True,False,True,True,False,False,False,False,False,True,True,False
france_lucas_digne,team_france,France,Lucas Digne,Aston Villa FC (ENG),Defender,126664,Lucas Digne,https://www.transfermarkt.co.uk/lucas-digne/profil/spieler/126664,0.91,exact_name,True,32.0,178.0,left,Left-Back,8000000.0,Aston Villa Football Club,lucas digne,aston villa fc eng,,,False,wc2026_official_squad_corrected,1993-07-20 00:00:00,,8.0,3.0,1.0,3215.0,106.0,94.0,79.0,15.0,2.0,13.0,16.0,0.0,0.0,0.0,0.0,34.202127659574465,0.7452830188679245,0.8867924528301887,30.330188679245282,0.05598755832037325,0.36391912908242613,0.447900466562986,0.0,0.0,0.0,0.0,125.0,3.0,0.024,True,True,True,False,True,True,False,False,False,False,False,True,True,False
france_lucas_hernandez,team_france,France,Lucas Hernandez,Paris Saint-Germain (FRA),Defender,281963,Lucas Hernández,https://www.transfermarkt.co.uk/lucas-hernandez/profil/spieler/281963,0.95,exact_name,False,30.0,184.0,left,Left-Back,20000000.0,Paris Saint-Germain Football Club,lucas hernandez,paris saint germain fra,,,False,wc2026_official_squad_corrected,1996-02-14 00:00:00,,10.0,3.0,1.0,2757.0,86.0,67.0,51.0,16.0,2.0,2.0,11.0,0.0,0.0,0.0,0.0,41.149253731343286,0.5930232558139535,0.7790697674418605,32.05813953488372,0.06528835690968444,0.06528835690968444,0.35908596300326445,0.0,0.0,0.0,0.0,,,,True,True,True,False,True,True,False,False,False,False,False,True,True,False
france_malo_gusto,team_france,France,Malo Gusto,Chelsea FC (ENG),Defender,620322,Malo Gusto,https://www.transfermarkt.co.uk/malo-gusto/profil/spieler/620322,0.91,exact_name,True,23.0,178.0,right,Right-Back,35000000.0,Chelsea Football Club,malo gusto,chelsea fc eng,,,False,wc2026_official_squad_corrected,2003-05-19 00:00:00,,9.0,3.0,1.0,0.0,85.0,81.0,53.0,28.0,0.0,11.0,11.0,1.0,0.0,0.0,0.0,0.0,0.6235294117647059,0.9529411764705882,0.0,,,,,,,,,,,True,False,False,False,False,False,False,False,False,False,False,True,True,False
france_maxence_lacroix,team_france,France,Maxence Lacroix,Crystal Palace FC (ENG),Defender,434224,Maxence Lacroix,https://www.transfermarkt.co.uk/maxence-lacroix/profil/spieler/434224,0.91,exact_name,True,26.0,190.0,right,Centre-Back,35000000.0,Crystal Palace Football Club,maxence lacroix,crystal palace fc eng,,,False,wc2026_official_squad_corrected,2000-04-06 00:00:00,,9.0,3.0,2.0,3710.0,82.0,81.0,80.0,1.0,5.0,3.0,11.0,3.0,0.0,0.0,0.0,45.80246913580247,0.975609756097561,0.9878048780487805,45.24390243902439,0.12129380053908356,0.07277628032345014,0.2668463611859838,0.07277628032345014,0.0,0.0,0.0,12.0,0.0,0.0,True,True,True,False,True,True,False,False,False,False,False,True,True,False
france_theo_hernandez,team_france,France,Theo Hernandez,Al Hilal SC (KSA),Defender,339808,Theo Hernández,https://www.transfermarkt.co.uk/theo-hernandez/profil/spieler/339808,0.91,exact_name,True,28.0,184.0,left,Left-Back,60000000.0,Al-Hilal Saudi Football Club,theo hernandez,al hilal sc ksa,,,False,wc2026_official_squad_corrected,1997-10-06 00:00:00,,,,,,,,,,,,,,,,,,,,,,,,,,,,,,,True,False,False,False,False,False,False,False,False,False,False,True,True,False
france_william_saliba,team_france,France,William Saliba,Arsenal FC (ENG),Defender,495666,William Saliba,https://www.transfermarkt.co.uk/william-saliba/profil/spieler/495666,0.91,exact_name,True,25.0,192.0,right,Centre-Back,90000000.0,Arsenal Football Club,william saliba,arsenal fc eng,,,False,wc2026_official_squad_corrected,2001-03-24 00:00:00,,10.0,3.0,1.0,3231.0,108.0,104.0,103.0,1.0,4.0,1.0,9.0,1.0,0.0,0.0,0.0,31.067307692307693,0.9537037037037037,0.9629629629629629,29.916666666666668,0.11142061281337047,0.027855153203342618,0.25069637883008355,0.027855153203342618,0.0,0.0,0.0,55.0,4.0,0.07272727272727272,True,True,True,False,True,True,False,False,False,False,False,True,True,False
france_bradley_barcola,team_france,France,Bradley Barcola,Paris Saint-Germain (FRA),Forward,708265,Bradley Barcola,https://www.transfermarkt.co.uk/bradley-barcola/profil/spieler/708265,0.95,exact_name,False,23.0,182.0,right,Left Winger,70000000.0,Paris Saint-Germain Football Club,bradley barcola,paris saint germain fra,,,False,wc2026_official_squad_corrected,2002-09-02 00:00:00,,11.0,3.0,2.0,1656.0,110.0,104.0,77.0,27.0,27.0,29.0,6.0,1.0,0.0,0.0,0.0,15.923076923076923,0.7,0.9454545454545454,15.054545454545455,1.467391304347826,1.5760869565217392,0.32608695652173914,0.05434782608695652,0.0,0.0,0.0,,,,True,True,True,False,True,True,False,False,False,False,False,True,True,False
france_desire_doue,team_france,France,Desire Doue,Paris Saint-Germain (FRA),Forward,914562,Désiré Doué,https://www.transfermarkt.co.uk/desire-doue/profil/spieler/914562,0.95,exact_name,False,21.0,181.0,right,Right Winger,90000000.0,Paris Saint-Germain Football Club,desire doue,paris saint germain fra,,,False,wc2026_official_squad_corrected,2005-06-03 00:00:00,,10.0,3.0,3.0,962.0,106.0,101.0,62.0,39.0,19.0,23.0,7.0,0.0,0.0,0.0,0.0,9.524752475247524,0.5849056603773585,0.9528301886792453,9.075471698113208,1.7775467775467777,2.1517671517671517,0.654885654885655,0.0,0.0,0.0,0.0,,,,True,True,True,False,True,True,False,False,False,False,False,True,True,False
france_jean_philippe_mateta,team_france,France,Jean-Philippe Mateta,Crystal Palace FC (ENG),Forward,420002,Jean-Philippe Mateta,https://www.transfermarkt.co.uk/jean-philippe-mateta/profil/spieler/420002,0.91,exact_name,True,28.0,192.0,right,Centre-Forward,40000000.0,Crystal Palace Football Club,jean philippe mateta,crystal palace fc eng,,,False,wc2026_official_squad_corrected,1997-06-28 00:00:00,,9.0,3.0,1.0,1030.0,94.0,91.0,76.0,15.0,39.0,10.0,11.0,0.0,6.0,0.0,0.0,11.31868131868132,0.8085106382978723,0.9680851063829787,10.957446808510639,3.4077669902912624,0.8737864077669902,0.9611650485436893,0.0,0.5242718446601942,0.0,0.0,21.0,9.0,0.42857142857142855,True,True,True,False,True,True,False,False,False,False,False,True,True,False
france_kylian_mbappe,team_france,France,Kylian Mbappe,Real Madrid C. F. (ESP),Forward,342229,Kylian Mbappé,https://www.transfermarkt.co.uk/kylian-mbappe/profil/spieler/342229,0.91,exact_name,True,27.0,180.0,right,Centre-Forward,180000000.0,Real Madrid Club de Fútbol,kylian mbappe,real madrid c f esp,,,False,wc2026_official_squad_corrected,1998-12-20 00:00:00,,11.0,3.0,2.0,1161.0,109.0,107.0,98.0,9.0,90.0,15.0,10.0,1.0,18.0,0.0,0.0,10.850467289719626,0.8990825688073395,0.981651376146789,10.65137614678899,6.976744186046512,1.1627906976744184,0.7751937984496124,0.07751937984496124,1.3953488372093024,0.0,0.0,105.0,59.0,0.5619047619047619,True,True,True,False,True,True,False,False,False,False,False,True,True,False
france_marcus_thuram,team_france,France,Marcus Thuram,FC Internazionale Milano (ITA),Forward,318528,Marcus Thuram,https://www.transfermarkt.co.uk/marcus-thuram/profil/spieler/318528,0.95,exact_name,False,28.0,192.0,right,Centre-Forward,60000000.0,Football Club Internazionale Milano S.p.A.,marcus thuram,fc internazionale milano ita,,,False,wc2026_official_squad_corrected,1997-08-06 00:00:00,,9.0,3.0,1.0,1302.0,103.0,96.0,83.0,13.0,35.0,24.0,6.0,0.0,0.0,0.0,0.0,13.5625,0.8058252427184466,0.9320388349514563,12.640776699029127,2.4193548387096775,1.6589861751152073,0.4147465437788018,0.0,0.0,0.0,0.0,71.0,11.0,0.15492957746478872,True,True,True,False,True,True,False,False,False,False,False,True,True,False
france_michael_olise,team_france,France,Michael Olise,FC Bayern München (GER),Forward,566723,Michael Olise,https://www.transfermarkt.co.uk/michael-olise/profil/spieler/566723,0.99,exact_name,False,24.0,184.0,left,Right Winger,130000000.0,FC Bayern München,michael olise,fc bayern munchen ger,,,False,wc2026_official_squad_corrected,2001-12-12 00:00:00,,7.0,3.0,2.0,680.0,74.0,73.0,60.0,13.0,31.0,27.0,7.0,0.0,2.0,0.0,0.0,9.315068493150685,0.8108108108108109,0.9864864864864865,9.18918918918919,4.102941176470588,3.5735294117647056,0.9264705882352942,0.0,0.2647058823529412,0.0,0.0,28.0,9.0,0.32142857142857145,True,True,True,False,True,True,False,False,False,False,False,True,True,False
france_ousmane_dembele,team_france,France,Ousmane Dembele,Paris Saint-Germain (FRA),Forward,288230,Ousmane Dembélé,https://www.transfermarkt.co.uk/ousmane-dembele/profil/spieler/288230,0.95,exact_name,False,29.0,178.0,both,Centre-Forward,100000000.0,Paris Saint-Germain Football Club,ousmane dembele,paris saint germain fra,,,False,wc2026_official_squad_corrected,1997-05-15 00:00:00,,10.0,3.0,1.0,1815.0,100.0,95.0,73.0,22.0,41.0,32.0,9.0,1.0,3.0,0.0,0.0,19.105263157894736,0.73,0.95,18.15,2.0330578512396698,1.586776859504132,0.4462809917355372,0.04958677685950413,0.1487603305785124,0.0,0.0,79.0,17.0,0.21518987341772153,True,True,True,False,True,True,False,False,False,False,False,True,True,False
france_brice_samba,team_france,France,Brice Samba,Stade Rennais FC (FRA),Goalkeeper,191056,Brice Samba,https://www.transfermarkt.co.uk/brice-samba/profil/spieler/191056,0.91,exact_name,True,32.0,187.0,left,Goalkeeper,10000000.0,Stade Rennais Football Club,brice samba,stade rennais fc fra,,,False,wc2026_official_squad_corrected,1994-04-25 00:00:00,,9.0,3.0,2.0,7230.0,80.0,80.0,80.0,0.0,0.0,1.0,10.0,0.0,0.0,101.0,28.0,90.375,1.0,1.0,90.0,0.0,0.012448132780082987,0.12448132780082988,0.0,0.0,1.2572614107883817,0.34854771784232363,3.0,0.0,0.0,True,True,True,True,True,False,True,False,False,False,False,False,True,True
france_mike_maignan,team_france,France,Mike Maignan,AC Milan (ITA),Goalkeeper,182906,Mike Maignan,https://www.transfermarkt.co.uk/mike-maignan/profil/spieler/182906,0.91,exact_name,True,30.0,191.0,right,Goalkeeper,38000000.0,Associazione Calcio Milan,mike maignan,ac milan ita,,,False,wc2026_official_squad_corrected,1995-07-03 00:00:00,,10.0,3.0,1.0,8668.0,101.0,98.0,98.0,0.0,0.0,0.0,5.0,0.0,0.0,113.0,32.0,88.44897959183673,0.9702970297029703,0.9702970297029703,85.82178217821782,0.0,0.0,0.051915089986155974,0.0,0.0,1.173281033687125,0.33225657591139823,71.0,0.0,0.0,True,True,True,True,True,False,True,False,False,False,False,False,True,True
france_robin_risser,team_france,France,Robin Risser,RC Lens (FRA),Goalkeeper,743515,Robin Risser,https://www.transfermarkt.co.uk/robin-risser/profil/spieler/743515,0.91,exact_name,True,21.0,193.0,right,Goalkeeper,10000000.0,Racing Club de Lens,robin risser,rc lens fra,,,False,wc2026_official_squad_corrected,2004-12-02 00:00:00,,5.0,3.0,5.0,4770.0,58.0,53.0,53.0,0.0,0.0,0.0,4.0,0.0,0.0,67.0,13.0,90.0,0.9137931034482759,0.9137931034482759,82.24137931034483,0.0,0.0,0.07547169811320754,0.0,0.0,1.2641509433962264,0.24528301886792453,,,,True,True,True,True,True,False,True,False,False,False,False,False,True,True
france_adrien_rabiot,team_france,France,Adrien Rabiot,AC Milan (ITA),Midfielder,182913,Adrien Rabiot,https://www.transfermarkt.co.uk/adrien-rabiot/profil/spieler/182913,0.91,exact_name,True,31.0,191.0,left,Central Midfield,20000000.0,Associazione Calcio Milan,adrien rabiot,ac milan ita,,,False,wc2026_official_squad_corrected,1995-04-03 00:00:00,,5.0,3.0,2.0,959.0,67.0,67.0,64.0,3.0,15.0,9.0,13.0,0.0,0.0,0.0,0.0,14.313432835820896,0.9552238805970149,1.0,14.313432835820896,1.407716371220021,0.8446298227320126,1.2200208550573515,0.0,0.0,0.0,0.0,106.0,12.0,0.11320754716981132,True,True,True,False,True,True,False,False,False,False,False,True,True,False
france_aurelien_tchouameni,team_france,France,Aurelien Tchouameni,Real Madrid C. F. (ESP),Midfielder,413112,Aurélien Tchouaméni,https://www.transfermarkt.co.uk/aurelien-tchouameni/profil/spieler/413112,0.91,exact_name,True,26.0,188.0,right,Defensive Midfield,100000000.0,Real Madrid Club de Fútbol,aurelien tchouameni,real madrid c f esp,,,False,wc2026_official_squad_corrected,2000-01-27 00:00:00,,11.0,3.0,1.0,932.0,97.0,93.0,84.0,9.0,5.0,2.0,20.0,0.0,0.0,0.0,0.0,10.021505376344086,0.865979381443299,0.9587628865979382,9.608247422680412,0.48283261802575106,0.19313304721030042,1.9313304721030042,0.0,0.0,0.0,0.0,95.0,4.0,0.042105263157894736,True,True,True,False,True,True,False,False,False,False,False,True,True,False
france_maghnes_akliouche,team_france,France,Maghnes Akliouche,AS Monaco (FRA),Midfielder,745200,Maghnes Akliouche,https://www.transfermarkt.co.uk/maghnes-akliouche/profil/spieler/745200,0.86,exact_name,True,24.0,183.0,left,Right Winger,45000000.0,Association sportive de Monaco Football Club,maghnes akliouche,as monaco fra,,,False,wc2026_official_squad_corrected,2002-02-25 00:00:00,,7.0,3.0,1.0,1394.0,81.0,77.0,60.0,17.0,17.0,17.0,11.0,0.0,1.0,0.0,0.0,18.103896103896105,0.7407407407407407,0.9506172839506173,17.209876543209877,1.0975609756097562,1.0975609756097562,0.7101865136298422,0.0,0.06456241032998565,0.0,0.0,30.0,9.0,0.3,True,True,True,False,True,True,False,False,False,False,False,True,True,False
france_manu_kone,team_france,France,Manu Kone,AS Roma (ITA),Midfielder,624690,Manu Koné,https://www.transfermarkt.co.uk/manu-kone/profil/spieler/624690,0.91,exact_name,True,25.0,185.0,right,Central Midfield,50000000.0,Associazione Sportiva Roma,manu kone,as roma ita,,,False,wc2026_official_squad_corrected,2001-05-17 00:00:00,,7.0,3.0,2.0,3006.0,77.0,73.0,62.0,11.0,4.0,4.0,13.0,1.0,0.0,0.0,0.0,41.178082191780824,0.8051948051948052,0.948051948051948,39.03896103896104,0.11976047904191617,0.11976047904191617,0.3892215568862275,0.029940119760479042,0.0,0.0,0.0,43.0,1.0,0.023255813953488372,True,True,True,False,True,True,False,False,False,False,False,True,True,False
france_ngolo_kante,team_france,France,Ngolo Kante,Fenerbahçe SK (TUR),Midfielder,225083,N'Golo Kanté,https://www.transfermarkt.co.uk/ngolo-kante/profil/spieler/225083,0.8761,near_name,True,35.0,168.0,right,Defensive Midfield,12000000.0,Fenerbahçe Spor Kulübü,ngolo kante,fenerbahce sk tur,,,False,wc2026_official_squad_corrected,1991-03-29 00:00:00,,8.0,3.0,1.0,2333.0,80.0,79.0,78.0,1.0,7.0,10.0,10.0,1.0,0.0,0.0,0.0,29.531645569620252,0.975,0.9875,29.1625,0.2700385769395628,0.3857693956279469,0.3857693956279469,0.03857693956279468,0.0,0.0,0.0,,,,True,True,True,False,True,True,False,False,False,False,False,True,True,False
france_rayan_cherki,team_france,France,Rayan Cherki,Manchester City FC (ENG),Midfielder,607223,Rayan Cherki,https://www.transfermarkt.co.uk/rayan-cherki/profil/spieler/607223,0.86,exact_name,True,22.0,177.0,both,Attacking Midfield,50000000.0,Manchester City Football Club,rayan cherki,manchester city fc eng,,,False,wc2026_official_squad_corrected,2003-08-17 00:00:00,,6.0,3.0,2.0,2445.0,86.0,85.0,58.0,27.0,16.0,29.0,5.0,0.0,0.0,0.0,0.0,28.764705882352942,0.6744186046511628,0.9883720930232558,28.430232558139537,0.588957055214724,1.0674846625766872,0.18404907975460125,0.0,0.0,0.0,0.0,35.0,16.0,0.45714285714285713,True,True,True,False,True,True,False,False,False,False,False,True,True,False
france_warren_zaire_emery,team_france,France,Warren Zaire-Emery,Paris Saint-Germain (FRA),Midfielder,810092,Warren Zaïre-Emery,https://www.transfermarkt.co.uk/warren-zaire-emery/profil/spieler/810092,0.95,exact_name,False,20.0,178.0,right,Central Midfield,50000000.0,Paris Saint-Germain Football Club,warren zaire emery,paris saint germain fra,,,False,wc2026_official_squad_corrected,2006-03-08 00:00:00,,10.0,3.0,1.0,4753.0,100.0,95.0,70.0,25.0,6.0,9.0,8.0,0.0,0.0,0.0,0.0,50.03157894736842,0.7,0.95,47.53,0.11361245529139491,0.17041868293709236,0.15148327372185988,0.0,0.0,0.0,0.0,,,,True,True,True,False,True,True,False,False,False,False,False,True,True,False
germany_antonio_ruediger,team_germany,Germany,Antonio Ruediger,Real Madrid C. F. (ESP),Defender,86202,Antonio Rüdiger,https://www.transfermarkt.co.uk/antonio-rudiger/profil/spieler/86202,0.8848,near_name,True,33.0,190.0,right,Centre-Back,25000000.0,Real Madrid Club de Fútbol,antonio ruediger,real madrid c f esp,,,False,wc2026_official_squad_corrected,1993-03-03 00:00:00,,11.0,3.0,1.0,3863.0,103.0,99.0,91.0,8.0,5.0,4.0,15.0,1.0,0.0,0.0,0.0,39.02020202020202,0.883495145631068,0.9611650485436893,37.50485436893204,0.11648977478643541,0.09319181982914834,0.3494693243593062,0.023297954957287086,0.0,0.0,0.0,115.0,9.0,0.0782608695652174,True,True,True,False,True,True,False,False,False,False,False,True,True,False
germany_david_raum,team_germany,Germany,David Raum,RB Leipzig (GER),Defender,318204,David Raum,https://www.transfermarkt.co.uk/david-raum/profil/spieler/318204,0.91,exact_name,True,28.0,181.0,left,Left-Back,20000000.0,RasenBallsport Leipzig,david raum,rb leipzig ger,,,False,wc2026_official_squad_corrected,1998-04-22 00:00:00,,9.0,3.0,1.0,3791.0,78.0,72.0,70.0,2.0,4.0,20.0,16.0,0.0,0.0,0.0,0.0,52.65277777777778,0.8974358974358975,0.9230769230769231,48.6025641025641,0.09496175151675021,0.474808757583751,0.37984700606700084,0.0,0.0,0.0,0.0,52.0,1.0,0.019230769230769232,True,True,True,False,True,True,False,False,False,False,False,True,True,False
germany_jonathan_tah,team_germany,Germany,Jonathan Tah,FC Bayern München (GER),Defender,196357,Jonathan Tah,https://www.transfermarkt.co.uk/jonathan-tah/profil/spieler/196357,0.99,exact_name,False,30.0,195.0,right,Centre-Back,30000000.0,FC Bayern München,jonathan tah,fc bayern munchen ger,,,False,wc2026_official_squad_corrected,1996-02-11 00:00:00,,10.0,3.0,2.0,2330.0,105.0,101.0,97.0,4.0,10.0,2.0,17.0,0.0,0.0,0.0,0.0,23.06930693069307,0.9238095238095239,0.9619047619047619,22.19047619047619,0.38626609442060084,0.07725321888412016,0.6566523605150215,0.0,0.0,0.0,0.0,77.0,2.0,0.025974025974025976,True,True,True,False,True,True,False,False,False,False,False,True,True,False
germany_joshua_kimmich,team_germany,Germany,Joshua Kimmich,FC Bayern München (GER),Defender,161056,Joshua Kimmich,https://www.transfermarkt.co.uk/joshua-kimmich/profil/spieler/161056,0.94,exact_name,False,31.0,177.0,right,Defensive Midfield,40000000.0,FC Bayern München,joshua kimmich,fc bayern munchen ger,,,False,wc2026_official_squad_corrected,1995-02-08 00:00:00,,10.0,3.0,1.0,4221.0,97.0,97.0,95.0,2.0,5.0,22.0,10.0,1.0,0.0,0.0,0.0,43.51546391752577,0.979381443298969,1.0,43.51546391752577,0.10660980810234541,0.4690831556503198,0.21321961620469082,0.021321961620469083,0.0,0.0,0.0,133.0,11.0,0.08270676691729323,True,True,True,False,True,True,False,False,False,False,False,True,True,False
germany_malick_thiaw,team_germany,Germany,Malick Thiaw,Newcastle United FC (ENG),Defender,521964,Malick Thiaw,https://www.transfermarkt.co.uk/malick-thiaw/profil/spieler/521964,0.91,exact_name,True,24.0,194.0,right,Centre-Back,25000000.0,Newcastle United Football Club,malick thiaw,newcastle united fc eng,,,False,wc2026_official_squad_corrected,2001-08-08 00:00:00,,8.0,3.0,2.0,337.0,86.0,62.0,51.0,11.0,1.0,2.0,9.0,1.0,0.0,0.0,0.0,5.435483870967742,0.5930232558139535,0.7209302325581395,3.9186046511627906,0.26706231454005935,0.5341246290801187,2.403560830860534,0.26706231454005935,0.0,0.0,0.0,,,,True,True,False,False,False,False,False,False,False,False,False,True,True,False
germany_nathaniel_brown,team_germany,Germany,Nathaniel Brown,Eintracht Frankfurt (GER),Defender,691892,Nathaniel Brown,https://www.transfermarkt.co.uk/nathaniel-brown/profil/spieler/691892,0.95,exact_name,False,22.0,176.0,left,Left-Back,35000000.0,Eintracht Frankfurt Fußball AG,nathaniel brown,eintracht frankfurt ger,,,False,wc2026_official_squad_corrected,2003-06-16 00:00:00,,6.0,3.0,2.0,651.0,70.0,67.0,55.0,12.0,3.0,14.0,7.0,0.0,0.0,0.0,0.0,9.716417910447761,0.7857142857142857,0.9571428571428572,9.3,0.4147465437788018,1.935483870967742,0.967741935483871,0.0,0.0,0.0,0.0,,,,True,True,True,False,True,True,False,False,False,False,False,True,True,False
germany_nico_schlotterbeck,team_germany,Germany,Nico Schlotterbeck,Borussia Dortmund (GER),Defender,388198,Nico Schlotterbeck,https://www.transfermarkt.co.uk/nico-schlotterbeck/profil/spieler/388198,0.99,exact_name,False,26.0,191.0,left,Centre-Back,55000000.0,Borussia Dortmund,nico schlotterbeck,borussia dortmund ger,,,False,wc2026_official_squad_corrected,1999-12-01 00:00:00,,6.0,2.0,1.0,1431.0,86.0,85.0,82.0,3.0,2.0,11.0,17.0,2.0,0.0,0.0,0.0,16.83529411764706,0.9534883720930233,0.9883720930232558,16.63953488372093,0.12578616352201258,0.6918238993710691,1.069182389937107,0.12578616352201258,0.0,0.0,0.0,39.0,3.0,0.07692307692307693,True,True,True,False,True,True,False,False,False,False,False,True,True,False
germany_waldemar_anton,team_germany,Germany,Waldemar Anton,Borussia Dortmund (GER),Defender,193004,Waldemar Anton,https://www.transfermarkt.co.uk/waldemar-anton/profil/spieler/193004,0.99,exact_name,False,29.0,189.0,right,Centre-Back,18000000.0,Borussia Dortmund,waldemar anton,borussia dortmund ger,,,False,wc2026_official_squad_corrected,1996-07-20 00:00:00,,7.0,3.0,2.0,1604.0,82.0,77.0,68.0,9.0,5.0,7.0,13.0,0.0,0.0,0.0,0.0,20.83116883116883,0.8292682926829268,0.9390243902439024,19.5609756097561,0.2805486284289277,0.3927680798004987,0.729426433915212,0.0,0.0,0.0,0.0,20.0,0.0,0.0,True,True,True,False,True,True,False,False,False,False,False,True,True,False
germany_deniz_undav,team_germany,Germany,Deniz Undav,VfB Stuttgart (GER),Forward,339314,Deniz Undav,https://www.transfermarkt.co.uk/deniz-undav/profil/spieler/339314,0.91,exact_name,True,29.0,179.0,both,Centre-Forward,25000000.0,Verein für Bewegungsspiele Stuttgart 1893,deniz undav,vfb stuttgart ger,,,False,wc2026_official_squad_corrected,1996-07-19 00:00:00,,9.0,3.0,1.0,1121.0,76.0,75.0,58.0,17.0,32.0,16.0,11.0,0.0,0.0,0.0,0.0,14.946666666666667,0.7631578947368421,0.9868421052631579,14.75,2.569134701159679,1.2845673505798394,0.8831400535236397,0.0,0.0,0.0,0.0,6.0,3.0,0.5,True,True,True,False,True,True,False,False,False,False,False,True,True,False
germany_kai_havertz,team_germany,Germany,Kai Havertz,Arsenal FC (ENG),Forward,309400,Kai Havertz,https://www.transfermarkt.co.uk/kai-havertz/profil/spieler/309400,0.91,exact_name,True,26.0,193.0,left,Centre-Forward,55000000.0,Arsenal Football Club,kai havertz,arsenal fc eng,,,False,wc2026_official_squad_corrected,1999-06-11 00:00:00,,10.0,3.0,1.0,1510.0,90.0,88.0,73.0,15.0,29.0,13.0,21.0,0.0,1.0,0.0,0.0,17.15909090909091,0.8111111111111111,0.9777777777777777,16.77777777777778,1.728476821192053,0.7748344370860927,1.2516556291390728,0.0,0.059602649006622516,0.0,0.0,85.0,29.0,0.3411764705882353,True,True,True,False,True,True,False,False,False,False,False,True,True,False
germany_maximilian_beier,team_germany,Germany,Maximilian Beier,Borussia Dortmund (GER),Forward,578392,Maximilian Beier,https://www.transfermarkt.co.uk/maximilian-beier/profil/spieler/578392,0.99,exact_name,False,23.0,185.0,right,Centre-Forward,30000000.0,Borussia Dortmund,maximilian beier,borussia dortmund ger,,,False,wc2026_official_squad_corrected,2002-10-17 00:00:00,,7.0,3.0,2.0,967.0,83.0,80.0,56.0,24.0,25.0,10.0,5.0,0.0,0.0,0.0,0.0,12.0875,0.6746987951807228,0.963855421686747,11.650602409638553,2.326783867631851,0.9307135470527405,0.4653567735263702,0.0,0.0,0.0,0.0,28.0,6.0,0.21428571428571427,True,True,True,False,True,True,False,False,False,False,False,True,True,False
germany_nick_woltemade,team_germany,Germany,Nick Woltemade,Newcastle United FC (ENG),Forward,455661,Nick Woltemade,https://www.transfermarkt.co.uk/nick-woltemade/profil/spieler/455661,0.91,exact_name,True,24.0,198.0,right,Centre-Forward,70000000.0,Newcastle United Football Club,nick woltemade,newcastle united fc eng,,,False,wc2026_official_squad_corrected,2002-02-14 00:00:00,,8.0,3.0,2.0,860.0,76.0,66.0,36.0,30.0,20.0,3.0,4.0,1.0,2.0,0.0,0.0,13.030303030303031,0.47368421052631576,0.868421052631579,11.31578947368421,2.0930232558139537,0.313953488372093,0.41860465116279066,0.10465116279069767,0.20930232558139533,0.0,0.0,44.0,18.0,0.4090909090909091,True,True,True,False,True,True,False,False,False,False,False,True,True,False
germany_alexander_nuebel,team_germany,Germany,Alexander Nuebel,VfB Stuttgart (GER),Goalkeeper,195778,Alexander Nübel,https://www.transfermarkt.co.uk/alexander-nubel/profil/spieler/195778,0.8848,near_name,True,29.0,193.0,right,Goalkeeper,12000000.0,Verein für Bewegungsspiele Stuttgart 1893,alexander nuebel,vfb stuttgart ger,,,False,wc2026_official_squad_corrected,1996-09-30 00:00:00,,8.0,3.0,1.0,7500.0,85.0,83.0,83.0,0.0,0.0,1.0,1.0,0.0,0.0,116.0,25.0,90.36144578313252,0.9764705882352941,0.9764705882352941,88.23529411764706,0.0,0.012,0.012,0.0,0.0,1.392,0.30000000000000004,,,,True,True,True,True,True,False,True,False,False,False,False,False,True,True
germany_manuel_neuer,team_germany,Germany,Manuel Neuer,FC Bayern München (GER),Goalkeeper,17259,Manuel Neuer,https://www.transfermarkt.co.uk/manuel-neuer/profil/spieler/17259,0.99,exact_name,False,40.0,193.0,right,Goalkeeper,4000000.0,FC Bayern München,manuel neuer,fc bayern munchen ger,,,False,wc2026_official_squad_corrected,1986-03-27 00:00:00,,8.0,3.0,1.0,6224.0,72.0,71.0,71.0,0.0,0.0,0.0,1.0,0.0,0.0,72.0,32.0,87.66197183098592,0.9861111111111112,0.9861111111111112,86.44444444444444,0.0,0.0,0.014460154241645243,0.0,0.0,1.0411311053984575,0.4627249357326478,160.0,0.0,0.0,True,True,True,True,True,False,True,False,False,False,False,False,True,True
germany_oliver_baumann,team_germany,Germany,Oliver Baumann,TSG Hoffenheim (GER),Goalkeeper,55089,Oliver Baumann,https://www.transfermarkt.co.uk/oliver-baumann/profil/spieler/55089,0.91,exact_name,True,36.0,187.0,right,Goalkeeper,3000000.0,Turn- und Sportgemeinschaft 1899 Hoffenheim Fußball-Spielbetriebs,oliver baumann,tsg hoffenheim ger,,,False,wc2026_official_squad_corrected,1990-06-02 00:00:00,,7.0,3.0,1.0,6840.0,77.0,76.0,76.0,0.0,0.0,0.0,3.0,0.0,0.0,140.0,9.0,90.0,0.987012987012987,0.987012987012987,88.83116883116882,0.0,0.0,0.039473684210526314,0.0,0.0,1.8421052631578947,0.11842105263157894,26.0,0.0,0.0,True,True,True,True,True,False,True,False,False,False,False,False,True,True
germany_aleksandar_pavlovic,team_germany,Germany,Aleksandar Pavlovic,FC Bayern München (GER),Midfielder,792380,Aleksandar Pavlovic,https://www.transfermarkt.co.uk/aleksandar-pavlovic/profil/spieler/792380,0.99,exact_name,False,22.0,188.0,both,Defensive Midfield,65000000.0,FC Bayern München,aleksandar pavlovic,fc bayern munchen ger,,,False,wc2026_official_squad_corrected,2004-05-03 00:00:00,,10.0,3.0,2.0,2073.0,77.0,56.0,42.0,14.0,3.0,3.0,11.0,0.0,0.0,0.0,0.0,37.017857142857146,0.5454545454545454,0.7272727272727273,26.92207792207792,0.13024602026049203,0.13024602026049203,0.47756874095513746,0.0,0.0,0.0,0.0,7.0,1.0,0.14285714285714285,True,True,True,False,True,True,False,False,False,False,False,True,True,False
germany_angelo_stiller,team_germany,Germany,Angelo Stiller,VfB Stuttgart (GER),Midfielder,443710,Angelo Stiller,https://www.transfermarkt.co.uk/angelo-stiller/profil/spieler/443710,0.91,exact_name,True,25.0,183.0,left,Defensive Midfield,45000000.0,Verein für Bewegungsspiele Stuttgart 1893,angelo stiller,vfb stuttgart ger,,,False,wc2026_official_squad_corrected,2001-04-04 00:00:00,,11.0,3.0,2.0,6362.0,87.0,87.0,84.0,3.0,5.0,18.0,13.0,0.0,0.0,0.0,0.0,73.1264367816092,0.9655172413793104,1.0,73.1264367816092,0.0707324740647595,0.2546369066331342,0.18390443256837471,0.0,0.0,0.0,0.0,26.0,2.0,0.07692307692307693,True,True,True,False,True,True,False,False,False,False,False,True,True,False
germany_felix_nmecha,team_germany,Germany,Felix Nmecha,Borussia Dortmund (GER),Midfielder,406640,Felix Nmecha,https://www.transfermarkt.co.uk/felix-nmecha/profil/spieler/406640,0.99,exact_name,False,25.0,190.0,right,Central Midfield,45000000.0,Borussia Dortmund,felix nmecha,borussia dortmund ger,,,False,wc2026_official_squad_corrected,2000-10-10 00:00:00,,8.0,3.0,1.0,2425.0,71.0,68.0,41.0,27.0,8.0,6.0,10.0,0.0,0.0,0.0,0.0,35.661764705882355,0.5774647887323944,0.9577464788732394,34.15492957746479,0.29690721649484536,0.222680412371134,0.3711340206185567,0.0,0.0,0.0,0.0,19.0,4.0,0.21052631578947367,True,True,True,False,True,True,False,False,False,False,False,True,True,False
germany_florian_wirtz,team_germany,Germany,Florian Wirtz,Liverpool FC (ENG),Midfielder,598577,Florian Wirtz,https://www.transfermarkt.co.uk/florian-wirtz/profil/spieler/598577,0.86,exact_name,True,23.0,177.0,right,Attacking Midfield,110000000.0,Liverpool Football Club,florian wirtz,liverpool fc eng,,,False,wc2026_official_squad_corrected,2003-05-03 00:00:00,,9.0,3.0,2.0,886.0,99.0,98.0,79.0,19.0,34.0,36.0,16.0,0.0,5.0,0.0,0.0,9.040816326530612,0.797979797979798,0.98989898989899,8.94949494949495,3.4537246049661396,3.656884875846501,1.6252821670428892,0.0,0.5079006772009029,0.0,0.0,,,,True,True,True,False,True,True,False,False,False,False,False,True,True,False
germany_jamal_musiala,team_germany,Germany,Jamal Musiala,FC Bayern München (GER),Midfielder,580195,Jamal Musiala,https://www.transfermarkt.co.uk/jamal-musiala/profil/spieler/580195,0.94,exact_name,False,23.0,184.0,right,Attacking Midfield,130000000.0,FC Bayern München,jamal musiala,fc bayern munchen ger,,,False,wc2026_official_squad_corrected,2003-02-26 00:00:00,,7.0,2.0,1.0,1124.0,79.0,78.0,66.0,12.0,30.0,16.0,7.0,0.0,0.0,0.0,0.0,14.41025641025641,0.8354430379746836,0.9873417721518988,14.227848101265822,2.402135231316726,1.281138790035587,0.5604982206405694,0.0,0.0,0.0,0.0,65.0,18.0,0.27692307692307694,True,True,True,False,True,True,False,False,False,False,False,True,True,False
germany_jamie_leweling,team_germany,Germany,Jamie Leweling,VfB Stuttgart (GER),Midfielder,518505,Jamie Leweling,https://www.transfermarkt.co.uk/jamie-leweling/profil/spieler/518505,0.86,exact_name,True,25.0,185.0,both,Right Winger,25000000.0,Verein für Bewegungsspiele Stuttgart 1893,jamie leweling,vfb stuttgart ger,,,False,wc2026_official_squad_corrected,2001-02-26 00:00:00,,9.0,3.0,1.0,1654.0,80.0,79.0,50.0,29.0,10.0,12.0,10.0,0.0,0.0,0.0,0.0,20.936708860759495,0.625,0.9875,20.675,0.5441354292623942,0.652962515114873,0.5441354292623942,0.0,0.0,0.0,0.0,,,,True,True,True,False,True,True,False,False,False,False,False,True,True,False
germany_lennart_karl,team_germany,Germany,Lennart Karl,FC Bayern München (GER),Midfielder,1075147,Lennart Karl,https://www.transfermarkt.co.uk/lennart-karl/profil/spieler/1075147,0.94,exact_name,False,18.0,168.0,left,Attacking Midfield,60000000.0,FC Bayern München,lennart karl,fc bayern munchen ger,,,False,wc2026_official_squad_corrected,2008-02-22 00:00:00,,12.0,2.0,4.0,410.0,39.0,33.0,30.0,3.0,34.0,11.0,2.0,0.0,2.0,0.0,0.0,12.424242424242424,0.7692307692307693,0.8461538461538461,10.512820512820513,7.463414634146342,2.4146341463414633,0.43902439024390244,0.0,0.43902439024390244,0.0,0.0,24.0,13.0,0.5416666666666666,True,True,False,False,False,False,False,False,False,False,False,True,True,False
germany_leon_goretzka,team_germany,Germany,Leon Goretzka,FC Bayern München (GER),Midfielder,153084,Leon Goretzka,https://www.transfermarkt.co.uk/leon-goretzka/profil/spieler/153084,0.99,exact_name,False,31.0,189.0,right,Central Midfield,15000000.0,FC Bayern München,leon goretzka,fc bayern munchen ger,,,False,wc2026_official_squad_corrected,1995-02-06 00:00:00,,10.0,3.0,1.0,1542.0,93.0,86.0,61.0,25.0,11.0,13.0,12.0,0.0,0.0,0.0,0.0,17.930232558139537,0.6559139784946236,0.9247311827956989,16.580645161290324,0.6420233463035019,0.7587548638132295,0.7003891050583657,0.0,0.0,0.0,0.0,99.0,23.0,0.23232323232323232,True,True,True,False,True,True,False,False,False,False,False,True,True,False
germany_leroy_sane,team_germany,Germany,Leroy Sane,Galatasaray SK (TUR),Midfielder,192565,Leroy Sané,https://www.transfermarkt.co.uk/leroy-sane/profil/spieler/192565,0.86,exact_name,True,30.0,183.0,left,Right Winger,23000000.0,Galatasaray Spor Kulübü,leroy sane,galatasaray sk tur,,,False,wc2026_official_squad_corrected,1996-01-11 00:00:00,,8.0,3.0,2.0,1976.0,94.0,91.0,67.0,24.0,24.0,20.0,9.0,0.0,0.0,0.0,0.0,21.714285714285715,0.7127659574468085,0.9680851063829787,21.02127659574468,1.0931174089068827,0.9109311740890689,0.4099190283400809,0.0,0.0,0.0,0.0,91.0,23.0,0.25274725274725274,True,True,True,False,True,True,False,False,False,False,False,True,True,False
germany_nadiem_amiri,team_germany,Germany,Nadiem Amiri,1. FSV Mainz 05 (GER),Midfielder,232454,Nadiem Amiri,https://www.transfermarkt.co.uk/nadiem-amiri/profil/spieler/232454,0.91,exact_name,True,29.0,180.0,right,Central Midfield,17000000.0,1. Fußball- und Sportverein Mainz 05,nadiem amiri,1 fsv mainz 05 ger,,,False,wc2026_official_squad_corrected,1996-10-27 00:00:00,,8.0,3.0,2.0,2174.0,74.0,61.0,54.0,7.0,13.0,11.0,13.0,2.0,3.0,0.0,0.0,35.63934426229508,0.7297297297297297,0.8243243243243243,29.37837837837838,0.5381784728610856,0.4553817847286108,0.5381784728610856,0.0827966881324747,0.12419503219871206,0.0,0.0,,,,True,True,True,False,True,True,False,False,False,False,False,True,True,False
germany_pascal_gross,team_germany,Germany,Pascal Gross,Brighton & Hove Albion FC (ENG),Midfielder,82873,Pascal Groß,https://www.transfermarkt.co.uk/pascal-gross/profil/spieler/82873,0.91,exact_name,True,34.0,181.0,right,Central Midfield,3500000.0,Brighton and Hove Albion Football Club,pascal gross,brighton hove albion fc eng,,,False,wc2026_official_squad_corrected,1991-06-15 00:00:00,,8.0,3.0,2.0,2416.0,95.0,95.0,87.0,8.0,6.0,30.0,15.0,1.0,1.0,0.0,0.0,25.431578947368422,0.9157894736842105,1.0,25.431578947368422,0.22350993377483444,1.1175496688741722,0.5587748344370861,0.037251655629139076,0.037251655629139076,0.0,0.0,32.0,3.0,0.09375,True,True,True,False,True,True,False,False,False,False,False,True,True,False
ghana_abdul_mumin,team_ghana,Ghana,Abdul Mumin,Rayo Vallecano (ESP),Defender,451801,Abdul Mumin,https://www.transfermarkt.co.uk/abdul-mumin/profil/spieler/451801,0.91,exact_name,True,28.0,188.0,right,Centre-Back,2500000.0,Rayo Vallecano de Madrid S. A. D.,abdul mumin,rayo vallecano esp,,,False,wc2026_official_squad_corrected,1998-06-06 00:00:00,,4.0,2.0,1.0,2705.0,66.0,47.0,46.0,1.0,3.0,1.0,10.0,2.0,0.0,0.0,0.0,57.5531914893617,0.696969696969697,0.7121212121212122,40.984848484848484,0.099815157116451,0.033271719038817,0.33271719038817005,0.066543438077634,0.0,0.0,0.0,2.0,0.0,0.0,True,True,True,False,True,True,False,False,False,False,False,True,True,False
ghana_alidu_seidu,team_ghana,Ghana,Alidu Seidu,Stade Rennais FC (FRA),Defender,798404,Alidu Seidu,https://www.transfermarkt.co.uk/alidu-seidu/profil/spieler/798404,0.91,exact_name,True,26.0,173.0,right,Centre-Back,6000000.0,Stade Rennais Football Club,alidu seidu,stade rennais fc fra,,,False,wc2026_official_squad_corrected,2000-06-04 00:00:00,,7.0,3.0,3.0,0.0,47.0,42.0,31.0,11.0,0.0,1.0,13.0,1.0,0.0,0.0,0.0,0.0,0.6595744680851063,0.8936170212765957,0.0,,,,,,,,15.0,0.0,0.0,True,False,False,False,False,False,False,False,False,False,False,True,True,False
ghana_baba_rahman,team_ghana,Ghana,Baba Rahman,PAOK Saloniki (GRE),Defender,,,,0.0,unmatched,True,,,,,,,baba rahman,paok saloniki gre,,,False,wc2026_official_squad_corrected,,,,,,,,,,,,,,,,,,,,,,,,,,,,,,,,False,False,False,False,False,False,False,False,False,False,False,True,True,False
ghana_derrick_luckassen,team_ghana,Ghana,Derrick Luckassen,Pafos FC (CYP),Defender,,,,0.0,unmatched,True,,,,,,,derrick luckassen,pafos fc cyp,,,False,wc2026_official_squad_corrected,,,,,,,,,,,,,,,,,,,,,,,,,,,,,,,,False,False,False,False,False,False,False,False,False,False,False,True,True,False
ghana_gideon_mensah,team_ghana,Ghana,Gideon Mensah,AJ Auxerre (FRA),Defender,397171,Gideon Mensah,https://www.transfermarkt.co.uk/gideon-mensah/profil/spieler/397171,0.91,exact_name,True,27.0,178.0,left,Left-Back,3500000.0,Association de la Jeunesse auxerroise,gideon mensah,aj auxerre fra,,,False,wc2026_official_squad_corrected,1998-07-18 00:00:00,,5.0,3.0,1.0,0.0,61.0,59.0,54.0,5.0,0.0,3.0,9.0,0.0,0.0,0.0,0.0,0.0,0.8852459016393442,0.9672131147540983,0.0,,,,,,,,,,,True,False,False,False,False,False,False,False,False,False,False,True,True,False
ghana_jerome_opoku,team_ghana,Ghana,Jerome Opoku,Başakşehir FK (TUR),Defender,408563,Jerome Opoku,https://www.transfermarkt.co.uk/jerome-opoku/profil/spieler/408563,0.91,exact_name,True,27.0,197.0,left,Centre-Back,2000000.0,İstanbul Başakşehir Futbol Kulübü,jerome opoku,basaksehir fk tur,,,False,wc2026_official_squad_corrected,1998-10-14 00:00:00,,10.0,3.0,2.0,1490.0,92.0,87.0,80.0,7.0,7.0,5.0,18.0,2.0,1.0,0.0,0.0,17.126436781609197,0.8695652173913043,0.9456521739130435,16.195652173913043,0.42281879194630867,0.30201342281879195,1.087248322147651,0.12080536912751677,0.060402684563758385,0.0,0.0,5.0,1.0,0.2,True,True,True,False,True,True,False,False,False,False,False,True,True,False
ghana_jonas_adjetey,team_ghana,Ghana,Jonas Adjetey,VfL Wolfsburg (GER),Defender,734676,Jonas Adjetey,https://www.transfermarkt.co.uk/jonas-adjetey/profil/spieler/734676,0.91,exact_name,True,22.0,188.0,right,Centre-Back,,Verein für Leibesübungen Wolfsburg,jonas adjetey,vfl wolfsburg ger,,,False,wc2026_official_squad_corrected,2003-12-13 00:00:00,,8.0,3.0,2.0,0.0,85.0,71.0,65.0,6.0,0.0,0.0,7.0,1.0,0.0,0.0,0.0,0.0,0.7647058823529411,0.8352941176470589,0.0,,,,,,,,4.0,0.0,0.0,True,False,False,False,False,False,False,False,False,False,False,True,True,False
ghana_kojo_peprah_oppong,team_ghana,Ghana,Kojo Peprah Oppong,OGC Nice (FRA),Defender,1113451,Kojo Peprah Oppong,https://www.transfermarkt.co.uk/kojo-peprah-oppong/profil/spieler/1113451,0.91,exact_name,True,22.0,185.0,right,Centre-Back,,Olympique Gymnaste Club Nice Côte d'Azur,kojo peprah oppong,ogc nice fra,,,False,wc2026_official_squad_corrected,2004-06-04 00:00:00,,5.0,3.0,3.0,270.0,14.0,14.0,13.0,1.0,1.0,0.0,2.0,1.0,0.0,0.0,0.0,19.285714285714285,0.9285714285714286,1.0,19.285714285714285,0.33333333333333337,0.0,0.6666666666666667,0.33333333333333337,0.0,0.0,0.0,,,,True,True,False,False,False,False,False,False,False,False,False,True,True,False
ghana_marvin_senaya,team_ghana,Ghana,Marvin Senaya,AJ Auxerre (FRA),Defender,830890,Marvin Senaya,https://www.transfermarkt.co.uk/marvin-senaya/profil/spieler/830890,0.91,exact_name,True,25.0,181.0,right,Right-Back,3000000.0,Association de la Jeunesse auxerroise,marvin senaya,aj auxerre fra,,,False,wc2026_official_squad_corrected,2001-01-28 00:00:00,,8.0,3.0,4.0,2312.0,70.0,61.0,38.0,23.0,2.0,2.0,11.0,2.0,0.0,0.0,0.0,37.90163934426229,0.5428571428571428,0.8714285714285714,33.02857142857143,0.07785467128027682,0.07785467128027682,0.4282006920415225,0.07785467128027682,0.0,0.0,0.0,,,,True,True,True,False,True,True,False,False,False,False,False,True,True,False
ghana_brandon_thomas_asante,team_ghana,Ghana,Brandon Thomas-Asante,Coventry City FC (ENG),Forward,,,,0.0,unmatched,True,,,,,,,brandon thomas asante,coventry city fc eng,,,False,wc2026_official_squad_corrected,,,,,,,,,,,,,,,,,,,,,,,,,,,,,,,,False,False,False,False,False,False,False,False,False,False,False,True,True,False
ghana_christopher_bonsu_baah,team_ghana,Ghana,Christopher Bonsu Baah,Al Qadsiah FC (KSA),Forward,1119447,Christopher Bonsu Baah,https://www.transfermarkt.co.uk/christopher-bonsu-baah/profil/spieler/1119447,0.91,exact_name,True,21.0,172.0,left,Left Winger,3500000.0,Al-Qadsiah Saudi Football Club,christopher bonsu baah,al qadsiah fc ksa,,,False,wc2026_official_squad_corrected,2004-12-14 00:00:00,,12.0,3.0,2.0,1857.0,96.0,91.0,53.0,38.0,5.0,8.0,9.0,4.0,0.0,0.0,0.0,20.406593406593405,0.5520833333333334,0.9479166666666666,19.34375,0.24232633279483037,0.3877221324717286,0.43618739903069464,0.1938610662358643,0.0,0.0,0.0,,,,True,True,True,False,True,True,False,False,False,False,False,True,True,False
ghana_ernest_nuamah,team_ghana,Ghana,Ernest Nuamah,Olympique Lyonnais (FRA),Forward,955070,Ernest Nuamah,https://www.transfermarkt.co.uk/ernest-nuamah/profil/spieler/955070,0.99,exact_name,False,22.0,178.0,left,Right Winger,12000000.0,Olympique Lyonnais,ernest nuamah,olympique lyonnais fra,,,False,wc2026_official_squad_corrected,2003-11-01 00:00:00,,7.0,2.0,2.0,1214.0,73.0,72.0,48.0,24.0,13.0,5.0,9.0,0.0,0.0,0.0,0.0,16.86111111111111,0.6575342465753424,0.9863013698630136,16.63013698630137,0.9637561779242175,0.37067545304777594,0.6672158154859967,0.0,0.0,0.0,0.0,15.0,4.0,0.26666666666666666,True,True,True,False,True,True,False,False,False,False,False,True,True,False
ghana_fatawu_issahaku,team_ghana,Ghana,Fatawu Issahaku,Leicester City FC (ENG),Forward,,,,0.0,unmatched,True,,,,,,,fatawu issahaku,leicester city fc eng,,,False,wc2026_official_squad_corrected,,,,,,,,,,,,,,,,,,,,,,,,,,,,,,,,False,False,False,False,False,False,False,False,False,False,False,True,True,False
ghana_inaki_williams,team_ghana,Ghana,Inaki Williams,Athletic Club (ESP),Forward,255508,Iñaki Williams,https://www.transfermarkt.co.uk/inaki-williams/profil/spieler/255508,0.95,exact_name,False,31.0,186.0,right,Right Winger,25000000.0,Athletic Club Bilbao,inaki williams,athletic club esp,,,False,wc2026_official_squad_corrected,1994-06-15 00:00:00,,7.0,3.0,1.0,1037.0,94.0,92.0,80.0,12.0,25.0,14.0,8.0,0.0,0.0,0.0,0.0,11.271739130434783,0.851063829787234,0.9787234042553191,11.03191489361702,2.1697203471552555,1.215043394406943,0.6943105110896818,0.0,0.0,0.0,0.0,40.0,5.0,0.125,True,True,True,False,True,True,False,False,False,False,False,True,True,False
ghana_jordan_ayew,team_ghana,Ghana,Jordan Ayew,Leicester City FC (ENG),Forward,108354,Jordan Ayew,https://www.transfermarkt.co.uk/jordan-ayew/profil/spieler/108354,0.95,exact_name,False,34.0,182.0,right,Centre-Forward,1800000.0,Leicester City,jordan ayew,leicester city fc eng,,,False,wc2026_official_squad_corrected,1991-09-11 00:00:00,,8.0,3.0,2.0,1133.0,85.0,78.0,57.0,21.0,10.0,9.0,14.0,1.0,1.0,0.0,0.0,14.525641025641026,0.6705882352941176,0.9176470588235294,13.329411764705883,0.7943512797881729,0.7149161518093556,1.1120917917034423,0.0794351279788173,0.0794351279788173,0.0,0.0,105.0,29.0,0.2761904761904762,True,True,True,False,True,True,False,False,False,False,False,True,True,False
ghana_kamaldeen_sulemana,team_ghana,Ghana,Kamaldeen Sulemana,Atalanta Bergamo (ITA),Forward,746695,Kamaldeen Sulemana,https://www.transfermarkt.co.uk/kamaldeen-sulemana/profil/spieler/746695,0.91,exact_name,True,24.0,175.0,right,Left Winger,18000000.0,Atalanta Bergamasca Calcio S.p.a.,kamaldeen sulemana,atalanta bergamo ita,,,False,wc2026_official_squad_corrected,2002-02-15 00:00:00,,7.0,3.0,2.0,1559.0,68.0,58.0,30.0,28.0,2.0,6.0,8.0,1.0,0.0,0.0,0.0,26.879310344827587,0.4411764705882353,0.8529411764705882,22.926470588235293,0.11545862732520847,0.3463758819756254,0.46183450930083386,0.05772931366260423,0.0,0.0,0.0,19.0,0.0,0.0,True,True,True,False,True,True,False,False,False,False,False,True,True,False
ghana_prince_adu,team_ghana,Ghana,Prince Adu,FC Viktoria Plzeň (CZE),Forward,734799,Prince Adu,https://www.transfermarkt.co.uk/prince-adu/profil/spieler/734799,0.95,exact_name,False,22.0,179.0,right,Centre-Forward,3500000.0,"FC Viktoria Plzeň, a.s.",prince adu,fc viktoria plzen cze,,,False,wc2026_official_squad_corrected,2003-09-23 00:00:00,,11.0,3.0,3.0,1361.0,68.0,62.0,39.0,23.0,15.0,6.0,7.0,0.0,0.0,0.0,0.0,21.951612903225808,0.5735294117647058,0.9117647058823529,20.014705882352942,0.9919177075679648,0.3967670830271859,0.46289493019838357,0.0,0.0,0.0,0.0,0.0,0.0,,True,True,True,False,True,True,False,False,False,False,False,True,True,False
ghana_benjamin_asare,team_ghana,Ghana,Benjamin Asare,Hearts Of Oak SC (GHA),Goalkeeper,,,,0.0,unmatched,True,,,,,,,benjamin asare,hearts of oak sc gha,,,False,wc2026_official_squad_corrected,,,,,,,,,,,,,,,,,,,,,,,,,,,,,,,,False,False,False,True,False,False,False,False,False,False,False,False,True,True
ghana_joseph_anang,team_ghana,Ghana,Joseph Anang,St Patrick's Athletic FC (IRL),Goalkeeper,576099,Joseph Anang,https://www.transfermarkt.co.uk/joseph-anang/profil/spieler/576099,0.91,exact_name,True,25.0,190.0,right,Goalkeeper,300000.0,,joseph anang,st patrick s athletic fc irl,,,False,wc2026_official_squad_corrected,2000-06-08 00:00:00,,7.0,3.0,3.0,1470.0,33.0,16.0,16.0,0.0,0.0,0.0,1.0,0.0,0.0,17.0,8.0,91.875,0.48484848484848486,0.48484848484848486,44.54545454545455,0.0,0.0,0.061224489795918366,0.0,0.0,1.0408163265306123,0.4897959183673469,1.0,0.0,0.0,True,True,True,True,True,False,True,False,False,False,False,False,True,True
ghana_lawrence_ati_zigi,team_ghana,Ghana,Lawrence Ati Zigi,FC St. Gallen (SUI),Goalkeeper,254285,Lawrence Ati Zigi,https://www.transfermarkt.co.uk/lawrence-ati-zigi/profil/spieler/254285,0.95,exact_name,False,29.0,188.0,right,Goalkeeper,,FC St. Gallen 1879,lawrence ati zigi,fc st gallen sui,,,False,wc2026_official_squad_corrected,1996-11-29 00:00:00,,8.0,3.0,1.0,8310.0,95.0,92.0,92.0,0.0,0.0,0.0,6.0,0.0,0.0,131.0,16.0,90.32608695652173,0.968421052631579,0.968421052631579,87.47368421052632,0.0,0.0,0.06498194945848375,0.0,0.0,1.4187725631768955,0.17328519855595667,,,,True,True,True,True,True,False,True,False,False,False,False,False,True,True
ghana_antoine_semenyo,team_ghana,Ghana,Antoine Semenyo,Manchester City FC (ENG),Midfielder,583255,Antoine Semenyo,https://www.transfermarkt.co.uk/antoine-semenyo/profil/spieler/583255,0.86,exact_name,True,26.0,185.0,right,Right Winger,65000000.0,Manchester City Football Club,antoine semenyo,manchester city fc eng,,,False,wc2026_official_squad_corrected,2000-01-07 00:00:00,,8.0,3.0,1.0,856.0,87.0,82.0,69.0,13.0,23.0,11.0,18.0,0.0,1.0,0.0,0.0,10.439024390243903,0.7931034482758621,0.9425287356321839,9.839080459770114,2.4182242990654204,1.1565420560747663,1.8925233644859811,0.0,0.10514018691588785,0.0,0.0,27.0,3.0,0.1111111111111111,True,True,True,False,True,True,False,False,False,False,False,True,True,False
ghana_augustine_boakye,team_ghana,Ghana,Augustine Boakye,AS Saint-Etienne (FRA),Midfielder,579263,Augustine Boakye,https://www.transfermarkt.co.uk/augustine-boakye/profil/spieler/579263,0.94,exact_name,False,25.0,178.0,left,Right Winger,4000000.0,AS Saint-Étienne,augustine boakye,as saint etienne fra,,,False,wc2026_official_squad_corrected,2000-11-03 00:00:00,,6.0,3.0,3.0,717.0,55.0,52.0,35.0,17.0,14.0,12.0,9.0,1.0,0.0,0.0,0.0,13.788461538461538,0.6363636363636364,0.9454545454545454,13.036363636363637,1.7573221757322175,1.506276150627615,1.1297071129707112,0.12552301255230125,0.0,0.0,0.0,0.0,0.0,,True,True,True,False,True,True,False,False,False,False,False,True,True,False
ghana_caleb_yirenkyi,team_ghana,Ghana,Caleb Yirenkyi,FC Nordsjælland (DEN),Midfielder,1240763,Caleb Yirenkyi,https://www.transfermarkt.co.uk/caleb-yirenkyi/profil/spieler/1240763,0.91,exact_name,True,20.0,182.0,right,Central Midfield,,Fodbold Club Nordsjælland,caleb yirenkyi,fc nordsj lland den,,,False,wc2026_official_squad_corrected,2006-01-15 00:00:00,,7.0,3.0,3.0,2228.0,56.0,47.0,39.0,8.0,6.0,4.0,7.0,1.0,0.0,0.0,0.0,47.40425531914894,0.6964285714285714,0.8392857142857143,39.785714285714285,0.24236983842010773,0.16157989228007183,0.28276481149012567,0.04039497307001796,0.0,0.0,0.0,0.0,0.0,,True,True,True,False,True,True,False,False,False,False,False,True,True,False
ghana_elisha_owusu,team_ghana,Ghana,Elisha Owusu,AJ Auxerre (FRA),Midfielder,395695,Elisha Owusu,https://www.transfermarkt.co.uk/elisha-owusu/profil/spieler/395695,0.91,exact_name,True,28.0,182.0,right,Defensive Midfield,2500000.0,Association de la Jeunesse auxerroise,elisha owusu,aj auxerre fra,,,False,wc2026_official_squad_corrected,1997-11-07 00:00:00,,5.0,3.0,1.0,4881.0,66.0,66.0,61.0,5.0,2.0,5.0,11.0,1.0,0.0,0.0,0.0,73.95454545454545,0.9242424242424242,1.0,73.95454545454545,0.03687768899815612,0.09219422249539029,0.20282728948985865,0.01843884449907806,0.0,0.0,0.0,10.0,0.0,0.0,True,True,True,False,True,True,False,False,False,False,False,True,True,False
ghana_kwasi_sibo,team_ghana,Ghana,Kwasi Sibo,Real Oviedo (ESP),Midfielder,538006,Kwasi Sibo,https://www.transfermarkt.co.uk/kwasi-sibo/profil/spieler/538006,0.95,exact_name,False,27.0,183.0,right,Central Midfield,300000.0,Real Oviedo S.A.D.,kwasi sibo,real oviedo esp,,,False,wc2026_official_squad_corrected,1998-06-24 00:00:00,,6.0,3.0,2.0,5356.0,90.0,83.0,66.0,17.0,2.0,1.0,18.0,1.0,0.0,0.0,0.0,64.53012048192771,0.7333333333333333,0.9222222222222223,59.51111111111111,0.03360716952949963,0.016803584764749815,0.30246452576549665,0.016803584764749815,0.0,0.0,0.0,0.0,0.0,,True,True,True,False,True,True,False,False,False,False,False,True,True,False
ghana_thomas_partey,team_ghana,Ghana,Thomas Partey,Villarreal CF (ESP),Midfielder,230784,Thomas Partey,https://www.transfermarkt.co.uk/thomas-partey/profil/spieler/230784,0.91,exact_name,True,32.0,185.0,right,Defensive Midfield,5000000.0,Villarreal Club de Fútbol S.A.D.,thomas partey,villarreal cf esp,,,False,wc2026_official_squad_corrected,1993-06-13 00:00:00,,8.0,3.0,2.0,700.0,81.0,71.0,55.0,16.0,4.0,3.0,12.0,0.0,0.0,0.0,0.0,9.859154929577464,0.6790123456790124,0.8765432098765432,8.641975308641975,0.5142857142857142,0.38571428571428573,1.542857142857143,0.0,0.0,0.0,0.0,51.0,14.0,0.27450980392156865,True,True,True,False,True,True,False,False,False,False,False,True,True,False
haiti_carlens_arcus,team_haiti,Haiti,Carlens Arcus,Angers SCO (FRA),Defender,371686,Carlens Arcus,https://www.transfermarkt.co.uk/carlens-arcus/profil/spieler/371686,0.91,exact_name,True,29.0,176.0,right,Right-Back,700000.0,Angers Sporting Club de l'Ouest,carlens arcus,angers sco fra,,,False,wc2026_official_squad_corrected,1996-06-28 00:00:00,,5.0,3.0,2.0,0.0,68.0,64.0,54.0,10.0,0.0,5.0,8.0,0.0,0.0,0.0,0.0,0.0,0.7941176470588235,0.9411764705882353,0.0,,,,,,,,48.0,1.0,0.020833333333333332,True,False,False,False,False,False,False,False,False,False,False,True,True,False
haiti_hannes_delcroix,team_haiti,Haiti,Hannes Delcroix,FC Lugano (SUI),Defender,338635,Hannes Delcroix,https://www.transfermarkt.co.uk/hannes-delcroix/profil/spieler/338635,0.95,exact_name,False,27.0,184.0,left,Centre-Back,4000000.0,FC Lugano,hannes delcroix,fc lugano sui,,,False,wc2026_official_squad_corrected,1999-02-28 00:00:00,,8.0,3.0,3.0,0.0,45.0,28.0,18.0,10.0,0.0,0.0,4.0,0.0,0.0,0.0,0.0,0.0,0.4,0.6222222222222222,0.0,,,,,,,,35.0,2.0,0.05714285714285714,True,False,False,False,False,False,False,False,False,False,False,True,True,False
haiti_jean_kevin_duverne,team_haiti,Haiti,Jean-Kevin Duverne,KAA Gent (BEL),Defender,344864,Jean-Kévin Duverne,https://www.transfermarkt.co.uk/jean-kevin-duverne/profil/spieler/344864,0.91,exact_name,True,28.0,186.0,right,Centre-Back,3500000.0,Koninklijke Atletiek Associatie Gent,jean kevin duverne,kaa gent bel,,,False,wc2026_official_squad_corrected,1997-07-12 00:00:00,,7.0,3.0,2.0,750.0,62.0,43.0,37.0,6.0,4.0,2.0,8.0,0.0,0.0,0.0,0.0,17.441860465116278,0.5967741935483871,0.6935483870967742,12.096774193548388,0.48,0.24,0.96,0.0,0.0,0.0,0.0,10.0,1.0,0.1,True,True,True,False,True,True,False,False,False,False,False,True,True,False
haiti_keeto_thermoncy,team_haiti,Haiti,Keeto Thermoncy,BSC Young Boys (SUI),Defender,,,,0.0,unmatched,True,,,,,,,keeto thermoncy,bsc young boys sui,,,False,wc2026_official_squad_corrected,,,,,,,,,,,,,,,,,,,,,,,,,,,,,,,,False,False,False,False,False,False,False,False,False,False,False,True,True,False
haiti_markhus_lacroix,team_haiti,Haiti,Markhus Lacroix,Colorado Springs Switchbacks FC (USA),Defender,,,,0.0,unmatched,True,,,,,,,markhus lacroix,colorado springs switchbacks fc usa,,,False,wc2026_official_squad_corrected,,,,,,,,,,,,,,,,,,,,,,,,,,,,,,,,False,False,False,False,False,False,False,False,False,False,False,True,True,False
haiti_martin_experience,team_haiti,Haiti,Martin Experience,AS Nancy (FRA),Defender,,,,0.0,unmatched,True,,,,,,,martin experience,as nancy fra,,,False,wc2026_official_squad_corrected,,,,,,,,,,,,,,,,,,,,,,,,,,,,,,,,False,False,False,False,False,False,False,False,False,False,False,True,True,False
haiti_ricardo_ade,team_haiti,Haiti,Ricardo Ade,LDU Quito (ECU),Defender,,,,0.0,unmatched,True,,,,,,,ricardo ade,ldu quito ecu,,,False,wc2026_official_squad_corrected,,,,,,,,,,,,,,,,,,,,,,,,,,,,,,,,False,False,False,False,False,False,False,False,False,False,False,True,True,False
haiti_wilguens_paugain,team_haiti,Haiti,Wilguens Paugain,SV Zulte Waregem (BEL),Defender,609691,Wilguens Paugain,https://www.transfermarkt.co.uk/wilguens-paugain/profil/spieler/609691,0.91,exact_name,True,24.0,180.0,right,Right-Back,,Sportvereniging Zulte Waregem,wilguens paugain,sv zulte waregem bel,,,False,wc2026_official_squad_corrected,2001-08-24 00:00:00,,4.0,2.0,2.0,0.0,33.0,24.0,18.0,6.0,0.0,2.0,3.0,0.0,0.0,0.0,0.0,0.0,0.5454545454545454,0.7272727272727273,0.0,,,,,,,,6.0,0.0,0.0,True,False,False,False,False,False,False,False,False,False,False,True,True,False
haiti_derrick_etienne,team_haiti,Haiti,Derrick Etienne,Toronto FC (CAN),Forward,354763,Derrick Etienne Jr.,https://www.transfermarkt.co.uk/derrick-etienne-jr-/profil/spieler/354763,0.8791,near_name,True,29.0,178.0,right,Left Winger,,Toronto FC,derrick etienne,toronto fc can,,,False,wc2026_official_squad_corrected,1996-11-25 00:00:00,,,,,,,,,,,,,,,,,,,,,,,,,,,,44.0,8.0,0.18181818181818182,True,False,False,False,False,False,False,False,False,False,False,True,True,False
haiti_duckens_nazon,team_haiti,Haiti,Duckens Nazon,Esteghlal Tehran FC (IRN),Forward,345763,Duckens Nazon,https://www.transfermarkt.co.uk/duckens-nazon/profil/spieler/345763,0.91,exact_name,True,32.0,181.0,right,Centre-Forward,1600000.0,Kayserispor Kulübü,duckens nazon,esteghlal tehran fc irn,,,False,wc2026_official_squad_corrected,1994-04-07 00:00:00,,7.0,3.0,3.0,858.0,71.0,70.0,49.0,21.0,17.0,9.0,9.0,1.0,1.0,0.0,0.0,12.257142857142858,0.6901408450704225,0.9859154929577465,12.084507042253522,1.7832167832167831,0.9440559440559441,0.9440559440559441,0.1048951048951049,0.1048951048951049,0.0,0.0,72.0,43.0,0.5972222222222222,True,True,True,False,True,True,False,False,False,False,False,True,True,False
haiti_frantzdy_pierrot,team_haiti,Haiti,Frantzdy Pierrot,Çaykur Rizespor (TUR),Forward,492955,Frantzdy Pierrot,https://www.transfermarkt.co.uk/frantzdy-pierrot/profil/spieler/492955,0.95,exact_name,False,31.0,194.0,right,Centre-Forward,3000000.0,Çaykur Rizespor Kulübü,frantzdy pierrot,caykur rizespor tur,,,False,wc2026_official_squad_corrected,1995-03-29 00:00:00,,14.0,3.0,2.0,1280.0,97.0,96.0,72.0,24.0,36.0,10.0,15.0,1.0,1.0,0.0,0.0,13.333333333333334,0.7422680412371134,0.9896907216494846,13.195876288659793,2.53125,0.703125,1.0546875,0.0703125,0.0703125,0.0,0.0,41.0,32.0,0.7804878048780488,True,True,True,False,True,True,False,False,False,False,False,True,True,False
haiti_josue_casimir,team_haiti,Haiti,Josue Casimir,AJ Auxerre (FRA),Forward,763182,Josué Casimir,https://www.transfermarkt.co.uk/josue-casimir/profil/spieler/763182,0.91,exact_name,True,24.0,178.0,right,Right Winger,3500000.0,Association de la Jeunesse auxerroise,josue casimir,aj auxerre fra,,,False,wc2026_official_squad_corrected,2001-09-24 00:00:00,,4.0,3.0,2.0,502.0,63.0,63.0,53.0,10.0,4.0,12.0,11.0,0.0,0.0,0.0,0.0,7.968253968253968,0.8412698412698413,1.0,7.968253968253968,0.7171314741035857,2.151394422310757,1.9721115537848606,0.0,0.0,0.0,0.0,3.0,3.0,1.0,True,True,True,False,True,True,False,False,False,False,False,True,True,False
haiti_lenny_joseph,team_haiti,Haiti,Lenny Joseph,Ferencvárosi TC (HUN),Forward,,,,0.0,unmatched,True,,,,,,,lenny joseph,ferencvarosi tc hun,,,False,wc2026_official_squad_corrected,,,,,,,,,,,,,,,,,,,,,,,,,,,,,,,,False,False,False,False,False,False,False,False,False,False,False,True,True,False
haiti_louicius_deedson,team_haiti,Haiti,Louicius Deedson,FC Dallas (USA),Forward,646108,Louicius Deedson,https://www.transfermarkt.co.uk/louicius-deedson/profil/spieler/646108,0.95,exact_name,False,25.0,178.0,left,Right Winger,1200000.0,FC Dallas,louicius deedson,fc dallas usa,,,False,wc2026_official_squad_corrected,2001-02-11 00:00:00,,,,,,,,,,,,,,,,,,,,,,,,,,,,,,,True,False,False,False,False,False,False,False,False,False,False,True,True,False
haiti_ruben_providence,team_haiti,Haiti,Ruben Providence,Almere City FC (NED),Forward,536520,Ruben Providence,https://www.transfermarkt.co.uk/ruben-providence/profil/spieler/536520,0.91,exact_name,True,24.0,178.0,right,Left Winger,300000.0,Turn- und Sportverein Egger Glas Hartberg,ruben providence,almere city fc ned,,,False,wc2026_official_squad_corrected,2001-07-07 00:00:00,,7.0,3.0,2.0,623.0,68.0,59.0,18.0,41.0,4.0,5.0,5.0,0.0,0.0,0.0,0.0,10.559322033898304,0.2647058823529412,0.8676470588235294,9.161764705882353,0.5778491171749599,0.7223113964686998,0.7223113964686998,0.0,0.0,0.0,0.0,14.0,3.0,0.21428571428571427,True,True,True,False,True,True,False,False,False,False,False,True,True,False
haiti_wilson_isidor,team_haiti,Haiti,Wilson Isidor,Sunderland AFC (ENG),Forward,494237,Wilson Isidor,https://www.transfermarkt.co.uk/wilson-isidor/profil/spieler/494237,0.91,exact_name,True,25.0,186.0,right,Centre-Forward,18000000.0,Sunderland Association Football Club,wilson isidor,sunderland afc eng,,,False,wc2026_official_squad_corrected,2000-08-27 00:00:00,,14.0,3.0,4.0,1044.0,100.0,84.0,49.0,35.0,21.0,3.0,13.0,0.0,0.0,0.0,0.0,12.428571428571429,0.49,0.84,10.44,1.8103448275862069,0.25862068965517243,1.1206896551724137,0.0,0.0,0.0,0.0,23.0,12.0,0.5217391304347826,True,True,True,False,True,True,False,False,False,False,False,True,True,False
haiti_yassin_fortune,team_haiti,Haiti,Yassin Fortune,FC Vizela (POR),Forward,,,,0.0,unmatched,True,,,,,,,yassin fortune,fc vizela por,,,False,wc2026_official_squad_corrected,,,,,,,,,,,,,,,,,,,,,,,,,,,,,,,,False,False,False,False,False,False,False,False,False,False,False,True,True,False
haiti_alexandre_pierre,team_haiti,Haiti,Alexandre Pierre,FC Sochaux-Montbéliard (FRA),Goalkeeper,838947,Alexandre Pierre,https://www.transfermarkt.co.uk/alexandre-pierre/profil/spieler/838947,0.91,exact_name,True,25.0,190.0,right,Goalkeeper,100000.0,Racing Club de Strasbourg Alsace,alexandre pierre,fc sochaux montbeliard fra,,,False,wc2026_official_squad_corrected,2001-02-25 00:00:00,,7.0,3.0,4.0,1170.0,37.0,13.0,13.0,0.0,0.0,0.0,0.0,0.0,0.0,13.0,6.0,90.0,0.35135135135135137,0.35135135135135137,31.62162162162162,0.0,0.0,0.0,0.0,0.0,1.0,0.46153846153846156,11.0,0.0,0.0,True,True,True,True,True,False,True,False,False,False,False,False,True,True
haiti_johny_placide,team_haiti,Haiti,Johny Placide,SC Bastia (FRA),Goalkeeper,51035,Johny Placide,https://www.transfermarkt.co.uk/johny-placide/profil/spieler/51035,0.91,exact_name,True,38.0,181.0,right,Goalkeeper,250000.0,EA Guingamp,johny placide,sc bastia fra,,,False,wc2026_official_squad_corrected,1988-01-29 00:00:00,,4.0,3.0,1.0,6300.0,71.0,70.0,70.0,0.0,0.0,0.0,5.0,0.0,0.0,78.0,25.0,90.0,0.9859154929577465,0.9859154929577465,88.73239436619718,0.0,0.0,0.07142857142857142,0.0,0.0,1.1142857142857143,0.3571428571428571,82.0,0.0,0.0,True,True,True,True,True,False,True,False,False,False,False,False,True,True
haiti_josue_duverger,team_haiti,Haiti,Josue Duverger,FC Cosmos Koblenz (GER),Goalkeeper,,,,0.0,unmatched,True,,,,,,,josue duverger,fc cosmos koblenz ger,,,False,wc2026_official_squad_corrected,,,,,,,,,,,,,,,,,,,,,,,,,,,,,,,,False,False,False,True,False,False,False,False,False,False,False,False,True,True
haiti_carl_sainte,team_haiti,Haiti,Carl Sainte,El Paso Locomotive FC (USA),Midfielder,,,,0.0,unmatched,True,,,,,,,carl sainte,el paso locomotive fc usa,,,False,wc2026_official_squad_corrected,,,,,,,,,,,,,,,,,,,,,,,,,,,,,,,,False,False,False,False,False,False,False,False,False,False,False,True,True,False
haiti_danley_jean_jacques,team_haiti,Haiti,Danley Jean Jacques,Philadelphia Union (USA),Midfielder,628834,Danley Jean Jacques,https://www.transfermarkt.co.uk/danley-jean-jacques/profil/spieler/628834,0.99,exact_name,False,26.0,182.0,right,Defensive Midfield,2000000.0,Philadelphia Union,danley jean jacques,philadelphia union usa,,,False,wc2026_official_squad_corrected,2000-05-20 00:00:00,,3.0,1.0,1.0,0.0,36.0,36.0,31.0,5.0,0.0,0.0,4.0,0.0,0.0,0.0,0.0,0.0,0.8611111111111112,1.0,0.0,,,,,,,,35.0,6.0,0.17142857142857143,True,False,False,False,False,False,False,False,False,False,False,True,True,False
haiti_dominique_simon,team_haiti,Haiti,Dominique Simon,FC Tatran Prešov (SVK),Midfielder,,,,0.0,unmatched,True,,,,,,,dominique simon,fc tatran presov svk,,,False,wc2026_official_squad_corrected,,,,,,,,,,,,,,,,,,,,,,,,,,,,,,,,False,False,False,False,False,False,False,False,False,False,False,True,True,False
haiti_jean_ricner_bellegarde,team_haiti,Haiti,Jean-Ricner Bellegarde,Wolverhampton Wanderers FC (ENG),Midfielder,450050,Jean-Ricner Bellegarde,https://www.transfermarkt.co.uk/jean-ricner-bellegarde/profil/spieler/450050,0.95,exact_name,False,27.0,172.0,right,Central Midfield,15000000.0,Wolverhampton Wanderers Football Club,jean ricner bellegarde,wolverhampton wanderers fc eng,,,False,wc2026_official_squad_corrected,1998-06-27 00:00:00,,8.0,3.0,2.0,1456.0,74.0,72.0,42.0,30.0,6.0,10.0,5.0,1.0,0.0,0.0,0.0,20.22222222222222,0.5675675675675675,0.972972972972973,19.675675675675677,0.3708791208791209,0.6181318681318682,0.3090659340659341,0.061813186813186816,0.0,0.0,0.0,10.0,0.0,0.0,True,True,True,False,True,True,False,False,False,False,False,True,True,False
haiti_leverton_pierre,team_haiti,Haiti,Leverton Pierre,FC Vizela (POR),Midfielder,,,,0.0,unmatched,True,,,,,,,leverton pierre,fc vizela por,,,False,wc2026_official_squad_corrected,,,,,,,,,,,,,,,,,,,,,,,,,,,,,,,,False,False,False,False,False,False,False,False,False,False,False,True,True,False
haiti_woodensky_pierre,team_haiti,Haiti,Woodensky Pierre,Violette AC (HAI),Midfielder,,,,0.0,unmatched,True,,,,,,,woodensky pierre,violette ac hai,,,False,wc2026_official_squad_corrected,,,,,,,,,,,,,,,,,,,,,,,,,,,,,,,,False,False,False,False,False,False,False,False,False,False,False,True,True,False
iran_ali_nemati,team_iran,Iran,Ali Nemati,Foolad Khuzestan FC (IRN),Defender,,,,0.0,unmatched,True,,,,,,,ali nemati,foolad khuzestan fc irn,,,False,wc2026_official_squad_corrected,,,,,,,,,,,,,,,,,,,,,,,,,,,,,,,,False,False,False,False,False,False,False,False,False,False,False,True,True,False
iran_arya_yousefi,team_iran,Iran,Arya Yousefi,Sepahan SC (IRN),Defender,,,,0.0,unmatched,True,,,,,,,arya yousefi,sepahan sc irn,,,False,wc2026_official_squad_corrected,,,,,,,,,,,,,,,,,,,,,,,,,,,,,,,,False,False,False,False,False,False,False,False,False,False,False,True,True,False
iran_danial_iri,team_iran,Iran,Danial Iri,Malavan Anzali FC (IRN),Defender,,,,0.0,unmatched,True,,,,,,,danial iri,malavan anzali fc irn,,,False,wc2026_official_squad_corrected,,,,,,,,,,,,,,,,,,,,,,,,,,,,,,,,False,False,False,False,False,False,False,False,False,False,False,True,True,False
iran_ehsan_hajisafi,team_iran,Iran,Ehsan Hajisafi,Sepahan SC (IRN),Defender,77547,Ehsan Hajsafi,https://www.transfermarkt.co.uk/ehsan-hajsafi/profil/spieler/77547,0.8811,near_name,True,36.0,178.0,left,Left-Back,275000.0,Athlitiki Enosi Konstantinoupoleos,ehsan hajisafi,sepahan sc irn,,,False,wc2026_official_squad_corrected,1990-02-25 00:00:00,,10.0,3.0,2.0,934.0,69.0,55.0,49.0,6.0,1.0,5.0,8.0,0.0,0.0,0.0,0.0,16.98181818181818,0.7101449275362319,0.7971014492753623,13.53623188405797,0.09635974304068523,0.4817987152034261,0.7708779443254818,0.0,0.0,0.0,0.0,,,,True,True,True,False,True,True,False,False,False,False,False,True,True,False
iran_hossein_kanani,team_iran,Iran,Hossein Kanani,Persepolis FC (IRN),Defender,,,,0.0,unmatched,True,,,,,,,hossein kanani,persepolis fc irn,,,False,wc2026_official_squad_corrected,,,,,,,,,,,,,,,,,,,,,,,,,,,,,,,,False,False,False,False,False,False,False,False,False,False,False,True,True,False
iran_milad_mohammadi,team_iran,Iran,Milad Mohammadi,Persepolis FC (IRN),Defender,333355,Milad Mohammadi,https://www.transfermarkt.co.uk/milad-mohammadi/profil/spieler/333355,0.91,exact_name,True,32.0,178.0,left,Left-Back,1300000.0,Adana Demirspor,milad mohammadi,persepolis fc irn,,,False,wc2026_official_squad_corrected,1993-09-29 00:00:00,,10.0,3.0,3.0,796.0,76.0,67.0,57.0,10.0,1.0,5.0,6.0,0.0,0.0,0.0,0.0,11.880597014925373,0.75,0.881578947368421,10.473684210526315,0.11306532663316583,0.5653266331658292,0.6783919597989949,0.0,0.0,0.0,0.0,83.0,3.0,0.03614457831325301,True,True,True,False,True,True,False,False,False,False,False,True,True,False
iran_ramin_rezaeian,team_iran,Iran,Ramin Rezaeian,Foolad Khuzestan FC (IRN),Defender,188312,Ramin Rezaeian,https://www.transfermarkt.co.uk/ramin-rezaeian/profil/spieler/188312,0.91,exact_name,True,36.0,184.0,right,Right-Back,450000.0,,ramin rezaeian,foolad khuzestan fc irn,,,False,wc2026_official_squad_corrected,1990-03-21 00:00:00,,,,,,,,,,,,,,,,,,,,,,,,,,,,69.0,6.0,0.08695652173913043,True,False,False,False,False,False,False,False,False,False,False,True,True,False
iran_saleh_hardani,team_iran,Iran,Saleh Hardani,Esteghlal Tehran FC (IRN),Defender,,,,0.0,unmatched,True,,,,,,,saleh hardani,esteghlal tehran fc irn,,,False,wc2026_official_squad_corrected,,,,,,,,,,,,,,,,,,,,,,,,,,,,,,,,False,False,False,False,False,False,False,False,False,False,False,True,True,False
iran_shoja_khalilzadeh,team_iran,Iran,Shoja Khalilzadeh,Tractor Sazi Tabriz FC (IRN),Defender,,,,0.0,unmatched,True,,,,,,,shoja khalilzadeh,tractor sazi tabriz fc irn,,,False,wc2026_official_squad_corrected,,,,,,,,,,,,,,,,,,,,,,,,,,,,,,,,False,False,False,False,False,False,False,False,False,False,False,True,True,False
iran_ali_alipour,team_iran,Iran,Ali Alipour,Persepolis FC (IRN),Forward,249360,Ali Alipour,https://www.transfermarkt.co.uk/ali-alipour/profil/spieler/249360,0.91,exact_name,True,30.0,181.0,both,Centre-Forward,1000000.0,,ali alipour,persepolis fc irn,,,False,wc2026_official_squad_corrected,1995-11-11 00:00:00,,8.0,3.0,3.0,1315.0,65.0,64.0,47.0,17.0,19.0,6.0,5.0,0.0,2.0,0.0,0.0,20.546875,0.7230769230769231,0.9846153846153847,20.23076923076923,1.3003802281368821,0.41064638783269963,0.34220532319391633,0.0,0.13688212927756654,0.0,0.0,11.0,10.0,0.9090909090909091,True,True,True,False,True,True,False,False,False,False,False,True,True,False
iran_amirhossein_hosseinzadeh,team_iran,Iran,Amirhossein Hosseinzadeh,Tractor Sazi Tabriz FC (IRN),Forward,542380,Amirhossein Hosseinzadeh,https://www.transfermarkt.co.uk/amirhossein-hosseinzadeh/profil/spieler/542380,0.91,exact_name,True,25.0,178.0,right,Centre-Forward,700000.0,,amirhossein hosseinzadeh,tractor sazi tabriz fc irn,,,False,wc2026_official_squad_corrected,2000-10-30 00:00:00,,8.0,3.0,1.0,870.0,73.0,72.0,61.0,11.0,26.0,11.0,5.0,1.0,1.0,0.0,0.0,12.083333333333334,0.8356164383561644,0.9863013698630136,11.917808219178083,2.689655172413793,1.1379310344827587,0.5172413793103449,0.10344827586206896,0.10344827586206896,0.0,0.0,,,,True,True,True,False,True,True,False,False,False,False,False,True,True,False
iran_dennis_dargahi,team_iran,Iran,Dennis Dargahi,Standard Liège (BEL),Forward,,,,0.0,unmatched,True,,,,,,,dennis dargahi,standard liege bel,,,False,wc2026_official_squad_corrected,,,,,,,,,,,,,,,,,,,,,,,,,,,,,,,,False,False,False,False,False,False,False,False,False,False,False,True,True,False
iran_mehdi_ghayedi,team_iran,Iran,Mehdi Ghayedi,Al Nasr SC (UAE),Forward,478192,Mehdi Ghayedi,https://www.transfermarkt.co.uk/mehdi-ghayedi/profil/spieler/478192,0.91,exact_name,True,27.0,166.0,right,Left Winger,,,mehdi ghayedi,al nasr sc uae,,,False,wc2026_official_squad_corrected,1998-12-05 00:00:00,,,,,,,,,,,,,,,,,,,,,,,,,,,,,,,True,False,False,False,False,False,False,False,False,False,False,True,True,False
iran_mehdi_taremi,team_iran,Iran,Mehdi Taremi,Olympiacos FC (GRE),Forward,307058,Mehdi Taremi,https://www.transfermarkt.co.uk/mehdi-taremi/profil/spieler/307058,0.91,exact_name,True,33.0,185.0,right,Centre-Forward,2500000.0,Olympiakos Syndesmos Filathlon Peiraios,mehdi taremi,olympiacos fc gre,,,False,wc2026_official_squad_corrected,1992-07-18 00:00:00,,9.0,2.0,2.0,2341.0,91.0,78.0,42.0,36.0,14.0,16.0,6.0,0.0,7.0,0.0,0.0,30.012820512820515,0.46153846153846156,0.8571428571428571,25.725274725274726,0.5382315249893208,0.615121742844938,0.2306706535668518,0.0,0.2691157624946604,0.0,0.0,106.0,57.0,0.5377358490566038,True,True,True,False,True,True,False,False,False,False,False,True,True,False
iran_shahriyar_moghanloo,team_iran,Iran,Shahriyar Moghanloo,Al Ittihad Kalba SCC (UAE),Forward,,,,0.0,unmatched,True,,,,,,,shahriyar moghanloo,al ittihad kalba scc uae,,,False,wc2026_official_squad_corrected,,,,,,,,,,,,,,,,,,,,,,,,,,,,,,,,False,False,False,False,False,False,False,False,False,False,False,True,True,False
iran_alireza_beiranvand,team_iran,Iran,Alireza Beiranvand,Tractor Sazi Tabriz FC (IRN),Goalkeeper,229081,Alireza Beiranvand,https://www.transfermarkt.co.uk/alireza-beiranvand/profil/spieler/229081,0.91,exact_name,True,33.0,194.0,right,Goalkeeper,1200000.0,Boavista FC,alireza beiranvand,tractor sazi tabriz fc irn,,,False,wc2026_official_squad_corrected,1992-09-21 00:00:00,,6.0,2.0,2.0,6330.0,71.0,70.0,70.0,0.0,0.0,0.0,9.0,0.0,0.0,51.0,36.0,90.42857142857143,0.9859154929577465,0.9859154929577465,89.15492957746478,0.0,0.0,0.12796208530805686,0.0,0.0,0.7251184834123223,0.5118483412322274,93.0,0.0,0.0,True,True,True,True,True,False,True,False,False,False,False,False,True,True
iran_hossein_hosseini,team_iran,Iran,Hossein Hosseini,Sepahan SC (IRN),Goalkeeper,,,,0.0,unmatched,True,,,,,,,hossein hosseini,sepahan sc irn,,,False,wc2026_official_squad_corrected,,,,,,,,,,,,,,,,,,,,,,,,,,,,,,,,False,False,False,True,False,False,False,False,False,False,False,False,True,True
iran_payam_niazmand,team_iran,Iran,Payam Niazmand,Persepolis FC (IRN),Goalkeeper,343044,Payam Niazmand,https://www.transfermarkt.co.uk/payam-niazmand/profil/spieler/343044,0.91,exact_name,True,31.0,194.0,right,Goalkeeper,750000.0,Portimonense SC,payam niazmand,persepolis fc irn,,,False,wc2026_official_squad_corrected,1995-04-06 00:00:00,,9.0,3.0,2.0,6246.0,80.0,69.0,69.0,0.0,0.0,0.0,6.0,0.0,0.0,62.0,25.0,90.52173913043478,0.8625,0.8625,78.075,0.0,0.0,0.08645533141210375,0.0,0.0,0.8933717579250722,0.3602305475504323,14.0,0.0,0.0,True,True,True,True,True,False,True,False,False,False,False,False,True,True
iran_alireza_jahanbakhsh,team_iran,Iran,Alireza Jahanbakhsh,FCV Dender EH (BEL),Midfielder,213268,Alireza Jahanbakhsh,https://www.transfermarkt.co.uk/alireza-jahanbakhsh/profil/spieler/213268,0.86,exact_name,True,32.0,183.0,right,Right Winger,3000000.0,FC Verbroedering Denderhoutem Denderleeuw Eendracht Hekelgem,alireza jahanbakhsh,fcv dender eh bel,,,False,wc2026_official_squad_corrected,1993-08-11 00:00:00,,7.0,2.0,2.0,555.0,51.0,43.0,20.0,23.0,4.0,5.0,3.0,0.0,1.0,0.0,0.0,12.906976744186046,0.39215686274509803,0.8431372549019608,10.882352941176471,0.6486486486486487,0.8108108108108109,0.4864864864864865,0.0,0.16216216216216217,0.0,0.0,118.0,29.0,0.2457627118644068,True,True,True,False,True,True,False,False,False,False,False,True,True,False
iran_amirmohammad_razaghinia,team_iran,Iran,Amirmohammad Razaghinia,Esteghlal Tehran FC (IRN),Midfielder,,,,0.0,unmatched,True,,,,,,,amirmohammad razaghinia,esteghlal tehran fc irn,,,False,wc2026_official_squad_corrected,,,,,,,,,,,,,,,,,,,,,,,,,,,,,,,,False,False,False,False,False,False,False,False,False,False,False,True,True,False
iran_mehdi_torabi,team_iran,Iran,Mehdi Torabi,Tractor Sazi Tabriz FC (IRN),Midfielder,,,,0.0,unmatched,True,,,,,,,mehdi torabi,tractor sazi tabriz fc irn,,,False,wc2026_official_squad_corrected,,,,,,,,,,,,,,,,,,,,,,,,,,,,,,,,False,False,False,False,False,False,False,False,False,False,False,True,True,False
iran_mohammad_ghorbani,team_iran,Iran,Mohammad Ghorbani,Al Wahda SC (UAE),Midfielder,856087,Mohammad Ghorbani,https://www.transfermarkt.co.uk/mohammad-ghorbani/profil/spieler/856087,0.91,exact_name,True,25.0,190.0,right,Defensive Midfield,800000.0,FC Orenburg,mohammad ghorbani,al wahda sc uae,,,False,wc2026_official_squad_corrected,2001-05-21 00:00:00,,,,,,,,,,,,,,,,,,,,,,,,,,,,,,,True,False,False,False,False,False,False,False,False,False,False,True,True,False
iran_mohammad_mohebbi,team_iran,Iran,Mohammad Mohebbi,FC Rostov (RUS),Midfielder,,,,0.0,unmatched,True,,,,,,,mohammad mohebbi,fc rostov rus,,,False,wc2026_official_squad_corrected,,,,,,,,,,,,,,,,,,,,,,,,,,,,,,,,False,False,False,False,False,False,False,False,False,False,False,True,True,False
iran_roozbeh_cheshmi,team_iran,Iran,Roozbeh Cheshmi,Esteghlal Tehran FC (IRN),Midfielder,,,,0.0,unmatched,True,,,,,,,roozbeh cheshmi,esteghlal tehran fc irn,,,False,wc2026_official_squad_corrected,,,,,,,,,,,,,,,,,,,,,,,,,,,,,,,,False,False,False,False,False,False,False,False,False,False,False,True,True,False
iran_saeid_ezatolahi,team_iran,Iran,Saeid Ezatolahi,Shabab Al Ahli Club (UAE),Midfielder,249271,Saeid Ezatolahi,https://www.transfermarkt.co.uk/saeid-ezatolahi/profil/spieler/249271,0.91,exact_name,True,29.0,190.0,right,Defensive Midfield,900000.0,Vejle Boldklub,saeid ezatolahi,shabab al ahli club uae,,,False,wc2026_official_squad_corrected,1996-10-01 00:00:00,,9.0,3.0,2.0,1817.0,65.0,61.0,44.0,17.0,10.0,4.0,16.0,0.0,1.0,0.0,0.0,29.78688524590164,0.676923076923077,0.9384615384615385,27.953846153846154,0.4953219592735278,0.19812878370941112,0.7925151348376445,0.0,0.04953219592735278,0.0,0.0,106.0,10.0,0.09433962264150944,True,True,True,False,True,True,False,False,False,False,False,True,True,False
iran_saman_ghoddos,team_iran,Iran,Saman Ghoddos,Al Ittihad Kalba SCC (UAE),Midfielder,204294,Saman Ghoddos,https://www.transfermarkt.co.uk/saman-ghoddos/profil/spieler/204294,0.86,exact_name,True,32.0,175.0,right,Attacking Midfield,2000000.0,Brentford Football Club,saman ghoddos,al ittihad kalba scc uae,,,False,wc2026_official_squad_corrected,1993-09-06 00:00:00,,6.0,3.0,2.0,1305.0,59.0,44.0,29.0,15.0,6.0,3.0,8.0,0.0,1.0,0.0,0.0,29.65909090909091,0.4915254237288136,0.7457627118644068,22.11864406779661,0.41379310344827586,0.20689655172413793,0.5517241379310345,0.0,0.06896551724137931,0.0,0.0,63.0,4.0,0.06349206349206349,True,True,True,False,True,True,False,False,False,False,False,True,True,False
iraq_ahmed_yahya,team_iraq,Iraq,Ahmed Yahya,Al Shorta SC (IRQ),Defender,949320,Ahmed Yahya,https://www.transfermarkt.co.uk/ahmed-yahya/profil/spieler/949320,0.91,exact_name,True,30.0,187.0,left,Left-Back,,,ahmed yahya,al shorta sc irq,,,False,wc2026_official_squad_corrected,1995-07-01 00:00:00,,,,,,,,,,,,,,,,,,,,,,,,,,,,,,,True,False,False,False,False,False,False,False,False,False,False,True,True,False
iraq_akam_hashim,team_iraq,Iraq,Akam Hashim,Al Zawra'a SC (IRQ),Defender,,,,0.0,unmatched,True,,,,,,,akam hashim,al zawra a sc irq,,,False,wc2026_official_squad_corrected,,,,,,,,,,,,,,,,,,,,,,,,,,,,,,,,False,False,False,False,False,False,False,False,False,False,False,True,True,False
iraq_frans_putros,team_iraq,Iraq,Frans Putros,Persib Bandung (IDN),Defender,,,,0.0,unmatched,True,,,,,,,frans putros,persib bandung idn,,,False,wc2026_official_squad_corrected,,,,,,,,,,,,,,,,,,,,,,,,,,,,,,,,False,False,False,False,False,False,False,False,False,False,False,True,True,False
iraq_hussein_ali,team_iraq,Iraq,Hussein Ali,Pogoń Szczecin (POL),Defender,585325,Hussein Ali,https://www.transfermarkt.co.uk/hussein-ali/profil/spieler/585325,0.91,exact_name,True,24.0,182.0,right,Right-Back,400000.0,Morski Klub Sportowy Pogoń Szczecin,hussein ali,pogon szczecin pol,,,False,wc2026_official_squad_corrected,2002-03-01 00:00:00,,6.0,2.0,2.0,0.0,60.0,25.0,11.0,14.0,0.0,0.0,1.0,0.0,0.0,0.0,0.0,0.0,0.18333333333333332,0.4166666666666667,0.0,,,,,,,,,,,True,False,False,False,False,False,False,False,False,False,False,True,True,False
iraq_merchas_doski,team_iraq,Iraq,Merchas Doski,FC Viktoria Plzeň (CZE),Defender,530527,Merchas Doski,https://www.transfermarkt.co.uk/merchas-doski/profil/spieler/530527,0.95,exact_name,False,26.0,173.0,left,Left-Back,,"FC Viktoria Plzeň, a.s.",merchas doski,fc viktoria plzen cze,,,False,wc2026_official_squad_corrected,1999-12-07 00:00:00,,,,,,,,,,,,,,,,,,,,,,,,,,,,29.0,0.0,0.0,True,False,False,False,False,False,False,False,False,False,False,True,True,False
iraq_munaf_younus,team_iraq,Iraq,Munaf Younus,Al Shorta SC (IRQ),Defender,,,,0.0,unmatched,True,,,,,,,munaf younus,al shorta sc irq,,,False,wc2026_official_squad_corrected,,,,,,,,,,,,,,,,,,,,,,,,,,,,,,,,False,False,False,False,False,False,False,False,False,False,False,True,True,False
iraq_mustafa_saadoon,team_iraq,Iraq,Mustafa Saadoon,Al Shorta SC (IRQ),Defender,952341,Mustafa Saadoon,https://www.transfermarkt.co.uk/mustafa-saadoon/profil/spieler/952341,0.91,exact_name,True,25.0,182.0,right,Right-Back,,,mustafa saadoon,al shorta sc irq,,,False,wc2026_official_squad_corrected,2001-05-25 00:00:00,,,,,,,,,,,,,,,,,,,,,,,,,,,,,,,True,False,False,False,False,False,False,False,False,False,False,True,True,False
iraq_rebin_ghareeb,team_iraq,Iraq,Rebin Ghareeb,Port FC (THA),Defender,,,,0.0,unmatched,True,,,,,,,rebin ghareeb,port fc tha,,,False,wc2026_official_squad_corrected,,,,,,,,,,,,,,,,,,,,,,,,,,,,,,,,False,False,False,False,False,False,False,False,False,False,False,True,True,False
iraq_zaid_tahseen,team_iraq,Iraq,Zaid Tahseen,Pakhtakor Tashkent FK (UZB),Defender,931147,Zaid Tahseen,https://www.transfermarkt.co.uk/zaid-tahseen/profil/spieler/931147,0.91,exact_name,True,25.0,187.0,,Centre-Back,,,zaid tahseen,pakhtakor tashkent fk uzb,,,False,wc2026_official_squad_corrected,2001-01-29 00:00:00,,,,,,,,,,,,,,,,,,,,,,,,,,,,,,,True,False,False,False,False,False,False,False,False,False,False,True,True,False
iraq_ahmed_qasim,team_iraq,Iraq,Ahmed Qasim,Nashville SC (USA),Forward,833817,Ahmed Qasem,https://www.transfermarkt.co.uk/ahmed-qasem/profil/spieler/833817,0.8791,near_name,True,22.0,183.0,left,Right Winger,,Nashville SC,ahmed qasim,nashville sc usa,,,False,wc2026_official_squad_corrected,2003-07-12 00:00:00,,4.0,2.0,1.0,836.0,19.0,17.0,14.0,3.0,3.0,1.0,2.0,0.0,0.0,0.0,0.0,49.1764705882353,0.7368421052631579,0.8947368421052632,44.0,0.3229665071770335,0.10765550239234449,0.21531100478468898,0.0,0.0,0.0,0.0,8.0,2.0,0.25,True,True,True,False,True,True,False,False,False,False,False,True,True,False
iraq_ali_alhamadi,team_iraq,Iraq,Ali Alhamadi,Luton Town FC (ENG),Forward,610581,Ali Al-Hamadi,https://www.transfermarkt.co.uk/ali-al-hamadi/profil/spieler/610581,0.8788,near_name,True,24.0,187.0,right,Centre-Forward,2000000.0,Luton Town,ali alhamadi,luton town fc eng,,,False,wc2026_official_squad_corrected,2002-03-01 00:00:00,,11.0,3.0,3.0,829.0,77.0,73.0,40.0,33.0,24.0,9.0,12.0,0.0,1.0,0.0,0.0,11.356164383561644,0.5194805194805194,0.948051948051948,10.766233766233766,2.605548854041013,0.97708082026538,1.3027744270205066,0.0,0.10856453558504221,0.0,0.0,16.0,4.0,0.25,True,True,True,False,True,True,False,False,False,False,False,True,True,False
iraq_ali_jasim,team_iraq,Iraq,Ali Jasim,Al Najmah SC (KSA),Forward,877672,Ali Jasim,https://www.transfermarkt.co.uk/ali-jasim/profil/spieler/877672,0.91,exact_name,True,22.0,178.0,right,Left Winger,,Al-Najma Sport Club,ali jasim,al najmah sc ksa,,,False,wc2026_official_squad_corrected,2004-01-20 00:00:00,,5.0,3.0,5.0,726.0,35.0,21.0,11.0,10.0,7.0,0.0,0.0,0.0,0.0,0.0,0.0,34.57142857142857,0.3142857142857143,0.6,20.742857142857144,0.8677685950413223,0.0,0.0,0.0,0.0,0.0,0.0,52.0,12.0,0.23076923076923078,True,True,True,False,True,True,False,False,False,False,False,True,True,False
iraq_ali_yousif,team_iraq,Iraq,Ali Yousif,Al Talaba SC (IRQ),Forward,576265,Ali Yousif,https://www.transfermarkt.co.uk/ali-yousif/profil/spieler/576265,0.91,exact_name,True,30.0,192.0,right,Centre-Forward,,,ali yousif,al talaba sc irq,,,False,wc2026_official_squad_corrected,1996-01-19 00:00:00,,,,,,,,,,,,,,,,,,,,,,,,,,,,,,,True,False,False,False,False,False,False,False,False,False,False,True,True,False
iraq_aymen_hussein,team_iraq,Iraq,Aymen Hussein,Al Karma SC (IRQ),Forward,401054,Aymen Hussein,https://www.transfermarkt.co.uk/aymen-hussein/profil/spieler/401054,0.91,exact_name,True,30.0,189.0,right,Centre-Forward,,,aymen hussein,al karma sc irq,,,False,wc2026_official_squad_corrected,1996-03-22 00:00:00,,,,,,,,,,,,,,,,,,,,,,,,,,,,,,,True,False,False,False,False,False,False,False,False,False,False,True,True,False
iraq_marko_farji,team_iraq,Iraq,Marko Farji,Venezia FC (ITA),Forward,663153,Marko Farji,https://www.transfermarkt.co.uk/marko-farji/profil/spieler/663153,0.95,exact_name,False,22.0,184.0,right,Left Winger,,Venezia FC,marko farji,venezia fc ita,,,False,wc2026_official_squad_corrected,2004-03-16 00:00:00,,,,,,,,,,,,,,,,,,,,,,,,,,,,5.0,0.0,0.0,True,False,False,False,False,False,False,False,False,False,False,True,True,False
iraq_mohanad_ali,team_iraq,Iraq,Mohanad Ali,Dibba FC (UAE),Forward,589646,Mohanad Ali,https://www.transfermarkt.co.uk/mohanad-ali/profil/spieler/589646,0.91,exact_name,True,25.0,183.0,right,Centre-Forward,350000.0,,mohanad ali,dibba fc uae,,,False,wc2026_official_squad_corrected,2000-06-20 00:00:00,,4.0,2.0,2.0,917.0,48.0,48.0,43.0,5.0,29.0,1.0,9.0,0.0,2.0,0.0,0.0,19.104166666666668,0.8958333333333334,1.0,19.104166666666668,2.846237731733915,0.09814612868047982,0.8833151581243185,0.0,0.19629225736095965,0.0,0.0,71.0,37.0,0.5211267605633803,True,True,True,False,True,True,False,False,False,False,False,True,True,False
iraq_ahmed_basil,team_iraq,Iraq,Ahmed Basil,Al Shorta SC (IRQ),Goalkeeper,,,,0.0,unmatched,True,,,,,,,ahmed basil,al shorta sc irq,,,False,wc2026_official_squad_corrected,,,,,,,,,,,,,,,,,,,,,,,,,,,,,,,,False,False,False,True,False,False,False,False,False,False,False,False,True,True
iraq_fahad_talib,team_iraq,Iraq,Fahad Talib,Al Talaba SC (IRQ),Goalkeeper,377268,Fahad Talib,https://www.transfermarkt.co.uk/fahad-talib/profil/spieler/377268,0.91,exact_name,True,31.0,193.0,,Goalkeeper,,,fahad talib,al talaba sc irq,,,False,wc2026_official_squad_corrected,1994-10-21 00:00:00,,,,,,,,,,,,,,,,,,,,,,,,,,,,,,,True,False,False,True,False,False,False,False,False,False,False,False,True,True
iraq_jalal_hassan,team_iraq,Iraq,Jalal Hassan,Al Zawra'a SC (IRQ),Goalkeeper,206782,Jalal Hassan,https://www.transfermarkt.co.uk/jalal-hassan/profil/spieler/206782,0.91,exact_name,True,35.0,184.0,right,Goalkeeper,,,jalal hassan,al zawra a sc irq,,,False,wc2026_official_squad_corrected,1991-05-18 00:00:00,,,,,,,,,,,,,,,,,,,,,,,,,,,,,,,True,False,False,True,False,False,False,False,False,False,False,False,True,True
iraq_aimar_sher,team_iraq,Iraq,Aimar Sher,Sarpsborg 08 FF (NOR),Midfielder,579294,Aimar Sher,https://www.transfermarkt.co.uk/aimar-sher/profil/spieler/579294,0.91,exact_name,True,23.0,180.0,right,Central Midfield,750000.0,Sarpsborg 08 Fotballforening,aimar sher,sarpsborg 08 ff nor,,,False,wc2026_official_squad_corrected,2002-12-20 00:00:00,,,,,,,,,,,,,,,,,,,,,,,,,,,,,,,True,False,False,False,False,False,False,False,False,False,False,True,True,False
iraq_amir_alammari,team_iraq,Iraq,Amir Alammari,KS Cracovia (POL),Midfielder,303766,Amir Al-Ammari,https://www.transfermarkt.co.uk/amir-al-ammari/profil/spieler/303766,0.8811,near_name,True,28.0,184.0,left,Defensive Midfield,,Klub Sportowy Cracovia Spółka Akcyjna,amir alammari,ks cracovia pol,,,False,wc2026_official_squad_corrected,1997-07-27 00:00:00,,4.0,3.0,2.0,1507.0,46.0,43.0,22.0,21.0,2.0,6.0,10.0,0.0,0.0,0.0,0.0,35.04651162790697,0.4782608695652174,0.9347826086956522,32.76086956521739,0.11944260119442601,0.3583278035832781,0.5972130059721301,0.0,0.0,0.0,0.0,44.0,7.0,0.1590909090909091,True,True,True,False,True,True,False,False,False,False,False,True,True,False
iraq_ibrahim_bayesh,team_iraq,Iraq,Ibrahim Bayesh,Al Dhafra SCC (UAE),Midfielder,560957,Ibrahim Bayesh,https://www.transfermarkt.co.uk/ibrahim-bayesh/profil/spieler/560957,0.86,exact_name,True,26.0,177.0,right,Attacking Midfield,,,ibrahim bayesh,al dhafra scc uae,,,False,wc2026_official_squad_corrected,2000-01-01 00:00:00,,,,,,,,,,,,,,,,,,,,,,,,,,,,,,,True,False,False,False,False,False,False,False,False,False,False,True,True,False
iraq_kevin_yakob,team_iraq,Iraq,Kevin Yakob,Aarhus GF (DEN),Midfielder,413268,Kevin Yakob,https://www.transfermarkt.co.uk/kevin-yakob/profil/spieler/413268,0.91,exact_name,True,25.0,184.0,right,Central Midfield,600000.0,Aarhus Gymnastik Forening,kevin yakob,aarhus gf den,,,False,wc2026_official_squad_corrected,2000-10-10 00:00:00,,,,,,,,,,,,,,,,,,,,,,,,,,,,,,,True,False,False,False,False,False,False,False,False,False,False,True,True,False
iraq_youssef_amyn,team_iraq,Iraq,Youssef Amyn,AEK Larnaca FC (CYP),Midfielder,684307,Youssef Amyn,https://www.transfermarkt.co.uk/youssef-amyn/profil/spieler/684307,0.86,exact_name,True,22.0,175.0,right,Left Winger,,,youssef amyn,aek larnaca fc cyp,,,False,wc2026_official_squad_corrected,2003-08-21 00:00:00,,5.0,3.0,3.0,449.0,61.0,43.0,22.0,21.0,4.0,2.0,3.0,0.0,0.0,0.0,0.0,10.44186046511628,0.36065573770491804,0.7049180327868853,7.360655737704918,0.8017817371937639,0.40089086859688194,0.6013363028953229,0.0,0.0,0.0,0.0,38.0,5.0,0.13157894736842105,True,True,False,False,False,False,False,False,False,False,False,True,True,False
iraq_zaid_ismael,team_iraq,Iraq,Zaid Ismael,Al Talaba SC (IRQ),Midfielder,,,,0.0,unmatched,True,,,,,,,zaid ismael,al talaba sc irq,,,False,wc2026_official_squad_corrected,,,,,,,,,,,,,,,,,,,,,,,,,,,,,,,,False,False,False,False,False,False,False,False,False,False,False,True,True,False
iraq_zidane_iqbal,team_iraq,Iraq,Zidane Iqbal,FC Utrecht (NED),Midfielder,686845,Zidane Iqbal,https://www.transfermarkt.co.uk/zidane-iqbal/profil/spieler/686845,0.91,exact_name,True,23.0,181.0,right,Central Midfield,3000000.0,Football Club Utrecht,zidane iqbal,fc utrecht ned,,,False,wc2026_official_squad_corrected,2003-04-27 00:00:00,,8.0,3.0,2.0,1458.0,56.0,43.0,27.0,16.0,1.0,0.0,6.0,0.0,0.0,0.0,0.0,33.906976744186046,0.48214285714285715,0.7678571428571429,26.035714285714285,0.06172839506172839,0.0,0.3703703703703704,0.0,0.0,0.0,0.0,,,,True,True,True,False,True,True,False,False,False,False,False,True,True,False
ivory_coast_christopher_operi,team_ivory_coast,Ivory Coast,Christopher Operi,Başakşehir FK (TUR),Defender,469976,Christopher Operi,https://www.transfermarkt.co.uk/christopher-operi/profil/spieler/469976,0.91,exact_name,True,29.0,183.0,left,Left-Back,4000000.0,İstanbul Başakşehir Futbol Kulübü,christopher operi,basaksehir fk tur,,,False,wc2026_official_squad_corrected,1997-04-29 00:00:00,,7.0,3.0,2.0,1993.0,64.0,61.0,60.0,1.0,6.0,10.0,8.0,2.0,0.0,0.0,0.0,32.67213114754098,0.9375,0.953125,31.140625,0.2709483191169092,0.4515805318615153,0.3612644254892122,0.09031610637230306,0.0,0.0,0.0,8.0,0.0,0.0,True,True,True,False,True,True,False,False,False,False,False,True,True,False
ivory_coast_emmanuel_agbadou,team_ivory_coast,Ivory Coast,Emmanuel Agbadou,Beşiktaş JK (TUR),Defender,683895,Emmanuel Agbadou,https://www.transfermarkt.co.uk/emmanuel-agbadou/profil/spieler/683895,0.91,exact_name,True,28.0,192.0,right,Centre-Back,9000000.0,Beşiktaş Jimnastik Kulübü,emmanuel agbadou,besiktas jk tur,,,False,wc2026_official_squad_corrected,1997-06-17 00:00:00,,8.0,3.0,2.0,4096.0,72.0,71.0,68.0,3.0,4.0,1.0,9.0,0.0,0.0,0.0,0.0,57.690140845070424,0.9444444444444444,0.9861111111111112,56.888888888888886,0.087890625,0.02197265625,0.19775390625,0.0,0.0,0.0,0.0,12.0,1.0,0.08333333333333333,True,True,True,False,True,True,False,False,False,False,False,True,True,False
ivory_coast_evan_ndicka,team_ivory_coast,Ivory Coast,Evan Ndicka,AS Roma (ITA),Defender,371149,Evan Ndicka,https://www.transfermarkt.co.uk/evan-ndicka/profil/spieler/371149,0.91,exact_name,True,26.0,192.0,left,Centre-Back,30000000.0,Associazione Sportiva Roma,evan ndicka,as roma ita,,,False,wc2026_official_squad_corrected,1999-08-20 00:00:00,,6.0,3.0,1.0,990.0,92.0,87.0,86.0,1.0,1.0,5.0,13.0,0.0,0.0,0.0,0.0,11.379310344827585,0.9347826086956522,0.9456521739130435,10.76086956521739,0.09090909090909091,0.4545454545454546,1.1818181818181819,0.0,0.0,0.0,0.0,28.0,0.0,0.0,True,True,True,False,True,True,False,False,False,False,False,True,True,False
ivory_coast_ghislain_konan,team_ivory_coast,Ivory Coast,Ghislain Konan,Gil Vicente FC (POR),Defender,422850,Ghislain Konan,https://www.transfermarkt.co.uk/ghislain-konan/profil/spieler/422850,0.91,exact_name,True,30.0,176.0,left,Left-Back,6500000.0,Gil Vicente Futebol Clube,ghislain konan,gil vicente fc por,,,False,wc2026_official_squad_corrected,1995-12-27 00:00:00,,7.0,3.0,4.0,0.0,56.0,43.0,40.0,3.0,0.0,5.0,2.0,0.0,0.0,0.0,0.0,0.0,0.7142857142857143,0.7678571428571429,0.0,,,,,,,,42.0,0.0,0.0,True,False,False,False,False,False,False,False,False,False,False,True,True,False
ivory_coast_guela_doue,team_ivory_coast,Ivory Coast,Guela Doue,RC Strasbourg (FRA),Defender,711980,Guéla Doué,https://www.transfermarkt.co.uk/guela-doue/profil/spieler/711980,0.91,exact_name,True,23.0,186.0,right,Right-Back,18000000.0,Racing Club de Strasbourg Alsace,guela doue,rc strasbourg fra,,,False,wc2026_official_squad_corrected,2002-10-17 00:00:00,,6.0,2.0,3.0,2716.0,81.0,69.0,56.0,13.0,1.0,6.0,8.0,1.0,0.0,0.0,0.0,39.36231884057971,0.691358024691358,0.8518518518518519,33.53086419753087,0.03313696612665685,0.19882179675994108,0.2650957290132548,0.03313696612665685,0.0,0.0,0.0,,,,True,True,True,False,True,True,False,False,False,False,False,True,True,False
ivory_coast_odilon_kossounou,team_ivory_coast,Ivory Coast,Odilon Kossounou,Atalanta Bergamo (ITA),Defender,644771,Odilon Kossounou,https://www.transfermarkt.co.uk/odilon-kossounou/profil/spieler/644771,0.91,exact_name,True,25.0,191.0,right,Centre-Back,22000000.0,Atalanta Bergamasca Calcio S.p.a.,odilon kossounou,atalanta bergamo ita,,,False,wc2026_official_squad_corrected,2001-01-04 00:00:00,,10.0,3.0,2.0,1812.0,78.0,58.0,42.0,16.0,1.0,2.0,6.0,1.0,0.0,0.0,0.0,31.24137931034483,0.5384615384615384,0.7435897435897436,23.23076923076923,0.04966887417218543,0.09933774834437085,0.2980132450331126,0.04966887417218543,0.0,0.0,0.0,25.0,0.0,0.0,True,True,True,False,True,True,False,False,False,False,False,True,True,False
ivory_coast_ousmane_diomande,team_ivory_coast,Ivory Coast,Ousmane Diomande,Sporting CP (POR),Defender,974982,Ousmane Diomande,https://www.transfermarkt.co.uk/ousmane-diomande/profil/spieler/974982,0.91,exact_name,True,22.0,190.0,right,Centre-Back,45000000.0,Sporting Clube de Portugal,ousmane diomande,sporting cp por,,,False,wc2026_official_squad_corrected,2003-12-04 00:00:00,,11.0,3.0,1.0,2929.0,92.0,86.0,79.0,7.0,5.0,2.0,14.0,3.0,0.0,0.0,0.0,34.05813953488372,0.8586956521739131,0.9347826086956522,31.83695652173913,0.15363605326049848,0.06145442130419939,0.4301809491293957,0.09218163195629908,0.0,0.0,0.0,8.0,1.0,0.125,True,True,True,False,True,True,False,False,False,False,False,True,True,False
ivory_coast_wilfried_singo,team_ivory_coast,Ivory Coast,Wilfried Singo,Galatasaray SK (TUR),Defender,648779,Wilfried Singo,https://www.transfermarkt.co.uk/wilfried-singo/profil/spieler/648779,0.91,exact_name,True,25.0,190.0,right,Centre-Back,28000000.0,Galatasaray Spor Kulübü,wilfried singo,galatasaray sk tur,,,False,wc2026_official_squad_corrected,2000-12-25 00:00:00,,7.0,3.0,3.0,4534.0,66.0,62.0,55.0,7.0,4.0,4.0,12.0,2.0,0.0,0.0,0.0,73.12903225806451,0.8333333333333334,0.9393939393939394,68.6969696969697,0.07940008822232024,0.07940008822232024,0.23820026466696076,0.03970004411116012,0.0,0.0,0.0,33.0,0.0,0.0,True,True,True,False,True,True,False,False,False,False,False,True,True,False
ivory_coast_amad_diallo,team_ivory_coast,Ivory Coast,Amad Diallo,Manchester United FC (ENG),Forward,536835,Amad Diallo,https://www.transfermarkt.co.uk/amad-diallo/profil/spieler/536835,0.91,exact_name,True,23.0,173.0,left,Right Winger,50000000.0,Manchester United Football Club,amad diallo,manchester united fc eng,,,False,wc2026_official_squad_corrected,2002-07-11 00:00:00,,9.0,3.0,1.0,1076.0,71.0,59.0,34.0,25.0,13.0,12.0,7.0,1.0,0.0,0.0,0.0,18.23728813559322,0.4788732394366197,0.8309859154929577,15.154929577464788,1.0873605947955391,1.003717472118959,0.5855018587360595,0.08364312267657992,0.0,0.0,0.0,10.0,1.0,0.1,True,True,True,False,True,True,False,False,False,False,False,True,True,False
ivory_coast_ange_yoan_bonny,team_ivory_coast,Ivory Coast,Ange-Yoan Bonny,FC Internazionale Milano (ITA),Forward,827734,Ange-Yoan Bonny,https://www.transfermarkt.co.uk/ange-yoan-bonny/profil/spieler/827734,0.95,exact_name,False,22.0,189.0,right,Centre-Forward,,Football Club Internazionale Milano S.p.A.,ange yoan bonny,fc internazionale milano ita,,,False,wc2026_official_squad_corrected,2003-10-25 00:00:00,,5.0,3.0,2.0,913.0,80.0,78.0,62.0,16.0,15.0,11.0,7.0,0.0,3.0,0.0,0.0,11.705128205128204,0.775,0.975,11.4125,1.4786418400876233,1.0843373493975905,0.6900328587075575,0.0,0.2957283680175246,0.0,0.0,19.0,6.0,0.3157894736842105,True,True,True,False,True,True,False,False,False,False,False,True,True,False
ivory_coast_bazoumana_toure,team_ivory_coast,Ivory Coast,Bazoumana Toure,TSG Hoffenheim (GER),Forward,1067904,Bazoumana Touré,https://www.transfermarkt.co.uk/bazoumana-toure/profil/spieler/1067904,0.91,exact_name,True,20.0,175.0,left,Left Winger,25000000.0,Turn- und Sportgemeinschaft 1899 Hoffenheim Fußball-Spielbetriebs,bazoumana toure,tsg hoffenheim ger,,,False,wc2026_official_squad_corrected,2006-03-02 00:00:00,,5.0,3.0,3.0,0.0,22.0,17.0,10.0,7.0,0.0,4.0,1.0,0.0,0.0,0.0,0.0,0.0,0.45454545454545453,0.7727272727272727,0.0,,,,,,,,,,,True,False,False,False,False,False,False,False,False,False,False,True,True,False
ivory_coast_elye_wahi,team_ivory_coast,Ivory Coast,Elye Wahi,OGC Nice (FRA),Forward,659542,Elye Wahi,https://www.transfermarkt.co.uk/elye-wahi/profil/spieler/659542,0.91,exact_name,True,23.0,184.0,right,Centre-Forward,12000000.0,Olympique Gymnaste Club Nice Côte d'Azur,elye wahi,ogc nice fra,,,False,wc2026_official_squad_corrected,2003-01-02 00:00:00,,11.0,3.0,4.0,785.0,73.0,66.0,38.0,28.0,16.0,6.0,12.0,1.0,2.0,0.0,0.0,11.893939393939394,0.5205479452054794,0.9041095890410958,10.753424657534246,1.8343949044585985,0.6878980891719745,1.375796178343949,0.11464968152866241,0.22929936305732482,0.0,0.0,29.0,7.0,0.2413793103448276,True,True,True,False,True,True,False,False,False,False,False,True,True,False
ivory_coast_evann_guessand,team_ivory_coast,Ivory Coast,Evann Guessand,Crystal Palace FC (ENG),Forward,500689,Evann Guessand,https://www.transfermarkt.co.uk/evann-guessand/profil/spieler/500689,0.91,exact_name,True,24.0,188.0,right,Right Winger,28000000.0,Crystal Palace Football Club,evann guessand,crystal palace fc eng,,,False,wc2026_official_squad_corrected,2001-07-01 00:00:00,,6.0,3.0,2.0,1018.0,84.0,82.0,52.0,30.0,20.0,12.0,4.0,0.0,2.0,0.0,0.0,12.414634146341463,0.6190476190476191,0.9761904761904762,12.119047619047619,1.768172888015717,1.0609037328094302,0.3536345776031434,0.0,0.1768172888015717,0.0,0.0,,,,True,True,True,False,True,True,False,False,False,False,False,True,True,False
ivory_coast_nicolas_pepe,team_ivory_coast,Ivory Coast,Nicolas Pepe,Villarreal CF (ESP),Forward,343052,Nicolas Pépé,https://www.transfermarkt.co.uk/nicolas-pepe/profil/spieler/343052,0.91,exact_name,True,31.0,183.0,left,Right Winger,8500000.0,Villarreal Club de Fútbol S.A.D.,nicolas pepe,villarreal cf esp,,,False,wc2026_official_squad_corrected,1995-05-29 00:00:00,,5.0,3.0,2.0,972.0,55.0,54.0,32.0,22.0,11.0,10.0,2.0,0.0,0.0,0.0,0.0,18.0,0.5818181818181818,0.9818181818181818,17.672727272727272,1.0185185185185186,0.9259259259259259,0.1851851851851852,0.0,0.0,0.0,0.0,46.0,10.0,0.21739130434782608,True,True,True,False,True,True,False,False,False,False,False,True,True,False
ivory_coast_oumar_diakite,team_ivory_coast,Ivory Coast,Oumar Diakite,Cercle Brugge (BEL),Forward,847279,Oumar Diakité,https://www.transfermarkt.co.uk/oumar-diakite/profil/spieler/847279,0.91,exact_name,True,22.0,185.0,right,Centre-Forward,5000000.0,Cercle Brugge Koninklijke Sportvereniging,oumar diakite,cercle brugge bel,,,False,wc2026_official_squad_corrected,2003-12-20 00:00:00,,5.0,3.0,1.0,728.0,68.0,63.0,40.0,23.0,9.0,2.0,11.0,0.0,0.0,0.0,0.0,11.555555555555555,0.5882352941176471,0.9264705882352942,10.705882352941176,1.1126373626373627,0.24725274725274726,1.35989010989011,0.0,0.0,0.0,0.0,15.0,2.0,0.13333333333333333,True,True,True,False,True,True,False,False,False,False,False,True,True,False
ivory_coast_simon_adingra,team_ivory_coast,Ivory Coast,Simon Adingra,AS Monaco (FRA),Forward,658536,Simon Adingra,https://www.transfermarkt.co.uk/simon-adingra/profil/spieler/658536,0.91,exact_name,True,24.0,175.0,right,Left Winger,22000000.0,Association sportive de Monaco Football Club,simon adingra,as monaco fra,,,False,wc2026_official_squad_corrected,2002-01-01 00:00:00,,8.0,3.0,2.0,1540.0,87.0,76.0,49.0,27.0,12.0,6.0,4.0,0.0,0.0,0.0,0.0,20.263157894736842,0.5632183908045977,0.8735632183908046,17.701149425287355,0.7012987012987013,0.35064935064935066,0.23376623376623376,0.0,0.0,0.0,0.0,14.0,2.0,0.14285714285714285,True,True,True,False,True,True,False,False,False,False,False,True,True,False
ivory_coast_yan_diomande,team_ivory_coast,Ivory Coast,Yan Diomande,RB Leipzig (GER),Forward,1390649,Yan Diomande,https://www.transfermarkt.co.uk/yan-diomande/profil/spieler/1390649,0.91,exact_name,True,19.0,180.0,right,Left Winger,45000000.0,RasenBallsport Leipzig,yan diomande,rb leipzig ger,,,False,wc2026_official_squad_corrected,2006-11-14 00:00:00,,3.0,2.0,2.0,356.0,13.0,13.0,8.0,5.0,3.0,1.0,1.0,0.0,0.0,0.0,0.0,27.384615384615383,0.6153846153846154,1.0,27.384615384615383,0.7584269662921348,0.25280898876404495,0.25280898876404495,0.0,0.0,0.0,0.0,1.0,0.0,0.0,True,True,False,False,False,False,False,False,False,False,False,True,True,False
ivory_coast_alban_lafont,team_ivory_coast,Ivory Coast,Alban Lafont,Panathinaikos FC (GRE),Goalkeeper,357117,Alban Lafont,https://www.transfermarkt.co.uk/alban-lafont/profil/spieler/357117,0.91,exact_name,True,27.0,196.0,right,Goalkeeper,3000000.0,Panathinaikos Athlitikos Omilos,alban lafont,panathinaikos fc gre,,,False,wc2026_official_squad_corrected,1999-01-23 00:00:00,,8.0,3.0,3.0,4387.0,61.0,49.0,49.0,0.0,0.0,0.0,3.0,0.0,0.0,70.0,11.0,89.53061224489795,0.8032786885245902,0.8032786885245902,71.91803278688525,0.0,0.0,0.06154547526783679,0.0,0.0,1.4360610895828583,0.22566674264873487,30.0,0.0,0.0,True,True,True,True,True,False,True,False,False,False,False,False,True,True
ivory_coast_mohamed_kone,team_ivory_coast,Ivory Coast,Mohamed Kone,Sporting Charleroi (BEL),Goalkeeper,911985,Mohamed Koné,https://www.transfermarkt.co.uk/mohamed-kone/profil/spieler/911985,0.91,exact_name,True,24.0,186.0,right,Goalkeeper,800000.0,Royal Charleroi Sporting Club,mohamed kone,sporting charleroi bel,,,False,wc2026_official_squad_corrected,2002-03-07 00:00:00,,10.0,3.0,4.0,3578.0,71.0,40.0,39.0,1.0,0.0,1.0,4.0,0.0,0.0,43.0,10.0,89.45,0.5492957746478874,0.5633802816901409,50.394366197183096,0.0,0.02515371716042482,0.10061486864169927,0.0,0.0,1.0816098378982673,0.25153717160424816,4.0,0.0,0.0,True,True,True,True,True,False,True,False,False,False,False,False,True,True
ivory_coast_yahia_fofana,team_ivory_coast,Ivory Coast,Yahia Fofana,Çaykur Rizespor (TUR),Goalkeeper,418651,Yahia Fofana,https://www.transfermarkt.co.uk/yahia-fofana/profil/spieler/418651,0.95,exact_name,False,25.0,194.0,right,Goalkeeper,2500000.0,Çaykur Rizespor Kulübü,yahia fofana,caykur rizespor tur,,,False,wc2026_official_squad_corrected,2000-08-21 00:00:00,,5.0,3.0,2.0,6030.0,73.0,67.0,67.0,0.0,0.0,0.0,6.0,0.0,0.0,88.0,21.0,90.0,0.9178082191780822,0.9178082191780822,82.6027397260274,0.0,0.0,0.08955223880597014,0.0,0.0,1.3134328358208955,0.31343283582089554,44.0,0.0,0.0,True,True,True,True,True,False,True,False,False,False,False,False,True,True
ivory_coast_christ_inao_oulai,team_ivory_coast,Ivory Coast,Christ Inao Oulai,Trabzonspor (TUR),Midfielder,1279526,Christ Inao Oulaï,https://www.transfermarkt.co.uk/christ-inao-oulai/profil/spieler/1279526,0.95,exact_name,False,20.0,173.0,right,Central Midfield,,Trabzonspor Kulübü,christ inao oulai,trabzonspor tur,,,False,wc2026_official_squad_corrected,2006-04-06 00:00:00,,4.0,2.0,2.0,945.0,29.0,24.0,18.0,6.0,1.0,0.0,8.0,0.0,0.0,0.0,0.0,39.375,0.6206896551724138,0.8275862068965517,32.58620689655172,0.09523809523809525,0.0,0.761904761904762,0.0,0.0,0.0,0.0,,,,True,True,True,False,True,True,False,False,False,False,False,True,True,False
ivory_coast_franck_kessie,team_ivory_coast,Ivory Coast,Franck Kessie,Al Ahli FC (KSA),Midfielder,294808,Franck Kessié,https://www.transfermarkt.co.uk/franck-kessie/profil/spieler/294808,0.91,exact_name,True,29.0,183.0,right,Central Midfield,20000000.0,Al-Ahli Saudi Football Club,franck kessie,al ahli fc ksa,,,False,wc2026_official_squad_corrected,1996-12-19 00:00:00,,9.0,3.0,1.0,2140.0,82.0,82.0,80.0,2.0,17.0,9.0,18.0,0.0,2.0,0.0,0.0,26.097560975609756,0.975609756097561,1.0,26.097560975609756,0.7149532710280374,0.37850467289719625,0.7570093457943925,0.0,0.08411214953271029,0.0,0.0,96.0,14.0,0.14583333333333334,True,True,True,False,True,True,False,False,False,False,False,True,True,False
ivory_coast_ibrahim_sangare,team_ivory_coast,Ivory Coast,Ibrahim Sangare,Nottingham Forest FC (ENG),Midfielder,375885,Ibrahim Sangaré,https://www.transfermarkt.co.uk/ibrahim-sangare/profil/spieler/375885,0.91,exact_name,True,28.0,191.0,right,Defensive Midfield,22000000.0,Nottingham Forest Football Club,ibrahim sangare,nottingham forest fc eng,,,False,wc2026_official_squad_corrected,1997-12-02 00:00:00,,8.0,3.0,2.0,180.0,58.0,45.0,33.0,12.0,2.0,4.0,10.0,0.0,0.0,0.0,0.0,4.0,0.5689655172413793,0.7758620689655172,3.103448275862069,1.0,2.0,5.0,0.0,0.0,0.0,0.0,46.0,11.0,0.2391304347826087,True,True,False,False,False,False,False,False,False,False,False,True,True,False
ivory_coast_jean_michael_seri,team_ivory_coast,Ivory Coast,Jean Michael Seri,NK Maribor (SVN),Midfielder,178614,Jean Michaël Seri,https://www.transfermarkt.co.uk/jean-michael-seri/profil/spieler/178614,0.91,exact_name,True,34.0,168.0,right,Defensive Midfield,1500000.0,Al-Orobah FC,jean michael seri,nk maribor svn,,,False,wc2026_official_squad_corrected,1991-07-19 00:00:00,,5.0,2.0,2.0,3643.0,47.0,46.0,45.0,1.0,2.0,4.0,10.0,0.0,0.0,0.0,0.0,79.19565217391305,0.9574468085106383,0.9787234042553191,77.51063829787235,0.04940982706560527,0.09881965413121054,0.24704913532802633,0.0,0.0,0.0,0.0,61.0,4.0,0.06557377049180328,True,True,True,False,True,True,False,False,False,False,False,True,True,False
ivory_coast_parfait_guiagon,team_ivory_coast,Ivory Coast,Parfait Guiagon,Sporting Charleroi (BEL),Midfielder,624913,Parfait Guiagon,https://www.transfermarkt.co.uk/parfait-guiagon/profil/spieler/624913,0.86,exact_name,True,25.0,169.0,right,Left Winger,4000000.0,Royal Charleroi Sporting Club,parfait guiagon,sporting charleroi bel,,,False,wc2026_official_squad_corrected,2001-02-22 00:00:00,,,,,,,,,,,,,,,,,,,,,,,,,,,,,,,True,False,False,False,False,False,False,False,False,False,False,True,True,False
ivory_coast_seko_fofana,team_ivory_coast,Ivory Coast,Seko Fofana,FC Porto (POR),Midfielder,182893,Seko Fofana,https://www.transfermarkt.co.uk/seko-fofana/profil/spieler/182893,0.91,exact_name,True,31.0,185.0,right,Central Midfield,8000000.0,Futebol Clube do Porto,seko fofana,fc porto por,,,False,wc2026_official_squad_corrected,1995-05-07 00:00:00,,9.0,3.0,3.0,1532.0,69.0,68.0,51.0,17.0,5.0,4.0,7.0,0.0,0.0,0.0,0.0,22.529411764705884,0.7391304347826086,0.9855072463768116,22.202898550724637,0.29373368146214096,0.2349869451697128,0.4112271540469974,0.0,0.0,0.0,0.0,55.0,11.0,0.2,True,True,True,False,True,True,False,False,False,False,False,True,True,False
japan_ayumu_seko,team_japan,Japan,Ayumu Seko,Le Havre AC (FRA),Defender,405389,Ayumu Seko,https://www.transfermarkt.co.uk/ayumu-seko/profil/spieler/405389,0.91,exact_name,True,26.0,186.0,right,Centre-Back,,Le Havre Athletic Club,ayumu seko,le havre ac fra,,,False,wc2026_official_squad_corrected,2000-06-07 00:00:00,,7.0,3.0,2.0,3082.0,85.0,82.0,77.0,5.0,2.0,1.0,11.0,0.0,1.0,0.0,0.0,37.58536585365854,0.9058823529411765,0.9647058823529412,36.258823529411764,0.05840363400389357,0.029201817001946784,0.3212199870214147,0.0,0.029201817001946784,0.0,0.0,29.0,0.0,0.0,True,True,True,False,True,True,False,False,False,False,False,True,True,False
japan_hiroki_ito,team_japan,Japan,Hiroki Ito,FC Bayern München (GER),Defender,353892,Hiroki Ito,https://www.transfermarkt.co.uk/hiroki-ito/profil/spieler/353892,0.99,exact_name,False,27.0,188.0,left,Centre-Back,18000000.0,FC Bayern München,hiroki ito,fc bayern munchen ger,,,False,wc2026_official_squad_corrected,1999-05-12 00:00:00,,4.0,2.0,2.0,249.0,39.0,37.0,31.0,6.0,1.0,2.0,3.0,0.0,0.0,0.0,0.0,6.72972972972973,0.7948717948717948,0.9487179487179487,6.384615384615385,0.36144578313253006,0.7228915662650601,1.0843373493975905,0.0,0.0,0.0,0.0,43.0,4.0,0.09302325581395349,True,True,False,False,False,False,False,False,False,False,False,True,True,False
japan_junnosuke_suzuki,team_japan,Japan,Junnosuke Suzuki,FC København (DEN),Defender,848856,Junnosuke Suzuki,https://www.transfermarkt.co.uk/junnosuke-suzuki/profil/spieler/848856,0.91,exact_name,True,22.0,185.0,right,Centre-Back,,Football Club København,junnosuke suzuki,fc k benhavn den,,,False,wc2026_official_squad_corrected,2003-07-12 00:00:00,,,,,,,,,,,,,,,,,,,,,,,,,,,,,,,True,False,False,False,False,False,False,False,False,False,False,True,True,False
japan_kou_itakura,team_japan,Japan,Kou Itakura,AFC Ajax (NED),Defender,355816,Ko Itakura,https://www.transfermarkt.co.uk/ko-itakura/profil/spieler/355816,0.8729,near_name,True,29.0,188.0,right,Centre-Back,10000000.0,AFC Ajax Amsterdam,kou itakura,afc ajax ned,,,False,wc2026_official_squad_corrected,1997-01-27 00:00:00,,5.0,3.0,2.0,1782.0,57.0,57.0,55.0,2.0,8.0,1.0,14.0,0.0,0.0,0.0,0.0,31.263157894736842,0.9649122807017544,1.0,31.263157894736842,0.4040404040404041,0.05050505050505051,0.7070707070707072,0.0,0.0,0.0,0.0,77.0,7.0,0.09090909090909091,True,True,True,False,True,True,False,False,False,False,False,True,True,False
japan_shogo_taniguchi,team_japan,Japan,Shogo Taniguchi,Sint-Truiden VV (BEL),Defender,307870,Shogo Taniguchi,https://www.transfermarkt.co.uk/shogo-taniguchi/profil/spieler/307870,0.91,exact_name,True,34.0,183.0,right,Centre-Back,800000.0,Koninklijke Sint-Truidense Voetbalvereniging,shogo taniguchi,sint truiden vv bel,,,False,wc2026_official_squad_corrected,1991-07-15 00:00:00,,8.0,3.0,2.0,2929.0,50.0,50.0,42.0,8.0,2.0,0.0,4.0,1.0,0.0,0.0,0.0,58.58,0.84,1.0,58.58,0.06145442130419939,0.0,0.12290884260839878,0.030727210652099695,0.0,0.0,0.0,32.0,1.0,0.03125,True,True,True,False,True,True,False,False,False,False,False,True,True,False
japan_takehiro_tomiyasu,team_japan,Japan,Takehiro Tomiyasu,AFC Ajax (NED),Defender,331560,Takehiro Tomiyasu,https://www.transfermarkt.co.uk/takehiro-tomiyasu/profil/spieler/331560,0.91,exact_name,True,27.0,188.0,right,Right-Back,12000000.0,AFC Ajax Amsterdam,takehiro tomiyasu,afc ajax ned,,,False,wc2026_official_squad_corrected,1998-11-05 00:00:00,,5.0,2.0,1.0,572.0,35.0,31.0,16.0,15.0,2.0,3.0,0.0,1.0,0.0,0.0,0.0,18.451612903225808,0.45714285714285713,0.8857142857142857,16.34285714285714,0.3146853146853147,0.47202797202797203,0.0,0.15734265734265734,0.0,0.0,0.0,81.0,2.0,0.024691358024691357,True,True,True,False,True,True,False,False,False,False,False,True,True,False
japan_tsuyoshi_watanabe,team_japan,Japan,Tsuyoshi Watanabe,Feyenoord Rotterdam (NED),Defender,598791,Tsuyoshi Watanabe,https://www.transfermarkt.co.uk/tsuyoshi-watanabe/profil/spieler/598791,0.99,exact_name,False,29.0,186.0,right,Centre-Back,10000000.0,Feyenoord Rotterdam,tsuyoshi watanabe,feyenoord rotterdam ned,,,False,wc2026_official_squad_corrected,1997-02-05 00:00:00,,13.0,3.0,2.0,3726.0,106.0,105.0,104.0,1.0,8.0,4.0,10.0,0.0,0.0,0.0,0.0,35.48571428571429,0.9811320754716981,0.9905660377358491,35.15094339622642,0.1932367149758454,0.0966183574879227,0.24154589371980678,0.0,0.0,0.0,0.0,,,,True,True,True,False,True,True,False,False,False,False,False,True,True,False
japan_yukinari_sugawara,team_japan,Japan,Yukinari Sugawara,SV Werder Bremen (GER),Defender,405385,Yukinari Sugawara,https://www.transfermarkt.co.uk/yukinari-sugawara/profil/spieler/405385,0.91,exact_name,True,25.0,179.0,right,Right-Back,7500000.0,Sportverein Werder Bremen von 1899,yukinari sugawara,sv werder bremen ger,,,False,wc2026_official_squad_corrected,2000-06-28 00:00:00,,10.0,3.0,3.0,2198.0,85.0,78.0,62.0,16.0,5.0,10.0,6.0,0.0,0.0,0.0,0.0,28.17948717948718,0.7294117647058823,0.9176470588235294,25.858823529411765,0.20473157415832574,0.4094631483166515,0.2456778889899909,0.0,0.0,0.0,0.0,,,,True,True,True,False,True,True,False,False,False,False,False,True,True,False
japan_yuto_nagatomo,team_japan,Japan,Yuto Nagatomo,FC Tokyo (JPN),Defender,79522,Yuto Nagatomo,https://www.transfermarkt.co.uk/yuto-nagatomo/profil/spieler/79522,0.91,exact_name,True,39.0,170.0,both,Left-Back,300000.0,Tokyo Football Club,yuto nagatomo,fc tokyo jpn,,,False,wc2026_official_squad_corrected,1986-09-12 00:00:00,,,,,,,,,,,,,,,,,,,,,,,,,,,,151.0,5.0,0.033112582781456956,True,False,False,False,False,False,False,False,False,False,False,True,True,False
japan_ayase_ueda,team_japan,Japan,Ayase Ueda,Feyenoord Rotterdam (NED),Forward,589128,Ayase Ueda,https://www.transfermarkt.co.uk/ayase-ueda/profil/spieler/589128,0.99,exact_name,False,27.0,182.0,right,Centre-Forward,8000000.0,Feyenoord Rotterdam,ayase ueda,feyenoord rotterdam ned,,,False,wc2026_official_squad_corrected,1998-08-28 00:00:00,,10.0,3.0,1.0,589.0,76.0,73.0,31.0,42.0,18.0,4.0,1.0,0.0,0.0,0.0,0.0,8.068493150684931,0.40789473684210525,0.9605263157894737,7.75,2.7504244482173177,0.6112054329371817,0.15280135823429541,0.0,0.0,0.0,0.0,,,,True,True,True,False,True,True,False,False,False,False,False,True,True,False
japan_keisuke_goto,team_japan,Japan,Keisuke Goto,Sint-Truiden VV (BEL),Forward,916623,Keisuke Goto,https://www.transfermarkt.co.uk/keisuke-goto/profil/spieler/916623,0.91,exact_name,True,21.0,191.0,right,Centre-Forward,,Koninklijke Sint-Truidense Voetbalvereniging,keisuke goto,sint truiden vv bel,,,False,wc2026_official_squad_corrected,2005-06-03 00:00:00,,7.0,3.0,3.0,650.0,50.0,45.0,30.0,15.0,18.0,3.0,1.0,0.0,2.0,0.0,0.0,14.444444444444445,0.6,0.9,13.0,2.4923076923076923,0.4153846153846154,0.13846153846153847,0.0,0.27692307692307694,0.0,0.0,7.0,2.0,0.2857142857142857,True,True,True,False,True,True,False,False,False,False,False,True,True,False
japan_kento_shiogai,team_japan,Japan,Kento Shiogai,VfL Wolfsburg (GER),Forward,1144627,Kento Shiogai,https://www.transfermarkt.co.uk/kento-shiogai/profil/spieler/1144627,0.91,exact_name,True,21.0,180.0,right,Centre-Forward,2500000.0,Verein für Leibesübungen Wolfsburg,kento shiogai,vfl wolfsburg ger,,,False,wc2026_official_squad_corrected,2005-03-26 00:00:00,,,,,,,,,,,,,,,,,,,,,,,,,,,,,,,True,False,False,False,False,False,False,False,False,False,False,True,True,False
japan_koki_ogawa,team_japan,Japan,Koki Ogawa,NEC Nijmegen (NED),Forward,351567,Koki Ogawa,https://www.transfermarkt.co.uk/koki-ogawa/profil/spieler/351567,0.91,exact_name,True,28.0,186.0,right,Centre-Forward,2500000.0,Nijmegen Eendracht Combinatie,koki ogawa,nec nijmegen ned,,,False,wc2026_official_squad_corrected,1997-08-08 00:00:00,,6.0,3.0,1.0,722.0,70.0,66.0,55.0,11.0,26.0,2.0,2.0,0.0,3.0,0.0,0.0,10.93939393939394,0.7857142857142857,0.9428571428571428,10.314285714285715,3.2409972299168976,0.24930747922437674,0.24930747922437674,0.0,0.37396121883656513,0.0,0.0,,,,True,True,True,False,True,True,False,False,False,False,False,True,True,False
japan_keisuke_osako,team_japan,Japan,Keisuke Osako,Sanfrecce Hiroshima (JPN),Goalkeeper,415521,Keisuke Osako,https://www.transfermarkt.co.uk/keisuke-osako/profil/spieler/415521,0.99,exact_name,False,26.0,190.0,right,Goalkeeper,,Sanfrecce Hiroshima,keisuke osako,sanfrecce hiroshima jpn,,,False,wc2026_official_squad_corrected,1999-07-28 00:00:00,,1.0,1.0,1.0,630.0,9.0,7.0,7.0,0.0,0.0,0.0,0.0,0.0,0.0,6.0,3.0,90.0,0.7777777777777778,0.7777777777777778,70.0,0.0,0.0,0.0,0.0,0.0,0.8571428571428572,0.4285714285714286,20.0,0.0,0.0,True,True,True,True,True,False,True,False,False,False,False,False,True,True
japan_tomoki_hayakawa,team_japan,Japan,Tomoki Hayakawa,Kashima Antlers (JPN),Goalkeeper,683271,Tomoki Hayakawa,https://www.transfermarkt.co.uk/tomoki-hayakawa/profil/spieler/683271,0.95,exact_name,False,27.0,187.0,right,Goalkeeper,,Kashima Antlers FC,tomoki hayakawa,kashima antlers jpn,,,False,wc2026_official_squad_corrected,1999-03-03 00:00:00,,,,,,,,,,,,,,,,,,,,,,,,,,,,,,,True,False,False,True,False,False,False,False,False,False,False,False,True,True
japan_zion_suzuki,team_japan,Japan,Zion Suzuki,Parma (ITA),Goalkeeper,432298,Zion Suzuki,https://www.transfermarkt.co.uk/zion-suzuki/profil/spieler/432298,0.91,exact_name,True,23.0,190.0,right,Goalkeeper,20000000.0,Parma Calcio 1913,zion suzuki,parma ita,,,False,wc2026_official_squad_corrected,2002-08-21 00:00:00,,7.0,3.0,2.0,6555.0,75.0,73.0,73.0,0.0,0.0,0.0,1.0,1.0,0.0,108.0,15.0,89.79452054794521,0.9733333333333334,0.9733333333333334,87.4,0.0,0.0,0.013729977116704806,0.013729977116704806,0.0,1.482837528604119,0.20594965675057209,27.0,0.0,0.0,True,True,True,True,True,False,True,False,False,False,False,False,True,True
japan_ao_tanaka,team_japan,Japan,Ao Tanaka,Leeds United FC (ENG),Midfielder,489359,Ao Tanaka,https://www.transfermarkt.co.uk/ao-tanaka/profil/spieler/489359,0.91,exact_name,True,27.0,180.0,right,Central Midfield,,Leeds United Association Football Club,ao tanaka,leeds united fc eng,,,False,wc2026_official_squad_corrected,1998-09-10 00:00:00,,8.0,3.0,2.0,1401.0,88.0,87.0,73.0,14.0,13.0,6.0,13.0,0.0,0.0,0.0,0.0,16.103448275862068,0.8295454545454546,0.9886363636363636,15.920454545454545,0.8351177730192719,0.3854389721627409,0.8351177730192719,0.0,0.0,0.0,0.0,46.0,10.0,0.21739130434782608,True,True,True,False,True,True,False,False,False,False,False,True,True,False
japan_daichi_kamada,team_japan,Japan,Daichi Kamada,Crystal Palace FC (ENG),Midfielder,356141,Daichi Kamada,https://www.transfermarkt.co.uk/daichi-kamada/profil/spieler/356141,0.86,exact_name,True,29.0,180.0,right,Attacking Midfield,12000000.0,Crystal Palace Football Club,daichi kamada,crystal palace fc eng,,,False,wc2026_official_squad_corrected,1996-08-05 00:00:00,,10.0,3.0,2.0,903.0,98.0,84.0,45.0,39.0,4.0,6.0,9.0,1.0,0.0,0.0,0.0,10.75,0.45918367346938777,0.8571428571428571,9.214285714285714,0.39867109634551495,0.5980066445182725,0.8970099667774086,0.09966777408637874,0.0,0.0,0.0,50.0,11.0,0.22,True,True,True,False,True,True,False,False,False,False,False,True,True,False
japan_daizen_maeda,team_japan,Japan,Daizen Maeda,Celtic FC (SCO),Midfielder,420931,Daizen Maeda,https://www.transfermarkt.co.uk/daizen-maeda/profil/spieler/420931,0.86,exact_name,True,28.0,173.0,right,Left Winger,14000000.0,The Celtic Football Club,daizen maeda,celtic fc sco,,,False,wc2026_official_squad_corrected,1997-10-20 00:00:00,,13.0,3.0,1.0,1121.0,95.0,94.0,86.0,8.0,44.0,18.0,9.0,2.0,0.0,0.0,0.0,11.925531914893616,0.9052631578947369,0.9894736842105263,11.8,3.5325602140945587,1.4451382694023194,0.7225691347011597,0.16057091882247992,0.0,0.0,0.0,,,,True,True,True,False,True,True,False,False,False,False,False,True,True,False
japan_junya_ito,team_japan,Japan,Junya Ito,KRC Genk (BEL),Midfielder,348791,Junya Ito,https://www.transfermarkt.co.uk/junya-ito/profil/spieler/348791,0.86,exact_name,True,33.0,177.0,right,Right Winger,3500000.0,Koninklijke Racing Club Genk,junya ito,krc genk bel,,,False,wc2026_official_squad_corrected,1993-03-09 00:00:00,,6.0,3.0,2.0,1671.0,75.0,74.0,70.0,4.0,8.0,13.0,4.0,0.0,0.0,0.0,0.0,22.58108108108108,0.9333333333333333,0.9866666666666667,22.28,0.43087971274685816,0.7001795332136445,0.21543985637342908,0.0,0.0,0.0,0.0,65.0,14.0,0.2153846153846154,True,True,True,False,True,True,False,False,False,False,False,True,True,False
japan_kaishu_sano,team_japan,Japan,Kaishu Sano,1. FSV Mainz 05 (GER),Midfielder,643574,Kaishu Sano,https://www.transfermarkt.co.uk/kaishu-sano/profil/spieler/643574,0.91,exact_name,True,25.0,176.0,right,Defensive Midfield,25000000.0,1. Fußball- und Sportverein Mainz 05,kaishu sano,1 fsv mainz 05 ger,,,False,wc2026_official_squad_corrected,2000-12-30 00:00:00,,5.0,2.0,1.0,0.0,41.0,41.0,41.0,0.0,0.0,0.0,3.0,0.0,0.0,0.0,0.0,0.0,1.0,1.0,0.0,,,,,,,,8.0,0.0,0.0,True,False,False,False,False,False,False,False,False,False,False,True,True,False
japan_keito_nakamura,team_japan,Japan,Keito Nakamura,Stade Reims (FRA),Midfielder,405397,Keito Nakamura,https://www.transfermarkt.co.uk/keito-nakamura/profil/spieler/405397,0.9,exact_name,True,25.0,180.0,right,Left Winger,8000000.0,Stade Reims,keito nakamura,stade reims fra,,,False,wc2026_official_squad_corrected,2000-07-28 00:00:00,,6.0,2.0,2.0,982.0,68.0,66.0,56.0,10.0,16.0,4.0,7.0,0.0,0.0,0.0,0.0,14.878787878787879,0.8235294117647058,0.9705882352941176,14.441176470588236,1.4663951120162932,0.3665987780040733,0.6415478615071284,0.0,0.0,0.0,0.0,40.0,17.0,0.425,True,True,True,False,True,True,False,False,False,False,False,True,True,False
japan_ritsu_doan,team_japan,Japan,Ritsu Doan,Eintracht Frankfurt (GER),Midfielder,358504,Ritsu Doan,https://www.transfermarkt.co.uk/ritsu-doan/profil/spieler/358504,0.9,exact_name,True,27.0,172.0,left,Right Winger,18000000.0,Eintracht Frankfurt Fußball AG,ritsu doan,eintracht frankfurt ger,,,False,wc2026_official_squad_corrected,1998-06-16 00:00:00,,7.0,3.0,2.0,1174.0,82.0,82.0,75.0,7.0,23.0,17.0,4.0,0.0,0.0,0.0,0.0,14.317073170731707,0.9146341463414634,1.0,14.317073170731707,1.7632027257240206,1.303236797274276,0.30664395229982966,0.0,0.0,0.0,0.0,101.0,23.0,0.22772277227722773,True,True,True,False,True,True,False,False,False,False,False,True,True,False
japan_takefusa_kubo,team_japan,Japan,Takefusa Kubo,Real Sociedad (ESP),Midfielder,405398,Takefusa Kubo,https://www.transfermarkt.co.uk/takefusa-kubo/profil/spieler/405398,0.86,exact_name,True,25.0,173.0,left,Right Winger,30000000.0,Real Sociedad de Fútbol S.A.D.,takefusa kubo,real sociedad esp,,,False,wc2026_official_squad_corrected,2001-06-04 00:00:00,,7.0,3.0,1.0,1369.0,103.0,96.0,76.0,20.0,15.0,9.0,9.0,0.0,0.0,0.0,0.0,14.260416666666666,0.7378640776699029,0.9320388349514563,13.29126213592233,0.9861212563915266,0.591672753834916,0.591672753834916,0.0,0.0,0.0,0.0,92.0,26.0,0.2826086956521739,True,True,True,False,True,True,False,False,False,False,False,True,True,False
japan_wataru_endo,team_japan,Japan,Wataru Endo,Liverpool FC (ENG),Midfielder,146310,Wataru Endo,https://www.transfermarkt.co.uk/wataru-endo/profil/spieler/146310,0.91,exact_name,True,33.0,178.0,right,Defensive Midfield,5000000.0,Liverpool Football Club,wataru endo,liverpool fc eng,,,False,wc2026_official_squad_corrected,1993-02-09 00:00:00,,11.0,3.0,2.0,2397.0,108.0,80.0,42.0,38.0,3.0,2.0,14.0,0.0,0.0,0.0,0.0,29.9625,0.3888888888888889,0.7407407407407407,22.194444444444443,0.11264080100125157,0.0750938673341677,0.5256570713391739,0.0,0.0,0.0,0.0,97.0,5.0,0.05154639175257732,True,True,True,False,True,True,False,False,False,False,False,True,True,False
japan_yuito_suzuki,team_japan,Japan,Yuito Suzuki,SC Freiburg (GER),Midfielder,668606,Yuito Suzuki,https://www.transfermarkt.co.uk/yuito-suzuki/profil/spieler/668606,0.86,exact_name,True,24.0,175.0,right,Second Striker,15000000.0,Sport-Club Freiburg,yuito suzuki,sc freiburg ger,,,False,wc2026_official_squad_corrected,2001-10-25 00:00:00,,10.0,3.0,3.0,1155.0,78.0,75.0,63.0,12.0,24.0,17.0,7.0,0.0,1.0,0.0,0.0,15.4,0.8076923076923077,0.9615384615384616,14.807692307692308,1.87012987012987,1.3246753246753247,0.5454545454545454,0.0,0.07792207792207792,0.0,0.0,,,,True,True,True,False,True,True,False,False,False,False,False,True,True,False
jordan_abdallah_nasib,team_jordan,Jordan,Abdallah Nasib,Al Zawra'a SC (IRQ),Defender,882197,Abdallah Nasib,https://www.transfermarkt.co.uk/abdallah-nasib/profil/spieler/882197,0.91,exact_name,True,32.0,183.0,right,Centre-Back,,,abdallah nasib,al zawra a sc irq,,,False,wc2026_official_squad_corrected,1994-02-25 00:00:00,,,,,,,,,,,,,,,,,,,,,,,,,,,,,,,True,False,False,False,False,False,False,False,False,False,False,True,True,False
jordan_anas_badawi,team_jordan,Jordan,Anas Badawi,Al Faisaly SC (JOR),Defender,,,,0.0,unmatched,True,,,,,,,anas badawi,al faisaly sc jor,,,False,wc2026_official_squad_corrected,,,,,,,,,,,,,,,,,,,,,,,,,,,,,,,,False,False,False,False,False,False,False,False,False,False,False,True,True,False
jordan_ehsan_haddad,team_jordan,Jordan,Ehsan Haddad,Al Hussein SC (JOR),Defender,310943,Ehsan Haddad,https://www.transfermarkt.co.uk/ehsan-haddad/profil/spieler/310943,0.91,exact_name,True,32.0,181.0,right,Right-Back,,,ehsan haddad,al hussein sc jor,,,False,wc2026_official_squad_corrected,1994-02-05 00:00:00,,,,,,,,,,,,,,,,,,,,,,,,,,,,,,,True,False,False,False,False,False,False,False,False,False,False,True,True,False
jordan_husam_abudahab,team_jordan,Jordan,Husam Abudahab,Al Faisaly SC (JOR),Defender,895291,Husam Abu Dahab,https://www.transfermarkt.co.uk/husam-abu-dahab/profil/spieler/895291,0.8831,near_name,True,26.0,186.0,left,Centre-Back,,,husam abudahab,al faisaly sc jor,,,False,wc2026_official_squad_corrected,2000-05-13 00:00:00,,,,,,,,,,,,,,,,,,,,,,,,,,,,,,,True,False,False,False,False,False,False,False,False,False,False,True,True,False
jordan_mohammad_abualnadi,team_jordan,Jordan,Mohammad Abualnadi,Selangor FC (MAS),Defender,658052,Mohammad Abualnadi,https://www.transfermarkt.co.uk/mohammad-abualnadi/profil/spieler/658052,0.91,exact_name,True,25.0,186.0,left,Centre-Back,,,mohammad abualnadi,selangor fc mas,,,False,wc2026_official_squad_corrected,2001-02-08 00:00:00,,5.0,2.0,1.0,0.0,19.0,17.0,11.0,6.0,0.0,1.0,0.0,0.0,0.0,0.0,0.0,0.0,0.5789473684210527,0.8947368421052632,0.0,,,,,,,,,,,True,False,False,False,False,False,False,False,False,False,False,True,True,False
jordan_mohammad_abuhasheesh,team_jordan,Jordan,Mohammad Abuhasheesh,Al Karma SC (IRQ),Defender,895249,Mohammad Abu Hasheesh,https://www.transfermarkt.co.uk/mohammad-abu-hasheesh/profil/spieler/895249,0.891,near_name,True,31.0,178.0,left,Left-Back,,,mohammad abuhasheesh,al karma sc irq,,,False,wc2026_official_squad_corrected,1995-05-09 00:00:00,,,,,,,,,,,,,,,,,,,,,,,,,,,,,,,True,False,False,False,False,False,False,False,False,False,False,True,True,False
jordan_saed_alrosan,team_jordan,Jordan,Saed Alrosan,Al Hussein SC (JOR),Defender,561481,Saed Al-Rosan,https://www.transfermarkt.co.uk/saed-al-rosan/profil/spieler/561481,0.8788,near_name,True,29.0,188.0,right,Centre-Back,,,saed alrosan,al hussein sc jor,,,False,wc2026_official_squad_corrected,1997-02-01 00:00:00,,,,,,,,,,,,,,,,,,,,,,,,,,,,,,,True,False,False,False,False,False,False,False,False,False,False,True,True,False
jordan_saleem_obaid,team_jordan,Jordan,Saleem Obaid,Al Hussein SC (JOR),Defender,658807,Saleem Obaid,https://www.transfermarkt.co.uk/saleem-obaid/profil/spieler/658807,0.91,exact_name,True,34.0,185.0,left,Centre-Back,,,saleem obaid,al hussein sc jor,,,False,wc2026_official_squad_corrected,1992-01-17 00:00:00,,,,,,,,,,,,,,,,,,,,,,,,,,,,,,,True,False,False,False,False,False,False,False,False,False,False,True,True,False
jordan_yazan_alarab,team_jordan,Jordan,Yazan Alarab,FC Seoul (KOR),Defender,539961,Yazan Al-Arab,https://www.transfermarkt.co.uk/yazan-al-arab/profil/spieler/539961,0.8788,near_name,True,30.0,187.0,left,Centre-Back,,Football Club Seoul,yazan alarab,fc seoul kor,,,False,wc2026_official_squad_corrected,1996-01-31 00:00:00,,,,,,,,,,,,,,,,,,,,,,,,,,,,,,,True,False,False,False,False,False,False,False,False,False,False,True,True,False
jordan_ali_azaizeh,team_jordan,Jordan,Ali Azaizeh,Al Shabab FC (KSA),Forward,1059056,Ali Azaizeh,https://www.transfermarkt.co.uk/ali-azaizeh/profil/spieler/1059056,0.91,exact_name,True,22.0,179.0,left,Right Winger,,Al-Shabab Club,ali azaizeh,al shabab fc ksa,,,False,wc2026_official_squad_corrected,2004-04-13 00:00:00,,,,,,,,,,,,,,,,,,,,,,,,,,,,,,,True,False,False,False,False,False,False,False,False,False,False,True,True,False
jordan_ali_olwan,team_jordan,Jordan,Ali Olwan,Al Sailiya SC (QAT),Forward,664057,Ali Olwan,https://www.transfermarkt.co.uk/ali-olwan/profil/spieler/664057,0.91,exact_name,True,26.0,182.0,right,Centre-Forward,,,ali olwan,al sailiya sc qat,,,False,wc2026_official_squad_corrected,2000-03-26 00:00:00,,,,,,,,,,,,,,,,,,,,,,,,,,,,,,,True,False,False,False,False,False,False,False,False,False,False,True,True,False
jordan_ibrahim_sabra,team_jordan,Jordan,Ibrahim Sabra,NK Lokomotiva Zagreb (CRO),Forward,1142382,Ibrahim Sabra,https://www.transfermarkt.co.uk/ibrahim-sabra/profil/spieler/1142382,0.99,exact_name,False,20.0,184.0,right,Centre-Forward,,NK Lokomotiva Zagreb,ibrahim sabra,nk lokomotiva zagreb cro,,,False,wc2026_official_squad_corrected,2006-02-01 00:00:00,,3.0,2.0,2.0,350.0,31.0,30.0,15.0,15.0,10.0,3.0,2.0,0.0,0.0,0.0,0.0,11.666666666666666,0.4838709677419355,0.967741935483871,11.290322580645162,2.571428571428571,0.7714285714285715,0.5142857142857142,0.0,0.0,0.0,0.0,,,,True,True,False,False,False,False,False,False,False,False,False,True,True,False
jordan_mahmoud_almardi,team_jordan,Jordan,Mahmoud Almardi,Al Hussein SC (JOR),Forward,401086,Mahmoud Al-Mardi,https://www.transfermarkt.co.uk/mahmoud-al-mardi/profil/spieler/401086,0.8848,near_name,True,32.0,178.0,right,Left Winger,,,mahmoud almardi,al hussein sc jor,,,False,wc2026_official_squad_corrected,1993-10-06 00:00:00,,,,,,,,,,,,,,,,,,,,,,,,,,,,,,,True,False,False,False,False,False,False,False,False,False,False,True,True,False
jordan_mohammad_abuzraiq,team_jordan,Jordan,Mohammad Abuzraiq,Raja Casablanca (MAR),Forward,,,,0.0,unmatched,True,,,,,,,mohammad abuzraiq,raja casablanca mar,,,False,wc2026_official_squad_corrected,,,,,,,,,,,,,,,,,,,,,,,,,,,,,,,,False,False,False,False,False,False,False,False,False,False,False,True,True,False
jordan_mousa_altamari,team_jordan,Jordan,Mousa Altamari,Stade Rennais FC (FRA),Forward,551505,Mousa Tamari,https://www.transfermarkt.co.uk/mousa-tamari/profil/spieler/551505,0.85,near_name,True,28.0,178.0,left,Right Winger,6000000.0,Stade Rennais Football Club,mousa altamari,stade rennais fc fra,,,False,wc2026_official_squad_corrected,1997-06-10 00:00:00,,5.0,3.0,2.0,1516.0,56.0,56.0,46.0,10.0,8.0,5.0,5.0,0.0,0.0,0.0,0.0,27.071428571428573,0.8214285714285714,1.0,27.071428571428573,0.47493403693931396,0.29683377308707126,0.29683377308707126,0.0,0.0,0.0,0.0,79.0,24.0,0.3037974683544304,True,True,True,False,True,True,False,False,False,False,False,True,True,False
jordan_odeh_fakhoury,team_jordan,Jordan,Odeh Fakhoury,Pyramids FC (EGY),Forward,1252820,Odeh Fakhoury,https://www.transfermarkt.co.uk/odeh-fakhoury/profil/spieler/1252820,0.91,exact_name,True,20.0,180.0,right,Left Winger,,,odeh fakhoury,pyramids fc egy,,,False,wc2026_official_squad_corrected,2005-11-20 00:00:00,,,,,,,,,,,,,,,,,,,,,,,,,,,,,,,True,False,False,False,False,False,False,False,False,False,False,True,True,False
jordan_abdallah_alfakhori,team_jordan,Jordan,Abdallah Alfakhori,Al Wahdat SC (JOR),Goalkeeper,658805,Abdallah Al-Fakhouri,https://www.transfermarkt.co.uk/abdallah-al-fakhouri/profil/spieler/658805,0.8689,near_name,True,26.0,187.0,right,Goalkeeper,,,abdallah alfakhori,al wahdat sc jor,,,False,wc2026_official_squad_corrected,2000-01-22 00:00:00,,,,,,,,,,,,,,,,,,,,,,,,,,,,,,,True,False,False,True,False,False,False,False,False,False,False,False,True,True
jordan_nour_baniateyah,team_jordan,Jordan,Nour Baniateyah,Al Faisaly SC (JOR),Goalkeeper,,,,0.0,unmatched,True,,,,,,,nour baniateyah,al faisaly sc jor,,,False,wc2026_official_squad_corrected,,,,,,,,,,,,,,,,,,,,,,,,,,,,,,,,False,False,False,True,False,False,False,False,False,False,False,False,True,True
jordan_yazeed_abulaila,team_jordan,Jordan,Yazeed Abulaila,Al Hussein SC (JOR),Goalkeeper,261850,Yazeed Abulaila,https://www.transfermarkt.co.uk/yazeed-abulaila/profil/spieler/261850,0.91,exact_name,True,33.0,189.0,right,Goalkeeper,,,yazeed abulaila,al hussein sc jor,,,False,wc2026_official_squad_corrected,1993-01-08 00:00:00,,,,,,,,,,,,,,,,,,,,,,,,,,,,,,,True,False,False,True,False,False,False,False,False,False,False,False,True,True
jordan_amer_jamous,team_jordan,Jordan,Amer Jamous,Al Zawra'a SC (IRQ),Midfielder,744040,Amer Jamous,https://www.transfermarkt.co.uk/amer-jamous/profil/spieler/744040,0.91,exact_name,True,23.0,174.0,right,Central Midfield,,,amer jamous,al zawra a sc irq,,,False,wc2026_official_squad_corrected,2002-07-03 00:00:00,,,,,,,,,,,,,,,,,,,,,,,,,,,,,,,True,False,False,False,False,False,False,False,False,False,False,True,True,False
jordan_ibrahim_sadeh,team_jordan,Jordan,Ibrahim Sadeh,Al Karma SC (IRQ),Midfielder,709974,Ibrahim Saadeh,https://www.transfermarkt.co.uk/ibrahim-saadeh/profil/spieler/709974,0.8811,near_name,True,26.0,181.0,right,Central Midfield,,,ibrahim sadeh,al karma sc irq,,,False,wc2026_official_squad_corrected,2000-04-27 00:00:00,,,,,,,,,,,,,,,,,,,,,,,,,,,,,,,True,False,False,False,False,False,False,False,False,False,False,True,True,False
jordan_mohammad_aldaoud,team_jordan,Jordan,Mohammad Aldaoud,Al Wahdat SC (JOR),Midfielder,310801,Mohammad Al-Dawoud,https://www.transfermarkt.co.uk/mohammad-al-dawoud/profil/spieler/310801,0.8641,near_name,True,33.0,177.0,right,Central Midfield,,,mohammad aldaoud,al wahdat sc jor,,,False,wc2026_official_squad_corrected,1992-12-04 00:00:00,,,,,,,,,,,,,,,,,,,,,,,,,,,,,,,True,False,False,False,False,False,False,False,False,False,False,True,True,False
jordan_mohannad_abutaha,team_jordan,Jordan,Mohannad Abutaha,Al-Quwa Al-Jawiya (IRQ),Midfielder,,,,0.0,unmatched,True,,,,,,,mohannad abutaha,al quwa al jawiya irq,,,False,wc2026_official_squad_corrected,,,,,,,,,,,,,,,,,,,,,,,,,,,,,,,,False,False,False,False,False,False,False,False,False,False,False,True,True,False
jordan_nizar_alrashdan,team_jordan,Jordan,Nizar Alrashdan,Qatar SC (QAT),Midfielder,734751,Nizar Al-Rashdan,https://www.transfermarkt.co.uk/nizar-al-rashdan/profil/spieler/734751,0.8848,near_name,True,27.0,185.0,right,Defensive Midfield,,,nizar alrashdan,qatar sc qat,,,False,wc2026_official_squad_corrected,1999-03-23 00:00:00,,,,,,,,,,,,,,,,,,,,,,,,,,,,,,,True,False,False,False,False,False,False,False,False,False,False,True,True,False
jordan_noor_alrawabdeh,team_jordan,Jordan,Noor Alrawabdeh,Selangor FC (MAS),Midfielder,561485,Noor Al-Rawabdeh,https://www.transfermarkt.co.uk/noor-al-rawabdeh/profil/spieler/561485,0.8848,near_name,True,29.0,183.0,right,Central Midfield,,,noor alrawabdeh,selangor fc mas,,,False,wc2026_official_squad_corrected,1997-02-24 00:00:00,,,,,,,,,,,,,,,,,,,,,,,,,,,,,,,True,False,False,False,False,False,False,False,False,False,False,True,True,False
jordan_rajaei_ayed,team_jordan,Jordan,Rajaei Ayed,Al Hussein SC (JOR),Midfielder,261842,Rajaei Ayed,https://www.transfermarkt.co.uk/rajaei-ayed/profil/spieler/261842,0.91,exact_name,True,32.0,180.0,right,Central Midfield,,,rajaei ayed,al hussein sc jor,,,False,wc2026_official_squad_corrected,1993-07-25 00:00:00,,3.0,2.0,1.0,0.0,34.0,28.0,24.0,4.0,0.0,2.0,3.0,0.0,0.0,0.0,0.0,0.0,0.7058823529411765,0.8235294117647058,0.0,,,,,,,,64.0,1.0,0.015625,True,False,False,False,False,False,False,False,False,False,False,True,True,False
mexico_cesar_montes,team_mexico,Mexico,Cesar Montes,FC Lokomotiv Moscow (RUS),Defender,387687,César Montes,https://www.transfermarkt.co.uk/cesar-montes/profil/spieler/387687,0.91,exact_name,True,29.0,195.0,right,Centre-Back,7000000.0,"Футбольный клуб ""Локомотив"" Москва",cesar montes,fc lokomotiv moscow rus,,,False,wc2026_official_squad_corrected,1997-02-24 00:00:00,,7.0,3.0,2.0,145.0,71.0,50.0,48.0,2.0,2.0,1.0,7.0,1.0,0.0,0.0,0.0,2.9,0.676056338028169,0.704225352112676,2.0422535211267605,1.2413793103448276,0.6206896551724138,4.344827586206897,0.6206896551724138,0.0,0.0,0.0,74.0,4.0,0.05405405405405406,True,True,False,False,False,False,False,False,False,False,False,True,True,False
mexico_edson_alvarez,team_mexico,Mexico,Edson Alvarez,Fenerbahçe SK (TUR),Defender,401356,Edson Álvarez,https://www.transfermarkt.co.uk/edson-alvarez/profil/spieler/401356,0.86,exact_name,True,28.0,190.0,right,Defensive Midfield,22000000.0,Fenerbahçe Spor Kulübü,edson alvarez,fenerbahce sk tur,,,False,wc2026_official_squad_corrected,1997-10-24 00:00:00,,9.0,3.0,2.0,2885.0,78.0,74.0,61.0,13.0,2.0,3.0,24.0,2.0,0.0,0.0,0.0,38.986486486486484,0.782051282051282,0.9487179487179487,36.98717948717949,0.06239168110918544,0.09358752166377816,0.7487001733102253,0.06239168110918544,0.0,0.0,0.0,105.0,9.0,0.08571428571428572,True,True,True,False,True,True,False,False,False,False,False,True,True,False
mexico_israel_reyes,team_mexico,Mexico,Israel Reyes,Club América (MEX),Defender,687558,Israel Reyes,https://www.transfermarkt.co.uk/israel-reyes/profil/spieler/687558,0.91,exact_name,True,26.0,180.0,right,Right-Back,,Club de Futbol América S. A. de C. V.,israel reyes,club america mex,,,False,wc2026_official_squad_corrected,2000-05-23 00:00:00,,12.0,3.0,1.0,2683.0,97.0,87.0,74.0,13.0,3.0,1.0,7.0,1.0,0.0,0.0,0.0,30.839080459770116,0.7628865979381443,0.8969072164948454,27.65979381443299,0.10063361908311591,0.03354453969437197,0.23481177786060378,0.03354453969437197,0.0,0.0,0.0,24.0,2.0,0.08333333333333333,True,True,True,False,True,True,False,False,False,False,False,True,True,False
mexico_jesus_gallardo,team_mexico,Mexico,Jesus Gallardo,Deportivo Toluca FC (MEX),Defender,344854,Jesús Gallardo,https://www.transfermarkt.co.uk/jesus-gallardo/profil/spieler/344854,0.91,exact_name,True,31.0,178.0,left,Left-Back,,"Deportivo Toluca Futbol Club, S. A. de C. V.",jesus gallardo,deportivo toluca fc mex,,,False,wc2026_official_squad_corrected,1994-08-15 00:00:00,,10.0,3.0,2.0,2843.0,86.0,82.0,70.0,12.0,13.0,12.0,15.0,0.0,0.0,0.0,0.0,34.670731707317074,0.813953488372093,0.9534883720930233,33.05813953488372,0.41153710868800564,0.3798804080196975,0.47485051002462186,0.0,0.0,0.0,0.0,109.0,2.0,0.01834862385321101,True,True,True,False,True,True,False,False,False,False,False,True,True,False
mexico_johan_vasquez,team_mexico,Mexico,Johan Vasquez,Genoa CFC (ITA),Defender,532937,Johan Vásquez,https://www.transfermarkt.co.uk/johan-vasquez/profil/spieler/532937,0.91,exact_name,True,27.0,185.0,left,Centre-Back,10000000.0,Genoa Cricket and Football Club,johan vasquez,genoa cfc ita,,,False,wc2026_official_squad_corrected,1998-10-22 00:00:00,,6.0,3.0,1.0,3957.0,80.0,78.0,71.0,7.0,5.0,1.0,16.0,0.0,0.0,0.0,0.0,50.73076923076923,0.8875,0.975,49.4625,0.11372251705837756,0.02274450341167551,0.36391205458680814,0.0,0.0,0.0,0.0,48.0,3.0,0.0625,True,True,True,False,True,True,False,False,False,False,False,True,True,False
mexico_jorge_sanchez,team_mexico,Mexico,Jorge Sanchez,PAOK Saloniki (GRE),Defender,356044,Jorge Sánchez,https://www.transfermarkt.co.uk/jorge-sanchez/profil/spieler/356044,0.91,exact_name,True,28.0,181.0,right,Right-Back,3500000.0,Panthessalonikios Athlitikos Omilos Konstantinoupoliton,jorge sanchez,paok saloniki gre,,,False,wc2026_official_squad_corrected,1997-12-10 00:00:00,,11.0,3.0,3.0,1822.0,82.0,70.0,50.0,20.0,2.0,6.0,9.0,1.0,0.0,0.0,0.0,26.02857142857143,0.6097560975609756,0.8536585365853658,22.21951219512195,0.09879253567508232,0.29637760702524696,0.44456641053787044,0.04939626783754116,0.0,0.0,0.0,65.0,2.0,0.03076923076923077,True,True,True,False,True,True,False,False,False,False,False,True,True,False
mexico_mateo_chavez,team_mexico,Mexico,Mateo Chavez,AZ Alkmaar (NED),Defender,1066953,Mateo Chávez,https://www.transfermarkt.co.uk/mateo-chavez/profil/spieler/1066953,0.91,exact_name,True,22.0,177.0,left,Left-Back,,Alkmaar Zaanstreek,mateo chavez,az alkmaar ned,,,False,wc2026_official_squad_corrected,2004-05-12 00:00:00,,11.0,3.0,4.0,526.0,79.0,67.0,52.0,15.0,2.0,5.0,19.0,2.0,0.0,0.0,0.0,7.850746268656716,0.6582278481012658,0.8481012658227848,6.658227848101266,0.34220532319391633,0.8555133079847909,3.250950570342205,0.34220532319391633,0.0,0.0,0.0,6.0,0.0,0.0,True,True,True,False,True,True,False,False,False,False,False,True,True,False
mexico_alexis_vega,team_mexico,Mexico,Alexis Vega,Deportivo Toluca FC (MEX),Forward,424689,Alexis Vega,https://www.transfermarkt.co.uk/alexis-vega/profil/spieler/424689,0.91,exact_name,True,28.0,174.0,right,Left Winger,,"Deportivo Toluca Futbol Club, S. A. de C. V.",alexis vega,deportivo toluca fc mex,,,False,wc2026_official_squad_corrected,1997-11-25 00:00:00,,10.0,3.0,2.0,1510.0,74.0,74.0,60.0,14.0,24.0,23.0,11.0,1.0,4.0,0.0,0.0,20.405405405405407,0.8108108108108109,1.0,20.405405405405407,1.4304635761589404,1.370860927152318,0.6556291390728477,0.059602649006622516,0.23841059602649006,0.0,0.0,51.0,10.0,0.19607843137254902,True,True,True,False,True,True,False,False,False,False,False,True,True,False
mexico_armando_gonzalez,team_mexico,Mexico,Armando Gonzalez,CD Guadalajara (MEX),Forward,837619,Armando González,https://www.transfermarkt.co.uk/armando-gonzalez/profil/spieler/837619,0.91,exact_name,True,23.0,179.0,right,Centre-Forward,,Club Deportivo Guadalajara S. A. de C. V.,armando gonzalez,cd guadalajara mex,,,False,wc2026_official_squad_corrected,2003-04-20 00:00:00,,11.0,3.0,2.0,621.0,76.0,57.0,37.0,20.0,31.0,2.0,8.0,0.0,1.0,0.0,0.0,10.894736842105264,0.4868421052631579,0.75,8.171052631578947,4.492753623188406,0.2898550724637681,1.1594202898550725,0.0,0.14492753623188406,0.0,0.0,,,,True,True,True,False,True,True,False,False,False,False,False,True,True,False
mexico_cesar_huerta,team_mexico,Mexico,Cesar Huerta,RSC Anderlecht (BEL),Forward,540315,César Huerta,https://www.transfermarkt.co.uk/cesar-huerta/profil/spieler/540315,0.91,exact_name,True,25.0,171.0,right,Left Winger,5000000.0,Royal Sporting Club Anderlecht,cesar huerta,rsc anderlecht bel,,,False,wc2026_official_squad_corrected,2000-12-03 00:00:00,,12.0,3.0,2.0,3143.0,84.0,81.0,70.0,11.0,20.0,16.0,20.0,1.0,5.0,0.0,0.0,38.80246913580247,0.8333333333333334,0.9642857142857143,37.416666666666664,0.5727012408526885,0.4581609926821508,0.5727012408526885,0.028635062042634427,0.14317531021317212,0.0,0.0,33.0,4.0,0.12121212121212122,True,True,True,False,True,True,False,False,False,False,False,True,True,False
mexico_guillermo_martinez,team_mexico,Mexico,Guillermo Martinez,Pumas UNAM (MEX),Forward,347932,Guillermo Martínez,https://www.transfermarkt.co.uk/guillermo-martinez/profil/spieler/347932,0.91,exact_name,True,31.0,190.0,left,Centre-Forward,,Club Universidad Nacional A. C.,guillermo martinez,pumas unam mex,,,False,wc2026_official_squad_corrected,1995-03-15 00:00:00,,10.0,3.0,2.0,1850.0,82.0,82.0,62.0,20.0,33.0,3.0,22.0,1.0,5.0,0.0,0.0,22.5609756097561,0.7560975609756098,1.0,22.5609756097561,1.6054054054054057,0.14594594594594593,1.0702702702702702,0.04864864864864865,0.24324324324324326,0.0,0.0,18.0,6.0,0.3333333333333333,True,True,True,False,True,True,False,False,False,False,False,True,True,False
mexico_julian_quinones,team_mexico,Mexico,Julian Quinones,Al Qadsiah FC (KSA),Forward,416090,Julián Quiñones,https://www.transfermarkt.co.uk/julian-quinones/profil/spieler/416090,0.91,exact_name,True,29.0,180.0,right,Centre-Forward,,Al-Qadsiah Saudi Football Club,julian quinones,al qadsiah fc ksa,,,False,wc2026_official_squad_corrected,1997-03-24 00:00:00,,9.0,3.0,2.0,1130.0,84.0,83.0,74.0,9.0,47.0,17.0,13.0,1.0,6.0,0.0,0.0,13.614457831325302,0.8809523809523809,0.9880952380952381,13.452380952380953,3.743362831858407,1.3539823008849556,1.0353982300884956,0.07964601769911504,0.47787610619469023,0.0,0.0,,,,True,True,True,False,True,True,False,False,False,False,False,True,True,False
mexico_raul_jimenez,team_mexico,Mexico,Raul Jimenez,Fulham FC (ENG),Forward,206040,Raúl Jiménez,https://www.transfermarkt.co.uk/raul-jimenez/profil/spieler/206040,0.91,exact_name,True,35.0,187.0,right,Centre-Forward,4000000.0,Fulham Football Club,raul jimenez,fulham fc eng,,,False,wc2026_official_squad_corrected,1991-05-05 00:00:00,,8.0,3.0,1.0,667.0,83.0,76.0,53.0,23.0,22.0,3.0,8.0,1.0,5.0,0.0,0.0,8.776315789473685,0.6385542168674698,0.9156626506024096,8.036144578313253,2.9685157421289357,0.4047976011994003,1.0794602698650675,0.13493253373313344,0.6746626686656672,0.0,0.0,127.0,43.0,0.33858267716535434,True,True,True,False,True,True,False,False,False,False,False,True,True,False
mexico_roberto_alvarado,team_mexico,Mexico,Roberto Alvarado,CD Guadalajara (MEX),Forward,353583,Roberto Alvarado,https://www.transfermarkt.co.uk/roberto-alvarado/profil/spieler/353583,0.91,exact_name,True,27.0,176.0,left,Right Winger,,Club Deportivo Guadalajara S. A. de C. V.,roberto alvarado,cd guadalajara mex,,,False,wc2026_official_squad_corrected,1998-09-07 00:00:00,,10.0,3.0,1.0,1657.0,80.0,78.0,76.0,2.0,22.0,15.0,14.0,0.0,8.0,0.0,0.0,21.243589743589745,0.95,0.975,20.7125,1.1949305974652986,0.8147254073627037,0.7604103802051901,0.0,0.43452021726010864,0.0,0.0,68.0,8.0,0.11764705882352941,True,True,True,False,True,True,False,False,False,False,False,True,True,False
mexico_santiago_gimenez,team_mexico,Mexico,Santiago Gimenez,AC Milan (ITA),Forward,552955,Santiago Gimenez,https://www.transfermarkt.co.uk/santiago-gimenez/profil/spieler/552955,0.91,exact_name,True,25.0,183.0,left,Centre-Forward,40000000.0,Associazione Calcio Milan,santiago gimenez,ac milan ita,,,False,wc2026_official_squad_corrected,2001-04-18 00:00:00,,14.0,3.0,2.0,915.0,83.0,82.0,66.0,16.0,48.0,15.0,12.0,1.0,7.0,0.0,0.0,11.158536585365853,0.7951807228915663,0.9879518072289156,11.024096385542169,4.721311475409836,1.4754098360655739,1.180327868852459,0.09836065573770492,0.6885245901639344,0.0,0.0,44.0,6.0,0.13636363636363635,True,True,True,False,True,True,False,False,False,False,False,True,True,False
mexico_carlos_acevedo,team_mexico,Mexico,Carlos Acevedo,Club Santos Laguna (MEX),Goalkeeper,356042,Carlos Acevedo,https://www.transfermarkt.co.uk/carlos-acevedo/profil/spieler/356042,0.95,exact_name,False,30.0,184.0,right,Goalkeeper,,Club Santos Laguna S. A. de C. V.,carlos acevedo,club santos laguna mex,,,False,wc2026_official_squad_corrected,1996-04-19 00:00:00,,6.0,3.0,1.0,5785.0,66.0,65.0,65.0,0.0,0.0,0.0,2.0,0.0,0.0,118.0,10.0,89.0,0.9848484848484849,0.9848484848484849,87.65151515151516,0.0,0.0,0.03111495246326707,0.0,0.0,1.835782195332757,0.15557476231633535,,,,True,True,True,True,True,False,True,False,False,False,False,False,True,True
mexico_guillermo_ochoa,team_mexico,Mexico,Guillermo Ochoa,AEL Limassol (CYP),Goalkeeper,29559,Guillermo Ochoa,https://www.transfermarkt.co.uk/guillermo-ochoa/profil/spieler/29559,0.91,exact_name,True,40.0,185.0,right,Goalkeeper,1000000.0,,guillermo ochoa,ael limassol cyp,,,False,wc2026_official_squad_corrected,1985-07-13 00:00:00,,4.0,2.0,2.0,3960.0,52.0,44.0,44.0,0.0,0.0,0.0,4.0,0.0,0.0,89.0,7.0,90.0,0.8461538461538461,0.8461538461538461,76.15384615384616,0.0,0.0,0.09090909090909091,0.0,0.0,2.0227272727272725,0.1590909090909091,167.0,0.0,0.0,True,True,True,True,True,False,True,False,False,False,False,False,True,True
mexico_raul_rangel,team_mexico,Mexico,Raul Rangel,CD Guadalajara (MEX),Goalkeeper,802855,Raúl Rangel,https://www.transfermarkt.co.uk/raul-rangel/profil/spieler/802855,0.91,exact_name,True,26.0,190.0,right,Goalkeeper,,Club Deportivo Guadalajara S. A. de C. V.,raul rangel,cd guadalajara mex,,,False,wc2026_official_squad_corrected,2000-02-25 00:00:00,,11.0,3.0,3.0,6496.0,82.0,73.0,73.0,0.0,0.0,0.0,8.0,1.0,0.0,75.0,28.0,88.98630136986301,0.8902439024390244,0.8902439024390244,79.21951219512195,0.0,0.0,0.11083743842364532,0.013854679802955665,0.0,1.0391009852216748,0.3879310344827586,3.0,0.0,0.0,True,True,True,True,True,False,True,False,False,False,False,False,True,True
mexico_alvaro_fidalgo,team_mexico,Mexico,Alvaro Fidalgo,Real Betis (ESP),Midfielder,261503,Álvaro Fidalgo,https://www.transfermarkt.co.uk/alvaro-fidalgo/profil/spieler/261503,0.91,exact_name,True,29.0,174.0,right,Central Midfield,7000000.0,Real Betis Balompié S.A.D.,alvaro fidalgo,real betis esp,,,False,wc2026_official_squad_corrected,1997-04-09 00:00:00,,12.0,3.0,1.0,4305.0,105.0,103.0,92.0,11.0,13.0,15.0,3.0,0.0,0.0,0.0,0.0,41.79611650485437,0.8761904761904762,0.9809523809523809,41.0,0.27177700348432055,0.313588850174216,0.0627177700348432,0.0,0.0,0.0,0.0,2.0,0.0,0.0,True,True,True,False,True,True,False,False,False,False,False,True,True,False
mexico_brian_gutierrez,team_mexico,Mexico,Brian Gutierrez,CD Guadalajara (MEX),Midfielder,724443,Brian Gutiérrez,https://www.transfermarkt.co.uk/brian-gutierrez/profil/spieler/724443,0.86,exact_name,True,22.0,182.0,right,Attacking Midfield,,Club Deportivo Guadalajara S. A. de C. V.,brian gutierrez,cd guadalajara mex,,,False,wc2026_official_squad_corrected,2003-06-17 00:00:00,,,,,,,,,,,,,,,,,,,,,,,,,,,,14.0,2.0,0.14285714285714285,True,False,False,False,False,False,False,False,False,False,False,True,True,False
mexico_erik_lira,team_mexico,Mexico,Erik Lira,CF Cruz Azul (MEX),Midfielder,602324,Érik Lira,https://www.transfermarkt.co.uk/erik-lira/profil/spieler/602324,0.91,exact_name,True,26.0,172.0,right,Defensive Midfield,,Club de Fútbol Cruz Azul S.A. de C.V.,erik lira,cf cruz azul mex,,,False,wc2026_official_squad_corrected,2000-05-08 00:00:00,,9.0,3.0,1.0,1305.0,90.0,88.0,76.0,12.0,1.0,0.0,12.0,0.0,0.0,0.0,0.0,14.829545454545455,0.8444444444444444,0.9777777777777777,14.5,0.06896551724137931,0.0,0.8275862068965517,0.0,0.0,0.0,0.0,,,,True,True,True,False,True,True,False,False,False,False,False,True,True,False
mexico_gilberto_mora,team_mexico,Mexico,Gilberto Mora,Club Tijuana (MEX),Midfielder,1155723,Gilberto Mora,https://www.transfermarkt.co.uk/gilberto-mora/profil/spieler/1155723,0.86,exact_name,True,17.0,168.0,right,Attacking Midfield,,Club Tijuana Xoloitzcuintles de Caliente,gilberto mora,club tijuana mex,,,False,wc2026_official_squad_corrected,2008-10-14 00:00:00,,4.0,2.0,1.0,1516.0,40.0,37.0,18.0,19.0,5.0,1.0,1.0,0.0,0.0,0.0,0.0,40.972972972972975,0.45,0.925,37.9,0.29683377308707126,0.059366754617414245,0.059366754617414245,0.0,0.0,0.0,0.0,,,,True,True,True,False,True,True,False,False,False,False,False,True,True,False
mexico_luis_chavez,team_mexico,Mexico,Luis Chavez,FC Dynamo Moscow (RUS),Midfielder,331059,Luis Chávez,https://www.transfermarkt.co.uk/luis-chavez/profil/spieler/331059,0.91,exact_name,True,30.0,178.0,left,Defensive Midfield,9000000.0,FK Dinamo Moskva,luis chavez,fc dynamo moscow rus,,,False,wc2026_official_squad_corrected,1996-01-15 00:00:00,,4.0,2.0,1.0,926.0,62.0,59.0,47.0,12.0,7.0,6.0,8.0,0.0,2.0,0.0,0.0,15.694915254237289,0.7580645161290323,0.9516129032258065,14.935483870967742,0.6803455723542117,0.5831533477321814,0.7775377969762419,0.0,0.19438444924406048,0.0,0.0,42.0,4.0,0.09523809523809523,True,True,True,False,True,True,False,False,False,False,False,True,True,False
mexico_luis_romo,team_mexico,Mexico,Luis Romo,CD Guadalajara (MEX),Midfielder,532938,Luis Romo,https://www.transfermarkt.co.uk/luis-romo/profil/spieler/532938,0.86,exact_name,True,31.0,182.0,right,Centre-Back,,Club Deportivo Guadalajara S. A. de C. V.,luis romo,cd guadalajara mex,,,False,wc2026_official_squad_corrected,1995-06-05 00:00:00,,10.0,3.0,3.0,2289.0,85.0,83.0,71.0,12.0,3.0,12.0,7.0,1.0,0.0,0.0,0.0,27.57831325301205,0.8352941176470589,0.9764705882352941,26.929411764705883,0.11795543905635648,0.47182175622542594,0.27522935779816515,0.039318479685452164,0.0,0.0,0.0,60.0,6.0,0.1,True,True,True,False,True,True,False,False,False,False,False,True,True,False
mexico_obed_vargas,team_mexico,Mexico,Obed Vargas,Atlético De Madrid (ESP),Midfielder,889435,Obed Vargas,https://www.transfermarkt.co.uk/obed-vargas/profil/spieler/889435,0.95,exact_name,False,20.0,175.0,right,Central Midfield,,Club Atlético de Madrid S.A.D.,obed vargas,atletico de madrid esp,,,False,wc2026_official_squad_corrected,2005-08-05 00:00:00,,1.0,1.0,1.0,0.0,4.0,3.0,3.0,0.0,0.0,1.0,1.0,0.0,0.0,0.0,0.0,0.0,0.75,0.75,0.0,,,,,,,,,,,True,False,False,False,False,False,False,False,False,False,False,True,True,False
mexico_orbelin_pineda,team_mexico,Mexico,Orbelin Pineda,AEK Athens (GRE),Midfielder,334042,Orbelín Pineda,https://www.transfermarkt.co.uk/orbelin-pineda/profil/spieler/334042,0.91,exact_name,True,30.0,169.0,right,Central Midfield,7000000.0,Athlitiki Enosi Konstantinoupoleos,orbelin pineda,aek athens gre,,,False,wc2026_official_squad_corrected,1996-03-24 00:00:00,,11.0,3.0,1.0,3361.0,92.0,90.0,67.0,23.0,5.0,9.0,12.0,0.0,0.0,0.0,0.0,37.34444444444444,0.7282608695652174,0.9782608695652174,36.53260869565217,0.1338887235941684,0.2409997024695031,0.32133293662600415,0.0,0.0,0.0,0.0,90.0,12.0,0.13333333333333333,True,True,True,False,True,True,False,False,False,False,False,True,True,False
morocco_achraf_hakimi,team_morocco,Morocco,Achraf Hakimi,Paris Saint-Germain (FRA),Defender,398073,Achraf Hakimi,https://www.transfermarkt.co.uk/achraf-hakimi/profil/spieler/398073,0.95,exact_name,False,27.0,181.0,right,Right-Back,80000000.0,Paris Saint-Germain Football Club,achraf hakimi,paris saint germain fra,,,False,wc2026_official_squad_corrected,1998-11-04 00:00:00,,10.0,3.0,1.0,2745.0,98.0,92.0,84.0,8.0,14.0,21.0,15.0,0.0,0.0,0.0,0.0,29.83695652173913,0.8571428571428571,0.9387755102040817,28.010204081632654,0.45901639344262296,0.6885245901639344,0.4918032786885246,0.0,0.0,0.0,0.0,,,,True,True,True,False,True,True,False,False,False,False,False,True,True,False
morocco_anass_salah_eddine,team_morocco,Morocco,Anass Salah Eddine,PSV Eindhoven (NED),Defender,485584,Anass Salah-Eddine,https://www.transfermarkt.co.uk/anass-salah-eddine/profil/spieler/485584,0.91,exact_name,True,24.0,181.0,left,Left-Back,12000000.0,Eindhovense Voetbalvereniging Philips Sport Vereniging,anass salah eddine,psv eindhoven ned,,,False,wc2026_official_squad_corrected,2002-01-18 00:00:00,,,,,,,,,,,,,,,,,,,,,,,,,,,,49.0,2.0,0.04081632653061224,True,False,False,False,False,False,False,False,False,False,False,True,True,False
morocco_chadi_riad,team_morocco,Morocco,Chadi Riad,Crystal Palace FC (ENG),Defender,689637,Chadi Riad,https://www.transfermarkt.co.uk/chadi-riad/profil/spieler/689637,0.91,exact_name,True,22.0,187.0,left,Centre-Back,12000000.0,Crystal Palace Football Club,chadi riad,crystal palace fc eng,,,False,wc2026_official_squad_corrected,2003-06-17 00:00:00,,7.0,2.0,3.0,0.0,46.0,34.0,32.0,2.0,0.0,0.0,1.0,0.0,0.0,0.0,0.0,0.0,0.6956521739130435,0.7391304347826086,0.0,,,,,,,,10.0,2.0,0.2,True,False,False,False,False,False,False,False,False,False,False,True,True,False
morocco_issa_diop,team_morocco,Morocco,Issa Diop,Fulham FC (ENG),Defender,272622,Issa Diop,https://www.transfermarkt.co.uk/issa-diop/profil/spieler/272622,0.91,exact_name,True,29.0,194.0,right,Centre-Back,10000000.0,Fulham Football Club,issa diop,fulham fc eng,,,False,wc2026_official_squad_corrected,1997-01-09 00:00:00,,8.0,3.0,1.0,363.0,65.0,50.0,40.0,10.0,1.0,0.0,6.0,1.0,0.0,0.0,0.0,7.26,0.6153846153846154,0.7692307692307693,5.584615384615384,0.24793388429752067,0.0,1.487603305785124,0.24793388429752067,0.0,0.0,0.0,40.0,3.0,0.075,True,True,False,False,False,False,False,False,False,False,False,True,True,False
morocco_nayef_aguerd,team_morocco,Morocco,Nayef Aguerd,Olympique Marseille (FRA),Defender,361914,Nayef Aguerd,https://www.transfermarkt.co.uk/nayef-aguerd/profil/spieler/361914,0.95,exact_name,False,30.0,190.0,left,Centre-Back,22000000.0,Olympique de Marseille,nayef aguerd,olympique marseille fra,,,False,wc2026_official_squad_corrected,1996-03-30 00:00:00,,9.0,3.0,3.0,2358.0,80.0,68.0,65.0,3.0,3.0,1.0,8.0,1.0,0.0,0.0,0.0,34.6764705882353,0.8125,0.85,29.475,0.11450381679389314,0.03816793893129771,0.3053435114503817,0.03816793893129771,0.0,0.0,0.0,61.0,2.0,0.03278688524590164,True,True,True,False,True,True,False,False,False,False,False,True,True,False
morocco_noussair_mazraoui,team_morocco,Morocco,Noussair Mazraoui,Manchester United FC (ENG),Defender,340456,Noussair Mazraoui,https://www.transfermarkt.co.uk/noussair-mazraoui/profil/spieler/340456,0.91,exact_name,True,28.0,183.0,right,Right-Back,22000000.0,Manchester United Football Club,noussair mazraoui,manchester united fc eng,,,False,wc2026_official_squad_corrected,1997-11-14 00:00:00,,9.0,3.0,2.0,0.0,91.0,87.0,76.0,11.0,0.0,7.0,10.0,0.0,0.0,0.0,0.0,0.0,0.8351648351648352,0.9560439560439561,0.0,,,,,,,,37.0,2.0,0.05405405405405406,True,False,False,False,False,False,False,False,False,False,False,True,True,False
morocco_redouane_halhal,team_morocco,Morocco,Redouane Halhal,KV Mechelen (BEL),Defender,913660,Redouane Halhal,https://www.transfermarkt.co.uk/redouane-halhal/profil/spieler/913660,0.91,exact_name,True,23.0,191.0,right,Centre-Back,100000.0,Yellow-Red Koninklijke Voetbalclub Mechelen,redouane halhal,kv mechelen bel,,,False,wc2026_official_squad_corrected,2003-03-05 00:00:00,,4.0,3.0,3.0,2677.0,61.0,41.0,37.0,4.0,1.0,1.0,6.0,1.0,0.0,0.0,0.0,65.29268292682927,0.6065573770491803,0.6721311475409836,43.885245901639344,0.03361972357116175,0.03361972357116175,0.2017183414269705,0.03361972357116175,0.0,0.0,0.0,5.0,0.0,0.0,True,True,True,False,True,True,False,False,False,False,False,True,True,False
morocco_youssef_belammari,team_morocco,Morocco,Youssef Belammari,Al Ahly FC (EGY),Defender,518804,Youssef Belammari,https://www.transfermarkt.co.uk/youssef-belammari/profil/spieler/518804,0.91,exact_name,True,27.0,183.0,left,Left-Back,,,youssef belammari,al ahly fc egy,,,False,wc2026_official_squad_corrected,1998-09-20 00:00:00,,,,,,,,,,,,,,,,,,,,,,,,,,,,,,,True,False,False,False,False,False,False,False,False,False,False,True,True,False
morocco_zakaria_el_ouahdi,team_morocco,Morocco,Zakaria el Ouahdi,KRC Genk (BEL),Defender,820474,Zakaria El Ouahdi,https://www.transfermarkt.co.uk/zakaria-el-ouahdi/profil/spieler/820474,0.91,exact_name,True,24.0,173.0,right,Right-Back,4500000.0,Koninklijke Racing Club Genk,zakaria el ouahdi,krc genk bel,,,False,wc2026_official_squad_corrected,2001-12-31 00:00:00,,11.0,3.0,2.0,1297.0,88.0,78.0,75.0,3.0,12.0,7.0,17.0,1.0,0.0,0.0,0.0,16.628205128205128,0.8522727272727273,0.8863636363636364,14.738636363636363,0.8326908249807248,0.48573631457208943,1.17964533538936,0.06939090208172706,0.0,0.0,0.0,21.0,4.0,0.19047619047619047,True,True,True,False,True,True,False,False,False,False,False,True,True,False
morocco_abde_ezzalzouli,team_morocco,Morocco,Abde Ezzalzouli,Real Betis (ESP),Forward,724520,Abde Ezzalzouli,https://www.transfermarkt.co.uk/abde-ezzalzouli/profil/spieler/724520,0.91,exact_name,True,24.0,177.0,right,Left Winger,20000000.0,Real Betis Balompié S.A.D.,abde ezzalzouli,real betis esp,,,False,wc2026_official_squad_corrected,2001-12-17 00:00:00,,9.0,2.0,2.0,2658.0,95.0,87.0,47.0,40.0,14.0,5.0,5.0,0.0,0.0,0.0,0.0,30.551724137931036,0.49473684210526314,0.9157894736842105,27.978947368421053,0.47404063205417607,0.16930022573363432,0.16930022573363432,0.0,0.0,0.0,0.0,39.0,10.0,0.2564102564102564,True,True,True,False,True,True,False,False,False,False,False,True,True,False
morocco_ayoub_el_kaabi,team_morocco,Morocco,Ayoub el Kaabi,Olympiacos FC (GRE),Forward,521127,Ayoub El Kaabi,https://www.transfermarkt.co.uk/ayoub-el-kaabi/profil/spieler/521127,0.91,exact_name,True,32.0,182.0,left,Centre-Forward,5000000.0,Olympiakos Syndesmos Filathlon Peiraios,ayoub el kaabi,olympiacos fc gre,,,False,wc2026_official_squad_corrected,1993-06-25 00:00:00,,,,,,,,,,,,,,,,,,,,,,,,,,,,,,,True,False,False,False,False,False,False,False,False,False,False,True,True,False
morocco_ayoube_amaimouni,team_morocco,Morocco,Ayoube Amaimouni,Eintracht Frankfurt (GER),Forward,,,,0.0,unmatched,True,,,,,,,ayoube amaimouni,eintracht frankfurt ger,,,False,wc2026_official_squad_corrected,,,,,,,,,,,,,,,,,,,,,,,,,,,,,,,,False,False,False,False,False,False,False,False,False,False,False,True,True,False
morocco_brahim_diaz,team_morocco,Morocco,Brahim Diaz,Real Madrid C. F. (ESP),Forward,314678,Brahim Díaz,https://www.transfermarkt.co.uk/brahim-diaz/profil/spieler/314678,0.91,exact_name,True,26.0,170.0,both,Right Winger,40000000.0,Real Madrid Club de Fútbol,brahim diaz,real madrid c f esp,,,False,wc2026_official_squad_corrected,1999-08-03 00:00:00,,11.0,3.0,1.0,1135.0,110.0,99.0,46.0,53.0,18.0,17.0,3.0,0.0,0.0,0.0,0.0,11.464646464646465,0.41818181818181815,0.9,10.318181818181818,1.4273127753303965,1.3480176211453743,0.23788546255506607,0.0,0.0,0.0,0.0,37.0,14.0,0.3783783783783784,True,True,True,False,True,True,False,False,False,False,False,True,True,False
morocco_soufiane_rahimi,team_morocco,Morocco,Soufiane Rahimi,Al Ain FC (UAE),Forward,598506,Soufiane Rahimi,https://www.transfermarkt.co.uk/soufiane-rahimi/profil/spieler/598506,0.91,exact_name,True,30.0,180.0,right,Left Winger,,,soufiane rahimi,al ain fc uae,,,False,wc2026_official_squad_corrected,1996-06-02 00:00:00,,,,,,,,,,,,,,,,,,,,,,,,,,,,,,,True,False,False,False,False,False,False,False,False,False,False,True,True,False
morocco_ahmed_reda_tagnaouti,team_morocco,Morocco,Ahmed Reda Tagnaouti,ASFAR (MAR),Goalkeeper,,,,0.0,unmatched,True,,,,,,,ahmed reda tagnaouti,asfar mar,,,False,wc2026_official_squad_corrected,,,,,,,,,,,,,,,,,,,,,,,,,,,,,,,,False,False,False,True,False,False,False,False,False,False,False,False,True,True
morocco_munir_el_kajoui,team_morocco,Morocco,Munir el Kajoui,RS Berkane (MAR),Goalkeeper,97925,Munir El Kajoui,https://www.transfermarkt.co.uk/munir-el-kajoui/profil/spieler/97925,0.91,exact_name,True,37.0,190.0,right,Goalkeeper,1000000.0,,munir el kajoui,rs berkane mar,,,False,wc2026_official_squad_corrected,1989-05-10 00:00:00,,6.0,2.0,2.0,6810.0,75.0,75.0,75.0,0.0,0.0,1.0,3.0,0.0,0.0,66.0,34.0,90.8,1.0,1.0,90.0,0.0,0.013215859030837005,0.039647577092511016,0.0,0.0,0.8722466960352422,0.4493392070484582,55.0,0.0,0.0,True,True,True,True,True,False,True,False,False,False,False,False,True,True
morocco_yassine_bounou,team_morocco,Morocco,Yassine Bounou,Al Hilal SC (KSA),Goalkeeper,207834,Yassine Bounou,https://www.transfermarkt.co.uk/yassine-bounou/profil/spieler/207834,0.91,exact_name,True,35.0,195.0,left,Goalkeeper,9000000.0,Al-Hilal Saudi Football Club,yassine bounou,al hilal sc ksa,,,False,wc2026_official_squad_corrected,1991-04-05 00:00:00,,11.0,3.0,2.0,8107.0,92.0,90.0,90.0,0.0,0.0,0.0,4.0,0.0,0.0,82.0,35.0,90.07777777777778,0.9782608695652174,0.9782608695652174,88.1195652173913,0.0,0.0,0.04440606882940668,0.0,0.0,0.910324411002837,0.3885531022573085,84.0,0.0,0.0,True,True,True,True,True,False,True,False,False,False,False,False,True,True
morocco_ayyoub_bouaddi,team_morocco,Morocco,Ayyoub Bouaddi,Lille OSC (FRA),Midfielder,1097139,Ayyoub Bouaddi,https://www.transfermarkt.co.uk/ayyoub-bouaddi/profil/spieler/1097139,0.91,exact_name,True,18.0,186.0,right,Central Midfield,40000000.0,Lille Olympique Sporting Club,ayyoub bouaddi,lille osc fra,,,False,wc2026_official_squad_corrected,2007-10-02 00:00:00,,,,,,,,,,,,,,,,,,,,,,,,,,,,,,,True,False,False,False,False,False,False,False,False,False,False,True,True,False
morocco_azzedine_ounahi,team_morocco,Morocco,Azzedine Ounahi,Girona FC (ESP),Midfielder,593482,Azzedine Ounahi,https://www.transfermarkt.co.uk/azzedine-ounahi/profil/spieler/593482,0.91,exact_name,True,26.0,182.0,right,Central Midfield,10000000.0,Girona Fútbol Club S. A. D.,azzedine ounahi,girona fc esp,,,False,wc2026_official_squad_corrected,2000-04-19 00:00:00,,7.0,2.0,2.0,1633.0,79.0,72.0,50.0,22.0,7.0,8.0,10.0,0.0,0.0,0.0,0.0,22.680555555555557,0.6329113924050633,0.9113924050632911,20.670886075949365,0.385793018983466,0.44090630740967546,0.5511328842620943,0.0,0.0,0.0,0.0,43.0,9.0,0.20930232558139536,True,True,True,False,True,True,False,False,False,False,False,True,True,False
morocco_bilal_el_khannouss,team_morocco,Morocco,Bilal el Khannouss,VfB Stuttgart (GER),Midfielder,654982,Bilal El Khannouss,https://www.transfermarkt.co.uk/bilal-el-khannouss/profil/spieler/654982,0.86,exact_name,True,22.0,180.0,right,Attacking Midfield,30000000.0,Verein für Bewegungsspiele Stuttgart 1893,bilal el khannouss,vfb stuttgart ger,,,False,wc2026_official_squad_corrected,2004-05-10 00:00:00,,14.0,3.0,2.0,1913.0,94.0,91.0,79.0,12.0,6.0,16.0,15.0,0.0,0.0,0.0,0.0,21.021978021978022,0.8404255319148937,0.9680851063829787,20.351063829787233,0.2822791427077888,0.7527443805541034,0.7056978567694719,0.0,0.0,0.0,0.0,55.0,8.0,0.14545454545454545,True,True,True,False,True,True,False,False,False,False,False,True,True,False
morocco_chemsdine_talbi,team_morocco,Morocco,Chemsdine Talbi,Sunderland AFC (ENG),Midfielder,743384,Chemsdine Talbi,https://www.transfermarkt.co.uk/chemsdine-talbi/profil/spieler/743384,0.86,exact_name,True,21.0,175.0,right,Right Winger,22000000.0,Sunderland Association Football Club,chemsdine talbi,sunderland afc eng,,,False,wc2026_official_squad_corrected,2005-05-09 00:00:00,,10.0,3.0,3.0,771.0,70.0,56.0,30.0,26.0,8.0,7.0,1.0,0.0,0.0,0.0,0.0,13.767857142857142,0.42857142857142855,0.8,11.014285714285714,0.933852140077821,0.8171206225680935,0.11673151750972763,0.0,0.0,0.0,0.0,,,,True,True,True,False,True,True,False,False,False,False,False,True,True,False
morocco_gessime_yassine,team_morocco,Morocco,Gessime Yassine,RC Strasbourg (FRA),Midfielder,1151929,Gessime Yassine,https://www.transfermarkt.co.uk/gessime-yassine/profil/spieler/1151929,0.86,exact_name,True,20.0,172.0,left,Right Winger,,Racing Club de Strasbourg Alsace,gessime yassine,rc strasbourg fra,,,False,wc2026_official_squad_corrected,2005-11-22 00:00:00,,7.0,3.0,2.0,1766.0,79.0,75.0,59.0,16.0,11.0,5.0,6.0,0.0,0.0,0.0,0.0,23.546666666666667,0.7468354430379747,0.9493670886075949,22.354430379746834,0.5605889014722537,0.2548131370328426,0.3057757644394111,0.0,0.0,0.0,0.0,9.0,2.0,0.2222222222222222,True,True,True,False,True,True,False,False,False,False,False,True,True,False
morocco_ismael_saibari,team_morocco,Morocco,Ismael Saibari,PSV Eindhoven (NED),Midfielder,702869,Ismael Saibari,https://www.transfermarkt.co.uk/ismael-saibari/profil/spieler/702869,0.86,exact_name,True,25.0,185.0,right,Attacking Midfield,32000000.0,Eindhovense Voetbalvereniging Philips Sport Vereniging,ismael saibari,psv eindhoven ned,,,False,wc2026_official_squad_corrected,2001-01-28 00:00:00,,10.0,3.0,1.0,1259.0,85.0,80.0,51.0,29.0,23.0,19.0,4.0,0.0,0.0,0.0,0.0,15.7375,0.6,0.9411764705882353,14.811764705882354,1.6441620333598093,1.3582208101667992,0.2859412231930103,0.0,0.0,0.0,0.0,,,,True,True,True,False,True,True,False,False,False,False,False,True,True,False
morocco_neil_el_aynaoui,team_morocco,Morocco,Neil el Aynaoui,AS Roma (ITA),Midfielder,901019,Neil El Aynaoui,https://www.transfermarkt.co.uk/neil-el-aynaoui/profil/spieler/901019,0.91,exact_name,True,24.0,185.0,right,Central Midfield,8000000.0,Associazione Sportiva Roma,neil el aynaoui,as roma ita,,,False,wc2026_official_squad_corrected,2001-07-02 00:00:00,,9.0,3.0,3.0,1797.0,65.0,60.0,40.0,20.0,11.0,5.0,7.0,0.0,3.0,0.0,0.0,29.95,0.6153846153846154,0.9230769230769231,27.646153846153847,0.5509181969949917,0.25041736227045075,0.35058430717863104,0.0,0.15025041736227046,0.0,0.0,3.0,0.0,0.0,True,True,True,False,True,True,False,False,False,False,False,True,True,False
morocco_samir_el_mourabet,team_morocco,Morocco,Samir el Mourabet,RC Strasbourg (FRA),Midfielder,1130514,Samir El Mourabet,https://www.transfermarkt.co.uk/samir-el-mourabet/profil/spieler/1130514,0.91,exact_name,True,20.0,186.0,left,Central Midfield,8000000.0,Racing Club de Strasbourg Alsace,samir el mourabet,rc strasbourg fra,,,False,wc2026_official_squad_corrected,2005-10-06 00:00:00,,8.0,3.0,2.0,2624.0,62.0,37.0,33.0,4.0,2.0,2.0,4.0,0.0,0.0,0.0,0.0,70.91891891891892,0.532258064516129,0.5967741935483871,42.32258064516129,0.06859756097560976,0.06859756097560976,0.13719512195121952,0.0,0.0,0.0,0.0,,,,True,True,True,False,True,True,False,False,False,False,False,True,True,False
morocco_sofyan_amrabat,team_morocco,Morocco,Sofyan Amrabat,Real Betis (ESP),Midfielder,287579,Sofyan Amrabat,https://www.transfermarkt.co.uk/sofyan-amrabat/profil/spieler/287579,0.91,exact_name,True,29.0,185.0,right,Defensive Midfield,22000000.0,Real Betis Balompié S.A.D.,sofyan amrabat,real betis esp,,,False,wc2026_official_squad_corrected,1996-08-21 00:00:00,,12.0,3.0,3.0,1211.0,90.0,79.0,55.0,24.0,3.0,4.0,24.0,0.0,0.0,0.0,0.0,15.329113924050633,0.6111111111111112,0.8777777777777778,13.455555555555556,0.22295623451692814,0.2972749793559042,1.7836498761354251,0.0,0.0,0.0,0.0,,,,True,True,True,False,True,True,False,False,False,False,False,True,True,False
netherlands_denzel_dumfries,team_netherlands,Netherlands,Denzel Dumfries,FC Internazionale Milano (ITA),Defender,321528,Denzel Dumfries,https://www.transfermarkt.co.uk/denzel-dumfries/profil/spieler/321528,0.95,exact_name,False,30.0,188.0,right,Right-Back,25000000.0,Football Club Internazionale Milano S.p.A.,denzel dumfries,fc internazionale milano ita,,,False,wc2026_official_squad_corrected,1996-04-18 00:00:00,,8.0,3.0,1.0,1447.0,93.0,83.0,58.0,25.0,16.0,12.0,11.0,1.0,0.0,0.0,0.0,17.433734939759034,0.6236559139784946,0.8924731182795699,15.559139784946236,0.995162404975812,0.7463718037318591,0.6841741534208707,0.06219765031098825,0.0,0.0,0.0,84.0,12.0,0.14285714285714285,True,True,True,False,True,True,False,False,False,False,False,True,True,False
netherlands_jan_paul_van_hecke,team_netherlands,Netherlands,Jan Paul van Hecke,Brighton & Hove Albion FC (ENG),Defender,576314,Jan Paul van Hecke,https://www.transfermarkt.co.uk/jan-paul-van-hecke/profil/spieler/576314,0.91,exact_name,True,25.0,189.0,right,Centre-Back,35000000.0,Brighton and Hove Albion Football Club,jan paul van hecke,brighton hove albion fc eng,,,False,wc2026_official_squad_corrected,2000-06-08 00:00:00,,8.0,3.0,1.0,2961.0,86.0,82.0,79.0,3.0,1.0,3.0,16.0,1.0,0.0,0.0,0.0,36.109756097560975,0.9186046511627907,0.9534883720930233,34.43023255813954,0.030395136778115502,0.09118541033434652,0.48632218844984804,0.030395136778115502,0.0,0.0,0.0,14.0,0.0,0.0,True,True,True,False,True,True,False,False,False,False,False,True,True,False
netherlands_jorrel_hato,team_netherlands,Netherlands,Jorrel Hato,Chelsea FC (ENG),Defender,904802,Jorrel Hato,https://www.transfermarkt.co.uk/jorrel-hato/profil/spieler/904802,0.91,exact_name,True,20.0,182.0,left,Left-Back,35000000.0,Chelsea Football Club,jorrel hato,chelsea fc eng,,,False,wc2026_official_squad_corrected,2006-03-07 00:00:00,,10.0,3.0,2.0,4790.0,101.0,97.0,94.0,3.0,4.0,9.0,20.0,0.0,0.0,0.0,0.0,49.381443298969074,0.9306930693069307,0.9603960396039604,47.42574257425743,0.07515657620041755,0.16910229645093947,0.3757828810020876,0.0,0.0,0.0,0.0,,,,True,True,True,False,True,True,False,False,False,False,False,True,True,False
netherlands_jurrien_timber,team_netherlands,Netherlands,Jurrien Timber,Arsenal FC (ENG),Defender,420243,Jurriën Timber,https://www.transfermarkt.co.uk/jurrien-timber/profil/spieler/420243,0.91,exact_name,True,24.0,179.0,right,Right-Back,70000000.0,Arsenal Football Club,jurrien timber,arsenal fc eng,,,False,wc2026_official_squad_corrected,2001-06-17 00:00:00,,8.0,3.0,2.0,3524.0,59.0,57.0,49.0,8.0,5.0,5.0,13.0,0.0,0.0,0.0,0.0,61.824561403508774,0.8305084745762712,0.9661016949152542,59.728813559322035,0.12769580022701477,0.12769580022701477,0.33200908059023837,0.0,0.0,0.0,0.0,48.0,3.0,0.0625,True,True,True,False,True,True,False,False,False,False,False,True,True,False
netherlands_mats_wieffer,team_netherlands,Netherlands,Mats Wieffer,Brighton & Hove Albion FC (ENG),Defender,415381,Mats Wieffer,https://www.transfermarkt.co.uk/mats-wieffer/profil/spieler/415381,0.91,exact_name,True,26.0,188.0,right,Right-Back,25000000.0,Brighton and Hove Albion Football Club,mats wieffer,brighton hove albion fc eng,,,False,wc2026_official_squad_corrected,1999-11-16 00:00:00,,9.0,3.0,2.0,1995.0,75.0,72.0,54.0,18.0,7.0,9.0,13.0,0.0,0.0,0.0,0.0,27.708333333333332,0.72,0.96,26.6,0.3157894736842105,0.406015037593985,0.5864661654135338,0.0,0.0,0.0,0.0,14.0,1.0,0.07142857142857142,True,True,True,False,True,True,False,False,False,False,False,True,True,False
netherlands_micky_van_de_ven,team_netherlands,Netherlands,Micky van de Ven,Tottenham Hotspur FC (ENG),Defender,557459,Micky van de Ven,https://www.transfermarkt.co.uk/micky-van-de-ven/profil/spieler/557459,0.91,exact_name,True,25.0,193.0,left,Centre-Back,55000000.0,Tottenham Hotspur Football Club,micky van de ven,tottenham hotspur fc eng,,,False,wc2026_official_squad_corrected,2001-04-19 00:00:00,,8.0,3.0,1.0,871.0,66.0,55.0,54.0,1.0,4.0,2.0,12.0,0.0,0.0,0.0,0.0,15.836363636363636,0.8181818181818182,0.8333333333333334,13.196969696969697,0.4133180252583238,0.2066590126291619,1.2399540757749712,0.0,0.0,0.0,0.0,25.0,1.0,0.04,True,True,True,False,True,True,False,False,False,False,False,True,True,False
netherlands_nathan_ake,team_netherlands,Netherlands,Nathan Ake,Manchester City FC (ENG),Defender,177476,Nathan Aké,https://www.transfermarkt.co.uk/nathan-ake/profil/spieler/177476,0.91,exact_name,True,31.0,180.0,left,Centre-Back,18000000.0,Manchester City Football Club,nathan ake,manchester city fc eng,,,False,wc2026_official_squad_corrected,1995-02-18 00:00:00,,11.0,3.0,1.0,1324.0,83.0,61.0,47.0,14.0,3.0,2.0,0.0,0.0,0.0,0.0,0.0,21.704918032786885,0.5662650602409639,0.7349397590361446,15.951807228915662,0.20392749244712993,0.13595166163141995,0.0,0.0,0.0,0.0,0.0,96.0,13.0,0.13541666666666666,True,True,True,False,True,True,False,False,False,False,False,True,True,False
netherlands_virgil_van_dijk,team_netherlands,Netherlands,Virgil van Dijk,Liverpool FC (ENG),Defender,139208,Virgil van Dijk,https://www.transfermarkt.co.uk/virgil-van-dijk/profil/spieler/139208,0.91,exact_name,True,34.0,195.0,right,Centre-Back,18000000.0,Liverpool Football Club,virgil van dijk,liverpool fc eng,,,False,wc2026_official_squad_corrected,1991-07-08 00:00:00,,9.0,3.0,1.0,4366.0,109.0,101.0,98.0,3.0,9.0,3.0,11.0,1.0,0.0,0.0,0.0,43.227722772277225,0.8990825688073395,0.926605504587156,40.055045871559635,0.18552450755840588,0.06184150251946862,0.22675217590471827,0.020613834173156206,0.0,0.0,0.0,88.0,10.0,0.11363636363636363,True,True,True,False,True,True,False,False,False,False,False,True,True,False
netherlands_brian_brobbey,team_netherlands,Netherlands,Brian Brobbey,Sunderland AFC (ENG),Forward,473169,Brian Brobbey,https://www.transfermarkt.co.uk/brian-brobbey/profil/spieler/473169,0.91,exact_name,True,24.0,180.0,right,Centre-Forward,20000000.0,Sunderland Association Football Club,brian brobbey,sunderland afc eng,,,False,wc2026_official_squad_corrected,2002-02-01 00:00:00,,10.0,3.0,1.0,1322.0,93.0,87.0,74.0,13.0,29.0,17.0,14.0,0.0,0.0,0.0,0.0,15.195402298850574,0.7956989247311828,0.9354838709677419,14.21505376344086,1.9742813918305597,1.1573373676248109,0.9531013615733737,0.0,0.0,0.0,0.0,62.0,36.0,0.5806451612903226,True,True,True,False,True,True,False,False,False,False,False,True,True,False
netherlands_cody_gakpo,team_netherlands,Netherlands,Cody Gakpo,Liverpool FC (ENG),Forward,434675,Cody Gakpo,https://www.transfermarkt.co.uk/cody-gakpo/profil/spieler/434675,0.91,exact_name,True,27.0,193.0,right,Left Winger,70000000.0,Liverpool Football Club,cody gakpo,liverpool fc eng,,,False,wc2026_official_squad_corrected,1999-05-07 00:00:00,,9.0,3.0,1.0,1143.0,108.0,106.0,68.0,38.0,35.0,16.0,7.0,0.0,1.0,0.0,0.0,10.783018867924529,0.6296296296296297,0.9814814814814815,10.583333333333334,2.7559055118110236,1.2598425196850394,0.5511811023622047,0.0,0.07874015748031496,0.0,0.0,66.0,26.0,0.3939393939393939,True,True,True,False,True,True,False,False,False,False,False,True,True,False
netherlands_crysencio_summerville,team_netherlands,Netherlands,Crysencio Summerville,West Ham United FC (ENG),Forward,474701,Crysencio Summerville,https://www.transfermarkt.co.uk/crysencio-summerville/profil/spieler/474701,0.91,exact_name,True,24.0,174.0,right,Left Winger,22000000.0,West Ham United Football Club,crysencio summerville,west ham united fc eng,,,False,wc2026_official_squad_corrected,2001-10-30 00:00:00,,8.0,3.0,2.0,1243.0,75.0,72.0,55.0,17.0,22.0,14.0,10.0,0.0,4.0,0.0,0.0,17.26388888888889,0.7333333333333333,0.96,16.573333333333334,1.592920353982301,1.0136765888978279,0.7240547063555913,0.0,0.28962188254223653,0.0,0.0,37.0,11.0,0.2972972972972973,True,True,True,False,True,True,False,False,False,False,False,True,True,False
netherlands_donyell_malen,team_netherlands,Netherlands,Donyell Malen,AS Roma (ITA),Forward,326029,Donyell Malen,https://www.transfermarkt.co.uk/donyell-malen/profil/spieler/326029,0.91,exact_name,True,27.0,176.0,right,Centre-Forward,25000000.0,Associazione Sportiva Roma,donyell malen,as roma ita,,,False,wc2026_official_squad_corrected,1999-01-19 00:00:00,,9.0,3.0,2.0,1153.0,89.0,79.0,42.0,37.0,23.0,6.0,7.0,0.0,0.0,0.0,0.0,14.594936708860759,0.47191011235955055,0.8876404494382022,12.955056179775282,1.795316565481353,0.4683434518647008,0.546400693842151,0.0,0.0,0.0,0.0,100.0,26.0,0.26,True,True,True,False,True,True,False,False,False,False,False,True,True,False
netherlands_memphis_depay,team_netherlands,Netherlands,Memphis Depay,SC Corinthians (BRA),Forward,167850,Memphis Depay,https://www.transfermarkt.co.uk/memphis-depay/profil/spieler/167850,0.91,exact_name,True,32.0,178.0,right,Second Striker,10000000.0,Sport Club Corinthians Paulista,memphis depay,sc corinthians bra,,,False,wc2026_official_squad_corrected,1994-02-13 00:00:00,,3.0,1.0,1.0,352.0,35.0,31.0,11.0,20.0,9.0,2.0,2.0,0.0,0.0,0.0,0.0,11.35483870967742,0.3142857142857143,0.8857142857142857,10.057142857142857,2.3011363636363638,0.5113636363636364,0.5113636363636364,0.0,0.0,0.0,0.0,147.0,70.0,0.47619047619047616,True,True,False,False,False,False,False,False,False,False,False,True,True,False
netherlands_noa_lang,team_netherlands,Netherlands,Noa Lang,Galatasaray SK (TUR),Forward,339332,Noa Lang,https://www.transfermarkt.co.uk/noa-lang/profil/spieler/339332,0.91,exact_name,True,26.0,173.0,right,Left Winger,25000000.0,Galatasaray Spor Kulübü,noa lang,galatasaray sk tur,,,False,wc2026_official_squad_corrected,1999-06-17 00:00:00,,10.0,3.0,2.0,813.0,67.0,65.0,47.0,18.0,19.0,14.0,6.0,0.0,1.0,0.0,0.0,12.507692307692308,0.7014925373134329,0.9701492537313433,12.134328358208956,2.103321033210332,1.5498154981549814,0.6642066420664207,0.0,0.11070110701107011,0.0,0.0,44.0,12.0,0.2727272727272727,True,True,True,False,True,True,False,False,False,False,False,True,True,False
netherlands_wout_weghorst,team_netherlands,Netherlands,Wout Weghorst,AFC Ajax (NED),Forward,228645,Wout Weghorst,https://www.transfermarkt.co.uk/wout-weghorst/profil/spieler/228645,0.91,exact_name,True,33.0,197.0,right,Centre-Forward,3500000.0,AFC Ajax Amsterdam,wout weghorst,afc ajax ned,,,False,wc2026_official_squad_corrected,1992-08-07 00:00:00,,7.0,3.0,3.0,684.0,70.0,67.0,40.0,27.0,21.0,7.0,10.0,0.0,3.0,0.0,0.0,10.208955223880597,0.5714285714285714,0.9571428571428572,9.771428571428572,2.763157894736842,0.9210526315789473,1.3157894736842104,0.0,0.39473684210526316,0.0,0.0,48.0,15.0,0.3125,True,True,True,False,True,True,False,False,False,False,False,True,True,False
netherlands_bart_verbruggen,team_netherlands,Netherlands,Bart Verbruggen,Brighton & Hove Albion FC (ENG),Goalkeeper,565093,Bart Verbruggen,https://www.transfermarkt.co.uk/bart-verbruggen/profil/spieler/565093,0.91,exact_name,True,23.0,194.0,right,Goalkeeper,35000000.0,Brighton and Hove Albion Football Club,bart verbruggen,brighton hove albion fc eng,,,False,wc2026_official_squad_corrected,2002-08-18 00:00:00,,8.0,3.0,1.0,6360.0,96.0,70.0,70.0,0.0,0.0,1.0,8.0,0.0,0.0,97.0,16.0,90.85714285714286,0.7291666666666666,0.7291666666666666,66.25,0.0,0.014150943396226414,0.11320754716981131,0.0,0.0,1.3726415094339623,0.22641509433962262,,,,True,True,True,True,True,False,True,False,False,False,False,False,True,True
netherlands_mark_flekken,team_netherlands,Netherlands,Mark Flekken,Bayer 04 Leverkusen (GER),Goalkeeper,125714,Mark Flekken,https://www.transfermarkt.co.uk/mark-flekken/profil/spieler/125714,0.95,exact_name,False,32.0,195.0,both,Goalkeeper,8000000.0,Bayer 04 Leverkusen Fußball,mark flekken,bayer 04 leverkusen ger,,,False,wc2026_official_squad_corrected,1993-06-13 00:00:00,,8.0,3.0,2.0,7191.0,84.0,81.0,81.0,0.0,0.0,0.0,4.0,0.0,0.0,129.0,16.0,88.77777777777777,0.9642857142857143,0.9642857142857143,85.60714285714286,0.0,0.0,0.050062578222778466,0.0,0.0,1.6145181476846058,0.20025031289111386,10.0,0.0,0.0,True,True,True,True,True,False,True,False,False,False,False,False,True,True
netherlands_robin_roefs,team_netherlands,Netherlands,Robin Roefs,Sunderland AFC (ENG),Goalkeeper,646991,Robin Roefs,https://www.transfermarkt.co.uk/robin-roefs/profil/spieler/646991,0.91,exact_name,True,23.0,193.0,left,Goalkeeper,600000.0,Sunderland Association Football Club,robin roefs,sunderland afc eng,,,False,wc2026_official_squad_corrected,2003-01-17 00:00:00,,7.0,3.0,2.0,4049.0,79.0,45.0,44.0,1.0,0.0,2.0,0.0,0.0,0.0,58.0,14.0,89.97777777777777,0.5569620253164557,0.569620253164557,51.25316455696203,0.0,0.04445542109162756,0.0,0.0,0.0,1.2892072116571993,0.31118794764139296,22.0,0.0,0.0,True,True,True,True,True,False,True,False,False,False,False,False,True,True
netherlands_frenkie_de_jong,team_netherlands,Netherlands,Frenkie de Jong,FC Barcelona (ESP),Midfielder,326330,Frenkie de Jong,https://www.transfermarkt.co.uk/frenkie-de-jong/profil/spieler/326330,0.91,exact_name,True,29.0,181.0,right,Central Midfield,70000000.0,Futbol Club Barcelona,frenkie de jong,fc barcelona esp,,,False,wc2026_official_squad_corrected,1997-05-12 00:00:00,,9.0,3.0,1.0,1387.0,83.0,78.0,55.0,23.0,4.0,2.0,17.0,0.0,0.0,0.0,0.0,17.78205128205128,0.6626506024096386,0.9397590361445783,16.710843373493976,0.2595529920692141,0.12977649603460706,1.1031002162941599,0.0,0.0,0.0,0.0,82.0,4.0,0.04878048780487805,True,True,True,False,True,True,False,False,False,False,False,True,True,False
netherlands_guus_til,team_netherlands,Netherlands,Guus Til,PSV Eindhoven (NED),Midfielder,372267,Guus Til,https://www.transfermarkt.co.uk/guus-til/profil/spieler/372267,0.86,exact_name,True,28.0,187.0,right,Attacking Midfield,15000000.0,Eindhovense Voetbalvereniging Philips Sport Vereniging,guus til,psv eindhoven ned,,,False,wc2026_official_squad_corrected,1997-12-22 00:00:00,,11.0,3.0,1.0,723.0,100.0,94.0,65.0,29.0,25.0,21.0,3.0,0.0,0.0,0.0,0.0,7.691489361702128,0.65,0.94,7.23,3.112033195020747,2.6141078838174274,0.37344398340248963,0.0,0.0,0.0,0.0,,,,True,True,True,False,True,True,False,False,False,False,False,True,True,False
netherlands_justin_kluivert,team_netherlands,Netherlands,Justin Kluivert,AFC Bournemouth (ENG),Midfielder,330659,Justin Kluivert,https://www.transfermarkt.co.uk/justin-kluivert/profil/spieler/330659,0.86,exact_name,True,27.0,172.0,both,Attacking Midfield,32000000.0,Association Football Club Bournemouth,justin kluivert,afc bournemouth eng,,,False,wc2026_official_squad_corrected,1999-05-05 00:00:00,,8.0,3.0,1.0,866.0,86.0,78.0,59.0,19.0,22.0,10.0,16.0,0.0,6.0,0.0,0.0,11.102564102564102,0.686046511627907,0.9069767441860465,10.069767441860465,2.2863741339491916,1.0392609699769053,1.6628175519630484,0.0,0.6235565819861432,0.0,0.0,69.0,10.0,0.14492753623188406,True,True,True,False,True,True,False,False,False,False,False,True,True,False
netherlands_marten_de_roon,team_netherlands,Netherlands,Marten de Roon,Atalanta Bergamo (ITA),Midfielder,133179,Marten de Roon,https://www.transfermarkt.co.uk/marten-de-roon/profil/spieler/133179,0.91,exact_name,True,35.0,185.0,right,Defensive Midfield,7000000.0,Atalanta Bergamasca Calcio S.p.a.,marten de roon,atalanta bergamo ita,,,False,wc2026_official_squad_corrected,1991-03-29 00:00:00,,9.0,3.0,1.0,765.0,103.0,98.0,95.0,3.0,4.0,10.0,23.0,0.0,0.0,0.0,0.0,7.8061224489795915,0.9223300970873787,0.9514563106796117,7.427184466019417,0.47058823529411764,1.1764705882352942,2.7058823529411766,0.0,0.0,0.0,0.0,45.0,2.0,0.044444444444444446,True,True,True,False,True,True,False,False,False,False,False,True,True,False
netherlands_quinten_timber,team_netherlands,Netherlands,Quinten Timber,Olympique Marseille (FRA),Midfielder,420213,Quinten Timber,https://www.transfermarkt.co.uk/quinten-timber/profil/spieler/420213,0.95,exact_name,False,24.0,179.0,right,Central Midfield,28000000.0,Olympique de Marseille,quinten timber,olympique marseille fra,,,False,wc2026_official_squad_corrected,2001-06-17 00:00:00,,11.0,3.0,1.0,1413.0,77.0,75.0,71.0,4.0,16.0,10.0,15.0,0.0,2.0,0.0,0.0,18.84,0.922077922077922,0.974025974025974,18.350649350649352,1.019108280254777,0.6369426751592356,0.9554140127388534,0.0,0.12738853503184713,0.0,0.0,46.0,2.0,0.043478260869565216,True,True,True,False,True,True,False,False,False,False,False,True,True,False
netherlands_ryan_gravenberch,team_netherlands,Netherlands,Ryan Gravenberch,Liverpool FC (ENG),Midfielder,478573,Ryan Gravenberch,https://www.transfermarkt.co.uk/ryan-gravenberch/profil/spieler/478573,0.91,exact_name,True,24.0,190.0,right,Defensive Midfield,90000000.0,Liverpool Football Club,ryan gravenberch,liverpool fc eng,,,False,wc2026_official_squad_corrected,2002-05-16 00:00:00,,10.0,3.0,2.0,1597.0,100.0,90.0,72.0,18.0,5.0,6.0,10.0,1.0,0.0,0.0,0.0,17.744444444444444,0.72,0.9,15.97,0.28177833437695676,0.33813400125234816,0.5635566687539135,0.056355666875391355,0.0,0.0,0.0,61.0,4.0,0.06557377049180328,True,True,True,False,True,True,False,False,False,False,False,True,True,False
netherlands_teun_koopmeiners,team_netherlands,Netherlands,Teun Koopmeiners,Juventus FC (ITA),Midfielder,360518,Teun Koopmeiners,https://www.transfermarkt.co.uk/teun-koopmeiners/profil/spieler/360518,0.91,exact_name,True,28.0,184.0,left,Defensive Midfield,28000000.0,Juventus Football Club,teun koopmeiners,juventus fc ita,,,False,wc2026_official_squad_corrected,1998-02-28 00:00:00,,8.0,3.0,2.0,1120.0,94.0,93.0,76.0,17.0,19.0,10.0,13.0,0.0,3.0,0.0,0.0,12.043010752688172,0.8085106382978723,0.9893617021276596,11.914893617021276,1.5267857142857142,0.8035714285714285,1.0446428571428572,0.0,0.24107142857142858,0.0,0.0,69.0,7.0,0.10144927536231885,True,True,True,False,True,True,False,False,False,False,False,True,True,False
netherlands_tijjani_reijnders,team_netherlands,Netherlands,Tijjani Reijnders,Manchester City FC (ENG),Midfielder,460939,Tijjani Reijnders,https://www.transfermarkt.co.uk/tijjani-reijnders/profil/spieler/460939,0.91,exact_name,True,27.0,185.0,right,Central Midfield,65000000.0,Manchester City Football Club,tijjani reijnders,manchester city fc eng,,,False,wc2026_official_squad_corrected,1998-07-29 00:00:00,,9.0,3.0,2.0,2437.0,108.0,107.0,100.0,7.0,20.0,10.0,13.0,1.0,0.0,0.0,0.0,22.77570093457944,0.9259259259259259,0.9907407407407407,22.564814814814813,0.7386130488305294,0.3693065244152647,0.48009848173984404,0.03693065244152646,0.0,0.0,0.0,28.0,4.0,0.14285714285714285,True,True,True,False,True,True,False,False,False,False,False,True,True,False
new_zealand_callan_elliot,team_new_zealand,New Zealand,Callan Elliot,Auckland FC (NZL),Defender,482204,Callan Elliot,https://www.transfermarkt.co.uk/callan-elliot/profil/spieler/482204,0.91,exact_name,True,26.0,177.0,right,Right-Back,300000.0,Auckland Football Club,callan elliot,auckland fc nzl,,,False,wc2026_official_squad_corrected,1999-07-07 00:00:00,,3.0,2.0,2.0,762.0,31.0,19.0,6.0,13.0,1.0,0.0,2.0,0.0,0.0,0.0,0.0,40.10526315789474,0.1935483870967742,0.6129032258064516,24.580645161290324,0.11811023622047244,0.0,0.23622047244094488,0.0,0.0,0.0,0.0,18.0,1.0,0.05555555555555555,True,True,True,False,True,True,False,False,False,False,False,True,True,False
new_zealand_finn_surman,team_new_zealand,New Zealand,Finn Surman,Portland Timbers (USA),Defender,724809,Finn Surman,https://www.transfermarkt.co.uk/finn-surman/profil/spieler/724809,0.99,exact_name,False,22.0,190.0,right,Centre-Back,,Portland Timbers,finn surman,portland timbers usa,,,False,wc2026_official_squad_corrected,2003-09-23 00:00:00,,2.0,1.0,1.0,2430.0,29.0,29.0,29.0,0.0,1.0,0.0,2.0,0.0,0.0,0.0,0.0,83.79310344827586,1.0,1.0,83.79310344827586,0.037037037037037035,0.0,0.07407407407407407,0.0,0.0,0.0,0.0,22.0,2.0,0.09090909090909091,True,True,True,False,True,True,False,False,False,False,False,True,True,False
new_zealand_francis_de_vries,team_new_zealand,New Zealand,Francis de Vries,Auckland FC (NZL),Defender,207061,Francis de Vries,https://www.transfermarkt.co.uk/francis-de-vries/profil/spieler/207061,0.91,exact_name,True,31.0,188.0,left,Left-Back,,Auckland Football Club,francis de vries,auckland fc nzl,,,False,wc2026_official_squad_corrected,1994-11-28 00:00:00,,2.0,1.0,1.0,1103.0,28.0,28.0,28.0,0.0,2.0,8.0,1.0,0.0,0.0,0.0,0.0,39.392857142857146,1.0,1.0,39.392857142857146,0.16319129646418856,0.6527651858567542,0.08159564823209428,0.0,0.0,0.0,0.0,6.0,0.0,0.0,True,True,True,False,True,True,False,False,False,False,False,True,True,False
new_zealand_liberato_cacace,team_new_zealand,New Zealand,Liberato Cacace,Wrexham AFC (WAL),Defender,469211,Liberato Cacace,https://www.transfermarkt.co.uk/liberato-cacace/profil/spieler/469211,0.91,exact_name,True,25.0,183.0,left,Left-Back,3000000.0,,liberato cacace,wrexham afc wal,,,False,wc2026_official_squad_corrected,2000-09-27 00:00:00,,6.0,3.0,2.0,1116.0,84.0,73.0,51.0,22.0,2.0,6.0,12.0,0.0,0.0,0.0,0.0,15.287671232876713,0.6071428571428571,0.8690476190476191,13.285714285714286,0.16129032258064516,0.4838709677419355,0.967741935483871,0.0,0.0,0.0,0.0,56.0,3.0,0.05357142857142857,True,True,True,False,True,True,False,False,False,False,False,True,True,False
new_zealand_michael_boxall,team_new_zealand,New Zealand,Michael Boxall,Minnesota United FC (USA),Defender,81723,Michael Boxall,https://www.transfermarkt.co.uk/michael-boxall/profil/spieler/81723,0.99,exact_name,False,37.0,188.0,right,Centre-Back,,Minnesota United FC,michael boxall,minnesota united fc usa,,,False,wc2026_official_squad_corrected,1988-08-18 00:00:00,,,,,,,,,,,,,,,,,,,,,,,,,,,,,,,True,False,False,False,False,False,False,False,False,False,False,True,True,False
new_zealand_nando_pijnaker,team_new_zealand,New Zealand,Nando Pijnaker,Auckland FC (NZL),Defender,455425,Nando Pijnaker,https://www.transfermarkt.co.uk/nando-pijnaker/profil/spieler/455425,0.91,exact_name,True,27.0,192.0,left,Centre-Back,175000.0,Auckland Football Club,nando pijnaker,auckland fc nzl,,,False,wc2026_official_squad_corrected,1999-02-25 00:00:00,,,,,,,,,,,,,,,,,,,,,,,,,,,,,,,True,False,False,False,False,False,False,False,False,False,False,True,True,False
new_zealand_tim_payne,team_new_zealand,New Zealand,Tim Payne,Wellington Phoenix FC (NZL),Defender,149901,Tim Payne,https://www.transfermarkt.co.uk/tim-payne/profil/spieler/149901,0.95,exact_name,False,32.0,179.0,right,Right-Back,,Wellington Phoenix Football Club,tim payne,wellington phoenix fc nzl,,,False,wc2026_official_squad_corrected,1994-01-10 00:00:00,,3.0,2.0,1.0,2320.0,45.0,45.0,43.0,2.0,4.0,8.0,4.0,1.0,0.0,0.0,0.0,51.55555555555556,0.9555555555555556,1.0,51.55555555555556,0.15517241379310345,0.3103448275862069,0.15517241379310345,0.03879310344827586,0.0,0.0,0.0,48.0,6.0,0.125,True,True,True,False,True,True,False,False,False,False,False,True,True,False
new_zealand_tommy_smith,team_new_zealand,New Zealand,Tommy Smith,Braintree Town FC (ENG),Defender,54381,Tommy Smith,https://www.transfermarkt.co.uk/tommy-smith/profil/spieler/54381,0.91,exact_name,True,36.0,187.0,left,Centre-Back,,,tommy smith,braintree town fc eng,,,False,wc2026_official_squad_corrected,1990-03-31 00:00:00,,10.0,3.0,4.0,372.0,77.0,54.0,37.0,17.0,1.0,2.0,6.0,1.0,0.0,0.0,0.0,6.888888888888889,0.4805194805194805,0.7012987012987013,4.8311688311688314,0.24193548387096775,0.4838709677419355,1.4516129032258065,0.24193548387096775,0.0,0.0,0.0,55.0,2.0,0.03636363636363636,True,True,False,False,False,False,False,False,False,False,False,True,True,False
new_zealand_tyler_bindon,team_new_zealand,New Zealand,Tyler Bindon,Shefield United FC (ENG),Defender,1007720,Tyler Bindon,https://www.transfermarkt.co.uk/tyler-bindon/profil/spieler/1007720,0.95,exact_name,False,21.0,188.0,right,Centre-Back,1500000.0,Sheffield United,tyler bindon,shefield united fc eng,,,False,wc2026_official_squad_corrected,2005-01-27 00:00:00,,10.0,3.0,3.0,3846.0,101.0,97.0,92.0,5.0,5.0,1.0,8.0,0.0,0.0,0.0,0.0,39.649484536082475,0.9108910891089109,0.9603960396039604,38.07920792079208,0.11700468018720749,0.0234009360374415,0.187207488299532,0.0,0.0,0.0,0.0,4.0,0.0,0.0,True,True,True,False,True,True,False,False,False,False,False,True,True,False
new_zealand_ben_waine,team_new_zealand,New Zealand,Ben Waine,Port Vale FC (ENG),Forward,539502,Ben Waine,https://www.transfermarkt.co.uk/ben-waine/profil/spieler/539502,0.91,exact_name,True,24.0,179.0,right,Centre-Forward,,,ben waine,port vale fc eng,,,False,wc2026_official_squad_corrected,2001-06-11 00:00:00,,11.0,3.0,3.0,886.0,100.0,74.0,21.0,53.0,9.0,1.0,3.0,0.0,0.0,0.0,0.0,11.972972972972974,0.21,0.74,8.86,0.9142212189616252,0.10158013544018057,0.3047404063205418,0.0,0.0,0.0,0.0,34.0,19.0,0.5588235294117647,True,True,True,False,True,True,False,False,False,False,False,True,True,False
new_zealand_chris_wood,team_new_zealand,New Zealand,Chris Wood,Nottingham Forest FC (ENG),Forward,108725,Chris Wood,https://www.transfermarkt.co.uk/chris-wood/profil/spieler/108725,0.91,exact_name,True,34.0,191.0,right,Centre-Forward,8000000.0,Nottingham Forest Football Club,chris wood,nottingham forest fc eng,,,False,wc2026_official_squad_corrected,1991-12-07 00:00:00,,7.0,3.0,1.0,698.0,79.0,78.0,63.0,15.0,37.0,4.0,2.0,0.0,3.0,0.0,0.0,8.948717948717949,0.7974683544303798,0.9873417721518988,8.835443037974683,4.770773638968481,0.5157593123209169,0.25787965616045844,0.0,0.3868194842406877,0.0,0.0,99.0,48.0,0.48484848484848486,True,True,True,False,True,True,False,False,False,False,False,True,True,False
new_zealand_jesse_randall,team_new_zealand,New Zealand,Jesse Randall,Auckland FC (NZL),Forward,677509,Jesse Randall,https://www.transfermarkt.co.uk/jesse-randall/profil/spieler/677509,0.91,exact_name,True,23.0,176.0,right,Left Winger,,Auckland Football Club,jesse randall,auckland fc nzl,,,False,wc2026_official_squad_corrected,2002-08-19 00:00:00,,3.0,2.0,2.0,309.0,25.0,21.0,8.0,13.0,4.0,1.0,2.0,0.0,0.0,0.0,0.0,14.714285714285714,0.32,0.84,12.36,1.1650485436893205,0.29126213592233013,0.5825242718446603,0.0,0.0,0.0,0.0,,,,True,True,False,False,False,False,False,False,False,False,False,True,True,False
new_zealand_kosta_barbarouses,team_new_zealand,New Zealand,Kosta Barbarouses,WS Wanderers FC (AUS),Forward,50200,Kosta Barbarouses,https://www.transfermarkt.co.uk/kosta-barbarouses/profil/spieler/50200,0.91,exact_name,True,36.0,171.0,both,Centre-Forward,500000.0,Western Sydney Wanderers,kosta barbarouses,ws wanderers fc aus,,,False,wc2026_official_squad_corrected,1990-02-19 00:00:00,,3.0,2.0,1.0,405.0,54.0,54.0,53.0,1.0,23.0,6.0,6.0,0.0,2.0,0.0,0.0,7.5,0.9814814814814815,1.0,7.5,5.111111111111112,1.3333333333333335,1.3333333333333335,0.0,0.4444444444444444,0.0,0.0,84.0,26.0,0.30952380952380953,True,True,False,False,False,False,False,False,False,False,False,True,True,False
new_zealand_alex_paulsen,team_new_zealand,New Zealand,Alex Paulsen,Lechia Gdańsk (POL),Goalkeeper,617009,Alex Paulsen,https://www.transfermarkt.co.uk/alex-paulsen/profil/spieler/617009,0.91,exact_name,True,23.0,184.0,right,Goalkeeper,,Klub Sportowy Lechia Gdańsk,alex paulsen,lechia gdansk pol,,,False,wc2026_official_squad_corrected,2002-07-04 00:00:00,,,,,,,,,,,,,,,,,,,,,,,,,,,,17.0,0.0,0.0,True,False,False,True,False,False,False,False,False,False,False,False,True,True
new_zealand_max_crocombe,team_new_zealand,New Zealand,Max Crocombe,Millwall FC (ENG),Goalkeeper,207843,Max Crocombe,https://www.transfermarkt.co.uk/max-crocombe/profil/spieler/207843,0.91,exact_name,True,32.0,194.0,right,Goalkeeper,,,max crocombe,millwall fc eng,,,False,wc2026_official_squad_corrected,1993-08-12 00:00:00,,10.0,3.0,2.0,8467.0,109.0,94.0,93.0,1.0,0.0,1.0,15.0,0.0,0.0,130.0,23.0,90.07446808510639,0.8532110091743119,0.8623853211009175,77.6788990825688,0.0,0.01062950277548128,0.1594425416322192,0.0,0.0,1.3818353608125664,0.24447856383606945,24.0,0.0,0.0,True,True,True,True,True,False,True,False,False,False,False,False,True,True
new_zealand_michael_woud,team_new_zealand,New Zealand,Michael Woud,Auckland FC (NZL),Goalkeeper,350347,Michael Woud,https://www.transfermarkt.co.uk/michael-woud/profil/spieler/350347,0.91,exact_name,True,27.0,196.0,left,Goalkeeper,250000.0,Auckland Football Club,michael woud,auckland fc nzl,,,False,wc2026_official_squad_corrected,1999-01-16 00:00:00,,3.0,2.0,2.0,360.0,32.0,4.0,4.0,0.0,0.0,0.0,0.0,0.0,0.0,3.0,2.0,90.0,0.125,0.125,11.25,0.0,0.0,0.0,0.0,0.0,0.75,0.5,30.0,0.0,0.0,True,True,False,True,False,False,False,False,False,False,False,False,True,True
new_zealand_alex_rufer,team_new_zealand,New Zealand,Alex Rufer,Wellington Phoenix FC (NZL),Midfielder,256019,Alex Rufer,https://www.transfermarkt.co.uk/alex-rufer/profil/spieler/256019,0.95,exact_name,False,29.0,184.0,right,Defensive Midfield,,Wellington Phoenix Football Club,alex rufer,wellington phoenix fc nzl,,,False,wc2026_official_squad_corrected,1996-06-12 00:00:00,,3.0,2.0,1.0,700.0,45.0,45.0,43.0,2.0,3.0,2.0,14.0,1.0,2.0,0.0,0.0,15.555555555555555,0.9555555555555556,1.0,15.555555555555555,0.38571428571428573,0.2571428571428571,1.8,0.12857142857142856,0.2571428571428571,0.0,0.0,26.0,4.0,0.15384615384615385,True,True,True,False,True,True,False,False,False,False,False,True,True,False
new_zealand_ben_old,team_new_zealand,New Zealand,Ben Old,AS Saint-Etienne (FRA),Midfielder,617021,Ben Old,https://www.transfermarkt.co.uk/ben-old/profil/spieler/617021,0.94,exact_name,False,23.0,173.0,left,Left-Back,600000.0,AS Saint-Étienne,ben old,as saint etienne fra,,,False,wc2026_official_squad_corrected,2002-08-13 00:00:00,,4.0,3.0,2.0,398.0,46.0,45.0,22.0,23.0,6.0,5.0,0.0,0.0,0.0,0.0,0.0,8.844444444444445,0.4782608695652174,0.9782608695652174,8.652173913043478,1.3567839195979898,1.1306532663316584,0.0,0.0,0.0,0.0,0.0,18.0,3.0,0.16666666666666666,True,True,False,False,False,False,False,False,False,False,False,True,True,False
new_zealand_elijah_just,team_new_zealand,New Zealand,Elijah Just,Motherwell FC (SCO),Midfielder,485672,Elijah Just,https://www.transfermarkt.co.uk/elijah-just/profil/spieler/485672,0.86,exact_name,True,26.0,175.0,left,Right Winger,350000.0,Motherwell Football Club,elijah just,motherwell fc sco,,,False,wc2026_official_squad_corrected,2000-05-01 00:00:00,,,,,,,,,,,,,,,,,,,,,,,,,,,,,,,True,False,False,False,False,False,False,False,False,False,False,True,True,False
new_zealand_joe_bell,team_new_zealand,New Zealand,Joe Bell,Viking Stavanger (NOR),Midfielder,345700,Joe Bell,https://www.transfermarkt.co.uk/joe-bell/profil/spieler/345700,0.91,exact_name,True,27.0,182.0,right,Defensive Midfield,1200000.0,Viking Fotballklubb,joe bell,viking stavanger nor,,,False,wc2026_official_squad_corrected,1999-04-27 00:00:00,,2.0,2.0,2.0,0.0,6.0,4.0,3.0,1.0,0.0,3.0,0.0,0.0,0.0,0.0,0.0,0.0,0.5,0.6666666666666666,0.0,,,,,,,,,,,True,False,False,False,False,False,False,False,False,False,False,True,True,False
new_zealand_lachlan_bayliss,team_new_zealand,New Zealand,Lachlan Bayliss,Newcastle United Jets FC (AUS),Midfielder,1109358,Lachlan Bayliss,https://www.transfermarkt.co.uk/lachlan-bayliss/profil/spieler/1109358,0.95,exact_name,False,23.0,179.0,right,Central Midfield,,Newcastle United Jets Football Club,lachlan bayliss,newcastle united jets fc aus,,,False,wc2026_official_squad_corrected,2002-07-24 00:00:00,,2.0,2.0,1.0,1763.0,37.0,37.0,25.0,12.0,1.0,2.0,3.0,0.0,0.0,0.0,0.0,47.648648648648646,0.6756756756756757,1.0,47.648648648648646,0.05104934770277936,0.10209869540555871,0.15314804310833807,0.0,0.0,0.0,0.0,0.0,0.0,,True,True,True,False,True,True,False,False,False,False,False,True,True,False
new_zealand_marko_stamenic,team_new_zealand,New Zealand,Marko Stamenic,Swansea City AFC (WAL),Midfielder,617018,Marko Stamenić,https://www.transfermarkt.co.uk/marko-stamenic/profil/spieler/617018,0.95,exact_name,False,24.0,188.0,right,Central Midfield,3000000.0,Swansea City,marko stamenic,swansea city afc wal,,,False,wc2026_official_squad_corrected,2002-02-19 00:00:00,,10.0,3.0,3.0,1785.0,88.0,61.0,41.0,20.0,2.0,2.0,13.0,0.0,0.0,0.0,0.0,29.262295081967213,0.4659090909090909,0.6931818181818182,20.28409090909091,0.10084033613445377,0.10084033613445377,0.6554621848739496,0.0,0.0,0.0,0.0,42.0,2.0,0.047619047619047616,True,True,True,False,True,True,False,False,False,False,False,True,True,False
new_zealand_matthew_garbett,team_new_zealand,New Zealand,Matthew Garbett,Peterborough United FC (ENG),Midfielder,617019,Matthew Garbett,https://www.transfermarkt.co.uk/matthew-garbett/profil/spieler/617019,0.91,exact_name,True,24.0,188.0,right,Central Midfield,500000.0,,matthew garbett,peterborough united fc eng,,,False,wc2026_official_squad_corrected,2002-04-13 00:00:00,,6.0,3.0,2.0,1225.0,52.0,47.0,27.0,20.0,6.0,5.0,8.0,0.0,0.0,0.0,0.0,26.06382978723404,0.5192307692307693,0.9038461538461539,23.557692307692307,0.4408163265306122,0.3673469387755102,0.5877551020408164,0.0,0.0,0.0,0.0,40.0,9.0,0.225,True,True,True,False,True,True,False,False,False,False,False,True,True,False
new_zealand_mccowatt_callum,team_new_zealand,New Zealand,McCOWATT Callum,Silkeborg IF (DEN),Midfielder,400797,Callum McCowatt,https://www.transfermarkt.co.uk/callum-mccowatt/profil/spieler/400797,0.86,exact_name_tokens,True,27.0,179.0,right,Attacking Midfield,2000000.0,Silkeborg Idrætsforening,mccowatt callum,silkeborg if den,,,False,wc2026_official_squad_corrected,1999-04-30 00:00:00,,,,,,,,,,,,,,,,,,,,,,,,,,,,,,,True,False,False,False,False,False,False,False,False,False,False,True,True,False
new_zealand_ryan_thomas,team_new_zealand,New Zealand,Ryan Thomas,PEC Zwolle (NED),Midfielder,203357,Ryan Thomas,https://www.transfermarkt.co.uk/ryan-thomas/profil/spieler/203357,0.91,exact_name,True,31.0,174.0,right,Defensive Midfield,900000.0,Prins Hendrik Ende Desespereert Nimmer Combinatie Zwolle,ryan thomas,pec zwolle ned,,,False,wc2026_official_squad_corrected,1994-12-20 00:00:00,,3.0,3.0,1.0,0.0,41.0,27.0,17.0,10.0,0.0,2.0,6.0,0.0,0.0,0.0,0.0,0.0,0.4146341463414634,0.6585365853658537,0.0,,,,,,,,22.0,4.0,0.18181818181818182,True,False,False,False,False,False,False,False,False,False,False,True,True,False
new_zealand_sarpreet_singh,team_new_zealand,New Zealand,Sarpreet Singh,Wellington Phoenix FC (NZL),Midfielder,350357,Sarpreet Singh,https://www.transfermarkt.co.uk/sarpreet-singh/profil/spieler/350357,0.9,exact_name,True,27.0,177.0,left,Attacking Midfield,600000.0,Wellington Phoenix Football Club,sarpreet singh,wellington phoenix fc nzl,,,False,wc2026_official_squad_corrected,1999-02-20 00:00:00,,6.0,3.0,4.0,684.0,54.0,44.0,22.0,22.0,5.0,6.0,4.0,1.0,1.0,0.0,0.0,15.545454545454545,0.4074074074074074,0.8148148148148148,12.666666666666666,0.6578947368421052,0.7894736842105263,0.5263157894736842,0.13157894736842105,0.13157894736842105,0.0,0.0,30.0,2.0,0.06666666666666667,True,True,True,False,True,True,False,False,False,False,False,True,True,False
norway_david_moller_wolfe,team_norway,Norway,David Moller Wolfe,Wolverhampton Wanderers FC (ENG),Defender,661427,David Møller Wolfe,https://www.transfermarkt.co.uk/david-moller-wolfe/profil/spieler/661427,0.9067,near_name,True,24.0,187.0,left,Left-Back,4500000.0,Wolverhampton Wanderers Football Club,david moller wolfe,wolverhampton wanderers fc eng,,,False,wc2026_official_squad_corrected,2002-04-23 00:00:00,,10.0,3.0,2.0,4534.0,98.0,95.0,88.0,7.0,4.0,11.0,13.0,2.0,0.0,0.0,0.0,47.72631578947368,0.8979591836734694,0.9693877551020408,46.265306122448976,0.07940008822232024,0.21835024261138067,0.2580502867225408,0.03970004411116012,0.0,0.0,0.0,41.0,2.0,0.04878048780487805,True,True,True,False,True,True,False,False,False,False,False,True,True,False
norway_fredrik_andre_bjorkan,team_norway,Norway,Fredrik Andre Bjorkan,FK Bodø/Glimt (NOR),Defender,,,,0.0,unmatched,True,,,,,,,fredrik andre bjorkan,fk bod glimt nor,,,False,wc2026_official_squad_corrected,,,,,,,,,,,,,,,,,,,,,,,,,,,,,,,,False,False,False,False,False,False,False,False,False,False,False,True,True,False
norway_henrik_falchener,team_norway,Norway,Henrik Falchener,Viking Stavanger (NOR),Defender,743088,Henrik Falchener,https://www.transfermarkt.co.uk/henrik-falchener/profil/spieler/743088,0.91,exact_name,True,23.0,194.0,right,Centre-Back,,Viking Fotballklubb,henrik falchener,viking stavanger nor,,,False,wc2026_official_squad_corrected,2003-05-08 00:00:00,,1.0,1.0,1.0,0.0,4.0,3.0,3.0,0.0,0.0,0.0,1.0,0.0,0.0,0.0,0.0,0.0,0.75,0.75,0.0,,,,,,,,,,,True,False,False,False,False,False,False,False,False,False,False,True,True,False
norway_kristoffer_ajer,team_norway,Norway,Kristoffer Ajer,Brentford FC (ENG),Defender,328658,Kristoffer Ajer,https://www.transfermarkt.co.uk/kristoffer-ajer/profil/spieler/328658,0.91,exact_name,True,28.0,198.0,right,Centre-Back,16000000.0,Brentford Football Club,kristoffer ajer,brentford fc eng,,,False,wc2026_official_squad_corrected,1998-04-17 00:00:00,,7.0,3.0,1.0,917.0,63.0,58.0,42.0,16.0,2.0,2.0,10.0,0.0,0.0,0.0,0.0,15.810344827586206,0.6666666666666666,0.9206349206349206,14.555555555555555,0.19629225736095965,0.19629225736095965,0.9814612868047983,0.0,0.0,0.0,0.0,82.0,12.0,0.14634146341463414,True,True,True,False,True,True,False,False,False,False,False,True,True,False
norway_leo_ostigard,team_norway,Norway,Leo Ostigard,Genoa CFC (ITA),Defender,367284,Leo Østigård,https://www.transfermarkt.co.uk/leo-ostigard/profil/spieler/367284,0.8761,near_name,True,26.0,183.0,right,Centre-Back,10000000.0,Genoa Cricket and Football Club,leo ostigard,genoa cfc ita,,,False,wc2026_official_squad_corrected,1999-11-28 00:00:00,,9.0,3.0,4.0,3035.0,82.0,63.0,48.0,15.0,3.0,0.0,8.0,1.0,0.0,0.0,0.0,48.17460317460318,0.5853658536585366,0.7682926829268293,37.01219512195122,0.08896210873146623,0.0,0.2372322899505766,0.029654036243822075,0.0,0.0,0.0,82.0,10.0,0.12195121951219512,True,True,True,False,True,True,False,False,False,False,False,True,True,False
norway_marcus_holmgren_pedersen,team_norway,Norway,Marcus Holmgren Pedersen,Torino FC (ITA),Defender,,,,0.0,unmatched,True,,,,,,,marcus holmgren pedersen,torino fc ita,,,False,wc2026_official_squad_corrected,,,,,,,,,,,,,,,,,,,,,,,,,,,,,,,,False,False,False,False,False,False,False,False,False,False,False,True,True,False
norway_sondre_langas,team_norway,Norway,Sondre Langas,Derby County FC (ENG),Defender,737837,Sondre Langås,https://www.transfermarkt.co.uk/sondre-langas/profil/spieler/737837,0.91,exact_name,True,25.0,190.0,right,Centre-Back,,,sondre langas,derby county fc eng,,,False,wc2026_official_squad_corrected,2001-02-02 00:00:00,,1.0,1.0,1.0,0.0,15.0,14.0,13.0,1.0,0.0,0.0,3.0,0.0,0.0,0.0,0.0,0.0,0.8666666666666667,0.9333333333333333,0.0,,,,,,,,,,,True,False,False,False,False,False,False,False,False,False,False,True,True,False
norway_torbjorn_heggem,team_norway,Norway,Torbjorn Heggem,Bologna FC (ITA),Defender,464469,Torbjørn Heggem,https://www.transfermarkt.co.uk/torbjorn-heggem/profil/spieler/464469,0.858,near_name,True,27.0,192.0,left,Centre-Back,,Bologna Football Club 1909,torbjorn heggem,bologna fc ita,,,False,wc2026_official_squad_corrected,1999-01-12 00:00:00,,5.0,3.0,3.0,4014.0,53.0,51.0,51.0,0.0,1.0,2.0,3.0,0.0,0.0,0.0,0.0,78.70588235294117,0.9622641509433962,0.9622641509433962,75.73584905660377,0.02242152466367713,0.04484304932735426,0.06726457399103139,0.0,0.0,0.0,0.0,8.0,0.0,0.0,True,True,True,False,True,True,False,False,False,False,False,True,True,False
norway_alexander_sorloth,team_norway,Norway,Alexander Sorloth,Atlético De Madrid (ESP),Forward,238407,Alexander Sørloth,https://www.transfermarkt.co.uk/alexander-sorloth/profil/spieler/238407,0.9041,near_name,True,30.0,195.0,left,Centre-Forward,20000000.0,Club Atlético de Madrid S.A.D.,alexander sorloth,atletico de madrid esp,,,False,wc2026_official_squad_corrected,1995-12-05 00:00:00,,7.0,3.0,2.0,563.0,98.0,94.0,56.0,38.0,51.0,8.0,12.0,0.0,2.0,0.0,0.0,5.98936170212766,0.5714285714285714,0.9591836734693877,5.744897959183674,8.152753108348135,1.2788632326820604,1.9182948490230907,0.0,0.3197158081705151,0.0,0.0,95.0,31.0,0.3263157894736842,True,True,True,False,True,True,False,False,False,False,False,True,True,False
norway_antonio_nusa,team_norway,Norway,Antonio Nusa,RB Leipzig (GER),Forward,894914,Antonio Nusa,https://www.transfermarkt.co.uk/antonio-nusa/profil/spieler/894914,0.91,exact_name,True,21.0,183.0,right,Left Winger,32000000.0,RasenBallsport Leipzig,antonio nusa,rb leipzig ger,,,False,wc2026_official_squad_corrected,2005-04-17 00:00:00,,12.0,3.0,2.0,1132.0,91.0,89.0,50.0,39.0,9.0,12.0,0.0,0.0,0.0,0.0,0.0,12.719101123595506,0.5494505494505495,0.978021978021978,12.43956043956044,0.715547703180212,0.9540636042402828,0.0,0.0,0.0,0.0,0.0,31.0,10.0,0.3225806451612903,True,True,True,False,True,True,False,False,False,False,False,True,True,False
norway_erling_haaland,team_norway,Norway,Erling Haaland,Manchester City FC (ENG),Forward,418560,Erling Haaland,https://www.transfermarkt.co.uk/erling-haaland/profil/spieler/418560,0.91,exact_name,True,25.0,195.0,left,Centre-Forward,200000000.0,Manchester City Football Club,erling haaland,manchester city fc eng,,,False,wc2026_official_squad_corrected,2000-07-21 00:00:00,,12.0,3.0,1.0,763.0,98.0,92.0,89.0,3.0,72.0,11.0,3.0,0.0,14.0,0.0,0.0,8.293478260869565,0.9081632653061225,0.9387755102040817,7.785714285714286,8.492791612057667,1.2975098296199215,0.3538663171690694,0.0,1.651376146788991,0.0,0.0,98.0,82.0,0.8367346938775511,True,True,True,False,True,True,False,False,False,False,False,True,True,False
norway_jorgen_strand_larsen,team_norway,Norway,Jorgen Strand Larsen,Crystal Palace FC (ENG),Forward,429983,Jørgen Strand Larsen,https://www.transfermarkt.co.uk/jorgen-strand-larsen/profil/spieler/429983,0.871,near_name,True,26.0,193.0,right,Centre-Forward,40000000.0,Crystal Palace Football Club,jorgen strand larsen,crystal palace fc eng,,,False,wc2026_official_squad_corrected,2000-02-06 00:00:00,,7.0,3.0,2.0,417.0,84.0,80.0,70.0,10.0,29.0,8.0,10.0,0.0,0.0,0.0,0.0,5.2125,0.8333333333333334,0.9523809523809523,4.964285714285714,6.258992805755396,1.7266187050359711,2.158273381294964,0.0,0.0,0.0,0.0,77.0,27.0,0.35064935064935066,True,True,False,False,False,False,False,False,False,False,False,True,True,False
norway_julian_ryerson,team_norway,Norway,Julian Ryerson,Borussia Dortmund (GER),Forward,370789,Julian Ryerson,https://www.transfermarkt.co.uk/julian-ryerson/profil/spieler/370789,0.94,exact_name,False,28.0,183.0,right,Right-Back,20000000.0,Borussia Dortmund,julian ryerson,borussia dortmund ger,,,False,wc2026_official_squad_corrected,1997-11-17 00:00:00,,7.0,3.0,1.0,1578.0,82.0,77.0,72.0,5.0,6.0,5.0,11.0,1.0,0.0,0.0,0.0,20.493506493506494,0.8780487804878049,0.9390243902439024,19.24390243902439,0.34220532319391633,0.28517110266159695,0.6273764258555133,0.05703422053231939,0.0,0.0,0.0,65.0,2.0,0.03076923076923077,True,True,True,False,True,True,False,False,False,False,False,True,True,False
norway_egil_selvik,team_norway,Norway,Egil Selvik,Watford FC (ENG),Goalkeeper,380744,Egil Selvik,https://www.transfermarkt.co.uk/egil-selvik/profil/spieler/380744,0.95,exact_name,False,28.0,193.0,left,Goalkeeper,1300000.0,Watford FC,egil selvik,watford fc eng,,,False,wc2026_official_squad_corrected,1997-07-30 00:00:00,,4.0,2.0,2.0,1980.0,25.0,22.0,22.0,0.0,0.0,0.0,2.0,0.0,0.0,27.0,6.0,90.0,0.88,0.88,79.2,0.0,0.0,0.09090909090909091,0.0,0.0,1.2272727272727273,0.2727272727272727,6.0,0.0,0.0,True,True,True,True,True,False,True,False,False,False,False,False,True,True
norway_orjan_nyland,team_norway,Norway,Orjan Nyland,Sevilla FC (ESP),Goalkeeper,73517,Ørjan Nyland,https://www.transfermarkt.co.uk/orjan-nyland/profil/spieler/73517,0.8761,near_name,True,35.0,192.0,right,Goalkeeper,900000.0,Sevilla Fútbol Club S.A.D.,orjan nyland,sevilla fc esp,,,False,wc2026_official_squad_corrected,1990-09-10 00:00:00,,6.0,3.0,1.0,5644.0,72.0,63.0,63.0,0.0,0.0,0.0,4.0,0.0,0.0,82.0,16.0,89.58730158730158,0.875,0.875,78.38888888888889,0.0,0.0,0.06378454996456415,0.0,0.0,1.307583274273565,0.2551381998582566,79.0,0.0,0.0,True,True,True,True,True,False,True,False,False,False,False,False,True,True
norway_sander_tangvik,team_norway,Norway,Sander Tangvik,Hamburger SV (GER),Goalkeeper,549378,Sander Tangvik,https://www.transfermarkt.co.uk/sander-tangvik/profil/spieler/549378,0.91,exact_name,True,23.0,193.0,right,Goalkeeper,,Hamburger Sport Verein,sander tangvik,hamburger sv ger,,,False,wc2026_official_squad_corrected,2002-11-29 00:00:00,,2.0,2.0,1.0,540.0,10.0,6.0,6.0,0.0,0.0,0.0,0.0,0.0,0.0,5.0,4.0,90.0,0.6,0.6,54.0,0.0,0.0,0.0,0.0,0.0,0.8333333333333333,0.6666666666666667,34.0,0.0,0.0,True,True,True,True,True,False,True,False,False,False,False,False,True,True
norway_andreas_schjelderup,team_norway,Norway,Andreas Schjelderup,SL Benfica (POR),Midfielder,670103,Andreas Schjelderup,https://www.transfermarkt.co.uk/andreas-schjelderup/profil/spieler/670103,0.86,exact_name,True,22.0,176.0,right,Left Winger,14000000.0,Sport Lisboa e Benfica,andreas schjelderup,sl benfica por,,,False,wc2026_official_squad_corrected,2004-06-01 00:00:00,,13.0,3.0,2.0,2261.0,99.0,83.0,51.0,32.0,16.0,21.0,6.0,0.0,1.0,0.0,0.0,27.240963855421686,0.5151515151515151,0.8383838383838383,22.838383838383837,0.6368863334807607,0.8359133126934984,0.2388323750552853,0.0,0.039805395842547546,0.0,0.0,39.0,12.0,0.3076923076923077,True,True,True,False,True,True,False,False,False,False,False,True,True,False
norway_fredrik_aursnes,team_norway,Norway,Fredrik Aursnes,SL Benfica (POR),Midfielder,223367,Fredrik Aursnes,https://www.transfermarkt.co.uk/fredrik-aursnes/profil/spieler/223367,0.91,exact_name,True,30.0,181.0,right,Central Midfield,17000000.0,Sport Lisboa e Benfica,fredrik aursnes,sl benfica por,,,False,wc2026_official_squad_corrected,1995-12-10 00:00:00,,13.0,3.0,1.0,3165.0,114.0,113.0,107.0,6.0,9.0,23.0,5.0,1.0,0.0,0.0,0.0,28.008849557522122,0.9385964912280702,0.9912280701754386,27.763157894736842,0.2559241706161137,0.6540284360189573,0.14218009478672985,0.02843601895734597,0.0,0.0,0.0,36.0,2.0,0.05555555555555555,True,True,True,False,True,True,False,False,False,False,False,True,True,False
norway_jens_petter_hauge,team_norway,Norway,Jens Petter Hauge,FK Bodø/Glimt (NOR),Midfielder,422355,Jens Petter Hauge,https://www.transfermarkt.co.uk/jens-petter-hauge/profil/spieler/422355,0.86,exact_name,True,26.0,184.0,right,Left Winger,2500000.0,Fotballklubben Bodø/Glimt,jens petter hauge,fk bod glimt nor,,,False,wc2026_official_squad_corrected,1999-10-12 00:00:00,,8.0,3.0,2.0,1152.0,49.0,43.0,28.0,15.0,3.0,15.0,3.0,0.0,1.0,0.0,0.0,26.790697674418606,0.5714285714285714,0.8775510204081632,23.510204081632654,0.234375,1.171875,0.234375,0.0,0.078125,0.0,0.0,59.0,7.0,0.11864406779661017,True,True,True,False,True,True,False,False,False,False,False,True,True,False
norway_kristian_thorstvedt,team_norway,Norway,Kristian Thorstvedt,US Sassuolo (ITA),Midfielder,564785,Kristian Thorstvedt,https://www.transfermarkt.co.uk/kristian-thorstvedt/profil/spieler/564785,0.91,exact_name,True,27.0,189.0,left,Central Midfield,8000000.0,Unione Sportiva Sassuolo Calcio,kristian thorstvedt,us sassuolo ita,,,False,wc2026_official_squad_corrected,1999-03-13 00:00:00,,4.0,2.0,1.0,677.0,63.0,60.0,53.0,7.0,13.0,5.0,12.0,0.0,1.0,0.0,0.0,11.283333333333333,0.8412698412698413,0.9523809523809523,10.746031746031745,1.7282127031019203,0.6646971935007385,1.5952732644017726,0.0,0.1329394387001477,0.0,0.0,43.0,8.0,0.18604651162790697,True,True,True,False,True,True,False,False,False,False,False,True,True,False
norway_martin_odegaard,team_norway,Norway,Martin Odegaard,Arsenal FC (ENG),Midfielder,,,,0.0,unmatched,True,,,,,,,martin odegaard,arsenal fc eng,,,False,wc2026_official_squad_corrected,,,,,,,,,,,,,,,,,,,,,,,,,,,,,,,,False,False,False,False,False,False,False,False,False,False,False,True,True,False
norway_morten_thorsby,team_norway,Norway,Morten Thorsby,US Cremonese (ITA),Midfielder,226524,Morten Thorsby,https://www.transfermarkt.co.uk/morten-thorsby/profil/spieler/226524,0.91,exact_name,True,30.0,188.0,right,Central Midfield,3000000.0,Unione Sportiva Cremonese S.p.A.,morten thorsby,us cremonese ita,,,False,wc2026_official_squad_corrected,1996-05-05 00:00:00,,6.0,3.0,1.0,571.0,76.0,61.0,36.0,25.0,2.0,3.0,8.0,0.0,0.0,0.0,0.0,9.360655737704919,0.47368421052631576,0.8026315789473685,7.5131578947368425,0.3152364273204904,0.47285464098073554,1.2609457092819616,0.0,0.0,0.0,0.0,92.0,12.0,0.13043478260869565,True,True,True,False,True,True,False,False,False,False,False,True,True,False
norway_oscar_bobb,team_norway,Norway,Oscar Bobb,Fulham FC (ENG),Midfielder,661207,Oscar Bobb,https://www.transfermarkt.co.uk/oscar-bobb/profil/spieler/661207,0.86,exact_name,True,22.0,175.0,left,Right Winger,25000000.0,Fulham Football Club,oscar bobb,fulham fc eng,,,False,wc2026_official_squad_corrected,2003-07-12 00:00:00,,9.0,3.0,2.0,511.0,61.0,32.0,12.0,20.0,2.0,4.0,0.0,0.0,0.0,0.0,0.0,15.96875,0.19672131147540983,0.5245901639344263,8.37704918032787,0.3522504892367906,0.7045009784735812,0.0,0.0,0.0,0.0,0.0,45.0,8.0,0.17777777777777778,True,True,True,False,True,True,False,False,False,False,False,True,True,False
norway_patrick_berg,team_norway,Norway,Patrick Berg,FK Bodø/Glimt (NOR),Midfielder,308439,Patrick Berg,https://www.transfermarkt.co.uk/patrick-berg/profil/spieler/308439,0.91,exact_name,True,28.0,177.0,right,Defensive Midfield,4500000.0,Fotballklubben Bodø/Glimt,patrick berg,fk bod glimt nor,,,False,wc2026_official_squad_corrected,1997-11-24 00:00:00,,5.0,3.0,1.0,1365.0,37.0,37.0,37.0,0.0,6.0,7.0,7.0,0.0,0.0,0.0,0.0,36.891891891891895,1.0,1.0,36.891891891891895,0.3956043956043956,0.46153846153846156,0.46153846153846156,0.0,0.0,0.0,0.0,70.0,1.0,0.014285714285714285,True,True,True,False,True,True,False,False,False,False,False,True,True,False
norway_sander_berge,team_norway,Norway,Sander Berge,Fulham FC (ENG),Midfielder,333014,Sander Berge,https://www.transfermarkt.co.uk/sander-berge/profil/spieler/333014,0.91,exact_name,True,28.0,195.0,right,Defensive Midfield,25000000.0,Fulham Football Club,sander berge,fulham fc eng,,,False,wc2026_official_squad_corrected,1998-02-14 00:00:00,,7.0,3.0,2.0,3218.0,80.0,79.0,69.0,10.0,2.0,2.0,15.0,1.0,0.0,0.0,0.0,40.734177215189874,0.8625,0.9875,40.225,0.05593536357986326,0.05593536357986326,0.4195152268489746,0.02796768178993163,0.0,0.0,0.0,,,,True,True,True,False,True,True,False,False,False,False,False,True,True,False
norway_thelo_aasgaard,team_norway,Norway,Thelo Aasgaard,Rangers FC (SCO),Midfielder,647384,Thelo Aasgaard,https://www.transfermarkt.co.uk/thelo-aasgaard/profil/spieler/647384,0.86,exact_name,True,24.0,188.0,right,Attacking Midfield,,Rangers Football Club,thelo aasgaard,rangers fc sco,,,False,wc2026_official_squad_corrected,2002-05-02 00:00:00,,12.0,3.0,3.0,1731.0,93.0,92.0,81.0,11.0,23.0,7.0,8.0,0.0,1.0,0.0,0.0,18.815217391304348,0.8709677419354839,0.989247311827957,18.612903225806452,1.1958405545927209,0.36395147313691506,0.41594454072790293,0.0,0.05199306759098787,0.0,0.0,22.0,8.0,0.36363636363636365,True,True,True,False,True,True,False,False,False,False,False,True,True,False
panama_amir_murillo,team_panama,Panama,Amir Murillo,Beşiktaş JK (TUR),Defender,354482,Amir Murillo,https://www.transfermarkt.co.uk/amir-murillo/profil/spieler/354482,0.91,exact_name,True,30.0,184.0,right,Right-Back,10000000.0,Beşiktaş Jimnastik Kulübü,amir murillo,besiktas jk tur,,,False,wc2026_official_squad_corrected,1996-02-11 00:00:00,,6.0,3.0,1.0,2768.0,67.0,60.0,46.0,14.0,4.0,5.0,7.0,0.0,0.0,0.0,0.0,46.13333333333333,0.6865671641791045,0.8955223880597015,41.3134328358209,0.13005780346820808,0.16257225433526012,0.22760115606936415,0.0,0.0,0.0,0.0,,,,True,True,True,False,True,True,False,False,False,False,False,True,True,False
panama_andres_andrade,team_panama,Panama,Andres Andrade,LASK Linz (AUT),Defender,403808,Andrés Andrade,https://www.transfermarkt.co.uk/andres-andrade/profil/spieler/403808,0.91,exact_name,True,27.0,187.0,left,Centre-Back,1000000.0,Linzer Athletik-Sport-Klub,andres andrade,lask linz aut,,,False,wc2026_official_squad_corrected,1998-10-16 00:00:00,,9.0,3.0,1.0,975.0,58.0,58.0,57.0,1.0,3.0,4.0,4.0,1.0,0.0,0.0,0.0,16.810344827586206,0.9827586206896551,1.0,16.810344827586206,0.27692307692307694,0.36923076923076925,0.36923076923076925,0.09230769230769231,0.0,0.0,0.0,,,,True,True,True,False,True,True,False,False,False,False,False,True,True,False
panama_carlos_harvey,team_panama,Panama,Carlos Harvey,Minnesota United FC (USA),Defender,628806,Carlos Harvey,https://www.transfermarkt.co.uk/carlos-harvey/profil/spieler/628806,0.94,exact_name,False,26.0,184.0,right,Defensive Midfield,,Minnesota United FC,carlos harvey,minnesota united fc usa,,,False,wc2026_official_squad_corrected,2000-02-03 00:00:00,,,,,,,,,,,,,,,,,,,,,,,,,,,,31.0,2.0,0.06451612903225806,True,False,False,False,False,False,False,False,False,False,False,True,True,False
panama_cesar_blackman,team_panama,Panama,Cesar Blackman,ŠK Slovan Bratislava (SVK),Defender,440383,César Blackman,https://www.transfermarkt.co.uk/cesar-blackman/profil/spieler/440383,0.91,exact_name,True,28.0,174.0,right,Right-Back,,,cesar blackman,sk slovan bratislava svk,,,False,wc2026_official_squad_corrected,1998-04-02 00:00:00,,14.0,3.0,1.0,4176.0,105.0,94.0,72.0,22.0,5.0,5.0,11.0,1.0,0.0,0.0,0.0,44.42553191489362,0.6857142857142857,0.8952380952380953,39.77142857142857,0.10775862068965517,0.10775862068965517,0.23706896551724138,0.021551724137931032,0.0,0.0,0.0,32.0,2.0,0.0625,True,True,True,False,True,True,False,False,False,False,False,True,True,False
panama_edgardo_farina,team_panama,Panama,Edgardo Farina,FC Pari Nizhny Novgorod (RUS),Defender,923177,Edgardo Fariña,https://www.transfermarkt.co.uk/edgardo-farina/profil/spieler/923177,0.95,exact_name,False,24.0,195.0,right,Centre-Back,1000000.0,FK Nizhny Novgorod,edgardo farina,fc pari nizhny novgorod rus,,,False,wc2026_official_squad_corrected,2001-10-19 00:00:00,,,,,,,,,,,,,,,,,,,,,,,,,,,,,,,True,False,False,False,False,False,False,False,False,False,False,True,True,False
panama_eric_davis,team_panama,Panama,Eric Davis,CD Plaza Amador (PAN),Defender,121791,Éric Davis,https://www.transfermarkt.co.uk/eric-davis/profil/spieler/121791,0.91,exact_name,True,35.0,180.0,left,Left-Back,,,eric davis,cd plaza amador pan,,,False,wc2026_official_squad_corrected,1991-03-31 00:00:00,,3.0,2.0,2.0,0.0,17.0,17.0,16.0,1.0,0.0,1.0,1.0,0.0,0.0,0.0,0.0,0.0,0.9411764705882353,1.0,0.0,,,,,,,,99.0,8.0,0.08080808080808081,True,False,False,False,False,False,False,False,False,False,False,True,True,False
panama_fidel_escobar,team_panama,Panama,Fidel Escobar,Deportivo Saprissa (CRC),Defender,345716,Fidel Escobar,https://www.transfermarkt.co.uk/fidel-escobar/profil/spieler/345716,0.91,exact_name,True,31.0,184.0,right,Centre-Back,,,fidel escobar,deportivo saprissa crc,,,False,wc2026_official_squad_corrected,1995-01-09 00:00:00,,14.0,3.0,1.0,4363.0,106.0,106.0,96.0,10.0,8.0,11.0,13.0,1.0,0.0,0.0,0.0,41.160377358490564,0.9056603773584906,1.0,41.160377358490564,0.1650240660096264,0.2269080907632363,0.26816410726564294,0.0206280082512033,0.0,0.0,0.0,101.0,10.0,0.09900990099009901,True,True,True,False,True,True,False,False,False,False,False,True,True,False
panama_jiovany_ramos,team_panama,Panama,Jiovany Ramos,Puerto Cabello CF (VEN),Defender,403809,Jiovany Ramos,https://www.transfermarkt.co.uk/jiovany-ramos/profil/spieler/403809,0.91,exact_name,True,29.0,189.0,right,Centre-Back,,,jiovany ramos,puerto cabello cf ven,,,False,wc2026_official_squad_corrected,1997-01-26 00:00:00,,,,,,,,,,,,,,,,,,,,,,,,,,,,,,,True,False,False,False,False,False,False,False,False,False,False,True,True,False
panama_jorge_gutierrez,team_panama,Panama,Jorge Gutierrez,Deportivo La Guaira (VEN),Defender,443379,Jorge Gutiérrez,https://www.transfermarkt.co.uk/jorge-gutierrez/profil/spieler/443379,0.91,exact_name,True,27.0,171.0,left,Left-Back,,,jorge gutierrez,deportivo la guaira ven,,,False,wc2026_official_squad_corrected,1998-09-01 00:00:00,,,,,,,,,,,,,,,,,,,,,,,,,,,,,,,True,False,False,False,False,False,False,False,False,False,False,True,True,False
panama_jose_cordoba,team_panama,Panama,Jose Cordoba,Norwich City FC (ENG),Defender,698415,José Córdoba,https://www.transfermarkt.co.uk/jose-cordoba/profil/spieler/698415,0.95,exact_name,False,25.0,185.0,left,Centre-Back,,Norwich City,jose cordoba,norwich city fc eng,,,False,wc2026_official_squad_corrected,2001-06-03 00:00:00,,8.0,3.0,2.0,2100.0,81.0,74.0,64.0,10.0,1.0,2.0,13.0,2.0,0.0,0.0,0.0,28.37837837837838,0.7901234567901234,0.9135802469135802,25.925925925925927,0.04285714285714286,0.08571428571428572,0.5571428571428572,0.08571428571428572,0.0,0.0,0.0,,,,True,True,True,False,True,True,False,False,False,False,False,True,True,False
panama_roderick_miller,team_panama,Panama,Roderick Miller,Turan Tovuz (AZE),Defender,157154,Roderick Miller,https://www.transfermarkt.co.uk/roderick-miller/profil/spieler/157154,0.91,exact_name,True,34.0,190.0,left,Centre-Back,200000.0,CD Feirense,roderick miller,turan tovuz aze,,,False,wc2026_official_squad_corrected,1992-04-03 00:00:00,,,,,,,,,,,,,,,,,,,,,,,,,,,,,,,True,False,False,False,False,False,False,False,False,False,False,True,True,False
panama_azarias_londono,team_panama,Panama,Azarias Londono,CD Universidad Católica (ECU),Forward,860998,Azarias Londoño,https://www.transfermarkt.co.uk/azarias-londono/profil/spieler/860998,0.91,exact_name,True,24.0,185.0,right,Centre-Forward,,,azarias londono,cd universidad catolica ecu,,,False,wc2026_official_squad_corrected,2001-06-21 00:00:00,,,,,,,,,,,,,,,,,,,,,,,,,,,,8.0,1.0,0.125,True,False,False,False,False,False,False,False,False,False,False,True,True,False
panama_cecilio_waterman,team_panama,Panama,Cecilio Waterman,CD Universidad De Concepción (CHI),Forward,,,,0.0,unmatched,True,,,,,,,cecilio waterman,cd universidad de concepcion chi,,,False,wc2026_official_squad_corrected,,,,,,,,,,,,,,,,,,,,,,,,,,,,,,,,False,False,False,False,False,False,False,False,False,False,False,True,True,False
panama_jose_fajardo,team_panama,Panama,Jose Fajardo,CD Universidad Católica (ECU),Forward,,,,0.0,unmatched,True,,,,,,,jose fajardo,cd universidad catolica ecu,,,False,wc2026_official_squad_corrected,,,,,,,,,,,,,,,,,,,,,,,,,,,,,,,,False,False,False,False,False,False,False,False,False,False,False,True,True,False
panama_tomas_rodriguez,team_panama,Panama,Tomas Rodriguez,Deportivo Saprissa (CRC),Forward,569205,Tomás Rodríguez,https://www.transfermarkt.co.uk/tomas-rodriguez/profil/spieler/569205,0.91,exact_name,True,27.0,178.0,right,Centre-Forward,,,tomas rodriguez,deportivo saprissa crc,,,False,wc2026_official_squad_corrected,1999-03-09 00:00:00,,,,,,,,,,,,,,,,,,,,,,,,,,,,,,,True,False,False,False,False,False,False,False,False,False,False,True,True,False
panama_cesar_samudio,team_panama,Panama,Cesar Samudio,CD Marathón (HON),Goalkeeper,,,,0.0,unmatched,True,,,,,,,cesar samudio,cd marathon hon,,,False,wc2026_official_squad_corrected,,,,,,,,,,,,,,,,,,,,,,,,,,,,,,,,False,False,False,True,False,False,False,False,False,False,False,False,True,True
panama_luis_mejia,team_panama,Panama,Luis Mejia,Club Nacional (URU),Goalkeeper,,,,0.0,unmatched,True,,,,,,,luis mejia,club nacional uru,,,False,wc2026_official_squad_corrected,,,,,,,,,,,,,,,,,,,,,,,,,,,,,,,,False,False,False,True,False,False,False,False,False,False,False,False,True,True
panama_orlando_mosquera,team_panama,Panama,Orlando Mosquera,Al Fayha FC (KSA),Goalkeeper,402979,Orlando Mosquera,https://www.transfermarkt.co.uk/orlando-mosquera/profil/spieler/402979,0.95,exact_name,False,31.0,191.0,right,Goalkeeper,,Al-Fayha FC,orlando mosquera,al fayha fc ksa,,,False,wc2026_official_squad_corrected,1994-12-25 00:00:00,,,,,,,,,,,,,,,,,,,,,,,,,,,,,,,True,False,False,True,False,False,False,False,False,False,False,False,True,True
panama_adalberto_carrasquilla,team_panama,Panama,Adalberto Carrasquilla,Pumas UNAM (MEX),Midfielder,375300,Adalberto Carrasquilla,https://www.transfermarkt.co.uk/adalberto-carrasquilla/profil/spieler/375300,0.91,exact_name,True,27.0,171.0,right,Central Midfield,,Club Universidad Nacional A. C.,adalberto carrasquilla,pumas unam mex,,,False,wc2026_official_squad_corrected,1998-11-28 00:00:00,,5.0,3.0,2.0,1461.0,33.0,33.0,29.0,4.0,2.0,5.0,7.0,0.0,1.0,0.0,0.0,44.27272727272727,0.8787878787878788,1.0,44.27272727272727,0.12320328542094455,0.3080082135523614,0.4312114989733059,0.0,0.061601642710472276,0.0,0.0,66.0,3.0,0.045454545454545456,True,True,True,False,True,True,False,False,False,False,False,True,True,False
panama_alberto_quintero,team_panama,Panama,Alberto Quintero,CD Plaza Amador (PAN),Midfielder,126019,Alberto Quintero,https://www.transfermarkt.co.uk/alberto-quintero/profil/spieler/126019,0.86,exact_name,True,38.0,168.0,right,Right Winger,,,alberto quintero,cd plaza amador pan,,,False,wc2026_official_squad_corrected,1987-12-18 00:00:00,,1.0,1.0,1.0,245.0,3.0,3.0,3.0,0.0,1.0,1.0,0.0,0.0,1.0,0.0,0.0,81.66666666666667,1.0,1.0,81.66666666666667,0.3673469387755102,0.3673469387755102,0.0,0.0,0.3673469387755102,0.0,0.0,149.0,10.0,0.06711409395973154,True,True,False,False,False,False,False,False,False,False,False,True,True,False
panama_anibal_godoy,team_panama,Panama,Anibal Godoy,San Diego FC (USA),Midfielder,161671,Aníbal Godoy,https://www.transfermarkt.co.uk/anibal-godoy/profil/spieler/161671,0.91,exact_name,True,36.0,183.0,left,Defensive Midfield,,San Diego Football Club,anibal godoy,san diego fc usa,,,False,wc2026_official_squad_corrected,1990-02-10 00:00:00,,1.0,1.0,1.0,0.0,4.0,4.0,4.0,0.0,0.0,0.0,1.0,0.0,0.0,0.0,0.0,0.0,1.0,1.0,0.0,,,,,,,,152.0,4.0,0.02631578947368421,True,False,False,False,False,False,False,False,False,False,False,True,True,False
panama_cesar_yanis,team_panama,Panama,Cesar Yanis,CD Cobresal (CHI),Midfielder,741098,César Yanis,https://www.transfermarkt.co.uk/cesar-yanis/profil/spieler/741098,0.86,exact_name,True,30.0,160.0,left,Right Winger,,,cesar yanis,cd cobresal chi,,,False,wc2026_official_squad_corrected,1996-01-28 00:00:00,,6.0,2.0,1.0,1704.0,65.0,65.0,59.0,6.0,11.0,10.0,3.0,0.0,0.0,0.0,0.0,26.215384615384615,0.9076923076923077,1.0,26.215384615384615,0.5809859154929577,0.528169014084507,0.15845070422535212,0.0,0.0,0.0,0.0,,,,True,True,True,False,True,True,False,False,False,False,False,True,True,False
panama_cristian_martinez,team_panama,Panama,Cristian Martinez,Hapoel Kiryat Shmona FC (ISR),Midfielder,419247,Cristian Martínez,https://www.transfermarkt.co.uk/cristian-martinez/profil/spieler/419247,0.91,exact_name,True,29.0,170.0,right,Defensive Midfield,,,cristian martinez,hapoel kiryat shmona fc isr,,,False,wc2026_official_squad_corrected,1997-02-06 00:00:00,,,,,,,,,,,,,,,,,,,,,,,,,,,,,,,True,False,False,False,False,False,False,False,False,False,False,True,True,False
panama_edgar_yoel_barcenas,team_panama,Panama,Edgar Yoel Barcenas,Mazatlán FC (MEX),Midfielder,,,,0.0,unmatched,True,,,,,,,edgar yoel barcenas,mazatlan fc mex,,,False,wc2026_official_squad_corrected,,,,,,,,,,,,,,,,,,,,,,,,,,,,,,,,False,False,False,False,False,False,False,False,False,False,False,True,True,False
panama_ismael_diaz,team_panama,Panama,Ismael Diaz,Club León (MEX),Midfielder,243298,Ismael Díaz,https://www.transfermarkt.co.uk/ismael-diaz/profil/spieler/243298,0.86,exact_name,True,29.0,183.0,right,Left Winger,1000000.0,Club León Fútbol Club,ismael diaz,club leon mex,,,False,wc2026_official_squad_corrected,1997-05-12 00:00:00,,,,,,,,,,,,,,,,,,,,,,,,,,,,64.0,23.0,0.359375,True,False,False,False,False,False,False,False,False,False,False,True,True,False
panama_jose_luis_rodriguez,team_panama,Panama,Jose Luis Rodriguez,FC Juárez (MEX),Midfielder,425028,José Luis Rodríguez,https://www.transfermarkt.co.uk/jose-luis-rodriguez/profil/spieler/425028,0.86,exact_name,True,27.0,183.0,left,Left Winger,2000000.0,Fútbol Club Juárez,jose luis rodriguez,fc juarez mex,,,False,wc2026_official_squad_corrected,1998-06-19 00:00:00,,8.0,3.0,3.0,3315.0,65.0,64.0,51.0,13.0,3.0,10.0,7.0,1.0,0.0,0.0,0.0,51.796875,0.7846153846153846,0.9846153846153847,51.0,0.08144796380090498,0.2714932126696833,0.19004524886877827,0.027149321266968326,0.0,0.0,0.0,66.0,8.0,0.12121212121212122,True,True,True,False,True,True,False,False,False,False,False,True,True,False
paraguay_alexandro_maidana,team_paraguay,Paraguay,Alexandro Maidana,CA Talleres (ARG),Defender,1371519,Alexandro Maidana,https://www.transfermarkt.co.uk/alexandro-maidana/profil/spieler/1371519,0.91,exact_name,True,20.0,178.0,left,Left-Back,,Club Atlético Talleres,alexandro maidana,ca talleres arg,,,False,wc2026_official_squad_corrected,2005-07-26 00:00:00,,,,,,,,,,,,,,,,,,,,,,,,,,,,,,,True,False,False,False,False,False,False,False,False,False,False,True,True,False
paraguay_fabian_balbuena,team_paraguay,Paraguay,Fabian Balbuena,Grêmio FBPA (BRA),Defender,285548,Fabián Balbuena,https://www.transfermarkt.co.uk/fabian-balbuena/profil/spieler/285548,0.91,exact_name,True,34.0,189.0,right,Centre-Back,1500000.0,Grêmio Foot-Ball Porto Alegrense,fabian balbuena,gremio fbpa bra,,,False,wc2026_official_squad_corrected,1991-08-23 00:00:00,,4.0,2.0,1.0,2514.0,61.0,57.0,54.0,3.0,5.0,4.0,9.0,0.0,0.0,0.0,0.0,44.10526315789474,0.8852459016393442,0.9344262295081968,41.21311475409836,0.17899761336515513,0.1431980906921241,0.32219570405727926,0.0,0.0,0.0,0.0,51.0,3.0,0.058823529411764705,True,True,True,False,True,True,False,False,False,False,False,True,True,False
paraguay_gustavo_gomez,team_paraguay,Paraguay,Gustavo Gomez,SE Palmeiras (BRA),Defender,215390,Gustavo Gómez,https://www.transfermarkt.co.uk/gustavo-gomez/profil/spieler/215390,0.91,exact_name,True,33.0,185.0,right,Centre-Back,8500000.0,Sociedade Esportiva Palmeiras,gustavo gomez,se palmeiras bra,,,False,wc2026_official_squad_corrected,1993-05-06 00:00:00,,,,,,,,,,,,,,,,,,,,,,,,,,,,98.0,5.0,0.05102040816326531,True,False,False,False,False,False,False,False,False,False,False,True,True,False
paraguay_gustavo_velazquez,team_paraguay,Paraguay,Gustavo Velazquez,Cerro Porteño (PAR),Defender,,,,0.0,unmatched,True,,,,,,,gustavo velazquez,cerro porteno par,,,False,wc2026_official_squad_corrected,,,,,,,,,,,,,,,,,,,,,,,,,,,,,,,,False,False,False,False,False,False,False,False,False,False,False,True,True,False
paraguay_jose_canale,team_paraguay,Paraguay,Jose Canale,CA Lanús (ARG),Defender,402627,José Canale,https://www.transfermarkt.co.uk/jose-canale/profil/spieler/402627,0.91,exact_name,True,29.0,187.0,left,Centre-Back,,Club Atlético Lanús,jose canale,ca lanus arg,,,False,wc2026_official_squad_corrected,1996-07-20 00:00:00,,,,,,,,,,,,,,,,,,,,,,,,,,,,,,,True,False,False,False,False,False,False,False,False,False,False,True,True,False
paraguay_juan_jose_caceres,team_paraguay,Paraguay,Juan Jose Caceres,FC Dynamo Moscow (RUS),Defender,756494,Juan José Cáceres,https://www.transfermarkt.co.uk/juan-jose-caceres/profil/spieler/756494,0.91,exact_name,True,26.0,177.0,right,Right-Back,4000000.0,FK Dinamo Moskva,juan jose caceres,fc dynamo moscow rus,,,False,wc2026_official_squad_corrected,2000-06-01 00:00:00,,,,,,,,,,,,,,,,,,,,,,,,,,,,,,,True,False,False,False,False,False,False,False,False,False,False,True,True,False
paraguay_junior_alonso,team_paraguay,Paraguay,Junior Alonso,Atlético Mineiro (BRA),Defender,273000,Júnior Alonso,https://www.transfermarkt.co.uk/junior-alonso/profil/spieler/273000,0.95,exact_name,False,33.0,185.0,left,Centre-Back,8000000.0,Clube Atlético Mineiro,junior alonso,atletico mineiro bra,,,False,wc2026_official_squad_corrected,1993-02-09 00:00:00,,2.0,1.0,1.0,0.0,36.0,35.0,33.0,2.0,0.0,3.0,4.0,0.0,0.0,0.0,0.0,0.0,0.9166666666666666,0.9722222222222222,0.0,,,,,,,,78.0,5.0,0.0641025641025641,True,False,False,False,False,False,False,False,False,False,False,True,True,False
paraguay_omar_alderete,team_paraguay,Paraguay,Omar Alderete,Sunderland AFC (ENG),Defender,353032,Omar Alderete,https://www.transfermarkt.co.uk/omar-alderete/profil/spieler/353032,0.91,exact_name,True,29.0,188.0,left,Centre-Back,12000000.0,Sunderland Association Football Club,omar alderete,sunderland afc eng,,,False,wc2026_official_squad_corrected,1996-12-26 00:00:00,,5.0,3.0,2.0,2978.0,81.0,74.0,64.0,10.0,1.0,2.0,16.0,1.0,0.0,0.0,0.0,40.24324324324324,0.7901234567901234,0.9135802469135802,36.76543209876543,0.03022162525184688,0.06044325050369376,0.48354600402955006,0.03022162525184688,0.0,0.0,0.0,50.0,4.0,0.08,True,True,True,False,True,True,False,False,False,False,False,True,True,False
paraguay_alejandro_romero_gamarra,team_paraguay,Paraguay,Alejandro Romero Gamarra,Al Ain FC (UAE),Forward,,,,0.0,unmatched,True,,,,,,,alejandro romero gamarra,al ain fc uae,,,False,wc2026_official_squad_corrected,,,,,,,,,,,,,,,,,,,,,,,,,,,,,,,,False,False,False,False,False,False,False,False,False,False,False,True,True,False
paraguay_alex_arce,team_paraguay,Paraguay,Alex Arce,CS Independiente Rivadavia (ARG),Forward,970518,Álex Arce,https://www.transfermarkt.co.uk/alex-arce/profil/spieler/970518,0.95,exact_name,False,30.0,187.0,right,Centre-Forward,,Club Sportivo Independiente Rivadavia,alex arce,cs independiente rivadavia arg,,,False,wc2026_official_squad_corrected,1995-06-16 00:00:00,,,,,,,,,,,,,,,,,,,,,,,,,,,,,,,True,False,False,False,False,False,False,False,False,False,False,True,True,False
paraguay_antonio_sanabria,team_paraguay,Paraguay,Antonio Sanabria,US Cremonese (ITA),Forward,234523,Antonio Sanabria,https://www.transfermarkt.co.uk/antonio-sanabria/profil/spieler/234523,0.91,exact_name,True,30.0,180.0,right,Centre-Forward,7000000.0,Unione Sportiva Cremonese S.p.A.,antonio sanabria,us cremonese ita,,,False,wc2026_official_squad_corrected,1996-03-04 00:00:00,,5.0,3.0,2.0,1087.0,79.0,66.0,43.0,23.0,7.0,2.0,5.0,0.0,2.0,0.0,0.0,16.46969696969697,0.5443037974683544,0.8354430379746836,13.759493670886076,0.5795768169273229,0.1655933762649494,0.41398344066237347,0.0,0.1655933762649494,0.0,0.0,60.0,12.0,0.2,True,True,True,False,True,True,False,False,False,False,False,True,True,False
paraguay_gabriel_avalos,team_paraguay,Paraguay,Gabriel Avalos,CA Independiente (ARG),Forward,358418,Gabriel Ávalos,https://www.transfermarkt.co.uk/gabriel-avalos/profil/spieler/358418,0.91,exact_name,True,35.0,190.0,right,Centre-Forward,,Club Atlético Independiente de Avellaneda,gabriel avalos,ca independiente arg,,,False,wc2026_official_squad_corrected,1990-10-12 00:00:00,,,,,,,,,,,,,,,,,,,,,,,,,,,,21.0,2.0,0.09523809523809523,True,False,False,False,False,False,False,False,False,False,False,True,True,False
paraguay_isidro_pitta,team_paraguay,Paraguay,Isidro Pitta,Red Bull Bragantino (BRA),Forward,675178,Isidro Pitta,https://www.transfermarkt.co.uk/isidro-pitta/profil/spieler/675178,0.99,exact_name,False,26.0,183.0,right,Centre-Forward,,Red Bull Bragantino,isidro pitta,red bull bragantino bra,,,False,wc2026_official_squad_corrected,1999-08-14 00:00:00,,,,,,,,,,,,,,,,,,,,,,,,,,,,5.0,0.0,0.0,True,False,False,False,False,False,False,False,False,False,False,True,True,False
paraguay_julio_enciso,team_paraguay,Paraguay,Julio Enciso,RC Strasbourg (FRA),Forward,660867,Julio Enciso,https://www.transfermarkt.co.uk/julio-enciso/profil/spieler/660867,0.91,exact_name,True,22.0,173.0,right,Attacking Midfield,20000000.0,Racing Club de Strasbourg Alsace,julio enciso,rc strasbourg fra,,,False,wc2026_official_squad_corrected,2004-01-23 00:00:00,,7.0,2.0,2.0,502.0,52.0,44.0,25.0,19.0,3.0,6.0,5.0,0.0,0.0,0.0,0.0,11.409090909090908,0.4807692307692308,0.8461538461538461,9.653846153846153,0.5378486055776892,1.0756972111553784,0.896414342629482,0.0,0.0,0.0,0.0,35.0,7.0,0.2,True,True,True,False,True,True,False,False,False,False,False,True,True,False
paraguay_gaston_olveira,team_paraguay,Paraguay,Gaston Olveira,Club Olimpia (PAR),Goalkeeper,,,,0.0,unmatched,True,,,,,,,gaston olveira,club olimpia par,,,False,wc2026_official_squad_corrected,,,,,,,,,,,,,,,,,,,,,,,,,,,,,,,,False,False,False,True,False,False,False,False,False,False,False,False,True,True
paraguay_gatito_fernandez,team_paraguay,Paraguay,Gatito Fernandez,Cerro Porteño (PAR),Goalkeeper,,,,0.0,unmatched,True,,,,,,,gatito fernandez,cerro porteno par,,,False,wc2026_official_squad_corrected,,,,,,,,,,,,,,,,,,,,,,,,,,,,,,,,False,False,False,True,False,False,False,False,False,False,False,False,True,True
paraguay_orlando_gill,team_paraguay,Paraguay,Orlando Gill,CA San Lorenzo (ARG),Goalkeeper,643259,Orlando Gill,https://www.transfermarkt.co.uk/orlando-gill/profil/spieler/643259,0.91,exact_name,True,25.0,198.0,left,Goalkeeper,,Club Atlético San Lorenzo de Almagro,orlando gill,ca san lorenzo arg,,,False,wc2026_official_squad_corrected,2000-06-11 00:00:00,,,,,,,,,,,,,,,,,,,,,,,,,,,,1.0,0.0,0.0,True,False,False,True,False,False,False,False,False,False,False,False,True,True
paraguay_andres_cubas,team_paraguay,Paraguay,Andres Cubas,Vancouver Whitecaps FC (CAN),Midfielder,323872,Andrés Cubas,https://www.transfermarkt.co.uk/andres-cubas/profil/spieler/323872,0.99,exact_name,False,30.0,166.0,right,Defensive Midfield,4500000.0,Vancouver Whitecaps FC,andres cubas,vancouver whitecaps fc can,,,False,wc2026_official_squad_corrected,1996-05-22 00:00:00,,2.0,2.0,1.0,0.0,9.0,9.0,7.0,2.0,0.0,1.0,3.0,0.0,0.0,0.0,0.0,0.0,0.7777777777777778,1.0,0.0,,,,,,,,36.0,0.0,0.0,True,False,False,False,False,False,False,False,False,False,False,True,True,False
paraguay_braian_ojeda,team_paraguay,Paraguay,Braian Ojeda,Orlando City SC (USA),Midfielder,491596,Braian Ojeda,https://www.transfermarkt.co.uk/braian-ojeda/profil/spieler/491596,0.95,exact_name,False,25.0,173.0,right,Defensive Midfield,,Orlando City Soccer Club,braian ojeda,orlando city sc usa,,,False,wc2026_official_squad_corrected,2000-06-27 00:00:00,,1.0,1.0,1.0,0.0,2.0,2.0,1.0,1.0,0.0,0.0,0.0,0.0,0.0,0.0,0.0,0.0,0.5,1.0,0.0,,,,,,,,,,,True,False,False,False,False,False,False,False,False,False,False,True,True,False
paraguay_damian_bobadilla,team_paraguay,Paraguay,Damian Bobadilla,São Paulo FC (BRA),Midfielder,861852,Damián Bobadilla,https://www.transfermarkt.co.uk/damian-bobadilla/profil/spieler/861852,0.91,exact_name,True,24.0,181.0,right,Central Midfield,,São Paulo Futebol Clube,damian bobadilla,sao paulo fc bra,,,False,wc2026_official_squad_corrected,2001-07-11 00:00:00,,,,,,,,,,,,,,,,,,,,,,,,,,,,,,,True,False,False,False,False,False,False,False,False,False,False,True,True,False
paraguay_diego_gomez,team_paraguay,Paraguay,Diego Gomez,Brighton & Hove Albion FC (ENG),Midfielder,996897,Diego Gómez,https://www.transfermarkt.co.uk/diego-gomez/profil/spieler/996897,0.91,exact_name,True,23.0,185.0,right,Central Midfield,25000000.0,Brighton and Hove Albion Football Club,diego gomez,brighton hove albion fc eng,,,False,wc2026_official_squad_corrected,2003-03-27 00:00:00,,6.0,3.0,3.0,933.0,29.0,28.0,11.0,17.0,3.0,2.0,3.0,0.0,0.0,0.0,0.0,33.32142857142857,0.3793103448275862,0.9655172413793104,32.172413793103445,0.28938906752411575,0.19292604501607716,0.28938906752411575,0.0,0.0,0.0,0.0,,,,True,True,True,False,True,True,False,False,False,False,False,True,True,False
paraguay_gustavo_caballero,team_paraguay,Paraguay,Gustavo Caballero,Portsmouth FC (ENG),Midfielder,891672,Gustavo Caballero,https://www.transfermarkt.co.uk/gustavo-caballero/profil/spieler/891672,0.86,exact_name,True,24.0,186.0,right,Left Winger,,Santos Futebol Clube,gustavo caballero,portsmouth fc eng,,,False,wc2026_official_squad_corrected,2001-09-21 00:00:00,,,,,,,,,,,,,,,,,,,,,,,,,,,,,,,True,False,False,False,False,False,False,False,False,False,False,True,True,False
paraguay_matias_galarza,team_paraguay,Paraguay,Matias Galarza,Atlanta United FC (USA),Midfielder,661269,Matías Galarza,https://www.transfermarkt.co.uk/matias-galarza/profil/spieler/661269,0.91,exact_name,True,24.0,175.0,left,Central Midfield,,Atlanta United Football Club,matias galarza,atlanta united fc usa,,,False,wc2026_official_squad_corrected,2002-02-11 00:00:00,,1.0,1.0,1.0,0.0,1.0,1.0,1.0,0.0,0.0,0.0,0.0,0.0,0.0,0.0,0.0,0.0,1.0,1.0,0.0,,,,,,,,10.0,2.0,0.2,True,False,False,False,False,False,False,False,False,False,False,True,True,False
paraguay_mauricio,team_paraguay,Paraguay,Mauricio,SE Palmeiras (BRA),Midfielder,678439,Mauricio,https://www.transfermarkt.co.uk/mauricio/profil/spieler/678439,0.86,exact_name,True,24.0,174.0,left,Attacking Midfield,,Sociedade Esportiva Palmeiras,mauricio,se palmeiras bra,,,False,wc2026_official_squad_corrected,2001-06-22 00:00:00,,,,,,,,,,,,,,,,,,,,,,,,,,,,,,,True,False,False,False,False,False,False,False,False,False,False,True,True,False
paraguay_miguel_almiron,team_paraguay,Paraguay,Miguel Almiron,Atlanta United FC (USA),Midfielder,272999,Miguel Almirón,https://www.transfermarkt.co.uk/miguel-almiron/profil/spieler/272999,0.86,exact_name,True,32.0,174.0,left,Right Winger,9000000.0,Atlanta United Football Club,miguel almiron,atlanta united fc usa,,,False,wc2026_official_squad_corrected,1994-02-10 00:00:00,,7.0,2.0,1.0,1265.0,74.0,59.0,33.0,26.0,5.0,3.0,4.0,0.0,0.0,0.0,0.0,21.440677966101696,0.44594594594594594,0.7972972972972973,17.094594594594593,0.3557312252964427,0.21343873517786563,0.2845849802371542,0.0,0.0,0.0,0.0,,,,True,True,True,False,True,True,False,False,False,False,False,True,True,False
paraguay_ramon_sosa,team_paraguay,Paraguay,Ramon Sosa,SE Palmeiras (BRA),Midfielder,745191,Ramón Sosa,https://www.transfermarkt.co.uk/ramon-sosa/profil/spieler/745191,0.86,exact_name,True,26.0,179.0,right,Second Striker,11000000.0,Sociedade Esportiva Palmeiras,ramon sosa,se palmeiras bra,,,False,wc2026_official_squad_corrected,1999-08-31 00:00:00,,3.0,1.0,1.0,381.0,37.0,23.0,4.0,19.0,3.0,1.0,2.0,0.0,0.0,0.0,0.0,16.565217391304348,0.10810810810810811,0.6216216216216216,10.297297297297296,0.7086614173228346,0.23622047244094488,0.47244094488188976,0.0,0.0,0.0,0.0,25.0,1.0,0.04,True,True,False,False,False,False,False,False,False,False,False,True,True,False
portugal_diogo_dalot,team_portugal,Portugal,Diogo Dalot,Manchester United FC (ENG),Defender,357147,Diogo Dalot,https://www.transfermarkt.co.uk/diogo-dalot/profil/spieler/357147,0.91,exact_name,True,27.0,183.0,right,Right-Back,28000000.0,Manchester United Football Club,diogo dalot,manchester united fc eng,,,False,wc2026_official_squad_corrected,1999-03-18 00:00:00,,11.0,3.0,1.0,2525.0,108.0,107.0,100.0,7.0,6.0,11.0,11.0,2.0,0.0,0.0,0.0,23.598130841121495,0.9259259259259259,0.9907407407407407,23.37962962962963,0.21386138613861386,0.3920792079207921,0.3920792079207921,0.0712871287128713,0.0,0.0,0.0,100.0,5.0,0.05,True,True,True,False,True,True,False,False,False,False,False,True,True,False
portugal_goncalo_inacio,team_portugal,Portugal,Goncalo Inacio,Sporting CP (POR),Defender,549006,Gonçalo Inácio,https://www.transfermarkt.co.uk/goncalo-inacio/profil/spieler/549006,0.91,exact_name,True,24.0,186.0,left,Centre-Back,45000000.0,Sporting Clube de Portugal,goncalo inacio,sporting cp por,,,False,wc2026_official_squad_corrected,2001-08-25 00:00:00,,11.0,3.0,1.0,4509.0,100.0,96.0,85.0,11.0,10.0,6.0,17.0,1.0,0.0,0.0,0.0,46.96875,0.85,0.96,45.09,0.19960079840319364,0.11976047904191617,0.33932135728542917,0.01996007984031936,0.0,0.0,0.0,36.0,3.0,0.08333333333333333,True,True,True,False,True,True,False,False,False,False,False,True,True,False
portugal_joao_cancelo,team_portugal,Portugal,Joao Cancelo,FC Barcelona (ESP),Defender,182712,João Cancelo,https://www.transfermarkt.co.uk/joao-cancelo/profil/spieler/182712,0.91,exact_name,True,32.0,182.0,right,Right-Back,25000000.0,Futbol Club Barcelona,joao cancelo,fc barcelona esp,,,False,wc2026_official_squad_corrected,1994-05-27 00:00:00,,7.0,3.0,2.0,2007.0,78.0,77.0,70.0,7.0,6.0,16.0,15.0,0.0,0.0,0.0,0.0,26.064935064935064,0.8974358974358975,0.9871794871794872,25.73076923076923,0.26905829596412556,0.7174887892376681,0.6726457399103138,0.0,0.0,0.0,0.0,137.0,15.0,0.10948905109489052,True,True,True,False,True,True,False,False,False,False,False,True,True,False
portugal_nelson_semedo,team_portugal,Portugal,Nelson Semedo,Fenerbahçe SK (TUR),Defender,231572,Nélson Semedo,https://www.transfermarkt.co.uk/nelson-semedo/profil/spieler/231572,0.91,exact_name,True,32.0,177.0,right,Right-Back,7500000.0,Fenerbahçe Spor Kulübü,nelson semedo,fenerbahce sk tur,,,False,wc2026_official_squad_corrected,1993-11-16 00:00:00,,8.0,3.0,3.0,391.0,85.0,85.0,80.0,5.0,1.0,7.0,22.0,1.0,0.0,0.0,0.0,4.6,0.9411764705882353,1.0,4.6,0.23017902813299235,1.6112531969309463,5.063938618925831,0.23017902813299235,0.0,0.0,0.0,45.0,0.0,0.0,True,True,False,False,False,False,False,False,False,False,False,True,True,False
portugal_nuno_mendes,team_portugal,Portugal,Nuno Mendes,Paris Saint-Germain (FRA),Defender,616341,Nuno Mendes,https://www.transfermarkt.co.uk/nuno-mendes/profil/spieler/616341,0.95,exact_name,False,23.0,180.0,left,Left-Back,75000000.0,Paris Saint-Germain Football Club,nuno mendes,paris saint germain fra,,,False,wc2026_official_squad_corrected,2002-06-19 00:00:00,,9.0,3.0,1.0,1466.0,68.0,64.0,52.0,12.0,7.0,9.0,12.0,0.0,0.0,0.0,0.0,22.90625,0.7647058823529411,0.9411764705882353,21.558823529411764,0.4297407912687585,0.5525238744884038,0.7366984993178717,0.0,0.0,0.0,0.0,,,,True,True,True,False,True,True,False,False,False,False,False,True,True,False
portugal_renato_veiga,team_portugal,Portugal,Renato Veiga,Villarreal CF (ESP),Defender,805714,Renato Veiga,https://www.transfermarkt.co.uk/renato-veiga/profil/spieler/805714,0.91,exact_name,True,22.0,190.0,left,Centre-Back,25000000.0,Villarreal Club de Fútbol S.A.D.,renato veiga,villarreal cf esp,,,False,wc2026_official_squad_corrected,2003-07-29 00:00:00,,10.0,3.0,4.0,1207.0,75.0,61.0,50.0,11.0,4.0,3.0,13.0,1.0,0.0,0.0,0.0,19.78688524590164,0.6666666666666666,0.8133333333333334,16.093333333333334,0.29826014913007454,0.22369511184755594,0.9693454846727423,0.07456503728251863,0.0,0.0,0.0,24.0,2.0,0.08333333333333333,True,True,True,False,True,True,False,False,False,False,False,True,True,False
portugal_ruben_dias,team_portugal,Portugal,Ruben Dias,Manchester City FC (ENG),Defender,258004,Rúben Dias,https://www.transfermarkt.co.uk/ruben-dias/profil/spieler/258004,0.91,exact_name,True,29.0,187.0,right,Centre-Back,60000000.0,Manchester City Football Club,ruben dias,manchester city fc eng,,,False,wc2026_official_squad_corrected,1997-05-14 00:00:00,,12.0,3.0,1.0,0.0,100.0,88.0,79.0,9.0,0.0,0.0,10.0,0.0,0.0,0.0,0.0,0.0,0.79,0.88,0.0,,,,,,,,115.0,6.0,0.05217391304347826,True,False,False,False,False,False,False,False,False,False,False,True,True,False
portugal_samu_costa,team_portugal,Portugal,Samu Costa,RCD Mallorca (ESP),Defender,657430,Samú Costa,https://www.transfermarkt.co.uk/samu-costa/profil/spieler/657430,0.86,exact_name,True,25.0,185.0,left,Defensive Midfield,15000000.0,Real Club Deportivo Mallorca S.A.D.,samu costa,rcd mallorca esp,,,False,wc2026_official_squad_corrected,2000-11-27 00:00:00,,5.0,3.0,1.0,2305.0,79.0,73.0,60.0,13.0,1.0,3.0,17.0,1.0,0.0,0.0,0.0,31.575342465753426,0.759493670886076,0.9240506329113924,29.17721518987342,0.039045553145336226,0.11713665943600868,0.6637744034707158,0.039045553145336226,0.0,0.0,0.0,21.0,2.0,0.09523809523809523,True,True,True,False,True,True,False,False,False,False,False,True,True,False
portugal_tomas_araujo,team_portugal,Portugal,Tomas Araujo,SL Benfica (POR),Defender,504087,Tomás Araújo,https://www.transfermarkt.co.uk/tomas-araujo/profil/spieler/504087,0.91,exact_name,True,24.0,187.0,right,Centre-Back,28000000.0,Sport Lisboa e Benfica,tomas araujo,sl benfica por,,,False,wc2026_official_squad_corrected,2002-05-16 00:00:00,,12.0,3.0,2.0,2796.0,104.0,68.0,55.0,13.0,2.0,3.0,2.0,0.0,0.0,0.0,0.0,41.11764705882353,0.5288461538461539,0.6538461538461539,26.884615384615383,0.06437768240343347,0.09656652360515021,0.06437768240343347,0.0,0.0,0.0,0.0,60.0,0.0,0.0,True,True,True,False,True,True,False,False,False,False,False,True,True,False
portugal_cristiano_ronaldo,team_portugal,Portugal,Cristiano Ronaldo,Al Nassr FC (KSA),Forward,8198,Cristiano Ronaldo,https://www.transfermarkt.co.uk/cristiano-ronaldo/profil/spieler/8198,0.91,exact_name,True,41.0,188.0,right,Centre-Forward,15000000.0,Al-Nassr Football Club,cristiano ronaldo,al nassr fc ksa,,,False,wc2026_official_squad_corrected,1985-02-05 00:00:00,,11.0,3.0,1.0,880.0,89.0,89.0,88.0,1.0,81.0,18.0,6.0,1.0,21.0,0.0,0.0,9.887640449438202,0.9887640449438202,1.0,9.887640449438202,8.284090909090908,1.8409090909090908,0.6136363636363636,0.10227272727272727,2.147727272727273,0.0,0.0,257.0,159.0,0.6186770428015564,True,True,True,False,True,True,False,False,False,False,False,True,True,False
portugal_francisco_conceicao,team_portugal,Portugal,Francisco Conceicao,Juventus FC (ITA),Forward,487474,Francisco Conceição,https://www.transfermarkt.co.uk/francisco-conceicao/profil/spieler/487474,0.91,exact_name,True,23.0,170.0,left,Right Winger,30000000.0,Juventus Football Club,francisco conceicao,juventus fc ita,,,False,wc2026_official_squad_corrected,2002-12-14 00:00:00,,9.0,3.0,2.0,2401.0,87.0,82.0,50.0,32.0,13.0,14.0,17.0,2.0,0.0,0.0,0.0,29.28048780487805,0.5747126436781609,0.9425287356321839,27.597701149425287,0.48729695960016656,0.5247813411078717,0.6372344856309871,0.07496876301541025,0.0,0.0,0.0,49.0,11.0,0.22448979591836735,True,True,True,False,True,True,False,False,False,False,False,True,True,False
portugal_francisco_trincao,team_portugal,Portugal,Francisco Trincao,Sporting CP (POR),Forward,412669,Francisco Trincão,https://www.transfermarkt.co.uk/francisco-trincao/profil/spieler/412669,0.91,exact_name,True,26.0,184.0,left,Attacking Midfield,35000000.0,Sporting Clube de Portugal,francisco trincao,sporting cp por,,,False,wc2026_official_squad_corrected,1999-12-29 00:00:00,,11.0,3.0,1.0,1474.0,110.0,107.0,92.0,15.0,24.0,30.0,5.0,0.0,0.0,0.0,0.0,13.77570093457944,0.8363636363636363,0.9727272727272728,13.4,1.4654002713704206,1.8317503392130259,0.30529172320217096,0.0,0.0,0.0,0.0,59.0,18.0,0.3050847457627119,True,True,True,False,True,True,False,False,False,False,False,True,True,False
portugal_goncalo_guedes,team_portugal,Portugal,Goncalo Guedes,Real Sociedad (ESP),Forward,225122,Gonçalo Guedes,https://www.transfermarkt.co.uk/goncalo-guedes/profil/spieler/225122,0.91,exact_name,True,29.0,179.0,right,Left Winger,6000000.0,Real Sociedad de Fútbol S.A.D.,goncalo guedes,real sociedad esp,,,False,wc2026_official_squad_corrected,1996-11-29 00:00:00,,10.0,3.0,4.0,863.0,78.0,69.0,27.0,42.0,8.0,10.0,2.0,0.0,0.0,0.0,0.0,12.507246376811594,0.34615384615384615,0.8846153846153846,11.064102564102564,0.8342989571263035,1.0428736964078795,0.20857473928157588,0.0,0.0,0.0,0.0,89.0,20.0,0.2247191011235955,True,True,True,False,True,True,False,False,False,False,False,True,True,False
portugal_goncalo_ramos,team_portugal,Portugal,Goncalo Ramos,Paris Saint-Germain (FRA),Forward,550550,Gonçalo Ramos,https://www.transfermarkt.co.uk/goncalo-ramos/profil/spieler/550550,0.95,exact_name,False,24.0,185.0,right,Centre-Forward,35000000.0,Paris Saint-Germain Football Club,goncalo ramos,paris saint germain fra,,,False,wc2026_official_squad_corrected,2001-06-20 00:00:00,,10.0,3.0,1.0,467.0,96.0,85.0,38.0,47.0,33.0,8.0,4.0,0.0,6.0,0.0,0.0,5.4941176470588236,0.3958333333333333,0.8854166666666666,4.864583333333333,6.359743040685226,1.5417558886509637,0.7708779443254818,0.0,1.1563169164882228,0.0,0.0,64.0,33.0,0.515625,True,True,True,False,True,True,False,False,False,False,False,True,True,False
portugal_joao_felix,team_portugal,Portugal,Joao Felix,Al Nassr FC (KSA),Forward,462250,João Félix,https://www.transfermarkt.co.uk/joao-felix/profil/spieler/462250,0.91,exact_name,True,26.0,181.0,right,Second Striker,25000000.0,Al-Nassr Football Club,joao felix,al nassr fc ksa,,,False,wc2026_official_squad_corrected,1999-11-10 00:00:00,,14.0,3.0,5.0,1499.0,101.0,88.0,46.0,42.0,24.0,9.0,13.0,0.0,0.0,0.0,0.0,17.03409090909091,0.45544554455445546,0.8712871287128713,14.841584158415841,1.4409606404269515,0.5403602401601068,0.7805203468979319,0.0,0.0,0.0,0.0,61.0,17.0,0.2786885245901639,True,True,True,False,True,True,False,False,False,False,False,True,True,False
portugal_pedro_neto,team_portugal,Portugal,Pedro Neto,Chelsea FC (ENG),Forward,487465,Pedro Neto,https://www.transfermarkt.co.uk/pedro-neto/profil/spieler/487465,0.91,exact_name,True,26.0,174.0,left,Right Winger,60000000.0,Chelsea Football Club,pedro neto,chelsea fc eng,,,False,wc2026_official_squad_corrected,2000-03-09 00:00:00,,8.0,3.0,2.0,2205.0,79.0,72.0,55.0,17.0,10.0,23.0,13.0,0.0,0.0,0.0,0.0,30.625,0.6962025316455697,0.9113924050632911,27.911392405063292,0.40816326530612246,0.9387755102040817,0.5306122448979592,0.0,0.0,0.0,0.0,59.0,11.0,0.1864406779661017,True,True,True,False,True,True,False,False,False,False,False,True,True,False
portugal_rafael_leao,team_portugal,Portugal,Rafael Leao,AC Milan (ITA),Forward,357164,Rafael Leão,https://www.transfermarkt.co.uk/rafael-leao/profil/spieler/357164,0.91,exact_name,True,26.0,188.0,right,Left Winger,90000000.0,Associazione Calcio Milan,rafael leao,ac milan ita,,,False,wc2026_official_squad_corrected,1999-06-10 00:00:00,,9.0,3.0,1.0,1841.0,100.0,98.0,80.0,18.0,28.0,27.0,15.0,0.0,0.0,0.0,0.0,18.785714285714285,0.8,0.98,18.41,1.3688212927756653,1.3199348180336774,0.7332971211298207,0.0,0.0,0.0,0.0,101.0,19.0,0.18811881188118812,True,True,True,False,True,True,False,False,False,False,False,True,True,False
portugal_diogo_costa,team_portugal,Portugal,Diogo Costa,FC Porto (POR),Goalkeeper,357153,Diogo Costa,https://www.transfermarkt.co.uk/diogo-costa/profil/spieler/357153,0.91,exact_name,True,26.0,186.0,right,Goalkeeper,40000000.0,Futebol Clube do Porto,diogo costa,fc porto por,,,False,wc2026_official_squad_corrected,1999-09-19 00:00:00,,11.0,3.0,1.0,8345.0,99.0,92.0,92.0,0.0,0.0,0.0,1.0,0.0,0.0,84.0,39.0,90.70652173913044,0.9292929292929293,0.9292929292929293,84.29292929292929,0.0,0.0,0.010784901138406232,0.0,0.0,0.9059316956261235,0.42061114439784303,105.0,0.0,0.0,True,True,True,True,True,False,True,False,False,False,False,False,True,True
portugal_jose_sa,team_portugal,Portugal,Jose Sa,Wolverhampton Wanderers FC (ENG),Goalkeeper,249994,José Sá,https://www.transfermarkt.co.uk/jose-sa/profil/spieler/249994,0.95,exact_name,False,33.0,192.0,right,Goalkeeper,5000000.0,Wolverhampton Wanderers Football Club,jose sa,wolverhampton wanderers fc eng,,,False,wc2026_official_squad_corrected,1993-01-17 00:00:00,,5.0,3.0,1.0,6488.0,77.0,73.0,73.0,0.0,0.0,0.0,4.0,0.0,0.0,123.0,13.0,88.87671232876713,0.948051948051948,0.948051948051948,84.25974025974025,0.0,0.0,0.055487053020961775,0.0,0.0,1.7062268803945746,0.18033292231812575,34.0,0.0,0.0,True,True,True,True,True,False,True,False,False,False,False,False,True,True
portugal_rui_silva,team_portugal,Portugal,Rui Silva,Sporting CP (POR),Goalkeeper,234811,Rui Silva,https://www.transfermarkt.co.uk/rui-silva/profil/spieler/234811,0.91,exact_name,True,32.0,191.0,left,Goalkeeper,8000000.0,Sporting Clube de Portugal,rui silva,sporting cp por,,,False,wc2026_official_squad_corrected,1994-02-07 00:00:00,,13.0,3.0,2.0,7365.0,94.0,82.0,82.0,0.0,0.0,2.0,7.0,0.0,0.0,86.0,27.0,89.8170731707317,0.8723404255319149,0.8723404255319149,78.35106382978724,0.0,0.024439918533604887,0.0855397148676171,0.0,0.0,1.0509164969450102,0.329938900203666,8.0,0.0,0.0,True,True,True,True,True,False,True,False,False,False,False,False,True,True
portugal_bernardo_silva,team_portugal,Portugal,Bernardo Silva,Manchester City FC (ENG),Midfielder,241641,Bernardo Silva,https://www.transfermarkt.co.uk/bernardo-silva/profil/spieler/241641,0.86,exact_name,True,31.0,173.0,left,Attacking Midfield,27000000.0,Manchester City Football Club,bernardo silva,manchester city fc eng,,,False,wc2026_official_squad_corrected,1994-08-10 00:00:00,,10.0,3.0,1.0,1594.0,111.0,99.0,85.0,14.0,15.0,15.0,19.0,0.0,0.0,0.0,0.0,16.1010101010101,0.7657657657657657,0.8918918918918919,14.36036036036036,0.8469259723964868,0.8469259723964868,1.0727728983688833,0.0,0.0,0.0,0.0,130.0,22.0,0.16923076923076924,True,True,True,False,True,True,False,False,False,False,False,True,True,False
portugal_bruno_fernandes,team_portugal,Portugal,Bruno Fernandes,Manchester United FC (ENG),Midfielder,240306,Bruno Fernandes,https://www.transfermarkt.co.uk/bruno-fernandes/profil/spieler/240306,0.86,exact_name,True,31.0,179.0,right,Attacking Midfield,40000000.0,Manchester United Football Club,bruno fernandes,manchester united fc eng,,,False,wc2026_official_squad_corrected,1994-09-08 00:00:00,,11.0,3.0,1.0,1882.0,111.0,109.0,105.0,4.0,35.0,32.0,19.0,3.0,14.0,0.0,0.0,17.26605504587156,0.9459459459459459,0.9819819819819819,16.954954954954953,1.6737513283740701,1.5302869287991498,0.9086078639744952,0.1434643995749203,0.6695005313496281,0.0,0.0,110.0,32.0,0.2909090909090909,True,True,True,False,True,True,False,False,False,False,False,True,True,False
portugal_joao_neves,team_portugal,Portugal,Joao Neves,Paris Saint-Germain (FRA),Midfielder,670681,João Neves,https://www.transfermarkt.co.uk/joao-neves/profil/spieler/670681,0.95,exact_name,False,21.0,174.0,right,Central Midfield,110000000.0,Paris Saint-Germain Football Club,joao neves,paris saint germain fra,,,False,wc2026_official_squad_corrected,2004-09-27 00:00:00,,11.0,3.0,2.0,3283.0,114.0,109.0,95.0,14.0,11.0,11.0,8.0,0.0,0.0,0.0,0.0,30.119266055045873,0.8333333333333334,0.956140350877193,28.79824561403509,0.301553457203777,0.301553457203777,0.21931160523911059,0.0,0.0,0.0,0.0,45.0,4.0,0.08888888888888889,True,True,True,False,True,True,False,False,False,False,False,True,True,False
portugal_matheus_nunes,team_portugal,Portugal,Matheus Nunes,Manchester City FC (ENG),Midfielder,601883,Matheus Nunes,https://www.transfermarkt.co.uk/matheus-nunes/profil/spieler/601883,0.86,exact_name,True,27.0,183.0,right,Right-Back,38000000.0,Manchester City Football Club,matheus nunes,manchester city fc eng,,,False,wc2026_official_squad_corrected,1998-08-27 00:00:00,,11.0,3.0,2.0,2293.0,108.0,70.0,46.0,24.0,4.0,14.0,7.0,1.0,1.0,0.0,0.0,32.75714285714286,0.42592592592592593,0.6481481481481481,21.23148148148148,0.1569995638901003,0.5494984736153511,0.27474923680767555,0.03924989097252508,0.03924989097252508,0.0,0.0,16.0,2.0,0.125,True,True,True,False,True,True,False,False,False,False,False,True,True,False
portugal_ruben_neves,team_portugal,Portugal,Ruben Neves,Al Hilal SC (KSA),Midfielder,225161,Rúben Neves,https://www.transfermarkt.co.uk/ruben-neves/profil/spieler/225161,0.91,exact_name,True,29.0,180.0,right,Defensive Midfield,40000000.0,Al-Hilal Saudi Football Club,ruben neves,al hilal sc ksa,,,False,wc2026_official_squad_corrected,1997-03-13 00:00:00,,9.0,3.0,1.0,3740.0,87.0,87.0,83.0,4.0,8.0,22.0,18.0,0.0,5.0,0.0,0.0,42.98850574712644,0.9540229885057471,1.0,42.98850574712644,0.1925133689839572,0.5294117647058824,0.43315508021390375,0.0,0.12032085561497326,0.0,0.0,98.0,6.0,0.061224489795918366,True,True,True,False,True,True,False,False,False,False,False,True,True,False
portugal_vitinha,team_portugal,Portugal,Vitinha,Paris Saint-Germain (FRA),Midfielder,487469,Vitinha,https://www.transfermarkt.co.uk/vitinha/profil/spieler/487469,0.95,exact_name,False,26.0,172.0,right,Defensive Midfield,110000000.0,Paris Saint-Germain Football Club,vitinha,paris saint germain fra,,,False,wc2026_official_squad_corrected,2000-02-13 00:00:00,,10.0,3.0,1.0,2117.0,108.0,102.0,83.0,19.0,17.0,9.0,4.0,0.0,3.0,0.0,0.0,20.754901960784313,0.7685185185185185,0.9444444444444444,19.60185185185185,0.7227208313651393,0.3826169107227208,0.17005196032120926,0.0,0.12753897024090696,0.0,0.0,79.0,4.0,0.05063291139240506,True,True,True,False,True,True,False,False,False,False,False,True,True,False
qatar_alhashmi_alhussein,team_qatar,Qatar,Alhashmi Alhussein,Al Arabi SC (QAT),Defender,,,,0.0,unmatched,True,,,,,,,alhashmi alhussein,al arabi sc qat,,,False,wc2026_official_squad_corrected,,,,,,,,,,,,,,,,,,,,,,,,,,,,,,,,False,False,False,False,False,False,False,False,False,False,False,True,True,False
qatar_ayoub_aloui,team_qatar,Qatar,Ayoub Aloui,Al Gharafa SC (QAT),Defender,1054631,Ayoub Al-Oui,https://www.transfermarkt.co.uk/ayoub-al-oui/profil/spieler/1054631,0.8761,near_name,True,21.0,187.0,right,Right-Back,,,ayoub aloui,al gharafa sc qat,,,False,wc2026_official_squad_corrected,2005-03-11 00:00:00,,,,,,,,,,,,,,,,,,,,,,,,,,,,,,,True,False,False,False,False,False,False,False,False,False,False,True,True,False
qatar_boualem_khoukhi,team_qatar,Qatar,Boualem Khoukhi,Al Sadd SC (QAT),Defender,222669,Boualem Khoukhi,https://www.transfermarkt.co.uk/boualem-khoukhi/profil/spieler/222669,0.91,exact_name,True,35.0,180.0,right,Centre-Back,,,boualem khoukhi,al sadd sc qat,,,False,wc2026_official_squad_corrected,1990-07-09 00:00:00,,9.0,3.0,1.0,1716.0,71.0,62.0,56.0,6.0,3.0,5.0,3.0,0.0,0.0,0.0,0.0,27.677419354838708,0.7887323943661971,0.8732394366197183,24.169014084507044,0.15734265734265734,0.26223776223776224,0.15734265734265734,0.0,0.0,0.0,0.0,116.0,20.0,0.1724137931034483,True,True,True,False,True,True,False,False,False,False,False,True,True,False
qatar_homam_ahmed,team_qatar,Qatar,Homam Ahmed,Cultural Leonesa (ESP),Defender,,,,0.0,unmatched,True,,,,,,,homam ahmed,cultural leonesa esp,,,False,wc2026_official_squad_corrected,,,,,,,,,,,,,,,,,,,,,,,,,,,,,,,,False,False,False,False,False,False,False,False,False,False,False,True,True,False
qatar_issa_laye,team_qatar,Qatar,Issa Laye,Al Arabi SC (QAT),Defender,1264176,Issa Laye,https://www.transfermarkt.co.uk/issa-laye/profil/spieler/1264176,0.91,exact_name,True,28.0,188.0,right,Centre-Back,,,issa laye,al arabi sc qat,,,False,wc2026_official_squad_corrected,1997-12-22 00:00:00,,,,,,,,,,,,,,,,,,,,,,,,,,,,,,,True,False,False,False,False,False,False,False,False,False,False,True,True,False
qatar_jassem_gaber,team_qatar,Qatar,Jassem Gaber,Al Rayyan SC (QAT),Defender,735813,Jassem Gaber,https://www.transfermarkt.co.uk/jassem-gaber/profil/spieler/735813,0.86,exact_name,True,24.0,188.0,right,Defensive Midfield,,,jassem gaber,al rayyan sc qat,,,False,wc2026_official_squad_corrected,2002-02-20 00:00:00,,5.0,3.0,2.0,734.0,38.0,38.0,36.0,2.0,2.0,1.0,6.0,0.0,0.0,0.0,0.0,19.31578947368421,0.9473684210526315,1.0,19.31578947368421,0.24523160762942778,0.12261580381471389,0.7356948228882834,0.0,0.0,0.0,0.0,,,,True,True,True,False,True,True,False,False,False,False,False,True,True,False
qatar_lucas_mendes,team_qatar,Qatar,Lucas Mendes,Al Wakrah SC (QAT),Defender,83983,Lucas Mendes,https://www.transfermarkt.co.uk/lucas-mendes/profil/spieler/83983,0.91,exact_name,True,35.0,184.0,left,Centre-Back,500000.0,,lucas mendes,al wakrah sc qat,,,False,wc2026_official_squad_corrected,1990-07-03 00:00:00,,7.0,2.0,1.0,1155.0,48.0,45.0,43.0,2.0,1.0,3.0,7.0,0.0,0.0,0.0,0.0,25.666666666666668,0.8958333333333334,0.9375,24.0625,0.07792207792207792,0.23376623376623376,0.5454545454545454,0.0,0.0,0.0,0.0,17.0,1.0,0.058823529411764705,True,True,True,False,True,True,False,False,False,False,False,True,True,False
qatar_pedro_miguel,team_qatar,Qatar,Pedro Miguel,Al Sadd SC (QAT),Defender,228727,Pedro Miguel,https://www.transfermarkt.co.uk/pedro-miguel/profil/spieler/228727,0.91,exact_name,True,35.0,182.0,right,Centre-Back,,,pedro miguel,al sadd sc qat,,,False,wc2026_official_squad_corrected,1990-08-06 00:00:00,,8.0,3.0,1.0,1637.0,44.0,42.0,34.0,8.0,2.0,5.0,6.0,0.0,0.0,0.0,0.0,38.976190476190474,0.7727272727272727,0.9545454545454546,37.20454545454545,0.10995723885155773,0.2748930971288943,0.3298717165546732,0.0,0.0,0.0,0.0,95.0,2.0,0.021052631578947368,True,True,True,False,True,True,False,False,False,False,False,True,True,False
qatar_sultan_albrake,team_qatar,Qatar,Sultan Albrake,Al Duhail SC (QAT),Defender,336665,Sultan Al-Brake,https://www.transfermarkt.co.uk/sultan-al-brake/profil/spieler/336665,0.8831,near_name,True,30.0,175.0,left,Left-Back,,,sultan albrake,al duhail sc qat,,,False,wc2026_official_squad_corrected,1996-04-07 00:00:00,,,,,,,,,,,,,,,,,,,,,,,,,,,,27.0,1.0,0.037037037037037035,True,False,False,False,False,False,False,False,False,False,False,True,True,False
qatar_ahmed_alaaeldin,team_qatar,Qatar,Ahmed Alaaeldin,Al Rayyan SC (QAT),Forward,187987,Ahmed Alaaeldin,https://www.transfermarkt.co.uk/ahmed-alaaeldin/profil/spieler/187987,0.91,exact_name,True,33.0,177.0,right,Centre-Forward,,,ahmed alaaeldin,al rayyan sc qat,,,False,wc2026_official_squad_corrected,1993-01-31 00:00:00,,9.0,3.0,3.0,840.0,49.0,48.0,35.0,13.0,13.0,7.0,7.0,1.0,2.0,0.0,0.0,17.5,0.7142857142857143,0.9795918367346939,17.142857142857142,1.3928571428571428,0.75,0.75,0.10714285714285715,0.2142857142857143,0.0,0.0,,,,True,True,True,False,True,True,False,False,False,False,False,True,True,False
qatar_akram_afif,team_qatar,Qatar,Akram Afif,Al Sadd SC (QAT),Forward,336646,Akram Afif,https://www.transfermarkt.co.uk/akram-afif/profil/spieler/336646,0.91,exact_name,True,29.0,177.0,right,Left Winger,4500000.0,,akram afif,al sadd sc qat,,,False,wc2026_official_squad_corrected,1996-11-18 00:00:00,,9.0,3.0,1.0,1097.0,71.0,71.0,68.0,3.0,52.0,36.0,6.0,2.0,19.0,0.0,0.0,15.450704225352112,0.9577464788732394,1.0,15.450704225352112,4.266180492251595,2.9535095715587967,0.4922515952597995,0.1640838650865998,1.5587967183226985,0.0,0.0,124.0,41.0,0.33064516129032256,True,True,True,False,True,True,False,False,False,False,False,True,True,False
qatar_almoez_ali,team_qatar,Qatar,Almoez Ali,Al Duhail SC (QAT),Forward,345095,Almoez Ali,https://www.transfermarkt.co.uk/almoez-ali/profil/spieler/345095,0.91,exact_name,True,29.0,180.0,right,Centre-Forward,,,almoez ali,al duhail sc qat,,,False,wc2026_official_squad_corrected,1996-08-19 00:00:00,,,,,,,,,,,,,,,,,,,,,,,,,,,,125.0,61.0,0.488,True,False,False,False,False,False,False,False,False,False,False,True,True,False
qatar_edmilson_junior,team_qatar,Qatar,Edmilson Junior,Al Duhail SC (QAT),Forward,237846,Edmílson Junior,https://www.transfermarkt.co.uk/edmilson-junior/profil/spieler/237846,0.91,exact_name,True,31.0,180.0,right,Left Winger,3000000.0,,edmilson junior,al duhail sc qat,,,False,wc2026_official_squad_corrected,1994-08-19 00:00:00,,5.0,2.0,1.0,340.0,31.0,31.0,23.0,8.0,7.0,6.0,4.0,0.0,0.0,0.0,0.0,10.96774193548387,0.7419354838709677,1.0,10.96774193548387,1.8529411764705883,1.588235294117647,1.0588235294117647,0.0,0.0,0.0,0.0,6.0,0.0,0.0,True,True,False,False,False,False,False,False,False,False,False,True,True,False
qatar_hassan_alhaydos,team_qatar,Qatar,Hassan Alhaydos,Al Sadd SC (QAT),Forward,,,,0.0,unmatched,True,,,,,,,hassan alhaydos,al sadd sc qat,,,False,wc2026_official_squad_corrected,,,,,,,,,,,,,,,,,,,,,,,,,,,,,,,,False,False,False,False,False,False,False,False,False,False,False,True,True,False
qatar_mohamed_manai,team_qatar,Qatar,Mohamed Manai,Al Shamal SC (QAT),Forward,,,,0.0,unmatched,True,,,,,,,mohamed manai,al shamal sc qat,,,False,wc2026_official_squad_corrected,,,,,,,,,,,,,,,,,,,,,,,,,,,,,,,,False,False,False,False,False,False,False,False,False,False,False,True,True,False
qatar_mohammed_muntari,team_qatar,Qatar,Mohammed Muntari,Al Gharafa SC (QAT),Forward,266935,Mohammed Muntari,https://www.transfermarkt.co.uk/mohammed-muntari/profil/spieler/266935,0.91,exact_name,True,32.0,194.0,right,Centre-Forward,,,mohammed muntari,al gharafa sc qat,,,False,wc2026_official_squad_corrected,1993-12-20 00:00:00,,,,,,,,,,,,,,,,,,,,,,,,,,,,63.0,15.0,0.23809523809523808,True,False,False,False,False,False,False,False,False,False,False,True,True,False
qatar_tahsin_jamshid,team_qatar,Qatar,Tahsin Jamshid,Al Duhail SC (QAT),Forward,,,,0.0,unmatched,True,,,,,,,tahsin jamshid,al duhail sc qat,,,False,wc2026_official_squad_corrected,,,,,,,,,,,,,,,,,,,,,,,,,,,,,,,,False,False,False,False,False,False,False,False,False,False,False,True,True,False
qatar_yusuf_abdurisag,team_qatar,Qatar,Yusuf Abdurisag,Al Wakrah SC (QAT),Forward,589099,Yusuf Abdurisag,https://www.transfermarkt.co.uk/yusuf-abdurisag/profil/spieler/589099,0.91,exact_name,True,26.0,177.0,right,Left Winger,,,yusuf abdurisag,al wakrah sc qat,,,False,wc2026_official_squad_corrected,1999-08-06 00:00:00,,9.0,3.0,1.0,683.0,71.0,49.0,23.0,26.0,7.0,6.0,3.0,0.0,0.0,0.0,0.0,13.938775510204081,0.323943661971831,0.6901408450704225,9.619718309859154,0.9224011713030746,0.7906295754026355,0.3953147877013177,0.0,0.0,0.0,0.0,56.0,7.0,0.125,True,True,True,False,True,True,False,False,False,False,False,True,True,False
qatar_mahmoud_abunada,team_qatar,Qatar,Mahmoud Abunada,Al Rayyan SC (QAT),Goalkeeper,669629,Mahmoud Abunada,https://www.transfermarkt.co.uk/mahmoud-abunada/profil/spieler/669629,0.91,exact_name,True,26.0,191.0,left,Goalkeeper,,,mahmoud abunada,al rayyan sc qat,,,False,wc2026_official_squad_corrected,2000-02-05 00:00:00,,5.0,3.0,2.0,1170.0,34.0,13.0,13.0,0.0,0.0,0.0,1.0,0.0,0.0,20.0,4.0,90.0,0.38235294117647056,0.38235294117647056,34.411764705882355,0.0,0.0,0.07692307692307693,0.0,0.0,1.5384615384615385,0.3076923076923077,,,,True,True,True,True,True,False,True,False,False,False,False,False,True,True
qatar_meshaal_barsham,team_qatar,Qatar,Meshaal Barsham,Al Sadd SC (QAT),Goalkeeper,560423,Meshaal Barsham,https://www.transfermarkt.co.uk/meshaal-barsham/profil/spieler/560423,0.91,exact_name,True,28.0,180.0,right,Goalkeeper,,,meshaal barsham,al sadd sc qat,,,False,wc2026_official_squad_corrected,1998-02-14 00:00:00,,9.0,3.0,1.0,5490.0,67.0,60.0,60.0,0.0,0.0,0.0,2.0,0.0,0.0,56.0,27.0,91.5,0.8955223880597015,0.8955223880597015,81.94029850746269,0.0,0.0,0.03278688524590164,0.0,0.0,0.9180327868852459,0.4426229508196722,52.0,0.0,0.0,True,True,True,True,True,False,True,False,False,False,False,False,True,True
qatar_salah_zakaria,team_qatar,Qatar,Salah Zakaria,Al Duhail SC (QAT),Goalkeeper,632912,Salah Zakaria,https://www.transfermarkt.co.uk/salah-zakaria/profil/spieler/632912,0.91,exact_name,True,27.0,188.0,right,Goalkeeper,,,salah zakaria,al duhail sc qat,,,False,wc2026_official_squad_corrected,1999-04-24 00:00:00,,8.0,3.0,1.0,4295.0,59.0,48.0,48.0,0.0,0.0,0.0,5.0,0.0,0.0,71.0,11.0,89.47916666666667,0.8135593220338984,0.8135593220338984,72.79661016949153,0.0,0.0,0.10477299185098952,0.0,0.0,1.487776484284051,0.23050058207217694,,,,True,True,True,True,True,False,True,False,False,False,False,False,True,True
qatar_abdulaziz_hatem,team_qatar,Qatar,Abdulaziz Hatem,Al Rayyan SC (QAT),Midfielder,113915,Abdulaziz Hatim,https://www.transfermarkt.co.uk/abdulaziz-hatim/profil/spieler/113915,0.858,near_name,True,35.0,183.0,left,Central Midfield,,,abdulaziz hatem,al rayyan sc qat,,,False,wc2026_official_squad_corrected,1990-10-28 00:00:00,,,,,,,,,,,,,,,,,,,,,,,,,,,,116.0,11.0,0.09482758620689655,True,False,False,False,False,False,False,False,False,False,False,True,True,False
qatar_ahmed_alganehi,team_qatar,Qatar,Ahmed Alganehi,Al Gharafa SC (QAT),Midfielder,,,,0.0,unmatched,True,,,,,,,ahmed alganehi,al gharafa sc qat,,,False,wc2026_official_squad_corrected,,,,,,,,,,,,,,,,,,,,,,,,,,,,,,,,False,False,False,False,False,False,False,False,False,False,False,True,True,False
qatar_ahmed_fathy,team_qatar,Qatar,Ahmed Fathy,Al Arabi SC (QAT),Midfielder,,,,0.0,unmatched,True,,,,,,,ahmed fathy,al arabi sc qat,,,False,wc2026_official_squad_corrected,,,,,,,,,,,,,,,,,,,,,,,,,,,,,,,,False,False,False,False,False,False,False,False,False,False,False,True,True,False
qatar_assim_madibo,team_qatar,Qatar,Assim Madibo,Al Wakrah SC (QAT),Midfielder,336667,Assim Madibo,https://www.transfermarkt.co.uk/assim-madibo/profil/spieler/336667,0.91,exact_name,True,29.0,168.0,right,Defensive Midfield,300000.0,,assim madibo,al wakrah sc qat,,,False,wc2026_official_squad_corrected,1996-10-22 00:00:00,,,,,,,,,,,,,,,,,,,,,,,,,,,,59.0,0.0,0.0,True,False,False,False,False,False,False,False,False,False,False,True,True,False
qatar_karim_boudiaf,team_qatar,Qatar,Karim Boudiaf,Al Duhail SC (QAT),Midfielder,222385,Karim Boudiaf,https://www.transfermarkt.co.uk/karim-boudiaf/profil/spieler/222385,0.91,exact_name,True,35.0,187.0,right,Defensive Midfield,,,karim boudiaf,al duhail sc qat,,,False,wc2026_official_squad_corrected,1990-09-16 00:00:00,,,,,,,,,,,,,,,,,,,,,,,,,,,,111.0,6.0,0.05405405405405406,True,False,False,False,False,False,False,False,False,False,False,True,True,False
saudi_arabia_abdulelah_alamri,team_saudi_arabia,Saudi Arabia,Abdulelah Alamri,Al Nassr FC (KSA),Defender,509894,Abdulelah Al-Amri,https://www.transfermarkt.co.uk/abdulelah-al-amri/profil/spieler/509894,0.8864,near_name,True,29.0,183.0,right,Centre-Back,,Al-Nassr Football Club,abdulelah alamri,al nassr fc ksa,,,False,wc2026_official_squad_corrected,1997-01-15 00:00:00,,,,,,,,,,,,,,,,,,,,,,,,,,,,,,,True,False,False,False,False,False,False,False,False,False,False,True,True,False
saudi_arabia_ali_lajami,team_saudi_arabia,Saudi Arabia,Ali Lajami,Al Hilal SC (KSA),Defender,264909,Ali Lajami,https://www.transfermarkt.co.uk/ali-lajami/profil/spieler/264909,0.91,exact_name,True,30.0,178.0,right,Centre-Back,,Al-Hilal Saudi Football Club,ali lajami,al hilal sc ksa,,,False,wc2026_official_squad_corrected,1996-04-24 00:00:00,,,,,,,,,,,,,,,,,,,,,,,,,,,,,,,True,False,False,False,False,False,False,False,False,False,False,True,True,False
saudi_arabia_ali_majrashi,team_saudi_arabia,Saudi Arabia,Ali Majrashi,Al Ahli FC (KSA),Defender,672391,Ali Majrashi,https://www.transfermarkt.co.uk/ali-majrashi/profil/spieler/672391,0.91,exact_name,True,26.0,169.0,right,Right-Back,,Al-Ahli Saudi Football Club,ali majrashi,al ahli fc ksa,,,False,wc2026_official_squad_corrected,1999-10-01 00:00:00,,,,,,,,,,,,,,,,,,,,,,,,,,,,,,,True,False,False,False,False,False,False,False,False,False,False,True,True,False
saudi_arabia_hassan_altambakti,team_saudi_arabia,Saudi Arabia,Hassan Altambakti,Al Hilal SC (KSA),Defender,509897,Hassan Tambakti,https://www.transfermarkt.co.uk/hassan-tambakti/profil/spieler/509897,0.8613,near_name,True,27.0,183.0,right,Centre-Back,,Al-Hilal Saudi Football Club,hassan altambakti,al hilal sc ksa,,,False,wc2026_official_squad_corrected,1999-02-09 00:00:00,,,,,,,,,,,,,,,,,,,,,,,,,,,,,,,True,False,False,False,False,False,False,False,False,False,False,True,True,False
saudi_arabia_hassan_kadish,team_saudi_arabia,Saudi Arabia,Hassan Kadish,Al Ittihad (KSA),Defender,260859,Hassan Kadesh,https://www.transfermarkt.co.uk/hassan-kadesh/profil/spieler/260859,0.85,near_name,True,33.0,179.0,left,Left-Back,,Al-Ittihad Football Club,hassan kadish,al ittihad ksa,,,False,wc2026_official_squad_corrected,1992-09-26 00:00:00,,,,,,,,,,,,,,,,,,,,,,,,,,,,,,,True,False,False,False,False,False,False,False,False,False,False,True,True,False
saudi_arabia_jehad_thikri,team_saudi_arabia,Saudi Arabia,Jehad Thikri,Al Qadsiah FC (KSA),Defender,901334,Jehad Thakri,https://www.transfermarkt.co.uk/jehad-thakri/profil/spieler/901334,0.845,near_name,True,24.0,183.0,,Centre-Back,,Al-Qadsiah Saudi Football Club,jehad thikri,al qadsiah fc ksa,,,False,wc2026_official_squad_corrected,2001-07-21 00:00:00,,,,,,,,,,,,,,,,,,,,,,,,,,,,,,,True,False,False,False,False,False,False,False,False,False,False,True,True,False
saudi_arabia_mohammed_abu_alshamat,team_saudi_arabia,Saudi Arabia,Mohammed Abu Alshamat,Al Qadsiah FC (KSA),Defender,1181852,Mohammed Abu Al-Shamat,https://www.transfermarkt.co.uk/mohammed-abu-al-shamat/profil/spieler/1181852,0.8919,near_name,True,23.0,170.0,right,Right-Back,,Al-Qadsiah Saudi Football Club,mohammed abu alshamat,al qadsiah fc ksa,,,False,wc2026_official_squad_corrected,2002-08-11 00:00:00,,,,,,,,,,,,,,,,,,,,,,,,,,,,,,,True,False,False,False,False,False,False,False,False,False,False,True,True,False
saudi_arabia_moteb_alharbi,team_saudi_arabia,Saudi Arabia,Moteb Alharbi,Al Hilal SC (KSA),Defender,869509,Moteb Al-Harbi,https://www.transfermarkt.co.uk/moteb-al-harbi/profil/spieler/869509,0.8811,near_name,True,26.0,173.0,left,Left-Back,,Al-Hilal Saudi Football Club,moteb alharbi,al hilal sc ksa,,,False,wc2026_official_squad_corrected,2000-02-19 00:00:00,,,,,,,,,,,,,,,,,,,,,,,,,,,,,,,True,False,False,False,False,False,False,False,False,False,False,True,True,False
saudi_arabia_nawaf_bu_washl,team_saudi_arabia,Saudi Arabia,Nawaf Bu Washl,Al Nassr FC (KSA),Defender,,,,0.0,unmatched,True,,,,,,,nawaf bu washl,al nassr fc ksa,,,False,wc2026_official_squad_corrected,,,,,,,,,,,,,,,,,,,,,,,,,,,,,,,,False,False,False,False,False,False,False,False,False,False,False,True,True,False
saudi_arabia_saud_abdulhamid,team_saudi_arabia,Saudi Arabia,Saud Abdulhamid,RC Lens (FRA),Defender,631927,Saud Abdulhamid,https://www.transfermarkt.co.uk/saud-abdulhamid/profil/spieler/631927,0.91,exact_name,True,26.0,175.0,right,Right-Back,3000000.0,Racing Club de Lens,saud abdulhamid,rc lens fra,,,False,wc2026_official_squad_corrected,1999-07-18 00:00:00,,9.0,3.0,3.0,1448.0,102.0,63.0,51.0,12.0,5.0,11.0,6.0,0.0,0.0,0.0,0.0,22.984126984126984,0.5,0.6176470588235294,14.196078431372548,0.31077348066298344,0.6837016574585635,0.3729281767955801,0.0,0.0,0.0,0.0,,,,True,True,True,False,True,True,False,False,False,False,False,True,True,False
saudi_arabia_abdullah_alhamddan,team_saudi_arabia,Saudi Arabia,Abdullah Alhamddan,Al Nassr FC (KSA),Forward,68626,Abdullah Al-Hamdan,https://www.transfermarkt.co.uk/abdullah-al-hamdan/profil/spieler/68626,0.8667,near_name,True,26.0,184.0,,Centre-Forward,,Al-Nassr Football Club,abdullah alhamddan,al nassr fc ksa,,,False,wc2026_official_squad_corrected,1999-09-12 00:00:00,,,,,,,,,,,,,,,,,,,,,,,,,,,,,,,True,False,False,False,False,False,False,False,False,False,False,True,True,False
saudi_arabia_aiman_yahya,team_saudi_arabia,Saudi Arabia,Aiman Yahya,Al Nassr FC (KSA),Forward,,,,0.0,unmatched,True,,,,,,,aiman yahya,al nassr fc ksa,,,False,wc2026_official_squad_corrected,,,,,,,,,,,,,,,,,,,,,,,,,,,,,,,,False,False,False,False,False,False,False,False,False,False,False,True,True,False
saudi_arabia_feras_albrikan,team_saudi_arabia,Saudi Arabia,Feras Albrikan,Al Ahli FC (KSA),Forward,,,,0.0,unmatched,True,,,,,,,feras albrikan,al ahli fc ksa,,,False,wc2026_official_squad_corrected,,,,,,,,,,,,,,,,,,,,,,,,,,,,,,,,False,False,False,False,False,False,False,False,False,False,False,True,True,False
saudi_arabia_khalid_alghannam,team_saudi_arabia,Saudi Arabia,Khalid Alghannam,Al Ettifaq FC (KSA),Forward,631923,Khalid Al-Ghannam,https://www.transfermarkt.co.uk/khalid-al-ghannam/profil/spieler/631923,0.8864,near_name,True,25.0,171.0,right,Left Winger,,Al-Ettifaq Football Club,khalid alghannam,al ettifaq fc ksa,,,False,wc2026_official_squad_corrected,2000-11-07 00:00:00,,,,,,,,,,,,,,,,,,,,,,,,,,,,,,,True,False,False,False,False,False,False,False,False,False,False,True,True,False
saudi_arabia_saleh_alshehri,team_saudi_arabia,Saudi Arabia,Saleh Alshehri,Al Ittihad (KSA),Forward,242267,Saleh Al-Shehri,https://www.transfermarkt.co.uk/saleh-al-shehri/profil/spieler/242267,0.8831,near_name,True,32.0,184.0,right,Centre-Forward,650000.0,Al-Ittihad Football Club,saleh alshehri,al ittihad ksa,,,False,wc2026_official_squad_corrected,1993-11-01 00:00:00,,,,,,,,,,,,,,,,,,,,,,,,,,,,,,,True,False,False,False,False,False,False,False,False,False,False,True,True,False
saudi_arabia_salem_aldawsari,team_saudi_arabia,Saudi Arabia,Salem Aldawsari,Al Hilal SC (KSA),Forward,195332,Salem Al-Dawsari,https://www.transfermarkt.co.uk/salem-al-dawsari/profil/spieler/195332,0.8848,near_name,True,34.0,171.0,right,Left Winger,2000000.0,Al-Hilal Saudi Football Club,salem aldawsari,al hilal sc ksa,,,False,wc2026_official_squad_corrected,1991-08-19 00:00:00,,,,,,,,,,,,,,,,,,,,,,,,,,,,,,,True,False,False,False,False,False,False,False,False,False,False,True,True,False
saudi_arabia_sultan_mandash,team_saudi_arabia,Saudi Arabia,Sultan Mandash,Al Hilal SC (KSA),Forward,210349,Sultan Mandash,https://www.transfermarkt.co.uk/sultan-mandash/profil/spieler/210349,0.91,exact_name,True,31.0,172.0,left,Right Winger,,Al-Hilal Saudi Football Club,sultan mandash,al hilal sc ksa,,,False,wc2026_official_squad_corrected,1994-10-17 00:00:00,,,,,,,,,,,,,,,,,,,,,,,,,,,,,,,True,False,False,False,False,False,False,False,False,False,False,True,True,False
saudi_arabia_ahmed_alkassar,team_saudi_arabia,Saudi Arabia,Ahmed Alkassar,Al Qadsiah FC (KSA),Goalkeeper,177956,Ahmed Al-Kassar,https://www.transfermarkt.co.uk/ahmed-al-kassar/profil/spieler/177956,0.8831,near_name,True,35.0,179.0,right,Goalkeeper,,Al-Qadsiah Saudi Football Club,ahmed alkassar,al qadsiah fc ksa,,,False,wc2026_official_squad_corrected,1991-05-08 00:00:00,,,,,,,,,,,,,,,,,,,,,,,,,,,,,,,True,False,False,True,False,False,False,False,False,False,False,False,True,True
saudi_arabia_mohammed_alowais,team_saudi_arabia,Saudi Arabia,Mohammed Alowais,Al Ula Saudi FC (KSA),Goalkeeper,262845,Mohammed Al-Owais,https://www.transfermarkt.co.uk/mohammed-al-owais/profil/spieler/262845,0.8864,near_name,True,34.0,185.0,left,Goalkeeper,,Al-Hilal Saudi Football Club,mohammed alowais,al ula saudi fc ksa,,,False,wc2026_official_squad_corrected,1991-10-10 00:00:00,,,,,,,,,,,,,,,,,,,,,,,,,,,,,,,True,False,False,True,False,False,False,False,False,False,False,False,True,True
saudi_arabia_nawaf_alaqidi,team_saudi_arabia,Saudi Arabia,Nawaf Alaqidi,Al Nassr FC (KSA),Goalkeeper,886183,Nawaf Al-Aqidi,https://www.transfermarkt.co.uk/nawaf-al-aqidi/profil/spieler/886183,0.8811,near_name,True,26.0,186.0,,Goalkeeper,,Al-Nassr Football Club,nawaf alaqidi,al nassr fc ksa,,,False,wc2026_official_squad_corrected,2000-05-10 00:00:00,,,,,,,,,,,,,,,,,,,,,,,,,,,,,,,True,False,False,True,False,False,False,False,False,False,False,False,True,True
saudi_arabia_abdullah_alkhaibari,team_saudi_arabia,Saudi Arabia,Abdullah Alkhaibari,Al Nassr FC (KSA),Midfielder,437903,Abdullah Al-Khaibari,https://www.transfermarkt.co.uk/abdullah-al-khaibari/profil/spieler/437903,0.89,near_name,True,29.0,178.0,right,Defensive Midfield,,Al-Nassr Football Club,abdullah alkhaibari,al nassr fc ksa,,,False,wc2026_official_squad_corrected,1996-08-16 00:00:00,,,,,,,,,,,,,,,,,,,,,,,,,,,,,,,True,False,False,False,False,False,False,False,False,False,False,True,True,False
saudi_arabia_ala_alhajji,team_saudi_arabia,Saudi Arabia,Ala Alhajji,Neom SC (KSA),Midfielder,,,,0.0,unmatched,True,,,,,,,ala alhajji,neom sc ksa,,,False,wc2026_official_squad_corrected,,,,,,,,,,,,,,,,,,,,,,,,,,,,,,,,False,False,False,False,False,False,False,False,False,False,False,True,True,False
saudi_arabia_mohamed_kanno,team_saudi_arabia,Saudi Arabia,Mohamed Kanno,Al Hilal SC (KSA),Midfielder,308120,Mohamed Kanno,https://www.transfermarkt.co.uk/mohamed-kanno/profil/spieler/308120,0.91,exact_name,True,31.0,192.0,right,Central Midfield,,Al-Hilal Saudi Football Club,mohamed kanno,al hilal sc ksa,,,False,wc2026_official_squad_corrected,1994-09-22 00:00:00,,,,,,,,,,,,,,,,,,,,,,,,,,,,,,,True,False,False,False,False,False,False,False,False,False,False,True,True,False
saudi_arabia_musab_aljuwayr,team_saudi_arabia,Saudi Arabia,Musab Aljuwayr,Al Qadsiah FC (KSA),Midfielder,901181,Musab Al-Juwayr,https://www.transfermarkt.co.uk/musab-al-juwayr/profil/spieler/901181,0.8831,near_name,True,22.0,178.0,right,Central Midfield,,Al-Qadsiah Saudi Football Club,musab aljuwayr,al qadsiah fc ksa,,,False,wc2026_official_squad_corrected,2003-06-20 00:00:00,,,,,,,,,,,,,,,,,,,,,,,,,,,,,,,True,False,False,False,False,False,False,False,False,False,False,True,True,False
saudi_arabia_nasser_aldawsari,team_saudi_arabia,Saudi Arabia,Nasser Aldawsari,Al Hilal SC (KSA),Midfielder,509911,Nasser Al-Dawsari,https://www.transfermarkt.co.uk/nasser-al-dawsari/profil/spieler/509911,0.8864,near_name,True,27.0,178.0,left,Central Midfield,,Al-Hilal Saudi Football Club,nasser aldawsari,al hilal sc ksa,,,False,wc2026_official_squad_corrected,1998-12-19 00:00:00,,,,,,,,,,,,,,,,,,,,,,,,,,,,,,,True,False,False,False,False,False,False,False,False,False,False,True,True,False
saudi_arabia_ziyad_aljohani,team_saudi_arabia,Saudi Arabia,Ziyad Aljohani,Al Ahli FC (KSA),Midfielder,901079,Ziyad Al-Johani,https://www.transfermarkt.co.uk/ziyad-al-johani/profil/spieler/901079,0.8831,near_name,True,24.0,180.0,left,Defensive Midfield,,Al-Ahli Saudi Football Club,ziyad aljohani,al ahli fc ksa,,,False,wc2026_official_squad_corrected,2001-11-11 00:00:00,,,,,,,,,,,,,,,,,,,,,,,,,,,,,,,True,False,False,False,False,False,False,False,False,False,False,True,True,False
scotland_aaron_hickey,team_scotland,Scotland,Aaron Hickey,Brentford FC (ENG),Defender,591949,Aaron Hickey,https://www.transfermarkt.co.uk/aaron-hickey/profil/spieler/591949,0.91,exact_name,True,23.0,185.0,both,Right-Back,28000000.0,Brentford Football Club,aaron hickey,brentford fc eng,,,False,wc2026_official_squad_corrected,2002-06-10 00:00:00,,5.0,3.0,1.0,0.0,16.0,14.0,11.0,3.0,0.0,0.0,6.0,0.0,0.0,0.0,0.0,0.0,0.6875,0.875,0.0,,,,,,,,17.0,0.0,0.0,True,False,False,False,False,False,False,False,False,False,False,True,True,False
scotland_andy_robertson,team_scotland,Scotland,Andy Robertson,Liverpool FC (ENG),Defender,,,,0.0,unmatched,True,,,,,,,andy robertson,liverpool fc eng,,,False,wc2026_official_squad_corrected,,,,,,,,,,,,,,,,,,,,,,,,,,,,,,,,False,False,False,False,False,False,False,False,False,False,False,True,True,False
scotland_anthony_ralston,team_scotland,Scotland,Anthony Ralston,Celtic FC (SCO),Defender,388171,Anthony Ralston,https://www.transfermarkt.co.uk/anthony-ralston/profil/spieler/388171,0.91,exact_name,True,27.0,178.0,right,Right-Back,1500000.0,The Celtic Football Club,anthony ralston,celtic fc sco,,,False,wc2026_official_squad_corrected,1998-11-16 00:00:00,,13.0,3.0,1.0,282.0,114.0,46.0,21.0,25.0,2.0,6.0,2.0,0.0,0.0,0.0,0.0,6.130434782608695,0.18421052631578946,0.40350877192982454,2.473684210526316,0.6382978723404256,1.9148936170212765,0.6382978723404256,0.0,0.0,0.0,0.0,37.0,1.0,0.02702702702702703,True,True,False,False,False,False,False,False,False,False,False,True,True,False
scotland_dominic_hyam,team_scotland,Scotland,Dominic Hyam,Wrexham AFC (WAL),Defender,,,,0.0,unmatched,True,,,,,,,dominic hyam,wrexham afc wal,,,False,wc2026_official_squad_corrected,,,,,,,,,,,,,,,,,,,,,,,,,,,,,,,,False,False,False,False,False,False,False,False,False,False,False,True,True,False
scotland_grant_hanley,team_scotland,Scotland,Grant Hanley,Hibernian FC (SCO),Defender,121385,Grant Hanley,https://www.transfermarkt.co.uk/grant-hanley/profil/spieler/121385,0.91,exact_name,True,34.0,188.0,right,Centre-Back,1500000.0,Hibernian Football Club,grant hanley,hibernian fc sco,,,False,wc2026_official_squad_corrected,1991-11-20 00:00:00,,12.0,3.0,4.0,0.0,79.0,36.0,19.0,17.0,0.0,0.0,3.0,0.0,0.0,0.0,0.0,0.0,0.24050632911392406,0.45569620253164556,0.0,,,,,,,,70.0,2.0,0.02857142857142857,True,False,False,False,False,False,False,False,False,False,False,True,True,False
scotland_jack_hendry,team_scotland,Scotland,Jack Hendry,Al Ettifaq FC (KSA),Defender,363223,Jack Hendry,https://www.transfermarkt.co.uk/jack-hendry/profil/spieler/363223,0.91,exact_name,True,31.0,192.0,right,Centre-Back,3000000.0,Al-Ettifaq Football Club,jack hendry,al ettifaq fc ksa,,,False,wc2026_official_squad_corrected,1995-05-07 00:00:00,,4.0,3.0,1.0,0.0,54.0,53.0,53.0,0.0,0.0,2.0,6.0,1.0,0.0,0.0,0.0,0.0,0.9814814814814815,0.9814814814814815,0.0,,,,,,,,35.0,3.0,0.08571428571428572,True,False,False,False,False,False,False,False,False,False,False,True,True,False
scotland_john_souttar,team_scotland,Scotland,John Souttar,Rangers FC (SCO),Defender,235767,John Souttar,https://www.transfermarkt.co.uk/john-souttar/profil/spieler/235767,0.91,exact_name,True,29.0,186.0,right,Centre-Back,3500000.0,Rangers Football Club,john souttar,rangers fc sco,,,False,wc2026_official_squad_corrected,1996-09-25 00:00:00,,14.0,3.0,1.0,3921.0,102.0,91.0,84.0,7.0,3.0,2.0,14.0,0.0,0.0,0.0,0.0,43.08791208791209,0.8235294117647058,0.8921568627450981,38.44117647058823,0.06885998469778118,0.04590665646518745,0.32134659525631215,0.0,0.0,0.0,0.0,32.0,2.0,0.0625,True,True,True,False,True,True,False,False,False,False,False,True,True,False
scotland_kieran_tierney,team_scotland,Scotland,Kieran Tierney,Celtic FC (SCO),Defender,300716,Kieran Tierney,https://www.transfermarkt.co.uk/kieran-tierney/profil/spieler/300716,0.91,exact_name,True,29.0,180.0,left,Left-Back,8000000.0,The Celtic Football Club,kieran tierney,celtic fc sco,,,False,wc2026_official_squad_corrected,1997-06-05 00:00:00,,11.0,3.0,3.0,252.0,81.0,53.0,27.0,26.0,1.0,4.0,2.0,0.0,0.0,0.0,0.0,4.754716981132075,0.3333333333333333,0.654320987654321,3.111111111111111,0.3571428571428571,1.4285714285714284,0.7142857142857142,0.0,0.0,0.0,0.0,55.0,2.0,0.03636363636363636,True,True,False,False,False,False,False,False,False,False,False,True,True,False
scotland_mckenna_scott,team_scotland,Scotland,McKENNA Scott,GNK Dinamo Zagreb (CRO),Defender,255906,Scott McKenna,https://www.transfermarkt.co.uk/scott-mckenna/profil/spieler/255906,0.99,exact_name_tokens,False,29.0,189.0,left,Centre-Back,9000000.0,GNK Dinamo Zagreb,mckenna scott,gnk dinamo zagreb cro,,,False,wc2026_official_squad_corrected,1996-11-12 00:00:00,,9.0,3.0,4.0,0.0,64.0,57.0,53.0,4.0,0.0,1.0,6.0,1.0,0.0,0.0,0.0,0.0,0.828125,0.890625,0.0,,,,,,,,48.0,1.0,0.020833333333333332,True,False,False,False,False,False,False,False,False,False,False,True,True,False
scotland_nathan_patterson,team_scotland,Scotland,Nathan Patterson,Everton FC (ENG),Defender,424015,Nathan Patterson,https://www.transfermarkt.co.uk/nathan-patterson/profil/spieler/424015,0.91,exact_name,True,24.0,189.0,right,Right-Back,10000000.0,Everton Football Club,nathan patterson,everton fc eng,,,False,wc2026_official_squad_corrected,2001-10-16 00:00:00,,7.0,2.0,2.0,0.0,72.0,41.0,22.0,19.0,0.0,4.0,8.0,1.0,0.0,0.0,0.0,0.0,0.3055555555555556,0.5694444444444444,0.0,,,,,,,,39.0,2.0,0.05128205128205128,True,False,False,False,False,False,False,False,False,False,False,True,True,False
scotland_ben_gannon_doak,team_scotland,Scotland,Ben Gannon-Doak,AFC Bournemouth (ENG),Forward,719673,Ben Gannon-Doak,https://www.transfermarkt.co.uk/ben-gannon-doak/profil/spieler/719673,0.91,exact_name,True,20.0,176.0,right,Right Winger,10000000.0,Association Football Club Bournemouth,ben gannon doak,afc bournemouth eng,,,False,wc2026_official_squad_corrected,2005-11-11 00:00:00,,9.0,3.0,4.0,596.0,45.0,32.0,28.0,4.0,3.0,7.0,7.0,0.0,0.0,0.0,0.0,18.625,0.6222222222222222,0.7111111111111111,13.244444444444444,0.4530201342281879,1.0570469798657718,1.0570469798657718,0.0,0.0,0.0,0.0,25.0,6.0,0.24,True,True,True,False,True,True,False,False,False,False,False,True,True,False
scotland_che_adams,team_scotland,Scotland,Che Adams,Torino FC (ITA),Forward,346779,Ché Adams,https://www.transfermarkt.co.uk/che-adams/profil/spieler/346779,0.91,exact_name,True,29.0,179.0,right,Centre-Forward,18000000.0,Torino Calcio,che adams,torino fc ita,,,False,wc2026_official_squad_corrected,1996-07-13 00:00:00,,8.0,3.0,2.0,656.0,90.0,87.0,60.0,27.0,27.0,10.0,8.0,0.0,0.0,0.0,0.0,7.540229885057471,0.6666666666666666,0.9666666666666667,7.288888888888889,3.704268292682927,1.371951219512195,1.0975609756097562,0.0,0.0,0.0,0.0,41.0,9.0,0.21951219512195122,True,True,True,False,True,True,False,False,False,False,False,True,True,False
scotland_findlay_curtis,team_scotland,Scotland,Findlay Curtis,Kilmarnock FC (SCO),Forward,1082993,Findlay Curtis,https://www.transfermarkt.co.uk/findlay-curtis/profil/spieler/1082993,0.91,exact_name,True,19.0,180.0,right,Left Winger,750000.0,Rangers Football Club,findlay curtis,kilmarnock fc sco,,,False,wc2026_official_squad_corrected,2006-10-01 00:00:00,,9.0,3.0,2.0,377.0,42.0,20.0,8.0,12.0,7.0,4.0,1.0,0.0,0.0,0.0,0.0,18.85,0.19047619047619047,0.47619047619047616,8.976190476190476,1.6710875331564987,0.9549071618037135,0.23872679045092837,0.0,0.0,0.0,0.0,,,,True,True,False,False,False,False,False,False,False,False,False,True,True,False
scotland_george_hirst,team_scotland,Scotland,George Hirst,Ipswich Town FC (ENG),Forward,420808,George Hirst,https://www.transfermarkt.co.uk/george-hirst/profil/spieler/420808,0.95,exact_name,False,27.0,191.0,right,Centre-Forward,8000000.0,Ipswich Town,george hirst,ipswich town fc eng,,,False,wc2026_official_squad_corrected,1999-02-15 00:00:00,,6.0,3.0,1.0,769.0,64.0,64.0,36.0,28.0,14.0,10.0,7.0,0.0,3.0,0.0,0.0,12.015625,0.5625,1.0,12.015625,1.6384915474642392,1.1703511053315994,0.8192457737321196,0.0,0.3511053315994799,0.0,0.0,44.0,17.0,0.38636363636363635,True,True,True,False,True,True,False,False,False,False,False,True,True,False
scotland_lawrence_shankland,team_scotland,Scotland,Lawrence Shankland,Heart Of Midlothian FC (SCO),Forward,225744,Lawrence Shankland,https://www.transfermarkt.co.uk/lawrence-shankland/profil/spieler/225744,0.91,exact_name,True,30.0,185.0,right,Centre-Forward,2500000.0,Heart of Midlothian Football Club,lawrence shankland,heart of midlothian fc sco,,,False,wc2026_official_squad_corrected,1995-08-10 00:00:00,,13.0,3.0,1.0,2061.0,99.0,98.0,93.0,5.0,44.0,21.0,21.0,0.0,8.0,0.0,0.0,21.03061224489796,0.9393939393939394,0.98989898989899,20.818181818181817,1.9213973799126638,0.9170305676855895,0.9170305676855895,0.0,0.34934497816593885,0.0,0.0,18.0,5.0,0.2777777777777778,True,True,True,False,True,True,False,False,False,False,False,True,True,False
scotland_lyndon_dykes,team_scotland,Scotland,Lyndon Dykes,Charlton Athletic FC (ENG),Forward,347138,Lyndon Dykes,https://www.transfermarkt.co.uk/lyndon-dykes/profil/spieler/347138,0.91,exact_name,True,30.0,188.0,right,Centre-Forward,2500000.0,,lyndon dykes,charlton athletic fc eng,,,False,wc2026_official_squad_corrected,1995-10-07 00:00:00,,10.0,3.0,2.0,1663.0,86.0,83.0,46.0,37.0,14.0,1.0,11.0,0.0,1.0,0.0,0.0,20.03614457831325,0.5348837209302325,0.9651162790697675,19.337209302325583,0.7576668671076369,0.054119061936259774,0.5953096812988575,0.0,0.054119061936259774,0.0,0.0,42.0,9.0,0.21428571428571427,True,True,True,False,True,True,False,False,False,False,False,True,True,False
scotland_ross_stewart,team_scotland,Scotland,Ross Stewart,Southampton FC (ENG),Forward,447995,Ross Stewart,https://www.transfermarkt.co.uk/ross-stewart/profil/spieler/447995,0.95,exact_name,False,29.0,188.0,right,Centre-Forward,2800000.0,Southampton FC,ross stewart,southampton fc eng,,,False,wc2026_official_squad_corrected,1996-07-11 00:00:00,,8.0,3.0,2.0,430.0,25.0,23.0,7.0,16.0,2.0,1.0,1.0,0.0,0.0,0.0,0.0,18.695652173913043,0.28,0.92,17.2,0.41860465116279066,0.20930232558139533,0.20930232558139533,0.0,0.0,0.0,0.0,,,,True,True,False,False,False,False,False,False,False,False,False,True,True,False
scotland_angus_gunn,team_scotland,Scotland,Angus Gunn,Nottingham Forest FC (ENG),Goalkeeper,201574,Angus Gunn,https://www.transfermarkt.co.uk/angus-gunn/profil/spieler/201574,0.91,exact_name,True,30.0,196.0,right,Goalkeeper,2500000.0,Nottingham Forest Football Club,angus gunn,nottingham forest fc eng,,,False,wc2026_official_squad_corrected,1996-01-22 00:00:00,,7.0,3.0,2.0,6916.0,84.0,78.0,78.0,0.0,0.0,0.0,2.0,0.0,0.0,94.0,22.0,88.66666666666667,0.9285714285714286,0.9285714285714286,82.33333333333333,0.0,0.0,0.026026604973973393,0.0,0.0,1.2232504337767496,0.28629265471370735,38.0,0.0,0.0,True,True,True,True,True,False,True,False,False,False,False,False,True,True
scotland_craig_gordon,team_scotland,Scotland,Craig Gordon,Heart Of Midlothian FC (SCO),Goalkeeper,12589,Craig Gordon,https://www.transfermarkt.co.uk/craig-gordon/profil/spieler/12589,0.91,exact_name,True,43.0,193.0,left,Goalkeeper,50000.0,Heart of Midlothian Football Club,craig gordon,heart of midlothian fc sco,,,False,wc2026_official_squad_corrected,1982-12-31 00:00:00,,9.0,2.0,1.0,4830.0,76.0,53.0,53.0,0.0,0.0,1.0,2.0,0.0,0.0,69.0,11.0,91.13207547169812,0.6973684210526315,0.6973684210526315,63.55263157894737,0.0,0.018633540372670808,0.037267080745341616,0.0,0.0,1.2857142857142856,0.20496894409937888,86.0,0.0,0.0,True,True,True,True,True,False,True,False,False,False,False,False,True,True
scotland_liam_kelly,team_scotland,Scotland,Liam Kelly,Rangers FC (SCO),Goalkeeper,208772,Liam Kelly,https://www.transfermarkt.co.uk/liam-kelly/profil/spieler/208772,0.91,exact_name,True,30.0,184.0,right,Goalkeeper,800000.0,Rangers Football Club,liam kelly,rangers fc sco,,,False,wc2026_official_squad_corrected,1996-01-23 00:00:00,,13.0,3.0,2.0,5130.0,114.0,57.0,57.0,0.0,0.0,0.0,3.0,0.0,0.0,78.0,10.0,90.0,0.5,0.5,45.0,0.0,0.0,0.052631578947368425,0.0,0.0,1.368421052631579,0.17543859649122806,10.0,0.0,0.0,True,True,True,True,True,False,True,False,False,False,False,False,True,True
scotland_lewis_ferguson,team_scotland,Scotland,Lewis Ferguson,Bologna FC (ITA),Midfielder,428563,Lewis Ferguson,https://www.transfermarkt.co.uk/lewis-ferguson/profil/spieler/428563,0.91,exact_name,True,26.0,181.0,right,Central Midfield,20000000.0,Bologna Football Club 1909,lewis ferguson,bologna fc ita,,,False,wc2026_official_squad_corrected,1999-08-24 00:00:00,,6.0,3.0,1.0,1433.0,70.0,57.0,50.0,7.0,7.0,6.0,12.0,0.0,1.0,0.0,0.0,25.140350877192983,0.7142857142857143,0.8142857142857143,20.47142857142857,0.4396371249127704,0.3768318213538032,0.7536636427076064,0.0,0.0628053035589672,0.0,0.0,32.0,0.0,0.0,True,True,True,False,True,True,False,False,False,False,False,True,True,False
scotland_mcginn_john,team_scotland,Scotland,McGINN John,Aston Villa FC (ENG),Midfielder,193116,John McGinn,https://www.transfermarkt.co.uk/john-mcginn/profil/spieler/193116,0.91,exact_name_tokens,True,31.0,178.0,left,Central Midfield,15000000.0,Aston Villa Football Club,mcginn john,aston villa fc eng,,,False,wc2026_official_squad_corrected,1994-10-18 00:00:00,,10.0,3.0,1.0,3276.0,105.0,105.0,93.0,12.0,13.0,14.0,19.0,1.0,0.0,0.0,0.0,31.2,0.8857142857142857,1.0,31.2,0.3571428571428571,0.38461538461538464,0.521978021978022,0.027472527472527472,0.0,0.0,0.0,90.0,20.0,0.2222222222222222,True,True,True,False,True,True,False,False,False,False,False,True,True,False
scotland_mclean_kenny,team_scotland,Scotland,McLEAN Kenny,Norwich City FC (ENG),Midfielder,126600,Kenny McLean,https://www.transfermarkt.co.uk/kenny-mclean/profil/spieler/126600,0.95,exact_name_tokens,False,34.0,180.0,left,Central Midfield,1200000.0,Norwich City,mclean kenny,norwich city fc eng,,,False,wc2026_official_squad_corrected,1992-01-08 00:00:00,,9.0,3.0,1.0,4269.0,92.0,92.0,87.0,5.0,2.0,10.0,18.0,1.0,0.0,0.0,0.0,46.40217391304348,0.9456521739130435,1.0,46.40217391304348,0.0421644413211525,0.21082220660576248,0.3794799718903724,0.02108222066057625,0.0,0.0,0.0,53.0,2.0,0.03773584905660377,True,True,True,False,True,True,False,False,False,False,False,True,True,False
scotland_mctominay_scott,team_scotland,Scotland,McTOMINAY Scott,SSC Napoli (ITA),Midfielder,315969,Scott McTominay,https://www.transfermarkt.co.uk/scott-mctominay/profil/spieler/315969,0.91,exact_name_tokens,True,29.0,191.0,right,Central Midfield,45000000.0,Società Sportiva Calcio Napoli,mctominay scott,ssc napoli ita,,,False,wc2026_official_squad_corrected,1996-12-08 00:00:00,,9.0,3.0,2.0,1357.0,88.0,84.0,62.0,22.0,24.0,9.0,7.0,0.0,0.0,0.0,0.0,16.154761904761905,0.7045454545454546,0.9545454545454546,15.420454545454545,1.5917464996315402,0.5969049373618275,0.46425939572586583,0.0,0.0,0.0,0.0,61.0,12.0,0.19672131147540983,True,True,True,False,True,True,False,False,False,False,False,True,True,False
scotland_ryan_christie,team_scotland,Scotland,Ryan Christie,AFC Bournemouth (ENG),Midfielder,188077,Ryan Christie,https://www.transfermarkt.co.uk/ryan-christie/profil/spieler/188077,0.91,exact_name,True,31.0,178.0,left,Central Midfield,9000000.0,Association Football Club Bournemouth,ryan christie,afc bournemouth eng,,,False,wc2026_official_squad_corrected,1995-02-22 00:00:00,,8.0,3.0,1.0,1215.0,78.0,78.0,68.0,10.0,3.0,8.0,16.0,0.0,0.0,0.0,0.0,15.576923076923077,0.8717948717948718,1.0,15.576923076923077,0.2222222222222222,0.5925925925925926,1.1851851851851851,0.0,0.0,0.0,0.0,61.0,7.0,0.11475409836065574,True,True,True,False,True,True,False,False,False,False,False,True,True,False
scotland_tyler_fletcher,team_scotland,Scotland,Tyler Fletcher,Manchester United FC (ENG),Midfielder,,,,0.0,unmatched,True,,,,,,,tyler fletcher,manchester united fc eng,,,False,wc2026_official_squad_corrected,,,,,,,,,,,,,,,,,,,,,,,,,,,,,,,,False,False,False,False,False,False,False,False,False,False,False,True,True,False
senegal_abdoulaye_seck,team_senegal,Senegal,Abdoulaye Seck,Maccabi Haifa FC (ISR),Defender,265383,Abdoulaye Seck,https://www.transfermarkt.co.uk/abdoulaye-seck/profil/spieler/265383,0.91,exact_name,True,34.0,191.0,right,Centre-Back,1500000.0,,abdoulaye seck,maccabi haifa fc isr,,,False,wc2026_official_squad_corrected,1992-06-04 00:00:00,,13.0,3.0,1.0,4780.0,90.0,84.0,83.0,1.0,5.0,2.0,16.0,1.0,0.0,0.0,0.0,56.904761904761905,0.9222222222222223,0.9333333333333333,53.111111111111114,0.09414225941422594,0.03765690376569038,0.301255230125523,0.01882845188284519,0.0,0.0,0.0,,,,True,True,True,False,True,True,False,False,False,False,False,True,True,False
senegal_antoine_mendy,team_senegal,Senegal,Antoine Mendy,OGC Nice (FRA),Defender,891998,Antoine Mendy,https://www.transfermarkt.co.uk/antoine-mendy/profil/spieler/891998,0.91,exact_name,True,22.0,187.0,right,Centre-Back,4000000.0,Olympique Gymnaste Club Nice Côte d'Azur,antoine mendy,ogc nice fra,,,False,wc2026_official_squad_corrected,2004-05-27 00:00:00,,7.0,3.0,1.0,0.0,66.0,41.0,23.0,18.0,0.0,0.0,4.0,0.0,0.0,0.0,0.0,0.0,0.3484848484848485,0.6212121212121212,0.0,,,,,,,,3.0,0.0,0.0,True,False,False,False,False,False,False,False,False,False,False,True,True,False
senegal_ismail_jakobs,team_senegal,Senegal,Ismail Jakobs,Galatasaray SK (TUR),Defender,375137,Ismail Jakobs,https://www.transfermarkt.co.uk/ismail-jakobs/profil/spieler/375137,0.91,exact_name,True,26.0,184.0,left,Left-Back,6000000.0,Galatasaray Spor Kulübü,ismail jakobs,galatasaray sk tur,,,False,wc2026_official_squad_corrected,1999-08-17 00:00:00,,7.0,3.0,2.0,1468.0,59.0,53.0,38.0,15.0,1.0,4.0,3.0,0.0,0.0,0.0,0.0,27.69811320754717,0.6440677966101694,0.8983050847457628,24.88135593220339,0.061307901907356945,0.24523160762942778,0.18392370572207084,0.0,0.0,0.0,0.0,31.0,0.0,0.0,True,True,True,False,True,True,False,False,False,False,False,True,True,False
senegal_kalidou_koulibaly,team_senegal,Senegal,Kalidou Koulibaly,Al Hilal SC (KSA),Defender,93128,Kalidou Koulibaly,https://www.transfermarkt.co.uk/kalidou-koulibaly/profil/spieler/93128,0.91,exact_name,True,34.0,186.0,right,Centre-Back,12000000.0,Al-Hilal Saudi Football Club,kalidou koulibaly,al hilal sc ksa,,,False,wc2026_official_squad_corrected,1991-06-20 00:00:00,,9.0,3.0,1.0,2626.0,93.0,90.0,90.0,0.0,4.0,2.0,14.0,3.0,0.0,0.0,0.0,29.177777777777777,0.967741935483871,0.967741935483871,28.236559139784948,0.1370906321401371,0.06854531607006854,0.4798172124904798,0.10281797410510282,0.0,0.0,0.0,,,,True,True,True,False,True,True,False,False,False,False,False,True,True,False
senegal_krepin_diatta,team_senegal,Senegal,Krepin Diatta,AS Monaco (FRA),Defender,490426,Krépin Diatta,https://www.transfermarkt.co.uk/krepin-diatta/profil/spieler/490426,0.86,exact_name,True,27.0,175.0,right,Right Midfield,6000000.0,Association sportive de Monaco Football Club,krepin diatta,as monaco fra,,,False,wc2026_official_squad_corrected,1999-02-25 00:00:00,,4.0,2.0,1.0,0.0,60.0,50.0,17.0,33.0,0.0,2.0,5.0,0.0,0.0,0.0,0.0,0.0,0.2833333333333333,0.8333333333333334,0.0,,,,,,,,68.0,9.0,0.1323529411764706,True,False,False,False,False,False,False,False,False,False,False,True,True,False
senegal_mamadou_sarr,team_senegal,Senegal,Mamadou Sarr,Chelsea FC (ENG),Defender,910905,Mamadou Sarr,https://www.transfermarkt.co.uk/mamadou-sarr/profil/spieler/910905,0.91,exact_name,True,20.0,194.0,right,Centre-Back,25000000.0,Chelsea Football Club,mamadou sarr,chelsea fc eng,,,False,wc2026_official_squad_corrected,2005-08-29 00:00:00,,10.0,3.0,5.0,279.0,61.0,50.0,43.0,7.0,1.0,1.0,9.0,0.0,0.0,0.0,0.0,5.58,0.7049180327868853,0.819672131147541,4.573770491803279,0.3225806451612903,0.3225806451612903,2.903225806451613,0.0,0.0,0.0,0.0,32.0,1.0,0.03125,True,True,False,False,False,False,False,False,False,False,False,True,True,False
senegal_moussa_niakhate,team_senegal,Senegal,Moussa Niakhate,Olympique Lyonnais (FRA),Defender,291200,Moussa Niakhaté,https://www.transfermarkt.co.uk/moussa-niakhate/profil/spieler/291200,0.99,exact_name,False,30.0,190.0,left,Centre-Back,16000000.0,Olympique Lyonnais,moussa niakhate,olympique lyonnais fra,,,False,wc2026_official_squad_corrected,1996-03-08 00:00:00,,8.0,3.0,3.0,1457.0,86.0,69.0,61.0,8.0,1.0,0.0,7.0,1.0,0.0,0.0,0.0,21.115942028985508,0.7093023255813954,0.8023255813953488,16.941860465116278,0.06177076183939602,0.0,0.43239533287577214,0.06177076183939602,0.0,0.0,0.0,,,,True,True,True,False,True,True,False,False,False,False,False,True,True,False
senegal_el_hadji_malick_diouf,team_senegal,Senegal,el Hadji Malick Diouf,West Ham United FC (ENG),Defender,1111589,El Hadji Malick Diouf,https://www.transfermarkt.co.uk/el-hadji-malick-diouf/profil/spieler/1111589,0.91,exact_name,True,21.0,183.0,left,Left-Back,,West Ham United Football Club,el hadji malick diouf,west ham united fc eng,,,False,wc2026_official_squad_corrected,2004-12-28 00:00:00,,12.0,3.0,3.0,745.0,65.0,57.0,46.0,11.0,9.0,7.0,8.0,1.0,0.0,0.0,0.0,13.070175438596491,0.7076923076923077,0.8769230769230769,11.461538461538462,1.087248322147651,0.8456375838926173,0.9664429530201342,0.12080536912751677,0.0,0.0,0.0,6.0,0.0,0.0,True,True,True,False,True,True,False,False,False,False,False,True,True,False
senegal_assane_diao,team_senegal,Senegal,Assane Diao,Como (ITA),Forward,1061282,Assane Diao,https://www.transfermarkt.co.uk/assane-diao/profil/spieler/1061282,0.91,exact_name,True,20.0,185.0,right,Left Winger,12000000.0,Calcio Como,assane diao,como ita,,,False,wc2026_official_squad_corrected,2005-09-07 00:00:00,,11.0,3.0,3.0,1561.0,91.0,68.0,43.0,25.0,16.0,4.0,9.0,0.0,0.0,0.0,0.0,22.955882352941178,0.4725274725274725,0.7472527472527473,17.153846153846153,0.9224855861627161,0.23062139654067904,0.5188981422165279,0.0,0.0,0.0,0.0,19.0,2.0,0.10526315789473684,True,True,True,False,True,True,False,False,False,False,False,True,True,False
senegal_bamba_dieng,team_senegal,Senegal,Bamba Dieng,FC Lorient (FRA),Forward,822458,Bamba Dieng,https://www.transfermarkt.co.uk/bamba-dieng/profil/spieler/822458,0.91,exact_name,True,26.0,178.0,right,Centre-Forward,4000000.0,Football Club Lorient-Bretagne Sud,bamba dieng,fc lorient fra,,,False,wc2026_official_squad_corrected,2000-03-23 00:00:00,,7.0,3.0,3.0,521.0,46.0,40.0,14.0,26.0,11.0,3.0,4.0,0.0,2.0,0.0,0.0,13.025,0.30434782608695654,0.8695652173913043,11.326086956521738,1.9001919385796544,0.5182341650671786,0.690978886756238,0.0,0.345489443378119,0.0,0.0,20.0,2.0,0.1,True,True,True,False,True,True,False,False,False,False,False,True,True,False
senegal_cherif_ndiaye,team_senegal,Senegal,Cherif Ndiaye,Samsunspor (TUR),Forward,480705,Cherif Ndiaye,https://www.transfermarkt.co.uk/cherif-ndiaye/profil/spieler/480705,0.95,exact_name,False,30.0,190.0,right,Centre-Forward,3500000.0,Samsunspor,cherif ndiaye,samsunspor tur,,,False,wc2026_official_squad_corrected,1996-01-23 00:00:00,,13.0,3.0,2.0,2290.0,102.0,97.0,73.0,24.0,45.0,15.0,15.0,0.0,7.0,0.0,0.0,23.608247422680414,0.7156862745098039,0.9509803921568627,22.45098039215686,1.7685589519650655,0.5895196506550218,0.5895196506550218,0.0,0.27510917030567683,0.0,0.0,5.0,0.0,0.0,True,True,True,False,True,True,False,False,False,False,False,True,True,False
senegal_ibrahim_mbaye,team_senegal,Senegal,Ibrahim Mbaye,Paris Saint-Germain (FRA),Forward,1185888,Ibrahim Mbaye,https://www.transfermarkt.co.uk/ibrahim-mbaye/profil/spieler/1185888,0.95,exact_name,False,18.0,175.0,right,Right Winger,25000000.0,Paris Saint-Germain Football Club,ibrahim mbaye,paris saint germain fra,,,False,wc2026_official_squad_corrected,2008-01-24 00:00:00,,13.0,3.0,3.0,1383.0,69.0,50.0,36.0,14.0,16.0,21.0,1.0,1.0,1.0,0.0,0.0,27.66,0.5217391304347826,0.7246376811594203,20.043478260869566,1.0412147505422993,1.3665943600867678,0.0650759219088937,0.0650759219088937,0.0650759219088937,0.0,0.0,,,,True,True,True,False,True,True,False,False,False,False,False,True,True,False
senegal_iliman_ndiaye,team_senegal,Senegal,Iliman Ndiaye,Everton FC (ENG),Forward,623570,Iliman Ndiaye,https://www.transfermarkt.co.uk/iliman-ndiaye/profil/spieler/623570,0.91,exact_name,True,26.0,180.0,right,Right Winger,45000000.0,Everton Football Club,iliman ndiaye,everton fc eng,,,False,wc2026_official_squad_corrected,2000-03-06 00:00:00,,8.0,3.0,2.0,1991.0,87.0,87.0,65.0,22.0,17.0,5.0,5.0,1.0,3.0,0.0,0.0,22.885057471264368,0.7471264367816092,1.0,22.885057471264368,0.7684580612757409,0.22601707684580613,0.22601707684580613,0.04520341536916123,0.13561024610748368,0.0,0.0,,,,True,True,True,False,True,True,False,False,False,False,False,True,True,False
senegal_ismaila_sarr,team_senegal,Senegal,Ismaila Sarr,Crystal Palace FC (ENG),Forward,410225,Ismaïla Sarr,https://www.transfermarkt.co.uk/ismaila-sarr/profil/spieler/410225,0.91,exact_name,True,28.0,185.0,right,Right Winger,35000000.0,Crystal Palace Football Club,ismaila sarr,crystal palace fc eng,,,False,wc2026_official_squad_corrected,1998-02-25 00:00:00,,9.0,3.0,2.0,1532.0,90.0,88.0,63.0,25.0,20.0,17.0,10.0,0.0,0.0,0.0,0.0,17.40909090909091,0.7,0.9777777777777777,17.022222222222222,1.1749347258485638,0.9986945169712793,0.5874673629242819,0.0,0.0,0.0,0.0,67.0,13.0,0.19402985074626866,True,True,True,False,True,True,False,False,False,False,False,True,True,False
senegal_nicolas_jackson,team_senegal,Senegal,Nicolas Jackson,FC Bayern München (GER),Forward,776890,Nicolas Jackson,https://www.transfermarkt.co.uk/nicolas-jackson/profil/spieler/776890,0.99,exact_name,False,24.0,187.0,right,Centre-Forward,45000000.0,FC Bayern München,nicolas jackson,fc bayern munchen ger,,,False,wc2026_official_squad_corrected,2001-06-20 00:00:00,,7.0,2.0,1.0,1028.0,83.0,78.0,69.0,9.0,30.0,11.0,18.0,1.0,0.0,0.0,0.0,13.179487179487179,0.8313253012048193,0.9397590361445783,12.385542168674698,2.6264591439688716,0.9630350194552529,1.575875486381323,0.08754863813229571,0.0,0.0,0.0,14.0,0.0,0.0,True,True,True,False,True,True,False,False,False,False,False,True,True,False
senegal_sadio_mane,team_senegal,Senegal,Sadio Mane,Al Nassr FC (KSA),Forward,200512,Sadio Mané,https://www.transfermarkt.co.uk/sadio-mane/profil/spieler/200512,0.91,exact_name,True,34.0,174.0,right,Left Winger,25000000.0,Al-Nassr Football Club,sadio mane,al nassr fc ksa,,,False,wc2026_official_squad_corrected,1992-04-10 00:00:00,,11.0,3.0,1.0,1703.0,98.0,95.0,93.0,2.0,38.0,26.0,13.0,1.0,5.0,0.0,0.0,17.926315789473684,0.9489795918367347,0.9693877551020408,17.377551020408163,2.008220786846741,1.3740458015267174,0.6870229007633587,0.05284791544333529,0.26423957721667646,0.0,0.0,116.0,45.0,0.3879310344827586,True,True,True,False,True,True,False,False,False,False,False,True,True,False
senegal_edouard_mendy,team_senegal,Senegal,Edouard Mendy,Al Ahli FC (KSA),Goalkeeper,442531,Edouard Mendy,https://www.transfermarkt.co.uk/edouard-mendy/profil/spieler/442531,0.91,exact_name,True,34.0,194.0,right,Goalkeeper,10000000.0,Al-Ahli Saudi Football Club,edouard mendy,al ahli fc ksa,,,False,wc2026_official_squad_corrected,1992-03-01 00:00:00,,8.0,3.0,1.0,6927.0,78.0,78.0,78.0,0.0,0.0,1.0,5.0,0.0,0.0,77.0,34.0,88.8076923076923,1.0,1.0,88.8076923076923,0.0,0.012992637505413598,0.06496318752706799,0.0,0.0,1.000433087916847,0.4417496751840624,39.0,0.0,0.0,True,True,True,True,True,False,True,False,False,False,False,False,True,True
senegal_mory_diaw,team_senegal,Senegal,Mory Diaw,Le Havre AC (FRA),Goalkeeper,164904,Mory Diaw,https://www.transfermarkt.co.uk/mory-diaw/profil/spieler/164904,0.91,exact_name,True,32.0,197.0,right,Goalkeeper,1800000.0,Le Havre Athletic Club,mory diaw,le havre ac fra,,,False,wc2026_official_squad_corrected,1993-06-22 00:00:00,,3.0,3.0,3.0,3960.0,44.0,44.0,44.0,0.0,0.0,0.0,4.0,0.0,0.0,74.0,7.0,90.0,1.0,1.0,90.0,0.0,0.0,0.09090909090909091,0.0,0.0,1.6818181818181817,0.1590909090909091,,,,True,True,True,True,True,False,True,False,False,False,False,False,True,True
senegal_yehvann_diouf,team_senegal,Senegal,Yehvann Diouf,OGC Nice (FRA),Goalkeeper,448632,Yehvann Diouf,https://www.transfermarkt.co.uk/yehvann-diouf/profil/spieler/448632,0.91,exact_name,True,26.0,188.0,right,Goalkeeper,8000000.0,Olympique Gymnaste Club Nice Côte d'Azur,yehvann diouf,ogc nice fra,,,False,wc2026_official_squad_corrected,1999-11-16 00:00:00,,7.0,3.0,2.0,7230.0,82.0,80.0,80.0,0.0,0.0,0.0,1.0,0.0,0.0,114.0,15.0,90.375,0.975609756097561,0.975609756097561,88.17073170731707,0.0,0.0,0.012448132780082987,0.0,0.0,1.4190871369294604,0.18672199170124482,21.0,0.0,0.0,True,True,True,True,True,False,True,False,False,False,False,False,True,True
senegal_bara_sapoko_ndiaye,team_senegal,Senegal,Bara Sapoko Ndiaye,FC Bayern München (GER),Midfielder,1497653,Bara Sapoko Ndiaye,https://www.transfermarkt.co.uk/bara-sapoko-ndiaye/profil/spieler/1497653,0.99,exact_name,False,18.0,180.0,right,Central Midfield,,FC Bayern München,bara sapoko ndiaye,fc bayern munchen ger,,,False,wc2026_official_squad_corrected,2007-12-31 00:00:00,,,,,,,,,,,,,,,,,,,,,,,,,,,,,,,True,False,False,False,False,False,False,False,False,False,False,True,True,False
senegal_habib_diarra,team_senegal,Senegal,Habib Diarra,Sunderland AFC (ENG),Midfielder,876631,Habib Diarra,https://www.transfermarkt.co.uk/habib-diarra/profil/spieler/876631,0.91,exact_name,True,22.0,178.0,right,Central Midfield,32000000.0,Sunderland Association Football Club,habib diarra,sunderland afc eng,,,False,wc2026_official_squad_corrected,2004-01-03 00:00:00,,5.0,3.0,2.0,1648.0,71.0,71.0,61.0,10.0,8.0,8.0,10.0,0.0,3.0,0.0,0.0,23.211267605633804,0.8591549295774648,1.0,23.211267605633804,0.4368932038834951,0.4368932038834951,0.5461165048543689,0.0,0.1638349514563107,0.0,0.0,,,,True,True,True,False,True,True,False,False,False,False,False,True,True,False
senegal_idrissa_gana_gueye,team_senegal,Senegal,Idrissa Gana Gueye,Everton FC (ENG),Midfielder,,,,0.0,unmatched,True,,,,,,,idrissa gana gueye,everton fc eng,,,False,wc2026_official_squad_corrected,,,,,,,,,,,,,,,,,,,,,,,,,,,,,,,,False,False,False,False,False,False,False,False,False,False,False,True,True,False
senegal_lamine_camara,team_senegal,Senegal,Lamine Camara,AS Monaco (FRA),Midfielder,918969,Lamine Camara,https://www.transfermarkt.co.uk/lamine-camara/profil/spieler/918969,0.91,exact_name,True,22.0,173.0,right,Central Midfield,30000000.0,Association sportive de Monaco Football Club,lamine camara,as monaco fra,,,False,wc2026_official_squad_corrected,2004-01-01 00:00:00,,8.0,3.0,3.0,3479.0,80.0,77.0,67.0,10.0,4.0,14.0,14.0,1.0,0.0,0.0,0.0,45.18181818181818,0.8375,0.9625,43.4875,0.10347801092267893,0.3621730382293763,0.3621730382293763,0.025869502730669732,0.0,0.0,0.0,,,,True,True,True,False,True,True,False,False,False,False,False,True,True,False
senegal_pape_gueye,team_senegal,Senegal,Pape Gueye,Villarreal CF (ESP),Midfielder,485963,Pape Gueye,https://www.transfermarkt.co.uk/pape-gueye/profil/spieler/485963,0.91,exact_name,True,27.0,189.0,left,Central Midfield,6000000.0,Villarreal Club de Fútbol S.A.D.,pape gueye,villarreal cf esp,,,False,wc2026_official_squad_corrected,1999-01-24 00:00:00,,4.0,3.0,2.0,1641.0,55.0,54.0,39.0,15.0,7.0,0.0,7.0,2.0,0.0,0.0,0.0,30.38888888888889,0.7090909090909091,0.9818181818181818,29.836363636363636,0.38391224862888484,0.0,0.38391224862888484,0.1096892138939671,0.0,0.0,0.0,,,,True,True,True,False,True,True,False,False,False,False,False,True,True,False
senegal_pape_matar_sarr,team_senegal,Senegal,Pape Matar Sarr,Tottenham Hotspur FC (ENG),Midfielder,568693,Pape Matar Sarr,https://www.transfermarkt.co.uk/pape-matar-sarr/profil/spieler/568693,0.91,exact_name,True,23.0,184.0,right,Central Midfield,35000000.0,Tottenham Hotspur Football Club,pape matar sarr,tottenham hotspur fc eng,,,False,wc2026_official_squad_corrected,2002-09-14 00:00:00,,8.0,3.0,1.0,1936.0,97.0,94.0,64.0,30.0,9.0,7.0,17.0,0.0,0.0,0.0,0.0,20.595744680851062,0.6597938144329897,0.9690721649484536,19.95876288659794,0.41838842975206614,0.32541322314049587,0.7902892561983471,0.0,0.0,0.0,0.0,30.0,4.0,0.13333333333333333,True,True,True,False,True,True,False,False,False,False,False,True,True,False
senegal_pathe_ciss,team_senegal,Senegal,Pathe Ciss,Rayo Vallecano (ESP),Midfielder,525578,Pathé Ciss,https://www.transfermarkt.co.uk/pathe-ciss/profil/spieler/525578,0.91,exact_name,True,32.0,186.0,right,Central Midfield,2000000.0,Rayo Vallecano de Madrid S. A. D.,pathe ciss,rayo vallecano esp,,,False,wc2026_official_squad_corrected,1994-03-16 00:00:00,,6.0,3.0,1.0,2186.0,79.0,70.0,45.0,25.0,5.0,3.0,22.0,1.0,0.0,0.0,0.0,31.228571428571428,0.569620253164557,0.8860759493670886,27.670886075949365,0.2058554437328454,0.12351326623970722,0.9057639524245197,0.04117108874656908,0.0,0.0,0.0,17.0,0.0,0.0,True,True,True,False,True,True,False,False,False,False,False,True,True,False
south_africa_aubrey_modiba,team_south_africa,South Africa,Aubrey Modiba,Mamelodi Sundowns FC (RSA),Defender,353432,Aubrey Modiba,https://www.transfermarkt.co.uk/aubrey-modiba/profil/spieler/353432,0.91,exact_name,True,30.0,167.0,left,Left-Back,,,aubrey modiba,mamelodi sundowns fc rsa,,,False,wc2026_official_squad_corrected,1995-07-22 00:00:00,,,,,,,,,,,,,,,,,,,,,,,,,,,,,,,True,False,False,False,False,False,False,False,False,False,False,True,True,False
south_africa_bradley_cross,team_south_africa,South Africa,Bradley Cross,Kaizer Chiefs FC (RSA),Defender,,,,0.0,unmatched,True,,,,,,,bradley cross,kaizer chiefs fc rsa,,,False,wc2026_official_squad_corrected,,,,,,,,,,,,,,,,,,,,,,,,,,,,,,,,False,False,False,False,False,False,False,False,False,False,False,True,True,False
south_africa_ime_okon,team_south_africa,South Africa,Ime Okon,Hannover 96 (GER),Defender,,,,0.0,unmatched,True,,,,,,,ime okon,hannover 96 ger,,,False,wc2026_official_squad_corrected,,,,,,,,,,,,,,,,,,,,,,,,,,,,,,,,False,False,False,False,False,False,False,False,False,False,False,True,True,False
south_africa_khuliso_mudau,team_south_africa,South Africa,Khuliso Mudau,Mamelodi Sundowns FC (RSA),Defender,450806,Khuliso Mudau,https://www.transfermarkt.co.uk/khuliso-mudau/profil/spieler/450806,0.91,exact_name,True,31.0,181.0,right,Right-Back,,,khuliso mudau,mamelodi sundowns fc rsa,,,False,wc2026_official_squad_corrected,1995-04-26 00:00:00,,,,,,,,,,,,,,,,,,,,,,,,,,,,,,,True,False,False,False,False,False,False,False,False,False,False,True,True,False
south_africa_khulumani_ndamane,team_south_africa,South Africa,Khulumani Ndamane,Mamelodi Sundowns FC (RSA),Defender,1283140,Khulumani Ndamane,https://www.transfermarkt.co.uk/khulumani-ndamane/profil/spieler/1283140,0.91,exact_name,True,22.0,,right,Centre-Back,,,khulumani ndamane,mamelodi sundowns fc rsa,,,False,wc2026_official_squad_corrected,2004-02-05 00:00:00,,,,,,,,,,,,,,,,,,,,,,,,,,,,,,,True,False,False,False,False,False,False,False,False,False,False,True,True,False
south_africa_mbekezeli_mbokazi,team_south_africa,South Africa,Mbekezeli Mbokazi,Chicago Fire FC (USA),Defender,1378320,Mbekezeli Mbokazi,https://www.transfermarkt.co.uk/mbekezeli-mbokazi/profil/spieler/1378320,0.91,exact_name,True,20.0,177.0,left,Centre-Back,,Chicago Fire Soccer Club,mbekezeli mbokazi,chicago fire fc usa,,,False,wc2026_official_squad_corrected,2005-09-19 00:00:00,,,,,,,,,,,,,,,,,,,,,,,,,,,,,,,True,False,False,False,False,False,False,False,False,False,False,True,True,False
south_africa_nkosinathi_sibisi,team_south_africa,South Africa,Nkosinathi Sibisi,Orlando Pirates FC (RSA),Defender,399068,Nkosinathi Sibisi,https://www.transfermarkt.co.uk/nkosinathi-sibisi/profil/spieler/399068,0.91,exact_name,True,30.0,177.0,right,Centre-Back,,,nkosinathi sibisi,orlando pirates fc rsa,,,False,wc2026_official_squad_corrected,1995-09-22 00:00:00,,,,,,,,,,,,,,,,,,,,,,,,,,,,,,,True,False,False,False,False,False,False,False,False,False,False,True,True,False
south_africa_olwethu_makhanya,team_south_africa,South Africa,Olwethu Makhanya,Philadelphia Union (USA),Defender,1069801,Olwethu Makhanya,https://www.transfermarkt.co.uk/olwethu-makhanya/profil/spieler/1069801,0.99,exact_name,False,22.0,188.0,right,Centre-Back,,Philadelphia Union,olwethu makhanya,philadelphia union usa,,,False,wc2026_official_squad_corrected,2004-04-30 00:00:00,,1.0,1.0,1.0,0.0,3.0,0.0,0.0,0.0,0.0,0.0,0.0,0.0,0.0,0.0,0.0,,0.0,0.0,0.0,,,,,,,,0.0,0.0,,True,False,False,False,False,False,False,False,False,False,False,True,True,False
south_africa_samukele_kabini,team_south_africa,South Africa,Samukele Kabini,Molde FK (NOR),Defender,1175086,Samukele Kabini,https://www.transfermarkt.co.uk/samukele-kabini/profil/spieler/1175086,0.91,exact_name,True,22.0,181.0,left,Left-Back,,Molde Fotballklubb,samukele kabini,molde fk nor,,,False,wc2026_official_squad_corrected,2004-03-15 00:00:00,,6.0,2.0,1.0,540.0,42.0,38.0,38.0,0.0,3.0,3.0,6.0,0.0,0.0,0.0,0.0,14.210526315789474,0.9047619047619048,0.9047619047619048,12.857142857142858,0.5,0.5,1.0,0.0,0.0,0.0,0.0,,,,True,True,True,False,True,True,False,False,False,False,False,True,True,False
south_africa_thabang_matuludi,team_south_africa,South Africa,Thabang Matuludi,Polokwane City FC (RSA),Defender,1109254,Thabang Matuludi,https://www.transfermarkt.co.uk/thabang-matuludi/profil/spieler/1109254,0.91,exact_name,True,27.0,,right,Right-Back,,,thabang matuludi,polokwane city fc rsa,,,False,wc2026_official_squad_corrected,1999-01-14 00:00:00,,,,,,,,,,,,,,,,,,,,,,,,,,,,,,,True,False,False,False,False,False,False,False,False,False,False,True,True,False
south_africa_evidence_makgopa,team_south_africa,South Africa,Evidence Makgopa,Orlando Pirates FC (RSA),Forward,746781,Evidence Makgopa,https://www.transfermarkt.co.uk/evidence-makgopa/profil/spieler/746781,0.91,exact_name,True,26.0,188.0,right,Centre-Forward,,,evidence makgopa,orlando pirates fc rsa,,,False,wc2026_official_squad_corrected,2000-06-05 00:00:00,,,,,,,,,,,,,,,,,,,,,,,,,,,,,,,True,False,False,False,False,False,False,False,False,False,False,True,True,False
south_africa_iqraam_rayners,team_south_africa,South Africa,Iqraam Rayners,Mamelodi Sundowns FC (RSA),Forward,337884,Iqraam Rayners,https://www.transfermarkt.co.uk/iqraam-rayners/profil/spieler/337884,0.91,exact_name,True,30.0,176.0,right,Centre-Forward,,,iqraam rayners,mamelodi sundowns fc rsa,,,False,wc2026_official_squad_corrected,1995-12-19 00:00:00,,,,,,,,,,,,,,,,,,,,,,,,,,,,,,,True,False,False,False,False,False,False,False,False,False,False,True,True,False
south_africa_kamogelo_sebelebele,team_south_africa,South Africa,Kamogelo Sebelebele,Orlando Pirates FC (RSA),Forward,994370,Kamogelo Sebelebele,https://www.transfermarkt.co.uk/kamogelo-sebelebele/profil/spieler/994370,0.91,exact_name,True,23.0,,,Right Winger,,,kamogelo sebelebele,orlando pirates fc rsa,,,False,wc2026_official_squad_corrected,2002-07-21 00:00:00,,,,,,,,,,,,,,,,,,,,,,,,,,,,,,,True,False,False,False,False,False,False,False,False,False,False,True,True,False
south_africa_lyle_foster,team_south_africa,South Africa,Lyle Foster,Burnley FC (ENG),Forward,467623,Lyle Foster,https://www.transfermarkt.co.uk/lyle-foster/profil/spieler/467623,0.91,exact_name,True,25.0,185.0,right,Centre-Forward,13000000.0,Burnley Football Club,lyle foster,burnley fc eng,,,False,wc2026_official_squad_corrected,2000-09-03 00:00:00,,7.0,3.0,1.0,1617.0,60.0,60.0,45.0,15.0,9.0,8.0,5.0,1.0,0.0,0.0,0.0,26.95,0.75,1.0,26.95,0.5009276437847866,0.44526901669758817,0.2782931354359926,0.05565862708719852,0.0,0.0,0.0,35.0,12.0,0.34285714285714286,True,True,True,False,True,True,False,False,False,False,False,True,True,False
south_africa_oswin_appollis,team_south_africa,South Africa,Oswin Appollis,Orlando Pirates FC (RSA),Forward,673381,Oswin Appollis,https://www.transfermarkt.co.uk/oswin-appollis/profil/spieler/673381,0.91,exact_name,True,24.0,171.0,right,Left Winger,,,oswin appollis,orlando pirates fc rsa,,,False,wc2026_official_squad_corrected,2001-08-25 00:00:00,,,,,,,,,,,,,,,,,,,,,,,,,,,,,,,True,False,False,False,False,False,False,False,False,False,False,True,True,False
south_africa_relebohile_mofokeng,team_south_africa,South Africa,Relebohile Mofokeng,Orlando Pirates FC (RSA),Forward,1125037,Relebohile Mofokeng,https://www.transfermarkt.co.uk/relebohile-mofokeng/profil/spieler/1125037,0.91,exact_name,True,21.0,166.0,right,Left Winger,,,relebohile mofokeng,orlando pirates fc rsa,,,False,wc2026_official_squad_corrected,2004-10-23 00:00:00,,,,,,,,,,,,,,,,,,,,,,,,,,,,,,,True,False,False,False,False,False,False,False,False,False,False,True,True,False
south_africa_thapelo_maseko,team_south_africa,South Africa,Thapelo Maseko,AEL Limassol (CYP),Forward,,,,0.0,unmatched,True,,,,,,,thapelo maseko,ael limassol cyp,,,False,wc2026_official_squad_corrected,,,,,,,,,,,,,,,,,,,,,,,,,,,,,,,,False,False,False,False,False,False,False,False,False,False,False,True,True,False
south_africa_tshepang_moremi,team_south_africa,South Africa,Tshepang Moremi,Orlando Pirates FC (RSA),Forward,844485,Tshepang Moremi,https://www.transfermarkt.co.uk/tshepang-moremi/profil/spieler/844485,0.91,exact_name,True,25.0,,,Left Winger,,,tshepang moremi,orlando pirates fc rsa,,,False,wc2026_official_squad_corrected,2000-10-02 00:00:00,,,,,,,,,,,,,,,,,,,,,,,,,,,,,,,True,False,False,False,False,False,False,False,False,False,False,True,True,False
south_africa_ricardo_goss,team_south_africa,South Africa,Ricardo Goss,Siwelele FC (RSA),Goalkeeper,258304,Ricardo Goss,https://www.transfermarkt.co.uk/ricardo-goss/profil/spieler/258304,0.91,exact_name,True,32.0,181.0,right,Goalkeeper,,,ricardo goss,siwelele fc rsa,,,False,wc2026_official_squad_corrected,1994-04-02 00:00:00,,,,,,,,,,,,,,,,,,,,,,,,,,,,,,,True,False,False,True,False,False,False,False,False,False,False,False,True,True
south_africa_ronwen_williams,team_south_africa,South Africa,Ronwen Williams,Mamelodi Sundowns FC (RSA),Goalkeeper,175577,Ronwen Williams,https://www.transfermarkt.co.uk/ronwen-williams/profil/spieler/175577,0.91,exact_name,True,34.0,184.0,right,Goalkeeper,,,ronwen williams,mamelodi sundowns fc rsa,,,False,wc2026_official_squad_corrected,1992-01-21 00:00:00,,,,,,,,,,,,,,,,,,,,,,,,,,,,,,,True,False,False,True,False,False,False,False,False,False,False,False,True,True
south_africa_sipho_chaine,team_south_africa,South Africa,Sipho Chaine,Orlando Pirates FC (RSA),Goalkeeper,453370,Sipho Chaine,https://www.transfermarkt.co.uk/sipho-chaine/profil/spieler/453370,0.91,exact_name,True,29.0,181.0,,Goalkeeper,,,sipho chaine,orlando pirates fc rsa,,,False,wc2026_official_squad_corrected,1996-12-14 00:00:00,,,,,,,,,,,,,,,,,,,,,,,,,,,,,,,True,False,False,True,False,False,False,False,False,False,False,False,True,True
south_africa_jayden_adams,team_south_africa,South Africa,Jayden Adams,Mamelodi Sundowns FC (RSA),Midfielder,804472,Jayden Adams,https://www.transfermarkt.co.uk/jayden-adams/profil/spieler/804472,0.91,exact_name,True,25.0,175.0,right,Central Midfield,,,jayden adams,mamelodi sundowns fc rsa,,,False,wc2026_official_squad_corrected,2001-05-05 00:00:00,,,,,,,,,,,,,,,,,,,,,,,,,,,,,,,True,False,False,False,False,False,False,False,False,False,False,True,True,False
south_africa_sphephelo_sithole,team_south_africa,South Africa,Sphephelo Sithole,CD Tondela (POR),Midfielder,,,,0.0,unmatched,True,,,,,,,sphephelo sithole,cd tondela por,,,False,wc2026_official_squad_corrected,,,,,,,,,,,,,,,,,,,,,,,,,,,,,,,,False,False,False,False,False,False,False,False,False,False,False,True,True,False
south_africa_teboho_mokoena,team_south_africa,South Africa,Teboho Mokoena,Mamelodi Sundowns FC (RSA),Midfielder,436372,Teboho Mokoena,https://www.transfermarkt.co.uk/teboho-mokoena/profil/spieler/436372,0.91,exact_name,True,29.0,176.0,right,Defensive Midfield,,,teboho mokoena,mamelodi sundowns fc rsa,,,False,wc2026_official_squad_corrected,1997-01-24 00:00:00,,,,,,,,,,,,,,,,,,,,,,,,,,,,,,,True,False,False,False,False,False,False,False,False,False,False,True,True,False
south_africa_thalente_mbatha,team_south_africa,South Africa,Thalente Mbatha,Orlando Pirates FC (RSA),Midfielder,735697,Thalente Mbatha,https://www.transfermarkt.co.uk/thalente-mbatha/profil/spieler/735697,0.91,exact_name,True,26.0,180.0,right,Central Midfield,,,thalente mbatha,orlando pirates fc rsa,,,False,wc2026_official_squad_corrected,2000-03-06 00:00:00,,,,,,,,,,,,,,,,,,,,,,,,,,,,,,,True,False,False,False,False,False,False,False,False,False,False,True,True,False
south_africa_themba_zwane,team_south_africa,South Africa,Themba Zwane,Mamelodi Sundowns FC (RSA),Midfielder,,,,0.0,unmatched,True,,,,,,,themba zwane,mamelodi sundowns fc rsa,,,False,wc2026_official_squad_corrected,,,,,,,,,,,,,,,,,,,,,,,,,,,,,,,,False,False,False,False,False,False,False,False,False,False,False,True,True,False
south_korea_hanbeom_lee,team_south_korea,South Korea,Hanbeom Lee,FC Midtjylland (DEN),Defender,706963,Han-beom Lee,https://www.transfermarkt.co.uk/han-beom-lee/profil/spieler/706963,0.8761,near_name,True,23.0,190.0,right,Centre-Back,1800000.0,Fodbold Club Midtjylland,hanbeom lee,fc midtjylland den,,,False,wc2026_official_squad_corrected,2002-06-17 00:00:00,,12.0,3.0,2.0,278.0,79.0,33.0,26.0,7.0,2.0,5.0,3.0,0.0,0.0,0.0,0.0,8.424242424242424,0.3291139240506329,0.4177215189873418,3.518987341772152,0.6474820143884893,1.618705035971223,0.9712230215827339,0.0,0.0,0.0,0.0,15.0,1.0,0.06666666666666667,True,True,False,False,False,False,False,False,False,False,False,True,True,False
south_korea_jens_castrop,team_south_korea,South Korea,Jens Castrop,Borussia Mönchengladbach (GER),Defender,613192,Jens Castrop,https://www.transfermarkt.co.uk/jens-castrop/profil/spieler/613192,0.86,exact_name,True,22.0,178.0,right,Central Midfield,1500000.0,Borussia Verein für Leibesübungen 1900 Mönchengladbach,jens castrop,borussia monchengladbach ger,,,False,wc2026_official_squad_corrected,2003-07-29 00:00:00,,6.0,3.0,2.0,1681.0,58.0,57.0,50.0,7.0,5.0,7.0,21.0,2.0,0.0,0.0,0.0,29.49122807017544,0.8620689655172413,0.9827586206896551,28.982758620689655,0.2676977989292088,0.3747769185008923,1.124330755502677,0.10707911957168352,0.0,0.0,0.0,,,,True,True,True,False,True,True,False,False,False,False,False,True,True,False
south_korea_jinseob_park,team_south_korea,South Korea,Jinseob Park,Zhejiang FC (CHN),Defender,,,,0.0,unmatched,True,,,,,,,jinseob park,zhejiang fc chn,,,False,wc2026_official_squad_corrected,,,,,,,,,,,,,,,,,,,,,,,,,,,,,,,,False,False,False,False,False,False,False,False,False,False,False,True,True,False
south_korea_minjae_kim,team_south_korea,South Korea,Minjae Kim,FC Bayern München (GER),Defender,503482,Min-jae Kim,https://www.transfermarkt.co.uk/min-jae-kim/profil/spieler/503482,0.9529,near_name,False,29.0,190.0,right,Centre-Back,25000000.0,FC Bayern München,minjae kim,fc bayern munchen ger,,,False,wc2026_official_squad_corrected,1996-11-15 00:00:00,,10.0,3.0,1.0,4189.0,92.0,82.0,74.0,8.0,4.0,3.0,8.0,0.0,0.0,0.0,0.0,51.08536585365854,0.8043478260869565,0.8913043478260869,45.53260869565217,0.0859393650035808,0.06445452375268561,0.1718787300071616,0.0,0.0,0.0,0.0,79.0,4.0,0.05063291139240506,True,True,True,False,True,True,False,False,False,False,False,True,True,False
south_korea_moonhwan_kim,team_south_korea,South Korea,Moonhwan Kim,Daejeon Hana Citizen FC (KOR),Defender,524592,Moon-hwan Kim,https://www.transfermarkt.co.uk/moon-hwan-kim/profil/spieler/524592,0.8788,near_name,True,30.0,173.0,right,Right-Back,,Foundation Coorperation Hana Financial Group Inc. Football Club,moonhwan kim,daejeon hana citizen fc kor,,,False,wc2026_official_squad_corrected,1995-08-01 00:00:00,,3.0,1.0,1.0,0.0,27.0,26.0,24.0,2.0,0.0,2.0,4.0,1.0,0.0,0.0,0.0,0.0,0.8888888888888888,0.9629629629629629,0.0,,,,,,,,42.0,0.0,0.0,True,False,False,False,False,False,False,False,False,False,False,True,True,False
south_korea_taehyeon_kim,team_south_korea,South Korea,Taehyeon Kim,Kashima Antlers (JPN),Defender,645847,Tae-hyeon Kim,https://www.transfermarkt.co.uk/tae-hyeon-kim/profil/spieler/645847,0.9188,near_name,True,25.0,187.0,left,Centre-Back,,Kashima Antlers FC,taehyeon kim,kashima antlers jpn,,,False,wc2026_official_squad_corrected,2000-09-17 00:00:00,,,,,,,,,,,,,,,,,,,,,,,,,,,,,,,True,False,False,False,False,False,False,False,False,False,False,True,True,False
south_korea_taeseok_lee,team_south_korea,South Korea,Taeseok Lee,FK Austria Wien (AUT),Defender,639027,Tae-seok Lee,https://www.transfermarkt.co.uk/tae-seok-lee/profil/spieler/639027,0.8761,near_name,True,23.0,174.0,left,Left-Back,,Fußballklub Austria Wien,taeseok lee,fk austria wien aut,,,False,wc2026_official_squad_corrected,2002-07-28 00:00:00,,2.0,2.0,2.0,0.0,11.0,11.0,9.0,2.0,0.0,0.0,2.0,0.0,0.0,0.0,0.0,0.0,0.8181818181818182,1.0,0.0,,,,,,,,,,,True,False,False,False,False,False,False,False,False,False,False,True,True,False
south_korea_wije_cho,team_south_korea,South Korea,Wije Cho,Jeonbuk Hyundai Motors FC (KOR),Defender,550978,Wi-je Cho,https://www.transfermarkt.co.uk/wi-je-cho/profil/spieler/550978,0.9041,near_name,True,24.0,189.0,right,Centre-Back,,Jeonbuk Hyundai Motors,wije cho,jeonbuk hyundai motors fc kor,,,False,wc2026_official_squad_corrected,2001-08-25 00:00:00,,,,,,,,,,,,,,,,,,,,,,,,,,,,6.0,0.0,0.0,True,False,False,False,False,False,False,False,False,False,False,True,True,False
south_korea_youngwoo_seol,team_south_korea,South Korea,Youngwoo Seol,FK Crvena Zvezda (SRB),Defender,639414,Young-woo Seol,https://www.transfermarkt.co.uk/young-woo-seol/profil/spieler/639414,0.8811,near_name,True,27.0,183.0,right,Right-Back,,Fudbalski klub Crvena zvezda Beograd,youngwoo seol,fk crvena zvezda srb,,,False,wc2026_official_squad_corrected,1998-12-05 00:00:00,,8.0,3.0,2.0,797.0,63.0,61.0,59.0,2.0,8.0,10.0,3.0,1.0,0.0,0.0,0.0,13.065573770491802,0.9365079365079365,0.9682539682539683,12.65079365079365,0.9033877038895859,1.1292346298619824,0.33877038895859474,0.11292346298619824,0.0,0.0,0.0,44.0,0.0,0.0,True,True,True,False,True,True,False,False,False,False,False,True,True,False
south_korea_guesung_cho,team_south_korea,South Korea,Guesung Cho,FC Midtjylland (DEN),Forward,652537,Gue-sung Cho,https://www.transfermarkt.co.uk/gue-sung-cho/profil/spieler/652537,0.8761,near_name,True,28.0,188.0,right,Centre-Forward,4500000.0,Fodbold Club Midtjylland,guesung cho,fc midtjylland den,,,False,wc2026_official_squad_corrected,1998-01-25 00:00:00,,6.0,2.0,1.0,986.0,42.0,39.0,35.0,4.0,13.0,4.0,6.0,0.0,6.0,0.0,0.0,25.28205128205128,0.8333333333333334,0.9285714285714286,23.476190476190474,1.1866125760649087,0.36511156186612576,0.5476673427991886,0.0,0.5476673427991886,0.0,0.0,48.0,12.0,0.25,True,True,True,False,True,True,False,False,False,False,False,True,True,False
south_korea_heungmin_son,team_south_korea,South Korea,Heungmin Son,LAFC (USA),Forward,91845,Heung-min Son,https://www.transfermarkt.co.uk/heung-min-son/profil/spieler/91845,0.8788,near_name,True,33.0,184.0,both,Left Winger,17000000.0,Los Angeles Football Club,heungmin son,lafc usa,,,False,wc2026_official_squad_corrected,1992-07-08 00:00:00,,6.0,2.0,1.0,979.0,82.0,82.0,71.0,11.0,28.0,22.0,2.0,0.0,4.0,0.0,0.0,11.939024390243903,0.8658536585365854,1.0,11.939024390243903,2.5740551583248212,2.0224719101123596,0.18386108273748725,0.0,0.3677221654749745,0.0,0.0,167.0,62.0,0.3712574850299401,True,True,True,False,True,True,False,False,False,False,False,True,True,False
south_korea_hyeongyu_oh,team_south_korea,South Korea,Hyeongyu Oh,Beşiktaş JK (TUR),Forward,639246,Hyeon-gyu Oh,https://www.transfermarkt.co.uk/hyeon-gyu-oh/profil/spieler/639246,0.8761,near_name,True,25.0,187.0,right,Centre-Forward,1800000.0,Beşiktaş Jimnastik Kulübü,hyeongyu oh,besiktas jk tur,,,False,wc2026_official_squad_corrected,2001-04-12 00:00:00,,8.0,3.0,2.0,837.0,82.0,73.0,15.0,58.0,19.0,4.0,3.0,0.0,4.0,0.0,0.0,11.465753424657533,0.18292682926829268,0.8902439024390244,10.207317073170731,2.043010752688172,0.4301075268817204,0.3225806451612903,0.0,0.4301075268817204,0.0,0.0,,,,True,True,True,False,True,True,False,False,False,False,False,True,True,False
south_korea_bumkeun_song,team_south_korea,South Korea,Bumkeun Song,Jeonbuk Hyundai Motors FC (KOR),Goalkeeper,508237,Bum-keun Song,https://www.transfermarkt.co.uk/bum-keun-song/profil/spieler/508237,0.9188,near_name,True,28.0,194.0,right,Goalkeeper,,Jeonbuk Hyundai Motors,bumkeun song,jeonbuk hyundai motors fc kor,,,False,wc2026_official_squad_corrected,1997-10-15 00:00:00,,,,,,,,,,,,,,,,,,,,,,,,,,,,,,,True,False,False,True,False,False,False,False,False,False,False,False,True,True
south_korea_hyeonwoo_jo,team_south_korea,South Korea,Hyeonwoo Jo,Ulsan HD (KOR),Goalkeeper,260171,Hyeon-woo Jo,https://www.transfermarkt.co.uk/hyeon-woo-jo/profil/spieler/260171,0.8761,near_name,True,34.0,189.0,right,Goalkeeper,,Ulsan Hyundai Football Club,hyeonwoo jo,ulsan hd kor,,,False,wc2026_official_squad_corrected,1991-09-25 00:00:00,,2.0,2.0,1.0,1634.0,18.0,18.0,18.0,0.0,0.0,0.0,1.0,0.0,0.0,25.0,3.0,90.77777777777777,1.0,1.0,90.0,0.0,0.0,0.055079559363525085,0.0,0.0,1.3769889840881273,0.16523867809057527,53.0,0.0,0.0,True,True,True,True,True,False,True,False,False,False,False,False,True,True
south_korea_seunggyu_kim,team_south_korea,South Korea,Seunggyu Kim,FC Tokyo (JPN),Goalkeeper,92076,Seung-gyu Kim,https://www.transfermarkt.co.uk/seung-gyu-kim/profil/spieler/92076,0.8788,near_name,True,35.0,189.0,right,Goalkeeper,,Tokyo Football Club,seunggyu kim,fc tokyo jpn,,,False,wc2026_official_squad_corrected,1990-09-30 00:00:00,,,,,,,,,,,,,,,,,,,,,,,,,,,,129.0,0.0,0.0,True,False,False,True,False,False,False,False,False,False,False,False,True,True
south_korea_donggyeong_lee,team_south_korea,South Korea,Donggyeong Lee,Ulsan HD (KOR),Midfielder,,,,0.0,unmatched,True,,,,,,,donggyeong lee,ulsan hd kor,,,False,wc2026_official_squad_corrected,,,,,,,,,,,,,,,,,,,,,,,,,,,,,,,,False,False,False,False,False,False,False,False,False,False,False,True,True,False
south_korea_gihyuk_lee,team_south_korea,South Korea,Gihyuk Lee,Gangwon FC (KOR),Midfielder,,,,0.0,unmatched,True,,,,,,,gihyuk lee,gangwon fc kor,,,False,wc2026_official_squad_corrected,,,,,,,,,,,,,,,,,,,,,,,,,,,,,,,,False,False,False,False,False,False,False,False,False,False,False,True,True,False
south_korea_heechan_hwang,team_south_korea,South Korea,Heechan Hwang,Wolverhampton Wanderers FC (ENG),Midfielder,292246,Hee-chan Hwang,https://www.transfermarkt.co.uk/hee-chan-hwang/profil/spieler/292246,0.8711,near_name,True,30.0,177.0,right,Centre-Forward,10000000.0,Wolverhampton Wanderers Football Club,heechan hwang,wolverhampton wanderers fc eng,,,False,wc2026_official_squad_corrected,1996-01-26 00:00:00,,8.0,3.0,1.0,667.0,69.0,60.0,37.0,23.0,16.0,4.0,7.0,0.0,1.0,0.0,0.0,11.116666666666667,0.5362318840579711,0.8695652173913043,9.666666666666666,2.158920539730135,0.5397301349325337,0.9445277361319341,0.0,0.13493253373313344,0.0,0.0,108.0,34.0,0.3148148148148148,True,True,True,False,True,True,False,False,False,False,False,True,True,False
south_korea_hyunjun_yang,team_south_korea,South Korea,Hyunjun Yang,Celtic FC (SCO),Midfielder,,,,0.0,unmatched,True,,,,,,,hyunjun yang,celtic fc sco,,,False,wc2026_official_squad_corrected,,,,,,,,,,,,,,,,,,,,,,,,,,,,,,,,False,False,False,False,False,False,False,False,False,False,False,True,True,False
south_korea_inbeom_hwang,team_south_korea,South Korea,Inbeom Hwang,Feyenoord Rotterdam (NED),Midfielder,365394,In-beom Hwang,https://www.transfermarkt.co.uk/in-beom-hwang/profil/spieler/365394,0.9588,near_name,False,29.0,177.0,both,Defensive Midfield,4500000.0,Feyenoord Rotterdam,inbeom hwang,feyenoord rotterdam ned,,,False,wc2026_official_squad_corrected,1996-09-20 00:00:00,,11.0,3.0,2.0,1845.0,80.0,75.0,68.0,7.0,9.0,17.0,11.0,0.0,1.0,0.0,0.0,24.6,0.85,0.9375,23.0625,0.43902439024390244,0.8292682926829269,0.5365853658536586,0.0,0.04878048780487805,0.0,0.0,83.0,8.0,0.0963855421686747,True,True,True,False,True,True,False,False,False,False,False,True,True,False
south_korea_jaesung_lee,team_south_korea,South Korea,Jaesung Lee,1. FSV Mainz 05 (GER),Midfielder,,,,0.0,unmatched,True,,,,,,,jaesung lee,1 fsv mainz 05 ger,,,False,wc2026_official_squad_corrected,,,,,,,,,,,,,,,,,,,,,,,,,,,,,,,,False,False,False,False,False,False,False,False,False,False,False,True,True,False
south_korea_jingyu_kim,team_south_korea,South Korea,Jingyu Kim,Jeonbuk Hyundai Motors FC (KOR),Midfielder,365377,Jin-gyu Kim,https://www.transfermarkt.co.uk/jin-gyu-kim/profil/spieler/365377,0.9129,near_name,True,29.0,177.0,right,Central Midfield,,Jeonbuk Hyundai Motors,jingyu kim,jeonbuk hyundai motors fc kor,,,False,wc2026_official_squad_corrected,1997-02-24 00:00:00,,,,,,,,,,,,,,,,,,,,,,,,,,,,,,,True,False,False,False,False,False,False,False,False,False,False,True,True,False
south_korea_jisung_eom,team_south_korea,South Korea,Jisung Eom,Swansea City AFC (WAL),Midfielder,706968,Ji-sung Eom,https://www.transfermarkt.co.uk/ji-sung-eom/profil/spieler/706968,0.8629,near_name,True,24.0,176.0,right,Left Winger,,Swansea City,jisung eom,swansea city afc wal,,,False,wc2026_official_squad_corrected,2002-05-09 00:00:00,,5.0,2.0,1.0,768.0,47.0,46.0,34.0,12.0,3.0,3.0,2.0,0.0,0.0,0.0,0.0,16.695652173913043,0.723404255319149,0.9787234042553191,16.340425531914892,0.3515625,0.3515625,0.234375,0.0,0.0,0.0,0.0,23.0,4.0,0.17391304347826086,True,True,True,False,True,True,False,False,False,False,False,True,True,False
south_korea_junho_bae,team_south_korea,South Korea,Junho Bae,Stoke City FC (ENG),Midfielder,,,,0.0,unmatched,True,,,,,,,junho bae,stoke city fc eng,,,False,wc2026_official_squad_corrected,,,,,,,,,,,,,,,,,,,,,,,,,,,,,,,,False,False,False,False,False,False,False,False,False,False,False,True,True,False
south_korea_kangin_lee,team_south_korea,South Korea,Kangin Lee,Paris Saint-Germain (FRA),Midfielder,557149,Kang-in Lee,https://www.transfermarkt.co.uk/kang-in-lee/profil/spieler/557149,0.8629,near_name,True,25.0,173.0,left,Attacking Midfield,25000000.0,Paris Saint-Germain Football Club,kangin lee,paris saint germain fra,,,False,wc2026_official_squad_corrected,2001-02-19 00:00:00,,10.0,3.0,1.0,1224.0,96.0,84.0,51.0,33.0,12.0,11.0,4.0,0.0,0.0,0.0,0.0,14.571428571428571,0.53125,0.875,12.75,0.8823529411764706,0.8088235294117646,0.29411764705882354,0.0,0.0,0.0,0.0,62.0,19.0,0.3064516129032258,True,True,True,False,True,True,False,False,False,False,False,True,True,False
south_korea_seungho_paik,team_south_korea,South Korea,Seungho Paik,Birmingham City FC (ENG),Midfielder,282689,Seung-ho Paik,https://www.transfermarkt.co.uk/seung-ho-paik/profil/spieler/282689,0.8788,near_name,True,29.0,182.0,right,Central Midfield,900000.0,,seungho paik,birmingham city fc eng,,,False,wc2026_official_squad_corrected,1997-03-17 00:00:00,,8.0,3.0,2.0,4972.0,78.0,77.0,61.0,16.0,3.0,4.0,3.0,0.0,0.0,0.0,0.0,64.57142857142857,0.782051282051282,0.9871794871794872,63.743589743589745,0.05430410297666934,0.07240547063555913,0.05430410297666934,0.0,0.0,0.0,0.0,53.0,13.0,0.24528301886792453,True,True,True,False,True,True,False,False,False,False,False,True,True,False
spain_alex_grimaldo,team_spain,Spain,Alex Grimaldo,Bayer 04 Leverkusen (GER),Defender,,,,0.0,unmatched,True,,,,,,,alex grimaldo,bayer 04 leverkusen ger,,,False,wc2026_official_squad_corrected,,,,,,,,,,,,,,,,,,,,,,,,,,,,,,,,False,False,False,False,False,False,False,False,False,False,False,True,True,False
spain_aymeric_laporte,team_spain,Spain,Aymeric Laporte,Athletic Club (ESP),Defender,176553,Aymeric Laporte,https://www.transfermarkt.co.uk/aymeric-laporte/profil/spieler/176553,0.95,exact_name,False,32.0,191.0,left,Centre-Back,20000000.0,Athletic Club Bilbao,aymeric laporte,athletic club esp,,,False,wc2026_official_squad_corrected,1994-05-27 00:00:00,,11.0,2.0,2.0,1342.0,73.0,70.0,64.0,6.0,9.0,1.0,7.0,2.0,0.0,0.0,0.0,19.17142857142857,0.8767123287671232,0.958904109589041,18.383561643835616,0.6035767511177348,0.06706408345752608,0.4694485842026826,0.13412816691505217,0.0,0.0,0.0,91.0,5.0,0.054945054945054944,True,True,True,False,True,True,False,False,False,False,False,True,True,False
spain_eric_garcia,team_spain,Spain,Eric Garcia,FC Barcelona (ESP),Defender,466794,Eric García,https://www.transfermarkt.co.uk/eric-garcia/profil/spieler/466794,0.91,exact_name,True,25.0,182.0,right,Centre-Back,20000000.0,Futbol Club Barcelona,eric garcia,fc barcelona esp,,,False,wc2026_official_squad_corrected,2001-01-09 00:00:00,,8.0,3.0,2.0,1710.0,89.0,81.0,53.0,28.0,10.0,3.0,8.0,1.0,0.0,0.0,0.0,21.11111111111111,0.5955056179775281,0.9101123595505618,19.213483146067414,0.5263157894736842,0.15789473684210525,0.4210526315789474,0.052631578947368425,0.0,0.0,0.0,58.0,2.0,0.034482758620689655,True,True,True,False,True,True,False,False,False,False,False,True,True,False
spain_marc_cucurella,team_spain,Spain,Marc Cucurella,Chelsea FC (ENG),Defender,284857,Marc Cucurella,https://www.transfermarkt.co.uk/marc-cucurella/profil/spieler/284857,0.91,exact_name,True,27.0,173.0,left,Left-Back,50000000.0,Chelsea Football Club,marc cucurella,chelsea fc eng,,,False,wc2026_official_squad_corrected,1998-07-22 00:00:00,,9.0,3.0,1.0,1056.0,87.0,77.0,69.0,8.0,8.0,8.0,19.0,1.0,0.0,0.0,0.0,13.714285714285714,0.7931034482758621,0.8850574712643678,12.137931034482758,0.6818181818181819,0.6818181818181819,1.6193181818181819,0.08522727272727273,0.0,0.0,0.0,50.0,5.0,0.1,True,True,True,False,True,True,False,False,False,False,False,True,True,False
spain_marc_pubill,team_spain,Spain,Marc Pubill,Atlético De Madrid (ESP),Defender,844637,Marc Pubill,https://www.transfermarkt.co.uk/marc-pubill/profil/spieler/844637,0.95,exact_name,False,22.0,190.0,right,Centre-Back,4000000.0,Club Atlético de Madrid S.A.D.,marc pubill,atletico de madrid esp,,,False,wc2026_official_squad_corrected,2003-06-20 00:00:00,,,,,,,,,,,,,,,,,,,,,,,,,,,,,,,True,False,False,False,False,False,False,False,False,False,False,True,True,False
spain_marcos_llorente,team_spain,Spain,Marcos Llorente,Atlético De Madrid (ESP),Defender,282411,Marcos Llorente,https://www.transfermarkt.co.uk/marcos-llorente/profil/spieler/282411,0.95,exact_name,False,31.0,184.0,right,Right-Back,22000000.0,Club Atlético de Madrid S.A.D.,marcos llorente,atletico de madrid esp,,,False,wc2026_official_squad_corrected,1995-01-30 00:00:00,,8.0,3.0,1.0,2345.0,103.0,101.0,80.0,21.0,11.0,15.0,8.0,1.0,0.0,0.0,0.0,23.217821782178216,0.7766990291262136,0.9805825242718447,22.766990291262136,0.42217484008528783,0.5756929637526652,0.30703624733475476,0.038379530916844345,0.0,0.0,0.0,30.0,0.0,0.0,True,True,True,False,True,True,False,False,False,False,False,True,True,False
spain_pau_cubarsi,team_spain,Spain,Pau Cubarsi,FC Barcelona (ESP),Defender,962110,Pau Cubarsí,https://www.transfermarkt.co.uk/pau-cubarsi/profil/spieler/962110,0.91,exact_name,True,19.0,184.0,right,Centre-Back,30000000.0,Futbol Club Barcelona,pau cubarsi,fc barcelona esp,,,False,wc2026_official_squad_corrected,2007-01-22 00:00:00,,11.0,3.0,3.0,431.0,110.0,93.0,79.0,14.0,1.0,5.0,14.0,1.0,0.0,0.0,0.0,4.634408602150538,0.7181818181818181,0.8454545454545455,3.918181818181818,0.2088167053364269,1.0440835266821344,2.9234338747099766,0.2088167053364269,0.0,0.0,0.0,44.0,1.0,0.022727272727272728,True,True,False,False,False,False,False,False,False,False,False,True,True,False
spain_pedro_porro,team_spain,Spain,Pedro Porro,Tottenham Hotspur FC (ENG),Defender,553875,Pedro Porro,https://www.transfermarkt.co.uk/pedro-porro/profil/spieler/553875,0.91,exact_name,True,26.0,173.0,right,Right-Back,40000000.0,Tottenham Hotspur Football Club,pedro porro,tottenham hotspur fc eng,,,False,wc2026_official_squad_corrected,1999-09-13 00:00:00,,8.0,3.0,1.0,3065.0,102.0,92.0,85.0,7.0,8.0,18.0,12.0,0.0,0.0,0.0,0.0,33.31521739130435,0.8333333333333334,0.9019607843137255,30.04901960784314,0.23491027732463296,0.5285481239804242,0.3523654159869494,0.0,0.0,0.0,0.0,19.0,0.0,0.0,True,True,True,False,True,True,False,False,False,False,False,True,True,False
spain_borja_iglesias,team_spain,Spain,Borja Iglesias,RC Celta Vigo (ESP),Forward,278359,Borja Iglesias,https://www.transfermarkt.co.uk/borja-iglesias/profil/spieler/278359,0.91,exact_name,True,33.0,187.0,right,Centre-Forward,5000000.0,Real Club Celta de Vigo S. A. D.,borja iglesias,rc celta vigo esp,,,False,wc2026_official_squad_corrected,1993-01-17 00:00:00,,9.0,3.0,3.0,781.0,92.0,71.0,40.0,31.0,14.0,5.0,6.0,0.0,0.0,0.0,0.0,11.0,0.43478260869565216,0.7717391304347826,8.48913043478261,1.6133162612035852,0.5761843790012804,0.6914212548015365,0.0,0.0,0.0,0.0,2.0,0.0,0.0,True,True,True,False,True,True,False,False,False,False,False,True,True,False
spain_dani_olmo,team_spain,Spain,Dani Olmo,FC Barcelona (ESP),Forward,293385,Dani Olmo,https://www.transfermarkt.co.uk/dani-olmo/profil/spieler/293385,0.91,exact_name,True,28.0,179.0,right,Attacking Midfield,60000000.0,Futbol Club Barcelona,dani olmo,fc barcelona esp,,,False,wc2026_official_squad_corrected,1998-05-07 00:00:00,,8.0,3.0,2.0,912.0,69.0,67.0,43.0,24.0,20.0,12.0,2.0,0.0,3.0,0.0,0.0,13.611940298507463,0.6231884057971014,0.9710144927536232,13.217391304347826,1.9736842105263157,1.1842105263157894,0.19736842105263158,0.0,0.29605263157894735,0.0,0.0,77.0,18.0,0.23376623376623376,True,True,True,False,True,True,False,False,False,False,False,True,True,False
spain_ferran_torres,team_spain,Spain,Ferran Torres,FC Barcelona (ESP),Forward,398184,Ferran Torres,https://www.transfermarkt.co.uk/ferran-torres/profil/spieler/398184,0.91,exact_name,True,26.0,182.0,right,Centre-Forward,30000000.0,Futbol Club Barcelona,ferran torres,fc barcelona esp,,,False,wc2026_official_squad_corrected,2000-02-29 00:00:00,,9.0,3.0,1.0,1020.0,94.0,90.0,42.0,48.0,32.0,11.0,7.0,1.0,0.0,0.0,0.0,11.333333333333334,0.44680851063829785,0.9574468085106383,10.851063829787234,2.8235294117647056,0.9705882352941176,0.6176470588235294,0.08823529411764705,0.0,0.0,0.0,95.0,33.0,0.3473684210526316,True,True,True,False,True,True,False,False,False,False,False,True,True,False
spain_lamine_yamal,team_spain,Spain,Lamine Yamal,FC Barcelona (ESP),Forward,937958,Lamine Yamal,https://www.transfermarkt.co.uk/lamine-yamal/profil/spieler/937958,0.91,exact_name,True,18.0,180.0,left,Right Winger,120000000.0,Futbol Club Barcelona,lamine yamal,fc barcelona esp,,,False,wc2026_official_squad_corrected,2007-07-13 00:00:00,,9.0,3.0,1.0,1588.0,109.0,108.0,84.0,24.0,27.0,37.0,9.0,0.0,1.0,0.0,0.0,14.703703703703704,0.7706422018348624,0.9908256880733946,14.568807339449542,1.5302267002518892,2.0969773299748113,0.5100755667506297,0.0,0.05667506297229219,0.0,0.0,44.0,18.0,0.4090909090909091,True,True,True,False,True,True,False,False,False,False,False,True,True,False
spain_mikel_oyarzabal,team_spain,Spain,Mikel Oyarzabal,Real Sociedad (ESP),Forward,351478,Mikel Oyarzabal,https://www.transfermarkt.co.uk/mikel-oyarzabal/profil/spieler/351478,0.91,exact_name,True,29.0,181.0,left,Centre-Forward,25000000.0,Real Sociedad de Fútbol S.A.D.,mikel oyarzabal,real sociedad esp,,,False,wc2026_official_squad_corrected,1997-04-21 00:00:00,,7.0,3.0,1.0,1149.0,104.0,100.0,78.0,22.0,32.0,12.0,11.0,1.0,10.0,0.0,0.0,11.49,0.75,0.9615384615384616,11.048076923076923,2.506527415143603,0.9399477806788512,0.8616187989556136,0.0783289817232376,0.7832898172323759,0.0,0.0,83.0,28.0,0.3373493975903614,True,True,True,False,True,True,False,False,False,False,False,True,True,False
spain_nico_williams,team_spain,Spain,Nico Williams,Athletic Club (ESP),Forward,709187,Nico Williams,https://www.transfermarkt.co.uk/nico-williams/profil/spieler/709187,0.95,exact_name,False,23.0,181.0,right,Left Winger,60000000.0,Athletic Club Bilbao,nico williams,athletic club esp,,,False,wc2026_official_squad_corrected,2002-07-12 00:00:00,,7.0,3.0,1.0,1602.0,85.0,85.0,71.0,14.0,20.0,27.0,7.0,1.0,1.0,0.0,0.0,18.847058823529412,0.8352941176470589,1.0,18.847058823529412,1.1235955056179774,1.5168539325842696,0.39325842696629215,0.056179775280898875,0.056179775280898875,0.0,0.0,39.0,8.0,0.20512820512820512,True,True,True,False,True,True,False,False,False,False,False,True,True,False
spain_victor_munoz,team_spain,Spain,Victor Munoz,CA Osasuna (ESP),Forward,935231,Víctor Muñoz,https://www.transfermarkt.co.uk/victor-munoz/profil/spieler/935231,0.91,exact_name,True,22.0,173.0,right,Left Winger,,Club Atlético Osasuna,victor munoz,ca osasuna esp,,,False,wc2026_official_squad_corrected,2003-07-13 00:00:00,,4.0,3.0,3.0,588.0,77.0,68.0,37.0,31.0,13.0,7.0,7.0,0.0,0.0,0.0,0.0,8.647058823529411,0.4805194805194805,0.8831168831168831,7.636363636363637,1.989795918367347,1.0714285714285714,1.0714285714285714,0.0,0.0,0.0,0.0,,,,True,True,True,False,True,True,False,False,False,False,False,True,True,False
spain_yeremy_pino,team_spain,Spain,Yeremy Pino,Crystal Palace FC (ENG),Forward,568157,Yéremy Pino,https://www.transfermarkt.co.uk/yeremy-pino/profil/spieler/568157,0.91,exact_name,True,23.0,172.0,right,Right Winger,30000000.0,Crystal Palace Football Club,yeremy pino,crystal palace fc eng,,,False,wc2026_official_squad_corrected,2002-10-20 00:00:00,,6.0,3.0,2.0,488.0,51.0,48.0,36.0,12.0,4.0,11.0,16.0,0.0,0.0,0.0,0.0,10.166666666666666,0.7058823529411765,0.9411764705882353,9.568627450980392,0.7377049180327869,2.028688524590164,2.9508196721311477,0.0,0.0,0.0,0.0,,,,True,True,True,False,True,True,False,False,False,False,False,True,True,False
spain_david_raya,team_spain,Spain,David Raya,Arsenal FC (ENG),Goalkeeper,262749,David Raya,https://www.transfermarkt.co.uk/david-raya/profil/spieler/262749,0.91,exact_name,True,30.0,183.0,right,Goalkeeper,35000000.0,Arsenal Football Club,david raya,arsenal fc eng,,,False,wc2026_official_squad_corrected,1995-09-15 00:00:00,,8.0,3.0,1.0,8970.0,105.0,99.0,99.0,0.0,0.0,0.0,8.0,0.0,0.0,82.0,41.0,90.60606060606061,0.9428571428571428,0.9428571428571428,85.42857142857143,0.0,0.0,0.0802675585284281,0.0,0.0,0.822742474916388,0.411371237458194,11.0,0.0,0.0,True,True,True,True,True,False,True,False,False,False,False,False,True,True
spain_joan_garcia,team_spain,Spain,Joan Garcia,FC Barcelona (ESP),Goalkeeper,561613,Joan García,https://www.transfermarkt.co.uk/joan-garcia/profil/spieler/561613,0.91,exact_name,True,25.0,194.0,right,Goalkeeper,30000000.0,Futbol Club Barcelona,joan garcia,fc barcelona esp,,,False,wc2026_official_squad_corrected,2001-05-04 00:00:00,,6.0,3.0,2.0,5580.0,92.0,62.0,62.0,0.0,0.0,0.0,3.0,0.0,0.0,64.0,21.0,90.0,0.6739130434782609,0.6739130434782609,60.65217391304348,0.0,0.0,0.04838709677419355,0.0,0.0,1.032258064516129,0.33870967741935487,7.0,0.0,0.0,True,True,True,True,True,False,True,False,False,False,False,False,True,True
spain_unai_simon,team_spain,Spain,Unai Simon,Athletic Club (ESP),Goalkeeper,262396,Unai Simón,https://www.transfermarkt.co.uk/unai-simon/profil/spieler/262396,0.95,exact_name,False,28.0,190.0,right,Goalkeeper,30000000.0,Athletic Club Bilbao,unai simon,athletic club esp,,,False,wc2026_official_squad_corrected,1997-06-11 00:00:00,,7.0,3.0,1.0,5524.0,86.0,62.0,62.0,0.0,0.0,1.0,3.0,0.0,0.0,52.0,30.0,89.09677419354838,0.7209302325581395,0.7209302325581395,64.23255813953489,0.0,0.01629254163649529,0.048877624909485884,0.0,0.0,0.8472121650977553,0.48877624909485884,74.0,0.0,0.0,True,True,True,True,True,False,True,False,False,False,False,False,True,True
spain_alex_baena,team_spain,Spain,Alex Baena,Atlético De Madrid (ESP),Midfielder,548111,Álex Baena,https://www.transfermarkt.co.uk/alex-baena/profil/spieler/548111,0.9,exact_name,True,24.0,174.0,right,Left Winger,40000000.0,Club Atlético de Madrid S.A.D.,alex baena,atletico de madrid esp,,,False,wc2026_official_squad_corrected,2001-07-20 00:00:00,,,,,,,,,,,,,,,,,,,,,,,,,,,,,,,True,False,False,False,False,False,False,False,False,False,False,True,True,False
spain_fabian_ruiz,team_spain,Spain,Fabian Ruiz,Paris Saint-Germain (FRA),Midfielder,350219,Fabián Ruiz,https://www.transfermarkt.co.uk/fabian-ruiz/profil/spieler/350219,0.95,exact_name,False,30.0,189.0,left,Central Midfield,40000000.0,Paris Saint-Germain Football Club,fabian ruiz,paris saint germain fra,,,False,wc2026_official_squad_corrected,1996-04-03 00:00:00,,9.0,3.0,1.0,3281.0,104.0,93.0,69.0,24.0,9.0,18.0,9.0,0.0,0.0,0.0,0.0,35.27956989247312,0.6634615384615384,0.8942307692307693,31.548076923076923,0.24687595245352026,0.4937519049070405,0.24687595245352026,0.0,0.0,0.0,0.0,53.0,11.0,0.20754716981132076,True,True,True,False,True,True,False,False,False,False,False,True,True,False
spain_gavi,team_spain,Spain,Gavi,FC Barcelona (ESP),Midfielder,646740,Gavi,https://www.transfermarkt.co.uk/gavi/profil/spieler/646740,0.91,exact_name,True,21.0,173.0,right,Central Midfield,40000000.0,Futbol Club Barcelona,gavi,fc barcelona esp,,,False,wc2026_official_squad_corrected,2004-08-05 00:00:00,,7.0,3.0,1.0,2561.0,64.0,59.0,33.0,26.0,5.0,5.0,12.0,1.0,0.0,0.0,0.0,43.40677966101695,0.515625,0.921875,40.015625,0.1757126122608356,0.1757126122608356,0.4217102694260054,0.035142522452167126,0.0,0.0,0.0,42.0,6.0,0.14285714285714285,True,True,True,False,True,True,False,False,False,False,False,True,True,False
spain_martin_zubimendi,team_spain,Spain,Martin Zubimendi,Arsenal FC (ENG),Midfielder,423440,Martín Zubimendi,https://www.transfermarkt.co.uk/martin-zubimendi/profil/spieler/423440,0.91,exact_name,True,27.0,181.0,right,Defensive Midfield,50000000.0,Arsenal Football Club,martin zubimendi,arsenal fc eng,,,False,wc2026_official_squad_corrected,1999-02-02 00:00:00,,7.0,3.0,2.0,2145.0,98.0,96.0,88.0,8.0,6.0,3.0,17.0,0.0,0.0,0.0,0.0,22.34375,0.8979591836734694,0.9795918367346939,21.887755102040817,0.2517482517482518,0.1258741258741259,0.7132867132867133,0.0,0.0,0.0,0.0,36.0,2.0,0.05555555555555555,True,True,True,False,True,True,False,False,False,False,False,True,True,False
spain_mikel_merino,team_spain,Spain,Mikel Merino,Arsenal FC (ENG),Midfielder,338424,Mikel Merino,https://www.transfermarkt.co.uk/mikel-merino/profil/spieler/338424,0.91,exact_name,True,29.0,189.0,left,Central Midfield,30000000.0,Arsenal Football Club,mikel merino,arsenal fc eng,,,False,wc2026_official_squad_corrected,1996-06-22 00:00:00,,8.0,3.0,2.0,1933.0,99.0,92.0,70.0,22.0,17.0,10.0,17.0,1.0,0.0,0.0,0.0,21.01086956521739,0.7070707070707071,0.9292929292929293,19.525252525252526,0.7915157785825142,0.46559751681324363,0.7915157785825142,0.04655975168132437,0.0,0.0,0.0,75.0,14.0,0.18666666666666668,True,True,True,False,True,True,False,False,False,False,False,True,True,False
spain_pedri,team_spain,Spain,Pedri,FC Barcelona (ESP),Midfielder,683840,Pedri,https://www.transfermarkt.co.uk/pedri/profil/spieler/683840,0.91,exact_name,True,23.0,174.0,right,Central Midfield,80000000.0,Futbol Club Barcelona,pedri,fc barcelona esp,,,False,wc2026_official_squad_corrected,2002-11-25 00:00:00,,9.0,3.0,1.0,1592.0,96.0,96.0,80.0,16.0,11.0,13.0,6.0,0.0,0.0,0.0,0.0,16.583333333333332,0.8333333333333334,1.0,16.583333333333332,0.6218592964824121,0.7349246231155779,0.33919597989949746,0.0,0.0,0.0,0.0,55.0,6.0,0.10909090909090909,True,True,True,False,True,True,False,False,False,False,False,True,True,False
spain_rodri,team_spain,Spain,Rodri,Manchester City FC (ENG),Midfielder,357565,Rodri,https://www.transfermarkt.co.uk/rodri/profil/spieler/357565,0.91,exact_name,True,29.0,191.0,right,Defensive Midfield,75000000.0,Manchester City Football Club,rodri,manchester city fc eng,,,False,wc2026_official_squad_corrected,1996-06-22 00:00:00,,8.0,3.0,1.0,1065.0,61.0,54.0,51.0,3.0,9.0,15.0,10.0,1.0,0.0,0.0,0.0,19.72222222222222,0.8360655737704918,0.8852459016393442,17.459016393442624,0.76056338028169,1.267605633802817,0.8450704225352113,0.08450704225352113,0.0,0.0,0.0,73.0,5.0,0.0684931506849315,True,True,True,False,True,True,False,False,False,False,False,True,True,False
sweden_alexander_bernhardsson,team_sweden,Sweden,Alexander Bernhardsson,Holstein Kiel (GER),Defender,633454,Alexander Bernhardsson,https://www.transfermarkt.co.uk/alexander-bernhardsson/profil/spieler/633454,0.9,exact_name,True,27.0,185.0,left,Right Winger,3000000.0,Holstein Kiel,alexander bernhardsson,holstein kiel ger,,,False,wc2026_official_squad_corrected,1998-09-08 00:00:00,,6.0,3.0,2.0,416.0,40.0,39.0,31.0,8.0,12.0,3.0,6.0,0.0,0.0,0.0,0.0,10.666666666666666,0.775,0.975,10.4,2.5961538461538463,0.6490384615384616,1.2980769230769231,0.0,0.0,0.0,0.0,5.0,0.0,0.0,True,True,False,False,False,False,False,False,False,False,False,True,True,False
sweden_carl_starfelt,team_sweden,Sweden,Carl Starfelt,RC Celta Vigo (ESP),Defender,258987,Carl Starfelt,https://www.transfermarkt.co.uk/carl-starfelt/profil/spieler/258987,0.91,exact_name,True,31.0,187.0,right,Centre-Back,6000000.0,Real Club Celta de Vigo S. A. D.,carl starfelt,rc celta vigo esp,,,False,wc2026_official_squad_corrected,1995-06-01 00:00:00,,5.0,2.0,2.0,4490.0,72.0,61.0,57.0,4.0,2.0,0.0,10.0,0.0,0.0,0.0,0.0,73.60655737704919,0.7916666666666666,0.8472222222222222,62.361111111111114,0.0400890868596882,0.0,0.20044543429844097,0.0,0.0,0.0,0.0,16.0,0.0,0.0,True,True,True,False,True,True,False,False,False,False,False,True,True,False
sweden_daniel_svensson,team_sweden,Sweden,Daniel Svensson,Borussia Dortmund (GER),Defender,579287,Daniel Svensson,https://www.transfermarkt.co.uk/daniel-svensson/profil/spieler/579287,0.99,exact_name,False,24.0,183.0,left,Left-Back,22000000.0,Borussia Dortmund,daniel svensson,borussia dortmund ger,,,False,wc2026_official_squad_corrected,2002-02-12 00:00:00,,11.0,3.0,2.0,2096.0,87.0,86.0,78.0,8.0,5.0,17.0,8.0,0.0,1.0,0.0,0.0,24.372093023255815,0.896551724137931,0.9885057471264368,24.091954022988507,0.21469465648854963,0.7299618320610687,0.34351145038167935,0.0,0.04293893129770992,0.0,0.0,35.0,4.0,0.11428571428571428,True,True,True,False,True,True,False,False,False,False,False,True,True,False
sweden_elliot_stroud,team_sweden,Sweden,Elliot Stroud,Mjällby AIF (SWE),Defender,687622,Elliot Stroud,https://www.transfermarkt.co.uk/elliot-stroud/profil/spieler/687622,0.86,exact_name,True,23.0,185.0,left,Left Midfield,,Mjällby Almänna Idrottsförening,elliot stroud,mjallby aif swe,,,False,wc2026_official_squad_corrected,2002-06-22 00:00:00,,3.0,3.0,1.0,326.0,10.0,10.0,8.0,2.0,3.0,0.0,0.0,0.0,1.0,0.0,0.0,32.6,0.8,1.0,32.6,0.8282208588957056,0.0,0.0,0.0,0.27607361963190186,0.0,0.0,,,,True,True,False,False,False,False,False,False,False,False,False,True,True,False
sweden_eric_smith,team_sweden,Sweden,Eric Smith,FC St. Pauli (GER),Defender,292534,Eric Smith,https://www.transfermarkt.co.uk/eric-smith/profil/spieler/292534,0.91,exact_name,True,29.0,192.0,right,Centre-Back,5000000.0,Fußball-Club St. Pauli von 1910,eric smith,fc st pauli ger,,,False,wc2026_official_squad_corrected,1997-01-08 00:00:00,,6.0,3.0,1.0,5841.0,67.0,67.0,67.0,0.0,5.0,7.0,16.0,0.0,0.0,0.0,0.0,87.17910447761194,1.0,1.0,87.17910447761194,0.07704160246533127,0.10785824345146379,0.24653312788906007,0.0,0.0,0.0,0.0,16.0,0.0,0.0,True,True,True,False,True,True,False,False,False,False,False,True,True,False
sweden_gabriel_gudmundsson,team_sweden,Sweden,Gabriel Gudmundsson,Leeds United FC (ENG),Defender,362108,Gabriel Gudmundsson,https://www.transfermarkt.co.uk/gabriel-gudmundsson/profil/spieler/362108,0.91,exact_name,True,27.0,180.0,left,Left-Back,15000000.0,Leeds United Association Football Club,gabriel gudmundsson,leeds united fc eng,,,False,wc2026_official_squad_corrected,1999-04-29 00:00:00,,10.0,3.0,2.0,2157.0,104.0,87.0,58.0,29.0,3.0,2.0,6.0,0.0,0.0,0.0,0.0,24.79310344827586,0.5576923076923077,0.8365384615384616,20.740384615384617,0.12517385257301808,0.08344923504867871,0.25034770514603616,0.0,0.0,0.0,0.0,28.0,1.0,0.03571428571428571,True,True,True,False,True,True,False,False,False,False,False,True,True,False
sweden_gustaf_lagerbielke,team_sweden,Sweden,Gustaf Lagerbielke,SC Braga (POR),Defender,485395,Gustaf Lagerbielke,https://www.transfermarkt.co.uk/gustaf-lagerbielke/profil/spieler/485395,0.91,exact_name,True,26.0,193.0,right,Centre-Back,5000000.0,Sporting Clube de Braga,gustaf lagerbielke,sc braga por,,,False,wc2026_official_squad_corrected,2000-04-10 00:00:00,,10.0,3.0,3.0,2072.0,72.0,51.0,35.0,16.0,3.0,3.0,5.0,1.0,0.0,0.0,0.0,40.627450980392155,0.4861111111111111,0.7083333333333334,28.77777777777778,0.1303088803088803,0.1303088803088803,0.21718146718146716,0.04343629343629344,0.0,0.0,0.0,15.0,1.0,0.06666666666666667,True,True,True,False,True,True,False,False,False,False,False,True,True,False
sweden_herman_johansson,team_sweden,Sweden,Herman Johansson,FC Dallas (USA),Defender,744853,Herman Johansson,https://www.transfermarkt.co.uk/herman-johansson/profil/spieler/744853,0.9,exact_name,True,28.0,190.0,right,Right Midfield,,FC Dallas,herman johansson,fc dallas usa,,,False,wc2026_official_squad_corrected,1997-10-16 00:00:00,,3.0,3.0,1.0,0.0,11.0,10.0,7.0,3.0,0.0,0.0,1.0,0.0,0.0,0.0,0.0,0.0,0.6363636363636364,0.9090909090909091,0.0,,,,,,,,,,,True,False,False,False,False,False,False,False,False,False,False,True,True,False
sweden_hjalmar_ekdal,team_sweden,Sweden,Hjalmar Ekdal,Burnley FC (ENG),Defender,392179,Hjalmar Ekdal,https://www.transfermarkt.co.uk/hjalmar-ekdal/profil/spieler/392179,0.91,exact_name,True,27.0,187.0,right,Centre-Back,6000000.0,Burnley Football Club,hjalmar ekdal,burnley fc eng,,,False,wc2026_official_squad_corrected,1998-10-21 00:00:00,,6.0,3.0,2.0,0.0,45.0,27.0,23.0,4.0,0.0,0.0,5.0,0.0,0.0,0.0,0.0,0.0,0.5111111111111111,0.6,0.0,,,,,,,,14.0,0.0,0.0,True,False,False,False,False,False,False,False,False,False,False,True,True,False
sweden_isak_hien,team_sweden,Sweden,Isak Hien,Atalanta Bergamo (ITA),Defender,503075,Isak Hien,https://www.transfermarkt.co.uk/isak-hien/profil/spieler/503075,0.91,exact_name,True,27.0,191.0,right,Centre-Back,25000000.0,Atalanta Bergamasca Calcio S.p.a.,isak hien,atalanta bergamo ita,,,False,wc2026_official_squad_corrected,1999-01-13 00:00:00,,11.0,3.0,2.0,0.0,85.0,81.0,69.0,12.0,0.0,2.0,21.0,1.0,0.0,0.0,0.0,0.0,0.8117647058823529,0.9529411764705882,0.0,,,,,,,,23.0,0.0,0.0,True,False,False,False,False,False,False,False,False,False,False,True,True,False
sweden_victor_lindelof,team_sweden,Sweden,Victor Lindelof,Aston Villa FC (ENG),Defender,184573,Victor Lindelöf,https://www.transfermarkt.co.uk/victor-lindelof/profil/spieler/184573,0.91,exact_name,True,31.0,187.0,right,Centre-Back,15000000.0,Aston Villa Football Club,victor lindelof,aston villa fc eng,,,False,wc2026_official_squad_corrected,1994-07-17 00:00:00,,8.0,2.0,1.0,1332.0,70.0,53.0,32.0,21.0,1.0,1.0,4.0,0.0,0.0,0.0,0.0,25.132075471698112,0.45714285714285713,0.7571428571428571,19.02857142857143,0.06756756756756757,0.06756756756756757,0.2702702702702703,0.0,0.0,0.0,0.0,100.0,3.0,0.03,True,True,True,False,True,True,False,False,False,False,False,True,True,False
sweden_alexander_isak,team_sweden,Sweden,Alexander Isak,Liverpool FC (ENG),Forward,349066,Alexander Isak,https://www.transfermarkt.co.uk/alexander-isak/profil/spieler/349066,0.91,exact_name,True,26.0,192.0,right,Centre-Forward,120000000.0,Liverpool Football Club,alexander isak,liverpool fc eng,,,False,wc2026_official_squad_corrected,1999-09-21 00:00:00,,7.0,2.0,1.0,1011.0,83.0,82.0,77.0,5.0,52.0,8.0,2.0,0.0,11.0,0.0,0.0,12.329268292682928,0.927710843373494,0.9879518072289156,12.180722891566266,4.629080118694362,0.7121661721068249,0.17804154302670622,0.0,0.9792284866468842,0.0,0.0,87.0,25.0,0.28735632183908044,True,True,True,False,True,True,False,False,False,False,False,True,True,False
sweden_anthony_elanga,team_sweden,Sweden,Anthony Elanga,Newcastle United FC (ENG),Forward,583189,Anthony Elanga,https://www.transfermarkt.co.uk/anthony-elanga/profil/spieler/583189,0.91,exact_name,True,24.0,178.0,right,Right Winger,50000000.0,Newcastle United Football Club,anthony elanga,newcastle united fc eng,,,False,wc2026_official_squad_corrected,2002-04-27 00:00:00,,7.0,3.0,2.0,905.0,86.0,85.0,62.0,23.0,11.0,21.0,2.0,0.0,0.0,0.0,0.0,10.647058823529411,0.7209302325581395,0.9883720930232558,10.523255813953488,1.0939226519337018,2.088397790055249,0.1988950276243094,0.0,0.0,0.0,0.0,40.0,14.0,0.35,True,True,True,False,True,True,False,False,False,False,False,True,True,False
sweden_gustaf_nilsson,team_sweden,Sweden,Gustaf Nilsson,Club Brugge (BEL),Forward,320440,Gustaf Nilsson,https://www.transfermarkt.co.uk/gustaf-nilsson/profil/spieler/320440,0.91,exact_name,True,29.0,196.0,right,Centre-Forward,2500000.0,Club Brugge Koninklijke Voetbalvereniging,gustaf nilsson,club brugge bel,,,False,wc2026_official_squad_corrected,1997-05-23 00:00:00,,13.0,3.0,2.0,1104.0,101.0,92.0,60.0,32.0,28.0,12.0,14.0,0.0,9.0,0.0,0.0,12.0,0.594059405940594,0.9108910891089109,10.930693069306932,2.282608695652174,0.9782608695652174,1.141304347826087,0.0,0.733695652173913,0.0,0.0,22.0,9.0,0.4090909090909091,True,True,True,False,True,True,False,False,False,False,False,True,True,False
sweden_taha_ali,team_sweden,Sweden,Taha Ali,Malmö FF (SWE),Forward,731771,Taha Ali,https://www.transfermarkt.co.uk/taha-ali/profil/spieler/731771,0.91,exact_name,True,27.0,174.0,right,Left Winger,,Malmö Fotbollförening,taha ali,malmo ff swe,,,False,wc2026_official_squad_corrected,1998-07-01 00:00:00,,6.0,3.0,1.0,833.0,31.0,31.0,15.0,16.0,9.0,1.0,2.0,0.0,0.0,0.0,0.0,26.870967741935484,0.4838709677419355,1.0,26.870967741935484,0.9723889555822329,0.10804321728691475,0.2160864345738295,0.0,0.0,0.0,0.0,1.0,0.0,0.0,True,True,True,False,True,True,False,False,False,False,False,True,True,False
sweden_viktor_gyokeres,team_sweden,Sweden,Viktor Gyokeres,Arsenal FC (ENG),Forward,325443,Viktor Gyökeres,https://www.transfermarkt.co.uk/viktor-gyokeres/profil/spieler/325443,0.91,exact_name,True,28.0,189.0,right,Centre-Forward,70000000.0,Arsenal Football Club,viktor gyokeres,arsenal fc eng,,,False,wc2026_official_squad_corrected,1998-06-04 00:00:00,,10.0,3.0,2.0,788.0,109.0,106.0,95.0,11.0,100.0,28.0,12.0,1.0,28.0,0.0,0.0,7.433962264150943,0.8715596330275229,0.9724770642201835,7.229357798165138,11.421319796954315,3.197969543147208,1.3705583756345179,0.11421319796954314,3.197969543147208,0.0,0.0,56.0,29.0,0.5178571428571429,True,True,True,False,True,True,False,False,False,False,False,True,True,False
sweden_jacob_widell_zetterstrom,team_sweden,Sweden,Jacob Widell Zetterstrom,Derby County FC (ENG),Goalkeeper,549440,Jacob Widell Zetterström,https://www.transfermarkt.co.uk/jacob-widell-zetterstrom/profil/spieler/549440,0.91,exact_name,True,27.0,197.0,right,Goalkeeper,,,jacob widell zetterstrom,derby county fc eng,,,False,wc2026_official_squad_corrected,1998-07-11 00:00:00,,7.0,3.0,2.0,5220.0,60.0,57.0,57.0,0.0,0.0,0.0,3.0,0.0,0.0,70.0,14.0,91.57894736842105,0.95,0.95,87.0,0.0,0.0,0.05172413793103448,0.0,0.0,1.206896551724138,0.24137931034482757,1.0,0.0,0.0,True,True,True,True,True,False,True,False,False,False,False,False,True,True
sweden_kristoffer_nordfeldt,team_sweden,Sweden,Kristoffer Nordfeldt,AIK Stockholm (SWE),Goalkeeper,75890,Kristoffer Nordfeldt,https://www.transfermarkt.co.uk/kristoffer-nordfeldt/profil/spieler/75890,0.91,exact_name,True,36.0,190.0,right,Goalkeeper,300000.0,Allmänna Idrottsklubben,kristoffer nordfeldt,aik stockholm swe,,,False,wc2026_official_squad_corrected,1989-06-23 00:00:00,,3.0,3.0,1.0,1110.0,13.0,12.0,12.0,0.0,0.0,0.0,1.0,0.0,0.0,9.0,4.0,92.5,0.9230769230769231,0.9230769230769231,85.38461538461539,0.0,0.0,0.08108108108108109,0.0,0.0,0.7297297297297298,0.32432432432432434,38.0,0.0,0.0,True,True,True,True,True,False,True,False,False,False,False,False,True,True
sweden_viktor_johansson,team_sweden,Sweden,Viktor Johansson,Stoke City FC (ENG),Goalkeeper,273742,Viktor Johansson,https://www.transfermarkt.co.uk/viktor-johansson/profil/spieler/273742,0.91,exact_name,True,27.0,187.0,right,Goalkeeper,,Stoke City,viktor johansson,stoke city fc eng,,,False,wc2026_official_squad_corrected,1998-09-14 00:00:00,,7.0,3.0,2.0,8851.0,103.0,99.0,98.0,1.0,0.0,1.0,11.0,0.0,0.0,153.0,22.0,89.4040404040404,0.9514563106796117,0.9611650485436893,85.93203883495146,0.0,0.010168342560162694,0.11185176816178961,0.0,0.0,1.555756411704892,0.22370353632357923,,,,True,True,True,True,True,False,True,False,False,False,False,False,True,True
sweden_benjamin_nygren,team_sweden,Sweden,Benjamin Nygren,Celtic FC (SCO),Midfielder,475949,Benjamin Nygren,https://www.transfermarkt.co.uk/benjamin-nygren/profil/spieler/475949,0.86,exact_name,True,24.0,188.0,left,Attacking Midfield,6500000.0,The Celtic Football Club,benjamin nygren,celtic fc sco,,,False,wc2026_official_squad_corrected,2001-07-08 00:00:00,,12.0,3.0,3.0,1261.0,77.0,73.0,54.0,19.0,34.0,6.0,5.0,0.0,0.0,0.0,0.0,17.273972602739725,0.7012987012987013,0.948051948051948,16.376623376623378,2.426645519429025,0.4282315622521808,0.3568596352101506,0.0,0.0,0.0,0.0,47.0,19.0,0.40425531914893614,True,True,True,False,True,True,False,False,False,False,False,True,True,False
sweden_besfort_zeneli,team_sweden,Sweden,Besfort Zeneli,Royale Union Saint-Gilloise (BEL),Midfielder,715653,Besfort Zeneli,https://www.transfermarkt.co.uk/besfort-zeneli/profil/spieler/715653,0.99,exact_name,False,23.0,187.0,right,Central Midfield,,Royale Union Saint-Gilloise,besfort zeneli,royale union saint gilloise bel,,,False,wc2026_official_squad_corrected,2002-11-21 00:00:00,,5.0,3.0,1.0,698.0,24.0,24.0,20.0,4.0,1.0,3.0,1.0,0.0,0.0,0.0,0.0,29.083333333333332,0.8333333333333334,1.0,29.083333333333332,0.12893982808022922,0.3868194842406877,0.12893982808022922,0.0,0.0,0.0,0.0,9.0,0.0,0.0,True,True,True,False,True,True,False,False,False,False,False,True,True,False
sweden_jesper_karlstrom,team_sweden,Sweden,Jesper Karlstrom,Udinese (ITA),Midfielder,222855,Jesper Karlström,https://www.transfermarkt.co.uk/jesper-karlstrom/profil/spieler/222855,0.91,exact_name,True,30.0,185.0,right,Defensive Midfield,4000000.0,Udinese Calcio,jesper karlstrom,udinese ita,,,False,wc2026_official_squad_corrected,1995-06-21 00:00:00,,8.0,3.0,2.0,1187.0,82.0,80.0,74.0,6.0,2.0,8.0,16.0,1.0,0.0,0.0,0.0,14.8375,0.9024390243902439,0.975609756097561,14.475609756097562,0.15164279696714406,0.6065711878685762,1.2131423757371524,0.07582139848357203,0.0,0.0,0.0,38.0,2.0,0.05263157894736842,True,True,True,False,True,True,False,False,False,False,False,True,True,False
sweden_ken_sema,team_sweden,Sweden,Ken Sema,Pafos FC (CYP),Midfielder,252345,Ken Sema,https://www.transfermarkt.co.uk/ken-sema/profil/spieler/252345,0.86,exact_name,True,32.0,180.0,left,Left-Back,2500000.0,,ken sema,pafos fc cyp,,,False,wc2026_official_squad_corrected,1993-09-30 00:00:00,,11.0,3.0,2.0,2012.0,82.0,78.0,45.0,33.0,1.0,8.0,4.0,0.0,0.0,0.0,0.0,25.794871794871796,0.5487804878048781,0.9512195121951219,24.536585365853657,0.04473161033797216,0.3578528827037773,0.17892644135188865,0.0,0.0,0.0,0.0,33.0,6.0,0.18181818181818182,True,True,True,False,True,True,False,False,False,False,False,True,True,False
sweden_lucas_bergvall,team_sweden,Sweden,Lucas Bergvall,Tottenham Hotspur FC (ENG),Midfielder,866246,Lucas Bergvall,https://www.transfermarkt.co.uk/lucas-bergvall/profil/spieler/866246,0.91,exact_name,True,20.0,187.0,right,Central Midfield,40000000.0,Tottenham Hotspur Football Club,lucas bergvall,tottenham hotspur fc eng,,,False,wc2026_official_squad_corrected,2006-02-02 00:00:00,,8.0,3.0,2.0,379.0,65.0,56.0,31.0,25.0,4.0,8.0,8.0,0.0,0.0,0.0,0.0,6.767857142857143,0.47692307692307695,0.8615384615384616,5.8307692307692305,0.9498680738786279,1.8997361477572559,1.8997361477572559,0.0,0.0,0.0,0.0,16.0,3.0,0.1875,True,True,False,False,False,False,False,False,False,False,False,True,True,False
sweden_mattias_svanberg,team_sweden,Sweden,Mattias Svanberg,VfL Wolfsburg (GER),Midfielder,342405,Mattias Svanberg,https://www.transfermarkt.co.uk/mattias-svanberg/profil/spieler/342405,0.91,exact_name,True,27.0,185.0,right,Central Midfield,12000000.0,Verein für Leibesübungen Wolfsburg,mattias svanberg,vfl wolfsburg ger,,,False,wc2026_official_squad_corrected,1999-01-05 00:00:00,,6.0,3.0,1.0,2196.0,60.0,54.0,38.0,16.0,7.0,6.0,13.0,1.0,0.0,0.0,0.0,40.666666666666664,0.6333333333333333,0.9,36.6,0.2868852459016394,0.2459016393442623,0.5327868852459017,0.040983606557377046,0.0,0.0,0.0,73.0,8.0,0.1095890410958904,True,True,True,False,True,True,False,False,False,False,False,True,True,False
sweden_yasin_ayari,team_sweden,Sweden,Yasin Ayari,Brighton & Hove Albion FC (ENG),Midfielder,667287,Yasin Ayari,https://www.transfermarkt.co.uk/yasin-ayari/profil/spieler/667287,0.91,exact_name,True,22.0,172.0,right,Central Midfield,30000000.0,Brighton and Hove Albion Football Club,yasin ayari,brighton hove albion fc eng,,,False,wc2026_official_squad_corrected,2003-10-06 00:00:00,,8.0,3.0,4.0,1529.0,90.0,69.0,36.0,33.0,3.0,3.0,10.0,0.0,0.0,0.0,0.0,22.159420289855074,0.4,0.7666666666666667,16.988888888888887,0.17658600392413343,0.17658600392413343,0.5886200130804448,0.0,0.0,0.0,0.0,,,,True,True,True,False,True,True,False,False,False,False,False,True,True,False
switzerland_aurele_amenda,team_switzerland,Switzerland,Aurele Amenda,Eintracht Frankfurt (GER),Defender,635645,Aurèle Amenda,https://www.transfermarkt.co.uk/aurele-amenda/profil/spieler/635645,0.95,exact_name,False,22.0,194.0,right,Centre-Back,6000000.0,Eintracht Frankfurt Fußball AG,aurele amenda,eintracht frankfurt ger,,,False,wc2026_official_squad_corrected,2003-07-31 00:00:00,,9.0,3.0,2.0,0.0,83.0,45.0,30.0,15.0,0.0,2.0,9.0,0.0,0.0,0.0,0.0,0.0,0.3614457831325301,0.5421686746987951,0.0,,,,,,,,,,,True,False,False,False,False,False,False,False,False,False,False,True,True,False
switzerland_eray_coemert,team_switzerland,Switzerland,Eray Coemert,Valencia CF (ESP),Defender,298583,Eray Cömert,https://www.transfermarkt.co.uk/eray-comert/profil/spieler/298583,0.8761,near_name,True,28.0,183.0,right,Centre-Back,2000000.0,Valencia Club de Fútbol S. A. D.,eray coemert,valencia cf esp,,,False,wc2026_official_squad_corrected,1998-02-04 00:00:00,,5.0,3.0,3.0,999.0,68.0,55.0,47.0,8.0,2.0,0.0,12.0,0.0,0.0,0.0,0.0,18.163636363636364,0.6911764705882353,0.8088235294117647,14.691176470588236,0.18018018018018017,0.0,1.0810810810810811,0.0,0.0,0.0,0.0,59.0,5.0,0.0847457627118644,True,True,True,False,True,True,False,False,False,False,False,True,True,False
switzerland_luca_jaquez,team_switzerland,Switzerland,Luca Jaquez,VfB Stuttgart (GER),Defender,539798,Luca Jaquez,https://www.transfermarkt.co.uk/luca-jaquez/profil/spieler/539798,0.91,exact_name,True,23.0,187.0,right,Centre-Back,10000000.0,Verein für Bewegungsspiele Stuttgart 1893,luca jaquez,vfb stuttgart ger,,,False,wc2026_official_squad_corrected,2003-06-02 00:00:00,,10.0,3.0,3.0,564.0,81.0,64.0,57.0,7.0,3.0,0.0,10.0,0.0,0.0,0.0,0.0,8.8125,0.7037037037037037,0.7901234567901234,6.962962962962963,0.4787234042553191,0.0,1.595744680851064,0.0,0.0,0.0,0.0,10.0,1.0,0.1,True,True,True,False,True,True,False,False,False,False,False,True,True,False
switzerland_manuel_akanji,team_switzerland,Switzerland,Manuel Akanji,FC Internazionale Milano (ITA),Defender,284730,Manuel Akanji,https://www.transfermarkt.co.uk/manuel-akanji/profil/spieler/284730,0.95,exact_name,False,30.0,188.0,right,Centre-Back,22000000.0,Football Club Internazionale Milano S.p.A.,manuel akanji,fc internazionale milano ita,,,False,wc2026_official_squad_corrected,1995-07-19 00:00:00,,12.0,3.0,1.0,1590.0,97.0,83.0,75.0,8.0,4.0,1.0,8.0,1.0,0.0,0.0,0.0,19.156626506024097,0.7731958762886598,0.8556701030927835,16.391752577319586,0.22641509433962262,0.056603773584905655,0.45283018867924524,0.056603773584905655,0.0,0.0,0.0,82.0,4.0,0.04878048780487805,True,True,True,False,True,True,False,False,False,False,False,True,True,False
switzerland_miro_muheim,team_switzerland,Switzerland,Miro Muheim,Hamburger SV (GER),Defender,298603,Miro Muheim,https://www.transfermarkt.co.uk/miro-muheim/profil/spieler/298603,0.91,exact_name,True,28.0,182.0,left,Left-Back,,Hamburger Sport Verein,miro muheim,hamburger sv ger,,,False,wc2026_official_squad_corrected,1998-03-24 00:00:00,,6.0,3.0,1.0,3264.0,66.0,66.0,64.0,2.0,7.0,21.0,14.0,1.0,0.0,0.0,0.0,49.45454545454545,0.9696969696969697,1.0,49.45454545454545,0.19301470588235295,0.5790441176470588,0.3860294117647059,0.027573529411764705,0.0,0.0,0.0,22.0,3.0,0.13636363636363635,True,True,True,False,True,True,False,False,False,False,False,True,True,False
switzerland_nico_elvedi,team_switzerland,Switzerland,Nico Elvedi,Borussia Mönchengladbach (GER),Defender,192635,Nico Elvedi,https://www.transfermarkt.co.uk/nico-elvedi/profil/spieler/192635,0.91,exact_name,True,29.0,189.0,right,Centre-Back,8000000.0,Borussia Verein für Leibesübungen 1900 Mönchengladbach,nico elvedi,borussia monchengladbach ger,,,False,wc2026_official_squad_corrected,1996-09-30 00:00:00,,5.0,3.0,1.0,3469.0,65.0,61.0,59.0,2.0,4.0,1.0,7.0,0.0,0.0,0.0,0.0,56.868852459016395,0.9076923076923077,0.9384615384615385,53.36923076923077,0.10377630441049294,0.025944076102623236,0.18160853271836264,0.0,0.0,0.0,0.0,,,,True,True,True,False,True,True,False,False,False,False,False,True,True,False
switzerland_ricardo_rodriguez,team_switzerland,Switzerland,Ricardo Rodriguez,Real Betis (ESP),Defender,86784,Ricardo Rodríguez,https://www.transfermarkt.co.uk/ricardo-rodriguez/profil/spieler/86784,0.91,exact_name,True,33.0,182.0,left,Left-Back,3500000.0,Real Betis Balompié S.A.D.,ricardo rodriguez,real betis esp,,,False,wc2026_official_squad_corrected,1992-08-25 00:00:00,,7.0,3.0,2.0,2784.0,99.0,73.0,67.0,6.0,1.0,4.0,5.0,0.0,0.0,0.0,0.0,38.136986301369866,0.6767676767676768,0.7373737373737373,28.12121212121212,0.032327586206896554,0.12931034482758622,0.16163793103448276,0.0,0.0,0.0,0.0,157.0,17.0,0.10828025477707007,True,True,True,False,True,True,False,False,False,False,False,True,True,False
switzerland_silvan_widmer,team_switzerland,Switzerland,Silvan Widmer,1. FSV Mainz 05 (GER),Defender,168989,Silvan Widmer,https://www.transfermarkt.co.uk/silvan-widmer/profil/spieler/168989,0.91,exact_name,True,33.0,183.0,right,Right-Back,800000.0,1. Fußball- und Sportverein Mainz 05,silvan widmer,1 fsv mainz 05 ger,,,False,wc2026_official_squad_corrected,1993-03-05 00:00:00,,,,,,,,,,,,,,,,,,,,,,,,,,,,,,,True,False,False,False,False,False,False,False,False,False,False,True,True,False
switzerland_breel_embolo,team_switzerland,Switzerland,Breel Embolo,Stade Rennais FC (FRA),Forward,237662,Breel Embolo,https://www.transfermarkt.co.uk/breel-embolo/profil/spieler/237662,0.91,exact_name,True,29.0,187.0,right,Centre-Forward,12000000.0,Stade Rennais Football Club,breel embolo,stade rennais fc fra,,,False,wc2026_official_squad_corrected,1997-02-14 00:00:00,,5.0,2.0,1.0,1239.0,54.0,47.0,33.0,14.0,8.0,9.0,7.0,0.0,0.0,0.0,0.0,26.361702127659573,0.6111111111111112,0.8703703703703703,22.944444444444443,0.5811138014527845,0.6537530266343826,0.5084745762711864,0.0,0.0,0.0,0.0,91.0,22.0,0.24175824175824176,True,True,True,False,True,True,False,False,False,False,False,True,True,False
switzerland_cedric_itten,team_switzerland,Switzerland,Cedric Itten,Fortuna Düsseldorf (GER),Forward,243856,Cedric Itten,https://www.transfermarkt.co.uk/cedric-itten/profil/spieler/243856,0.99,exact_name,False,29.0,190.0,right,Centre-Forward,4500000.0,Fortuna Düsseldorf,cedric itten,fortuna dusseldorf ger,,,False,wc2026_official_squad_corrected,1996-12-27 00:00:00,,11.0,3.0,2.0,1313.0,98.0,94.0,55.0,39.0,28.0,8.0,9.0,0.0,3.0,0.0,0.0,13.96808510638298,0.5612244897959183,0.9591836734693877,13.39795918367347,1.9192688499619193,0.5483625285605483,0.6169078446306169,0.0,0.20563594821020564,0.0,0.0,41.0,12.0,0.2926829268292683,True,True,True,False,True,True,False,False,False,False,False,True,True,False
switzerland_christian_fassnacht,team_switzerland,Switzerland,Christian Fassnacht,BSC Young Boys (SUI),Forward,250490,Christian Fassnacht,https://www.transfermarkt.co.uk/christian-fassnacht/profil/spieler/250490,0.91,exact_name,True,32.0,183.0,right,Attacking Midfield,,Berner Sport Club Young Boys,christian fassnacht,bsc young boys sui,,,False,wc2026_official_squad_corrected,1993-11-11 00:00:00,,9.0,3.0,2.0,582.0,82.0,75.0,46.0,29.0,19.0,4.0,9.0,0.0,1.0,0.0,0.0,7.76,0.5609756097560976,0.9146341463414634,7.097560975609756,2.9381443298969074,0.6185567010309279,1.3917525773195876,0.0,0.15463917525773196,0.0,0.0,19.0,4.0,0.21052631578947367,True,True,True,False,True,True,False,False,False,False,False,True,True,False
switzerland_dan_ndoye,team_switzerland,Switzerland,Dan Ndoye,Nottingham Forest FC (ENG),Forward,365108,Dan Ndoye,https://www.transfermarkt.co.uk/dan-ndoye/profil/spieler/365108,0.91,exact_name,True,25.0,184.0,right,Right Winger,40000000.0,Nottingham Forest Football Club,dan ndoye,nottingham forest fc eng,,,False,wc2026_official_squad_corrected,2000-10-25 00:00:00,,8.0,3.0,3.0,2810.0,86.0,82.0,64.0,18.0,13.0,12.0,9.0,0.0,2.0,0.0,0.0,34.26829268292683,0.7441860465116279,0.9534883720930233,32.674418604651166,0.41637010676156583,0.3843416370106762,0.28825622775800713,0.0,0.06405693950177936,0.0,0.0,62.0,17.0,0.27419354838709675,True,True,True,False,True,True,False,False,False,False,False,True,True,False
switzerland_noah_okafor,team_switzerland,Switzerland,Noah Okafor,Leeds United FC (ENG),Forward,346890,Noah Okafor,https://www.transfermarkt.co.uk/noah-okafor/profil/spieler/346890,0.91,exact_name,True,26.0,185.0,right,Left Winger,18000000.0,Leeds United Association Football Club,noah okafor,leeds united fc eng,,,False,wc2026_official_squad_corrected,2000-05-24 00:00:00,,10.0,3.0,3.0,557.0,83.0,60.0,13.0,47.0,7.0,5.0,1.0,0.0,0.0,0.0,0.0,9.283333333333333,0.1566265060240964,0.7228915662650602,6.710843373493976,1.1310592459605027,0.8078994614003591,0.16157989228007183,0.0,0.0,0.0,0.0,,,,True,True,True,False,True,True,False,False,False,False,False,True,True,False
switzerland_ruben_vargas,team_switzerland,Switzerland,Ruben Vargas,Sevilla FC (ESP),Forward,345886,Rubén Vargas,https://www.transfermarkt.co.uk/ruben-vargas/profil/spieler/345886,0.91,exact_name,True,27.0,179.0,right,Left Winger,9000000.0,Sevilla Fútbol Club S.A.D.,ruben vargas,sevilla fc esp,,,False,wc2026_official_squad_corrected,1998-08-05 00:00:00,,6.0,3.0,2.0,898.0,58.0,55.0,40.0,15.0,7.0,7.0,6.0,0.0,0.0,0.0,0.0,16.327272727272728,0.6896551724137931,0.9482758620689655,15.482758620689655,0.7015590200445434,0.7015590200445434,0.6013363028953229,0.0,0.0,0.0,0.0,63.0,14.0,0.2222222222222222,True,True,True,False,True,True,False,False,False,False,False,True,True,False
switzerland_zeki_amdouni,team_switzerland,Switzerland,Zeki Amdouni,Burnley FC (ENG),Forward,548729,Zeki Amdouni,https://www.transfermarkt.co.uk/zeki-amdouni/profil/spieler/548729,0.91,exact_name,True,25.0,185.0,right,Centre-Forward,9000000.0,Burnley Football Club,zeki amdouni,burnley fc eng,,,False,wc2026_official_squad_corrected,2000-12-04 00:00:00,,8.0,2.0,2.0,1048.0,91.0,82.0,41.0,41.0,16.0,4.0,5.0,0.0,1.0,0.0,0.0,12.78048780487805,0.45054945054945056,0.9010989010989011,11.516483516483516,1.3740458015267174,0.34351145038167935,0.42938931297709926,0.0,0.08587786259541984,0.0,0.0,,,,True,True,True,False,True,True,False,False,False,False,False,True,True,False
switzerland_gregor_kobel,team_switzerland,Switzerland,Gregor Kobel,Borussia Dortmund (GER),Goalkeeper,257814,Gregor Kobel,https://www.transfermarkt.co.uk/gregor-kobel/profil/spieler/257814,0.99,exact_name,False,28.0,196.0,right,Goalkeeper,40000000.0,Borussia Dortmund,gregor kobel,borussia dortmund ger,,,False,wc2026_official_squad_corrected,1997-12-06 00:00:00,,8.0,3.0,1.0,8201.0,92.0,92.0,92.0,0.0,0.0,0.0,2.0,0.0,0.0,117.0,28.0,89.1413043478261,1.0,1.0,89.1413043478261,0.0,0.0,0.021948542860626755,0.0,0.0,1.283989757346665,0.3072796000487745,42.0,0.0,0.0,True,True,True,True,True,False,True,False,False,False,False,False,True,True
switzerland_marvin_keller,team_switzerland,Switzerland,Marvin Keller,BSC Young Boys (SUI),Goalkeeper,500763,Marvin Keller,https://www.transfermarkt.co.uk/marvin-keller/profil/spieler/500763,0.91,exact_name,True,23.0,189.0,right,Goalkeeper,,Berner Sport Club Young Boys,marvin keller,bsc young boys sui,,,False,wc2026_official_squad_corrected,2002-07-03 00:00:00,,12.0,3.0,2.0,6358.0,105.0,71.0,70.0,1.0,0.0,0.0,4.0,0.0,0.0,96.0,20.0,89.54929577464789,0.6666666666666666,0.6761904761904762,60.55238095238095,0.0,0.0,0.05662157911292859,0.0,0.0,1.3589178987102863,0.283107895564643,,,,True,True,True,True,True,False,True,False,False,False,False,False,True,True
switzerland_yvon_mvogo,team_switzerland,Switzerland,Yvon Mvogo,FC Lorient (FRA),Goalkeeper,147051,Yvon Mvogo,https://www.transfermarkt.co.uk/yvon-mvogo/profil/spieler/147051,0.91,exact_name,True,32.0,190.0,right,Goalkeeper,3000000.0,Football Club Lorient-Bretagne Sud,yvon mvogo,fc lorient fra,,,False,wc2026_official_squad_corrected,1994-06-06 00:00:00,,4.0,3.0,1.0,6120.0,70.0,68.0,68.0,0.0,0.0,0.0,1.0,0.0,0.0,99.0,17.0,90.0,0.9714285714285714,0.9714285714285714,87.42857142857143,0.0,0.0,0.014705882352941176,0.0,0.0,1.4558823529411766,0.25,50.0,0.0,0.0,True,True,True,True,True,False,True,False,False,False,False,False,True,True
switzerland_ardon_jashari,team_switzerland,Switzerland,Ardon Jashari,AC Milan (ITA),Midfielder,608172,Ardon Jashari,https://www.transfermarkt.co.uk/ardon-jashari/profil/spieler/608172,0.91,exact_name,True,23.0,181.0,left,Defensive Midfield,32000000.0,Associazione Calcio Milan,ardon jashari,ac milan ita,,,False,wc2026_official_squad_corrected,2002-07-30 00:00:00,,9.0,3.0,3.0,3119.0,101.0,96.0,86.0,10.0,10.0,10.0,13.0,0.0,0.0,0.0,0.0,32.489583333333336,0.8514851485148515,0.9504950495049505,30.88118811881188,0.28855402372555305,0.28855402372555305,0.375120230843219,0.0,0.0,0.0,0.0,15.0,0.0,0.0,True,True,True,False,True,True,False,False,False,False,False,True,True,False
switzerland_denis_zakaria,team_switzerland,Switzerland,Denis Zakaria,AS Monaco (FRA),Midfielder,334526,Denis Zakaria,https://www.transfermarkt.co.uk/denis-zakaria/profil/spieler/334526,0.91,exact_name,True,29.0,190.0,right,Defensive Midfield,25000000.0,Association sportive de Monaco Football Club,denis zakaria,as monaco fra,,,False,wc2026_official_squad_corrected,1996-11-20 00:00:00,,6.0,3.0,1.0,1508.0,66.0,65.0,62.0,3.0,11.0,5.0,18.0,2.0,3.0,0.0,0.0,23.2,0.9393939393939394,0.9848484848484849,22.848484848484848,0.6564986737400531,0.2984084880636605,1.0742705570291777,0.11936339522546419,0.17904509283819628,0.0,0.0,77.0,5.0,0.06493506493506493,True,True,True,False,True,True,False,False,False,False,False,True,True,False
switzerland_djibril_sow,team_switzerland,Switzerland,Djibril Sow,Sevilla FC (ESP),Midfielder,212723,Djibril Sow,https://www.transfermarkt.co.uk/djibril-sow/profil/spieler/212723,0.91,exact_name,True,29.0,184.0,right,Central Midfield,9000000.0,Sevilla Fútbol Club S.A.D.,djibril sow,sevilla fc esp,,,False,wc2026_official_squad_corrected,1997-02-06 00:00:00,,7.0,3.0,1.0,2503.0,73.0,66.0,52.0,14.0,3.0,3.0,10.0,0.0,0.0,0.0,0.0,37.92424242424242,0.7123287671232876,0.9041095890410958,34.28767123287671,0.10787055533359967,0.10787055533359967,0.35956851777866555,0.0,0.0,0.0,0.0,89.0,4.0,0.0449438202247191,True,True,True,False,True,True,False,False,False,False,False,True,True,False
switzerland_fabian_rieder,team_switzerland,Switzerland,Fabian Rieder,FC Augsburg (GER),Midfielder,507341,Fabian Rieder,https://www.transfermarkt.co.uk/fabian-rieder/profil/spieler/507341,0.86,exact_name,True,24.0,179.0,left,Attacking Midfield,8000000.0,Fußball-Club Augsburg 1907,fabian rieder,fc augsburg ger,,,False,wc2026_official_squad_corrected,2002-02-16 00:00:00,,11.0,3.0,3.0,1807.0,86.0,63.0,23.0,40.0,6.0,9.0,3.0,0.0,0.0,0.0,0.0,28.682539682539684,0.26744186046511625,0.7325581395348837,21.011627906976745,0.29883785279468733,0.44825677919203094,0.14941892639734367,0.0,0.0,0.0,0.0,,,,True,True,True,False,True,True,False,False,False,False,False,True,True,False
switzerland_granit_xhaka,team_switzerland,Switzerland,Granit Xhaka,Sunderland AFC (ENG),Midfielder,111455,Granit Xhaka,https://www.transfermarkt.co.uk/granit-xhaka/profil/spieler/111455,0.91,exact_name,True,33.0,186.0,left,Defensive Midfield,10000000.0,Sunderland Association Football Club,granit xhaka,sunderland afc eng,,,False,wc2026_official_squad_corrected,1992-09-27 00:00:00,,8.0,3.0,2.0,2825.0,105.0,102.0,97.0,5.0,6.0,10.0,16.0,0.0,0.0,0.0,0.0,27.69607843137255,0.9238095238095239,0.9714285714285714,26.904761904761905,0.19115044247787613,0.3185840707964602,0.5097345132743363,0.0,0.0,0.0,0.0,170.0,20.0,0.11764705882352941,True,True,True,False,True,True,False,False,False,False,False,True,True,False
switzerland_johan_manzambi,team_switzerland,Switzerland,Johan Manzambi,SC Freiburg (GER),Midfielder,927353,Johan Manzambi,https://www.transfermarkt.co.uk/johan-manzambi/profil/spieler/927353,0.91,exact_name,True,20.0,182.0,right,Central Midfield,30000000.0,Sport-Club Freiburg,johan manzambi,sc freiburg ger,,,False,wc2026_official_squad_corrected,2005-10-14 00:00:00,,6.0,3.0,3.0,1149.0,49.0,37.0,21.0,16.0,5.0,6.0,11.0,1.0,0.0,0.0,0.0,31.054054054054053,0.42857142857142855,0.7551020408163265,23.448979591836736,0.39164490861618795,0.4699738903394256,0.8616187989556136,0.0783289817232376,0.0,0.0,0.0,,,,True,True,True,False,True,True,False,False,False,False,False,True,True,False
switzerland_michel_aebischer,team_switzerland,Switzerland,Michel Aebischer,Pisa SC (ITA),Midfielder,237658,Michel Aebischer,https://www.transfermarkt.co.uk/michel-aebischer/profil/spieler/237658,0.91,exact_name,True,29.0,183.0,right,Central Midfield,4500000.0,Pisa Sporting Club,michel aebischer,pisa sc ita,,,False,wc2026_official_squad_corrected,1997-01-06 00:00:00,,7.0,3.0,2.0,0.0,74.0,59.0,42.0,17.0,0.0,1.0,11.0,0.0,0.0,0.0,0.0,0.0,0.5675675675675675,0.7972972972972973,0.0,,,,,,,,,,,True,False,False,False,False,False,False,False,False,False,False,True,True,False
switzerland_remo_freuler,team_switzerland,Switzerland,Remo Freuler,Bologna FC (ITA),Midfielder,148252,Remo Freuler,https://www.transfermarkt.co.uk/remo-freuler/profil/spieler/148252,0.91,exact_name,True,34.0,180.0,right,Central Midfield,4000000.0,Bologna Football Club 1909,remo freuler,bologna fc ita,,,False,wc2026_official_squad_corrected,1992-04-15 00:00:00,,7.0,3.0,2.0,5846.0,91.0,85.0,81.0,4.0,2.0,3.0,19.0,0.0,0.0,0.0,0.0,68.7764705882353,0.8901098901098901,0.9340659340659341,64.24175824175825,0.030790283954840916,0.046185425932261374,0.2925076975709887,0.0,0.0,0.0,0.0,109.0,16.0,0.14678899082568808,True,True,True,False,True,True,False,False,False,False,False,True,True,False
tunisia_adam_arous,team_tunisia,Tunisia,Adam Arous,Kasımpaşa SK (TUR),Defender,1071742,Adem Arous,https://www.transfermarkt.co.uk/adem-arous/profil/spieler/1071742,0.872,near_name,True,21.0,188.0,right,Centre-Back,,Kasımpaşa A.Ş.,adam arous,kas mpasa sk tur,,,False,wc2026_official_squad_corrected,2004-07-17 00:00:00,,,,,,,,,,,,,,,,,,,,,,,,,,,,,,,True,False,False,False,False,False,False,False,False,False,False,True,True,False
tunisia_ali_abdi,team_tunisia,Tunisia,Ali Abdi,OGC Nice (FRA),Defender,211474,Ali Abdi,https://www.transfermarkt.co.uk/ali-abdi/profil/spieler/211474,0.91,exact_name,True,32.0,183.0,left,Left-Back,2500000.0,Olympique Gymnaste Club Nice Côte d'Azur,ali abdi,ogc nice fra,,,False,wc2026_official_squad_corrected,1993-12-20 00:00:00,,5.0,2.0,2.0,607.0,69.0,66.0,54.0,12.0,14.0,3.0,8.0,0.0,0.0,0.0,0.0,9.196969696969697,0.782608695652174,0.9565217391304348,8.797101449275363,2.0757825370675453,0.4448105436573311,1.186161449752883,0.0,0.0,0.0,0.0,,,,True,True,True,False,True,True,False,False,False,False,False,True,True,False
tunisia_dylan_bronn,team_tunisia,Tunisia,Dylan Bronn,Servette FC (SUI),Defender,450417,Dylan Bronn,https://www.transfermarkt.co.uk/dylan-bronn/profil/spieler/450417,0.91,exact_name,True,30.0,185.0,right,Centre-Back,1300000.0,Servette Football Club 1890 SA,dylan bronn,servette fc sui,,,False,wc2026_official_squad_corrected,1995-06-19 00:00:00,,12.0,3.0,2.0,90.0,81.0,54.0,43.0,11.0,1.0,3.0,11.0,1.0,0.0,0.0,0.0,1.6666666666666667,0.5308641975308642,0.6666666666666666,1.1111111111111112,1.0,3.0,11.0,1.0,0.0,0.0,0.0,44.0,2.0,0.045454545454545456,True,True,False,False,False,False,False,False,False,False,False,True,True,False
tunisia_mohamed_amine_ben_hmida,team_tunisia,Tunisia,Mohamed Amine Ben Hmida,Espérance De Tunisie (TUN),Defender,,,,0.0,unmatched,True,,,,,,,mohamed amine ben hmida,esperance de tunisie tun,,,False,wc2026_official_squad_corrected,,,,,,,,,,,,,,,,,,,,,,,,,,,,,,,,False,False,False,False,False,False,False,False,False,False,False,True,True,False
tunisia_montassar_talbi,team_tunisia,Tunisia,Montassar Talbi,FC Lorient (FRA),Defender,496706,Montassar Talbi,https://www.transfermarkt.co.uk/montassar-talbi/profil/spieler/496706,0.91,exact_name,True,28.0,190.0,right,Centre-Back,7000000.0,Football Club Lorient-Bretagne Sud,montassar talbi,fc lorient fra,,,False,wc2026_official_squad_corrected,1998-05-26 00:00:00,,4.0,3.0,1.0,2650.0,62.0,60.0,60.0,0.0,1.0,1.0,7.0,1.0,0.0,0.0,0.0,44.166666666666664,0.967741935483871,0.967741935483871,42.74193548387097,0.033962264150943396,0.033962264150943396,0.2377358490566038,0.033962264150943396,0.0,0.0,0.0,54.0,2.0,0.037037037037037035,True,True,True,False,True,True,False,False,False,False,False,True,True,False
tunisia_mortadha_ben_ouanes,team_tunisia,Tunisia,Mortadha Ben Ouanes,Kasımpaşa SK (TUR),Defender,230921,Mortadha Ben Ouanes,https://www.transfermarkt.co.uk/mortadha-ben-ouanes/profil/spieler/230921,0.9,exact_name,True,31.0,182.0,left,Left Winger,1500000.0,Kasımpaşa A.Ş.,mortadha ben ouanes,kas mpasa sk tur,,,False,wc2026_official_squad_corrected,1994-07-02 00:00:00,,4.0,3.0,1.0,1007.0,74.0,74.0,67.0,7.0,11.0,12.0,19.0,0.0,0.0,0.0,0.0,13.608108108108109,0.9054054054054054,1.0,13.608108108108109,0.9831181727904666,1.0724925521350546,1.6981132075471697,0.0,0.0,0.0,0.0,,,,True,True,True,False,True,True,False,False,False,False,False,True,True,False
tunisia_moutaz_neffati,team_tunisia,Tunisia,Moutaz Neffati,IFK Norrköping FK (SWE),Defender,1034598,Moutaz Neffati,https://www.transfermarkt.co.uk/moutaz-neffati/profil/spieler/1034598,0.95,exact_name,False,21.0,182.0,,Right-Back,,IFK Norrköping,moutaz neffati,ifk norrkoping fk swe,,,False,wc2026_official_squad_corrected,2004-09-04 00:00:00,,3.0,3.0,1.0,0.0,8.0,7.0,4.0,3.0,0.0,0.0,3.0,0.0,0.0,0.0,0.0,0.0,0.5,0.875,0.0,,,,,,,,3.0,1.0,0.3333333333333333,True,False,False,False,False,False,False,False,False,False,False,True,True,False
tunisia_omar_rekik,team_tunisia,Tunisia,Omar Rekik,NK Maribor (SVN),Defender,578292,Omar Rekik,https://www.transfermarkt.co.uk/omar-rekik/profil/spieler/578292,0.91,exact_name,True,24.0,186.0,right,Centre-Back,600000.0,Sparta Rotterdam,omar rekik,nk maribor svn,,,False,wc2026_official_squad_corrected,2001-12-20 00:00:00,,7.0,3.0,2.0,1440.0,44.0,39.0,36.0,3.0,1.0,2.0,16.0,0.0,0.0,0.0,0.0,36.92307692307692,0.8181818181818182,0.8863636363636364,32.72727272727273,0.0625,0.125,1.0,0.0,0.0,0.0,0.0,7.0,1.0,0.14285714285714285,True,True,True,False,True,True,False,False,False,False,False,True,True,False
tunisia_raed_chikhaoui,team_tunisia,Tunisia,Raed Chikhaoui,US Monastir (TUN),Defender,,,,0.0,unmatched,True,,,,,,,raed chikhaoui,us monastir tun,,,False,wc2026_official_squad_corrected,,,,,,,,,,,,,,,,,,,,,,,,,,,,,,,,False,False,False,False,False,False,False,False,False,False,False,True,True,False
tunisia_yan_valery,team_tunisia,Tunisia,Yan Valery,BSC Young Boys (SUI),Defender,406008,Yan Valery,https://www.transfermarkt.co.uk/yan-valery/profil/spieler/406008,0.91,exact_name,True,27.0,185.0,right,Right-Back,2000000.0,Berner Sport Club Young Boys,yan valery,bsc young boys sui,,,False,wc2026_official_squad_corrected,1999-02-22 00:00:00,,6.0,3.0,2.0,1056.0,83.0,81.0,77.0,4.0,3.0,9.0,10.0,1.0,0.0,0.0,0.0,13.037037037037036,0.927710843373494,0.9759036144578314,12.72289156626506,0.2556818181818182,0.7670454545454545,0.8522727272727273,0.08522727272727273,0.0,0.0,0.0,20.0,0.0,0.0,True,True,True,False,True,True,False,False,False,False,False,True,True,False
tunisia_elias_achouri,team_tunisia,Tunisia,Elias Achouri,FC København (DEN),Forward,645589,Elias Achouri,https://www.transfermarkt.co.uk/elias-achouri/profil/spieler/645589,0.91,exact_name,True,27.0,177.0,right,Left Winger,3500000.0,Football Club København,elias achouri,fc k benhavn den,,,False,wc2026_official_squad_corrected,1999-02-10 00:00:00,,13.0,3.0,1.0,975.0,92.0,88.0,68.0,20.0,10.0,22.0,19.0,0.0,0.0,0.0,0.0,11.079545454545455,0.7391304347826086,0.9565217391304348,10.597826086956522,0.9230769230769231,2.030769230769231,1.7538461538461538,0.0,0.0,0.0,0.0,22.0,2.0,0.09090909090909091,True,True,True,False,True,True,False,False,False,False,False,True,True,False
tunisia_elias_saad,team_tunisia,Tunisia,Elias Saad,Hannover 96 (GER),Forward,526466,Elias Saad,https://www.transfermarkt.co.uk/elias-saad/profil/spieler/526466,0.91,exact_name,True,26.0,185.0,right,Left Winger,,Fußball-Club St. Pauli von 1910,elias saad,hannover 96 ger,,,False,wc2026_official_squad_corrected,1999-12-27 00:00:00,,6.0,3.0,2.0,748.0,59.0,56.0,39.0,17.0,12.0,6.0,8.0,1.0,0.0,0.0,0.0,13.357142857142858,0.6610169491525424,0.9491525423728814,12.677966101694915,1.4438502673796794,0.7219251336898397,0.9625668449197861,0.12032085561497326,0.0,0.0,0.0,,,,True,True,True,False,True,True,False,False,False,False,False,True,True,False
tunisia_firas_chaouat,team_tunisia,Tunisia,Firas Chaouat,Club Africain (TUN),Forward,,,,0.0,unmatched,True,,,,,,,firas chaouat,club africain tun,,,False,wc2026_official_squad_corrected,,,,,,,,,,,,,,,,,,,,,,,,,,,,,,,,False,False,False,False,False,False,False,False,False,False,False,True,True,False
tunisia_hazem_mastouri,team_tunisia,Tunisia,Hazem Mastouri,FC Dynamo Makhachkala (RUS),Forward,953150,Hazem Mastouri,https://www.transfermarkt.co.uk/hazem-mastouri/profil/spieler/953150,0.95,exact_name,False,28.0,191.0,right,Centre-Forward,,Dinamo Makhachkala,hazem mastouri,fc dynamo makhachkala rus,,,False,wc2026_official_squad_corrected,1997-06-18 00:00:00,,,,,,,,,,,,,,,,,,,,,,,,,,,,,,,True,False,False,False,False,False,False,False,False,False,False,True,True,False
tunisia_rayan_elloumi,team_tunisia,Tunisia,Rayan Elloumi,Vancouver Whitecaps FC (CAN),Forward,1273985,Rayan Elloumi,https://www.transfermarkt.co.uk/rayan-elloumi/profil/spieler/1273985,0.99,exact_name,False,18.0,180.0,,Centre-Forward,,Vancouver Whitecaps FC,rayan elloumi,vancouver whitecaps fc can,,,False,wc2026_official_squad_corrected,2007-09-17 00:00:00,,,,,,,,,,,,,,,,,,,,,,,,,,,,,,,True,False,False,False,False,False,False,False,False,False,False,True,True,False
tunisia_aymen_dahmen,team_tunisia,Tunisia,Aymen Dahmen,CS Sfaxien (TUN),Goalkeeper,569433,Aymen Dahmen,https://www.transfermarkt.co.uk/aymen-dahmen/profil/spieler/569433,0.91,exact_name,True,29.0,188.0,right,Goalkeeper,,,aymen dahmen,cs sfaxien tun,,,False,wc2026_official_squad_corrected,1997-01-28 00:00:00,,,,,,,,,,,,,,,,,,,,,,,,,,,,,,,True,False,False,True,False,False,False,False,False,False,False,False,True,True
tunisia_mouhib_chamakh,team_tunisia,Tunisia,Mouhib Chamakh,Club Africain (TUN),Goalkeeper,,,,0.0,unmatched,True,,,,,,,mouhib chamakh,club africain tun,,,False,wc2026_official_squad_corrected,,,,,,,,,,,,,,,,,,,,,,,,,,,,,,,,False,False,False,True,False,False,False,False,False,False,False,False,True,True
tunisia_sabri_ben_hessen,team_tunisia,Tunisia,Sabri Ben Hessen,Étoile Du Sahel (TUN),Goalkeeper,295381,Sabri Ben Hessen,https://www.transfermarkt.co.uk/sabri-ben-hessen/profil/spieler/295381,0.91,exact_name,True,29.0,189.0,right,Goalkeeper,,,sabri ben hessen,etoile du sahel tun,,,False,wc2026_official_squad_corrected,1996-06-13 00:00:00,,,,,,,,,,,,,,,,,,,,,,,,,,,,,,,True,False,False,True,False,False,False,False,False,False,False,False,True,True
tunisia_anis_slimane,team_tunisia,Tunisia,Anis Slimane,Norwich City FC (ENG),Midfielder,546712,Anis Slimane,https://www.transfermarkt.co.uk/anis-slimane/profil/spieler/546712,0.91,exact_name,True,25.0,188.0,both,Central Midfield,2500000.0,Sheffield United,anis slimane,norwich city fc eng,,,False,wc2026_official_squad_corrected,2001-03-16 00:00:00,,7.0,3.0,2.0,1143.0,69.0,53.0,30.0,23.0,3.0,2.0,8.0,0.0,0.0,0.0,0.0,21.566037735849058,0.43478260869565216,0.7681159420289855,16.565217391304348,0.23622047244094488,0.15748031496062992,0.6299212598425197,0.0,0.0,0.0,0.0,49.0,6.0,0.12244897959183673,True,True,True,False,True,True,False,False,False,False,False,True,True,False
tunisia_ellyes_skhiri,team_tunisia,Tunisia,Ellyes Skhiri,Eintracht Frankfurt (GER),Midfielder,290587,Ellyes Skhiri,https://www.transfermarkt.co.uk/ellyes-skhiri/profil/spieler/290587,0.95,exact_name,False,31.0,185.0,right,Defensive Midfield,6000000.0,Eintracht Frankfurt Fußball AG,ellyes skhiri,eintracht frankfurt ger,,,False,wc2026_official_squad_corrected,1995-05-10 00:00:00,,8.0,3.0,1.0,4953.0,87.0,83.0,71.0,12.0,7.0,7.0,10.0,0.0,0.0,0.0,0.0,59.674698795180724,0.8160919540229885,0.9540229885057471,56.93103448275862,0.12719563900666264,0.12719563900666264,0.18170805572380375,0.0,0.0,0.0,0.0,71.0,3.0,0.04225352112676056,True,True,True,False,True,True,False,False,False,False,False,True,True,False
tunisia_hannibal_mejbri,team_tunisia,Tunisia,Hannibal Mejbri,Burnley FC (ENG),Midfielder,,,,0.0,unmatched,True,,,,,,,hannibal mejbri,burnley fc eng,,,False,wc2026_official_squad_corrected,,,,,,,,,,,,,,,,,,,,,,,,,,,,,,,,False,False,False,False,False,False,False,False,False,False,False,True,True,False
tunisia_ismael_gharbi,team_tunisia,Tunisia,Ismael Gharbi,FC Augsburg (GER),Midfielder,810096,Ismaël Gharbi,https://www.transfermarkt.co.uk/ismael-gharbi/profil/spieler/810096,0.86,exact_name,True,22.0,173.0,right,Left Winger,7000000.0,Fußball-Club Augsburg 1907,ismael gharbi,fc augsburg ger,,,False,wc2026_official_squad_corrected,2004-04-10 00:00:00,,9.0,3.0,3.0,764.0,82.0,69.0,46.0,23.0,11.0,12.0,10.0,1.0,0.0,0.0,0.0,11.072463768115941,0.5609756097560976,0.8414634146341463,9.317073170731707,1.2958115183246073,1.413612565445026,1.1780104712041886,0.11780104712041886,0.0,0.0,0.0,,,,True,True,True,False,True,True,False,False,False,False,False,True,True,False
tunisia_khalil_ayari,team_tunisia,Tunisia,Khalil Ayari,Paris Saint-Germain (FRA),Midfielder,,,,0.0,unmatched,True,,,,,,,khalil ayari,paris saint germain fra,,,False,wc2026_official_squad_corrected,,,,,,,,,,,,,,,,,,,,,,,,,,,,,,,,False,False,False,False,False,False,False,False,False,False,False,True,True,False
tunisia_mohamed_hadj_mahmoud,team_tunisia,Tunisia,Mohamed Hadj Mahmoud,FC Lugano (SUI),Midfielder,673513,Mohamed Belhadj Mahmoud,https://www.transfermarkt.co.uk/mohamed-belhadj-mahmoud/profil/spieler/673513,0.8956,near_name,True,26.0,179.0,right,Defensive Midfield,,FC Lugano,mohamed hadj mahmoud,fc lugano sui,,,False,wc2026_official_squad_corrected,2000-04-24 00:00:00,,13.0,3.0,1.0,1302.0,96.0,91.0,59.0,32.0,15.0,2.0,12.0,2.0,0.0,0.0,0.0,14.307692307692308,0.6145833333333334,0.9479166666666666,13.5625,1.0368663594470047,0.1382488479262673,0.8294930875576036,0.1382488479262673,0.0,0.0,0.0,1.0,0.0,0.0,True,True,True,False,True,True,False,False,False,False,False,True,True,False
tunisia_rani_khedira,team_tunisia,Tunisia,Rani Khedira,1. FC Union Berlin (GER),Midfielder,124410,Rani Khedira,https://www.transfermarkt.co.uk/rani-khedira/profil/spieler/124410,0.91,exact_name,True,32.0,189.0,right,Defensive Midfield,2000000.0,1. Fußballclub Union Berlin,rani khedira,1 fc union berlin ger,,,False,wc2026_official_squad_corrected,1994-01-27 00:00:00,,7.0,3.0,1.0,2817.0,65.0,62.0,59.0,3.0,2.0,1.0,15.0,1.0,0.0,0.0,0.0,45.435483870967744,0.9076923076923077,0.9538461538461539,43.33846153846154,0.06389776357827476,0.03194888178913738,0.4792332268370607,0.03194888178913738,0.0,0.0,0.0,13.0,1.0,0.07692307692307693,True,True,True,False,True,True,False,False,False,False,False,True,True,False
tunisia_sebastian_tounekti,team_tunisia,Tunisia,Sebastian Tounekti,Celtic FC (SCO),Midfielder,539677,Sebastian Tounekti,https://www.transfermarkt.co.uk/sebastian-tounekti/profil/spieler/539677,0.86,exact_name,True,23.0,170.0,right,Left Winger,300000.0,The Celtic Football Club,sebastian tounekti,celtic fc sco,,,False,wc2026_official_squad_corrected,2002-07-13 00:00:00,,2.0,2.0,1.0,173.0,6.0,6.0,6.0,0.0,1.0,0.0,2.0,0.0,0.0,0.0,0.0,28.833333333333332,1.0,1.0,28.833333333333332,0.5202312138728323,0.0,1.0404624277456647,0.0,0.0,0.0,0.0,15.0,2.0,0.13333333333333333,True,True,False,False,False,False,False,False,False,False,False,True,True,False
turkey_abdulkerim_bardakci,team_turkey,Turkey,Abdulkerim Bardakci,Galatasaray SK (TUR),Defender,199316,Abdülkerim Bardakcı,https://www.transfermarkt.co.uk/abdulkerim-bardakci/profil/spieler/199316,0.8889,near_name,True,31.0,185.0,left,Centre-Back,6500000.0,Galatasaray Spor Kulübü,abdulkerim bardakci,galatasaray sk tur,,,False,wc2026_official_squad_corrected,1994-09-07 00:00:00,,12.0,3.0,1.0,3516.0,100.0,97.0,93.0,4.0,12.0,4.0,12.0,1.0,0.0,0.0,0.0,36.24742268041237,0.93,0.97,35.16,0.30716723549488056,0.10238907849829351,0.30716723549488056,0.025597269624573378,0.0,0.0,0.0,47.0,6.0,0.1276595744680851,True,True,True,False,True,True,False,False,False,False,False,True,True,False
turkey_caglar_soyuncu,team_turkey,Turkey,Caglar Soyuncu,Fenerbahçe SK (TUR),Defender,320141,Çağlar Söyüncü,https://www.transfermarkt.co.uk/caglar-soyuncu/profil/spieler/320141,0.91,exact_name,True,30.0,185.0,both,Centre-Back,6000000.0,Fenerbahçe Spor Kulübü,caglar soyuncu,fenerbahce sk tur,,,False,wc2026_official_squad_corrected,1996-05-23 00:00:00,,,,,,,,,,,,,,,,,,,,,,,,,,,,,,,True,False,False,False,False,False,False,False,False,False,False,True,True,False
turkey_eren_elmali,team_turkey,Turkey,Eren Elmali,Galatasaray SK (TUR),Defender,616894,Eren Elmalı,https://www.transfermarkt.co.uk/eren-elmali/profil/spieler/616894,0.8729,near_name,True,25.0,181.0,left,Left-Back,5000000.0,Galatasaray Spor Kulübü,eren elmali,galatasaray sk tur,,,False,wc2026_official_squad_corrected,2000-07-07 00:00:00,,9.0,3.0,2.0,655.0,90.0,84.0,79.0,5.0,4.0,4.0,21.0,0.0,0.0,0.0,0.0,7.7976190476190474,0.8777777777777778,0.9333333333333333,7.277777777777778,0.549618320610687,0.549618320610687,2.885496183206107,0.0,0.0,0.0,0.0,,,,True,True,True,False,True,True,False,False,False,False,False,True,True,False
turkey_ferdi_kadioglu,team_turkey,Turkey,Ferdi Kadioglu,Brighton & Hove Albion FC (ENG),Defender,369316,Ferdi Kadıoğlu,https://www.transfermarkt.co.uk/ferdi-kadioglu/profil/spieler/369316,0.8543,near_name,True,26.0,174.0,right,Left-Back,28000000.0,Brighton and Hove Albion Football Club,ferdi kadioglu,brighton hove albion fc eng,,,False,wc2026_official_squad_corrected,1999-10-07 00:00:00,,10.0,3.0,2.0,4886.0,70.0,67.0,56.0,11.0,6.0,5.0,7.0,0.0,0.0,0.0,0.0,72.92537313432835,0.8,0.9571428571428572,69.8,0.11051985264019647,0.09209987720016373,0.12893982808022922,0.0,0.0,0.0,0.0,78.0,12.0,0.15384615384615385,True,True,True,False,True,True,False,False,False,False,False,True,True,False
turkey_merih_demiral,team_turkey,Turkey,Merih Demiral,Al Ahli FC (KSA),Defender,340879,Merih Demiral,https://www.transfermarkt.co.uk/merih-demiral/profil/spieler/340879,0.91,exact_name,True,28.0,190.0,right,Centre-Back,20000000.0,Al-Ahli Saudi Football Club,merih demiral,al ahli fc ksa,,,False,wc2026_official_squad_corrected,1998-03-05 00:00:00,,9.0,3.0,1.0,4205.0,70.0,70.0,66.0,4.0,2.0,4.0,13.0,2.0,0.0,0.0,0.0,60.07142857142857,0.9428571428571428,1.0,60.07142857142857,0.04280618311533888,0.08561236623067776,0.2782401902497027,0.04280618311533888,0.0,0.0,0.0,94.0,6.0,0.06382978723404255,True,True,True,False,True,True,False,False,False,False,False,True,True,False
turkey_mert_muldur,team_turkey,Turkey,Mert Muldur,Fenerbahçe SK (TUR),Defender,353922,Mert Müldür,https://www.transfermarkt.co.uk/mert-muldur/profil/spieler/353922,0.91,exact_name,True,27.0,184.0,right,Right-Back,5000000.0,Fenerbahçe Spor Kulübü,mert muldur,fenerbahce sk tur,,,False,wc2026_official_squad_corrected,1999-04-03 00:00:00,,9.0,3.0,1.0,1735.0,98.0,83.0,52.0,31.0,4.0,10.0,11.0,2.0,0.0,0.0,0.0,20.903614457831324,0.5306122448979592,0.8469387755102041,17.70408163265306,0.207492795389049,0.5187319884726225,0.5706051873198847,0.1037463976945245,0.0,0.0,0.0,53.0,5.0,0.09433962264150944,True,True,True,False,True,True,False,False,False,False,False,True,True,False
turkey_ozan_kabak,team_turkey,Turkey,Ozan Kabak,TSG Hoffenheim (GER),Defender,361260,Ozan Kabak,https://www.transfermarkt.co.uk/ozan-kabak/profil/spieler/361260,0.91,exact_name,True,26.0,187.0,right,Centre-Back,5000000.0,Turn- und Sportgemeinschaft 1899 Hoffenheim Fußball-Spielbetriebs,ozan kabak,tsg hoffenheim ger,,,False,wc2026_official_squad_corrected,2000-03-25 00:00:00,,3.0,2.0,1.0,573.0,32.0,30.0,29.0,1.0,4.0,1.0,9.0,2.0,0.0,0.0,0.0,19.1,0.90625,0.9375,17.90625,0.6282722513089005,0.15706806282722513,1.413612565445026,0.31413612565445026,0.0,0.0,0.0,83.0,15.0,0.18072289156626506,True,True,True,False,True,True,False,False,False,False,False,True,True,False
turkey_samet_akaydin,team_turkey,Turkey,Samet Akaydin,Çaykur Rizespor (TUR),Defender,295024,Samet Akaydin,https://www.transfermarkt.co.uk/samet-akaydin/profil/spieler/295024,0.95,exact_name,False,32.0,190.0,right,Centre-Back,1200000.0,Çaykur Rizespor Kulübü,samet akaydin,caykur rizespor tur,,,False,wc2026_official_squad_corrected,1994-03-13 00:00:00,,10.0,3.0,3.0,1375.0,73.0,51.0,42.0,9.0,2.0,1.0,17.0,1.0,0.0,0.0,0.0,26.96078431372549,0.5753424657534246,0.6986301369863014,18.835616438356166,0.1309090909090909,0.06545454545454545,1.1127272727272728,0.06545454545454545,0.0,0.0,0.0,14.0,1.0,0.07142857142857142,True,True,True,False,True,True,False,False,False,False,False,True,True,False
turkey_zeki_celik,team_turkey,Turkey,Zeki Celik,AS Roma (ITA),Defender,251075,Zeki Çelik,https://www.transfermarkt.co.uk/zeki-celik/profil/spieler/251075,0.91,exact_name,True,29.0,180.0,right,Right-Back,12000000.0,Associazione Sportiva Roma,zeki celik,as roma ita,,,False,wc2026_official_squad_corrected,1997-02-17 00:00:00,,7.0,3.0,1.0,776.0,101.0,73.0,54.0,19.0,1.0,5.0,10.0,1.0,0.0,0.0,0.0,10.63013698630137,0.5346534653465347,0.7227722772277227,7.683168316831683,0.11597938144329897,0.5798969072164948,1.1597938144329896,0.11597938144329897,0.0,0.0,0.0,89.0,2.0,0.02247191011235955,True,True,True,False,True,True,False,False,False,False,False,True,True,False
turkey_arda_guler,team_turkey,Turkey,Arda Guler,Real Madrid C. F. (ESP),Forward,861410,Arda Güler,https://www.transfermarkt.co.uk/arda-guler/profil/spieler/861410,0.91,exact_name,True,21.0,175.0,left,Attacking Midfield,45000000.0,Real Madrid Club de Fútbol,arda guler,real madrid c f esp,,,False,wc2026_official_squad_corrected,2005-02-25 00:00:00,,11.0,3.0,1.0,904.0,98.0,58.0,26.0,32.0,12.0,10.0,2.0,0.0,0.0,0.0,0.0,15.586206896551724,0.2653061224489796,0.5918367346938775,9.224489795918368,1.1946902654867257,0.995575221238938,0.19911504424778761,0.0,0.0,0.0,0.0,,,,True,True,True,False,True,True,False,False,False,False,False,True,True,False
turkey_baris_alper_yilmaz,team_turkey,Turkey,Baris Alper Yilmaz,Galatasaray SK (TUR),Forward,,,,0.0,unmatched,True,,,,,,,baris alper yilmaz,galatasaray sk tur,,,False,wc2026_official_squad_corrected,,,,,,,,,,,,,,,,,,,,,,,,,,,,,,,,False,False,False,False,False,False,False,False,False,False,False,True,True,False
turkey_can_uzun,team_turkey,Turkey,Can Uzun,Eintracht Frankfurt (GER),Forward,816585,Can Uzun,https://www.transfermarkt.co.uk/can-uzun/profil/spieler/816585,0.95,exact_name,False,20.0,186.0,right,Attacking Midfield,45000000.0,Eintracht Frankfurt Fußball AG,can uzun,eintracht frankfurt ger,,,False,wc2026_official_squad_corrected,2005-11-11 00:00:00,,7.0,3.0,2.0,760.0,83.0,66.0,39.0,27.0,26.0,10.0,6.0,0.0,3.0,0.0,0.0,11.515151515151516,0.46987951807228917,0.7951807228915663,9.156626506024097,3.0789473684210527,1.1842105263157894,0.7105263157894737,0.0,0.35526315789473684,0.0,0.0,,,,True,True,True,False,True,True,False,False,False,False,False,True,True,False
turkey_deniz_gul,team_turkey,Turkey,Deniz Gul,FC Porto (POR),Forward,1063292,Deniz Gül,https://www.transfermarkt.co.uk/deniz-gul/profil/spieler/1063292,0.91,exact_name,True,21.0,190.0,right,Centre-Forward,,Futebol Clube do Porto,deniz gul,fc porto por,,,False,wc2026_official_squad_corrected,2004-07-02 00:00:00,,6.0,3.0,3.0,529.0,44.0,28.0,7.0,21.0,2.0,0.0,1.0,0.0,0.0,0.0,0.0,18.892857142857142,0.1590909090909091,0.6363636363636364,12.022727272727273,0.3402646502835539,0.0,0.17013232514177695,0.0,0.0,0.0,0.0,13.0,3.0,0.23076923076923078,True,True,True,False,True,True,False,False,False,False,False,True,True,False
turkey_irfan_can_kahveci,team_turkey,Turkey,Irfan Can Kahveci,Kasımpaşa SK (TUR),Forward,216603,İrfan Can Kahveci,https://www.transfermarkt.co.uk/irfan-can-kahveci/profil/spieler/216603,0.95,exact_name,False,30.0,180.0,left,Right Winger,4500000.0,Kasımpaşa A.Ş.,irfan can kahveci,kas mpasa sk tur,,,False,wc2026_official_squad_corrected,1995-07-15 00:00:00,,10.0,3.0,1.0,1010.0,107.0,93.0,46.0,47.0,21.0,16.0,17.0,0.0,0.0,0.0,0.0,10.86021505376344,0.42990654205607476,0.8691588785046729,9.439252336448599,1.8712871287128714,1.4257425742574257,1.5148514851485149,0.0,0.0,0.0,0.0,68.0,6.0,0.08823529411764706,True,True,True,False,True,True,False,False,False,False,False,True,True,False
turkey_kenan_yildiz,team_turkey,Turkey,Kenan Yildiz,Juventus FC (ITA),Forward,,,,0.0,unmatched,True,,,,,,,kenan yildiz,juventus fc ita,,,False,wc2026_official_squad_corrected,,,,,,,,,,,,,,,,,,,,,,,,,,,,,,,,False,False,False,False,False,False,False,False,False,False,False,True,True,False
turkey_kerem_akturkoglu,team_turkey,Turkey,Kerem Akturkoglu,Fenerbahçe SK (TUR),Forward,382528,Kerem Aktürkoğlu,https://www.transfermarkt.co.uk/kerem-akturkoglu/profil/spieler/382528,0.91,exact_name,True,27.0,173.0,right,Left Winger,22000000.0,Fenerbahçe Spor Kulübü,kerem akturkoglu,fenerbahce sk tur,,,False,wc2026_official_squad_corrected,1998-10-21 00:00:00,,16.0,3.0,2.0,1748.0,117.0,114.0,92.0,22.0,34.0,25.0,10.0,1.0,3.0,0.0,0.0,15.333333333333334,0.7863247863247863,0.9743589743589743,14.94017094017094,1.7505720823798627,1.2871853546910756,0.5148741418764302,0.05148741418764302,0.15446224256292906,0.0,0.0,,,,True,True,True,False,True,True,False,False,False,False,False,True,True,False
turkey_oguz_aydin,team_turkey,Turkey,Oguz Aydin,Fenerbahçe SK (TUR),Forward,,,,0.0,unmatched,True,,,,,,,oguz aydin,fenerbahce sk tur,,,False,wc2026_official_squad_corrected,,,,,,,,,,,,,,,,,,,,,,,,,,,,,,,,False,False,False,False,False,False,False,False,False,False,False,True,True,False
turkey_yunus_akgun,team_turkey,Turkey,Yunus Akgun,Galatasaray SK (TUR),Forward,396908,Yunus Akgün,https://www.transfermarkt.co.uk/yunus-akgun/profil/spieler/396908,0.91,exact_name,True,25.0,173.0,left,Right Winger,5000000.0,Galatasaray Spor Kulübü,yunus akgun,galatasaray sk tur,,,False,wc2026_official_squad_corrected,2000-07-07 00:00:00,,11.0,3.0,2.0,1621.0,98.0,82.0,56.0,26.0,14.0,19.0,8.0,0.0,0.0,0.0,0.0,19.76829268292683,0.5714285714285714,0.8367346938775511,16.540816326530614,0.7772979642196175,1.054904380012338,0.4441702652683529,0.0,0.0,0.0,0.0,63.0,12.0,0.19047619047619047,True,True,True,False,True,True,False,False,False,False,False,True,True,False
turkey_altay_bayindir,team_turkey,Turkey,Altay Bayindir,Manchester United FC (ENG),Goalkeeper,,,,0.0,unmatched,True,,,,,,,altay bayindir,manchester united fc eng,,,False,wc2026_official_squad_corrected,,,,,,,,,,,,,,,,,,,,,,,,,,,,,,,,False,False,False,True,False,False,False,False,False,False,False,False,True,True
turkey_mert_gunok,team_turkey,Turkey,Mert Gunok,Fenerbahçe SK (TUR),Goalkeeper,51894,Mert Günok,https://www.transfermarkt.co.uk/mert-gunok/profil/spieler/51894,0.91,exact_name,True,37.0,196.0,right,Goalkeeper,500000.0,Fenerbahçe Spor Kulübü,mert gunok,fenerbahce sk tur,,,False,wc2026_official_squad_corrected,1989-03-01 00:00:00,,12.0,3.0,1.0,8394.0,101.0,95.0,95.0,0.0,0.0,0.0,11.0,0.0,0.0,109.0,30.0,88.3578947368421,0.9405940594059405,0.9405940594059405,83.10891089108911,0.0,0.0,0.11794138670478914,0.0,0.0,1.1686919228020014,0.32165832737669764,73.0,0.0,0.0,True,True,True,True,True,False,True,False,False,False,False,False,True,True
turkey_ugurcan_cakir,team_turkey,Turkey,Ugurcan Cakir,Galatasaray SK (TUR),Goalkeeper,292199,Uğurcan Çakır,https://www.transfermarkt.co.uk/ugurcan-cakir/profil/spieler/292199,0.85,near_name,True,30.0,191.0,right,Goalkeeper,15000000.0,Galatasaray Spor Kulübü,ugurcan cakir,galatasaray sk tur,,,False,wc2026_official_squad_corrected,1996-04-05 00:00:00,,7.0,3.0,1.0,8100.0,89.0,89.0,89.0,0.0,0.0,0.0,9.0,0.0,0.0,105.0,34.0,91.01123595505618,1.0,1.0,90.0,0.0,0.0,0.1,0.0,0.0,1.1666666666666667,0.37777777777777777,42.0,0.0,0.0,True,True,True,True,True,False,True,False,False,False,False,False,True,True
turkey_hakan_calhanoglu,team_turkey,Turkey,Hakan Calhanoglu,FC Internazionale Milano (ITA),Midfielder,126414,Hakan Çalhanoğlu,https://www.transfermarkt.co.uk/hakan-calhanoglu/profil/spieler/126414,0.95,exact_name,False,32.0,178.0,right,Defensive Midfield,22000000.0,Football Club Internazionale Milano S.p.A.,hakan calhanoglu,fc internazionale milano ita,,,False,wc2026_official_squad_corrected,1994-02-08 00:00:00,,9.0,3.0,1.0,1575.0,94.0,88.0,81.0,7.0,26.0,11.0,18.0,0.0,19.0,0.0,0.0,17.897727272727273,0.8617021276595744,0.9361702127659575,16.75531914893617,1.4857142857142858,0.6285714285714286,1.0285714285714285,0.0,1.0857142857142859,0.0,0.0,142.0,30.0,0.2112676056338028,True,True,True,False,True,True,False,False,False,False,False,True,True,False
turkey_ismail_yuksek,team_turkey,Turkey,Ismail Yuksek,Fenerbahçe SK (TUR),Midfielder,613725,İsmail Yüksek,https://www.transfermarkt.co.uk/ismail-yuksek/profil/spieler/613725,0.91,exact_name,True,27.0,183.0,right,Defensive Midfield,12000000.0,Fenerbahçe Spor Kulübü,ismail yuksek,fenerbahce sk tur,,,False,wc2026_official_squad_corrected,1999-01-26 00:00:00,,10.0,3.0,1.0,463.0,94.0,81.0,60.0,21.0,1.0,8.0,17.0,2.0,0.0,0.0,0.0,5.716049382716049,0.6382978723404256,0.8617021276595744,4.925531914893617,0.19438444924406048,1.5550755939524838,3.304535637149028,0.38876889848812096,0.0,0.0,0.0,,,,True,True,True,False,True,True,False,False,False,False,False,True,True,False
turkey_kaan_ayhan,team_turkey,Turkey,Kaan Ayhan,Galatasaray SK (TUR),Midfielder,119031,Kaan Ayhan,https://www.transfermarkt.co.uk/kaan-ayhan/profil/spieler/119031,0.91,exact_name,True,31.0,185.0,right,Defensive Midfield,4700000.0,Galatasaray Spor Kulübü,kaan ayhan,galatasaray sk tur,,,False,wc2026_official_squad_corrected,1994-11-10 00:00:00,,12.0,3.0,1.0,3813.0,102.0,96.0,61.0,35.0,2.0,7.0,14.0,2.0,0.0,0.0,0.0,39.71875,0.5980392156862745,0.9411764705882353,37.38235294117647,0.04720692368214005,0.16522423288749016,0.3304484657749803,0.04720692368214005,0.0,0.0,0.0,,,,True,True,True,False,True,True,False,False,False,False,False,True,True,False
turkey_orkun_kokcu,team_turkey,Turkey,Orkun Kokcu,Beşiktaş JK (TUR),Midfielder,454567,Orkun Kökçü,https://www.transfermarkt.co.uk/orkun-kokcu/profil/spieler/454567,0.91,exact_name,True,25.0,175.0,both,Central Midfield,25000000.0,Beşiktaş Jimnastik Kulübü,orkun kokcu,besiktas jk tur,,,False,wc2026_official_squad_corrected,2000-12-29 00:00:00,,13.0,3.0,2.0,1068.0,108.0,101.0,86.0,15.0,19.0,21.0,24.0,0.0,4.0,0.0,0.0,10.574257425742575,0.7962962962962963,0.9351851851851852,9.88888888888889,1.6011235955056178,1.7696629213483146,2.0224719101123596,0.0,0.33707865168539325,0.0,0.0,64.0,8.0,0.125,True,True,True,False,True,True,False,False,False,False,False,True,True,False
turkey_salih_ozcan,team_turkey,Turkey,Salih Ozcan,Borussia Dortmund (GER),Midfielder,244940,Salih Özcan,https://www.transfermarkt.co.uk/salih-ozcan/profil/spieler/244940,0.99,exact_name,False,28.0,183.0,right,Defensive Midfield,3500000.0,Borussia Dortmund,salih ozcan,borussia dortmund ger,,,False,wc2026_official_squad_corrected,1998-01-11 00:00:00,,9.0,3.0,2.0,0.0,92.0,62.0,25.0,37.0,0.0,0.0,4.0,0.0,0.0,0.0,0.0,0.0,0.2717391304347826,0.6739130434782609,0.0,,,,,,,,85.0,5.0,0.058823529411764705,True,False,False,False,False,False,False,False,False,False,False,True,True,False
united_states_alex_freeman,team_united_states,United States,Alex Freeman,Villarreal CF (ESP),Defender,985806,Alex Freeman,https://www.transfermarkt.co.uk/alex-freeman/profil/spieler/985806,0.91,exact_name,True,21.0,188.0,,Right-Back,,Villarreal Club de Fútbol S.A.D.,alex freeman,villarreal cf esp,,,False,wc2026_official_squad_corrected,2004-08-09 00:00:00,,,,,,,,,,,,,,,,,,,,,,,,,,,,19.0,1.0,0.05263157894736842,True,False,False,False,False,False,False,False,False,False,False,True,True,False
united_states_antonee_robinson,team_united_states,United States,Antonee Robinson,Fulham FC (ENG),Defender,349701,Antonee Robinson,https://www.transfermarkt.co.uk/antonee-robinson/profil/spieler/349701,0.91,exact_name,True,28.0,183.0,left,Left-Back,30000000.0,Fulham Football Club,antonee robinson,fulham fc eng,,,False,wc2026_official_squad_corrected,1997-08-08 00:00:00,,6.0,3.0,1.0,0.0,85.0,84.0,79.0,5.0,0.0,16.0,14.0,0.0,0.0,0.0,0.0,0.0,0.9294117647058824,0.9882352941176471,0.0,,,,,,,,53.0,4.0,0.07547169811320754,True,False,False,False,False,False,False,False,False,False,False,True,True,False
united_states_auston_trusty,team_united_states,United States,Auston Trusty,Celtic FC (SCO),Defender,389253,Auston Trusty,https://www.transfermarkt.co.uk/auston-trusty/profil/spieler/389253,0.91,exact_name,True,27.0,190.0,left,Centre-Back,5000000.0,The Celtic Football Club,auston trusty,celtic fc sco,,,False,wc2026_official_squad_corrected,1998-08-12 00:00:00,,13.0,3.0,2.0,1855.0,99.0,78.0,69.0,9.0,2.0,1.0,6.0,0.0,0.0,0.0,0.0,23.78205128205128,0.696969696969697,0.7878787878787878,18.737373737373737,0.09703504043126686,0.04851752021563343,0.29110512129380056,0.0,0.0,0.0,0.0,25.0,1.0,0.04,True,True,True,False,True,True,False,False,False,False,False,True,True,False
united_states_chris_richards,team_united_states,United States,Chris Richards,Crystal Palace FC (ENG),Defender,578539,Chris Richards,https://www.transfermarkt.co.uk/chris-richards/profil/spieler/578539,0.91,exact_name,True,26.0,188.0,right,Centre-Back,25000000.0,Crystal Palace Football Club,chris richards,crystal palace fc eng,,,False,wc2026_official_squad_corrected,2000-03-28 00:00:00,,10.0,3.0,2.0,4016.0,84.0,68.0,62.0,6.0,2.0,2.0,8.0,1.0,0.0,0.0,0.0,59.05882352941177,0.7380952380952381,0.8095238095238095,47.80952380952381,0.044820717131474105,0.044820717131474105,0.17928286852589642,0.022410358565737053,0.0,0.0,0.0,46.0,4.0,0.08695652173913043,True,True,True,False,True,True,False,False,False,False,False,True,True,False
united_states_joe_scally,team_united_states,United States,Joe Scally,Borussia Mönchengladbach (GER),Defender,504153,Joe Scally,https://www.transfermarkt.co.uk/joe-scally/profil/spieler/504153,0.91,exact_name,True,23.0,184.0,right,Right-Back,7000000.0,Borussia Verein für Leibesübungen 1900 Mönchengladbach,joe scally,borussia monchengladbach ger,,,False,wc2026_official_squad_corrected,2002-12-31 00:00:00,,6.0,3.0,1.0,2236.0,76.0,72.0,63.0,9.0,1.0,4.0,12.0,0.0,0.0,0.0,0.0,31.055555555555557,0.8289473684210527,0.9473684210526315,29.42105263157895,0.04025044722719141,0.16100178890876565,0.4830053667262969,0.0,0.0,0.0,0.0,52.0,3.0,0.057692307692307696,True,True,True,False,True,True,False,False,False,False,False,True,True,False
united_states_max_arfsten,team_united_states,United States,Max Arfsten,Columbus Crew (USA),Defender,993063,Max Arfsten,https://www.transfermarkt.co.uk/max-arfsten/profil/spieler/993063,0.9,exact_name,True,25.0,185.0,left,Left Winger,,Columbus Crew,max arfsten,columbus crew usa,,,False,wc2026_official_squad_corrected,2001-04-19 00:00:00,,,,,,,,,,,,,,,,,,,,,,,,,,,,,,,True,False,False,False,False,False,False,False,False,False,False,True,True,False
united_states_mckenzie_mark,team_united_states,United States,McKENZIE Mark,Toulouse FC (FRA),Defender,429259,Mark McKenzie,https://www.transfermarkt.co.uk/mark-mckenzie/profil/spieler/429259,0.91,exact_name_tokens,True,27.0,184.0,right,Centre-Back,6000000.0,Toulouse Football Club,mckenzie mark,toulouse fc fra,,,False,wc2026_official_squad_corrected,1999-02-25 00:00:00,,12.0,3.0,2.0,2857.0,86.0,81.0,78.0,3.0,2.0,4.0,7.0,1.0,0.0,0.0,0.0,35.27160493827161,0.9069767441860465,0.9418604651162791,33.22093023255814,0.06300315015750788,0.12600630031501575,0.22051102555127755,0.03150157507875394,0.0,0.0,0.0,42.0,3.0,0.07142857142857142,True,True,True,False,True,True,False,False,False,False,False,True,True,False
united_states_miles_robinson,team_united_states,United States,Miles Robinson,FC Cincinnatti (USA),Defender,468022,Miles Robinson,https://www.transfermarkt.co.uk/miles-robinson/profil/spieler/468022,0.91,exact_name,True,29.0,188.0,right,Centre-Back,,Football Club Cincinnati,miles robinson,fc cincinnatti usa,,,False,wc2026_official_squad_corrected,1997-03-14 00:00:00,,2.0,2.0,1.0,0.0,8.0,7.0,7.0,0.0,0.0,0.0,0.0,0.0,0.0,0.0,0.0,0.0,0.875,0.875,0.0,,,,,,,,49.0,3.0,0.061224489795918366,True,False,False,False,False,False,False,False,False,False,False,True,True,False
united_states_sergino_dest,team_united_states,United States,Sergino Dest,PSV Eindhoven (NED),Defender,361104,Sergiño Dest,https://www.transfermarkt.co.uk/sergino-dest/profil/spieler/361104,0.91,exact_name,True,25.0,173.0,right,Right-Back,18000000.0,Eindhovense Voetbalvereniging Philips Sport Vereniging,sergino dest,psv eindhoven ned,,,False,wc2026_official_squad_corrected,2000-11-03 00:00:00,,8.0,3.0,1.0,1505.0,52.0,49.0,45.0,4.0,4.0,10.0,2.0,0.0,0.0,0.0,0.0,30.714285714285715,0.8653846153846154,0.9423076923076923,28.942307692307693,0.23920265780730898,0.5980066445182725,0.11960132890365449,0.0,0.0,0.0,0.0,56.0,3.0,0.05357142857142857,True,True,True,False,True,True,False,False,False,False,False,True,True,False
united_states_tim_ream,team_united_states,United States,Tim Ream,Charlotte FC (USA),Defender,145466,Tim Ream,https://www.transfermarkt.co.uk/tim-ream/profil/spieler/145466,0.91,exact_name,True,38.0,186.0,left,Centre-Back,800000.0,Charlotte Football Club,tim ream,charlotte fc usa,,,False,wc2026_official_squad_corrected,1987-10-05 00:00:00,,3.0,1.0,1.0,1505.0,37.0,21.0,19.0,2.0,1.0,0.0,2.0,1.0,0.0,0.0,0.0,71.66666666666667,0.5135135135135135,0.5675675675675675,40.67567567567568,0.059800664451827246,0.0,0.11960132890365449,0.059800664451827246,0.0,0.0,0.0,76.0,1.0,0.013157894736842105,True,True,True,False,True,True,False,False,False,False,False,True,True,False
united_states_alex_zendejas,team_united_states,United States,Alex Zendejas,Club América (MEX),Forward,351505,Álex Zendejas,https://www.transfermarkt.co.uk/alex-zendejas/profil/spieler/351505,0.91,exact_name,True,28.0,167.0,left,Right Winger,,Club de Futbol América S. A. de C. V.,alex zendejas,club america mex,,,False,wc2026_official_squad_corrected,1998-02-07 00:00:00,,,,,,,,,,,,,,,,,,,,,,,,,,,,53.0,8.0,0.1509433962264151,True,False,False,False,False,False,False,False,False,False,False,True,True,False
united_states_brenden_aaronson,team_united_states,United States,Brenden Aaronson,Leeds United FC (ENG),Forward,393323,Brenden Aaronson,https://www.transfermarkt.co.uk/brenden-aaronson/profil/spieler/393323,0.91,exact_name,True,25.0,177.0,right,Attacking Midfield,12000000.0,Leeds United Association Football Club,brenden aaronson,leeds united fc eng,,,False,wc2026_official_squad_corrected,2000-10-22 00:00:00,,8.0,3.0,2.0,1029.0,93.0,89.0,60.0,29.0,11.0,4.0,2.0,1.0,0.0,0.0,0.0,11.561797752808989,0.6451612903225806,0.956989247311828,11.064516129032258,0.9620991253644315,0.3498542274052478,0.1749271137026239,0.08746355685131195,0.0,0.0,0.0,58.0,9.0,0.15517241379310345,True,True,True,False,True,True,False,False,False,False,False,True,True,False
united_states_christian_pulisic,team_united_states,United States,Christian Pulisic,AC Milan (ITA),Forward,315779,Christian Pulisic,https://www.transfermarkt.co.uk/christian-pulisic/profil/spieler/315779,0.91,exact_name,True,27.0,177.0,right,Right Winger,60000000.0,Associazione Calcio Milan,christian pulisic,ac milan ita,,,False,wc2026_official_squad_corrected,1998-09-18 00:00:00,,10.0,3.0,1.0,1525.0,103.0,103.0,89.0,14.0,34.0,23.0,7.0,0.0,4.0,0.0,0.0,14.805825242718447,0.8640776699029126,1.0,14.805825242718447,2.0065573770491807,1.3573770491803279,0.4131147540983607,0.0,0.2360655737704918,0.0,0.0,123.0,54.0,0.43902439024390244,True,True,True,False,True,True,False,False,False,False,False,True,True,False
united_states_folarin_balogun,team_united_states,United States,Folarin Balogun,AS Monaco (FRA),Forward,503770,Folarin Balogun,https://www.transfermarkt.co.uk/folarin-balogun/profil/spieler/503770,0.91,exact_name,True,24.0,178.0,right,Centre-Forward,22000000.0,Association sportive de Monaco Football Club,folarin balogun,as monaco fra,,,False,wc2026_official_squad_corrected,2001-07-03 00:00:00,,5.0,3.0,1.0,823.0,51.0,50.0,31.0,19.0,13.0,8.0,2.0,0.0,1.0,0.0,0.0,16.46,0.6078431372549019,0.9803921568627451,16.137254901960784,1.4216281895504252,0.8748481166464155,0.21871202916160387,0.0,0.10935601458080194,0.0,0.0,50.0,17.0,0.34,True,True,True,False,True,True,False,False,False,False,False,True,True,False
united_states_haji_wright,team_united_states,United States,Haji Wright,Coventry City FC (ENG),Forward,315291,Haji Wright,https://www.transfermarkt.co.uk/haji-wright/profil/spieler/315291,0.91,exact_name,True,28.0,191.0,right,Centre-Forward,7000000.0,,haji wright,coventry city fc eng,,,False,wc2026_official_squad_corrected,1998-03-27 00:00:00,,8.0,3.0,1.0,617.0,88.0,87.0,65.0,22.0,36.0,10.0,5.0,0.0,7.0,0.0,0.0,7.091954022988506,0.7386363636363636,0.9886363636363636,7.011363636363637,5.251215559157212,1.458670988654781,0.7293354943273905,0.0,1.0210696920583469,0.0,0.0,69.0,35.0,0.5072463768115942,True,True,True,False,True,True,False,False,False,False,False,True,True,False
united_states_ricardo_pepi,team_united_states,United States,Ricardo Pepi,PSV Eindhoven (NED),Forward,627207,Ricardo Pepi,https://www.transfermarkt.co.uk/ricardo-pepi/profil/spieler/627207,0.91,exact_name,True,23.0,185.0,right,Centre-Forward,15000000.0,Eindhovense Voetbalvereniging Philips Sport Vereniging,ricardo pepi,psv eindhoven ned,,,False,wc2026_official_squad_corrected,2003-01-09 00:00:00,,13.0,3.0,2.0,522.0,82.0,73.0,12.0,61.0,27.0,6.0,5.0,0.0,2.0,0.0,0.0,7.1506849315068495,0.14634146341463414,0.8902439024390244,6.365853658536586,4.655172413793103,1.0344827586206897,0.8620689655172413,0.0,0.3448275862068965,0.0,0.0,50.0,19.0,0.38,True,True,True,False,True,True,False,False,False,False,False,True,True,False
united_states_timothy_weah,team_united_states,United States,Timothy Weah,Olympique Marseille (FRA),Forward,370846,Timothy Weah,https://www.transfermarkt.co.uk/timothy-weah/profil/spieler/370846,0.9,exact_name,True,26.0,183.0,right,Right Midfield,20000000.0,Olympique de Marseille,timothy weah,olympique marseille fra,,,False,wc2026_official_squad_corrected,2000-02-22 00:00:00,,7.0,3.0,2.0,1016.0,84.0,80.0,39.0,41.0,7.0,7.0,11.0,0.0,0.0,0.0,0.0,12.7,0.4642857142857143,0.9523809523809523,12.095238095238095,0.6200787401574803,0.6200787401574803,0.9744094488188976,0.0,0.0,0.0,0.0,,,,True,True,True,False,True,True,False,False,False,False,False,True,True,False
united_states_chris_brady,team_united_states,United States,Chris Brady,Chicago Fire FC (USA),Goalkeeper,765504,Chris Brady,https://www.transfermarkt.co.uk/chris-brady/profil/spieler/765504,0.91,exact_name,True,22.0,190.0,,Goalkeeper,,Chicago Fire Soccer Club,chris brady,chicago fire fc usa,,,False,wc2026_official_squad_corrected,2004-03-03 00:00:00,,,,,,,,,,,,,,,,,,,,,,,,,,,,14.0,0.0,0.0,True,False,False,True,False,False,False,False,False,False,False,False,True,True
united_states_matt_freese,team_united_states,United States,Matt Freese,New York City FC (USA),Goalkeeper,500309,Matt Freese,https://www.transfermarkt.co.uk/matt-freese/profil/spieler/500309,0.91,exact_name,True,27.0,193.0,,Goalkeeper,,New York City Football Club,matt freese,new york city fc usa,,,False,wc2026_official_squad_corrected,1998-09-02 00:00:00,,,,,,,,,,,,,,,,,,,,,,,,,,,,,,,True,False,False,True,False,False,False,False,False,False,False,False,True,True
united_states_matt_turner,team_united_states,United States,Matt Turner,New England Revolution (USA),Goalkeeper,425306,Matt Turner,https://www.transfermarkt.co.uk/matt-turner/profil/spieler/425306,0.99,exact_name,False,31.0,191.0,right,Goalkeeper,7000000.0,New England Revolution,matt turner,new england revolution usa,,,False,wc2026_official_squad_corrected,1994-06-24 00:00:00,,8.0,2.0,3.0,2280.0,87.0,25.0,25.0,0.0,0.0,0.0,2.0,0.0,0.0,33.0,5.0,91.2,0.28735632183908044,0.28735632183908044,26.20689655172414,0.0,0.0,0.07894736842105263,0.0,0.0,1.3026315789473684,0.19736842105263158,52.0,0.0,0.0,True,True,True,True,True,False,True,False,False,False,False,False,True,True
united_states_cristian_roldan,team_united_states,United States,Cristian Roldan,Seattle Sounders FC (USA),Midfielder,354792,Cristian Roldán,https://www.transfermarkt.co.uk/cristian-roldan/profil/spieler/354792,0.99,exact_name,False,31.0,173.0,right,Central Midfield,,Seattle Sounders FC,cristian roldan,seattle sounders fc usa,,,False,wc2026_official_squad_corrected,1995-06-03 00:00:00,,1.0,1.0,1.0,0.0,4.0,3.0,3.0,0.0,0.0,0.0,0.0,0.0,0.0,0.0,0.0,0.0,0.75,0.75,0.0,,,,,,,,,,,True,False,False,False,False,False,False,False,False,False,False,True,True,False
united_states_giovanni_reyna,team_united_states,United States,Giovanni Reyna,Borussia Mönchengladbach (GER),Midfielder,504215,Giovanni Reyna,https://www.transfermarkt.co.uk/giovanni-reyna/profil/spieler/504215,0.86,exact_name,True,23.0,187.0,right,Attacking Midfield,6000000.0,Borussia Verein für Leibesübungen 1900 Mönchengladbach,giovanni reyna,borussia monchengladbach ger,,,False,wc2026_official_squad_corrected,2002-11-13 00:00:00,,9.0,3.0,2.0,171.0,74.0,49.0,9.0,40.0,2.0,3.0,4.0,0.0,0.0,0.0,0.0,3.489795918367347,0.12162162162162163,0.6621621621621622,2.310810810810811,1.0526315789473684,1.5789473684210527,2.1052631578947367,0.0,0.0,0.0,0.0,,,,True,True,False,False,False,False,False,False,False,False,False,True,True,False
united_states_malik_tillman,team_united_states,United States,Malik Tillman,Bayer 04 Leverkusen (GER),Midfielder,467437,Malik Tillman,https://www.transfermarkt.co.uk/malik-tillman/profil/spieler/467437,0.9,exact_name,True,24.0,187.0,right,Attacking Midfield,35000000.0,Bayer 04 Leverkusen Fußball,malik tillman,bayer 04 leverkusen ger,,,False,wc2026_official_squad_corrected,2002-05-28 00:00:00,,10.0,3.0,3.0,636.0,80.0,75.0,55.0,20.0,26.0,19.0,10.0,0.0,0.0,0.0,0.0,8.48,0.6875,0.9375,7.95,3.6792452830188678,2.688679245283019,1.4150943396226414,0.0,0.0,0.0,0.0,,,,True,True,True,False,True,True,False,False,False,False,False,True,True,False
united_states_mckennie_weston,team_united_states,United States,McKENNIE Weston,Juventus FC (ITA),Midfielder,332697,Weston McKennie,https://www.transfermarkt.co.uk/weston-mckennie/profil/spieler/332697,0.91,exact_name_tokens,True,27.0,185.0,right,Central Midfield,22000000.0,Juventus Football Club,mckennie weston,juventus fc ita,,,False,wc2026_official_squad_corrected,1998-08-28 00:00:00,,7.0,3.0,1.0,1344.0,90.0,84.0,69.0,15.0,5.0,14.0,10.0,0.0,0.0,0.0,0.0,16.0,0.7666666666666667,0.9333333333333333,14.933333333333334,0.33482142857142855,0.9375,0.6696428571428571,0.0,0.0,0.0,0.0,71.0,13.0,0.18309859154929578,True,True,True,False,True,True,False,False,False,False,False,True,True,False
united_states_sebastian_berhalter,team_united_states,United States,Sebastian Berhalter,Vancouver Whitecaps FC (CAN),Midfielder,734761,Sebastian Berhalter,https://www.transfermarkt.co.uk/sebastian-berhalter/profil/spieler/734761,0.99,exact_name,False,25.0,175.0,right,Central Midfield,,Vancouver Whitecaps FC,sebastian berhalter,vancouver whitecaps fc can,,,False,wc2026_official_squad_corrected,2001-05-10 00:00:00,,2.0,2.0,1.0,227.0,10.0,10.0,9.0,1.0,3.0,2.0,4.0,0.0,0.0,0.0,0.0,22.7,0.9,1.0,22.7,1.1894273127753305,0.7929515418502203,1.5859030837004406,0.0,0.0,0.0,0.0,,,,True,True,False,False,False,False,False,False,False,False,False,True,True,False
united_states_tyler_adams,team_united_states,United States,Tyler Adams,AFC Bournemouth (ENG),Midfielder,332705,Tyler Adams,https://www.transfermarkt.co.uk/tyler-adams/profil/spieler/332705,0.91,exact_name,True,27.0,175.0,right,Defensive Midfield,25000000.0,Association Football Club Bournemouth,tyler adams,afc bournemouth eng,,,False,wc2026_official_squad_corrected,1999-02-14 00:00:00,,6.0,3.0,1.0,0.0,43.0,40.0,29.0,11.0,0.0,3.0,10.0,0.0,0.0,0.0,0.0,0.0,0.6744186046511628,0.9302325581395349,0.0,,,,,,,,92.0,3.0,0.03260869565217391,True,False,False,False,False,False,False,False,False,False,False,True,True,False
uruguay_guillermo_varela,team_uruguay,Uruguay,Guillermo Varela,CR Flamengo (BRA),Defender,188862,Guillermo Varela,https://www.transfermarkt.co.uk/guillermo-varela/profil/spieler/188862,0.91,exact_name,True,33.0,173.0,right,Right-Back,2000000.0,Clube de Regatas do Flamengo,guillermo varela,cr flamengo bra,,,False,wc2026_official_squad_corrected,1993-03-24 00:00:00,,,,,,,,,,,,,,,,,,,,,,,,,,,,51.0,0.0,0.0,True,False,False,False,False,False,False,False,False,False,False,True,True,False
uruguay_jose_maria_gimenez,team_uruguay,Uruguay,Jose Maria Gimenez,Atlético De Madrid (ESP),Defender,250845,José María Giménez,https://www.transfermarkt.co.uk/jose-maria-gimenez/profil/spieler/250845,0.95,exact_name,False,31.0,185.0,right,Centre-Back,22000000.0,Club Atlético de Madrid S.A.D.,jose maria gimenez,atletico de madrid esp,,,False,wc2026_official_squad_corrected,1995-01-20 00:00:00,,7.0,2.0,1.0,750.0,84.0,71.0,55.0,16.0,1.0,2.0,17.0,0.0,0.0,0.0,0.0,10.56338028169014,0.6547619047619048,0.8452380952380952,8.928571428571429,0.12,0.24,2.04,0.0,0.0,0.0,0.0,103.0,8.0,0.07766990291262135,True,True,True,False,True,True,False,False,False,False,False,True,True,False
uruguay_mathias_olivera,team_uruguay,Uruguay,Mathias Olivera,SSC Napoli (ITA),Defender,376514,Mathías Olivera,https://www.transfermarkt.co.uk/mathias-olivera/profil/spieler/376514,0.91,exact_name,True,28.0,185.0,left,Left-Back,18000000.0,Società Sportiva Calcio Napoli,mathias olivera,ssc napoli ita,,,False,wc2026_official_squad_corrected,1997-10-31 00:00:00,,5.0,3.0,1.0,1572.0,71.0,64.0,48.0,16.0,1.0,4.0,9.0,0.0,0.0,0.0,0.0,24.5625,0.676056338028169,0.9014084507042254,22.140845070422536,0.05725190839694657,0.22900763358778628,0.5152671755725191,0.0,0.0,0.0,0.0,59.0,5.0,0.0847457627118644,True,True,True,False,True,True,False,False,False,False,False,True,True,False
uruguay_matias_vina,team_uruguay,Uruguay,Matias Vina,CA River Plate (ARG),Defender,439072,Matías Viña,https://www.transfermarkt.co.uk/matias-vina/profil/spieler/439072,0.91,exact_name,True,28.0,180.0,left,Left-Back,10000000.0,Club Atlético River Plate,matias vina,ca river plate arg,,,False,wc2026_official_squad_corrected,1997-11-09 00:00:00,,2.0,1.0,1.0,0.0,17.0,16.0,14.0,2.0,0.0,3.0,2.0,0.0,0.0,0.0,0.0,0.0,0.8235294117647058,0.9411764705882353,0.0,,,,,,,,69.0,5.0,0.07246376811594203,True,False,False,False,False,False,False,False,False,False,False,True,True,False
uruguay_ronald_araujo,team_uruguay,Uruguay,Ronald Araujo,FC Barcelona (ESP),Defender,480267,Ronald Araujo,https://www.transfermarkt.co.uk/ronald-araujo/profil/spieler/480267,0.91,exact_name,True,27.0,192.0,right,Centre-Back,70000000.0,Futbol Club Barcelona,ronald araujo,fc barcelona esp,,,False,wc2026_official_squad_corrected,1999-03-07 00:00:00,,9.0,3.0,1.0,3271.0,84.0,64.0,52.0,12.0,3.0,4.0,12.0,2.0,0.0,0.0,0.0,51.109375,0.6190476190476191,0.7619047619047619,38.94047619047619,0.08254356465912564,0.11005808621216753,0.33017425863650257,0.055029043106083766,0.0,0.0,0.0,36.0,4.0,0.1111111111111111,True,True,True,False,True,True,False,False,False,False,False,True,True,False
uruguay_santiago_bueno,team_uruguay,Uruguay,Santiago Bueno,Wolverhampton Wanderers FC (ENG),Defender,438001,Santiago Bueno,https://www.transfermarkt.co.uk/santiago-bueno/profil/spieler/438001,0.95,exact_name,False,27.0,190.0,right,Centre-Back,10000000.0,Wolverhampton Wanderers Football Club,santiago bueno,wolverhampton wanderers fc eng,,,False,wc2026_official_squad_corrected,1998-11-09 00:00:00,,10.0,3.0,3.0,0.0,84.0,55.0,40.0,15.0,0.0,1.0,5.0,0.0,0.0,0.0,0.0,0.0,0.47619047619047616,0.6547619047619048,0.0,,,,,,,,63.0,4.0,0.06349206349206349,True,False,False,False,False,False,False,False,False,False,False,True,True,False
uruguay_sebastian_caceres,team_uruguay,Uruguay,Sebastian Caceres,Club América (MEX),Defender,532389,Sebastián Cáceres,https://www.transfermarkt.co.uk/sebastian-caceres/profil/spieler/532389,0.91,exact_name,True,26.0,182.0,right,Centre-Back,,Club de Futbol América S. A. de C. V.,sebastian caceres,club america mex,,,False,wc2026_official_squad_corrected,1999-08-18 00:00:00,,12.0,3.0,1.0,0.0,77.0,67.0,62.0,5.0,0.0,0.0,14.0,0.0,0.0,0.0,0.0,0.0,0.8051948051948052,0.8701298701298701,0.0,,,,,,,,45.0,0.0,0.0,True,False,False,False,False,False,False,False,False,False,False,True,True,False
uruguay_brian_rodriguez,team_uruguay,Uruguay,Brian Rodriguez,Club América (MEX),Forward,465818,Brian Rodríguez,https://www.transfermarkt.co.uk/brian-rodriguez/profil/spieler/465818,0.91,exact_name,True,26.0,176.0,right,Left Winger,,Club de Futbol América S. A. de C. V.,brian rodriguez,club america mex,,,False,wc2026_official_squad_corrected,2000-05-20 00:00:00,,13.0,3.0,2.0,2070.0,88.0,82.0,49.0,33.0,23.0,15.0,4.0,1.0,6.0,0.0,0.0,25.24390243902439,0.5568181818181818,0.9318181818181818,23.522727272727273,1.0,0.6521739130434783,0.17391304347826086,0.043478260869565216,0.2608695652173913,0.0,0.0,52.0,10.0,0.19230769230769232,True,True,True,False,True,True,False,False,False,False,False,True,True,False
uruguay_darwin_nunez,team_uruguay,Uruguay,Darwin Nunez,Al Hilal SC (KSA),Forward,546543,Darwin Núñez,https://www.transfermarkt.co.uk/darwin-nunez/profil/spieler/546543,0.91,exact_name,True,26.0,187.0,right,Centre-Forward,70000000.0,Al-Hilal Saudi Football Club,darwin nunez,al hilal sc ksa,,,False,wc2026_official_squad_corrected,1999-06-24 00:00:00,,9.0,3.0,2.0,1822.0,108.0,102.0,51.0,51.0,25.0,22.0,19.0,0.0,1.0,0.0,0.0,17.862745098039216,0.4722222222222222,0.9444444444444444,16.87037037037037,1.234906695938529,1.0867178924259056,0.9385290889132821,0.0,0.04939626783754116,0.0,0.0,50.0,17.0,0.34,True,True,True,False,True,True,False,False,False,False,False,True,True,False
uruguay_facundo_pellistri,team_uruguay,Uruguay,Facundo Pellistri,Panathinaikos FC (GRE),Forward,676318,Facundo Pellistri,https://www.transfermarkt.co.uk/facundo-pellistri/profil/spieler/676318,0.91,exact_name,True,24.0,175.0,right,Right Winger,7000000.0,Panathinaikos Athlitikos Omilos,facundo pellistri,panathinaikos fc gre,,,False,wc2026_official_squad_corrected,2001-12-20 00:00:00,,13.0,3.0,3.0,2134.0,87.0,71.0,42.0,29.0,6.0,8.0,3.0,1.0,0.0,0.0,0.0,30.056338028169016,0.4827586206896552,0.8160919540229885,24.528735632183906,0.2530459231490159,0.3373945641986879,0.12652296157450796,0.04217432052483599,0.0,0.0,0.0,37.0,2.0,0.05405405405405406,True,True,True,False,True,True,False,False,False,False,False,True,True,False
uruguay_federico_vinas,team_uruguay,Uruguay,Federico Vinas,Real Oviedo (ESP),Forward,578419,Federico Viñas,https://www.transfermarkt.co.uk/federico-vinas/profil/spieler/578419,0.95,exact_name,False,27.0,182.0,left,Centre-Forward,,Real Oviedo S.A.D.,federico vinas,real oviedo esp,,,False,wc2026_official_squad_corrected,1998-06-30 00:00:00,,6.0,3.0,2.0,1158.0,57.0,55.0,43.0,12.0,17.0,5.0,9.0,0.0,2.0,0.0,0.0,21.054545454545455,0.7543859649122807,0.9649122807017544,20.31578947368421,1.3212435233160622,0.38860103626943004,0.6994818652849741,0.0,0.15544041450777202,0.0,0.0,16.0,3.0,0.1875,True,True,True,False,True,True,False,False,False,False,False,True,True,False
uruguay_rodrigo_aguirre,team_uruguay,Uruguay,Rodrigo Aguirre,Tigres UANL (MEX),Forward,189410,Rodrigo Aguirre,https://www.transfermarkt.co.uk/rodrigo-aguirre/profil/spieler/189410,0.91,exact_name,True,31.0,182.0,left,Centre-Forward,4500000.0,Club Tigres UANL Sinergia Deportiva S.A. de C.V.,rodrigo aguirre,tigres uanl mex,,,False,wc2026_official_squad_corrected,1994-10-01 00:00:00,,,,,,,,,,,,,,,,,,,,,,,,,,,,41.0,7.0,0.17073170731707318,True,False,False,False,False,False,False,False,False,False,False,True,True,False
uruguay_fernando_muslera,team_uruguay,Uruguay,Fernando Muslera,Estudiantes LP (ARG),Goalkeeper,58088,Fernando Muslera,https://www.transfermarkt.co.uk/fernando-muslera/profil/spieler/58088,0.91,exact_name,True,39.0,190.0,right,Goalkeeper,750000.0,Club Estudiantes de La Plata,fernando muslera,estudiantes lp arg,,,False,wc2026_official_squad_corrected,1986-06-16 00:00:00,,11.0,2.0,2.0,8562.0,100.0,96.0,96.0,0.0,0.0,0.0,12.0,0.0,0.0,105.0,34.0,89.1875,0.96,0.96,85.62,0.0,0.0,0.12613875262789068,0.0,0.0,1.1037140854940435,0.3573931324456902,151.0,0.0,0.0,True,True,True,True,True,False,True,False,False,False,False,False,True,True
uruguay_santiago_mele,team_uruguay,Uruguay,Santiago Mele,CF Monterrey (MEX),Goalkeeper,320739,Santiago Mele,https://www.transfermarkt.co.uk/santiago-mele/profil/spieler/320739,0.91,exact_name,True,28.0,184.0,right,Goalkeeper,,Club de Fútbol Monterrey Rayados A.C.,santiago mele,cf monterrey mex,,,False,wc2026_official_squad_corrected,1997-09-06 00:00:00,,,,,,,,,,,,,,,,,,,,,,,,,,,,34.0,0.0,0.0,True,False,False,True,False,False,False,False,False,False,False,False,True,True
uruguay_sergio_rochet,team_uruguay,Uruguay,Sergio Rochet,SC Internacional (BRA),Goalkeeper,264014,Sergio Rochet,https://www.transfermarkt.co.uk/sergio-rochet/profil/spieler/264014,0.91,exact_name,True,33.0,190.0,right,Goalkeeper,3500000.0,Sport Club Internacional,sergio rochet,sc internacional bra,,,False,wc2026_official_squad_corrected,1993-03-23 00:00:00,,,,,,,,,,,,,,,,,,,,,,,,,,,,,,,True,False,False,True,False,False,False,False,False,False,False,False,True,True
uruguay_agustin_canobbio,team_uruguay,Uruguay,Agustin Canobbio,Fluminense FC (BRA),Midfielder,457533,Agustín Canobbio,https://www.transfermarkt.co.uk/agustin-canobbio/profil/spieler/457533,0.86,exact_name,True,27.0,175.0,right,Left Winger,,Fluminense Football Club,agustin canobbio,fluminense fc bra,,,False,wc2026_official_squad_corrected,1998-10-01 00:00:00,,,,,,,,,,,,,,,,,,,,,,,,,,,,33.0,1.0,0.030303030303030304,True,False,False,False,False,False,False,False,False,False,False,True,True,False
uruguay_emiliano_martinez,team_uruguay,Uruguay,Emiliano Martinez,SE Palmeiras (BRA),Midfielder,707447,Emiliano Martínez,https://www.transfermarkt.co.uk/emiliano-martinez/profil/spieler/707447,0.91,exact_name,True,26.0,185.0,right,Defensive Midfield,9000000.0,Sociedade Esportiva Palmeiras,emiliano martinez,se palmeiras bra,,,False,wc2026_official_squad_corrected,1999-08-17 00:00:00,,8.0,2.0,2.0,0.0,55.0,50.0,39.0,11.0,0.0,3.0,9.0,0.0,0.0,0.0,0.0,0.0,0.7090909090909091,0.9090909090909091,0.0,,,,,,,,4.0,0.0,0.0,True,False,False,False,False,False,False,False,False,False,False,True,True,False
uruguay_federico_valverde,team_uruguay,Uruguay,Federico Valverde,Real Madrid C. F. (ESP),Midfielder,369081,Federico Valverde,https://www.transfermarkt.co.uk/federico-valverde/profil/spieler/369081,0.91,exact_name,True,27.0,182.0,right,Central Midfield,120000000.0,Real Madrid Club de Fútbol,federico valverde,real madrid c f esp,,,False,wc2026_official_squad_corrected,1998-07-22 00:00:00,,11.0,3.0,1.0,3327.0,118.0,116.0,107.0,9.0,12.0,17.0,7.0,0.0,0.0,0.0,0.0,28.68103448275862,0.9067796610169492,0.9830508474576272,28.194915254237287,0.3246167718665464,0.4598737601442741,0.18935978358881875,0.0,0.0,0.0,0.0,110.0,21.0,0.19090909090909092,True,True,True,False,True,True,False,False,False,False,False,True,True,False
uruguay_giorgian_de_arrascaeta,team_uruguay,Uruguay,Giorgian de Arrascaeta,CR Flamengo (BRA),Midfielder,248410,Giorgian de Arrascaeta,https://www.transfermarkt.co.uk/giorgian-de-arrascaeta/profil/spieler/248410,0.86,exact_name,True,32.0,174.0,right,Attacking Midfield,,Clube de Regatas do Flamengo,giorgian de arrascaeta,cr flamengo bra,,,False,wc2026_official_squad_corrected,1994-06-01 00:00:00,,,,,,,,,,,,,,,,,,,,,,,,,,,,77.0,16.0,0.2077922077922078,True,False,False,False,False,False,False,False,False,False,False,True,True,False
uruguay_joaquin_piquerez,team_uruguay,Uruguay,Joaquin Piquerez,SE Palmeiras (BRA),Midfielder,496268,Joaquín Piquerez,https://www.transfermarkt.co.uk/joaquin-piquerez/profil/spieler/496268,0.86,exact_name,True,27.0,184.0,left,Left-Back,,Sociedade Esportiva Palmeiras,joaquin piquerez,se palmeiras bra,,,False,wc2026_official_squad_corrected,1998-08-24 00:00:00,,,,,,,,,,,,,,,,,,,,,,,,,,,,,,,True,False,False,False,False,False,False,False,False,False,False,True,True,False
uruguay_juan_manuel_sanabria,team_uruguay,Uruguay,Juan Manuel Sanabria,Real Salt Lake (USA),Midfielder,446106,Juan Manuel Sanabria,https://www.transfermarkt.co.uk/juan-manuel-sanabria/profil/spieler/446106,0.9,exact_name,True,26.0,172.0,left,Left-Back,7000000.0,Real Salt Lake,juan manuel sanabria,real salt lake usa,,,False,wc2026_official_squad_corrected,2000-03-29 00:00:00,,7.0,3.0,1.0,4281.0,81.0,81.0,79.0,2.0,3.0,15.0,16.0,1.0,0.0,0.0,0.0,52.851851851851855,0.9753086419753086,1.0,52.851851851851855,0.06306937631394534,0.3153468815697267,0.33637000700770847,0.02102312543798178,0.0,0.0,0.0,55.0,3.0,0.05454545454545454,True,True,True,False,True,True,False,False,False,False,False,True,True,False
uruguay_manuel_ugarte,team_uruguay,Uruguay,Manuel Ugarte,Manchester United FC (ENG),Midfielder,476701,Manuel Ugarte,https://www.transfermarkt.co.uk/manuel-ugarte/profil/spieler/476701,0.91,exact_name,True,25.0,182.0,right,Defensive Midfield,30000000.0,Manchester United Football Club,manuel ugarte,manchester united fc eng,,,False,wc2026_official_squad_corrected,2001-04-11 00:00:00,,10.0,3.0,2.0,2438.0,107.0,85.0,64.0,21.0,2.0,9.0,22.0,0.0,0.0,0.0,0.0,28.68235294117647,0.5981308411214953,0.794392523364486,22.785046728971963,0.07383100902379,0.33223954060705496,0.81214109926169,0.0,0.0,0.0,0.0,45.0,3.0,0.06666666666666667,True,True,True,False,True,True,False,False,False,False,False,True,True,False
uruguay_maxi_araujo,team_uruguay,Uruguay,Maxi Araujo,Sporting CP (POR),Midfielder,572675,Maxi Araújo,https://www.transfermarkt.co.uk/maxi-araujo/profil/spieler/572675,0.86,exact_name,True,26.0,179.0,left,Left-Back,22000000.0,Sporting Clube de Portugal,maxi araujo,sporting cp por,,,False,wc2026_official_squad_corrected,2000-02-15 00:00:00,,11.0,3.0,2.0,2797.0,88.0,86.0,62.0,24.0,8.0,12.0,18.0,2.0,0.0,0.0,0.0,32.52325581395349,0.7045454545454546,0.9772727272727273,31.78409090909091,0.2574186628530568,0.3861279942795853,0.5791919914193779,0.0643546657132642,0.0,0.0,0.0,58.0,3.0,0.05172413793103448,True,True,True,False,True,True,False,False,False,False,False,True,True,False
uruguay_nicolas_de_la_cruz,team_uruguay,Uruguay,Nicolas de la Cruz,CR Flamengo (BRA),Midfielder,397458,Nicolás de la Cruz,https://www.transfermarkt.co.uk/nicolas-de-la-cruz/profil/spieler/397458,0.91,exact_name,True,29.0,167.0,right,Central Midfield,,Clube de Regatas do Flamengo,nicolas de la cruz,cr flamengo bra,,,False,wc2026_official_squad_corrected,1997-06-01 00:00:00,,,,,,,,,,,,,,,,,,,,,,,,,,,,63.0,11.0,0.1746031746031746,True,False,False,False,False,False,False,False,False,False,False,True,True,False
uruguay_rodrigo_bentancur,team_uruguay,Uruguay,Rodrigo Bentancur,Tottenham Hotspur FC (ENG),Midfielder,354362,Rodrigo Bentancur,https://www.transfermarkt.co.uk/rodrigo-bentancur/profil/spieler/354362,0.91,exact_name,True,28.0,187.0,right,Defensive Midfield,27000000.0,Tottenham Hotspur Football Club,rodrigo bentancur,tottenham hotspur fc eng,,,False,wc2026_official_squad_corrected,1997-06-25 00:00:00,,8.0,3.0,1.0,1834.0,75.0,73.0,55.0,18.0,3.0,2.0,21.0,0.0,0.0,0.0,0.0,25.123287671232877,0.7333333333333333,0.9733333333333334,24.453333333333333,0.14721919302071973,0.09814612868047982,1.0305343511450382,0.0,0.0,0.0,0.0,86.0,4.0,0.046511627906976744,True,True,True,False,True,True,False,False,False,False,False,True,True,False
uruguay_rodrigo_zalazar,team_uruguay,Uruguay,Rodrigo Zalazar,SC Braga (POR),Midfielder,606752,Rodrigo Zalazar,https://www.transfermarkt.co.uk/rodrigo-zalazar/profil/spieler/606752,0.86,exact_name,True,26.0,178.0,right,Attacking Midfield,20000000.0,Sporting Clube de Braga,rodrigo zalazar,sc braga por,,,False,wc2026_official_squad_corrected,1999-08-12 00:00:00,,13.0,3.0,1.0,1228.0,92.0,87.0,64.0,23.0,21.0,20.0,13.0,0.0,4.0,0.0,0.0,14.114942528735632,0.6956521739130435,0.9456521739130435,13.347826086956522,1.5390879478827362,1.4657980456026058,0.9527687296416938,0.0,0.2931596091205212,0.0,0.0,,,,True,True,True,False,True,True,False,False,False,False,False,True,True,False
uzbekistan_abdukodir_khusanov,team_uzbekistan,Uzbekistan,Abdukodir Khusanov,Manchester City FC (ENG),Defender,763079,Abdukodir Khusanov,https://www.transfermarkt.co.uk/abdukodir-khusanov/profil/spieler/763079,0.91,exact_name,True,22.0,186.0,right,Centre-Back,35000000.0,Manchester City Football Club,abdukodir khusanov,manchester city fc eng,,,False,wc2026_official_squad_corrected,2004-02-29 00:00:00,,11.0,3.0,3.0,90.0,72.0,43.0,33.0,10.0,1.0,1.0,10.0,1.0,0.0,0.0,0.0,2.0930232558139537,0.4583333333333333,0.5972222222222222,1.25,1.0,1.0,10.0,1.0,0.0,0.0,0.0,46.0,0.0,0.0,True,True,False,False,False,False,False,False,False,False,False,True,True,False
uzbekistan_abdulla_abdullaev,team_uzbekistan,Uzbekistan,Abdulla Abdullaev,Dibba FC (UAE),Defender,570272,Abdulla Abdullaev,https://www.transfermarkt.co.uk/abdulla-abdullaev/profil/spieler/570272,0.86,exact_name,True,28.0,181.0,right,Defensive Midfield,,,abdulla abdullaev,dibba fc uae,,,False,wc2026_official_squad_corrected,1997-09-01 00:00:00,,,,,,,,,,,,,,,,,,,,,,,,,,,,,,,True,False,False,False,False,False,False,False,False,False,False,True,True,False
uzbekistan_avazbek_ulmasaliyev,team_uzbekistan,Uzbekistan,Avazbek Ulmasaliyev,OKMK FK (UZB),Defender,538764,Avazbek Ulmasaliev,https://www.transfermarkt.co.uk/avazbek-ulmasaliev/profil/spieler/538764,0.8889,near_name,True,26.0,187.0,,Centre-Back,,,avazbek ulmasaliyev,okmk fk uzb,,,False,wc2026_official_squad_corrected,2000-03-27 00:00:00,,,,,,,,,,,,,,,,,,,,,,,,,,,,,,,True,False,False,False,False,False,False,False,False,False,False,True,True,False
uzbekistan_behruzjon_karimov,team_uzbekistan,Uzbekistan,Behruzjon Karimov,Surkhon FK (UZB),Defender,,,,0.0,unmatched,True,,,,,,,behruzjon karimov,surkhon fk uzb,,,False,wc2026_official_squad_corrected,,,,,,,,,,,,,,,,,,,,,,,,,,,,,,,,False,False,False,False,False,False,False,False,False,False,False,True,True,False
uzbekistan_farrukh_sayfiev,team_uzbekistan,Uzbekistan,Farrukh Sayfiev,FK Neftchi Farg'ona (UZB),Defender,212499,Farrukh Sayfiev,https://www.transfermarkt.co.uk/farrukh-sayfiev/profil/spieler/212499,0.91,exact_name,True,35.0,183.0,both,Left-Back,,,farrukh sayfiev,fk neftchi farg ona uzb,,,False,wc2026_official_squad_corrected,1991-01-17 00:00:00,,,,,,,,,,,,,,,,,,,,,,,,,,,,,,,True,False,False,False,False,False,False,False,False,False,False,True,True,False
uzbekistan_jakhongir_urozov,team_uzbekistan,Uzbekistan,Jakhongir Urozov,FK Dinamo Samarkand (UZB),Defender,989069,Jakhongir Urozov,https://www.transfermarkt.co.uk/jakhongir-urozov/profil/spieler/989069,0.91,exact_name,True,22.0,190.0,left,Centre-Back,,,jakhongir urozov,fk dinamo samarkand uzb,,,False,wc2026_official_squad_corrected,2004-01-18 00:00:00,,,,,,,,,,,,,,,,,,,,,,,,,,,,,,,True,False,False,False,False,False,False,False,False,False,False,True,True,False
uzbekistan_khojiakbar_alijonov,team_uzbekistan,Uzbekistan,Khojiakbar Alijonov,Pakhtakor Tashkent FK (UZB),Defender,,,,0.0,unmatched,True,,,,,,,khojiakbar alijonov,pakhtakor tashkent fk uzb,,,False,wc2026_official_squad_corrected,,,,,,,,,,,,,,,,,,,,,,,,,,,,,,,,False,False,False,False,False,False,False,False,False,False,False,True,True,False
uzbekistan_rustam_ashurmatov,team_uzbekistan,Uzbekistan,Rustam Ashurmatov,Esteghlal Tehran FC (IRN),Defender,288883,Rustam Ashurmatov,https://www.transfermarkt.co.uk/rustam-ashurmatov/profil/spieler/288883,0.91,exact_name,True,29.0,186.0,right,Centre-Back,800000.0,,rustam ashurmatov,esteghlal tehran fc irn,,,False,wc2026_official_squad_corrected,1996-07-07 00:00:00,,,,,,,,,,,,,,,,,,,,,,,,,,,,63.0,2.0,0.031746031746031744,True,False,False,False,False,False,False,False,False,False,False,True,True,False
uzbekistan_sherzod_nasrullaev,team_uzbekistan,Uzbekistan,Sherzod Nasrullaev,Pakhtakor Tashkent FK (UZB),Defender,608537,Sherzod Nasrullaev,https://www.transfermarkt.co.uk/sherzod-nasrullaev/profil/spieler/608537,0.91,exact_name,True,27.0,183.0,left,Left-Back,,,sherzod nasrullaev,pakhtakor tashkent fk uzb,,,False,wc2026_official_squad_corrected,1998-07-23 00:00:00,,,,,,,,,,,,,,,,,,,,,,,,,,,,,,,True,False,False,False,False,False,False,False,False,False,False,True,True,False
uzbekistan_umar_eshmurodov,team_uzbekistan,Uzbekistan,Umar Eshmurodov,Nasaf Qarshi FC (UZB),Defender,493725,Umar Eshmurodov,https://www.transfermarkt.co.uk/umar-eshmurodov/profil/spieler/493725,0.91,exact_name,True,33.0,185.0,right,Centre-Back,,,umar eshmurodov,nasaf qarshi fc uzb,,,False,wc2026_official_squad_corrected,1992-11-30 00:00:00,,,,,,,,,,,,,,,,,,,,,,,,,,,,,,,True,False,False,False,False,False,False,False,False,False,False,True,True,False
uzbekistan_azizbek_amonov,team_uzbekistan,Uzbekistan,Azizbek Amonov,FK Dinamo Samarkand (UZB),Forward,,,,0.0,unmatched,True,,,,,,,azizbek amonov,fk dinamo samarkand uzb,,,False,wc2026_official_squad_corrected,,,,,,,,,,,,,,,,,,,,,,,,,,,,,,,,False,False,False,False,False,False,False,False,False,False,False,True,True,False
uzbekistan_eldor_shomurodov,team_uzbekistan,Uzbekistan,Eldor Shomurodov,Başakşehir FK (TUR),Forward,358166,Eldor Shomurodov,https://www.transfermarkt.co.uk/eldor-shomurodov/profil/spieler/358166,0.91,exact_name,True,30.0,190.0,right,Centre-Forward,5000000.0,İstanbul Başakşehir Futbol Kulübü,eldor shomurodov,basaksehir fk tur,,,False,wc2026_official_squad_corrected,1995-06-29 00:00:00,,7.0,3.0,3.0,799.0,87.0,69.0,31.0,38.0,10.0,9.0,5.0,0.0,0.0,0.0,0.0,11.579710144927537,0.3563218390804598,0.7931034482758621,9.183908045977011,1.1264080100125156,1.013767209011264,0.5632040050062578,0.0,0.0,0.0,0.0,98.0,46.0,0.46938775510204084,True,True,True,False,True,True,False,False,False,False,False,True,True,False
uzbekistan_igor_sergeev,team_uzbekistan,Uzbekistan,Igor Sergeev,Persepolis FC (IRN),Forward,185372,Igor Sergeev,https://www.transfermarkt.co.uk/igor-sergeev/profil/spieler/185372,0.91,exact_name,True,33.0,186.0,left,Centre-Forward,,,igor sergeev,persepolis fc irn,,,False,wc2026_official_squad_corrected,1993-04-30 00:00:00,,,,,,,,,,,,,,,,,,,,,,,,,,,,,,,True,False,False,False,False,False,False,False,False,False,False,True,True,False
uzbekistan_abduvohid_nematov,team_uzbekistan,Uzbekistan,Abduvohid Nematov,Nasaf Qarshi FC (UZB),Goalkeeper,527866,Abduvokhid Nematov,https://www.transfermarkt.co.uk/abduvokhid-nematov/profil/spieler/527866,0.8877,near_name,True,25.0,182.0,right,Goalkeeper,,,abduvohid nematov,nasaf qarshi fc uzb,,,False,wc2026_official_squad_corrected,2001-03-20 00:00:00,,,,,,,,,,,,,,,,,,,,,,,,,,,,,,,True,False,False,True,False,False,False,False,False,False,False,False,True,True
uzbekistan_botirali_ergashev,team_uzbekistan,Uzbekistan,Botirali Ergashev,FK Neftchi Farg'ona (UZB),Goalkeeper,312690,Botirali Ergashev,https://www.transfermarkt.co.uk/botirali-ergashev/profil/spieler/312690,0.91,exact_name,True,30.0,192.0,right,Goalkeeper,,,botirali ergashev,fk neftchi farg ona uzb,,,False,wc2026_official_squad_corrected,1995-06-23 00:00:00,,,,,,,,,,,,,,,,,,,,,,,,,,,,,,,True,False,False,True,False,False,False,False,False,False,False,False,True,True
uzbekistan_utkir_yusupov,team_uzbekistan,Uzbekistan,Utkir Yusupov,PFC Navbahor Namangan (UZB),Goalkeeper,311958,Utkir Yusupov,https://www.transfermarkt.co.uk/utkir-yusupov/profil/spieler/311958,0.91,exact_name,True,35.0,185.0,right,Goalkeeper,,,utkir yusupov,pfc navbahor namangan uzb,,,False,wc2026_official_squad_corrected,1991-01-04 00:00:00,,,,,,,,,,,,,,,,,,,,,,,,,,,,,,,True,False,False,True,False,False,False,False,False,False,False,False,True,True
uzbekistan_abbosbek_fayzullaev,team_uzbekistan,Uzbekistan,Abbosbek Fayzullaev,Başakşehir FK (TUR),Midfielder,754037,Abbosbek Fayzullaev,https://www.transfermarkt.co.uk/abbosbek-fayzullaev/profil/spieler/754037,0.86,exact_name,True,22.0,170.0,right,Right Winger,7000000.0,İstanbul Başakşehir Futbol Kulübü,abbosbek fayzullaev,basaksehir fk tur,,,False,wc2026_official_squad_corrected,2003-10-03 00:00:00,,,,,,,,,,,,,,,,,,,,,,,,,,,,65.0,17.0,0.26153846153846155,True,False,False,False,False,False,False,False,False,False,False,True,True,False
uzbekistan_akmal_mozgovoy,team_uzbekistan,Uzbekistan,Akmal Mozgovoy,Pakhtakor Tashkent FK (UZB),Midfielder,562022,Akmal Mozgovoy,https://www.transfermarkt.co.uk/akmal-mozgovoy/profil/spieler/562022,0.91,exact_name,True,27.0,180.0,right,Central Midfield,,,akmal mozgovoy,pakhtakor tashkent fk uzb,,,False,wc2026_official_squad_corrected,1999-04-02 00:00:00,,,,,,,,,,,,,,,,,,,,,,,,,,,,,,,True,False,False,False,False,False,False,False,False,False,False,True,True,False
uzbekistan_azizjon_ganiev,team_uzbekistan,Uzbekistan,Azizjon Ganiev,Al Bataeh Club (UAE),Midfielder,,,,0.0,unmatched,True,,,,,,,azizjon ganiev,al bataeh club uae,,,False,wc2026_official_squad_corrected,,,,,,,,,,,,,,,,,,,,,,,,,,,,,,,,False,False,False,False,False,False,False,False,False,False,False,True,True,False
uzbekistan_dostonbek_khamdamov,team_uzbekistan,Uzbekistan,Dostonbek Khamdamov,Pakhtakor Tashkent FK (UZB),Midfielder,294502,Dostonbek Khamdamov,https://www.transfermarkt.co.uk/dostonbek-khamdamov/profil/spieler/294502,0.86,exact_name,True,29.0,180.0,both,Right Winger,750000.0,,dostonbek khamdamov,pakhtakor tashkent fk uzb,,,False,wc2026_official_squad_corrected,1996-07-24 00:00:00,,,,,,,,,,,,,,,,,,,,,,,,,,,,63.0,12.0,0.19047619047619047,True,False,False,False,False,False,False,False,False,False,False,True,True,False
uzbekistan_jaloliddin_masharipov,team_uzbekistan,Uzbekistan,Jaloliddin Masharipov,Esteghlal Tehran FC (IRN),Midfielder,274536,Jaloliddin Masharipov,https://www.transfermarkt.co.uk/jaloliddin-masharipov/profil/spieler/274536,0.86,exact_name,True,32.0,172.0,right,Left Winger,1700000.0,,jaloliddin masharipov,esteghlal tehran fc irn,,,False,wc2026_official_squad_corrected,1993-09-01 00:00:00,,7.0,2.0,2.0,2353.0,61.0,57.0,47.0,10.0,3.0,7.0,6.0,0.0,1.0,0.0,0.0,41.280701754385966,0.7704918032786885,0.9344262295081968,38.57377049180328,0.11474713132171696,0.26774330641733957,0.22949426264343392,0.0,0.03824904377390565,0.0,0.0,95.0,16.0,0.16842105263157894,True,True,True,False,True,True,False,False,False,False,False,True,True,False
uzbekistan_jamshid_iskanderov,team_uzbekistan,Uzbekistan,Jamshid Iskanderov,FK Neftchi Farg'ona (UZB),Midfielder,260857,Jamshid Iskanderov,https://www.transfermarkt.co.uk/jamshid-iskanderov/profil/spieler/260857,0.86,exact_name,True,32.0,171.0,left,Attacking Midfield,,,jamshid iskanderov,fk neftchi farg ona uzb,,,False,wc2026_official_squad_corrected,1993-10-16 00:00:00,,,,,,,,,,,,,,,,,,,,,,,,,,,,,,,True,False,False,False,False,False,False,False,False,False,False,True,True,False
uzbekistan_odiljon_xamrobekov,team_uzbekistan,Uzbekistan,Odiljon Xamrobekov,Tractor Sazi Tabriz FC (IRN),Midfielder,,,,0.0,unmatched,True,,,,,,,odiljon xamrobekov,tractor sazi tabriz fc irn,,,False,wc2026_official_squad_corrected,,,,,,,,,,,,,,,,,,,,,,,,,,,,,,,,False,False,False,False,False,False,False,False,False,False,False,True,True,False
uzbekistan_oston_urunov,team_uzbekistan,Uzbekistan,Oston Urunov,Persepolis FC (IRN),Midfielder,492556,Oston Urunov,https://www.transfermarkt.co.uk/oston-urunov/profil/spieler/492556,0.86,exact_name,True,25.0,181.0,right,Left Winger,1000000.0,,oston urunov,persepolis fc irn,,,False,wc2026_official_squad_corrected,2000-12-19 00:00:00,,,,,,,,,,,,,,,,,,,,,,,,,,,,,,,True,False,False,False,False,False,False,False,False,False,False,True,True,False
uzbekistan_otabek_shukurov,team_uzbekistan,Uzbekistan,Otabek Shukurov,Baniyas Club (UAE),Midfielder,294525,Otabek Shukurov,https://www.transfermarkt.co.uk/otabek-shukurov/profil/spieler/294525,0.91,exact_name,True,29.0,183.0,right,Central Midfield,1600000.0,,otabek shukurov,baniyas club uae,,,False,wc2026_official_squad_corrected,1996-06-22 00:00:00,,6.0,2.0,3.0,0.0,62.0,57.0,41.0,16.0,0.0,3.0,19.0,0.0,0.0,0.0,0.0,0.0,0.6612903225806451,0.9193548387096774,0.0,,,,,,,,,,,True,False,False,False,False,False,False,False,False,False,False,True,True,False
uzbekistan_sherzod_esanov,team_uzbekistan,Uzbekistan,Sherzod Esanov,FK Buxoro (UZB),Midfielder,989068,Sherzod Esanov,https://www.transfermarkt.co.uk/sherzod-esanov/profil/spieler/989068,0.91,exact_name,True,23.0,190.0,,Central Midfield,,Akron Togliatti,sherzod esanov,fk buxoro uzb,,,False,wc2026_official_squad_corrected,2003-02-01 00:00:00,,,,,,,,,,,,,,,,,,,,,,,,,,,,,,,True,False,False,False,False,False,False,False,False,False,False,True,True,False
