player_id,player_name,team_id,club,position,birth_date,preferred_foot,height_cm,market_value_eur
wc2026_56571e5b7875,Achraf Abada,team_algeria,USM Alger (ALG),Defender,,,,
wc2026_780e126f947e,Aissa Mandi,team_algeria,Lille OSC (FRA),Defender,,,,
wc2026_c2ec8bee2cf2,Jaouen Hadjam,team_algeria,BSC Young Boys (SUI),Defender,,,,
wc2026_c1bd93acfb56,Mohamed Amine Tougai,team_algeria,Espérance De Tunisie (TUN),Defender,,,,
wc2026_25462e79ad97,Rafik Belghali,team_algeria,Hellas Verona FC (ITA),Defender,,,,
wc2026_61c9406f5b24,Ramy Bensebaini,team_algeria,Borussia Dortmund (GER),Defender,,,,
wc2026_e6d4e428f646,Rayan Ait-Nouri,team_algeria,Manchester City FC (ENG),Defender,,,,
wc2026_cee2ca24e5ff,Samir Chergui,team_algeria,Paris FC (FRA),Defender,,,,
wc2026_468248eb7221,Zineddine Belaid,team_algeria,JS Kabylie (ALG),Defender,,,,
wc2026_507acec45237,Adil Boulbina,team_algeria,Al Duhail SC (QAT),Forward,,,,
wc2026_0b4a632e0427,Amine Gouiri,team_algeria,Olympique Marseille (FRA),Forward,,,,
wc2026_23d503b52f43,Anis Hadj Moussa,team_algeria,Feyenoord Rotterdam (NED),Forward,,,,
wc2026_d5bc27cc451f,Fares Ghedjemis,team_algeria,Frosinone (ITA),Forward,,,,
wc2026_8f79e25fc86f,Mohamed Amoura,team_algeria,VfL Wolfsburg (GER),Forward,,,,
wc2026_a199a06fd5d7,Nadhir Benbouali,team_algeria,Györi ETO FC (HUN),Forward,,,,
wc2026_c7b4471f4a8e,Riyad Mahrez,team_algeria,Al Ahli FC (KSA),Forward,,,,
wc2026_22c71f62d873,Luca Zidane,team_algeria,Granada CF (ESP),Goalkeeper,,,,
wc2026_e8466071ada8,Melvin Mastil,team_algeria,FC Stade Nyonnais (SUI),Goalkeeper,,,,
wc2026_c8426125fc15,Oussama Benbot,team_algeria,USM Alger (ALG),Goalkeeper,,,,
wc2026_e63b3ba380bf,Fares Chaibi,team_algeria,Eintracht Frankfurt (GER),Midfielder,,,,
wc2026_15a163110a68,Hicham Boudaoui,team_algeria,OGC Nice (FRA),Midfielder,,,,
wc2026_9e30af88676e,Houssem Aouar,team_algeria,Al Ittihad (KSA),Midfielder,,,,
wc2026_f0fd45d2f98f,Ibrahim Maza,team_algeria,Bayer 04 Leverkusen (GER),Midfielder,,,,
wc2026_b52024152fdc,Nabil Bentaleb,team_algeria,Lille OSC (FRA),Midfielder,,,,
wc2026_e5a7b825f755,Ramiz Zerrouki,team_algeria,FC Twente (NED),Midfielder,,,,
wc2026_2771ab19ee7e,Yassine Titraoui,team_algeria,Sporting Charleroi (BEL),Midfielder,,,,
wc2026_0322ed1d532d,Cristian Romero,team_argentina,Tottenham Hotspur FC (ENG),Defender,,,,
wc2026_41b0230872a6,Facundo Medina,team_argentina,Olympique Marseille (FRA),Defender,,,,
wc2026_74f8d117a4e7,Gonzalo Montiel,team_argentina,CA River Plate (ARG),Defender,,,,
wc2026_13c3046b0074,Leonardo Balerdi,team_argentina,Olympique Marseille (FRA),Defender,,,,
wc2026_863c94fa9fe8,Lisandro Martinez,team_argentina,Manchester United FC (ENG),Defender,,,,
wc2026_fd7ee69a19a3,Nahuel Molina,team_argentina,Atlético De Madrid (ESP),Defender,,,,
wc2026_029493363c26,Nicolas Otamendi,team_argentina,SL Benfica (POR),Defender,,,,
wc2026_ef25a93ad159,Nicolas Tagliafico,team_argentina,Olympique Lyonnais (FRA),Defender,,,,
wc2026_40d33e4c9ba1,Giuliano Simeone,team_argentina,Atlético De Madrid (ESP),Forward,,,,
wc2026_60a342817133,Jose Manuel Lopez,team_argentina,SE Palmeiras (BRA),Forward,,,,
wc2026_359c1a39289a,Julian Alvarez,team_argentina,Atlético De Madrid (ESP),Forward,,,,
wc2026_ee4c911266d7,Lautaro Martinez,team_argentina,FC Internazionale Milano (ITA),Forward,,,,
wc2026_30f00cde2798,Lionel Messi,team_argentina,Inter Miami CF (USA),Forward,,,,
wc2026_d8c072ae750a,Nico Paz,team_argentina,Como (ITA),Forward,,,,
wc2026_dd385a0f9814,Thiago Almada,team_argentina,Atlético De Madrid (ESP),Forward,,,,
wc2026_29eaf89295f2,Emiliano Martinez,team_argentina,Aston Villa FC (ENG),Goalkeeper,,,,
wc2026_b12b4b2f0629,Geronimo Rulli,team_argentina,Olympique Marseille (FRA),Goalkeeper,,,,
wc2026_d357d843418b,Juan Musso,team_argentina,Atlético De Madrid (ESP),Goalkeeper,,,,
wc2026_d26f6c491223,Alexis Mac Allister,team_argentina,Liverpool FC (ENG),Midfielder,,,,
wc2026_de98ad1ec501,Enzo Fernandez,team_argentina,Chelsea FC (ENG),Midfielder,,,,
wc2026_ebbded6a9674,Exequiel Palacios,team_argentina,Bayer 04 Leverkusen (GER),Midfielder,,,,
wc2026_3b6c1113abb3,Giovani Lo Celso,team_argentina,Real Betis (ESP),Midfielder,,,,
wc2026_ff8cb794777d,Leandro Paredes,team_argentina,CA Boca Juniors (ARG),Midfielder,,,,
wc2026_f14c1b3de7ba,Nico Gonzalez,team_argentina,Atlético De Madrid (ESP),Midfielder,,,,
wc2026_3b9785ac8148,Rodrigo de Paul,team_argentina,Inter Miami CF (USA),Midfielder,,,,
wc2026_f4df804cff33,Valentin Barco,team_argentina,RC Strasbourg (FRA),Midfielder,,,,
wc2026_594815913253,Alessandro Circati,team_australia,Parma (ITA),Defender,,,,
wc2026_560e55fb0584,Aziz Behich,team_australia,Melbourne City FC (AUS),Defender,,,,
wc2026_4bd5666a279a,Cameron Burgess,team_australia,Swansea City AFC (WAL),Defender,,,,
wc2026_8462304703e4,Harry Souttar,team_australia,Leicester City FC (ENG),Defender,,,,
wc2026_af5410ea9586,Jacob Italiano,team_australia,Grazer AK (AUT),Defender,,,,
wc2026_569c8c637fc0,Jason Geria,team_australia,Albirex Niigata (JPN),Defender,,,,
wc2026_becd68c3e724,Jordan Bos,team_australia,Feyenoord Rotterdam (NED),Defender,,,,
wc2026_dacceacaba54,Kai Trewin,team_australia,New York City FC (USA),Defender,,,,
wc2026_f627bdcc408f,Lucas Herrington,team_australia,Colorado Rapids (USA),Defender,,,,
wc2026_c8ed6435ec73,Milos Degenek,team_australia,APOEL FC (CYP),Defender,,,,
wc2026_c81ee6b0e6f9,Ajdin Hrustic,team_australia,SC Heracles Almelo (NED),Forward,,,,
wc2026_7d87cb661a23,Awer Mabil,team_australia,CD Castellón (ESP),Forward,,,,
wc2026_e6314ac7ffa8,Cristian Volpato,team_australia,US Sassuolo (ITA),Forward,,,,
wc2026_8f5a06b15bdf,Mathew Leckie,team_australia,Melbourne City FC (AUS),Forward,,,,
wc2026_12ceda880b8a,Mohamed Toure,team_australia,Norwich City FC (ENG),Forward,,,,
wc2026_e7d3a67609ab,Nestory Irankunda,team_australia,Watford FC (ENG),Forward,,,,
wc2026_83870b6da132,Nishan Velupillay,team_australia,Melbourne Victory FC (AUS),Forward,,,,
wc2026_afe0a66bd766,Tete Yengi,team_australia,FC Machida Zelvia (JPN),Forward,,,,
wc2026_84e63ba6f28e,Mathew Ryan,team_australia,Levante UD (ESP),Goalkeeper,,,,
wc2026_716d0ec5b33c,Patrick Beach,team_australia,Melbourne City FC (AUS),Goalkeeper,,,,
wc2026_47052615f16c,Paul Izzo,team_australia,Randers FC (DEN),Goalkeeper,,,,
wc2026_959a1265f813,Aiden Oneill,team_australia,New York City FC (USA),Midfielder,,,,
wc2026_9e9473d697c0,Cameron Devlin,team_australia,Heart Of Midlothian FC (SCO),Midfielder,,,,
wc2026_897e8a4d4c5c,Connor Metcalfe,team_australia,FC St. Pauli (GER),Midfielder,,,,
wc2026_48812cb97c3b,Jackson Irvine,team_australia,FC St. Pauli (GER),Midfielder,,,,
wc2026_a63d536aebab,Paul Okon-Engstler,team_australia,Sydney FC (AUS),Midfielder,,,,
wc2026_f6e787a90d8b,David Affengruber,team_austria,Elche CF (ESP),Defender,,,,
wc2026_579c1e5e6d11,David Alaba,team_austria,Real Madrid C. F. (ESP),Defender,,,,
wc2026_c721bdf06372,Kevin Danso,team_austria,Tottenham Hotspur FC (ENG),Defender,,,,
wc2026_545fb62ebc05,Marco Friedl,team_austria,SV Werder Bremen (GER),Defender,,,,
wc2026_84b25fc6287d,Michael Svoboda,team_austria,Venezia FC (ITA),Defender,,,,
wc2026_d25b3972ce0a,Philipp Lienhart,team_austria,SC Freiburg (GER),Defender,,,,
wc2026_44760918ff4f,Phillip Mwene,team_austria,1. FSV Mainz 05 (GER),Defender,,,,
wc2026_941d9b29d19e,Stefan Posch,team_austria,1. FSV Mainz 05 (GER),Defender,,,,
wc2026_a0aded0c53e0,Marko Arnautovic,team_austria,FK Crvena Zvezda (SRB),Forward,,,,
wc2026_f434467380d6,Michael Gregoritsch,team_austria,FC Augsburg (GER),Forward,,,,
wc2026_2d3939cdabad,Patrick Wimmer,team_austria,VfL Wolfsburg (GER),Forward,,,,
wc2026_685700c7bcde,Sasa Kalajdzic,team_austria,LASK Linz (AUT),Forward,,,,
wc2026_25f989d3ee2e,Alexander Schlager,team_austria,FC Red Bull Salzburg (AUT),Goalkeeper,,,,
wc2026_22d87f865b89,Florian Wiegele,team_austria,FC Viktoria Plzeň (CZE),Goalkeeper,,,,
wc2026_2a33d35ed04c,Patrick Pentz,team_austria,Brøndby IF (DEN),Goalkeeper,,,,
wc2026_f00570bc6d4a,Alessandro Schoepf,team_austria,Wolfsberger AC (AUT),Midfielder,,,,
wc2026_e915c52dee50,Alexander Prass,team_austria,TSG Hoffenheim (GER),Midfielder,,,,
wc2026_4a7621cf3549,Carney Chukwuemeka,team_austria,Borussia Dortmund (GER),Midfielder,,,,
wc2026_9bbf64168862,Christoph Baumgartner,team_austria,RB Leipzig (GER),Midfielder,,,,
wc2026_1e43135d0d86,Florian Grillitsch,team_austria,SC Braga (POR),Midfielder,,,,
wc2026_24cd0164a5d6,Konrad Laimer,team_austria,FC Bayern München (GER),Midfielder,,,,
wc2026_b0022c4522a7,Marcel Sabitzer,team_austria,Borussia Dortmund (GER),Midfielder,,,,
wc2026_93920c2f9545,Nicolas Seiwald,team_austria,RB Leipzig (GER),Midfielder,,,,
wc2026_420d49553110,Paul Wanner,team_austria,PSV Eindhoven (NED),Midfielder,,,,
wc2026_0da8d1f6c90a,Romano Schmid,team_austria,SV Werder Bremen (GER),Midfielder,,,,
wc2026_22e760c33148,Xaver Schlager,team_austria,RB Leipzig (GER),Midfielder,,,,
wc2026_7bb47836b38e,Arthur Theate,team_belgium,Eintracht Frankfurt (GER),Defender,,,,
wc2026_be53a2f586e2,Brandon Mechele,team_belgium,Club Brugge (BEL),Defender,,,,
wc2026_16c87a5dbea7,Joaquin Seys,team_belgium,Club Brugge (BEL),Defender,,,,
wc2026_e8802724ba32,Koni de Winter,team_belgium,AC Milan (ITA),Defender,,,,
wc2026_e65f9f11b209,Maxim de Cuyper,team_belgium,Brighton & Hove Albion FC (ENG),Defender,,,,
wc2026_f5bf9a07c752,Nathan Ngoy,team_belgium,Lille OSC (FRA),Defender,,,,
wc2026_28ed210064ba,Thomas Meunier,team_belgium,Lille OSC (FRA),Defender,,,,
wc2026_9ab1c6d5e2bf,Timothy Castagne,team_belgium,Fulham FC (ENG),Defender,,,,
wc2026_fb137e0de47a,Zeno Debast,team_belgium,Sporting CP (POR),Defender,,,,
wc2026_14bccc4e5f7b,Charles de Ketelaere,team_belgium,Atalanta Bergamo (ITA),Forward,,,,
wc2026_004279c22be5,Dodi Lukebakio,team_belgium,SL Benfica (POR),Forward,,,,
wc2026_cbd65672e77b,Jeremy Doku,team_belgium,Manchester City FC (ENG),Forward,,,,
wc2026_de9be36307c6,Leandro Trossard,team_belgium,Arsenal FC (ENG),Forward,,,,
wc2026_020b26536e36,Matias Fernandez-Pardo,team_belgium,Lille OSC (FRA),Forward,,,,
wc2026_900860717c2d,Romelu Lukaku,team_belgium,SSC Napoli (ITA),Forward,,,,
wc2026_b593914ad819,Mike Penders,team_belgium,RC Strasbourg (FRA),Goalkeeper,,,,
wc2026_d6a74aaedad5,Senne Lammens,team_belgium,Manchester United FC (ENG),Goalkeeper,,,,
wc2026_b1b80427a293,Thibaut Courtois,team_belgium,Real Madrid C. F. (ESP),Goalkeeper,,,,
wc2026_65cd23149982,Alexis Saelemaekers,team_belgium,AC Milan (ITA),Midfielder,,,,
wc2026_8d5275b56db1,Amadou Onana,team_belgium,Aston Villa FC (ENG),Midfielder,,,,
wc2026_584cccd39bbb,Axel Witsel,team_belgium,Girona FC (ESP),Midfielder,,,,
wc2026_20e3498bef58,Diego Moreira,team_belgium,RC Strasbourg (FRA),Midfielder,,,,
wc2026_a285335c9794,Hans Vanaken,team_belgium,Club Brugge (BEL),Midfielder,,,,
wc2026_442f49541d30,Kevin de Bruyne,team_belgium,SSC Napoli (ITA),Midfielder,,,,
wc2026_c20b15eee6ac,Nicolas Raskin,team_belgium,Rangers FC (SCO),Midfielder,,,,
wc2026_aea2c51d30bc,Youri Tielemans,team_belgium,Aston Villa FC (ENG),Midfielder,,,,
wc2026_f34cba4d8438,Amar Dedic,team_bosnia_and_herzegovina,SL Benfica (POR),Defender,,,,
wc2026_6ac42cab8f2e,Dennis Hadzikadunic,team_bosnia_and_herzegovina,UC Sampdoria (ITA),Defender,,,,
wc2026_523e9f04391c,Nidal Celik,team_bosnia_and_herzegovina,RC Lens (FRA),Defender,,,,
wc2026_e25b176d6299,Nihad Mujakic,team_bosnia_and_herzegovina,Gaziantep FK (TUR),Defender,,,,
wc2026_79973b01864d,Nikola Katic,team_bosnia_and_herzegovina,FC Schalke 04 (GER),Defender,,,,
wc2026_cf390d47f02f,Sead Kolasinac,team_bosnia_and_herzegovina,Atalanta Bergamo (ITA),Defender,,,,
wc2026_59006974d0b7,Stjepan Radeljic,team_bosnia_and_herzegovina,HNK Rijeka (CRO),Defender,,,,
wc2026_a5470a88b868,Tarik Muharemovic,team_bosnia_and_herzegovina,US Sassuolo (ITA),Defender,,,,
wc2026_855bb868a9fc,Edin Dzeko,team_bosnia_and_herzegovina,FC Schalke 04 (GER),Forward,,,,
wc2026_862a30307b88,Ermedin Demirovic,team_bosnia_and_herzegovina,VfB Stuttgart (GER),Forward,,,,
wc2026_ff8c3f52f71e,Esmir Bajraktarevic,team_bosnia_and_herzegovina,PSV Eindhoven (NED),Forward,,,,
wc2026_8d4dab777d60,Haris Tabakovic,team_bosnia_and_herzegovina,Borussia Mönchengladbach (GER),Forward,,,,
wc2026_0f57c79f5ad6,Jovo Lukic,team_bosnia_and_herzegovina,Universitatea Cluj (ROU),Forward,,,,
wc2026_efe39435a03a,Kerim Alajbegovic,team_bosnia_and_herzegovina,FC Red Bull Salzburg (AUT),Forward,,,,
wc2026_edc5e27db848,Samed Bazdar,team_bosnia_and_herzegovina,Jagiellonia Białystok (POL),Forward,,,,
wc2026_cb9cb6f249fb,Martin Zlomislic,team_bosnia_and_herzegovina,HNK Rijeka (CRO),Goalkeeper,,,,
wc2026_cf41c582c1bd,Mladen Jurkas,team_bosnia_and_herzegovina,FK Borac Banja Luka (BIH),Goalkeeper,,,,
wc2026_a61e09973197,Nikola Vasilj,team_bosnia_and_herzegovina,FC St. Pauli (GER),Goalkeeper,,,,
wc2026_b2b160c6eced,Amar Memic,team_bosnia_and_herzegovina,FC Viktoria Plzeň (CZE),Midfielder,,,,
wc2026_6a4fe8e8190d,Amir Hadziahmetovic,team_bosnia_and_herzegovina,Hull City FC (ENG),Midfielder,,,,
wc2026_58b545d186a9,Armin Gigovic,team_bosnia_and_herzegovina,BSC Young Boys (SUI),Midfielder,,,,
wc2026_d9dd0036cb8c,Benjamin Tahirovic,team_bosnia_and_herzegovina,Brøndby IF (DEN),Midfielder,,,,
wc2026_815968cc0154,Dzenis Burnic,team_bosnia_and_herzegovina,Karlsruher SC (GER),Midfielder,,,,
wc2026_f5d120e940fc,Ermin Mahmic,team_bosnia_and_herzegovina,FC Slovan Liberec (CZE),Midfielder,,,,
wc2026_15933335bba4,Ivan Basic,team_bosnia_and_herzegovina,FC Astana (KAZ),Midfielder,,,,
wc2026_308e3eb5db9c,Ivan Sunjic,team_bosnia_and_herzegovina,Pafos FC (CYP),Midfielder,,,,
wc2026_d0b3520be2df,Alex Sandro,team_brazil,CR Flamengo (BRA),Defender,,,,
wc2026_59a5878bada3,Bremer,team_brazil,Juventus FC (ITA),Defender,,,,
wc2026_1d4c9fa23a1e,Danilo,team_brazil,CR Flamengo (BRA),Defender,,,,
wc2026_6bd73238048f,Douglas Santos,team_brazil,FC Zenit St. Petersburg (RUS),Defender,,,,
wc2026_e3ddf6e361ae,Gabriel Magalhaes,team_brazil,Arsenal FC (ENG),Defender,,,,
wc2026_da0391686bda,Leo Pereira,team_brazil,CR Flamengo (BRA),Defender,,,,
wc2026_1fca5bf081e4,Marquinhos,team_brazil,Paris Saint-Germain (FRA),Defender,,,,
wc2026_edaed0144b65,Roger Ibanez,team_brazil,Al Ahli FC (KSA),Defender,,,,
wc2026_7644e7f054ff,Wesley,team_brazil,AS Roma (ITA),Defender,,,,
wc2026_83669b039e1a,Endrick,team_brazil,Olympique Lyonnais (FRA),Forward,,,,
wc2026_ed04e027a079,Gabriel Martinelli,team_brazil,Arsenal FC (ENG),Forward,,,,
wc2026_392c64ecf4fe,Igor Thiago,team_brazil,Brentford FC (ENG),Forward,,,,
wc2026_7efaa1937438,Luiz Henrique,team_brazil,FC Zenit St. Petersburg (RUS),Forward,,,,
wc2026_db85d7633e2c,Matheus Cunha,team_brazil,Manchester United FC (ENG),Forward,,,,
wc2026_b89164f2ecc9,Neymar Jr,team_brazil,Santos FC (BRA),Forward,,,,
wc2026_79557b9e0948,Raphinha,team_brazil,FC Barcelona (ESP),Forward,,,,
wc2026_217f340164fe,Rayan,team_brazil,AFC Bournemouth (ENG),Forward,,,,
wc2026_033e68ea5c28,Vinicius Junior,team_brazil,Real Madrid C. F. (ESP),Forward,,,,
wc2026_9ea044ed9307,Alisson,team_brazil,Liverpool FC (ENG),Goalkeeper,,,,
wc2026_62780ffbf5f9,Ederson,team_brazil,Fenerbahçe SK (TUR),Goalkeeper,,,,
wc2026_2e92cf9c1ea4,Weverton,team_brazil,Grêmio FBPA (BRA),Goalkeeper,,,,
wc2026_519734c3d2ad,Bruno Guimaraes,team_brazil,Newcastle United FC (ENG),Midfielder,,,,
wc2026_6660c0b08afd,Casemiro,team_brazil,Manchester United FC (ENG),Midfielder,,,,
wc2026_dbc6228ea127,Danilo Santos,team_brazil,Botafogo (BRA),Midfielder,,,,
wc2026_fb705bf42328,Fabinho,team_brazil,Al Ittihad (KSA),Midfielder,,,,
wc2026_d758407b68ca,Lucas Paqueta,team_brazil,CR Flamengo (BRA),Midfielder,,,,
wc2026_c5ab1344cdd4,Alfie Jones,team_canada,Middlesbrough FC (ENG),Defender,,,,
wc2026_9d7559203696,Alistair Johnston,team_canada,Celtic FC (SCO),Defender,,,,
wc2026_36a8f41efd68,Alphonso Davies,team_canada,FC Bayern München (GER),Defender,,,,
wc2026_aeb3648cfac8,Derek Cornelius,team_canada,Rangers FC (SCO),Defender,,,,
wc2026_40fe595eb87c,Joel Waterman,team_canada,Chicago Fire FC (USA),Defender,,,,
wc2026_061c812dc226,Luc de Fougerolles,team_canada,FCV Dender EH (BEL),Defender,,,,
wc2026_38e0adc6b9c1,Moise Bombito,team_canada,OGC Nice (FRA),Defender,,,,
wc2026_20165af4a527,Niko Sigur,team_canada,HNK Hajduk Split (CRO),Defender,,,,
wc2026_29a06d332d86,Richie Laryea,team_canada,Toronto FC (CAN),Defender,,,,
wc2026_e9100048de36,Ali Ahmed,team_canada,Norwich City FC (ENG),Forward,,,,
wc2026_3360b1eea016,Cyle Larin,team_canada,Southampton FC (ENG),Forward,,,,
wc2026_d350fc52fd20,Jonathan David,team_canada,Juventus FC (ITA),Forward,,,,
wc2026_3073d95b1cdb,Promise David,team_canada,Royale Union Saint-Gilloise (BEL),Forward,,,,
wc2026_a46b53909ec1,Tajon Buchanan,team_canada,Villarreal CF (ESP),Forward,,,,
wc2026_e8de3a453c6f,Tani Oluwaseyi,team_canada,Villarreal CF (ESP),Forward,,,,
wc2026_340ff9c91cc4,Dayne St. Clair,team_canada,Inter Miami CF (USA),Goalkeeper,,,,
wc2026_1037775fb970,Maxime Crepeau,team_canada,Orlando City SC (USA),Goalkeeper,,,,
wc2026_4069db9f19ed,Owen Goodman,team_canada,Barnsley (ENG),Goalkeeper,,,,
wc2026_d80c19f8b462,Ismael Kone,team_canada,US Sassuolo (ITA),Midfielder,,,,
wc2026_cd7ce9d0f4dc,Jacob Shaffelburg,team_canada,LAFC (USA),Midfielder,,,,
wc2026_c8dd1aa3d8bc,Jonathan Osorio,team_canada,Toronto FC (CAN),Midfielder,,,,
wc2026_62c512468b93,Liam Millar,team_canada,Hull City FC (ENG),Midfielder,,,,
wc2026_ce854675341e,Marcelo Flores,team_canada,Tigres UANL (MEX),Midfielder,,,,
wc2026_bb655fb7e672,Mathieu Choiniere,team_canada,LAFC (USA),Midfielder,,,,
wc2026_eca9bd58e39e,Nathan Saliba,team_canada,RSC Anderlecht (BEL),Midfielder,,,,
wc2026_38639d8158e4,Stephen Eustaquio,team_canada,LAFC (USA),Midfielder,,,,
wc2026_803cfad7d67f,Diney Borges,team_cape_verde,Al Bataeh Club (UAE),Defender,,,,
wc2026_b99af4a3f5eb,Kelvin Pires,team_cape_verde,SJK (FIN),Defender,,,,
wc2026_a331a25ff29e,Logan Costa,team_cape_verde,Villarreal CF (ESP),Defender,,,,
wc2026_6fbc53e5be0a,Pico Lopes,team_cape_verde,Shamrock Rovers FC (IRL),Defender,,,,
wc2026_0ad319699d80,Sidny Lopes Cabral,team_cape_verde,SL Benfica (POR),Defender,,,,
wc2026_bd7df3d7c308,Steven Moreira,team_cape_verde,Columbus Crew (USA),Defender,,,,
wc2026_a505487ff2d9,Stopira,team_cape_verde,SCU Torreense (POR),Defender,,,,
wc2026_f792f759ec89,Wagner Pina,team_cape_verde,Trabzonspor (TUR),Defender,,,,
wc2026_c5bbe3cab652,Dailon Livramento,team_cape_verde,Casa Pia AC (POR),Forward,,,,
wc2026_3db923950ed5,Gilson Benchimol,team_cape_verde,FC Akron Tolyatti (RUS),Forward,,,,
wc2026_60b113fa4a5f,Ryan Mendes,team_cape_verde,Iğdır FK (TUR),Forward,,,,
wc2026_53e9e05b8eda,Cj dos Santos,team_cape_verde,San Diego FC (USA),Goalkeeper,,,,
wc2026_40bf13383ac2,Marcio Rosa,team_cape_verde,PFC Montana (BUL),Goalkeeper,,,,
wc2026_c7cf711669ad,Vozinha,team_cape_verde,GD Chaves (POR),Goalkeeper,,,,
wc2026_631dc8445236,Deroy Duarte,team_cape_verde,PFC Ludogorets Razgrad (BUL),Midfielder,,,,
wc2026_8aead6c0bc4f,Garry Rodrigues,team_cape_verde,Apollon Limassol (CYP),Midfielder,,,,
wc2026_ba794aa4dc99,Helio Varela,team_cape_verde,Maccabi Tel-Aviv FC (ISR),Midfielder,,,,
wc2026_52e772086313,Jamiro Monteiro,team_cape_verde,PEC Zwolle (NED),Midfielder,,,,
wc2026_90b9e76aa24d,Joao Paulo,team_cape_verde,FC FCSB (ROU),Midfielder,,,,
wc2026_2f756e1b98f0,Jovane Cabral,team_cape_verde,CF Estrela Da Amadora (POR),Midfielder,,,,
wc2026_67939832f1a8,Kevin Pina,team_cape_verde,FC Krasnodar (RUS),Midfielder,,,,
wc2026_1079923ae974,Laros Duarte,team_cape_verde,Puskás Akadémia FC (HUN),Midfielder,,,,
wc2026_e19499277143,Nuno da Costa,team_cape_verde,Başakşehir FK (TUR),Midfielder,,,,
wc2026_e158cba91592,Telmo Arcanjo,team_cape_verde,Vitória SC (POR),Midfielder,,,,
wc2026_8b7809b57e8d,Willy Semedo,team_cape_verde,AC Omonia (CYP),Midfielder,,,,
wc2026_9e82131ccbc4,Yannick Semedo,team_cape_verde,SC Farense (POR),Midfielder,,,,
wc2026_36dd182bfb47,Daniel Munoz,team_colombia,Crystal Palace FC (ENG),Defender,,,,
wc2026_7ecc97115614,Davinson Sanchez,team_colombia,Galatasaray SK (TUR),Defender,,,,
wc2026_43ef74626548,Deiver Machado,team_colombia,FC Nantes (FRA),Defender,,,,
wc2026_48e849b6522f,Gustavo Puerta,team_colombia,Racing Santander (ESP),Defender,,,,
wc2026_99995998aae9,Jhon Lucumi,team_colombia,Bologna FC (ITA),Defender,,,,
wc2026_85bcd86ad810,Johan Mojica,team_colombia,RCD Mallorca (ESP),Defender,,,,
wc2026_dbc10e56da58,Santiago Arias,team_colombia,CA Independiente (ARG),Defender,,,,
wc2026_a86079e485c4,Willer Ditta,team_colombia,CF Cruz Azul (MEX),Defender,,,,
wc2026_6ae210e0b2b5,Yerry Mina,team_colombia,Cagliari (ITA),Defender,,,,
wc2026_b586ba542873,Andres Gomez,team_colombia,CR Vasco Da Gama (BRA),Forward,,,,
wc2026_aa1322d55f05,Cucho Hernandez,team_colombia,Real Betis (ESP),Forward,,,,
wc2026_5424bcffeb64,Jaminton Campaz,team_colombia,CA Rosario Central (ARG),Forward,,,,
wc2026_4e6cda744987,Jhon Cordoba,team_colombia,FC Krasnodar (RUS),Forward,,,,
wc2026_10cab845f8b2,Luis Diaz,team_colombia,FC Bayern München (GER),Forward,,,,
wc2026_2758fafa866a,Luis Suarez,team_colombia,Sporting CP (POR),Forward,,,,
wc2026_152c5af1a48e,Alvaro Montero,team_colombia,CA Vélez Sarsfield (ARG),Goalkeeper,,,,
wc2026_c9a7f48ecee3,Camilo Vargas,team_colombia,Atlas FC (MEX),Goalkeeper,,,,
wc2026_02f22ef62367,David Ospina,team_colombia,Atlético Nacional (COL),Goalkeeper,,,,
wc2026_d34e32cb62e8,James Rodriguez,team_colombia,Minnesota United FC (USA),Midfielder,,,,
wc2026_dd28b9ec77d4,Jefferson Lerma,team_colombia,Crystal Palace FC (ENG),Midfielder,,,,
wc2026_851810720bdf,Jhon Arias,team_colombia,SE Palmeiras (BRA),Midfielder,,,,
wc2026_97d286b2cc9f,Jorge Carrascal,team_colombia,CR Flamengo (BRA),Midfielder,,,,
wc2026_88cfd81a8ea4,Juan Portilla,team_colombia,Athletico Paranaense (BRA),Midfielder,,,,
wc2026_1969f004f790,Juan Quintero,team_colombia,CA River Plate (ARG),Midfielder,,,,
wc2026_f5d4fbdb6ae4,Kevin Castano,team_colombia,CA River Plate (ARG),Midfielder,,,,
wc2026_4f32d5d1d8b1,Richard Rios,team_colombia,SL Benfica (POR),Midfielder,,,,
wc2026_1442725e12f5,Duje Caleta-Car,team_croatia,Real Sociedad (ESP),Defender,,,,
wc2026_4a6505a24c6c,Josip Stanisic,team_croatia,FC Bayern München (GER),Defender,,,,
wc2026_6eb13c78978e,Josip Sutalo,team_croatia,AFC Ajax (NED),Defender,,,,
wc2026_513f4dbb075b,Josko Gvardiol,team_croatia,Manchester City FC (ENG),Defender,,,,
wc2026_b2a4065e9344,Kristijan Jakic,team_croatia,FC Augsburg (GER),Defender,,,,
wc2026_9e174ecd831e,Luka Vuskovic,team_croatia,Hamburger SV (GER),Defender,,,,
wc2026_75bbb976ed53,Marin Pongracic,team_croatia,ACF Fiorentina (ITA),Defender,,,,
wc2026_f753fa509647,Martin Erlic,team_croatia,FC Midtjylland (DEN),Defender,,,,
wc2026_772057d2b6df,Andrej Kramaric,team_croatia,TSG Hoffenheim (GER),Forward,,,,
wc2026_9dd859556fef,Ante Budimir,team_croatia,CA Osasuna (ESP),Forward,,,,
wc2026_6733373606d6,Igor Matanovic,team_croatia,SC Freiburg (GER),Forward,,,,
wc2026_56a3432784ea,Ivan Perisic,team_croatia,PSV Eindhoven (NED),Forward,,,,
wc2026_e84f17dbe0c1,Marco Pasalic,team_croatia,Orlando City SC (USA),Forward,,,,
wc2026_295061290d79,Petar Musa,team_croatia,FC Dallas (USA),Forward,,,,
wc2026_09c2c88f0c18,Dominik Kotarski,team_croatia,FC København (DEN),Goalkeeper,,,,
wc2026_a5244e0e4099,Dominik Livakovic,team_croatia,GNK Dinamo Zagreb (CRO),Goalkeeper,,,,
wc2026_c4678254ad48,Ivor Pandur,team_croatia,Hull City FC (ENG),Goalkeeper,,,,
wc2026_4fe22ef84cc2,Luka Modric,team_croatia,AC Milan (ITA),Midfielder,,,,
wc2026_3df66002692c,Luka Sucic,team_croatia,Real Sociedad (ESP),Midfielder,,,,
wc2026_fdf9b14cb2b6,Mario Pasalic,team_croatia,Atalanta Bergamo (ITA),Midfielder,,,,
wc2026_4791fe24001e,Martin Baturina,team_croatia,Como (ITA),Midfielder,,,,
wc2026_3aa43f481b88,Mateo Kovacic,team_croatia,Manchester City FC (ENG),Midfielder,,,,
wc2026_b4a67927bebc,Nikola Moro,team_croatia,Bologna FC (ITA),Midfielder,,,,
wc2026_7c132e3c4e1e,Nikola Vlasic,team_croatia,Torino FC (ITA),Midfielder,,,,
wc2026_e435b0763c60,Petar Sucic,team_croatia,FC Internazionale Milano (ITA),Midfielder,,,,
wc2026_508ffc66e514,Toni Fruk,team_croatia,HNK Rijeka (CRO),Midfielder,,,,
wc2026_2bff86fb6137,Armando Obispo,team_curacao,PSV Eindhoven (NED),Defender,,,,
wc2026_5634336987c2,Deveron Fonville,team_curacao,NEC Nijmegen (NED),Defender,,,,
wc2026_02bd1b198e0f,Joshua Brenet,team_curacao,Kayserispor (TUR),Defender,,,,
wc2026_2dbab701dbd1,Jurien Gaari,team_curacao,Abha Club (KSA),Defender,,,,
wc2026_7f5ce29ec949,Riechedly Bazoer,team_curacao,Konyaspor (TUR),Defender,,,,
wc2026_ad3a63d65370,Roshon van Eijma,team_curacao,RKC Waalwijk (NED),Defender,,,,
wc2026_2280adf76fd2,Sherel Floranus,team_curacao,PEC Zwolle (NED),Defender,,,,
wc2026_153fd75dcabe,Shurandy Sambo,team_curacao,Sparta Rotterdam (NED),Defender,,,,
wc2026_fe80bfd6b847,Brandley Kuwas,team_curacao,FC Volendam (NED),Forward,,,,
wc2026_760dbe48844d,Gervane Kastaneer,team_curacao,Terengganu FC (MAS),Forward,,,,
wc2026_f352e6a48df5,Jearl Margaritha,team_curacao,SK Beveren (BEL),Forward,,,,
wc2026_8e50cce31968,Jeremy Antonisse,team_curacao,AE Kifisia FC (GRE),Forward,,,,
wc2026_d4d9ef4ac59e,Juergen Locadia,team_curacao,Miami FC (USA),Forward,,,,
wc2026_624343df1c09,Kenji Gorre,team_curacao,Maccabi Haifa FC (ISR),Forward,,,,
wc2026_9638d337f1da,Sontje Hansen,team_curacao,Middlesbrough FC (ENG),Forward,,,,
wc2026_00b9bd57ee97,Tyrese Noslin,team_curacao,SC Telstar (NED),Forward,,,,
wc2026_2704511e010c,Eloy Room,team_curacao,Miami FC (USA),Goalkeeper,,,,
wc2026_804f69e3ef40,Trevor Doornbusch,team_curacao,VVV Venlo (NED),Goalkeeper,,,,
wc2026_82a8a4ffdc14,Tyrick Bodak,team_curacao,SC Telstar (NED),Goalkeeper,,,,
wc2026_ad30f00e9a0f,Arjany Martha,team_curacao,Rotherham United FC (ENG),Midfielder,,,,
wc2026_212576d2947d,Godfried Roemeratoe,team_curacao,RKC Waalwijk (NED),Midfielder,,,,
wc2026_ba8e48cecd0f,Juninho Bacuna,team_curacao,FC Volendam (NED),Midfielder,,,,
wc2026_b7cb35097076,Kevin Felida,team_curacao,FC Den Bosch (NED),Midfielder,,,,
wc2026_e2e68bbe039e,Leandro Bacuna,team_curacao,Iğdır FK (TUR),Midfielder,,,,
wc2026_4d12d180f58d,Livano Comenencia,team_curacao,FC Zürich (SUI),Midfielder,,,,
wc2026_5dc96ae914be,Tahith Chong,team_curacao,Shefield United FC (ENG),Midfielder,,,,
wc2026_8bb3aaebc87e,David Doudera,team_czech_republic,SK Slavia Praha (CZE),Defender,,,,
wc2026_54c748547844,David Jurasek,team_czech_republic,SK Slavia Praha (CZE),Defender,,,,
wc2026_f8c324a6fc0f,David Zima,team_czech_republic,SK Slavia Praha (CZE),Defender,,,,
wc2026_6504fe259dcc,Jaroslav Zeleny,team_czech_republic,AC Sparta Praha (CZE),Defender,,,,
wc2026_f65541f77bb3,Ladislav Krejci,team_czech_republic,Wolverhampton Wanderers FC (ENG),Defender,,,,
wc2026_f27c0b4eb895,Robin Hranac,team_czech_republic,TSG Hoffenheim (GER),Defender,,,,
wc2026_21b93ca022bf,Stepan Chaloupek,team_czech_republic,SK Slavia Praha (CZE),Defender,,,,
wc2026_424af343aa80,Tomas Holes,team_czech_republic,SK Slavia Praha (CZE),Defender,,,,
wc2026_13602eecead2,Vladimir Coufal,team_czech_republic,TSG Hoffenheim (GER),Defender,,,,
wc2026_d2561b5e7509,Adam Hlozek,team_czech_republic,TSG Hoffenheim (GER),Forward,,,,
wc2026_1a0e12b8a602,Denis Visinsky,team_czech_republic,FC Viktoria Plzeň (CZE),Forward,,,,
wc2026_79f8b6e03c51,Jan Kuchta,team_czech_republic,AC Sparta Praha (CZE),Forward,,,,
wc2026_2d310609673a,Mojmir Chytil,team_czech_republic,SK Slavia Praha (CZE),Forward,,,,
wc2026_4f8ea547f1c3,Patrik Schick,team_czech_republic,Bayer 04 Leverkusen (GER),Forward,,,,
wc2026_818101aa5f3a,Pavel Sulc,team_czech_republic,Olympique Lyonnais (FRA),Forward,,,,
wc2026_3979d1a88078,Tomas Chory,team_czech_republic,SK Slavia Praha (CZE),Forward,,,,
wc2026_5ec1cb3ccb12,Jindrich Stanek,team_czech_republic,SK Slavia Praha (CZE),Goalkeeper,,,,
wc2026_175f7c743940,Lukas Hornicek,team_czech_republic,SC Braga (POR),Goalkeeper,,,,
wc2026_4adbbd1578b5,Matej Kovar,team_czech_republic,PSV Eindhoven (NED),Goalkeeper,,,,
wc2026_44083afa0375,Alexandr Sojka,team_czech_republic,FC Viktoria Plzeň (CZE),Midfielder,,,,
wc2026_bf854b27d5ae,Hugo Sochurek,team_czech_republic,AC Sparta Praha (CZE),Midfielder,,,,
wc2026_2d2babc103b8,Lukas Cerv,team_czech_republic,FC Viktoria Plzeň (CZE),Midfielder,,,,
wc2026_889414b01f20,Lukas Provod,team_czech_republic,SK Slavia Praha (CZE),Midfielder,,,,
wc2026_040f06d412a2,Michal Sadilek,team_czech_republic,SK Slavia Praha (CZE),Midfielder,,,,
wc2026_e66510743d0d,Tomas Soucek,team_czech_republic,West Ham United FC (ENG),Midfielder,,,,
wc2026_3e7196b31de3,Vladimir Darida,team_czech_republic,FC Hradec Králové (CZE),Midfielder,,,,
wc2026_eb009b5855a8,Aaron Wan-Bissaka,team_dr_congo,West Ham United FC (ENG),Defender,,,,
wc2026_2063a0b8c3ab,Arthur Masuaku,team_dr_congo,RC Lens (FRA),Defender,,,,
wc2026_614bb458a94b,Axel Tuanzebe,team_dr_congo,Burnley FC (ENG),Defender,,,,
wc2026_eddedbe48381,Chancel Mbemba,team_dr_congo,Lille OSC (FRA),Defender,,,,
wc2026_de7a5283cc38,Dylan Batubinsika,team_dr_congo,AEL FC (GRE),Defender,,,,
wc2026_ebf71a55cd7f,Gedeon Kalulu,team_dr_congo,Aris Limassol FC (CYP),Defender,,,,
wc2026_e185f4fcb7a7,Joris Kayembe,team_dr_congo,KRC Genk (BEL),Defender,,,,
wc2026_fc4bc5c260f3,Steve Kapuadi,team_dr_congo,Widzew Łódź (POL),Defender,,,,
wc2026_76217366a9fc,Brian Cipenga,team_dr_congo,CD Castellón (ESP),Forward,,,,
wc2026_16a0ab6c42e3,Cedric Bakambu,team_dr_congo,Real Betis (ESP),Forward,,,,
wc2026_90b1323a4068,Fiston Mayele,team_dr_congo,Pyramids FC (EGY),Forward,,,,
wc2026_7769eaebeab4,Gael Kakuta,team_dr_congo,AEL FC (GRE),Forward,,,,
wc2026_db713c837544,Meschack Elia,team_dr_congo,Alanyaspor (TUR),Forward,,,,
wc2026_55a8779f0cb1,Simon Banza,team_dr_congo,Al Jazira (UAE),Forward,,,,
wc2026_ab2c15855ec2,Yoane Wissa,team_dr_congo,Newcastle United FC (ENG),Forward,,,,
wc2026_6e280419c7cf,Lionel Mpasi,team_dr_congo,Le Havre AC (FRA),Goalkeeper,,,,
wc2026_562faa3ed47a,Matthieu Epolo,team_dr_congo,Standard Liège (BEL),Goalkeeper,,,,
wc2026_ca2c9a30531f,Timothy Fayulu,team_dr_congo,FC Noah (ARM),Goalkeeper,,,,
wc2026_51fd2a1326f0,Aaron Tshibola,team_dr_congo,Kilmarnock FC (SCO),Midfielder,,,,
wc2026_9232225b99e7,Charles Pickel,team_dr_congo,RCD Espanyol (ESP),Midfielder,,,,
wc2026_92c50c09fbc7,Edo Kayembe,team_dr_congo,Watford FC (ENG),Midfielder,,,,
wc2026_2854d4bbb122,Nathanael Mbuku,team_dr_congo,Montpellier HSC (FRA),Midfielder,,,,
wc2026_e458c5dc6a3d,Ngalayel Mukau,team_dr_congo,Lille OSC (FRA),Midfielder,,,,
wc2026_c51fec41075b,Noah Sadiki,team_dr_congo,Sunderland AFC (ENG),Midfielder,,,,
wc2026_64698f6acb9d,Samuel Moutoussamy,team_dr_congo,Atromitos FC (GRE),Midfielder,,,,
wc2026_3c84583958dd,Theo Bongonda,team_dr_congo,FC Spartak Moscow (RUS),Midfielder,,,,
wc2026_95e98389ab27,Angelo Preciado,team_ecuador,Atlético Mineiro (BRA),Defender,,,,
wc2026_479fc01f3b33,Felix Torres,team_ecuador,SC Internacional (BRA),Defender,,,,
wc2026_f94dacb7db23,Jackson Porozo,team_ecuador,Club Tijuana (MEX),Defender,,,,
wc2026_8b21f699ca8b,Joel Ordonez,team_ecuador,Club Brugge (BEL),Defender,,,,
wc2026_f4fd631739d6,Pervis Estupinan,team_ecuador,AC Milan (ITA),Defender,,,,
wc2026_e86a0142c6cf,Piero Hincapie,team_ecuador,Arsenal FC (ENG),Defender,,,,
wc2026_9a17f1e6b7b0,Willian Pacho,team_ecuador,Paris Saint-Germain (FRA),Defender,,,,
wc2026_5209cfe0b0fa,Yaimar Medina,team_ecuador,KRC Genk (BEL),Defender,,,,
wc2026_22d2454c9640,Enner Valencia,team_ecuador,CF Pachuca (MEX),Forward,,,,
wc2026_f598487fec29,Gonzalo Plata,team_ecuador,CR Flamengo (BRA),Forward,,,,
wc2026_e72cdaa3857e,Jeremy Arevalo,team_ecuador,VfB Stuttgart (GER),Forward,,,,
wc2026_14dd7198a4ec,John Yeboah,team_ecuador,Venezia FC (ITA),Forward,,,,
wc2026_663584b33d2b,Jordy Caicedo,team_ecuador,CA Huracán (ARG),Forward,,,,
wc2026_880a0411cfb1,Kevin Rodriguez,team_ecuador,Royale Union Saint-Gilloise (BEL),Forward,,,,
wc2026_4754c887704d,Nilson Angulo,team_ecuador,Sunderland AFC (ENG),Forward,,,,
wc2026_a62968030d95,Gonzalo Valle,team_ecuador,LDU Quito (ECU),Goalkeeper,,,,
wc2026_2476017cb8df,Hernan Galindez,team_ecuador,CA Huracán (ARG),Goalkeeper,,,,
wc2026_3aa77330ae49,Moises Ramirez,team_ecuador,AE Kifisia FC (GRE),Goalkeeper,,,,
wc2026_5509961379ab,Alan Franco,team_ecuador,Atlético Mineiro (BRA),Midfielder,,,,
wc2026_10be5d7102ab,Alan Minda,team_ecuador,Atlético Mineiro (BRA),Midfielder,,,,
wc2026_ee926cca47e1,Anthony Valencia,team_ecuador,Royal Antwerp FC (BEL),Midfielder,,,,
wc2026_673f697c364b,Denil Castillo,team_ecuador,FC Midtjylland (DEN),Midfielder,,,,
wc2026_36047cbd5acc,Jordy Alcivar,team_ecuador,Independiente Del Valle (ECU),Midfielder,,,,
wc2026_eac752d7358c,Kendry Paez,team_ecuador,CA River Plate (ARG),Midfielder,,,,
wc2026_3fb64147e5dd,Moises Caicedo,team_ecuador,Chelsea FC (ENG),Midfielder,,,,
wc2026_ae87987adb38,Pedro Vite,team_ecuador,Pumas UNAM (MEX),Midfielder,,,,
wc2026_2efc35d9c902,Mohamed Abdelmoneim,team_egypt,OGC Nice (FRA),Defender,,,,
wc2026_419a94afa41c,Ahmed Fatouh,team_egypt,Zamalek SC (EGY),Defender,,,,
wc2026_bc91a2d3df83,Hossam Abdelmaguid,team_egypt,Zamalek SC (EGY),Defender,,,,
wc2026_6991aaa22b41,Karim Hafez,team_egypt,Pyramids FC (EGY),Defender,,,,
wc2026_cd30fa43ec4b,Mohamed Hany,team_egypt,Al Ahly FC (EGY),Defender,,,,
wc2026_e72e535c750d,Ramy Rabia,team_egypt,Al Ain FC (UAE),Defender,,,,
wc2026_8a1df54a998c,Tarek Alaa,team_egypt,ZED FC (EGY),Defender,,,,
wc2026_b47f184c0c15,Yasser Ibrahim,team_egypt,Al Ahly FC (EGY),Defender,,,,
wc2026_0e34e8c47bbb,Haissem Hassan,team_egypt,Real Oviedo (ESP),Forward,,,,
wc2026_30361afa0f6d,Hamza Abdelkarim,team_egypt,FC Barcelona (ESP),Forward,,,,
wc2026_a18af61fb8a4,Ibrahim Adel,team_egypt,FC Nordsjælland (DEN),Forward,,,,
wc2026_39edd3fc7428,Mohamed Salah,team_egypt,Liverpool FC (ENG),Forward,,,,
wc2026_68cad2f586d6,Omar Marmoush,team_egypt,Manchester City FC (ENG),Forward,,,,
wc2026_4a3f1841c215,Trezeguet,team_egypt,Al Ahly FC (EGY),Forward,,,,
wc2026_175e22aee0e1,Zizo,team_egypt,Al Ahly FC (EGY),Forward,,,,
wc2026_c144030ad996,Mahdy Soliman,team_egypt,Zamalek SC (EGY),Goalkeeper,,,,
wc2026_5ffe7f53604e,Mohamed Alaa,team_egypt,El Gouna FC (EGY),Goalkeeper,,,,
wc2026_70fb7bbc6e23,Mohamed Elshenawy,team_egypt,Al Ahly FC (EGY),Goalkeeper,,,,
wc2026_4ea8e2f83d3d,Mostafa Shoubir,team_egypt,Al Ahly FC (EGY),Goalkeeper,,,,
wc2026_d723cda4e5c7,Emam Ashour,team_egypt,Al Ahly FC (EGY),Midfielder,,,,
wc2026_abd5a011facf,Hamdy Fathy,team_egypt,Al Wakrah SC (QAT),Midfielder,,,,
wc2026_55308c756f1a,Mahmoud Saber,team_egypt,ZED FC (EGY),Midfielder,,,,
wc2026_816d0b1f855f,Marawan Attia,team_egypt,Al Ahly FC (EGY),Midfielder,,,,
wc2026_ead1ce9204e3,Mohanad Lashin,team_egypt,Pyramids FC (EGY),Midfielder,,,,
wc2026_c4d2dcb86c7f,Mostafa Zico,team_egypt,Pyramids FC (EGY),Midfielder,,,,
wc2026_4e0b588d32d1,Nabil Donga,team_egypt,Al Najmah SC (KSA),Midfielder,,,,
wc2026_ca13b86791b7,Dan Burn,team_england,Newcastle United FC (ENG),Defender,,,,
wc2026_96b64f33890d,Djed Spence,team_england,Tottenham Hotspur FC (ENG),Defender,,,,
wc2026_9f8ef02a850f,Ezri Konsa,team_england,Aston Villa FC (ENG),Defender,,,,
wc2026_45c1df729fb0,Jarell Quansah,team_england,Bayer 04 Leverkusen (GER),Defender,,,,
wc2026_1111ef1ae66b,John Stones,team_england,Manchester City FC (ENG),Defender,,,,
wc2026_f1719f167eb5,Marc Guehi,team_england,Manchester City FC (ENG),Defender,,,,
wc2026_b0ba38de7000,Nico Oreilly,team_england,Manchester City FC (ENG),Defender,,,,
wc2026_828bc9a1e632,Reece James,team_england,Chelsea FC (ENG),Defender,,,,
wc2026_5703d3a8ea85,Tino Livramento,team_england,Newcastle United FC (ENG),Defender,,,,
wc2026_469f9cfae575,Anthony Gordon,team_england,Newcastle United FC (ENG),Forward,,,,
wc2026_29a677a4e67e,Bukayo Saka,team_england,Arsenal FC (ENG),Forward,,,,
wc2026_5c8f375085e1,Harry Kane,team_england,FC Bayern München (GER),Forward,,,,
wc2026_4af4e555a0a1,Ivan Toney,team_england,Al Ahli FC (KSA),Forward,,,,
wc2026_c3ab99ab99a0,Marcus Rashford,team_england,FC Barcelona (ESP),Forward,,,,
wc2026_f924bbb2dd93,Noni Madueke,team_england,Arsenal FC (ENG),Forward,,,,
wc2026_9237f031273c,Ollie Watkins,team_england,Aston Villa FC (ENG),Forward,,,,
wc2026_2e4b3b6c6331,Dean Henderson,team_england,Crystal Palace FC (ENG),Goalkeeper,,,,
wc2026_dfb6d19090e7,James Trafford,team_england,Manchester City FC (ENG),Goalkeeper,,,,
wc2026_b8d5882fbcaf,Jordan Pickford,team_england,Everton FC (ENG),Goalkeeper,,,,
wc2026_c0d3d290df0c,Declan Rice,team_england,Arsenal FC (ENG),Midfielder,,,,
wc2026_9c1a249180fc,Eberechi Eze,team_england,Arsenal FC (ENG),Midfielder,,,,
wc2026_3b62eeb81367,Elliot Anderson,team_england,Nottingham Forest FC (ENG),Midfielder,,,,
wc2026_598015e0cdde,Jordan Henderson,team_england,Brentford FC (ENG),Midfielder,,,,
wc2026_6f9a718e894b,Jude Bellingham,team_england,Real Madrid C. F. (ESP),Midfielder,,,,
wc2026_31cdea0a4b2a,Kobbie Mainoo,team_england,Manchester United FC (ENG),Midfielder,,,,
wc2026_e34ef1dd77ce,Morgan Rogers,team_england,Aston Villa FC (ENG),Midfielder,,,,
wc2026_15696c9e504b,Dayot Upamecano,team_france,FC Bayern München (GER),Defender,,,,
wc2026_cc5b041a4144,Ibrahima Konate,team_france,Liverpool FC (ENG),Defender,,,,
wc2026_1222771aacd0,Jules Kounde,team_france,FC Barcelona (ESP),Defender,,,,
wc2026_f8ea6a0b9fa1,Lucas Digne,team_france,Aston Villa FC (ENG),Defender,,,,
wc2026_a5bf0f2d72b7,Lucas Hernandez,team_france,Paris Saint-Germain (FRA),Defender,,,,
wc2026_89adcfe90fa7,Malo Gusto,team_france,Chelsea FC (ENG),Defender,,,,
wc2026_715e479154ac,Maxence Lacroix,team_france,Crystal Palace FC (ENG),Defender,,,,
wc2026_e3471f51ee81,Theo Hernandez,team_france,Al Hilal SC (KSA),Defender,,,,
wc2026_a9b72623eb41,William Saliba,team_france,Arsenal FC (ENG),Defender,,,,
wc2026_d34beb0bf18b,Bradley Barcola,team_france,Paris Saint-Germain (FRA),Forward,,,,
wc2026_9336a03fa0a0,Desire Doue,team_france,Paris Saint-Germain (FRA),Forward,,,,
wc2026_92a6ee22665f,Jean-Philippe Mateta,team_france,Crystal Palace FC (ENG),Forward,,,,
wc2026_ac1fff2520ef,Kylian Mbappe,team_france,Real Madrid C. F. (ESP),Forward,,,,
wc2026_dee2493bc789,Marcus Thuram,team_france,FC Internazionale Milano (ITA),Forward,,,,
wc2026_2d3fe6d4853f,Michael Olise,team_france,FC Bayern München (GER),Forward,,,,
wc2026_2c8a33c72dcd,Ousmane Dembele,team_france,Paris Saint-Germain (FRA),Forward,,,,
wc2026_ab7a19864d58,Brice Samba,team_france,Stade Rennais FC (FRA),Goalkeeper,,,,
wc2026_43c7da22785c,Mike Maignan,team_france,AC Milan (ITA),Goalkeeper,,,,
wc2026_a29661c4bcbf,Robin Risser,team_france,RC Lens (FRA),Goalkeeper,,,,
wc2026_d9258474e96c,Adrien Rabiot,team_france,AC Milan (ITA),Midfielder,,,,
wc2026_df179fd08d12,Aurelien Tchouameni,team_france,Real Madrid C. F. (ESP),Midfielder,,,,
wc2026_d76ad9be7819,Maghnes Akliouche,team_france,AS Monaco (FRA),Midfielder,,,,
wc2026_bce95157447f,Manu Kone,team_france,AS Roma (ITA),Midfielder,,,,
wc2026_2573015fb2a6,Ngolo Kante,team_france,Fenerbahçe SK (TUR),Midfielder,,,,
wc2026_716ff8b9acbd,Rayan Cherki,team_france,Manchester City FC (ENG),Midfielder,,,,
wc2026_5e7e3b10974d,Warren Zaire-Emery,team_france,Paris Saint-Germain (FRA),Midfielder,,,,
wc2026_d42bebf6a61f,Antonio Ruediger,team_germany,Real Madrid C. F. (ESP),Defender,,,,
wc2026_cd07125c2018,David Raum,team_germany,RB Leipzig (GER),Defender,,,,
wc2026_b676faae6978,Jonathan Tah,team_germany,FC Bayern München (GER),Defender,,,,
wc2026_46d3f557e12b,Joshua Kimmich,team_germany,FC Bayern München (GER),Defender,,,,
wc2026_49419244bd4e,Malick Thiaw,team_germany,Newcastle United FC (ENG),Defender,,,,
wc2026_6310691fa46a,Nathaniel Brown,team_germany,Eintracht Frankfurt (GER),Defender,,,,
wc2026_ae243de1d6ad,Nico Schlotterbeck,team_germany,Borussia Dortmund (GER),Defender,,,,
wc2026_62b8db165e06,Waldemar Anton,team_germany,Borussia Dortmund (GER),Defender,,,,
wc2026_1a40e8b6d31d,Deniz Undav,team_germany,VfB Stuttgart (GER),Forward,,,,
wc2026_0bf379ac7b6e,Kai Havertz,team_germany,Arsenal FC (ENG),Forward,,,,
wc2026_ddaaba5ffaca,Maximilian Beier,team_germany,Borussia Dortmund (GER),Forward,,,,
wc2026_572c848425d2,Nick Woltemade,team_germany,Newcastle United FC (ENG),Forward,,,,
wc2026_4a3692df6ef2,Alexander Nuebel,team_germany,VfB Stuttgart (GER),Goalkeeper,,,,
wc2026_b3c6a2b12e07,Manuel Neuer,team_germany,FC Bayern München (GER),Goalkeeper,,,,
wc2026_d0f3d2952776,Oliver Baumann,team_germany,TSG Hoffenheim (GER),Goalkeeper,,,,
wc2026_4355124ff3c6,Aleksandar Pavlovic,team_germany,FC Bayern München (GER),Midfielder,,,,
wc2026_5de93f7f58fe,Angelo Stiller,team_germany,VfB Stuttgart (GER),Midfielder,,,,
wc2026_86a1d47b7fd9,Felix Nmecha,team_germany,Borussia Dortmund (GER),Midfielder,,,,
wc2026_97420d03b5a1,Florian Wirtz,team_germany,Liverpool FC (ENG),Midfielder,,,,
wc2026_7e2994f9dede,Jamal Musiala,team_germany,FC Bayern München (GER),Midfielder,,,,
wc2026_1b30c7968b90,Jamie Leweling,team_germany,VfB Stuttgart (GER),Midfielder,,,,
wc2026_20ee3b63895c,Lennart Karl,team_germany,FC Bayern München (GER),Midfielder,,,,
wc2026_6cc7dc4f0952,Leon Goretzka,team_germany,FC Bayern München (GER),Midfielder,,,,
wc2026_6f2c6d84d138,Leroy Sane,team_germany,Galatasaray SK (TUR),Midfielder,,,,
wc2026_976ea58ee486,Nadiem Amiri,team_germany,1. FSV Mainz 05 (GER),Midfielder,,,,
wc2026_6c6d4a7f9a2e,Pascal Gross,team_germany,Brighton & Hove Albion FC (ENG),Midfielder,,,,
wc2026_968e20a9ff1f,Abdul Mumin,team_ghana,Rayo Vallecano (ESP),Defender,,,,
wc2026_d7de65e6cced,Alidu Seidu,team_ghana,Stade Rennais FC (FRA),Defender,,,,
wc2026_312bd632433e,Baba Rahman,team_ghana,PAOK Saloniki (GRE),Defender,,,,
wc2026_c7886af27305,Derrick Luckassen,team_ghana,Pafos FC (CYP),Defender,,,,
wc2026_648df62eb27e,Gideon Mensah,team_ghana,AJ Auxerre (FRA),Defender,,,,
wc2026_c2fdad93cfe0,Jerome Opoku,team_ghana,Başakşehir FK (TUR),Defender,,,,
wc2026_52834c982857,Jonas Adjetey,team_ghana,VfL Wolfsburg (GER),Defender,,,,
wc2026_c2c273e23972,Kojo Peprah Oppong,team_ghana,OGC Nice (FRA),Defender,,,,
wc2026_d9c59a0724f2,Marvin Senaya,team_ghana,AJ Auxerre (FRA),Defender,,,,
wc2026_4fa1069b43df,Brandon Thomas-Asante,team_ghana,Coventry City FC (ENG),Forward,,,,
wc2026_41e0d85314f1,Christopher Bonsu Baah,team_ghana,Al Qadsiah FC (KSA),Forward,,,,
wc2026_6caaf3d923ac,Ernest Nuamah,team_ghana,Olympique Lyonnais (FRA),Forward,,,,
wc2026_aad9f61d9c43,Fatawu Issahaku,team_ghana,Leicester City FC (ENG),Forward,,,,
wc2026_016fad7321b9,Inaki Williams,team_ghana,Athletic Club (ESP),Forward,,,,
wc2026_8eb66d39cd74,Jordan Ayew,team_ghana,Leicester City FC (ENG),Forward,,,,
wc2026_bb1c8767c6fa,Kamaldeen Sulemana,team_ghana,Atalanta Bergamo (ITA),Forward,,,,
wc2026_c3c4bac7865e,Prince Adu,team_ghana,FC Viktoria Plzeň (CZE),Forward,,,,
wc2026_91126fdf0134,Benjamin Asare,team_ghana,Hearts Of Oak SC (GHA),Goalkeeper,,,,
wc2026_3a1e37e243a6,Joseph Anang,team_ghana,St Patrick's Athletic FC (IRL),Goalkeeper,,,,
wc2026_08dae100fdb6,Lawrence Ati Zigi,team_ghana,FC St. Gallen (SUI),Goalkeeper,,,,
wc2026_f32355f7d553,Antoine Semenyo,team_ghana,Manchester City FC (ENG),Midfielder,,,,
wc2026_a11212b9125b,Augustine Boakye,team_ghana,AS Saint-Etienne (FRA),Midfielder,,,,
wc2026_7bd8a0e04b1a,Caleb Yirenkyi,team_ghana,FC Nordsjælland (DEN),Midfielder,,,,
wc2026_3bf0acced317,Elisha Owusu,team_ghana,AJ Auxerre (FRA),Midfielder,,,,
wc2026_5ec6b229e766,Kwasi Sibo,team_ghana,Real Oviedo (ESP),Midfielder,,,,
wc2026_9a7a985a502a,Thomas Partey,team_ghana,Villarreal CF (ESP),Midfielder,,,,
wc2026_3937516d7c54,Carlens Arcus,team_haiti,Angers SCO (FRA),Defender,,,,
wc2026_9e16301a5248,Hannes Delcroix,team_haiti,FC Lugano (SUI),Defender,,,,
wc2026_2213560efba0,Jean-Kevin Duverne,team_haiti,KAA Gent (BEL),Defender,,,,
wc2026_12a92c0fde04,Keeto Thermoncy,team_haiti,BSC Young Boys (SUI),Defender,,,,
wc2026_6b040acabdeb,Markhus Lacroix,team_haiti,Colorado Springs Switchbacks FC (USA),Defender,,,,
wc2026_6da0e904d602,Martin Experience,team_haiti,AS Nancy (FRA),Defender,,,,
wc2026_7dff084f010b,Ricardo Ade,team_haiti,LDU Quito (ECU),Defender,,,,
wc2026_27b24814a51a,Wilguens Paugain,team_haiti,SV Zulte Waregem (BEL),Defender,,,,
wc2026_16fce2d630a9,Derrick Etienne,team_haiti,Toronto FC (CAN),Forward,,,,
wc2026_d082b63413cb,Duckens Nazon,team_haiti,Esteghlal Tehran FC (IRN),Forward,,,,
wc2026_0306f6911d72,Frantzdy Pierrot,team_haiti,Çaykur Rizespor (TUR),Forward,,,,
wc2026_7f529f9b0bf4,Josue Casimir,team_haiti,AJ Auxerre (FRA),Forward,,,,
wc2026_44886091e8c3,Lenny Joseph,team_haiti,Ferencvárosi TC (HUN),Forward,,,,
wc2026_5a21c8bb0c1d,Louicius Deedson,team_haiti,FC Dallas (USA),Forward,,,,
wc2026_7311f24e7527,Ruben Providence,team_haiti,Almere City FC (NED),Forward,,,,
wc2026_c37ebdd05c76,Wilson Isidor,team_haiti,Sunderland AFC (ENG),Forward,,,,
wc2026_da9e348cbd33,Yassin Fortune,team_haiti,FC Vizela (POR),Forward,,,,
wc2026_7c505a2ae0c8,Alexandre Pierre,team_haiti,FC Sochaux-Montbéliard (FRA),Goalkeeper,,,,
wc2026_a50ccc0dfa9a,Johny Placide,team_haiti,SC Bastia (FRA),Goalkeeper,,,,
wc2026_b91e6073075d,Josue Duverger,team_haiti,FC Cosmos Koblenz (GER),Goalkeeper,,,,
wc2026_1cccac1402b4,Carl Sainte,team_haiti,El Paso Locomotive FC (USA),Midfielder,,,,
wc2026_ef29a3350d29,Danley Jean Jacques,team_haiti,Philadelphia Union (USA),Midfielder,,,,
wc2026_f1e959c4609d,Dominique Simon,team_haiti,FC Tatran Prešov (SVK),Midfielder,,,,
wc2026_a64902bbd8cf,Jean-Ricner Bellegarde,team_haiti,Wolverhampton Wanderers FC (ENG),Midfielder,,,,
wc2026_b59d19145cbd,Leverton Pierre,team_haiti,FC Vizela (POR),Midfielder,,,,
wc2026_91cebb793516,Woodensky Pierre,team_haiti,Violette AC (HAI),Midfielder,,,,
wc2026_50b40d2317c4,Ali Nemati,team_iran,Foolad Khuzestan FC (IRN),Defender,,,,
wc2026_51405e7c5597,Arya Yousefi,team_iran,Sepahan SC (IRN),Defender,,,,
wc2026_d6fe0dd0ced0,Danial Iri,team_iran,Malavan Anzali FC (IRN),Defender,,,,
wc2026_25f27514f5d5,Ehsan Hajisafi,team_iran,Sepahan SC (IRN),Defender,,,,
wc2026_fee539e91f13,Hossein Kanani,team_iran,Persepolis FC (IRN),Defender,,,,
wc2026_6a591dd17d0e,Milad Mohammadi,team_iran,Persepolis FC (IRN),Defender,,,,
wc2026_9cfc08015b34,Ramin Rezaeian,team_iran,Foolad Khuzestan FC (IRN),Defender,,,,
wc2026_afeda63de5b9,Saleh Hardani,team_iran,Esteghlal Tehran FC (IRN),Defender,,,,
wc2026_07e564f9968c,Shoja Khalilzadeh,team_iran,Tractor Sazi Tabriz FC (IRN),Defender,,,,
wc2026_42ab3b5b8717,Ali Alipour,team_iran,Persepolis FC (IRN),Forward,,,,
wc2026_6199a42b19b5,Amirhossein Hosseinzadeh,team_iran,Tractor Sazi Tabriz FC (IRN),Forward,,,,
wc2026_3f721e3a9cf5,Dennis Dargahi,team_iran,Standard Liège (BEL),Forward,,,,
wc2026_7354389f25f8,Mehdi Ghayedi,team_iran,Al Nasr SC (UAE),Forward,,,,
wc2026_b78fd65fdbca,Mehdi Taremi,team_iran,Olympiacos FC (GRE),Forward,,,,
wc2026_0650c3eb5e06,Shahriyar Moghanloo,team_iran,Al Ittihad Kalba SCC (UAE),Forward,,,,
wc2026_2b7e665bfe05,Alireza Beiranvand,team_iran,Tractor Sazi Tabriz FC (IRN),Goalkeeper,,,,
wc2026_d7e79b50e0f4,Hossein Hosseini,team_iran,Sepahan SC (IRN),Goalkeeper,,,,
wc2026_fb2ce9e1e00e,Payam Niazmand,team_iran,Persepolis FC (IRN),Goalkeeper,,,,
wc2026_3604aeddda36,Alireza Jahanbakhsh,team_iran,FCV Dender EH (BEL),Midfielder,,,,
wc2026_0bcfbae4ead8,Amirmohammad Razaghinia,team_iran,Esteghlal Tehran FC (IRN),Midfielder,,,,
wc2026_c4241e06db21,Mehdi Torabi,team_iran,Tractor Sazi Tabriz FC (IRN),Midfielder,,,,
wc2026_51ec6131e2ca,Mohammad Ghorbani,team_iran,Al Wahda SC (UAE),Midfielder,,,,
wc2026_e100f64fc043,Mohammad Mohebbi,team_iran,FC Rostov (RUS),Midfielder,,,,
wc2026_07afb2c3bc9c,Roozbeh Cheshmi,team_iran,Esteghlal Tehran FC (IRN),Midfielder,,,,
wc2026_0ca59a593551,Saeid Ezatolahi,team_iran,Shabab Al Ahli Club (UAE),Midfielder,,,,
wc2026_303fe2753ccd,Saman Ghoddos,team_iran,Al Ittihad Kalba SCC (UAE),Midfielder,,,,
wc2026_e46c6ac2d6b1,Ahmed Yahya,team_iraq,Al Shorta SC (IRQ),Defender,,,,
wc2026_a5c8c6e9e533,Akam Hashim,team_iraq,Al Zawra'a SC (IRQ),Defender,,,,
wc2026_f1badb17831f,Frans Putros,team_iraq,Persib Bandung (IDN),Defender,,,,
wc2026_5fc499f33464,Hussein Ali,team_iraq,Pogoń Szczecin (POL),Defender,,,,
wc2026_8ba4ab925341,Merchas Doski,team_iraq,FC Viktoria Plzeň (CZE),Defender,,,,
wc2026_79b33ef29b5e,Munaf Younus,team_iraq,Al Shorta SC (IRQ),Defender,,,,
wc2026_587016d814ed,Mustafa Saadoon,team_iraq,Al Shorta SC (IRQ),Defender,,,,
wc2026_e54564d85d4a,Rebin Ghareeb,team_iraq,Port FC (THA),Defender,,,,
wc2026_20ae0e19361f,Zaid Tahseen,team_iraq,Pakhtakor Tashkent FK (UZB),Defender,,,,
wc2026_a596884dc2ab,Ahmed Qasim,team_iraq,Nashville SC (USA),Forward,,,,
wc2026_cb3f532d1255,Ali Alhamadi,team_iraq,Luton Town FC (ENG),Forward,,,,
wc2026_3bafda49bb3b,Ali Jasim,team_iraq,Al Najmah SC (KSA),Forward,,,,
wc2026_b34c636ce4ae,Ali Yousif,team_iraq,Al Talaba SC (IRQ),Forward,,,,
wc2026_94ec64c68ac8,Aymen Hussein,team_iraq,Al Karma SC (IRQ),Forward,,,,
wc2026_8ac2a5787601,Marko Farji,team_iraq,Venezia FC (ITA),Forward,,,,
wc2026_9b5ed8d76d5f,Mohanad Ali,team_iraq,Dibba FC (UAE),Forward,,,,
wc2026_f4be60146dff,Ahmed Basil,team_iraq,Al Shorta SC (IRQ),Goalkeeper,,,,
wc2026_0ce624b53e69,Fahad Talib,team_iraq,Al Talaba SC (IRQ),Goalkeeper,,,,
wc2026_c45a142a6b49,Jalal Hassan,team_iraq,Al Zawra'a SC (IRQ),Goalkeeper,,,,
wc2026_448f131cd6ce,Aimar Sher,team_iraq,Sarpsborg 08 FF (NOR),Midfielder,,,,
wc2026_2f6ff7e91040,Amir Alammari,team_iraq,KS Cracovia (POL),Midfielder,,,,
wc2026_0311e9ba47cc,Ibrahim Bayesh,team_iraq,Al Dhafra SCC (UAE),Midfielder,,,,
wc2026_894c538f0909,Kevin Yakob,team_iraq,Aarhus GF (DEN),Midfielder,,,,
wc2026_2a204e510698,Youssef Amyn,team_iraq,AEK Larnaca FC (CYP),Midfielder,,,,
wc2026_aa8fc7beba30,Zaid Ismael,team_iraq,Al Talaba SC (IRQ),Midfielder,,,,
wc2026_c665b3c05223,Zidane Iqbal,team_iraq,FC Utrecht (NED),Midfielder,,,,
wc2026_90d91e1be36a,Christopher Operi,team_ivory_coast,Başakşehir FK (TUR),Defender,,,,
wc2026_a62ccbe059d4,Emmanuel Agbadou,team_ivory_coast,Beşiktaş JK (TUR),Defender,,,,
wc2026_5d4214cf1404,Evan Ndicka,team_ivory_coast,AS Roma (ITA),Defender,,,,
wc2026_e32fd9a443c6,Ghislain Konan,team_ivory_coast,Gil Vicente FC (POR),Defender,,,,
wc2026_47ab4ef03ff9,Guela Doue,team_ivory_coast,RC Strasbourg (FRA),Defender,,,,
wc2026_c598e817577c,Odilon Kossounou,team_ivory_coast,Atalanta Bergamo (ITA),Defender,,,,
wc2026_7fe66542ee1c,Ousmane Diomande,team_ivory_coast,Sporting CP (POR),Defender,,,,
wc2026_a77f3d1f55e1,Wilfried Singo,team_ivory_coast,Galatasaray SK (TUR),Defender,,,,
wc2026_3fc71ec77d86,Amad Diallo,team_ivory_coast,Manchester United FC (ENG),Forward,,,,
wc2026_82a4ca7f72ae,Ange-Yoan Bonny,team_ivory_coast,FC Internazionale Milano (ITA),Forward,,,,
wc2026_6bff2b22fd13,Bazoumana Toure,team_ivory_coast,TSG Hoffenheim (GER),Forward,,,,
wc2026_f95c52282e46,Elye Wahi,team_ivory_coast,OGC Nice (FRA),Forward,,,,
wc2026_592f5f2bc353,Evann Guessand,team_ivory_coast,Crystal Palace FC (ENG),Forward,,,,
wc2026_247955524211,Nicolas Pepe,team_ivory_coast,Villarreal CF (ESP),Forward,,,,
wc2026_1b3897dc5f8f,Oumar Diakite,team_ivory_coast,Cercle Brugge (BEL),Forward,,,,
wc2026_4d617fac12e8,Simon Adingra,team_ivory_coast,AS Monaco (FRA),Forward,,,,
wc2026_7abfb787277c,Yan Diomande,team_ivory_coast,RB Leipzig (GER),Forward,,,,
wc2026_9cda68f6aa3d,Alban Lafont,team_ivory_coast,Panathinaikos FC (GRE),Goalkeeper,,,,
wc2026_86e99bca1e7b,Mohamed Kone,team_ivory_coast,Sporting Charleroi (BEL),Goalkeeper,,,,
wc2026_5a76351a312f,Yahia Fofana,team_ivory_coast,Çaykur Rizespor (TUR),Goalkeeper,,,,
wc2026_28a357571d5e,Christ Inao Oulai,team_ivory_coast,Trabzonspor (TUR),Midfielder,,,,
wc2026_4a0463c3a60d,Franck Kessie,team_ivory_coast,Al Ahli FC (KSA),Midfielder,,,,
wc2026_6cd1ed149fc3,Ibrahim Sangare,team_ivory_coast,Nottingham Forest FC (ENG),Midfielder,,,,
wc2026_d2140b216061,Jean Michael Seri,team_ivory_coast,NK Maribor (SVN),Midfielder,,,,
wc2026_b14d5f27a371,Parfait Guiagon,team_ivory_coast,Sporting Charleroi (BEL),Midfielder,,,,
wc2026_752c0a728e25,Seko Fofana,team_ivory_coast,FC Porto (POR),Midfielder,,,,
wc2026_395a8e1fba56,Ayumu Seko,team_japan,Le Havre AC (FRA),Defender,,,,
wc2026_1b9d8a512c7d,Hiroki Ito,team_japan,FC Bayern München (GER),Defender,,,,
wc2026_4fb16851f42d,Junnosuke Suzuki,team_japan,FC København (DEN),Defender,,,,
wc2026_bf5f18d9ee69,Kou Itakura,team_japan,AFC Ajax (NED),Defender,,,,
wc2026_b55bb9c27b23,Shogo Taniguchi,team_japan,Sint-Truiden VV (BEL),Defender,,,,
wc2026_a791bf19318e,Takehiro Tomiyasu,team_japan,AFC Ajax (NED),Defender,,,,
wc2026_fee04d1ed465,Tsuyoshi Watanabe,team_japan,Feyenoord Rotterdam (NED),Defender,,,,
wc2026_3e75edc1ee88,Yukinari Sugawara,team_japan,SV Werder Bremen (GER),Defender,,,,
wc2026_700a20781158,Yuto Nagatomo,team_japan,FC Tokyo (JPN),Defender,,,,
wc2026_1aa001bb7214,Ayase Ueda,team_japan,Feyenoord Rotterdam (NED),Forward,,,,
wc2026_4f008395598a,Keisuke Goto,team_japan,Sint-Truiden VV (BEL),Forward,,,,
wc2026_11b02ab100c0,Kento Shiogai,team_japan,VfL Wolfsburg (GER),Forward,,,,
wc2026_8aea06217e51,Koki Ogawa,team_japan,NEC Nijmegen (NED),Forward,,,,
wc2026_b2cc32074fcc,Keisuke Osako,team_japan,Sanfrecce Hiroshima (JPN),Goalkeeper,,,,
wc2026_8025505d7f7f,Tomoki Hayakawa,team_japan,Kashima Antlers (JPN),Goalkeeper,,,,
wc2026_7d5f767f47d5,Zion Suzuki,team_japan,Parma (ITA),Goalkeeper,,,,
wc2026_1cd24a0a96dd,Ao Tanaka,team_japan,Leeds United FC (ENG),Midfielder,,,,
wc2026_70b35e7cd65e,Daichi Kamada,team_japan,Crystal Palace FC (ENG),Midfielder,,,,
wc2026_dd6d9eec89e3,Daizen Maeda,team_japan,Celtic FC (SCO),Midfielder,,,,
wc2026_2f91eb399cf8,Junya Ito,team_japan,KRC Genk (BEL),Midfielder,,,,
wc2026_a11b48d110d3,Kaishu Sano,team_japan,1. FSV Mainz 05 (GER),Midfielder,,,,
wc2026_6940462f4d33,Keito Nakamura,team_japan,Stade Reims (FRA),Midfielder,,,,
wc2026_fb4859421f03,Ritsu Doan,team_japan,Eintracht Frankfurt (GER),Midfielder,,,,
wc2026_9b749d7cd2a5,Takefusa Kubo,team_japan,Real Sociedad (ESP),Midfielder,,,,
wc2026_14fc5e98b184,Wataru Endo,team_japan,Liverpool FC (ENG),Midfielder,,,,
wc2026_b3bfcd99dde2,Yuito Suzuki,team_japan,SC Freiburg (GER),Midfielder,,,,
wc2026_1b9a59c16283,Abdallah Nasib,team_jordan,Al Zawra'a SC (IRQ),Defender,,,,
wc2026_8b9b2ff46abd,Anas Badawi,team_jordan,Al Faisaly SC (JOR),Defender,,,,
wc2026_e26e7b3df6eb,Ehsan Haddad,team_jordan,Al Hussein SC (JOR),Defender,,,,
wc2026_e06238f4a5f2,Husam Abudahab,team_jordan,Al Faisaly SC (JOR),Defender,,,,
wc2026_4407ebc14581,Mohammad Abualnadi,team_jordan,Selangor FC (MAS),Defender,,,,
wc2026_ccf13149b706,Mohammad Abuhasheesh,team_jordan,Al Karma SC (IRQ),Defender,,,,
wc2026_8e204a61246b,Saed Alrosan,team_jordan,Al Hussein SC (JOR),Defender,,,,
wc2026_5b75ae66105f,Saleem Obaid,team_jordan,Al Hussein SC (JOR),Defender,,,,
wc2026_feba12a880bd,Yazan Alarab,team_jordan,FC Seoul (KOR),Defender,,,,
wc2026_2566a5645814,Ali Azaizeh,team_jordan,Al Shabab FC (KSA),Forward,,,,
wc2026_289407bf1d5d,Ali Olwan,team_jordan,Al Sailiya SC (QAT),Forward,,,,
wc2026_f6e596868b74,Ibrahim Sabra,team_jordan,NK Lokomotiva Zagreb (CRO),Forward,,,,
wc2026_0dcab8a0b4d1,Mahmoud Almardi,team_jordan,Al Hussein SC (JOR),Forward,,,,
wc2026_7c2b28d3717e,Mohammad Abuzraiq,team_jordan,Raja Casablanca (MAR),Forward,,,,
wc2026_075de7c2f7c2,Mousa Altamari,team_jordan,Stade Rennais FC (FRA),Forward,,,,
wc2026_4ae078f3ecda,Odeh Fakhoury,team_jordan,Pyramids FC (EGY),Forward,,,,
wc2026_eb73e9eb0730,Abdallah Alfakhori,team_jordan,Al Wahdat SC (JOR),Goalkeeper,,,,
wc2026_43fb1f9443a3,Nour Baniateyah,team_jordan,Al Faisaly SC (JOR),Goalkeeper,,,,
wc2026_5a1ebc1ea7ed,Yazeed Abulaila,team_jordan,Al Hussein SC (JOR),Goalkeeper,,,,
wc2026_4b6caf3bc6d1,Amer Jamous,team_jordan,Al Zawra'a SC (IRQ),Midfielder,,,,
wc2026_ed45350642b7,Ibrahim Sadeh,team_jordan,Al Karma SC (IRQ),Midfielder,,,,
wc2026_84c302368406,Mohammad Aldaoud,team_jordan,Al Wahdat SC (JOR),Midfielder,,,,
wc2026_ead723a091e1,Mohannad Abutaha,team_jordan,Al-Quwa Al-Jawiya (IRQ),Midfielder,,,,
wc2026_422098d78312,Nizar Alrashdan,team_jordan,Qatar SC (QAT),Midfielder,,,,
wc2026_8f33c95db3b2,Noor Alrawabdeh,team_jordan,Selangor FC (MAS),Midfielder,,,,
wc2026_5fb036d320b5,Rajaei Ayed,team_jordan,Al Hussein SC (JOR),Midfielder,,,,
wc2026_e8ca3ea7afb2,Cesar Montes,team_mexico,FC Lokomotiv Moscow (RUS),Defender,,,,
wc2026_4c98b8599f3a,Edson Alvarez,team_mexico,Fenerbahçe SK (TUR),Defender,,,,
wc2026_0d3a8a3b0371,Israel Reyes,team_mexico,Club América (MEX),Defender,,,,
wc2026_58646e4da101,Jesus Gallardo,team_mexico,Deportivo Toluca FC (MEX),Defender,,,,
wc2026_e5b8c6e941f8,Johan Vasquez,team_mexico,Genoa CFC (ITA),Defender,,,,
wc2026_113ee4e3a669,Jorge Sanchez,team_mexico,PAOK Saloniki (GRE),Defender,,,,
wc2026_cbc7260cae0a,Mateo Chavez,team_mexico,AZ Alkmaar (NED),Defender,,,,
wc2026_dada94cac2bc,Alexis Vega,team_mexico,Deportivo Toluca FC (MEX),Forward,,,,
wc2026_a32d94280d90,Armando Gonzalez,team_mexico,CD Guadalajara (MEX),Forward,,,,
wc2026_e8c306d3b81a,Cesar Huerta,team_mexico,RSC Anderlecht (BEL),Forward,,,,
wc2026_9c498321f4f4,Guillermo Martinez,team_mexico,Pumas UNAM (MEX),Forward,,,,
wc2026_fa814394179e,Julian Quinones,team_mexico,Al Qadsiah FC (KSA),Forward,,,,
wc2026_ea3b7a7332e3,Raul Jimenez,team_mexico,Fulham FC (ENG),Forward,,,,
wc2026_66ff5a34dc1b,Roberto Alvarado,team_mexico,CD Guadalajara (MEX),Forward,,,,
wc2026_06b5dd030fc9,Santiago Gimenez,team_mexico,AC Milan (ITA),Forward,,,,
wc2026_36e212a4c8b6,Carlos Acevedo,team_mexico,Club Santos Laguna (MEX),Goalkeeper,,,,
wc2026_ce1bf8b347f2,Guillermo Ochoa,team_mexico,AEL Limassol (CYP),Goalkeeper,,,,
wc2026_b1ef6529b135,Raul Rangel,team_mexico,CD Guadalajara (MEX),Goalkeeper,,,,
wc2026_f92fcdb26821,Alvaro Fidalgo,team_mexico,Real Betis (ESP),Midfielder,,,,
wc2026_c855e8adf343,Brian Gutierrez,team_mexico,CD Guadalajara (MEX),Midfielder,,,,
wc2026_5760f3c154ef,Erik Lira,team_mexico,CF Cruz Azul (MEX),Midfielder,,,,
wc2026_694c83830025,Gilberto Mora,team_mexico,Club Tijuana (MEX),Midfielder,,,,
wc2026_cf577608b711,Luis Chavez,team_mexico,FC Dynamo Moscow (RUS),Midfielder,,,,
wc2026_5f3bb96ff952,Luis Romo,team_mexico,CD Guadalajara (MEX),Midfielder,,,,
wc2026_bad86af8c33a,Obed Vargas,team_mexico,Atlético De Madrid (ESP),Midfielder,,,,
wc2026_1a8c6a435982,Orbelin Pineda,team_mexico,AEK Athens (GRE),Midfielder,,,,
wc2026_1a9f93f10171,Achraf Hakimi,team_morocco,Paris Saint-Germain (FRA),Defender,,,,
wc2026_f6fd365a2628,Anass Salah Eddine,team_morocco,PSV Eindhoven (NED),Defender,,,,
wc2026_7616c2473024,Chadi Riad,team_morocco,Crystal Palace FC (ENG),Defender,,,,
wc2026_67e783cd682c,Issa Diop,team_morocco,Fulham FC (ENG),Defender,,,,
wc2026_99a517639fcf,Nayef Aguerd,team_morocco,Olympique Marseille (FRA),Defender,,,,
wc2026_6a3fb92f7fb9,Noussair Mazraoui,team_morocco,Manchester United FC (ENG),Defender,,,,
wc2026_6aec780bbe0e,Redouane Halhal,team_morocco,KV Mechelen (BEL),Defender,,,,
wc2026_76b199277780,Youssef Belammari,team_morocco,Al Ahly FC (EGY),Defender,,,,
wc2026_70f178bc4abf,Zakaria el Ouahdi,team_morocco,KRC Genk (BEL),Defender,,,,
wc2026_19e75250e022,Abde Ezzalzouli,team_morocco,Real Betis (ESP),Forward,,,,
wc2026_df64ead0b030,Ayoub el Kaabi,team_morocco,Olympiacos FC (GRE),Forward,,,,
wc2026_d7dc27099aa0,Ayoube Amaimouni,team_morocco,Eintracht Frankfurt (GER),Forward,,,,
wc2026_65e874cdde7f,Brahim Diaz,team_morocco,Real Madrid C. F. (ESP),Forward,,,,
wc2026_64c6c88a925e,Soufiane Rahimi,team_morocco,Al Ain FC (UAE),Forward,,,,
wc2026_855ea7e870fa,Ahmed Reda Tagnaouti,team_morocco,ASFAR (MAR),Goalkeeper,,,,
wc2026_ee93b9198afe,Munir el Kajoui,team_morocco,RS Berkane (MAR),Goalkeeper,,,,
wc2026_75f223d8cb7b,Yassine Bounou,team_morocco,Al Hilal SC (KSA),Goalkeeper,,,,
wc2026_381e42493396,Ayyoub Bouaddi,team_morocco,Lille OSC (FRA),Midfielder,,,,
wc2026_053d7eb135c0,Azzedine Ounahi,team_morocco,Girona FC (ESP),Midfielder,,,,
wc2026_4fa9691771c3,Bilal el Khannouss,team_morocco,VfB Stuttgart (GER),Midfielder,,,,
wc2026_f74d6f70b325,Chemsdine Talbi,team_morocco,Sunderland AFC (ENG),Midfielder,,,,
wc2026_9d4606bf08f8,Gessime Yassine,team_morocco,RC Strasbourg (FRA),Midfielder,,,,
wc2026_bbec7f9d46a4,Ismael Saibari,team_morocco,PSV Eindhoven (NED),Midfielder,,,,
wc2026_56d5748ebfa9,Neil el Aynaoui,team_morocco,AS Roma (ITA),Midfielder,,,,
wc2026_a9d0eec0dbbe,Samir el Mourabet,team_morocco,RC Strasbourg (FRA),Midfielder,,,,
wc2026_df458aaae908,Sofyan Amrabat,team_morocco,Real Betis (ESP),Midfielder,,,,
wc2026_ee9e1f9a1051,Denzel Dumfries,team_netherlands,FC Internazionale Milano (ITA),Defender,,,,
wc2026_81cda9b8954c,Jan Paul van Hecke,team_netherlands,Brighton & Hove Albion FC (ENG),Defender,,,,
wc2026_42f50d361644,Jorrel Hato,team_netherlands,Chelsea FC (ENG),Defender,,,,
wc2026_f3fc9ae98a96,Jurrien Timber,team_netherlands,Arsenal FC (ENG),Defender,,,,
wc2026_d52701e1071e,Mats Wieffer,team_netherlands,Brighton & Hove Albion FC (ENG),Defender,,,,
wc2026_e835aed6cd72,Micky van de Ven,team_netherlands,Tottenham Hotspur FC (ENG),Defender,,,,
wc2026_12c76cc44e15,Nathan Ake,team_netherlands,Manchester City FC (ENG),Defender,,,,
wc2026_e10a8f035532,Virgil van Dijk,team_netherlands,Liverpool FC (ENG),Defender,,,,
wc2026_649f2ef15f82,Brian Brobbey,team_netherlands,Sunderland AFC (ENG),Forward,,,,
wc2026_47438986488c,Cody Gakpo,team_netherlands,Liverpool FC (ENG),Forward,,,,
wc2026_9374678b8a91,Crysencio Summerville,team_netherlands,West Ham United FC (ENG),Forward,,,,
wc2026_22cc4f3998cc,Donyell Malen,team_netherlands,AS Roma (ITA),Forward,,,,
wc2026_101a96ada4db,Memphis Depay,team_netherlands,SC Corinthians (BRA),Forward,,,,
wc2026_3e3f6dd92c4c,Noa Lang,team_netherlands,Galatasaray SK (TUR),Forward,,,,
wc2026_ee52ee51d98d,Wout Weghorst,team_netherlands,AFC Ajax (NED),Forward,,,,
wc2026_4464b04021d8,Bart Verbruggen,team_netherlands,Brighton & Hove Albion FC (ENG),Goalkeeper,,,,
wc2026_628b26adfa75,Mark Flekken,team_netherlands,Bayer 04 Leverkusen (GER),Goalkeeper,,,,
wc2026_19666fed10da,Robin Roefs,team_netherlands,Sunderland AFC (ENG),Goalkeeper,,,,
wc2026_58b939df7937,Frenkie de Jong,team_netherlands,FC Barcelona (ESP),Midfielder,,,,
wc2026_c0a45d8088d8,Guus Til,team_netherlands,PSV Eindhoven (NED),Midfielder,,,,
wc2026_b853bba603a4,Justin Kluivert,team_netherlands,AFC Bournemouth (ENG),Midfielder,,,,
wc2026_f1a710fcd71d,Marten de Roon,team_netherlands,Atalanta Bergamo (ITA),Midfielder,,,,
wc2026_a426dda0fd72,Quinten Timber,team_netherlands,Olympique Marseille (FRA),Midfielder,,,,
wc2026_d0a4e2119495,Ryan Gravenberch,team_netherlands,Liverpool FC (ENG),Midfielder,,,,
wc2026_991d3f0b4b7e,Teun Koopmeiners,team_netherlands,Juventus FC (ITA),Midfielder,,,,
wc2026_070d3030c8ec,Tijjani Reijnders,team_netherlands,Manchester City FC (ENG),Midfielder,,,,
wc2026_20dc3a44fea9,Callan Elliot,team_new_zealand,Auckland FC (NZL),Defender,,,,
wc2026_1e44aaf433d7,Finn Surman,team_new_zealand,Portland Timbers (USA),Defender,,,,
wc2026_8a75b2dda293,Francis de Vries,team_new_zealand,Auckland FC (NZL),Defender,,,,
wc2026_ccfdf1cc36dc,Liberato Cacace,team_new_zealand,Wrexham AFC (WAL),Defender,,,,
wc2026_21dd03cc8f08,Michael Boxall,team_new_zealand,Minnesota United FC (USA),Defender,,,,
wc2026_35fa2f0778e9,Nando Pijnaker,team_new_zealand,Auckland FC (NZL),Defender,,,,
wc2026_487b6c05df0c,Tim Payne,team_new_zealand,Wellington Phoenix FC (NZL),Defender,,,,
wc2026_05d7555908f6,Tommy Smith,team_new_zealand,Braintree Town FC (ENG),Defender,,,,
wc2026_9afe4739243d,Tyler Bindon,team_new_zealand,Shefield United FC (ENG),Defender,,,,
wc2026_257efc3ab893,Ben Waine,team_new_zealand,Port Vale FC (ENG),Forward,,,,
wc2026_1b8c5b615c2d,Chris Wood,team_new_zealand,Nottingham Forest FC (ENG),Forward,,,,
wc2026_d6669ca81060,Jesse Randall,team_new_zealand,Auckland FC (NZL),Forward,,,,
wc2026_18bea3a1dba3,Kosta Barbarouses,team_new_zealand,WS Wanderers FC (AUS),Forward,,,,
wc2026_9b5148726816,Alex Paulsen,team_new_zealand,Lechia Gdańsk (POL),Goalkeeper,,,,
wc2026_caadebeea7ed,Max Crocombe,team_new_zealand,Millwall FC (ENG),Goalkeeper,,,,
wc2026_c9aee3e7fc22,Michael Woud,team_new_zealand,Auckland FC (NZL),Goalkeeper,,,,
wc2026_f6c22de1e9e7,Alex Rufer,team_new_zealand,Wellington Phoenix FC (NZL),Midfielder,,,,
wc2026_d25ae765ef61,Ben Old,team_new_zealand,AS Saint-Etienne (FRA),Midfielder,,,,
wc2026_37dfb80d2596,Elijah Just,team_new_zealand,Motherwell FC (SCO),Midfielder,,,,
wc2026_2eae391a8cbf,Joe Bell,team_new_zealand,Viking Stavanger (NOR),Midfielder,,,,
wc2026_927cf9655a6e,Lachlan Bayliss,team_new_zealand,Newcastle United Jets FC (AUS),Midfielder,,,,
wc2026_4417417ca85d,Marko Stamenic,team_new_zealand,Swansea City AFC (WAL),Midfielder,,,,
wc2026_1c33f1fcfceb,Matthew Garbett,team_new_zealand,Peterborough United FC (ENG),Midfielder,,,,
wc2026_b576e3911538,McCOWATT Callum,team_new_zealand,Silkeborg IF (DEN),Midfielder,,,,
wc2026_1ff726d7434a,Ryan Thomas,team_new_zealand,PEC Zwolle (NED),Midfielder,,,,
wc2026_3e4da25cae25,Sarpreet Singh,team_new_zealand,Wellington Phoenix FC (NZL),Midfielder,,,,
wc2026_11105797516d,David Moller Wolfe,team_norway,Wolverhampton Wanderers FC (ENG),Defender,,,,
wc2026_ea107226cef2,Fredrik Andre Bjorkan,team_norway,FK Bodø/Glimt (NOR),Defender,,,,
wc2026_2590581bf449,Henrik Falchener,team_norway,Viking Stavanger (NOR),Defender,,,,
wc2026_1b6c51c5128d,Kristoffer Ajer,team_norway,Brentford FC (ENG),Defender,,,,
wc2026_9cee6de08724,Leo Ostigard,team_norway,Genoa CFC (ITA),Defender,,,,
wc2026_9786e49b76c0,Marcus Holmgren Pedersen,team_norway,Torino FC (ITA),Defender,,,,
wc2026_8ecf546e52e8,Sondre Langas,team_norway,Derby County FC (ENG),Defender,,,,
wc2026_6817c22bc04b,Torbjorn Heggem,team_norway,Bologna FC (ITA),Defender,,,,
wc2026_fe1d567c87f2,Alexander Sorloth,team_norway,Atlético De Madrid (ESP),Forward,,,,
wc2026_34e7c4b9e390,Antonio Nusa,team_norway,RB Leipzig (GER),Forward,,,,
wc2026_646adb146e6b,Erling Haaland,team_norway,Manchester City FC (ENG),Forward,,,,
wc2026_c5f96e8ed34a,Jorgen Strand Larsen,team_norway,Crystal Palace FC (ENG),Forward,,,,
wc2026_5df94c101f35,Julian Ryerson,team_norway,Borussia Dortmund (GER),Forward,,,,
wc2026_b58339eb77e5,Egil Selvik,team_norway,Watford FC (ENG),Goalkeeper,,,,
wc2026_612ec1d8ffd7,Orjan Nyland,team_norway,Sevilla FC (ESP),Goalkeeper,,,,
wc2026_35688f5e5425,Sander Tangvik,team_norway,Hamburger SV (GER),Goalkeeper,,,,
wc2026_85f6358b082f,Andreas Schjelderup,team_norway,SL Benfica (POR),Midfielder,,,,
wc2026_d78fc3b85426,Fredrik Aursnes,team_norway,SL Benfica (POR),Midfielder,,,,
wc2026_6c0d0f33a37c,Jens Petter Hauge,team_norway,FK Bodø/Glimt (NOR),Midfielder,,,,
wc2026_604d798b5b73,Kristian Thorstvedt,team_norway,US Sassuolo (ITA),Midfielder,,,,
wc2026_d1c87c7a3f75,Martin Odegaard,team_norway,Arsenal FC (ENG),Midfielder,,,,
wc2026_14a393335de8,Morten Thorsby,team_norway,US Cremonese (ITA),Midfielder,,,,
wc2026_011d613759c2,Oscar Bobb,team_norway,Fulham FC (ENG),Midfielder,,,,
wc2026_76d634043c1e,Patrick Berg,team_norway,FK Bodø/Glimt (NOR),Midfielder,,,,
wc2026_1856a692722c,Sander Berge,team_norway,Fulham FC (ENG),Midfielder,,,,
wc2026_6faa13a8e1fa,Thelo Aasgaard,team_norway,Rangers FC (SCO),Midfielder,,,,
wc2026_280215e09a61,Amir Murillo,team_panama,Beşiktaş JK (TUR),Defender,,,,
wc2026_3c4019e9dc8f,Andres Andrade,team_panama,LASK Linz (AUT),Defender,,,,
wc2026_a86c5597f9c5,Carlos Harvey,team_panama,Minnesota United FC (USA),Defender,,,,
wc2026_e8d4de00de80,Cesar Blackman,team_panama,ŠK Slovan Bratislava (SVK),Defender,,,,
wc2026_14089f394cc4,Edgardo Farina,team_panama,FC Pari Nizhny Novgorod (RUS),Defender,,,,
wc2026_1dc9c8bbc657,Eric Davis,team_panama,CD Plaza Amador (PAN),Defender,,,,
wc2026_ee313d69bf8b,Fidel Escobar,team_panama,Deportivo Saprissa (CRC),Defender,,,,
wc2026_f3f7659b4c18,Jiovany Ramos,team_panama,Puerto Cabello CF (VEN),Defender,,,,
wc2026_a35f6f6b525a,Jorge Gutierrez,team_panama,Deportivo La Guaira (VEN),Defender,,,,
wc2026_75107e596620,Jose Cordoba,team_panama,Norwich City FC (ENG),Defender,,,,
wc2026_448197065c7a,Roderick Miller,team_panama,Turan Tovuz (AZE),Defender,,,,
wc2026_c218757d1111,Azarias Londono,team_panama,CD Universidad Católica (ECU),Forward,,,,
wc2026_51d32d94a5ef,Cecilio Waterman,team_panama,CD Universidad De Concepción (CHI),Forward,,,,
wc2026_1564c5d4f726,Jose Fajardo,team_panama,CD Universidad Católica (ECU),Forward,,,,
wc2026_9dc1ce7946c8,Tomas Rodriguez,team_panama,Deportivo Saprissa (CRC),Forward,,,,
wc2026_4cf3f0408342,Cesar Samudio,team_panama,CD Marathón (HON),Goalkeeper,,,,
wc2026_a8e64d234ad7,Luis Mejia,team_panama,Club Nacional (URU),Goalkeeper,,,,
wc2026_7ab052bfe9c9,Orlando Mosquera,team_panama,Al Fayha FC (KSA),Goalkeeper,,,,
wc2026_3b643f39b4f2,Adalberto Carrasquilla,team_panama,Pumas UNAM (MEX),Midfielder,,,,
wc2026_e399dcddd43a,Alberto Quintero,team_panama,CD Plaza Amador (PAN),Midfielder,,,,
wc2026_eb2e95228ce7,Anibal Godoy,team_panama,San Diego FC (USA),Midfielder,,,,
wc2026_81f4d2435b71,Cesar Yanis,team_panama,CD Cobresal (CHI),Midfielder,,,,
wc2026_4d2bb4338997,Cristian Martinez,team_panama,Hapoel Kiryat Shmona FC (ISR),Midfielder,,,,
wc2026_e738eee483b1,Edgar Yoel Barcenas,team_panama,Mazatlán FC (MEX),Midfielder,,,,
wc2026_9badb9475e8a,Ismael Diaz,team_panama,Club León (MEX),Midfielder,,,,
wc2026_60b7fdabf7a8,Jose Luis Rodriguez,team_panama,FC Juárez (MEX),Midfielder,,,,
wc2026_bb0f72f206bc,Alexandro Maidana,team_paraguay,CA Talleres (ARG),Defender,,,,
wc2026_cf9f550ae5c1,Fabian Balbuena,team_paraguay,Grêmio FBPA (BRA),Defender,,,,
wc2026_1e2be19354b2,Gustavo Gomez,team_paraguay,SE Palmeiras (BRA),Defender,,,,
wc2026_d09cae62872b,Gustavo Velazquez,team_paraguay,Cerro Porteño (PAR),Defender,,,,
wc2026_64f23f3f8cae,Jose Canale,team_paraguay,CA Lanús (ARG),Defender,,,,
wc2026_5af47bad04d0,Juan Jose Caceres,team_paraguay,FC Dynamo Moscow (RUS),Defender,,,,
wc2026_22db5cbe64d5,Junior Alonso,team_paraguay,Atlético Mineiro (BRA),Defender,,,,
wc2026_60899ef71f80,Omar Alderete,team_paraguay,Sunderland AFC (ENG),Defender,,,,
wc2026_566ee966388f,Alejandro Romero Gamarra,team_paraguay,Al Ain FC (UAE),Forward,,,,
wc2026_b9e4845aff7d,Alex Arce,team_paraguay,CS Independiente Rivadavia (ARG),Forward,,,,
wc2026_582f4e7b6394,Antonio Sanabria,team_paraguay,US Cremonese (ITA),Forward,,,,
wc2026_5d7ae4a8fb9f,Gabriel Avalos,team_paraguay,CA Independiente (ARG),Forward,,,,
wc2026_a63696f96635,Isidro Pitta,team_paraguay,Red Bull Bragantino (BRA),Forward,,,,
wc2026_2e1608f86cd4,Julio Enciso,team_paraguay,RC Strasbourg (FRA),Forward,,,,
wc2026_ee5b8c7abdca,Gaston Olveira,team_paraguay,Club Olimpia (PAR),Goalkeeper,,,,
wc2026_8b80e8b6687c,Gatito Fernandez,team_paraguay,Cerro Porteño (PAR),Goalkeeper,,,,
wc2026_97843d8418c0,Orlando Gill,team_paraguay,CA San Lorenzo (ARG),Goalkeeper,,,,
wc2026_5d52dfbec1ba,Andres Cubas,team_paraguay,Vancouver Whitecaps FC (CAN),Midfielder,,,,
wc2026_2eaf67163a15,Braian Ojeda,team_paraguay,Orlando City SC (USA),Midfielder,,,,
wc2026_eb3da3c6d82a,Damian Bobadilla,team_paraguay,São Paulo FC (BRA),Midfielder,,,,
wc2026_fc19628d1a90,Diego Gomez,team_paraguay,Brighton & Hove Albion FC (ENG),Midfielder,,,,
wc2026_9efe4d016104,Gustavo Caballero,team_paraguay,Portsmouth FC (ENG),Midfielder,,,,
wc2026_0f6bb7e60798,Matias Galarza,team_paraguay,Atlanta United FC (USA),Midfielder,,,,
wc2026_1834f9863ecb,Mauricio,team_paraguay,SE Palmeiras (BRA),Midfielder,,,,
wc2026_01ffa0ed3850,Miguel Almiron,team_paraguay,Atlanta United FC (USA),Midfielder,,,,
wc2026_fe399eeb6e1f,Ramon Sosa,team_paraguay,SE Palmeiras (BRA),Midfielder,,,,
wc2026_b53ef0b45d5a,Diogo Dalot,team_portugal,Manchester United FC (ENG),Defender,,,,
wc2026_22d96a91e251,Goncalo Inacio,team_portugal,Sporting CP (POR),Defender,,,,
wc2026_5c57f0f97c5d,Joao Cancelo,team_portugal,FC Barcelona (ESP),Defender,,,,
wc2026_000706f575fe,Nelson Semedo,team_portugal,Fenerbahçe SK (TUR),Defender,,,,
wc2026_06947f1cd63c,Nuno Mendes,team_portugal,Paris Saint-Germain (FRA),Defender,,,,
wc2026_ca935c63bac0,Renato Veiga,team_portugal,Villarreal CF (ESP),Defender,,,,
wc2026_b86ab4e7a91a,Ruben Dias,team_portugal,Manchester City FC (ENG),Defender,,,,
wc2026_8f4b162eab79,Samu Costa,team_portugal,RCD Mallorca (ESP),Defender,,,,
wc2026_f54bc12a8729,Tomas Araujo,team_portugal,SL Benfica (POR),Defender,,,,
wc2026_6e66961cd9fd,Cristiano Ronaldo,team_portugal,Al Nassr FC (KSA),Forward,,,,
wc2026_d22bc68a6798,Francisco Conceicao,team_portugal,Juventus FC (ITA),Forward,,,,
wc2026_751c8ccfd7fa,Francisco Trincao,team_portugal,Sporting CP (POR),Forward,,,,
wc2026_d3e6b2a8da55,Goncalo Guedes,team_portugal,Real Sociedad (ESP),Forward,,,,
wc2026_2311cbd63a4f,Goncalo Ramos,team_portugal,Paris Saint-Germain (FRA),Forward,,,,
wc2026_4a47befd22e0,Joao Felix,team_portugal,Al Nassr FC (KSA),Forward,,,,
wc2026_a18488ff2fb1,Pedro Neto,team_portugal,Chelsea FC (ENG),Forward,,,,
wc2026_727ba7219621,Rafael Leao,team_portugal,AC Milan (ITA),Forward,,,,
wc2026_6398d7cb2892,Diogo Costa,team_portugal,FC Porto (POR),Goalkeeper,,,,
wc2026_b7a83e280446,Jose Sa,team_portugal,Wolverhampton Wanderers FC (ENG),Goalkeeper,,,,
wc2026_09fb6a2a4603,Rui Silva,team_portugal,Sporting CP (POR),Goalkeeper,,,,
wc2026_b3dc8a826725,Bernardo Silva,team_portugal,Manchester City FC (ENG),Midfielder,,,,
wc2026_2eb1bd014c98,Bruno Fernandes,team_portugal,Manchester United FC (ENG),Midfielder,,,,
wc2026_53beb01d3f0c,Joao Neves,team_portugal,Paris Saint-Germain (FRA),Midfielder,,,,
wc2026_5b878dbf1432,Matheus Nunes,team_portugal,Manchester City FC (ENG),Midfielder,,,,
wc2026_1b21a427d520,Ruben Neves,team_portugal,Al Hilal SC (KSA),Midfielder,,,,
wc2026_24c46dba027a,Vitinha,team_portugal,Paris Saint-Germain (FRA),Midfielder,,,,
wc2026_4205c6c17e61,Alhashmi Alhussein,team_qatar,Al Arabi SC (QAT),Defender,,,,
wc2026_f737fa1018f6,Ayoub Aloui,team_qatar,Al Gharafa SC (QAT),Defender,,,,
wc2026_d710d7e43405,Boualem Khoukhi,team_qatar,Al Sadd SC (QAT),Defender,,,,
wc2026_92c6ddeacafa,Homam Ahmed,team_qatar,Cultural Leonesa (ESP),Defender,,,,
wc2026_f886c16903b8,Issa Laye,team_qatar,Al Arabi SC (QAT),Defender,,,,
wc2026_f6267ea15d3e,Jassem Gaber,team_qatar,Al Rayyan SC (QAT),Defender,,,,
wc2026_70580ce8c98e,Lucas Mendes,team_qatar,Al Wakrah SC (QAT),Defender,,,,
wc2026_97968e1abfe4,Pedro Miguel,team_qatar,Al Sadd SC (QAT),Defender,,,,
wc2026_e5129eeed0c6,Sultan Albrake,team_qatar,Al Duhail SC (QAT),Defender,,,,
wc2026_02bac7fd7db4,Ahmed Alaaeldin,team_qatar,Al Rayyan SC (QAT),Forward,,,,
wc2026_bacc31a8fb9f,Akram Afif,team_qatar,Al Sadd SC (QAT),Forward,,,,
wc2026_c1b4b86f1d09,Almoez Ali,team_qatar,Al Duhail SC (QAT),Forward,,,,
wc2026_631a9e62fc8b,Edmilson Junior,team_qatar,Al Duhail SC (QAT),Forward,,,,
wc2026_55a345695834,Hassan Alhaydos,team_qatar,Al Sadd SC (QAT),Forward,,,,
wc2026_101df39b3738,Mohamed Manai,team_qatar,Al Shamal SC (QAT),Forward,,,,
wc2026_f0c1a42255d2,Mohammed Muntari,team_qatar,Al Gharafa SC (QAT),Forward,,,,
wc2026_4a3f632ed224,Tahsin Jamshid,team_qatar,Al Duhail SC (QAT),Forward,,,,
wc2026_9f4f5b7e5496,Yusuf Abdurisag,team_qatar,Al Wakrah SC (QAT),Forward,,,,
wc2026_e1a61fc3252f,Mahmoud Abunada,team_qatar,Al Rayyan SC (QAT),Goalkeeper,,,,
wc2026_e0b3411c8fd7,Meshaal Barsham,team_qatar,Al Sadd SC (QAT),Goalkeeper,,,,
wc2026_87d60178ca64,Salah Zakaria,team_qatar,Al Duhail SC (QAT),Goalkeeper,,,,
wc2026_f2d4e30d7ca3,Abdulaziz Hatem,team_qatar,Al Rayyan SC (QAT),Midfielder,,,,
wc2026_71ac373f8c92,Ahmed Alganehi,team_qatar,Al Gharafa SC (QAT),Midfielder,,,,
wc2026_4c2f465d58ee,Ahmed Fathy,team_qatar,Al Arabi SC (QAT),Midfielder,,,,
wc2026_92e88aa3129b,Assim Madibo,team_qatar,Al Wakrah SC (QAT),Midfielder,,,,
wc2026_15d7521cbf93,Karim Boudiaf,team_qatar,Al Duhail SC (QAT),Midfielder,,,,
wc2026_162cf4c4efb1,Abdulelah Alamri,team_saudi_arabia,Al Nassr FC (KSA),Defender,,,,
wc2026_47df9b511045,Ali Lajami,team_saudi_arabia,Al Hilal SC (KSA),Defender,,,,
wc2026_475c47cabc92,Ali Majrashi,team_saudi_arabia,Al Ahli FC (KSA),Defender,,,,
wc2026_b6e28924d9fb,Hassan Altambakti,team_saudi_arabia,Al Hilal SC (KSA),Defender,,,,
wc2026_5a0a5a409c83,Hassan Kadish,team_saudi_arabia,Al Ittihad (KSA),Defender,,,,
wc2026_976c13d6789f,Jehad Thikri,team_saudi_arabia,Al Qadsiah FC (KSA),Defender,,,,
wc2026_17df7a779ebf,Mohammed Abu Alshamat,team_saudi_arabia,Al Qadsiah FC (KSA),Defender,,,,
wc2026_9993ab88c57a,Moteb Alharbi,team_saudi_arabia,Al Hilal SC (KSA),Defender,,,,
wc2026_7e58de939b1d,Nawaf Bu Washl,team_saudi_arabia,Al Nassr FC (KSA),Defender,,,,
wc2026_c17f31d8255c,Saud Abdulhamid,team_saudi_arabia,RC Lens (FRA),Defender,,,,
wc2026_dcf743043162,Abdullah Alhamddan,team_saudi_arabia,Al Nassr FC (KSA),Forward,,,,
wc2026_8b851a258196,Aiman Yahya,team_saudi_arabia,Al Nassr FC (KSA),Forward,,,,
wc2026_ceddc8a60d75,Feras Albrikan,team_saudi_arabia,Al Ahli FC (KSA),Forward,,,,
wc2026_1240a6b4cc8b,Khalid Alghannam,team_saudi_arabia,Al Ettifaq FC (KSA),Forward,,,,
wc2026_7005e03f8fae,Saleh Alshehri,team_saudi_arabia,Al Ittihad (KSA),Forward,,,,
wc2026_55440c601384,Salem Aldawsari,team_saudi_arabia,Al Hilal SC (KSA),Forward,,,,
wc2026_64055c08fa46,Sultan Mandash,team_saudi_arabia,Al Hilal SC (KSA),Forward,,,,
wc2026_a6085bf3d80f,Ahmed Alkassar,team_saudi_arabia,Al Qadsiah FC (KSA),Goalkeeper,,,,
wc2026_5ab8816899b8,Mohammed Alowais,team_saudi_arabia,Al Ula Saudi FC (KSA),Goalkeeper,,,,
wc2026_bed58942d4ed,Nawaf Alaqidi,team_saudi_arabia,Al Nassr FC (KSA),Goalkeeper,,,,
wc2026_e0e40e36f6f6,Abdullah Alkhaibari,team_saudi_arabia,Al Nassr FC (KSA),Midfielder,,,,
wc2026_b67cf1e5232f,Ala Alhajji,team_saudi_arabia,Neom SC (KSA),Midfielder,,,,
wc2026_1b0992e5deba,Mohamed Kanno,team_saudi_arabia,Al Hilal SC (KSA),Midfielder,,,,
wc2026_c003efac3f5e,Musab Aljuwayr,team_saudi_arabia,Al Qadsiah FC (KSA),Midfielder,,,,
wc2026_ac23bf5032a0,Nasser Aldawsari,team_saudi_arabia,Al Hilal SC (KSA),Midfielder,,,,
wc2026_cbe26d1273d4,Ziyad Aljohani,team_saudi_arabia,Al Ahli FC (KSA),Midfielder,,,,
wc2026_f711622c7040,Aaron Hickey,team_scotland,Brentford FC (ENG),Defender,,,,
wc2026_3afa6599c5b9,Andy Robertson,team_scotland,Liverpool FC (ENG),Defender,,,,
wc2026_333b80c19134,Anthony Ralston,team_scotland,Celtic FC (SCO),Defender,,,,
wc2026_82bf82c27b7d,Dominic Hyam,team_scotland,Wrexham AFC (WAL),Defender,,,,
wc2026_c6cc118514f6,Grant Hanley,team_scotland,Hibernian FC (SCO),Defender,,,,
wc2026_b207bbf0e4a9,Jack Hendry,team_scotland,Al Ettifaq FC (KSA),Defender,,,,
wc2026_5ce13d52322c,John Souttar,team_scotland,Rangers FC (SCO),Defender,,,,
wc2026_bc1e0bc740bd,Kieran Tierney,team_scotland,Celtic FC (SCO),Defender,,,,
wc2026_6785f3544cc2,McKENNA Scott,team_scotland,GNK Dinamo Zagreb (CRO),Defender,,,,
wc2026_553af55ff9c7,Nathan Patterson,team_scotland,Everton FC (ENG),Defender,,,,
wc2026_b46afd1680f5,Ben Gannon-Doak,team_scotland,AFC Bournemouth (ENG),Forward,,,,
wc2026_38bbd719f19e,Che Adams,team_scotland,Torino FC (ITA),Forward,,,,
wc2026_13b20786ef06,Findlay Curtis,team_scotland,Kilmarnock FC (SCO),Forward,,,,
wc2026_c2f690993cb8,George Hirst,team_scotland,Ipswich Town FC (ENG),Forward,,,,
wc2026_3542fa3b8ff8,Lawrence Shankland,team_scotland,Heart Of Midlothian FC (SCO),Forward,,,,
wc2026_faa434191c3f,Lyndon Dykes,team_scotland,Charlton Athletic FC (ENG),Forward,,,,
wc2026_36c9948c21e4,Ross Stewart,team_scotland,Southampton FC (ENG),Forward,,,,
wc2026_2889dc1712a0,Angus Gunn,team_scotland,Nottingham Forest FC (ENG),Goalkeeper,,,,
wc2026_cc3f2af7f4f7,Craig Gordon,team_scotland,Heart Of Midlothian FC (SCO),Goalkeeper,,,,
wc2026_62bfa93f1ec8,Liam Kelly,team_scotland,Rangers FC (SCO),Goalkeeper,,,,
wc2026_219ce6af92bd,Lewis Ferguson,team_scotland,Bologna FC (ITA),Midfielder,,,,
wc2026_bba4705dc817,McGINN John,team_scotland,Aston Villa FC (ENG),Midfielder,,,,
wc2026_8253f4db2610,McLEAN Kenny,team_scotland,Norwich City FC (ENG),Midfielder,,,,
wc2026_c9ead7ef7f4a,McTOMINAY Scott,team_scotland,SSC Napoli (ITA),Midfielder,,,,
wc2026_a7c2dac2aea1,Ryan Christie,team_scotland,AFC Bournemouth (ENG),Midfielder,,,,
wc2026_c59f60fe9f09,Tyler Fletcher,team_scotland,Manchester United FC (ENG),Midfielder,,,,
wc2026_d82effe5a754,Abdoulaye Seck,team_senegal,Maccabi Haifa FC (ISR),Defender,,,,
wc2026_9b4607fe3dab,Antoine Mendy,team_senegal,OGC Nice (FRA),Defender,,,,
wc2026_74e56beb03a2,Ismail Jakobs,team_senegal,Galatasaray SK (TUR),Defender,,,,
wc2026_e73fd02e3ff0,Kalidou Koulibaly,team_senegal,Al Hilal SC (KSA),Defender,,,,
wc2026_dccbbfe9f461,Krepin Diatta,team_senegal,AS Monaco (FRA),Defender,,,,
wc2026_e9ee5e2e9645,Mamadou Sarr,team_senegal,Chelsea FC (ENG),Defender,,,,
wc2026_ba2117226846,Moussa Niakhate,team_senegal,Olympique Lyonnais (FRA),Defender,,,,
wc2026_d9b35e2aa938,el Hadji Malick Diouf,team_senegal,West Ham United FC (ENG),Defender,,,,
wc2026_9c47588d510b,Assane Diao,team_senegal,Como (ITA),Forward,,,,
wc2026_a40e7d01df5c,Bamba Dieng,team_senegal,FC Lorient (FRA),Forward,,,,
wc2026_90ccf10b5fd8,Cherif Ndiaye,team_senegal,Samsunspor (TUR),Forward,,,,
wc2026_9db7f583a64b,Ibrahim Mbaye,team_senegal,Paris Saint-Germain (FRA),Forward,,,,
wc2026_edfefa42dcb7,Iliman Ndiaye,team_senegal,Everton FC (ENG),Forward,,,,
wc2026_9f0796d9bbce,Ismaila Sarr,team_senegal,Crystal Palace FC (ENG),Forward,,,,
wc2026_6d0def6a4b8c,Nicolas Jackson,team_senegal,FC Bayern München (GER),Forward,,,,
wc2026_b5ed09592af4,Sadio Mane,team_senegal,Al Nassr FC (KSA),Forward,,,,
wc2026_cf9b90670fa3,Edouard Mendy,team_senegal,Al Ahli FC (KSA),Goalkeeper,,,,
wc2026_1d01f11ad90a,Mory Diaw,team_senegal,Le Havre AC (FRA),Goalkeeper,,,,
wc2026_7326ffaa0e34,Yehvann Diouf,team_senegal,OGC Nice (FRA),Goalkeeper,,,,
wc2026_e35e6af4c8cf,Bara Sapoko Ndiaye,team_senegal,FC Bayern München (GER),Midfielder,,,,
wc2026_199f3ab7f0fe,Habib Diarra,team_senegal,Sunderland AFC (ENG),Midfielder,,,,
wc2026_3f8b2d75b40b,Idrissa Gana Gueye,team_senegal,Everton FC (ENG),Midfielder,,,,
wc2026_6729145edd01,Lamine Camara,team_senegal,AS Monaco (FRA),Midfielder,,,,
wc2026_e168f857212f,Pape Gueye,team_senegal,Villarreal CF (ESP),Midfielder,,,,
wc2026_bfaa8ceff172,Pape Matar Sarr,team_senegal,Tottenham Hotspur FC (ENG),Midfielder,,,,
wc2026_7f5c18083497,Pathe Ciss,team_senegal,Rayo Vallecano (ESP),Midfielder,,,,
wc2026_a9ae764d1cf7,Aubrey Modiba,team_south_africa,Mamelodi Sundowns FC (RSA),Defender,,,,
wc2026_71c01748ec9d,Bradley Cross,team_south_africa,Kaizer Chiefs FC (RSA),Defender,,,,
wc2026_332407ffa166,Ime Okon,team_south_africa,Hannover 96 (GER),Defender,,,,
wc2026_de934adcf747,Khuliso Mudau,team_south_africa,Mamelodi Sundowns FC (RSA),Defender,,,,
wc2026_36ff0201db0a,Khulumani Ndamane,team_south_africa,Mamelodi Sundowns FC (RSA),Defender,,,,
wc2026_91843f6363a5,Mbekezeli Mbokazi,team_south_africa,Chicago Fire FC (USA),Defender,,,,
wc2026_41cfe1c63564,Nkosinathi Sibisi,team_south_africa,Orlando Pirates FC (RSA),Defender,,,,
wc2026_07ccf47523af,Olwethu Makhanya,team_south_africa,Philadelphia Union (USA),Defender,,,,
wc2026_538955b309ab,Samukele Kabini,team_south_africa,Molde FK (NOR),Defender,,,,
wc2026_ec898dbf22ca,Thabang Matuludi,team_south_africa,Polokwane City FC (RSA),Defender,,,,
wc2026_8c04f6253776,Evidence Makgopa,team_south_africa,Orlando Pirates FC (RSA),Forward,,,,
wc2026_d28ca06224e5,Iqraam Rayners,team_south_africa,Mamelodi Sundowns FC (RSA),Forward,,,,
wc2026_d2f3bcb593ab,Kamogelo Sebelebele,team_south_africa,Orlando Pirates FC (RSA),Forward,,,,
wc2026_b02d21f2bbb7,Lyle Foster,team_south_africa,Burnley FC (ENG),Forward,,,,
wc2026_9385ef973e1b,Oswin Appollis,team_south_africa,Orlando Pirates FC (RSA),Forward,,,,
wc2026_b65790930161,Relebohile Mofokeng,team_south_africa,Orlando Pirates FC (RSA),Forward,,,,
wc2026_63ed1ef35434,Thapelo Maseko,team_south_africa,AEL Limassol (CYP),Forward,,,,
wc2026_3a7d3a47c94c,Tshepang Moremi,team_south_africa,Orlando Pirates FC (RSA),Forward,,,,
wc2026_8b681b11bc94,Ricardo Goss,team_south_africa,Siwelele FC (RSA),Goalkeeper,,,,
wc2026_ded70d1654fa,Ronwen Williams,team_south_africa,Mamelodi Sundowns FC (RSA),Goalkeeper,,,,
wc2026_4aecb3eeb8bf,Sipho Chaine,team_south_africa,Orlando Pirates FC (RSA),Goalkeeper,,,,
wc2026_15c6b456686e,Jayden Adams,team_south_africa,Mamelodi Sundowns FC (RSA),Midfielder,,,,
wc2026_c63a36ebecbf,Sphephelo Sithole,team_south_africa,CD Tondela (POR),Midfielder,,,,
wc2026_93e8cdbf501d,Teboho Mokoena,team_south_africa,Mamelodi Sundowns FC (RSA),Midfielder,,,,
wc2026_65d804cca131,Thalente Mbatha,team_south_africa,Orlando Pirates FC (RSA),Midfielder,,,,
wc2026_b5fff52cfa47,Themba Zwane,team_south_africa,Mamelodi Sundowns FC (RSA),Midfielder,,,,
wc2026_25c327a018eb,Hanbeom Lee,team_south_korea,FC Midtjylland (DEN),Defender,,,,
wc2026_552683301e65,Jens Castrop,team_south_korea,Borussia Mönchengladbach (GER),Defender,,,,
wc2026_3365d281dc87,Jinseob Park,team_south_korea,Zhejiang FC (CHN),Defender,,,,
wc2026_dc3f5c085716,Minjae Kim,team_south_korea,FC Bayern München (GER),Defender,,,,
wc2026_0790b360f0ff,Moonhwan Kim,team_south_korea,Daejeon Hana Citizen FC (KOR),Defender,,,,
wc2026_b2b3d97dce44,Taehyeon Kim,team_south_korea,Kashima Antlers (JPN),Defender,,,,
wc2026_16b4b3723b83,Taeseok Lee,team_south_korea,FK Austria Wien (AUT),Defender,,,,
wc2026_7da0003be00b,Wije Cho,team_south_korea,Jeonbuk Hyundai Motors FC (KOR),Defender,,,,
wc2026_1dab5839971a,Youngwoo Seol,team_south_korea,FK Crvena Zvezda (SRB),Defender,,,,
wc2026_79e45da67584,Guesung Cho,team_south_korea,FC Midtjylland (DEN),Forward,,,,
wc2026_0716aa4dccc6,Heungmin Son,team_south_korea,LAFC (USA),Forward,,,,
wc2026_9b1ca20e815d,Hyeongyu Oh,team_south_korea,Beşiktaş JK (TUR),Forward,,,,
wc2026_8ed14e3d3c47,Bumkeun Song,team_south_korea,Jeonbuk Hyundai Motors FC (KOR),Goalkeeper,,,,
wc2026_5a8098779a76,Hyeonwoo Jo,team_south_korea,Ulsan HD (KOR),Goalkeeper,,,,
wc2026_8a70e8ff6c65,Seunggyu Kim,team_south_korea,FC Tokyo (JPN),Goalkeeper,,,,
wc2026_e809df740617,Donggyeong Lee,team_south_korea,Ulsan HD (KOR),Midfielder,,,,
wc2026_745bbbf0a4fe,Gihyuk Lee,team_south_korea,Gangwon FC (KOR),Midfielder,,,,
wc2026_8e0bef63d0ef,Heechan Hwang,team_south_korea,Wolverhampton Wanderers FC (ENG),Midfielder,,,,
wc2026_cd8e1422d8fc,Hyunjun Yang,team_south_korea,Celtic FC (SCO),Midfielder,,,,
wc2026_4b600f723898,Inbeom Hwang,team_south_korea,Feyenoord Rotterdam (NED),Midfielder,,,,
wc2026_d334692bc85d,Jaesung Lee,team_south_korea,1. FSV Mainz 05 (GER),Midfielder,,,,
wc2026_7456be3b9c22,Jingyu Kim,team_south_korea,Jeonbuk Hyundai Motors FC (KOR),Midfielder,,,,
wc2026_e852a6f19a9d,Jisung Eom,team_south_korea,Swansea City AFC (WAL),Midfielder,,,,
wc2026_b9d5ad17136e,Junho Bae,team_south_korea,Stoke City FC (ENG),Midfielder,,,,
wc2026_5f868aa753ad,Kangin Lee,team_south_korea,Paris Saint-Germain (FRA),Midfielder,,,,
wc2026_967c840c9b24,Seungho Paik,team_south_korea,Birmingham City FC (ENG),Midfielder,,,,
wc2026_5d700c62861c,Alex Grimaldo,team_spain,Bayer 04 Leverkusen (GER),Defender,,,,
wc2026_43cfdaed63c6,Aymeric Laporte,team_spain,Athletic Club (ESP),Defender,,,,
wc2026_3fc965182ef2,Eric Garcia,team_spain,FC Barcelona (ESP),Defender,,,,
wc2026_3d2d734416cf,Marc Cucurella,team_spain,Chelsea FC (ENG),Defender,,,,
wc2026_937b983f7572,Marc Pubill,team_spain,Atlético De Madrid (ESP),Defender,,,,
wc2026_a02836f8a3f8,Marcos Llorente,team_spain,Atlético De Madrid (ESP),Defender,,,,
wc2026_a3ea4b3be7af,Pau Cubarsi,team_spain,FC Barcelona (ESP),Defender,,,,
wc2026_1df9c5f19bdb,Pedro Porro,team_spain,Tottenham Hotspur FC (ENG),Defender,,,,
wc2026_c02b5b36cc5c,Borja Iglesias,team_spain,RC Celta Vigo (ESP),Forward,,,,
wc2026_83cb86d8ac52,Dani Olmo,team_spain,FC Barcelona (ESP),Forward,,,,
wc2026_b19569004230,Ferran Torres,team_spain,FC Barcelona (ESP),Forward,,,,
wc2026_633bad1aa70b,Lamine Yamal,team_spain,FC Barcelona (ESP),Forward,,,,
wc2026_18caa3563d8c,Mikel Oyarzabal,team_spain,Real Sociedad (ESP),Forward,,,,
wc2026_4d0e6e4614fb,Nico Williams,team_spain,Athletic Club (ESP),Forward,,,,
wc2026_6360dd9e07ae,Victor Munoz,team_spain,CA Osasuna (ESP),Forward,,,,
wc2026_53474152bcca,Yeremy Pino,team_spain,Crystal Palace FC (ENG),Forward,,,,
wc2026_3a8d19499056,David Raya,team_spain,Arsenal FC (ENG),Goalkeeper,,,,
wc2026_7dfab5ca8e3d,Joan Garcia,team_spain,FC Barcelona (ESP),Goalkeeper,,,,
wc2026_384a0e6d0a82,Unai Simon,team_spain,Athletic Club (ESP),Goalkeeper,,,,
wc2026_987ecbe40856,Alex Baena,team_spain,Atlético De Madrid (ESP),Midfielder,,,,
wc2026_f0f85027f90e,Fabian Ruiz,team_spain,Paris Saint-Germain (FRA),Midfielder,,,,
wc2026_aa41c73d842f,Gavi,team_spain,FC Barcelona (ESP),Midfielder,,,,
wc2026_593ed4955f18,Martin Zubimendi,team_spain,Arsenal FC (ENG),Midfielder,,,,
wc2026_83c971d72b48,Mikel Merino,team_spain,Arsenal FC (ENG),Midfielder,,,,
wc2026_4b251dc509a0,Pedri,team_spain,FC Barcelona (ESP),Midfielder,,,,
wc2026_742cd3646b11,Rodri,team_spain,Manchester City FC (ENG),Midfielder,,,,
wc2026_1bc98d5a3a51,Alexander Bernhardsson,team_sweden,Holstein Kiel (GER),Defender,,,,
wc2026_9a52a2e83ace,Carl Starfelt,team_sweden,RC Celta Vigo (ESP),Defender,,,,
wc2026_a08a088738ad,Daniel Svensson,team_sweden,Borussia Dortmund (GER),Defender,,,,
wc2026_525392b532e1,Elliot Stroud,team_sweden,Mjällby AIF (SWE),Defender,,,,
wc2026_4150992cc30f,Eric Smith,team_sweden,FC St. Pauli (GER),Defender,,,,
wc2026_59c7c8dffae5,Gabriel Gudmundsson,team_sweden,Leeds United FC (ENG),Defender,,,,
wc2026_5b962c3e9011,Gustaf Lagerbielke,team_sweden,SC Braga (POR),Defender,,,,
wc2026_d7017f6b5d31,Herman Johansson,team_sweden,FC Dallas (USA),Defender,,,,
wc2026_7d0b092e9f74,Hjalmar Ekdal,team_sweden,Burnley FC (ENG),Defender,,,,
wc2026_361069db0050,Isak Hien,team_sweden,Atalanta Bergamo (ITA),Defender,,,,
wc2026_35a57429a7a9,Victor Lindelof,team_sweden,Aston Villa FC (ENG),Defender,,,,
wc2026_4e99b5ddf6aa,Alexander Isak,team_sweden,Liverpool FC (ENG),Forward,,,,
wc2026_75b43a866aa2,Anthony Elanga,team_sweden,Newcastle United FC (ENG),Forward,,,,
wc2026_d20d131e52f1,Gustaf Nilsson,team_sweden,Club Brugge (BEL),Forward,,,,
wc2026_99d844524ec8,Taha Ali,team_sweden,Malmö FF (SWE),Forward,,,,
wc2026_409e78fb523c,Viktor Gyokeres,team_sweden,Arsenal FC (ENG),Forward,,,,
wc2026_ee739c367c57,Jacob Widell Zetterstrom,team_sweden,Derby County FC (ENG),Goalkeeper,,,,
wc2026_e09357f3b897,Kristoffer Nordfeldt,team_sweden,AIK Stockholm (SWE),Goalkeeper,,,,
wc2026_da01b933cc12,Viktor Johansson,team_sweden,Stoke City FC (ENG),Goalkeeper,,,,
wc2026_5bf22a61e8df,Benjamin Nygren,team_sweden,Celtic FC (SCO),Midfielder,,,,
wc2026_7f388f780c7f,Besfort Zeneli,team_sweden,Royale Union Saint-Gilloise (BEL),Midfielder,,,,
wc2026_d93496256528,Jesper Karlstrom,team_sweden,Udinese (ITA),Midfielder,,,,
wc2026_0f53cece8092,Ken Sema,team_sweden,Pafos FC (CYP),Midfielder,,,,
wc2026_297c52909fb7,Lucas Bergvall,team_sweden,Tottenham Hotspur FC (ENG),Midfielder,,,,
wc2026_1b7f80660547,Mattias Svanberg,team_sweden,VfL Wolfsburg (GER),Midfielder,,,,
wc2026_45ba81bafe0a,Yasin Ayari,team_sweden,Brighton & Hove Albion FC (ENG),Midfielder,,,,
wc2026_69719127c900,Aurele Amenda,team_switzerland,Eintracht Frankfurt (GER),Defender,,,,
wc2026_db02a904e0e9,Eray Coemert,team_switzerland,Valencia CF (ESP),Defender,,,,
wc2026_1e1ed76e3db7,Luca Jaquez,team_switzerland,VfB Stuttgart (GER),Defender,,,,
wc2026_f9d69db34ddf,Manuel Akanji,team_switzerland,FC Internazionale Milano (ITA),Defender,,,,
wc2026_82e69a04e204,Miro Muheim,team_switzerland,Hamburger SV (GER),Defender,,,,
wc2026_b604a082b4e0,Nico Elvedi,team_switzerland,Borussia Mönchengladbach (GER),Defender,,,,
wc2026_1ca6b0be5fb2,Ricardo Rodriguez,team_switzerland,Real Betis (ESP),Defender,,,,
wc2026_fb72da695f93,Silvan Widmer,team_switzerland,1. FSV Mainz 05 (GER),Defender,,,,
wc2026_c1590f9b4b8a,Breel Embolo,team_switzerland,Stade Rennais FC (FRA),Forward,,,,
wc2026_0ab561fca5e6,Cedric Itten,team_switzerland,Fortuna Düsseldorf (GER),Forward,,,,
wc2026_9223faf7f698,Christian Fassnacht,team_switzerland,BSC Young Boys (SUI),Forward,,,,
wc2026_8a48c26c334d,Dan Ndoye,team_switzerland,Nottingham Forest FC (ENG),Forward,,,,
wc2026_417b384119da,Noah Okafor,team_switzerland,Leeds United FC (ENG),Forward,,,,
wc2026_c523e8364d36,Ruben Vargas,team_switzerland,Sevilla FC (ESP),Forward,,,,
wc2026_52f573880180,Zeki Amdouni,team_switzerland,Burnley FC (ENG),Forward,,,,
wc2026_2c051ce29950,Gregor Kobel,team_switzerland,Borussia Dortmund (GER),Goalkeeper,,,,
wc2026_7cc140c6edfb,Marvin Keller,team_switzerland,BSC Young Boys (SUI),Goalkeeper,,,,
wc2026_3e03e9a034f0,Yvon Mvogo,team_switzerland,FC Lorient (FRA),Goalkeeper,,,,
wc2026_b01da80f7e34,Ardon Jashari,team_switzerland,AC Milan (ITA),Midfielder,,,,
wc2026_0f93187d037d,Denis Zakaria,team_switzerland,AS Monaco (FRA),Midfielder,,,,
wc2026_e0aa15b39b37,Djibril Sow,team_switzerland,Sevilla FC (ESP),Midfielder,,,,
wc2026_72fa5a8f01b4,Fabian Rieder,team_switzerland,FC Augsburg (GER),Midfielder,,,,
wc2026_2e940cac645a,Granit Xhaka,team_switzerland,Sunderland AFC (ENG),Midfielder,,,,
wc2026_42c544e94f41,Johan Manzambi,team_switzerland,SC Freiburg (GER),Midfielder,,,,
wc2026_1b7d75c20a6d,Michel Aebischer,team_switzerland,Pisa SC (ITA),Midfielder,,,,
wc2026_479102bc48d3,Remo Freuler,team_switzerland,Bologna FC (ITA),Midfielder,,,,
wc2026_c0ae12ba3251,Adam Arous,team_tunisia,Kasımpaşa SK (TUR),Defender,,,,
wc2026_9ee2257d7b50,Ali Abdi,team_tunisia,OGC Nice (FRA),Defender,,,,
wc2026_9bfee98447e5,Dylan Bronn,team_tunisia,Servette FC (SUI),Defender,,,,
wc2026_f80404a28bd0,Mohamed Amine Ben Hmida,team_tunisia,Espérance De Tunisie (TUN),Defender,,,,
wc2026_ec9835248eb6,Montassar Talbi,team_tunisia,FC Lorient (FRA),Defender,,,,
wc2026_955edf60d924,Mortadha Ben Ouanes,team_tunisia,Kasımpaşa SK (TUR),Defender,,,,
wc2026_0cf58486b7e2,Moutaz Neffati,team_tunisia,IFK Norrköping FK (SWE),Defender,,,,
wc2026_840635e8b27d,Omar Rekik,team_tunisia,NK Maribor (SVN),Defender,,,,
wc2026_061710f49082,Raed Chikhaoui,team_tunisia,US Monastir (TUN),Defender,,,,
wc2026_39cd67c1d646,Yan Valery,team_tunisia,BSC Young Boys (SUI),Defender,,,,
wc2026_6217ad5eeb1f,Elias Achouri,team_tunisia,FC København (DEN),Forward,,,,
wc2026_6ef7cc2ca436,Elias Saad,team_tunisia,Hannover 96 (GER),Forward,,,,
wc2026_083c42912ac6,Firas Chaouat,team_tunisia,Club Africain (TUN),Forward,,,,
wc2026_5237530d0a3b,Hazem Mastouri,team_tunisia,FC Dynamo Makhachkala (RUS),Forward,,,,
wc2026_7365f16f9eec,Rayan Elloumi,team_tunisia,Vancouver Whitecaps FC (CAN),Forward,,,,
wc2026_ff10fd25c40f,Aymen Dahmen,team_tunisia,CS Sfaxien (TUN),Goalkeeper,,,,
wc2026_555ab5ba66c4,Mouhib Chamakh,team_tunisia,Club Africain (TUN),Goalkeeper,,,,
wc2026_46d14b7a72c0,Sabri Ben Hessen,team_tunisia,Étoile Du Sahel (TUN),Goalkeeper,,,,
wc2026_ca1c094969fc,Anis Slimane,team_tunisia,Norwich City FC (ENG),Midfielder,,,,
wc2026_f0c777aa1c20,Ellyes Skhiri,team_tunisia,Eintracht Frankfurt (GER),Midfielder,,,,
wc2026_27fd8389dfc9,Hannibal Mejbri,team_tunisia,Burnley FC (ENG),Midfielder,,,,
wc2026_72ce91060103,Ismael Gharbi,team_tunisia,FC Augsburg (GER),Midfielder,,,,
wc2026_91b883c5a7a3,Khalil Ayari,team_tunisia,Paris Saint-Germain (FRA),Midfielder,,,,
wc2026_0b8809f68736,Mohamed Hadj Mahmoud,team_tunisia,FC Lugano (SUI),Midfielder,,,,
wc2026_cb2ee7327cf2,Rani Khedira,team_tunisia,1. FC Union Berlin (GER),Midfielder,,,,
wc2026_678eab2f40cb,Sebastian Tounekti,team_tunisia,Celtic FC (SCO),Midfielder,,,,
wc2026_540b9c232177,Abdulkerim Bardakci,team_turkey,Galatasaray SK (TUR),Defender,,,,
wc2026_af263db00340,Caglar Soyuncu,team_turkey,Fenerbahçe SK (TUR),Defender,,,,
wc2026_18c0e3190c58,Eren Elmali,team_turkey,Galatasaray SK (TUR),Defender,,,,
wc2026_a11085ac335e,Ferdi Kadioglu,team_turkey,Brighton & Hove Albion FC (ENG),Defender,,,,
wc2026_111af80651bc,Merih Demiral,team_turkey,Al Ahli FC (KSA),Defender,,,,
wc2026_1fd363f1d132,Mert Muldur,team_turkey,Fenerbahçe SK (TUR),Defender,,,,
wc2026_eb99e3680b5d,Ozan Kabak,team_turkey,TSG Hoffenheim (GER),Defender,,,,
wc2026_c26a765f8b67,Samet Akaydin,team_turkey,Çaykur Rizespor (TUR),Defender,,,,
wc2026_81e1281c01d8,Zeki Celik,team_turkey,AS Roma (ITA),Defender,,,,
wc2026_1e490106ba8b,Arda Guler,team_turkey,Real Madrid C. F. (ESP),Forward,,,,
wc2026_24f2ea385ad3,Baris Alper Yilmaz,team_turkey,Galatasaray SK (TUR),Forward,,,,
wc2026_2c6029290c4d,Can Uzun,team_turkey,Eintracht Frankfurt (GER),Forward,,,,
wc2026_a5f571197e73,Deniz Gul,team_turkey,FC Porto (POR),Forward,,,,
wc2026_65f0ba5bf2dd,Irfan Can Kahveci,team_turkey,Kasımpaşa SK (TUR),Forward,,,,
wc2026_91da587eae8d,Kenan Yildiz,team_turkey,Juventus FC (ITA),Forward,,,,
wc2026_660ddaeb3ffd,Kerem Akturkoglu,team_turkey,Fenerbahçe SK (TUR),Forward,,,,
wc2026_8cadd7b9fd63,Oguz Aydin,team_turkey,Fenerbahçe SK (TUR),Forward,,,,
wc2026_6aa71f728b44,Yunus Akgun,team_turkey,Galatasaray SK (TUR),Forward,,,,
wc2026_101c2819942d,Altay Bayindir,team_turkey,Manchester United FC (ENG),Goalkeeper,,,,
wc2026_a52e9dbc4e67,Mert Gunok,team_turkey,Fenerbahçe SK (TUR),Goalkeeper,,,,
wc2026_95d7efdf43c5,Ugurcan Cakir,team_turkey,Galatasaray SK (TUR),Goalkeeper,,,,
wc2026_b420051e7dbd,Hakan Calhanoglu,team_turkey,FC Internazionale Milano (ITA),Midfielder,,,,
wc2026_6958e654dc77,Ismail Yuksek,team_turkey,Fenerbahçe SK (TUR),Midfielder,,,,
wc2026_8e5dd7e48234,Kaan Ayhan,team_turkey,Galatasaray SK (TUR),Midfielder,,,,
wc2026_935ab67b0d53,Orkun Kokcu,team_turkey,Beşiktaş JK (TUR),Midfielder,,,,
wc2026_8d1befe823b4,Salih Ozcan,team_turkey,Borussia Dortmund (GER),Midfielder,,,,
wc2026_80b5f9a9ce11,Alex Freeman,team_united_states,Villarreal CF (ESP),Defender,,,,
wc2026_cc7fe73405ce,Antonee Robinson,team_united_states,Fulham FC (ENG),Defender,,,,
wc2026_f5a0f01bc994,Auston Trusty,team_united_states,Celtic FC (SCO),Defender,,,,
wc2026_cb8d54166916,Chris Richards,team_united_states,Crystal Palace FC (ENG),Defender,,,,
wc2026_c697d9449b13,Joe Scally,team_united_states,Borussia Mönchengladbach (GER),Defender,,,,
wc2026_1b4c4bd66036,Max Arfsten,team_united_states,Columbus Crew (USA),Defender,,,,
wc2026_2623c8141525,McKENZIE Mark,team_united_states,Toulouse FC (FRA),Defender,,,,
wc2026_1e2046abaa90,Miles Robinson,team_united_states,FC Cincinnatti (USA),Defender,,,,
wc2026_002ed21662cf,Sergino Dest,team_united_states,PSV Eindhoven (NED),Defender,,,,
wc2026_5656a0a22add,Tim Ream,team_united_states,Charlotte FC (USA),Defender,,,,
wc2026_aed331836612,Alex Zendejas,team_united_states,Club América (MEX),Forward,,,,
wc2026_27fdbd49db85,Brenden Aaronson,team_united_states,Leeds United FC (ENG),Forward,,,,
wc2026_d2774d7c5f2d,Christian Pulisic,team_united_states,AC Milan (ITA),Forward,,,,
wc2026_ba4411e6a22a,Folarin Balogun,team_united_states,AS Monaco (FRA),Forward,,,,
wc2026_6cb5ef719984,Haji Wright,team_united_states,Coventry City FC (ENG),Forward,,,,
wc2026_63564fedfab2,Ricardo Pepi,team_united_states,PSV Eindhoven (NED),Forward,,,,
wc2026_8e499c0f6727,Timothy Weah,team_united_states,Olympique Marseille (FRA),Forward,,,,
wc2026_a8c671653bc2,Chris Brady,team_united_states,Chicago Fire FC (USA),Goalkeeper,,,,
wc2026_52b5265f5153,Matt Freese,team_united_states,New York City FC (USA),Goalkeeper,,,,
wc2026_80758645cb73,Matt Turner,team_united_states,New England Revolution (USA),Goalkeeper,,,,
wc2026_7364d39c1cc6,Cristian Roldan,team_united_states,Seattle Sounders FC (USA),Midfielder,,,,
wc2026_ba58a5388bcf,Giovanni Reyna,team_united_states,Borussia Mönchengladbach (GER),Midfielder,,,,
wc2026_bbce422b28c3,Malik Tillman,team_united_states,Bayer 04 Leverkusen (GER),Midfielder,,,,
wc2026_63e5d788f938,McKENNIE Weston,team_united_states,Juventus FC (ITA),Midfielder,,,,
wc2026_5dc13e358c45,Sebastian Berhalter,team_united_states,Vancouver Whitecaps FC (CAN),Midfielder,,,,
wc2026_e8551190341a,Tyler Adams,team_united_states,AFC Bournemouth (ENG),Midfielder,,,,
wc2026_c89db2437e60,Guillermo Varela,team_uruguay,CR Flamengo (BRA),Defender,,,,
wc2026_0b8917134f53,Jose Maria Gimenez,team_uruguay,Atlético De Madrid (ESP),Defender,,,,
wc2026_afe5185c1579,Mathias Olivera,team_uruguay,SSC Napoli (ITA),Defender,,,,
wc2026_5891b2b6f565,Matias Vina,team_uruguay,CA River Plate (ARG),Defender,,,,
wc2026_f7f0ad88a768,Ronald Araujo,team_uruguay,FC Barcelona (ESP),Defender,,,,
wc2026_5c1301687cd2,Santiago Bueno,team_uruguay,Wolverhampton Wanderers FC (ENG),Defender,,,,
wc2026_64c5a4ce400d,Sebastian Caceres,team_uruguay,Club América (MEX),Defender,,,,
wc2026_a0ac66847a98,Brian Rodriguez,team_uruguay,Club América (MEX),Forward,,,,
wc2026_d1ea6d22f0d6,Darwin Nunez,team_uruguay,Al Hilal SC (KSA),Forward,,,,
wc2026_e5da2ec657e3,Facundo Pellistri,team_uruguay,Panathinaikos FC (GRE),Forward,,,,
wc2026_2a44fae398be,Federico Vinas,team_uruguay,Real Oviedo (ESP),Forward,,,,
wc2026_65b421eddc82,Rodrigo Aguirre,team_uruguay,Tigres UANL (MEX),Forward,,,,
wc2026_6ed34721525c,Fernando Muslera,team_uruguay,Estudiantes LP (ARG),Goalkeeper,,,,
wc2026_11871d2ea69c,Santiago Mele,team_uruguay,CF Monterrey (MEX),Goalkeeper,,,,
wc2026_8c43ca710f65,Sergio Rochet,team_uruguay,SC Internacional (BRA),Goalkeeper,,,,
wc2026_761dc6832dbb,Agustin Canobbio,team_uruguay,Fluminense FC (BRA),Midfielder,,,,
wc2026_1aef7e5ff543,Emiliano Martinez,team_uruguay,SE Palmeiras (BRA),Midfielder,,,,
wc2026_e7ce675f7e8a,Federico Valverde,team_uruguay,Real Madrid C. F. (ESP),Midfielder,,,,
wc2026_1729d984956a,Giorgian de Arrascaeta,team_uruguay,CR Flamengo (BRA),Midfielder,,,,
wc2026_7eafb7ee872b,Joaquin Piquerez,team_uruguay,SE Palmeiras (BRA),Midfielder,,,,
wc2026_1f08fb3361f1,Juan Manuel Sanabria,team_uruguay,Real Salt Lake (USA),Midfielder,,,,
wc2026_03171cef9cd3,Manuel Ugarte,team_uruguay,Manchester United FC (ENG),Midfielder,,,,
wc2026_b07f64838d66,Maxi Araujo,team_uruguay,Sporting CP (POR),Midfielder,,,,
wc2026_76a493c3914d,Nicolas de la Cruz,team_uruguay,CR Flamengo (BRA),Midfielder,,,,
wc2026_0678ba47a2ba,Rodrigo Bentancur,team_uruguay,Tottenham Hotspur FC (ENG),Midfielder,,,,
wc2026_6847a7eac9d8,Rodrigo Zalazar,team_uruguay,SC Braga (POR),Midfielder,,,,
wc2026_4581d0b7c6c7,Abdukodir Khusanov,team_uzbekistan,Manchester City FC (ENG),Defender,,,,
wc2026_e252a790958f,Abdulla Abdullaev,team_uzbekistan,Dibba FC (UAE),Defender,,,,
wc2026_2ce98a2c0806,Avazbek Ulmasaliyev,team_uzbekistan,OKMK FK (UZB),Defender,,,,
wc2026_9b83efc6b212,Behruzjon Karimov,team_uzbekistan,Surkhon FK (UZB),Defender,,,,
wc2026_66dd27ff2dd8,Farrukh Sayfiev,team_uzbekistan,FK Neftchi Farg'ona (UZB),Defender,,,,
wc2026_f28afbadb0ca,Jakhongir Urozov,team_uzbekistan,FK Dinamo Samarkand (UZB),Defender,,,,
wc2026_dd84894b21c1,Khojiakbar Alijonov,team_uzbekistan,Pakhtakor Tashkent FK (UZB),Defender,,,,
wc2026_8c971a29bc9c,Rustam Ashurmatov,team_uzbekistan,Esteghlal Tehran FC (IRN),Defender,,,,
wc2026_b4ece31d86d9,Sherzod Nasrullaev,team_uzbekistan,Pakhtakor Tashkent FK (UZB),Defender,,,,
wc2026_62f7a997230a,Umar Eshmurodov,team_uzbekistan,Nasaf Qarshi FC (UZB),Defender,,,,
wc2026_7e287d1640b5,Azizbek Amonov,team_uzbekistan,FK Dinamo Samarkand (UZB),Forward,,,,
wc2026_b246b589c9aa,Eldor Shomurodov,team_uzbekistan,Başakşehir FK (TUR),Forward,,,,
wc2026_6a73c370ebf8,Igor Sergeev,team_uzbekistan,Persepolis FC (IRN),Forward,,,,
wc2026_85b00d5dcc03,Abduvohid Nematov,team_uzbekistan,Nasaf Qarshi FC (UZB),Goalkeeper,,,,
wc2026_76e9b2bcc8d0,Botirali Ergashev,team_uzbekistan,FK Neftchi Farg'ona (UZB),Goalkeeper,,,,
wc2026_418d3923e19c,Utkir Yusupov,team_uzbekistan,PFC Navbahor Namangan (UZB),Goalkeeper,,,,
wc2026_c61de7e68d46,Abbosbek Fayzullaev,team_uzbekistan,Başakşehir FK (TUR),Midfielder,,,,
wc2026_798318079086,Akmal Mozgovoy,team_uzbekistan,Pakhtakor Tashkent FK (UZB),Midfielder,,,,
wc2026_8260b23aaa6a,Azizjon Ganiev,team_uzbekistan,Al Bataeh Club (UAE),Midfielder,,,,
wc2026_1c68638bae29,Dostonbek Khamdamov,team_uzbekistan,Pakhtakor Tashkent FK (UZB),Midfielder,,,,
wc2026_5b1a7d810641,Jaloliddin Masharipov,team_uzbekistan,Esteghlal Tehran FC (IRN),Midfielder,,,,
wc2026_358e0546e0b8,Jamshid Iskanderov,team_uzbekistan,FK Neftchi Farg'ona (UZB),Midfielder,,,,
wc2026_5d3e53aebb28,Odiljon Xamrobekov,team_uzbekistan,Tractor Sazi Tabriz FC (IRN),Midfielder,,,,
wc2026_70e8ee6d4583,Oston Urunov,team_uzbekistan,Persepolis FC (IRN),Midfielder,,,,
wc2026_b8ad14ffd6be,Otabek Shukurov,team_uzbekistan,Baniyas Club (UAE),Midfielder,,,,
wc2026_69645e77dd58,Sherzod Esanov,team_uzbekistan,FK Buxoro (UZB),Midfielder,,,,
