player_key,team_id,team_canonical,player_name,player_name_normalized,club_from_squad,club_normalized,position_broad,fbref_name,fbref_url,transfermarkt_name,transfermarkt_url,statsbomb_player_id,match_confidence,match_method,needs_manual_review,review_notes
algeria_adam_zorgane,team_algeria,Algeria,Adam Zorgane,adam zorgane,Union Saint-Gilloise,union saint gilloise,Midfielder,,,Adem Zorgane,https://www.transfermarkt.co.uk/adem-zorgane/profil/spieler/592403,,0.885,near_name,True,
algeria_adel_boulbina,team_algeria,Algeria,Adel Boulbina,adel boulbina,Al-Duhail,al duhail,Forward,,,Adil Boulbina,https://www.transfermarkt.co.uk/adil-boulbina/profil/spieler/748443,,0.85,near_name,True,
algeria_ahmed_kendouci,team_algeria,Algeria,Ahmed Kendouci,ahmed kendouci,Ceramica Cleopatra,ceramica cleopatra,Midfielder,,,Ahmed Kendouci,https://www.transfermarkt.co.uk/ahmed-kendouci/profil/spieler/645764,,0.91,exact_name,True,
algeria_amine_gouiri,team_algeria,Algeria,Amine Gouiri,amine gouiri,Olympique de Marseille,olympique de marseille,Forward,,,Amine Gouiri,https://www.transfermarkt.co.uk/amine-gouiri/profil/spieler/418659,,1.0,exact_name_club,False,
algeria_anis_hadj_moussa,team_algeria,Algeria,Anis Hadj Moussa,anis hadj moussa,Feyenoord Rotterdam,feyenoord rotterdam,Forward,,,Anis Hadj Moussa,https://www.transfermarkt.co.uk/anis-hadj-moussa/profil/spieler/917911,,1.0,exact_name_club,False,
algeria_anthony_mandrea,team_algeria,Algeria,Anthony Mandrea,anthony mandrea,SM Caen,sm caen,Goalkeeper,,,Anthony Mandréa,https://www.transfermarkt.co.uk/anthony-mandrea/profil/spieler/290559,,0.91,exact_name,True,
algeria_aissa_mandi,team_algeria,Algeria,Aïssa Mandi,aissa mandi,Lille,lille,Defender,,,Aïssa Mandi,https://www.transfermarkt.co.uk/aissa-mandi/profil/spieler/80293,,0.91,exact_name,True,
algeria_baghdad_bounedjah,team_algeria,Algeria,Baghdad Bounedjah,baghdad bounedjah,Al-Shamal,al shamal,Forward,,,,,,0.0,unmatched,True,
algeria_fares_chaibi,team_algeria,Algeria,Farès Chaïbi,fares chaibi,Eintracht Frankfurt,eintracht frankfurt,Midfielder,,,Farès Chaïbi,https://www.transfermarkt.co.uk/fares-chaibi/profil/spieler/855015,,0.9,exact_name,True,
algeria_hicham_boudaoui,team_algeria,Algeria,Hicham Boudaoui,hicham boudaoui,Nice,nice,Midfielder,,,Hicham Boudaoui,https://www.transfermarkt.co.uk/hicham-boudaoui/profil/spieler/560593,,0.91,exact_name,True,
algeria_houssem_aouar,team_algeria,Algeria,Houssem Aouar,houssem aouar,Al Ittihad,al ittihad,Midfielder,,,Houssem Aouar,https://www.transfermarkt.co.uk/houssem-aouar/profil/spieler/395693,,0.86,exact_name,True,
algeria_ibrahim_maza,team_algeria,Algeria,Ibrahim Maza,ibrahim maza,Bayer Leverkusen,bayer leverkusen,Midfielder,,,Ibrahim Maza,https://www.transfermarkt.co.uk/ibrahim-maza/profil/spieler/905011,,0.86,exact_name,True,
algeria_ismael_bennacer,team_algeria,Algeria,Ismaël Bennacer,ismael bennacer,Dinamo Zagreb,dinamo zagreb,Midfielder,,,Ismaël Bennacer,https://www.transfermarkt.co.uk/ismael-bennacer/profil/spieler/351816,,0.95,exact_name,False,
algeria_jaouen_hadjam,team_algeria,Algeria,Jaouen Hadjam,jaouen hadjam,Young Boys Bern,young boys bern,Defender,,,Jaouen Hadjam,https://www.transfermarkt.co.uk/jaouen-hadjam/profil/spieler/750903,,0.91,exact_name,True,
algeria_luca_zidane,team_algeria,Algeria,Luca Zidane,luca zidane,Granada,granada,Goalkeeper,,,Luca Zidane,https://www.transfermarkt.co.uk/luca-zidane/profil/spieler/283489,,0.95,exact_name,False,
algeria_mehdi_dorval,team_algeria,Algeria,Mehdi Dorval,mehdi dorval,SSC Bari,ssc bari,Defender,,,Mehdi Dorval,https://www.transfermarkt.co.uk/mehdi-dorval/profil/spieler/784575,,0.91,exact_name,True,
algeria_mohamed_amine_tougai,team_algeria,Algeria,Mohamed Amine Tougai,mohamed amine tougai,Esperance,esperance,Defender,,,Mohamed Amine Tougai,https://www.transfermarkt.co.uk/mohamed-amine-tougai/profil/spieler/592396,,0.91,exact_name,True,
algeria_mohamed_amoura,team_algeria,Algeria,Mohamed Amoura,mohamed amoura,VfL Wolfsburg,vfl wolfsburg,Forward,,,Mohamed Amoura,https://www.transfermarkt.co.uk/mohamed-amoura/profil/spieler/746910,,0.91,exact_name,True,
algeria_oussama_benbot,team_algeria,Algeria,Oussama Benbot,oussama benbot,USM Alger,usm alger,Goalkeeper,,,Oussama Benbout,https://www.transfermarkt.co.uk/oussama-benbout/profil/spieler/437982,,0.8831,near_name,True,
algeria_rafiq_belghali,team_algeria,Algeria,Rafiq Belghali,rafiq belghali,Hellas Verona,hellas verona,Defender,,,Rafik Belghali,https://www.transfermarkt.co.uk/rafik-belghali/profil/spieler/864306,,0.8543,near_name,True,
algeria_ramiz_zerrouki,team_algeria,Algeria,Ramiz Zerrouki,ramiz zerrouki,FC Twente,fc twente,Midfielder,,,Ramiz Zerrouki,https://www.transfermarkt.co.uk/ramiz-zerrouki/profil/spieler/416660,,0.91,exact_name,True,
algeria_ramy_bensebaini,team_algeria,Algeria,Ramy Bensebaini,ramy bensebaini,Borussia Dortmund,borussia dortmund,Defender,,,Ramy Bensebaini,https://www.transfermarkt.co.uk/ramy-bensebaini/profil/spieler/284732,,1.0,exact_name_club,False,
algeria_rayan_ait_nouri,team_algeria,Algeria,Rayan Ait Nouri,rayan ait nouri,Manchester City,manchester city,Defender,,,Rayan Aït-Nouri,https://www.transfermarkt.co.uk/rayan-ait-nouri/profil/spieler/578391,,0.91,exact_name,True,
algeria_riyad_mahrez,team_algeria,Algeria,Riyad Mahrez,riyad mahrez,Al-Ahli,al ahli,Forward,,,Riyad Mahrez,https://www.transfermarkt.co.uk/riyad-mahrez/profil/spieler/171424,,0.91,exact_name,True,
algeria_youcef_atal,team_algeria,Algeria,Youcef Atal,youcef atal,Al-Sadd SC,al sadd sc,Defender,,,Youcef Atal,https://www.transfermarkt.co.uk/youcef-atal/profil/spieler/416108,,0.91,exact_name,True,
algeria_zineddine_belaid,team_algeria,Algeria,Zineddine Belaïd,zineddine belaid,JS Kabylie,js kabylie,Defender,,,Zineddine Belaid,https://www.transfermarkt.co.uk/zineddine-belaid/profil/spieler/625142,,0.91,exact_name,True,
argentina_alexis_mac_allister,team_argentina,Argentina,Alexis Mac Allister,alexis mac allister,Liverpool,liverpool,Midfielder,,,Alexis Mac Allister,https://www.transfermarkt.co.uk/alexis-mac-allister/profil/spieler/534033,,0.91,exact_name,True,
argentina_cristian_romero,team_argentina,Argentina,Cristian Romero,cristian romero,Tottenham,tottenham,Defender,,,Cristian Romero,https://www.transfermarkt.co.uk/cristian-romero/profil/spieler/355915,,0.91,exact_name,True,
argentina_emiliano_martinez,team_argentina,Argentina,Emiliano Martínez,emiliano martinez,Aston Villa,aston villa,Goalkeeper,,,Emiliano Martínez,https://www.transfermarkt.co.uk/emiliano-martinez/profil/spieler/111873,,0.91,exact_name,True,
argentina_enzo_fernandez,team_argentina,Argentina,Enzo Fernández,enzo fernandez,Chelsea,chelsea,Midfielder,,,Enzo Fernández,https://www.transfermarkt.co.uk/enzo-fernandez/profil/spieler/648195,,0.91,exact_name,True,
argentina_exequiel_palacios,team_argentina,Argentina,Exequiel Palacios,exequiel palacios,Bayer Leverkusen,bayer leverkusen,Midfielder,,,Exequiel Palacios,https://www.transfermarkt.co.uk/exequiel-palacios/profil/spieler/401578,,0.91,exact_name,True,
argentina_ezequiel_fernandez,team_argentina,Argentina,Ezequiel Fernández,ezequiel fernandez,Bayer Leverkusen (Alemania),bayer leverkusen alemania,Midfielder,,,,,,0.0,unmatched,True,
argentina_facundo_medina,team_argentina,Argentina,Facundo Medina,facundo medina,Marseille,marseille,Defender,,,Facundo Medina,https://www.transfermarkt.co.uk/facundo-medina/profil/spieler/474800,,0.91,exact_name,True,
argentina_geronimo_rulli,team_argentina,Argentina,Gerónimo Rulli,geronimo rulli,Marseille,marseille,Goalkeeper,,,Gerónimo Rulli,https://www.transfermarkt.co.uk/geronimo-rulli/profil/spieler/229604,,0.91,exact_name,True,
argentina_giovani_lo_celso,team_argentina,Argentina,Giovani Lo Celso,giovani lo celso,Real Betis,real betis,Midfielder,,,Giovani Lo Celso,https://www.transfermarkt.co.uk/giovani-lo-celso/profil/spieler/348795,,0.86,exact_name,True,
argentina_gonzalo_montiel,team_argentina,Argentina,Gonzalo Montiel,gonzalo montiel,River Plate,river plate,Defender,,,Gonzalo Montiel,https://www.transfermarkt.co.uk/gonzalo-montiel/profil/spieler/402733,,0.91,exact_name,True,
argentina_jose_manuel_lopez,team_argentina,Argentina,Jose Manuel López,jose manuel lopez,Palmeiras,palmeiras,Forward,,,José Manuel López,https://www.transfermarkt.co.uk/jose-manuel-lopez/profil/spieler/844797,,0.91,exact_name,True,
argentina_juan_musso,team_argentina,Argentina,Juan Musso,juan musso,Atlético Madrid,atletico madrid,Goalkeeper,,,Juan Musso,https://www.transfermarkt.co.uk/juan-musso/profil/spieler/242359,,0.91,exact_name,True,
argentina_julian_alvarez,team_argentina,Argentina,Julián Álvarez,julian alvarez,Atlético Madrid,atletico madrid,Forward,,,Julián Álvarez,https://www.transfermarkt.co.uk/julian-alvarez/profil/spieler/576024,,0.91,exact_name,True,
argentina_lautaro_martinez,team_argentina,Argentina,Lautaro Martínez,lautaro martinez,Internazionale,internazionale,Forward,,,Lautaro Martínez,https://www.transfermarkt.co.uk/lautaro-martinez/profil/spieler/406625,,0.91,exact_name,True,
argentina_leandro_paredes,team_argentina,Argentina,Leandro Paredes,leandro paredes,Boca Juniors,boca juniors,Midfielder,,,Leandro Paredes,https://www.transfermarkt.co.uk/leandro-paredes/profil/spieler/166237,,0.91,exact_name,True,
argentina_leonardo_balerdi,team_argentina,Argentina,Leonardo Balerdi,leonardo balerdi,Marseille,marseille,Defender,,,Leonardo Balerdi,https://www.transfermarkt.co.uk/leonardo-balerdi/profil/spieler/575998,,0.91,exact_name,True,
argentina_lionel_messi,team_argentina,Argentina,Lionel Messi,lionel messi,Inter Miami,inter miami,Forward,,,Lionel Messi,https://www.transfermarkt.co.uk/lionel-messi/profil/spieler/28003,,0.91,exact_name,True,
argentina_lisandro_martinez,team_argentina,Argentina,Lisandro Martínez,lisandro martinez,Manchester United,manchester united,Defender,,,Lisandro Martínez,https://www.transfermarkt.co.uk/lisandro-martinez/profil/spieler/480762,,0.91,exact_name,True,
argentina_nahuel_molina,team_argentina,Argentina,Nahuel Molina,nahuel molina,Atlético Madrid,atletico madrid,Defender,,,Nahuel Molina,https://www.transfermarkt.co.uk/nahuel-molina/profil/spieler/424042,,0.91,exact_name,True,
argentina_nicolas_gonzalez,team_argentina,Argentina,Nicolás González,nicolas gonzalez,Atlético de Madrid (España),atletico de madrid espana,Midfielder,,,,,,0.0,unmatched,True,
argentina_nicolas_otamendi,team_argentina,Argentina,Nicolás Otamendi,nicolas otamendi,Benfica,benfica,Defender,,,Nicolás Otamendi,https://www.transfermarkt.co.uk/nicolas-otamendi/profil/spieler/54781,,0.91,exact_name,True,
argentina_nicolas_paz,team_argentina,Argentina,Nicolás Paz,nicolas paz,Como (Italia),como italia,Midfielder,,,Nicolás Paz,https://www.transfermarkt.co.uk/nicolas-paz/profil/spieler/991132,,0.86,exact_name,True,
argentina_nicolas_tagliafico,team_argentina,Argentina,Nicolás Tagliafico,nicolas tagliafico,Lyon,lyon,Defender,,,Nicolás Tagliafico,https://www.transfermarkt.co.uk/nicolas-tagliafico/profil/spieler/131225,,0.91,exact_name,True,
argentina_rodrigo_de_paul,team_argentina,Argentina,Rodrigo De Paul,rodrigo de paul,Inter Miami,inter miami,Midfielder,,,Rodrigo De Paul,https://www.transfermarkt.co.uk/rodrigo-de-paul/profil/spieler/255901,,0.91,exact_name,True,
argentina_thiago_almada,team_argentina,Argentina,Thiago Almada,thiago almada,Atlético de Madrid (España),atletico de madrid espana,Midfielder,,,Thiago Almada,https://www.transfermarkt.co.uk/thiago-almada/profil/spieler/576028,,0.9,exact_name,True,
argentina_valentin_barco,team_argentina,Argentina,Valentín Barco,valentin barco,Strasbourg,strasbourg,Midfielder,,,Valentín Barco,https://www.transfermarkt.co.uk/valentin-barco/profil/spieler/849410,,0.91,exact_name,True,
australia_aiden_o_neill,team_australia,Australia,Aiden O’Neill,aiden o neill,New York City,new york city,Midfielder,,,Aiden O'Neill,https://www.transfermarkt.co.uk/aiden-oneill/profil/spieler/385918,,0.91,exact_name,True,
australia_ajdin_hrustic,team_australia,Australia,Ajdin Hrustic,ajdin hrustic,Heracles Almelo,heracles almelo,Midfielder,,,Ajdin Hrustic,https://www.transfermarkt.co.uk/ajdin-hrustic/profil/spieler/265625,,1.0,exact_name_club,False,
australia_alessandro_circati,team_australia,Australia,Alessandro Circati,alessandro circati,Parma Calcio 1913,parma calcio 1913,Defender,,,Alessandro Circati,https://www.transfermarkt.co.uk/alessandro-circati/profil/spieler/867137,,1.0,exact_name_club,False,
australia_awer_mabil,team_australia,Australia,Awer Mabil,awer mabil,CD Castellón,cd castellon,Forward,,,Awer Mabil,https://www.transfermarkt.co.uk/awer-mabil/profil/spieler/255729,,0.91,exact_name,True,
australia_aziz_behich,team_australia,Australia,Aziz Behich,aziz behich,Melbourne City,melbourne city,Defender,,,Aziz Behich,https://www.transfermarkt.co.uk/aziz-behich/profil/spieler/136834,,0.91,exact_name,True,
australia_cameron_burgess,team_australia,Australia,Cameron Burgess,cameron burgess,Swansea City,swansea city,Defender,,,Cameron Burgess,https://www.transfermarkt.co.uk/cameron-burgess/profil/spieler/255788,,1.0,exact_name_club,False,
australia_cameron_devlin,team_australia,Australia,Cameron Devlin,cameron devlin,Hearts,hearts,Midfielder,,,,,,0.0,unmatched,True,
australia_connor_metcalfe,team_australia,Australia,Connor Metcalfe,connor metcalfe,St Pauli FC,st pauli fc,Midfielder,,,Connor Metcalfe,https://www.transfermarkt.co.uk/connor-metcalfe/profil/spieler/522223,,0.91,exact_name,True,
australia_cristian_volpato,team_australia,Australia,Cristian Volpato,cristian volpato,Sassuolo,sassuolo,Midfielder,,,Cristian Volpato,https://www.transfermarkt.co.uk/cristian-volpato/profil/spieler/746891,,0.86,exact_name,True,
australia_harry_souttar,team_australia,Australia,Harry Souttar,harry souttar,Leicester City,leicester city,Defender,,,Harry Souttar,https://www.transfermarkt.co.uk/harry-souttar/profil/spieler/298091,,1.0,exact_name_club,False,
australia_jackson_irvine,team_australia,Australia,Jackson Irvine,jackson irvine,St Pauli,st pauli,Midfielder,,,Jackson Irvine,https://www.transfermarkt.co.uk/jackson-irvine/profil/spieler/192557,,0.91,exact_name,True,
australia_jacob_italiano,team_australia,Australia,Jacob Italiano,jacob italiano,Grazer AK,grazer ak,Defender,,,Jacob Italiano,https://www.transfermarkt.co.uk/jacob-italiano/profil/spieler/545810,,0.91,exact_name,True,
australia_jason_geria,team_australia,Australia,Jason Geria,jason geria,Albirex Niigata,albirex niigata,Defender,,,Jason Geria,https://www.transfermarkt.co.uk/jason-geria/profil/spieler/185175,,1.0,exact_name_club,False,
australia_jordan_bos,team_australia,Australia,Jordan Bos,jordan bos,Feyenoord,feyenoord,Defender,,,Jordan Bos,https://www.transfermarkt.co.uk/jordan-bos/profil/spieler/855731,,0.91,exact_name,True,
australia_kai_trewin,team_australia,Australia,Kai Trewin,kai trewin,New York City,new york city,Defender,,,Kai Trewin,https://www.transfermarkt.co.uk/kai-trewin/profil/spieler/691326,,0.86,exact_name,True,
australia_lucas_herrington,team_australia,Australia,Lucas Herrington,lucas herrington,Colorado Rapids,colorado rapids,Defender,,,Lucas Herrington,https://www.transfermarkt.co.uk/lucas-herrington/profil/spieler/1279984,,1.0,exact_name_club,False,
australia_mathew_leckie,team_australia,Australia,Mathew Leckie,mathew leckie,Melbourne City,melbourne city,Forward,,,Mathew Leckie,https://www.transfermarkt.co.uk/mathew-leckie/profil/spieler/126214,,0.91,exact_name,True,
australia_matthew_ryan,team_australia,Australia,Matthew Ryan,matthew ryan,Levante,levante,Goalkeeper,,,Mathew Ryan,https://www.transfermarkt.co.uk/mathew-ryan/profil/spieler/128969,,0.8761,near_name,True,
australia_milos_degenek,team_australia,Australia,Milos Degenek,milos degenek,Apoel FC,apoel fc,Defender,,,Milos Degenek,https://www.transfermarkt.co.uk/milos-degenek/profil/spieler/187353,,0.91,exact_name,True,
australia_mohamed_toure,team_australia,Australia,Mohamed Toure,mohamed toure,Norwich City,norwich city,Forward,,,Mohamed Touré,https://www.transfermarkt.co.uk/mohamed-toure/profil/spieler/742770,,1.0,exact_name_club,False,
australia_nestory_irankunda,team_australia,Australia,Nestory Irankunda,nestory irankunda,Watford,watford,Forward,,,Nestory Irankunda,https://www.transfermarkt.co.uk/nestory-irankunda/profil/spieler/956920,,0.95,exact_name,False,
australia_nishan_velupillay,team_australia,Australia,Nishan Velupillay,nishan velupillay,Melbourne Victory,melbourne victory,Forward,,,Nishan Velupillay,https://www.transfermarkt.co.uk/nishan-velupillay/profil/spieler/888140,,0.99,exact_name,False,
australia_patrick_beach,team_australia,Australia,Patrick Beach,patrick beach,Melbourne City,melbourne city,Goalkeeper,,,Patrick Beach,https://www.transfermarkt.co.uk/patrick-beach/profil/spieler/983578,,0.91,exact_name,True,
australia_paul_izzo,team_australia,Australia,Paul Izzo,paul izzo,Randers FC,randers fc,Goalkeeper,,,Paul Izzo,https://www.transfermarkt.co.uk/paul-izzo/profil/spieler/181921,,0.91,exact_name,True,
australia_paul_okon,team_australia,Australia,Paul Okon,paul okon,Sydney FC,sydney fc,Midfielder,,,,,,0.0,unmatched,True,
australia_tete_yengi,team_australia,Australia,Tete Yengi,tete yengi,Machida Zelvia,machida zelvia,Forward,,,Tete Yengi,https://www.transfermarkt.co.uk/tete-yengi/profil/spieler/849429,,0.91,exact_name,True,
austria_alessandro_schopf,team_austria,Austria,Alessandro Schopf,alessandro schopf,Wolfsberger AC,wolfsberger ac,Midfielder,,,Alessandro Schöpf,https://www.transfermarkt.co.uk/alessandro-schopf/profil/spieler/118397,,0.91,exact_name,True,
austria_alexander_prass,team_austria,Austria,Alexander Prass,alexander prass,TSG Hoffenheim,tsg hoffenheim,Defender,,,Alexander Prass,https://www.transfermarkt.co.uk/alexander-prass/profil/spieler/434116,,0.86,exact_name,True,
austria_alexander_schlager,team_austria,Austria,Alexander Schlager,alexander schlager,RB Salzburg,rb salzburg,Goalkeeper,,,Alexander Schlager,https://www.transfermarkt.co.uk/alexander-schlager/profil/spieler/186374,,0.91,exact_name,True,
austria_carney_chukwuemeka,team_austria,Austria,Carney Chukwuemeka,carney chukwuemeka,Borussia Dortmund,borussia dortmund,Midfielder,,,Carney Chukwuemeka,https://www.transfermarkt.co.uk/carney-chukwuemeka/profil/spieler/659459,,1.0,exact_name_club,False,
austria_christoph_baumgartner,team_austria,Austria,Christoph Baumgartner,christoph baumgartner,RB Leipzig,rb leipzig,Midfielder,,,Christoph Baumgartner,https://www.transfermarkt.co.uk/christoph-baumgartner/profil/spieler/324278,,0.86,exact_name,True,
austria_david_affengruber,team_austria,Austria,David Affengruber,david affengruber,Elche,elche,Defender,,,David Affengruber,https://www.transfermarkt.co.uk/david-affengruber/profil/spieler/452483,,0.91,exact_name,True,
austria_david_alaba,team_austria,Austria,David Alaba,david alaba,Real Madrid,real madrid,Defender,,,David Alaba,https://www.transfermarkt.co.uk/david-alaba/profil/spieler/59016,,0.91,exact_name,True,
austria_florian_grillitsch,team_austria,Austria,Florian Grillitsch,florian grillitsch,Braga,braga,Midfielder,,,Florian Grillitsch,https://www.transfermarkt.co.uk/florian-grillitsch/profil/spieler/195736,,0.91,exact_name,True,
austria_florian_wiegele,team_austria,Austria,Florian Wiegele,florian wiegele,Viktoria Plzen,viktoria plzen,Goalkeeper,,,Florian Wiegele,https://www.transfermarkt.co.uk/florian-wiegele/profil/spieler/393999,,0.95,exact_name,False,
austria_kevin_danso,team_austria,Austria,Kevin Danso,kevin danso,Tottehham,tottehham,Defender,,,Kevin Danso,https://www.transfermarkt.co.uk/kevin-danso/profil/spieler/263236,,0.91,exact_name,True,
austria_konrad_laimer,team_austria,Austria,Konrad Laimer,konrad laimer,Bayern Munich,bayern munich,Midfielder,,,Konrad Laimer,https://www.transfermarkt.co.uk/konrad-laimer/profil/spieler/223967,,0.9,exact_name,True,
austria_marcel_sabitzer,team_austria,Austria,Marcel Sabitzer,marcel sabitzer,Borussia Dortmund,borussia dortmund,Midfielder,,,Marcel Sabitzer,https://www.transfermarkt.co.uk/marcel-sabitzer/profil/spieler/106987,,1.0,exact_name_club,False,
austria_marco_friedl,team_austria,Austria,Marco Friedl,marco friedl,Werder Bremen,werder bremen,Defender,,,Marco Friedl,https://www.transfermarkt.co.uk/marco-friedl/profil/spieler/156990,,0.91,exact_name,True,
austria_marko_arnautovic,team_austria,Austria,Marko Arnautovic,marko arnautovic,Red Star Belgrade,red star belgrade,Forward,,,Marko Arnautovic,https://www.transfermarkt.co.uk/marko-arnautovic/profil/spieler/41384,,0.91,exact_name,True,
austria_michael_gregoritsch,team_austria,Austria,Michael Gregoritsch,michael gregoritsch,FC Augsburg,fc augsburg,Forward,,,Michael Gregoritsch,https://www.transfermarkt.co.uk/michael-gregoritsch/profil/spieler/120205,,0.91,exact_name,True,
austria_michael_svoboda,team_austria,Austria,Michael Svoboda,michael svoboda,Venezia,venezia,Defender,,,Michael Svoboda,https://www.transfermarkt.co.uk/michael-svoboda/profil/spieler/438961,,0.95,exact_name,False,
austria_nicolas_seiwald,team_austria,Austria,Nicolas Seiwald,nicolas seiwald,RB Leipzig,rb leipzig,Midfielder,,,Nicolas Seiwald,https://www.transfermarkt.co.uk/nicolas-seiwald/profil/spieler/404950,,0.91,exact_name,True,
austria_patrick_pentz,team_austria,Austria,Patrick Pentz,patrick pentz,Brondby,brondby,Goalkeeper,,,Patrick Pentz,https://www.transfermarkt.co.uk/patrick-pentz/profil/spieler/223972,,0.91,exact_name,True,
austria_patrick_wimmer,team_austria,Austria,Patrick Wimmer,patrick wimmer,Wolfsburg,wolfsburg,Midfielder,,,Patrick Wimmer,https://www.transfermarkt.co.uk/patrick-wimmer/profil/spieler/533295,,0.86,exact_name,True,
austria_paul_wanner,team_austria,Austria,Paul Wanner,paul wanner,PSV Eindhoven,psv eindhoven,Midfielder,,,Paul Wanner,https://www.transfermarkt.co.uk/paul-wanner/profil/spieler/900909,,0.91,exact_name,True,
austria_philipp_lienhart,team_austria,Austria,Philipp Lienhart,philipp lienhart,SC Freiburg,sc freiburg,Defender,,,Philipp Lienhart,https://www.transfermarkt.co.uk/philipp-lienhart/profil/spieler/225657,,0.91,exact_name,True,
austria_philipp_mwene,team_austria,Austria,Philipp Mwene,philipp mwene,Mainz 05,mainz 05,Defender,,,Phillipp Mwene,https://www.transfermarkt.co.uk/phillipp-mwene/profil/spieler/127573,,0.8811,near_name,True,
austria_romano_schmid,team_austria,Austria,Romano Schmid,romano schmid,Werder Bremen,werder bremen,Midfielder,,,Romano Schmid,https://www.transfermarkt.co.uk/romano-schmid/profil/spieler/346853,,0.86,exact_name,True,
austria_sasa_kalajdzic,team_austria,Austria,Sasa Kalajdzic,sasa kalajdzic,LASK Linz,lask linz,Forward,,,Sasa Kalajdzic,https://www.transfermarkt.co.uk/sasa-kalajdzic/profil/spieler/369567,,0.91,exact_name,True,
austria_stefan_posch,team_austria,Austria,Stefan Posch,stefan posch,Mainz 05,mainz 05,Defender,,,Stefan Posch,https://www.transfermarkt.co.uk/stefan-posch/profil/spieler/223974,,0.91,exact_name,True,
austria_xaver_schlager,team_austria,Austria,Xaver Schlager,xaver schlager,RB Leipzig,rb leipzig,Midfielder,,,Xaver Schlager,https://www.transfermarkt.co.uk/xaver-schlager/profil/spieler/223979,,0.91,exact_name,True,
belgium_alexis_saelemaekers,team_belgium,Belgium,Alexis Saelemaekers,alexis saelemaekers,AC Milan,ac milan,Forward,,,Alexis Saelemaekers,https://www.transfermarkt.co.uk/alexis-saelemaekers/profil/spieler/381950,,0.86,exact_name,True,
belgium_amadou_onana,team_belgium,Belgium,Amadou Onana,amadou onana,Aston Villa,aston villa,Midfielder,,,Amadou Onana,https://www.transfermarkt.co.uk/amadou-onana/profil/spieler/485706,,0.91,exact_name,True,
belgium_arthur_theate,team_belgium,Belgium,Arthur Theate,arthur theate,Eintracht Frankfurt,eintracht frankfurt,Defender,,,Arthur Theate,https://www.transfermarkt.co.uk/arthur-theate/profil/spieler/368891,,0.95,exact_name,False,
belgium_axel_witsel,team_belgium,Belgium,Axel Witsel,axel witsel,Girona,girona,Midfielder,,,Axel Witsel,https://www.transfermarkt.co.uk/axel-witsel/profil/spieler/35047,,0.91,exact_name,True,
belgium_brandon_mechele,team_belgium,Belgium,Brandon Mechele,brandon mechele,Club Brugge,club brugge,Defender,,,Brandon Mechele,https://www.transfermarkt.co.uk/brandon-mechele/profil/spieler/236168,,0.91,exact_name,True,
belgium_charles_de_ketelaere,team_belgium,Belgium,Charles De Ketelaere,charles de ketelaere,Atalanta,atalanta,Forward,,,Charles De Ketelaere,https://www.transfermarkt.co.uk/charles-de-ketelaere/profil/spieler/435772,,0.91,exact_name,True,
belgium_diego_moreira,team_belgium,Belgium,Diego Moreira,diego moreira,Strasbourg,strasbourg,Forward,,,Diego Moreira,https://www.transfermarkt.co.uk/diego-moreira/profil/spieler/655006,,0.86,exact_name,True,
belgium_dodi_lukebakio,team_belgium,Belgium,Dodi Lukebakio,dodi lukebakio,Benfica,benfica,Forward,,,Dodi Lukébakio,https://www.transfermarkt.co.uk/dodi-lukebakio/profil/spieler/303259,,0.91,exact_name,True,
belgium_hans_vanaken,team_belgium,Belgium,Hans Vanaken,hans vanaken,Club Brugge,club brugge,Midfielder,,,Hans Vanaken,https://www.transfermarkt.co.uk/hans-vanaken/profil/spieler/137576,,0.86,exact_name,True,
belgium_joaquin_seys,team_belgium,Belgium,Joaquin Seys,joaquin seys,Club Brugge,club brugge,Defender,,,Joaquin Seys,https://www.transfermarkt.co.uk/joaquin-seys/profil/spieler/981196,,0.91,exact_name,True,
belgium_jeremy_doku,team_belgium,Belgium,Jérémy Doku,jeremy doku,Manchester City,manchester city,Forward,,,Jérémy Doku,https://www.transfermarkt.co.uk/jeremy-doku/profil/spieler/486049,,0.91,exact_name,True,
belgium_kevin_de_bruyne,team_belgium,Belgium,Kevin De Bruyne,kevin de bruyne,Napoli,napoli,Midfielder,,,Kevin De Bruyne,https://www.transfermarkt.co.uk/kevin-de-bruyne/profil/spieler/88755,,0.86,exact_name,True,
belgium_koni_de_winter,team_belgium,Belgium,Koni De Winter,koni de winter,AC Milan,ac milan,Defender,,,Koni De Winter,https://www.transfermarkt.co.uk/koni-de-winter/profil/spieler/490384,,0.91,exact_name,True,
belgium_leandro_trossard,team_belgium,Belgium,Leandro Trossard,leandro trossard,Arsenal,arsenal,Forward,,,Leandro Trossard,https://www.transfermarkt.co.uk/leandro-trossard/profil/spieler/144028,,0.91,exact_name,True,
belgium_matias_fernandez_pardo,team_belgium,Belgium,Matias Fernandez-Pardo,matias fernandez pardo,Lille,lille,Forward,,,Matias Fernandez-Pardo,https://www.transfermarkt.co.uk/matias-fernandez-pardo/profil/spieler/724129,,0.91,exact_name,True,
belgium_maxim_de_cuyper,team_belgium,Belgium,Maxim De Cuyper,maxim de cuyper,Brighton & Hove Albion,brighton hove albion,Defender,,,Maxim De Cuyper,https://www.transfermarkt.co.uk/maxim-de-cuyper/profil/spieler/429915,,0.91,exact_name,True,
belgium_mike_penders,team_belgium,Belgium,Mike Penders,mike penders,Chelsea,chelsea,Goalkeeper,,,Mike Penders,https://www.transfermarkt.co.uk/mike-penders/profil/spieler/834397,,0.91,exact_name,True,
belgium_nathan_ngoy,team_belgium,Belgium,Nathan Ngoy,nathan ngoy,Lille,lille,Defender,,,Nathan Ngoy,https://www.transfermarkt.co.uk/nathan-ngoy/profil/spieler/548254,,0.91,exact_name,True,
belgium_nicolas_raskin,team_belgium,Belgium,Nicolas Raskin,nicolas raskin,Rangers,rangers,Midfielder,,,Nicolas Raskin,https://www.transfermarkt.co.uk/nicolas-raskin/profil/spieler/422763,,0.91,exact_name,True,
belgium_romelu_lukaku,team_belgium,Belgium,Romelu Lukaku,romelu lukaku,Napoli,napoli,Forward,,,Romelu Lukaku,https://www.transfermarkt.co.uk/romelu-lukaku/profil/spieler/96341,,0.91,exact_name,True,
belgium_senne_lammens,team_belgium,Belgium,Senne Lammens,senne lammens,Manchester United,manchester united,Goalkeeper,,,Senne Lammens,https://www.transfermarkt.co.uk/senne-lammens/profil/spieler/503883,,0.91,exact_name,True,
belgium_thibaut_courtois,team_belgium,Belgium,Thibaut Courtois,thibaut courtois,Real Madrid,real madrid,Goalkeeper,,,Thibaut Courtois,https://www.transfermarkt.co.uk/thibaut-courtois/profil/spieler/108390,,0.91,exact_name,True,
belgium_thomas_meunier,team_belgium,Belgium,Thomas Meunier,thomas meunier,Lille,lille,Defender,,,Thomas Meunier,https://www.transfermarkt.co.uk/thomas-meunier/profil/spieler/100986,,0.91,exact_name,True,
belgium_timothy_castagne,team_belgium,Belgium,Timothy Castagne,timothy castagne,Fulham,fulham,Defender,,,Timothy Castagne,https://www.transfermarkt.co.uk/timothy-castagne/profil/spieler/262226,,0.91,exact_name,True,
belgium_youri_tielemans,team_belgium,Belgium,Youri Tielemans,youri tielemans,Aston Villa,aston villa,Midfielder,,,Youri Tielemans,https://www.transfermarkt.co.uk/youri-tielemans/profil/spieler/249565,,0.91,exact_name,True,
belgium_zeno_debast,team_belgium,Belgium,Zeno Debast,zeno debast,Sporting CP,sporting cp,Defender,,,Zeno Debast,https://www.transfermarkt.co.uk/zeno-debast/profil/spieler/548193,,0.91,exact_name,True,
bosnia_and_herzegovina_amar_dedic,team_bosnia_and_herzegovina,Bosnia and Herzegovina,Amar Dedic,amar dedic,Benfica,benfica,Defender,,,Amar Dedić,https://www.transfermarkt.co.uk/amar-dedic/profil/spieler/519184,,0.91,exact_name,True,
bosnia_and_herzegovina_amar_memic,team_bosnia_and_herzegovina,Bosnia and Herzegovina,Amar Memic,amar memic,Viktoria Plzen,viktoria plzen,Midfielder,,,Amar Memić,https://www.transfermarkt.co.uk/amar-memic/profil/spieler/638990,,0.95,exact_name,False,
bosnia_and_herzegovina_amir_hadziahmetovic,team_bosnia_and_herzegovina,Bosnia and Herzegovina,Amir Hadziahmetovic,amir hadziahmetovic,Hull City,hull city,Midfielder,,,Amir Hadziahmetovic,https://www.transfermarkt.co.uk/amir-hadziahmetovic/profil/spieler/293213,,1.0,exact_name_club,False,
bosnia_and_herzegovina_armin_gigovic,team_bosnia_and_herzegovina,Bosnia and Herzegovina,Armin Gigovic,armin gigovic,Young Boys,young boys,Midfielder,,,Armin Gigovic,https://www.transfermarkt.co.uk/armin-gigovic/profil/spieler/651269,,0.91,exact_name,True,
bosnia_and_herzegovina_benjamin_tahirovic,team_bosnia_and_herzegovina,Bosnia and Herzegovina,Benjamin Tahirovic,benjamin tahirovic,Brondby,brondby,Midfielder,,,Benjamin Tahirović,https://www.transfermarkt.co.uk/benjamin-tahirovic/profil/spieler/787907,,0.91,exact_name,True,
bosnia_and_herzegovina_dennis_hadzikadunic,team_bosnia_and_herzegovina,Bosnia and Herzegovina,Dennis Hadzikadunic,dennis hadzikadunic,Sampdoria,sampdoria,Defender,,,Dennis Hadzikadunic,https://www.transfermarkt.co.uk/dennis-hadzikadunic/profil/spieler/322065,,0.95,exact_name,False,
bosnia_and_herzegovina_dzenis_burnic,team_bosnia_and_herzegovina,Bosnia and Herzegovina,Dzenis Burnic,dzenis burnic,Karlsruher SC,karlsruher sc,Midfielder,,,Dzenis Burnic,https://www.transfermarkt.co.uk/dzenis-burnic/profil/spieler/251295,,0.91,exact_name,True,
bosnia_and_herzegovina_edin_dzeko,team_bosnia_and_herzegovina,Bosnia and Herzegovina,Edin Dzeko,edin dzeko,Schalke 04,schalke 04,Forward,,,Edin Dzeko,https://www.transfermarkt.co.uk/edin-dzeko/profil/spieler/28396,,0.95,exact_name,False,
bosnia_and_herzegovina_ermedin_demirovic,team_bosnia_and_herzegovina,Bosnia and Herzegovina,Ermedin Demirovic,ermedin demirovic,VfB Stuttgart,vfb stuttgart,Forward,,,Ermedin Demirovic,https://www.transfermarkt.co.uk/ermedin-demirovic/profil/spieler/335457,,0.91,exact_name,True,
bosnia_and_herzegovina_ermin_mahmic,team_bosnia_and_herzegovina,Bosnia and Herzegovina,Ermin Mahmic,ermin mahmic,Slovan Liberec,slovan liberec,Midfielder,,,Ermin Mahmic,https://www.transfermarkt.co.uk/ermin-mahmic/profil/spieler/803049,,0.94,exact_name,False,
bosnia_and_herzegovina_esmir_bajraktarevic,team_bosnia_and_herzegovina,Bosnia and Herzegovina,Esmir Bajraktarevic,esmir bajraktarevic,PSV Eindhoven,psv eindhoven,Midfielder,,,Esmir Bajraktarevic,https://www.transfermarkt.co.uk/esmir-bajraktarevic/profil/spieler/925862,,0.86,exact_name,True,
bosnia_and_herzegovina_haris_tabakovic,team_bosnia_and_herzegovina,Bosnia and Herzegovina,Haris Tabakovic,haris tabakovic,Borussia Moenchengladbach,borussia moenchengladbach,Forward,,,Haris Tabakovic,https://www.transfermarkt.co.uk/haris-tabakovic/profil/spieler/203123,,0.91,exact_name,True,
bosnia_and_herzegovina_ivan_basic,team_bosnia_and_herzegovina,Bosnia and Herzegovina,Ivan Basic,ivan basic,Astana,astana,Midfielder,,,Ivan Basic,https://www.transfermarkt.co.uk/ivan-basic/profil/spieler/620560,,0.91,exact_name,True,
bosnia_and_herzegovina_ivan_sunjic,team_bosnia_and_herzegovina,Bosnia and Herzegovina,Ivan Sunjic,ivan sunjic,Pafos,pafos,Midfielder,,,Ivan Sunjic,https://www.transfermarkt.co.uk/ivan-sunjic/profil/spieler/226097,,0.91,exact_name,True,
bosnia_and_herzegovina_jovo_lukic,team_bosnia_and_herzegovina,Bosnia and Herzegovina,Jovo Lukic,jovo lukic,Universitatea Cluj,universitatea cluj,Forward,,,Jovo Lukić,https://www.transfermarkt.co.uk/jovo-lukic/profil/spieler/457738,,0.91,exact_name,True,
bosnia_and_herzegovina_kerim_alajbegovic,team_bosnia_and_herzegovina,Bosnia and Herzegovina,Kerim Alajbegovic,kerim alajbegovic,RB Salzburg,rb salzburg,Midfielder,,,Kerim Alajbegovic,https://www.transfermarkt.co.uk/kerim-alajbegovic/profil/spieler/929994,,0.86,exact_name,True,
bosnia_and_herzegovina_martin_zlomislic,team_bosnia_and_herzegovina,Bosnia and Herzegovina,Martin Zlomislic,martin zlomislic,Rijeka,rijeka,Goalkeeper,,,Martin Zlomislic,https://www.transfermarkt.co.uk/martin-zlomislic/profil/spieler/495320,,0.91,exact_name,True,
bosnia_and_herzegovina_nidal_celik,team_bosnia_and_herzegovina,Bosnia and Herzegovina,Nidal Celik,nidal celik,Lens,lens,Defender,,,Nidal Celik,https://www.transfermarkt.co.uk/nidal-celik/profil/spieler/819566,,0.91,exact_name,True,
bosnia_and_herzegovina_nihad_mujakic,team_bosnia_and_herzegovina,Bosnia and Herzegovina,Nihad Mujakic,nihad mujakic,Gaziantep,gaziantep,Defender,,,Nihad Mujakic,https://www.transfermarkt.co.uk/nihad-mujakic/profil/spieler/380919,,0.91,exact_name,True,
bosnia_and_herzegovina_nikola_katic,team_bosnia_and_herzegovina,Bosnia and Herzegovina,Nikola Katic,nikola katic,Schalke 04,schalke 04,Defender,,,Nikola Katic,https://www.transfermarkt.co.uk/nikola-katic/profil/spieler/422051,,0.95,exact_name,False,
bosnia_and_herzegovina_nikola_vasilj,team_bosnia_and_herzegovina,Bosnia and Herzegovina,Nikola Vasilj,nikola vasilj,St Pauli,st pauli,Goalkeeper,,,Nikola Vasilj,https://www.transfermarkt.co.uk/nikola-vasilj/profil/spieler/248454,,0.91,exact_name,True,
bosnia_and_herzegovina_osman_hadzikic,team_bosnia_and_herzegovina,Bosnia and Herzegovina,Osman Hadzikic,osman hadzikic,Slaven Belupo,slaven belupo,Goalkeeper,,,Osman Hadzikic,https://www.transfermarkt.co.uk/osman-hadzikic/profil/spieler/188881,,0.91,exact_name,True,
bosnia_and_herzegovina_samed_bazdar,team_bosnia_and_herzegovina,Bosnia and Herzegovina,Samed Bazdar,samed bazdar,Jagiellonia Bialystok,jagiellonia bialystok,Forward,,,Samed Bazdar,https://www.transfermarkt.co.uk/samed-bazdar/profil/spieler/710969,,0.91,exact_name,True,
bosnia_and_herzegovina_sead_kolasinac,team_bosnia_and_herzegovina,Bosnia and Herzegovina,Sead Kolasinac,sead kolasinac,Atalanta,atalanta,Defender,,,Sead Kolasinac,https://www.transfermarkt.co.uk/sead-kolasinac/profil/spieler/94005,,0.91,exact_name,True,
bosnia_and_herzegovina_stjepan_radeljic,team_bosnia_and_herzegovina,Bosnia and Herzegovina,Stjepan Radeljic,stjepan radeljic,Rijeka,rijeka,Defender,,,Stjepan Radeljic,https://www.transfermarkt.co.uk/stjepan-radeljic/profil/spieler/384568,,0.91,exact_name,True,
bosnia_and_herzegovina_tarik_muharemovic,team_bosnia_and_herzegovina,Bosnia and Herzegovina,Tarik Muharemovic,tarik muharemovic,Sassuolo,sassuolo,Defender,,,Tarik Muharemović,https://www.transfermarkt.co.uk/tarik-muharemovic/profil/spieler/679423,,0.91,exact_name,True,
brazil_alex_sandro,team_brazil,Brazil,Alex Sandro,alex sandro,Flamengo,flamengo,Defender,,,Alex Sandro,https://www.transfermarkt.co.uk/alex-sandro/profil/spieler/79960,,0.91,exact_name,True,
brazil_alisson_becker,team_brazil,Brazil,Alisson Becker,alisson becker,Liverpool,liverpool,Goalkeeper,,,,,,0.0,unmatched,True,
brazil_bremer,team_brazil,Brazil,Bremer,bremer,Juventus,juventus,Defender,,,Bremer,https://www.transfermarkt.co.uk/bremer/profil/spieler/516716,,0.91,exact_name,True,
brazil_bruno_guimaraes,team_brazil,Brazil,Bruno Guimarães,bruno guimaraes,Newcastle United,newcastle united,Midfielder,,,Bruno Guimarães,https://www.transfermarkt.co.uk/bruno-guimaraes/profil/spieler/520624,,0.91,exact_name,True,
brazil_casemiro,team_brazil,Brazil,Casemiro,casemiro,Manchester United,manchester united,Midfielder,,,Casemiro,https://www.transfermarkt.co.uk/casemiro/profil/spieler/16306,,0.91,exact_name,True,
brazil_danilo,team_brazil,Brazil,Danilo,danilo,Flamengo,flamengo,Defender,,,Danilo,https://www.transfermarkt.co.uk/danilo/profil/spieler/32816,,0.91,exact_name,True,
brazil_danilo_santos,team_brazil,Brazil,Danilo Santos,danilo santos,Botafogo,botafogo,Midfielder,,,,,,0.0,unmatched,True,
brazil_douglas_santos,team_brazil,Brazil,Douglas Santos,douglas santos,Zenit St. Petersburg,zenit st petersburg,Defender,,,Douglas Santos,https://www.transfermarkt.co.uk/douglas-santos/profil/spieler/220793,,0.95,exact_name,False,
brazil_endrick,team_brazil,Brazil,Endrick,endrick,Lyon,lyon,Forward,,,Endrick,https://www.transfermarkt.co.uk/endrick/profil/spieler/971570,,0.91,exact_name,True,
brazil_fabinho,team_brazil,Brazil,Fabinho,fabinho,Al Ittihad,al ittihad,Midfielder,,,Fabinho,https://www.transfermarkt.co.uk/fabinho/profil/spieler/225693,,0.91,exact_name,True,
brazil_gabriel_magalhaes,team_brazil,Brazil,Gabriel Magalhães,gabriel magalhaes,Arsenal,arsenal,Defender,,,,,,0.0,unmatched,True,
brazil_gabriel_martinelli,team_brazil,Brazil,Gabriel Martinelli,gabriel martinelli,Arsenal,arsenal,Forward,,,Gabriel Martinelli,https://www.transfermarkt.co.uk/gabriel-martinelli/profil/spieler/655488,,0.91,exact_name,True,
brazil_igor_thiago,team_brazil,Brazil,Igor Thiago,igor thiago,Brentford,brentford,Forward,,,Igor Thiago,https://www.transfermarkt.co.uk/igor-thiago/profil/spieler/739443,,0.91,exact_name,True,
brazil_lucas_paqueta,team_brazil,Brazil,Lucas Paquetá,lucas paqueta,Flamengo,flamengo,Midfielder,,,Lucas Paquetá,https://www.transfermarkt.co.uk/lucas-paqueta/profil/spieler/444523,,0.86,exact_name,True,
brazil_luiz_henrique,team_brazil,Brazil,Luiz Henrique,luiz henrique,Zenit St. Petersburg,zenit st petersburg,Forward,,,Luiz Henrique,https://www.transfermarkt.co.uk/luiz-henrique/profil/spieler/800175,,0.95,exact_name,False,
brazil_leo_pereira,team_brazil,Brazil,Léo Pereira,leo pereira,Flamengo,flamengo,Defender,,,Léo Pereira,https://www.transfermarkt.co.uk/leo-pereira/profil/spieler/288431,,0.91,exact_name,True,
brazil_marquinhos,team_brazil,Brazil,Marquinhos,marquinhos,Paris Saint-Germain,paris saint germain,Defender,,,Marquinhos,https://www.transfermarkt.co.uk/marquinhos/profil/spieler/181767,,0.91,exact_name,True,
brazil_matheus_cunha,team_brazil,Brazil,Matheus Cunha,matheus cunha,Manchester United,manchester united,Forward,,,Matheus Cunha,https://www.transfermarkt.co.uk/matheus-cunha/profil/spieler/517894,,0.91,exact_name,True,
brazil_neymar_jr,team_brazil,Brazil,Neymar Jr.,neymar jr,Santos FC,santos fc,Forward,,,,,,0.0,unmatched,True,
brazil_raphinha,team_brazil,Brazil,Raphinha,raphinha,Barcelona,barcelona,Forward,,,Raphinha,https://www.transfermarkt.co.uk/raphinha/profil/spieler/411295,,0.91,exact_name,True,
brazil_rayan,team_brazil,Brazil,Rayan,rayan,Bournemouth,bournemouth,Forward,,,Rayan,https://www.transfermarkt.co.uk/rayan/profil/spieler/1012564,,0.91,exact_name,True,
brazil_roger_ibanez,team_brazil,Brazil,Roger Ibañez,roger ibanez,Al Ahli,al ahli,Defender,,,Roger Ibañez,https://www.transfermarkt.co.uk/roger-ibanez/profil/spieler/524481,,0.91,exact_name,True,
brazil_vinicius_junior,team_brazil,Brazil,Vinícius Júnior,vinicius junior,Real Madrid,real madrid,Forward,,,Vinicius Junior,https://www.transfermarkt.co.uk/vinicius-junior/profil/spieler/371998,,0.91,exact_name,True,
brazil_wesley_franca,team_brazil,Brazil,Wesley França,wesley franca,AS Roma,as roma,Defender,,,,,,0.0,unmatched,True,
brazil_weverton,team_brazil,Brazil,Weverton,weverton,Grêmio,gremio,Goalkeeper,,,Weverton,https://www.transfermarkt.co.uk/weverton/profil/spieler/69400,,0.91,exact_name,True,
brazil_ederson,team_brazil,Brazil,Éderson,ederson,Fenerbahce,fenerbahce,Goalkeeper,,,Ederson,https://www.transfermarkt.co.uk/ederson/profil/spieler/238223,,0.91,exact_name,True,
canada_alfie_jones,team_canada,Canada,Alfie Jones,alfie jones,Middlesbrough FC,middlesbrough fc,Defender,,,Alfie Jones,https://www.transfermarkt.co.uk/alfie-jones/profil/spieler/340990,,1.0,exact_name_club,False,
canada_ali_ahmed,team_canada,Canada,Ali Ahmed,ali ahmed,Norwich City FC,norwich city fc,Midfielder,,,,,,0.0,unmatched,True,
canada_alistair_johnston,team_canada,Canada,Alistair Johnston,alistair johnston,Celtic FC,celtic fc,Defender,,,Alistair Johnston,https://www.transfermarkt.co.uk/alistair-johnston/profil/spieler/637446,,0.91,exact_name,True,
canada_alphonso_davies,team_canada,Canada,Alphonso Davies,alphonso davies,Bayern Munich,bayern munich,Defender,,,Alphonso Davies,https://www.transfermarkt.co.uk/alphonso-davies/profil/spieler/424204,,0.95,exact_name,False,
canada_cyle_larin,team_canada,Canada,Cyle Larin,cyle larin,RCD Mallorca,rcd mallorca,Forward,,,Cyle Larin,https://www.transfermarkt.co.uk/cyle-larin/profil/spieler/343463,,0.91,exact_name,True,
canada_dayne_st_clair,team_canada,Canada,Dayne St. Clair,dayne st clair,Inter Miami FC,inter miami fc,Goalkeeper,,,Dayne St. Clair,https://www.transfermarkt.co.uk/dayne-st-clair/profil/spieler/439750,,0.91,exact_name,True,
canada_derek_cornelius,team_canada,Canada,Derek Cornelius,derek cornelius,Olympique de Marseille,olympique de marseille,Defender,,,Derek Cornelius,https://www.transfermarkt.co.uk/derek-cornelius/profil/spieler/328609,,1.0,exact_name_club,False,
canada_ismael_kone,team_canada,Canada,Ismaël Koné,ismael kone,U.S. Sassuolo Calcio,u s sassuolo calcio,Midfielder,,,Ismaël Koné,https://www.transfermarkt.co.uk/ismael-kone/profil/spieler/921655,,0.95,exact_name,False,
canada_jacob_shaffelburg,team_canada,Canada,Jacob Shaffelburg,jacob shaffelburg,LAFC,lafc,Midfielder,,,Jacob Shaffelburg,https://www.transfermarkt.co.uk/jacob-shaffelburg/profil/spieler/637632,,0.86,exact_name,True,
canada_joel_waterman,team_canada,Canada,Joel Waterman,joel waterman,Chicago Fire FC,chicago fire fc,Defender,,,Joel Waterman,https://www.transfermarkt.co.uk/joel-waterman/profil/spieler/441738,,0.91,exact_name,True,
canada_jonathan_david,team_canada,Canada,Jonathan David,jonathan david,Juventus FC,juventus fc,Forward,,,Jonathan David,https://www.transfermarkt.co.uk/jonathan-david/profil/spieler/533738,,0.91,exact_name,True,
canada_jonathan_osorio,team_canada,Canada,Jonathan Osorio,jonathan osorio,Toronto FC,toronto fc,Midfielder,,,Jonathan Osorio,https://www.transfermarkt.co.uk/jonathan-osorio/profil/spieler/260807,,1.0,exact_name_club,False,
canada_kamal_miller,team_canada,Canada,Kamal Miller,kamal miller,Portland Timbers,portland timbers,Defender,,,Kamal Miller,https://www.transfermarkt.co.uk/kamal-miller/profil/spieler/487504,,1.0,exact_name_club,False,
canada_liam_millar,team_canada,Canada,Liam Millar,liam millar,Hull City FC,hull city fc,Midfielder,,,Liam Millar,https://www.transfermarkt.co.uk/liam-millar/profil/spieler/487417,,0.86,exact_name,True,
canada_luc_de_fougerolles,team_canada,Canada,Luc de Fougerolles,luc de fougerolles,Fulham FC,fulham fc,Defender,,,Luc De Fougerolles,https://www.transfermarkt.co.uk/luc-de-fougerolles/profil/spieler/921995,,0.91,exact_name,True,
canada_marcelo_flores,team_canada,Canada,Marcelo Flores,marcelo flores,Tigres UANL,tigres uanl,Midfielder,,,Marcelo Flores,https://www.transfermarkt.co.uk/marcelo-flores/profil/spieler/668495,,0.86,exact_name,True,
canada_mathieu_choiniere,team_canada,Canada,Mathieu Choinière,mathieu choiniere,LAFC,lafc,Midfielder,,,Mathieu Choinière,https://www.transfermarkt.co.uk/mathieu-choiniere/profil/spieler/589006,,0.91,exact_name,True,
canada_maxime_crepeau,team_canada,Canada,Maxime Crépeau,maxime crepeau,Orlando City SC,orlando city sc,Goalkeeper,,,Maxime Crépeau,https://www.transfermarkt.co.uk/maxime-crepeau/profil/spieler/189014,,0.95,exact_name,False,
canada_moise_bombito,team_canada,Canada,Moïse Bombito,moise bombito,OGC Nice,ogc nice,Defender,,,Moïse Bombito,https://www.transfermarkt.co.uk/moise-bombito/profil/spieler/1089202,,0.91,exact_name,True,
canada_niko_sigur,team_canada,Canada,Niko Sigur,niko sigur,Hadjuk Split,hadjuk split,Defender,,,Niko Sigur,https://www.transfermarkt.co.uk/niko-sigur/profil/spieler/1045375,,0.9,exact_name,True,
canada_owen_goodman,team_canada,Canada,Owen Goodman,owen goodman,Barnsley FC,barnsley fc,Goalkeeper,,,Owen Goodman,https://www.transfermarkt.co.uk/owen-goodman/profil/spieler/814848,,0.91,exact_name,True,
canada_promise_david,team_canada,Canada,Promise David,promise david,Royale Union Saint-Gilloise,royale union saint gilloise,Forward,,,Promise David,https://www.transfermarkt.co.uk/promise-david/profil/spieler/888785,,1.0,exact_name_club,False,
canada_richie_laryea,team_canada,Canada,Richie Laryea,richie laryea,Toronto FC,toronto fc,Defender,,,Richie Laryea,https://www.transfermarkt.co.uk/richie-laryea/profil/spieler/417348,,1.0,exact_name_club,False,
canada_stephen_eustaquio,team_canada,Canada,Stephen Eustáquio,stephen eustaquio,FC Porto,fc porto,Midfielder,,,Stephen Eustaquio,https://www.transfermarkt.co.uk/stephen-eustaquio/profil/spieler/512913,,0.91,exact_name,True,
canada_tajon_buchanan,team_canada,Canada,Tajon Buchanan,tajon buchanan,Villarreal CF,villarreal cf,Midfielder,,,Tajon Buchanan,https://www.transfermarkt.co.uk/tajon-buchanan/profil/spieler/638793,,0.86,exact_name,True,
canada_tani_oluwaseyi,team_canada,Canada,Tani Oluwaseyi,tani oluwaseyi,Villarreal CF,villarreal cf,Forward,,,Tani Oluwaseyi,https://www.transfermarkt.co.uk/tani-oluwaseyi/profil/spieler/972465,,0.91,exact_name,True,
cape_verde_carlos_santos,team_cape_verde,Cape Verde,Carlos Santos,carlos santos,San Diego,san diego,Goalkeeper,,,,,,0.0,unmatched,True,
cape_verde_dailon_livramento,team_cape_verde,Cape Verde,Dailon Livramento,dailon livramento,Casa Pia,casa pia,Forward,,,Dailon Livramento,https://www.transfermarkt.co.uk/dailon-livramento/profil/spieler/676411,,0.91,exact_name,True,
cape_verde_deroy_duarte,team_cape_verde,Cape Verde,Deroy Duarte,deroy duarte,Ludogorets Razgrad,ludogorets razgrad,Midfielder,,,Deroy Duarte,https://www.transfermarkt.co.uk/deroy-duarte/profil/spieler/432852,,0.91,exact_name,True,
cape_verde_edilson_borges,team_cape_verde,Cape Verde,Edilson Borges,edilson borges,Al-Bataeh CSC,al bataeh csc,Defender,,,,,,0.0,unmatched,True,
cape_verde_garry_rodrigues,team_cape_verde,Cape Verde,Garry Rodrigues,garry rodrigues,Apollon Limassol,apollon limassol,Forward,,,Garry Rodrigues,https://www.transfermarkt.co.uk/garry-rodrigues/profil/spieler/170895,,0.91,exact_name,True,
cape_verde_gilson_benchimol,team_cape_verde,Cape Verde,Gilson Benchimol,gilson benchimol,Akron Tolyatti,akron tolyatti,Forward,,,,,,0.0,unmatched,True,
cape_verde_helio_varela,team_cape_verde,Cape Verde,Helio Varela,helio varela,Maccabi Tel Aviv,maccabi tel aviv,Forward,,,Hélio Varela,https://www.transfermarkt.co.uk/helio-varela/profil/spieler/840836,,0.91,exact_name,True,
cape_verde_ianique_tavares,team_cape_verde,Cape Verde,Ianique Tavares,ianique tavares,Torreense,torreense,Defender,,,,,,0.0,unmatched,True,
cape_verde_jamiro_monteiro,team_cape_verde,Cape Verde,Jamiro Monteiro,jamiro monteiro,PEC Zwolle,pec zwolle,Midfielder,,,Jamiro Monteiro,https://www.transfermarkt.co.uk/jamiro-monteiro/profil/spieler/272930,,0.91,exact_name,True,
cape_verde_josimar_dias,team_cape_verde,Cape Verde,Josimar Dias,josimar dias,Chaves,chaves,Goalkeeper,,,,,,0.0,unmatched,True,
cape_verde_jovane_cabral,team_cape_verde,Cape Verde,Jovane Cabral,jovane cabral,Estrela Amadora,estrela amadora,Forward,,,Jovane Cabral,https://www.transfermarkt.co.uk/jovane-cabral/profil/spieler/448466,,0.91,exact_name,True,
cape_verde_joao_paulo_fernandes,team_cape_verde,Cape Verde,João Paulo Fernandes,joao paulo fernandes,FCSB,fcsb,Defender,,,,,,0.0,unmatched,True,
cape_verde_kelvin_pires,team_cape_verde,Cape Verde,Kelvin Pires,kelvin pires,SJK,sjk,Defender,,,,,,0.0,unmatched,True,
cape_verde_kevin_pina,team_cape_verde,Cape Verde,Kevin Pina,kevin pina,Krasnodar,krasnodar,Midfielder,,,,,,0.0,unmatched,True,
cape_verde_laros_duarte,team_cape_verde,Cape Verde,Laros Duarte,laros duarte,Puskas Akademia,puskas akademia,Midfielder,,,Laros Duarte,https://www.transfermarkt.co.uk/laros-duarte/profil/spieler/258513,,0.91,exact_name,True,
cape_verde_logan_costa,team_cape_verde,Cape Verde,Logan Costa,logan costa,Villarreal,villarreal,Defender,,,Logan Costa,https://www.transfermarkt.co.uk/logan-costa/profil/spieler/484988,,0.91,exact_name,True,
cape_verde_marcio_da_rosa,team_cape_verde,Cape Verde,Márcio da Rosa,marcio da rosa,Montana,montana,Goalkeeper,,,,,,0.0,unmatched,True,
cape_verde_nuno_da_costa,team_cape_verde,Cape Verde,Nuno da Costa,nuno da costa,Istanbul Basaksehir,istanbul basaksehir,Forward,,,Nuno Da Costa,https://www.transfermarkt.co.uk/nuno-da-costa/profil/spieler/306166,,0.91,exact_name,True,
cape_verde_roberto_lopes,team_cape_verde,Cape Verde,Roberto Lopes,roberto lopes,Shamrock Rovers,shamrock rovers,Defender,,,,,,0.0,unmatched,True,
cape_verde_ryan_mendes,team_cape_verde,Cape Verde,Ryan Mendes,ryan mendes,Igdir,igdir,Forward,,,Ryan Mendes,https://www.transfermarkt.co.uk/ryan-mendes/profil/spieler/111627,,0.91,exact_name,True,
cape_verde_sidny_lopes_cabral,team_cape_verde,Cape Verde,Sidny Lopes Cabral,sidny lopes cabral,Benfica,benfica,Defender,,,Sidny Lopes Cabral,https://www.transfermarkt.co.uk/sidny-lopes-cabral/profil/spieler/611855,,0.91,exact_name,True,
cape_verde_steven_moreira,team_cape_verde,Cape Verde,Steven Moreira,steven moreira,Columbus Crew,columbus crew,Defender,,,Steven Moreira,https://www.transfermarkt.co.uk/steven-moreira/profil/spieler/203517,,1.0,exact_name_club,False,
cape_verde_telmo_arcanjo,team_cape_verde,Cape Verde,Telmo Arcanjo,telmo arcanjo,Vitoria Guimaraes,vitoria guimaraes,Midfielder,,,Telmo Arcanjo,https://www.transfermarkt.co.uk/telmo-arcanjo/profil/spieler/791528,,0.86,exact_name,True,
cape_verde_wagner_pina,team_cape_verde,Cape Verde,Wagner Pina,wagner pina,Trabzonspor,trabzonspor,Defender,,,Wagner Pina,https://www.transfermarkt.co.uk/wagner-pina/profil/spieler/1072017,,0.95,exact_name,False,
cape_verde_willy_semedo,team_cape_verde,Cape Verde,Willy Semedo,willy semedo,Omonia,omonia,Forward,,,Willy Semedo,https://www.transfermarkt.co.uk/willy-semedo/profil/spieler/531450,,0.91,exact_name,True,
cape_verde_yannick_semedo,team_cape_verde,Cape Verde,Yannick Semedo,yannick semedo,Farense,farense,Midfielder,,,,,,0.0,unmatched,True,
colombia_camilo_vargas,team_colombia,Colombia,Camilo Vargas,camilo vargas,Atlas-MEX,atlas mex,Goalkeeper,,,Camilo Vargas,https://www.transfermarkt.co.uk/camilo-vargas/profil/spieler/74113,,0.91,exact_name,True,
colombia_carlos_andres_gomez,team_colombia,Colombia,Carlos Andrés Gómez,carlos andres gomez,Vasco Da Gama-BRA,vasco da gama bra,Forward,,,,,,0.0,unmatched,True,
colombia_daniel_munoz,team_colombia,Colombia,Daniel Muñoz,daniel munoz,Crystal Palace-GBR,crystal palace gbr,Defender,,,Daniel Muñoz,https://www.transfermarkt.co.uk/daniel-munoz/profil/spieler/493003,,0.91,exact_name,True,
colombia_david_ospina,team_colombia,Colombia,David Ospina,david ospina,Atlético Nacional,atletico nacional,Goalkeeper,,,David Ospina,https://www.transfermarkt.co.uk/david-ospina/profil/spieler/73396,,1.0,exact_name_club,False,
colombia_davinson_sanchez,team_colombia,Colombia,Davinson Sánchez,davinson sanchez,Galatasaray-TUR,galatasaray tur,Defender,,,Davinson Sánchez,https://www.transfermarkt.co.uk/davinson-sanchez/profil/spieler/341429,,0.91,exact_name,True,
colombia_deiver_machado,team_colombia,Colombia,Deiver Machado,deiver machado,Nantes-FRA,nantes fra,Defender,,,Deiver Machado,https://www.transfermarkt.co.uk/deiver-machado/profil/spieler/332560,,0.91,exact_name,True,
colombia_gustavo_puerta,team_colombia,Colombia,Gustavo Puerta,gustavo puerta,Racing-ESP,racing esp,Midfielder,,,Gustavo Puerta,https://www.transfermarkt.co.uk/gustavo-puerta/profil/spieler/936981,,0.91,exact_name,True,
colombia_james_rodriguez,team_colombia,Colombia,James Rodríguez,james rodriguez,Minnesota United-USA,minnesota united usa,Midfielder,,,James Rodríguez,https://www.transfermarkt.co.uk/james-rodriguez/profil/spieler/88103,,0.9,exact_name,True,
colombia_jaminton_campaz,team_colombia,Colombia,Jaminton Campaz,jaminton campaz,Rosario Central-ARG,rosario central arg,Midfielder,,,Jáminton Campaz,https://www.transfermarkt.co.uk/jaminton-campaz/profil/spieler/491553,,0.86,exact_name,True,
colombia_jefferson_lerma,team_colombia,Colombia,Jefferson Lerma,jefferson lerma,Crystal Palace-GBR,crystal palace gbr,Midfielder,,,Jefferson Lerma,https://www.transfermarkt.co.uk/jefferson-lerma/profil/spieler/262980,,0.91,exact_name,True,
colombia_jhon_arias,team_colombia,Colombia,Jhon Arias,jhon arias,Palmeiras-BRA,palmeiras bra,Midfielder,,,Jhon Arias,https://www.transfermarkt.co.uk/jhon-arias/profil/spieler/588989,,0.86,exact_name,True,
colombia_jhon_cordoba,team_colombia,Colombia,Jhon Córdoba,jhon cordoba,Krasnodar-RUS,krasnodar rus,Forward,,,Jhon Córdoba,https://www.transfermarkt.co.uk/jhon-cordoba/profil/spieler/185245,,0.91,exact_name,True,
colombia_jhon_lucumi,team_colombia,Colombia,Jhon Lucumí,jhon lucumi,Bologna-ITA,bologna ita,Defender,,,Jhon Lucumí,https://www.transfermarkt.co.uk/jhon-lucumi/profil/spieler/413565,,0.91,exact_name,True,
colombia_johan_mojica,team_colombia,Colombia,Johan Mojica,johan mojica,Mallorca-ESP,mallorca esp,Defender,,,Johan Mojica,https://www.transfermarkt.co.uk/johan-mojica/profil/spieler/262939,,0.91,exact_name,True,
colombia_jorge_carrascal,team_colombia,Colombia,Jorge Carrascal,jorge carrascal,Flamengo-BRA,flamengo bra,Midfielder,,,Jorge Carrascal,https://www.transfermarkt.co.uk/jorge-carrascal/profil/spieler/354145,,0.86,exact_name,True,
colombia_juan_camilo_cucho_hernandez,team_colombia,Colombia,"Juan Camilo ""Cucho"" Hernández",juan camilo cucho hernandez,Real Betis,real betis,Forward,,,,,,0.0,unmatched,True,
colombia_juan_camilo_portilla,team_colombia,Colombia,Juan Camilo Portilla,juan camilo portilla,Athletico Paranaense-BRA,athletico paranaense bra,Midfielder,,,,,,0.0,unmatched,True,
colombia_juan_fernando_quintero,team_colombia,Colombia,Juan Fernando Quintero,juan fernando quintero,River Plate-ARG,river plate arg,Midfielder,,,Juan Fernando Quintero,https://www.transfermarkt.co.uk/juan-fernando-quintero/profil/spieler/122582,,0.86,exact_name,True,
colombia_kevin_castano,team_colombia,Colombia,Kevin Castaño,kevin castano,River Plate-ARG,river plate arg,Midfielder,,,Kevin Castaño,https://www.transfermarkt.co.uk/kevin-castano/profil/spieler/857948,,0.91,exact_name,True,
colombia_luis_diaz,team_colombia,Colombia,Luis Díaz,luis diaz,Bayern Munich-GER,bayern munich ger,Forward,,,Luis Díaz,https://www.transfermarkt.co.uk/luis-diaz/profil/spieler/480692,,0.95,exact_name,False,
colombia_luis_javier_suarez,team_colombia,Colombia,Luis Javier Suárez,luis javier suarez,Sporting CP,sporting cp,Forward,,,,,,0.0,unmatched,True,
colombia_richard_rios,team_colombia,Colombia,Richard Ríos,richard rios,Benfica-POR,benfica por,Midfielder,,,Richard Ríos,https://www.transfermarkt.co.uk/richard-rios/profil/spieler/735573,,0.91,exact_name,True,
colombia_santiago_arias,team_colombia,Colombia,Santiago Arias,santiago arias,Independiente-ARG,independiente arg,Defender,,,Santiago Arias,https://www.transfermarkt.co.uk/santiago-arias/profil/spieler/120443,,0.91,exact_name,True,
colombia_willer_ditta,team_colombia,Colombia,Willer Ditta,willer ditta,Cruz Azul-MEX,cruz azul mex,Defender,,,Willer Ditta,https://www.transfermarkt.co.uk/willer-ditta/profil/spieler/609255,,0.91,exact_name,True,
colombia_yerry_mina,team_colombia,Colombia,Yerry Mina,yerry mina,Cagliari-ITA,cagliari ita,Defender,,,Yerry Mina,https://www.transfermarkt.co.uk/yerry-mina/profil/spieler/289446,,0.91,exact_name,True,
colombia_alvaro_montero,team_colombia,Colombia,Álvaro Montero,alvaro montero,Vélez Sarsfield-ARG,velez sarsfield arg,Goalkeeper,,,Álvaro Montero,https://www.transfermarkt.co.uk/alvaro-montero/profil/spieler/292985,,0.91,exact_name,True,
croatia_andrej_kramaric,team_croatia,Croatia,Andrej Kramaric,andrej kramaric,Hoffenheim,hoffenheim,Forward,,,Andrej Kramaric,https://www.transfermarkt.co.uk/andrej-kramaric/profil/spieler/46580,,0.91,exact_name,True,
croatia_ante_budimir,team_croatia,Croatia,Ante Budimir,ante budimir,Osasuna,osasuna,Forward,,,Ante Budimir,https://www.transfermarkt.co.uk/ante-budimir/profil/spieler/46413,,0.91,exact_name,True,
croatia_dominic_livakovic,team_croatia,Croatia,Dominic Livakovic,dominic livakovic,Dinamo,dinamo,Goalkeeper,,,Dominik Livakovic,https://www.transfermarkt.co.uk/dominik-livakovic/profil/spieler/205927,,0.8641,near_name,True,
croatia_dominik_kotarski,team_croatia,Croatia,Dominik Kotarski,dominik kotarski,Kobenhavn,kobenhavn,Goalkeeper,,,Dominik Kotarski,https://www.transfermarkt.co.uk/dominik-kotarski/profil/spieler/370997,,0.91,exact_name,True,
croatia_duje_caleta_car,team_croatia,Croatia,Duje Caleta-Car,duje caleta car,Real Sociedad,real sociedad,Defender,,,Duje Caleta-Car,https://www.transfermarkt.co.uk/duje-caleta-car/profil/spieler/238266,,0.91,exact_name,True,
croatia_igor_matanovic,team_croatia,Croatia,Igor Matanovic,igor matanovic,Freiburg,freiburg,Forward,,,Igor Matanovic,https://www.transfermarkt.co.uk/igor-matanovic/profil/spieler/605268,,0.91,exact_name,True,
croatia_ivan_perisic,team_croatia,Croatia,Ivan Perisic,ivan perisic,PSV Eindhoven,psv eindhoven,Forward,,,Ivan Perišić,https://www.transfermarkt.co.uk/ivan-perisic/profil/spieler/42460,,0.91,exact_name,True,
croatia_ivor_pandur,team_croatia,Croatia,Ivor Pandur,ivor pandur,Hull City,hull city,Goalkeeper,,,Ivor Pandur,https://www.transfermarkt.co.uk/ivor-pandur/profil/spieler/371013,,1.0,exact_name_club,False,
croatia_josip_stanisic,team_croatia,Croatia,Josip Stanisic,josip stanisic,Bayern Munich,bayern munich,Defender,,,Josip Stanisic,https://www.transfermarkt.co.uk/josip-stanisic/profil/spieler/483046,,0.95,exact_name,False,
croatia_josip_sutalo,team_croatia,Croatia,Josip Sutalo,josip sutalo,Ajax,ajax,Defender,,,Josip Sutalo,https://www.transfermarkt.co.uk/josip-sutalo/profil/spieler/371001,,0.91,exact_name,True,
croatia_josko_gvardiol,team_croatia,Croatia,Josko Gvardiol,josko gvardiol,Manchester City,manchester city,Defender,,,Josko Gvardiol,https://www.transfermarkt.co.uk/josko-gvardiol/profil/spieler/475959,,0.91,exact_name,True,
croatia_kristijan_jakic,team_croatia,Croatia,Kristijan Jakic,kristijan jakic,Augsburg,augsburg,Midfielder,,,Kristijan Jakic,https://www.transfermarkt.co.uk/kristijan-jakic/profil/spieler/374954,,0.91,exact_name,True,
croatia_luka_modric,team_croatia,Croatia,Luka Modric,luka modric,AC Milan,ac milan,Midfielder,,,Luka Modrić,https://www.transfermarkt.co.uk/luka-modric/profil/spieler/27992,,0.91,exact_name,True,
croatia_luka_sucic,team_croatia,Croatia,Luka Sucic,luka sucic,Real Sociedad,real sociedad,Midfielder,,,Luka Sucic,https://www.transfermarkt.co.uk/luka-sucic/profil/spieler/502722,,0.91,exact_name,True,
croatia_luka_vuskovic,team_croatia,Croatia,Luka Vuskovic,luka vuskovic,Hamburg,hamburg,Defender,,,Luka Vuskovic,https://www.transfermarkt.co.uk/luka-vuskovic/profil/spieler/892160,,0.91,exact_name,True,
croatia_marco_pasalic,team_croatia,Croatia,Marco Pasalic,marco pasalic,Orlando City,orlando city,Forward,,,Marco Pašalić,https://www.transfermarkt.co.uk/marco-pasalic/profil/spieler/395928,,0.91,exact_name,True,
croatia_marin_pongracic,team_croatia,Croatia,Marin Pongracic,marin pongracic,Fiorentina,fiorentina,Defender,,,Marin Pongracic,https://www.transfermarkt.co.uk/marin-pongracic/profil/spieler/282144,,0.91,exact_name,True,
croatia_mario_pasalic,team_croatia,Croatia,Mario Pasalic,mario pasalic,Atalanta,atalanta,Midfielder,,,Mario Pašalić,https://www.transfermarkt.co.uk/mario-pasalic/profil/spieler/205938,,0.91,exact_name,True,
croatia_martin_baturina,team_croatia,Croatia,Martin Baturina,martin baturina,Como,como,Midfielder,,,Martin Baturina,https://www.transfermarkt.co.uk/martin-baturina/profil/spieler/580451,,0.86,exact_name,True,
croatia_martin_erlic,team_croatia,Croatia,Martin Erlic,martin erlic,Midtjylland,midtjylland,Defender,,,Martin Erlić,https://www.transfermarkt.co.uk/martin-erlic/profil/spieler/357003,,0.91,exact_name,True,
croatia_mateo_kovacic,team_croatia,Croatia,Mateo Kovacic,mateo kovacic,Manchester City,manchester city,Midfielder,,,Mateo Kovacic,https://www.transfermarkt.co.uk/mateo-kovacic/profil/spieler/51471,,0.91,exact_name,True,
croatia_nikola_moro,team_croatia,Croatia,Nikola Moro,nikola moro,Bologna,bologna,Midfielder,,,Nikola Moro,https://www.transfermarkt.co.uk/nikola-moro/profil/spieler/316934,,0.91,exact_name,True,
croatia_nikola_vlasic,team_croatia,Croatia,Nikola Vlasic,nikola vlasic,Torino,torino,Midfielder,,,Nikola Vlašić,https://www.transfermarkt.co.uk/nikola-vlasic/profil/spieler/293200,,0.86,exact_name,True,
croatia_petar_musa,team_croatia,Croatia,Petar Musa,petar musa,FC Dallas,fc dallas,Forward,,,Petar Musa,https://www.transfermarkt.co.uk/petar-musa/profil/spieler/387110,,1.0,exact_name_club,False,
croatia_petar_sucic,team_croatia,Croatia,Petar Sucic,petar sucic,Inter Milan,inter milan,Midfielder,,,Petar Sučić,https://www.transfermarkt.co.uk/petar-sucic/profil/spieler/668207,,0.91,exact_name,True,
croatia_toni_fruk,team_croatia,Croatia,Toni Fruk,toni fruk,Rijeka,rijeka,Midfielder,,,Toni Fruk,https://www.transfermarkt.co.uk/toni-fruk/profil/spieler/432758,,0.86,exact_name,True,
curacao_ar_jany_martha,team_curacao,Curacao,Ar'jany Martha,ar jany martha,Rotherham United,rotherham united,Midfielder,,,Ar'jany Martha,https://www.transfermarkt.co.uk/arjany-martha/profil/spieler/572519,,0.86,exact_name,True,
curacao_armando_obispo,team_curacao,Curacao,Armando Obispo,armando obispo,PSV Eindhoven,psv eindhoven,Defender,,,Armando Obispo,https://www.transfermarkt.co.uk/armando-obispo/profil/spieler/339337,,0.91,exact_name,True,
curacao_brandley_kuwas,team_curacao,Curacao,Brandley Kuwas,brandley kuwas,Volendam,volendam,Forward,,,Brandley Kuwas,https://www.transfermarkt.co.uk/brandley-kuwas/profil/spieler/232219,,0.91,exact_name,True,
curacao_deveron_fonville,team_curacao,Curacao,Deveron Fonville,deveron fonville,NEC Nijmegen,nec nijmegen,Defender,,,Deveron Fonville,https://www.transfermarkt.co.uk/deveron-fonville/profil/spieler/708989,,0.91,exact_name,True,
curacao_eloy_room,team_curacao,Curacao,Eloy Room,eloy room,Miami FC,miami fc,Goalkeeper,,,Eloy Room,https://www.transfermarkt.co.uk/eloy-room/profil/spieler/79294,,0.91,exact_name,True,
curacao_gervane_kastaneer,team_curacao,Curacao,Gervane Kastaneer,gervane kastaneer,Terengganu,terengganu,Forward,,,Gervane Kastaneer,https://www.transfermarkt.co.uk/gervane-kastaneer/profil/spieler/240752,,0.91,exact_name,True,
curacao_godfried_roemeratoe,team_curacao,Curacao,Godfried Roemeratoe,godfried roemeratoe,RKC Waalwijk,rkc waalwijk,Midfielder,,,Godfried Roemeratoe,https://www.transfermarkt.co.uk/godfried-roemeratoe/profil/spieler/393241,,1.0,exact_name_club,False,
curacao_jearl_margaritha,team_curacao,Curacao,Jearl Margaritha,jearl margaritha,Beveren,beveren,Forward,,,,,,0.0,unmatched,True,
curacao_jeremy_antonisse,team_curacao,Curacao,Jeremy Antonisse,jeremy antonisse,Kifisia,kifisia,Forward,,,Jeremy Antonisse,https://www.transfermarkt.co.uk/jeremy-antonisse/profil/spieler/594273,,0.91,exact_name,True,
curacao_joshua_brenet,team_curacao,Curacao,Joshua Brenet,joshua brenet,Kayserispor,kayserispor,Defender,,,Joshua Brenet,https://www.transfermarkt.co.uk/joshua-brenet/profil/spieler/207006,,0.95,exact_name,False,
curacao_juninho_bacuna,team_curacao,Curacao,Juninho Bacuna,juninho bacuna,Volendam,volendam,Midfielder,,,Juninho Bacuna,https://www.transfermarkt.co.uk/juninho-bacuna/profil/spieler/348863,,0.91,exact_name,True,
curacao_jurien_gaari,team_curacao,Curacao,Juriën Gaari,jurien gaari,Abha,abha,Defender,,,Juriën Gaari,https://www.transfermarkt.co.uk/jurien-gaari/profil/spieler/328455,,0.91,exact_name,True,
curacao_jurgen_locadia,team_curacao,Curacao,Jürgen Locadia,jurgen locadia,Miami FC,miami fc,Forward,,,,,,0.0,unmatched,True,
curacao_kenji_gorre,team_curacao,Curacao,Kenji Gorré,kenji gorre,Maccabi Haifa,maccabi haifa,Forward,,,Kenji Gorré,https://www.transfermarkt.co.uk/kenji-gorre/profil/spieler/374889,,0.91,exact_name,True,
curacao_kevin_felida,team_curacao,Curacao,Kevin Felida,kevin felida,Den Bosch,den bosch,Midfielder,,,Kevin Felida,https://www.transfermarkt.co.uk/kevin-felida/profil/spieler/433933,,0.91,exact_name,True,
curacao_leandro_bacuna,team_curacao,Curacao,Leandro Bacuna,leandro bacuna,Igdir,igdir,Midfielder,,,Leandro Bacuna,https://www.transfermarkt.co.uk/leandro-bacuna/profil/spieler/126014,,0.91,exact_name,True,
curacao_livano_comenencia,team_curacao,Curacao,Livano Comenencia,livano comenencia,Zurich,zurich,Midfielder,,,Livano Comenencia,https://www.transfermarkt.co.uk/livano-comenencia/profil/spieler/626764,,0.9,exact_name,True,
curacao_riechedly_bazoer,team_curacao,Curacao,Riechedly Bazoer,riechedly bazoer,Konyaspor,konyaspor,Defender,,,Riechedly Bazoer,https://www.transfermarkt.co.uk/riechedly-bazoer/profil/spieler/216443,,1.0,exact_name_club,False,
curacao_roshon_van_eijma,team_curacao,Curacao,Roshon van Eijma,roshon van eijma,RKC Waalwijk,rkc waalwijk,Defender,,,Roshon van Eijma,https://www.transfermarkt.co.uk/roshon-van-eijma/profil/spieler/401029,,1.0,exact_name_club,False,
curacao_sherel_floranus,team_curacao,Curacao,Sherel Floranus,sherel floranus,PEC Zwolle,pec zwolle,Defender,,,Sherel Floranus,https://www.transfermarkt.co.uk/sherel-floranus/profil/spieler/315211,,0.91,exact_name,True,
curacao_shurandy_sambo,team_curacao,Curacao,Shurandy Sambo,shurandy sambo,Sparta Rotterdam,sparta rotterdam,Defender,,,Shurandy Sambo,https://www.transfermarkt.co.uk/shurandy-sambo/profil/spieler/412937,,1.0,exact_name_club,False,
curacao_sontje_hansen,team_curacao,Curacao,Sontje Hansen,sontje hansen,Middlesbrough,middlesbrough,Forward,,,Sontje Hansen,https://www.transfermarkt.co.uk/sontje-hansen/profil/spieler/485582,,0.91,exact_name,True,
curacao_tahith_chong,team_curacao,Curacao,Tahith Chong,tahith chong,Sheffield United,sheffield united,Forward,,,,,,0.0,unmatched,True,
curacao_trevor_doornbusch,team_curacao,Curacao,Trevor Doornbusch,trevor doornbusch,VVV Venlo,vvv venlo,Goalkeeper,,,Trevor Doornbusch,https://www.transfermarkt.co.uk/trevor-doornbusch/profil/spieler/390814,,0.91,exact_name,True,
curacao_tyrese_noslin,team_curacao,Curacao,Tyrese Noslin,tyrese noslin,Telstar,telstar,Midfielder,,,Tyrese Noslin,https://www.transfermarkt.co.uk/tyrese-noslin/profil/spieler/708005,,0.91,exact_name,True,
curacao_tyrick_bodack,team_curacao,Curacao,Tyrick Bodack,tyrick bodack,SC Telstar,sc telstar,Goalkeeper,,,Tyrick Bodak,https://www.transfermarkt.co.uk/tyrick-bodak/profil/spieler/663961,,0.8788,near_name,True,
czech_republic_adam_hlozek,team_czech_republic,Czech Republic,Adam Hlozek,adam hlozek,Hoffenheim,hoffenheim,Forward,,,Adam Hlozek,https://www.transfermarkt.co.uk/adam-hlozek/profil/spieler/552057,,0.91,exact_name,True,
czech_republic_alexandr_sojka,team_czech_republic,Czech Republic,Alexandr Sojka,alexandr sojka,Viktoria Plzen,viktoria plzen,Midfielder,,,Alexandr Sojka,https://www.transfermarkt.co.uk/alexandr-sojka/profil/spieler/826103,,0.95,exact_name,False,
czech_republic_david_doudera,team_czech_republic,Czech Republic,David Doudera,david doudera,Slavia Prague,slavia prague,Defender,,,David Doudera,https://www.transfermarkt.co.uk/david-doudera/profil/spieler/493758,,0.86,exact_name,True,
czech_republic_david_jurasek,team_czech_republic,Czech Republic,David Jurásek,david jurasek,Slavia Prague,slavia prague,Defender,,,David Jurásek,https://www.transfermarkt.co.uk/david-jurasek/profil/spieler/500054,,0.91,exact_name,True,
czech_republic_david_zima,team_czech_republic,Czech Republic,David Zima,david zima,Slavia Prague,slavia prague,Defender,,,David Zima,https://www.transfermarkt.co.uk/david-zima/profil/spieler/544149,,0.91,exact_name,True,
czech_republic_denis_visinsky,team_czech_republic,Czech Republic,Denis Visinsky,denis visinsky,Viktoria Plzen,viktoria plzen,Midfielder,,,Denis Visinsky,https://www.transfermarkt.co.uk/denis-visinsky/profil/spieler/652060,,0.9,exact_name,True,
czech_republic_hugo_sochurek,team_czech_republic,Czech Republic,Hugo Sochurek,hugo sochurek,Sparta Prague,sparta prague,Midfielder,,,Hugo Sochurek,https://www.transfermarkt.co.uk/hugo-sochurek/profil/spieler/1206877,,0.91,exact_name,True,
czech_republic_jan_kuchta,team_czech_republic,Czech Republic,Jan Kuchta,jan kuchta,Sparta Prague,sparta prague,Forward,,,Jan Kuchta,https://www.transfermarkt.co.uk/jan-kuchta/profil/spieler/334802,,0.91,exact_name,True,
czech_republic_jaroslav_zeleny,team_czech_republic,Czech Republic,Jaroslav Zeleny,jaroslav zeleny,Sparta Prague,sparta prague,Defender,,,Jaroslav Zelený,https://www.transfermarkt.co.uk/jaroslav-zeleny/profil/spieler/142219,,0.91,exact_name,True,
czech_republic_jindrich_stanek,team_czech_republic,Czech Republic,Jindrich Stanek,jindrich stanek,Slavia Prague,slavia prague,Goalkeeper,,,Jindrich Stanek,https://www.transfermarkt.co.uk/jindrich-stanek/profil/spieler/242089,,0.91,exact_name,True,
czech_republic_ladislav_krejci,team_czech_republic,Czech Republic,Ladislav Krejcí,ladislav krejci,Wolverhampton,wolverhampton,Defender,,,Ladislav Krejčí,https://www.transfermarkt.co.uk/ladislav-krejci/profil/spieler/345911,,0.91,exact_name,True,
czech_republic_lukas_cerv,team_czech_republic,Czech Republic,Lukás Cerv,lukas cerv,Viktoria Plzen,viktoria plzen,Midfielder,,,Lukas Cerv,https://www.transfermarkt.co.uk/lukas-cerv/profil/spieler/611049,,0.95,exact_name,False,
czech_republic_lukas_hornicek,team_czech_republic,Czech Republic,Lukás Hornícek,lukas hornicek,Braga,braga,Goalkeeper,,,Lukas Hornicek,https://www.transfermarkt.co.uk/lukas-hornicek/profil/spieler/629773,,0.91,exact_name,True,
czech_republic_lukas_provod,team_czech_republic,Czech Republic,Lukás Provod,lukas provod,Slavia Prague,slavia prague,Midfielder,,,Lukas Provod,https://www.transfermarkt.co.uk/lukas-provod/profil/spieler/292779,,0.86,exact_name,True,
czech_republic_matej_kovar,team_czech_republic,Czech Republic,Matej Kovár,matej kovar,PSV Eindhoven,psv eindhoven,Goalkeeper,,,Matej Kovar,https://www.transfermarkt.co.uk/matej-kovar/profil/spieler/550829,,0.91,exact_name,True,
czech_republic_michal_sadilek,team_czech_republic,Czech Republic,Michal Sadílek,michal sadilek,Slavia Prague,slavia prague,Midfielder,,,Michal Sadílek,https://www.transfermarkt.co.uk/michal-sadilek/profil/spieler/321204,,0.91,exact_name,True,
czech_republic_mojmir_chytil,team_czech_republic,Czech Republic,Mojmír Chytil,mojmir chytil,Slavia Prague,slavia prague,Forward,,,Mojmír Chytil,https://www.transfermarkt.co.uk/mojmir-chytil/profil/spieler/405855,,0.91,exact_name,True,
czech_republic_patrik_schick,team_czech_republic,Czech Republic,Patrik Schick,patrik schick,Bayer Leverkusen,bayer leverkusen,Forward,,,Patrik Schick,https://www.transfermarkt.co.uk/patrik-schick/profil/spieler/242086,,0.91,exact_name,True,
czech_republic_pavel_sulc,team_czech_republic,Czech Republic,Pavel Sulc,pavel sulc,Lyon,lyon,Midfielder,,,Pavel Sulc,https://www.transfermarkt.co.uk/pavel-sulc/profil/spieler/500053,,0.86,exact_name,True,
czech_republic_robin_hranac,team_czech_republic,Czech Republic,Robin Hranác,robin hranac,Hoffenheim,hoffenheim,Defender,,,Robin Hranac,https://www.transfermarkt.co.uk/robin-hranac/profil/spieler/620217,,0.91,exact_name,True,
czech_republic_stepan_chaloupek,team_czech_republic,Czech Republic,Stepán Chaloupek,stepan chaloupek,Slavia Prague,slavia prague,Defender,,,Stepan Chaloupek,https://www.transfermarkt.co.uk/stepan-chaloupek/profil/spieler/944827,,0.91,exact_name,True,
czech_republic_tomas_chory,team_czech_republic,Czech Republic,Tomás Chory,tomas chory,Slavia Prague,slavia prague,Forward,,,Tomas Chory,https://www.transfermarkt.co.uk/tomas-chory/profil/spieler/198614,,0.91,exact_name,True,
czech_republic_tomas_holes,team_czech_republic,Czech Republic,Tomás Holes,tomas holes,Slavia Prague,slavia prague,Defender,,,Tomas Holes,https://www.transfermarkt.co.uk/tomas-holes/profil/spieler/216278,,0.91,exact_name,True,
czech_republic_tomas_soucek,team_czech_republic,Czech Republic,Tomás Soucek,tomas soucek,West Ham,west ham,Midfielder,,,Tomáš Souček,https://www.transfermarkt.co.uk/tomas-soucek/profil/spieler/283628,,0.91,exact_name,True,
czech_republic_vladimir_coufal,team_czech_republic,Czech Republic,Vladimír Coufal,vladimir coufal,Hoffenheim,hoffenheim,Defender,,,Vladimír Coufal,https://www.transfermarkt.co.uk/vladimir-coufal/profil/spieler/157672,,0.91,exact_name,True,
czech_republic_vladimir_darida,team_czech_republic,Czech Republic,Vladimír Darida,vladimir darida,Hradec Králové,hradec kralove,Midfielder,,,Vladimír Darida,https://www.transfermarkt.co.uk/vladimir-darida/profil/spieler/179643,,0.95,exact_name,False,
dr_congo_aaron_wan_bissaka,team_dr_congo,DR Congo,Aaron Wan-Bissaka,aaron wan bissaka,West Ham United,west ham united,Defender,,,Aaron Wan-Bissaka,https://www.transfermarkt.co.uk/aaron-wan-bissaka/profil/spieler/477758,,0.91,exact_name,True,
dr_congo_arthur_masuaku,team_dr_congo,DR Congo,Arthur Masuaku,arthur masuaku,Lens,lens,Defender,,,Arthur Masuaku,https://www.transfermarkt.co.uk/arthur-masuaku/profil/spieler/181380,,0.91,exact_name,True,
dr_congo_axel_tuanzebe,team_dr_congo,DR Congo,Axel Tuanzebe,axel tuanzebe,Burnley,burnley,Defender,,,Axel Tuanzebe,https://www.transfermarkt.co.uk/axel-tuanzebe/profil/spieler/342046,,0.91,exact_name,True,
dr_congo_brian_cipenga,team_dr_congo,DR Congo,Brian Cipenga,brian cipenga,Castellón,castellon,Midfielder,,,,,,0.0,unmatched,True,
dr_congo_chancel_mbemba,team_dr_congo,DR Congo,Chancel Mbemba,chancel mbemba,Lille,lille,Defender,,,Chancel Mbemba,https://www.transfermarkt.co.uk/chancel-mbemba/profil/spieler/203348,,0.91,exact_name,True,
dr_congo_charles_pickel,team_dr_congo,DR Congo,Charles Pickel,charles pickel,Espanyol,espanyol,Midfielder,,,Charles Pickel,https://www.transfermarkt.co.uk/charles-pickel/profil/spieler/243879,,0.91,exact_name,True,
dr_congo_cedric_bakambu,team_dr_congo,DR Congo,Cédric Bakambu,cedric bakambu,Real Betis,real betis,Forward,,,Cédric Bakambu,https://www.transfermarkt.co.uk/cedric-bakambu/profil/spieler/127048,,0.91,exact_name,True,
dr_congo_dylan_batubinsika,team_dr_congo,DR Congo,Dylan Batubinsika,dylan batubinsika,AEL,ael,Defender,,,Dylan Batubinsika,https://www.transfermarkt.co.uk/dylan-batubinsika/profil/spieler/289432,,0.91,exact_name,True,
dr_congo_edo_kayembe,team_dr_congo,DR Congo,Edo Kayembe,edo kayembe,Watford,watford,Midfielder,,,Edo Kayembe,https://www.transfermarkt.co.uk/edo-kayembe/profil/spieler/486477,,0.95,exact_name,False,
dr_congo_fiston_mayele,team_dr_congo,DR Congo,Fiston Mayele,fiston mayele,Pyramids FC,pyramids fc,Forward,,,,,,0.0,unmatched,True,
dr_congo_gael_kakuta,team_dr_congo,DR Congo,Gaël Kakuta,gael kakuta,AEL,ael,Midfielder,,,Gaël Kakuta,https://www.transfermarkt.co.uk/gael-kakuta/profil/spieler/74297,,0.86,exact_name,True,
dr_congo_gedeon_kalulu,team_dr_congo,DR Congo,Gedeon Kalulu,gedeon kalulu,Aris Limassol,aris limassol,Defender,,,Gédéon Kalulu,https://www.transfermarkt.co.uk/gedeon-kalulu/profil/spieler/395685,,0.91,exact_name,True,
dr_congo_joris_kayembe,team_dr_congo,DR Congo,Joris Kayembe,joris kayembe,Genk,genk,Defender,,,Joris Kayembe,https://www.transfermarkt.co.uk/joris-kayembe/profil/spieler/129586,,0.91,exact_name,True,
dr_congo_lionel_mpasi,team_dr_congo,DR Congo,Lionel Mpasi,lionel mpasi,Le Havre,le havre,Goalkeeper,,,,,,0.0,unmatched,True,
dr_congo_matthieu_epolo,team_dr_congo,DR Congo,Matthieu Epolo,matthieu epolo,Standard Liege,standard liege,Goalkeeper,,,Matthieu Epolo,https://www.transfermarkt.co.uk/matthieu-epolo/profil/spieler/680218,,0.91,exact_name,True,
dr_congo_meschack_elia,team_dr_congo,DR Congo,Meschack Elia,meschack elia,Alanyaspor,alanyaspor,Forward,,,Meschack Elia,https://www.transfermarkt.co.uk/meschack-elia/profil/spieler/423678,,1.0,exact_name_club,False,
dr_congo_nathanael_mbuku,team_dr_congo,DR Congo,Nathanaël Mbuku,nathanael mbuku,Montpellier,montpellier,Midfielder,,,Nathanaël Mbuku,https://www.transfermarkt.co.uk/nathanael-mbuku/profil/spieler/557614,,0.86,exact_name,True,
dr_congo_ngal_ayel_mukau,team_dr_congo,DR Congo,Ngal'ayel Mukau,ngal ayel mukau,Lille,lille,Midfielder,,,Ngal'ayel Mukau,https://www.transfermarkt.co.uk/ngalayel-mukau/profil/spieler/1016015,,0.91,exact_name,True,
dr_congo_noah_sadiki,team_dr_congo,DR Congo,Noah Sadiki,noah sadiki,Sunderland,sunderland,Midfielder,,,Noah Sadiki,https://www.transfermarkt.co.uk/noah-sadiki/profil/spieler/727089,,0.91,exact_name,True,
dr_congo_rocky_bushiri,team_dr_congo,DR Congo,Rocky Bushiri,rocky bushiri,Hibernian FC,hibernian fc,Defender,,,Rocky Bushiri,https://www.transfermarkt.co.uk/rocky-bushiri/profil/spieler/511802,,0.91,exact_name,True,
dr_congo_samuel_moutoussamy,team_dr_congo,DR Congo,Samuel Moutoussamy,samuel moutoussamy,Atromitos,atromitos,Midfielder,,,Samuel Moutoussamy,https://www.transfermarkt.co.uk/samuel-moutoussamy/profil/spieler/353403,,0.91,exact_name,True,
dr_congo_simon_banza,team_dr_congo,DR Congo,Simon Banza,simon banza,Al Jazira,al jazira,Forward,,,Simon Banza,https://www.transfermarkt.co.uk/simon-banza/profil/spieler/344869,,0.91,exact_name,True,
dr_congo_steve_kapuadi,team_dr_congo,DR Congo,Steve Kapuadi,steve kapuadi,Widzew Łódź,widzew odz,Defender,,,Steve Kapuadi,https://www.transfermarkt.co.uk/steve-kapuadi/profil/spieler/679709,,0.91,exact_name,True,
dr_congo_theo_bongonda,team_dr_congo,DR Congo,Théo Bongonda,theo bongonda,Spartak Moscow,spartak moscow,Midfielder,,,Théo Bongonda,https://www.transfermarkt.co.uk/theo-bongonda/profil/spieler/280701,,0.86,exact_name,True,
dr_congo_timothy_fayulu,team_dr_congo,DR Congo,Timothy Fayulu,timothy fayulu,FC Noah,fc noah,Goalkeeper,,,Timothy Fayulu,https://www.transfermarkt.co.uk/timothy-fayulu/profil/spieler/541420,,0.91,exact_name,True,
dr_congo_yoane_wissa,team_dr_congo,DR Congo,Yoane Wissa,yoane wissa,Newcastle United,newcastle united,Forward,,,Yoane Wissa,https://www.transfermarkt.co.uk/yoane-wissa/profil/spieler/388165,,0.91,exact_name,True,
ecuador_alan_franco,team_ecuador,Ecuador,Alan Franco,alan franco,Atlético Mineiro,atletico mineiro,Midfielder,,,Alan Franco,https://www.transfermarkt.co.uk/alan-franco/profil/spieler/400960,,0.95,exact_name,False,
ecuador_alan_minda,team_ecuador,Ecuador,Alan Minda,alan minda,Cercle Brugge,cercle brugge,Midfielder,,,Alan Minda,https://www.transfermarkt.co.uk/alan-minda/profil/spieler/897051,,0.86,exact_name,True,
ecuador_anthony_valencia,team_ecuador,Ecuador,Anthony Valencia,anthony valencia,Royal Antwerp,royal antwerp,Forward,,,Anthony Valencia,https://www.transfermarkt.co.uk/anthony-valencia/profil/spieler/974374,,0.91,exact_name,True,
ecuador_denil_castillo,team_ecuador,Ecuador,Denil Castillo,denil castillo,Midtjylland,midtjylland,Midfielder,,,Denil Castillo,https://www.transfermarkt.co.uk/denil-castillo/profil/spieler/941418,,0.91,exact_name,True,
ecuador_enner_valencia,team_ecuador,Ecuador,Enner Valencia,enner valencia,Pachuca,pachuca,Forward,,,Enner Valencia,https://www.transfermarkt.co.uk/enner-valencia/profil/spieler/139503,,0.91,exact_name,True,
ecuador_felix_torres,team_ecuador,Ecuador,Félix Torres,felix torres,Internacional,internacional,Defender,,,Félix Torres,https://www.transfermarkt.co.uk/felix-torres/profil/spieler/468174,,0.91,exact_name,True,
ecuador_gonzalo_plata,team_ecuador,Ecuador,Gonzalo Plata,gonzalo plata,CR Flamengo,cr flamengo,Midfielder,,,Gonzalo Plata,https://www.transfermarkt.co.uk/gonzalo-plata/profil/spieler/592735,,0.86,exact_name,True,
ecuador_gonzalo_valle,team_ecuador,Ecuador,Gonzalo Valle,gonzalo valle,LDU Quito,ldu quito,Goalkeeper,,,,,,0.0,unmatched,True,
ecuador_hernan_galindez,team_ecuador,Ecuador,Hernán Galíndez,hernan galindez,Huracán,huracan,Goalkeeper,,,Hernán Galíndez,https://www.transfermarkt.co.uk/hernan-galindez/profil/spieler/77127,,0.91,exact_name,True,
ecuador_jackson_porozo,team_ecuador,Ecuador,Jackson Porozo,jackson porozo,Club Tijuana,club tijuana,Defender,,,Jackson Porozo,https://www.transfermarkt.co.uk/jackson-porozo/profil/spieler/491616,,0.91,exact_name,True,
ecuador_jeremy_arevalo,team_ecuador,Ecuador,Jeremy Arévalo,jeremy arevalo,Stuttgart,stuttgart,Forward,,,Jeremy Arévalo,https://www.transfermarkt.co.uk/jeremy-arevalo/profil/spieler/971663,,0.91,exact_name,True,
ecuador_joel_ordonez,team_ecuador,Ecuador,Joel Ordóñez,joel ordonez,Club Brugge,club brugge,Defender,,,Joel Ordóñez,https://www.transfermarkt.co.uk/joel-ordonez/profil/spieler/893661,,0.91,exact_name,True,
ecuador_john_yeboah,team_ecuador,Ecuador,John Yeboah,john yeboah,Venezia FC,venezia fc,Midfielder,,,John Yeboah,https://www.transfermarkt.co.uk/john-yeboah/profil/spieler/439914,,1.0,exact_name_club,False,
ecuador_jordy_alcivar,team_ecuador,Ecuador,Jordy Alcívar,jordy alcivar,Independiente,independiente,Midfielder,,,Jordy Alcívar,https://www.transfermarkt.co.uk/jordy-alcivar/profil/spieler/598145,,0.91,exact_name,True,
ecuador_jordy_caicedo,team_ecuador,Ecuador,Jordy Caicedo,jordy caicedo,Huracán,huracan,Forward,,,Jordy Caicedo,https://www.transfermarkt.co.uk/jordy-caicedo/profil/spieler/360412,,0.91,exact_name,True,
ecuador_kendry_paez,team_ecuador,Ecuador,Kendry Páez,kendry paez,River Plate,river plate,Midfielder,,,Kendry Páez,https://www.transfermarkt.co.uk/kendry-paez/profil/spieler/1052439,,0.86,exact_name,True,
ecuador_kevin_rodriguez,team_ecuador,Ecuador,Kevin Rodríguez,kevin rodriguez,Union Saint-Gilloise,union saint gilloise,Forward,,,Kevin Rodríguez,https://www.transfermarkt.co.uk/kevin-rodriguez/profil/spieler/684159,,0.95,exact_name,False,
ecuador_moises_caicedo,team_ecuador,Ecuador,Moisés Caicedo,moises caicedo,Chelsea,chelsea,Midfielder,,,Moisés Caicedo,https://www.transfermarkt.co.uk/moises-caicedo/profil/spieler/687626,,0.91,exact_name,True,
ecuador_moises_ramirez,team_ecuador,Ecuador,Moisés Ramírez,moises ramirez,AE Kifisias,ae kifisias,Goalkeeper,,,Moisés Ramírez,https://www.transfermarkt.co.uk/moises-ramirez/profil/spieler/450233,,0.91,exact_name,True,
ecuador_nilson_angulo,team_ecuador,Ecuador,Nilson Angulo,nilson angulo,Sunderland,sunderland,Forward,,,Nilson Angulo,https://www.transfermarkt.co.uk/nilson-angulo/profil/spieler/903611,,0.91,exact_name,True,
ecuador_pedro_vite,team_ecuador,Ecuador,Pedro Vite,pedro vite,Pumas UNAM,pumas unam,Midfielder,,,Pedro Vite,https://www.transfermarkt.co.uk/pedro-vite/profil/spieler/659806,,0.86,exact_name,True,
ecuador_pervis_estupinan,team_ecuador,Ecuador,Pervis Estupiñán,pervis estupinan,AC Milan,ac milan,Defender,,,Pervis Estupiñán,https://www.transfermarkt.co.uk/pervis-estupinan/profil/spieler/349599,,0.91,exact_name,True,
ecuador_piero_hincapie,team_ecuador,Ecuador,Piero Hincapié,piero hincapie,Arsenal,arsenal,Defender,,,Piero Hincapié,https://www.transfermarkt.co.uk/piero-hincapie/profil/spieler/659813,,0.91,exact_name,True,
ecuador_willian_pacho,team_ecuador,Ecuador,Willian Pacho,willian pacho,PSG,psg,Defender,,,Willian Pacho,https://www.transfermarkt.co.uk/willian-pacho/profil/spieler/661171,,0.91,exact_name,True,
ecuador_yaimar_medina,team_ecuador,Ecuador,Yaimar Medina,yaimar medina,KRC Genk,krc genk,Defender,,,Yaimar Medina,https://www.transfermarkt.co.uk/yaimar-medina/profil/spieler/893659,,0.91,exact_name,True,
ecuador_angelo_preciado,team_ecuador,Ecuador,Ángelo Preciado,angelo preciado,Atlético Mineiro,atletico mineiro,Defender,,,Angelo Preciado,https://www.transfermarkt.co.uk/angelo-preciado/profil/spieler/450241,,0.95,exact_name,False,
egypt_ahmed_fatouh,team_egypt,Egypt,Ahmed Fatouh,ahmed fatouh,Zamalek,zamalek,Defender,,,Ahmed Fatouh,https://www.transfermarkt.co.uk/ahmed-fatouh/profil/spieler/465966,,0.91,exact_name,True,
egypt_ahmed_sayed_zizo,team_egypt,Egypt,"Ahmed Sayed ""Zizo""",ahmed sayed zizo,Al Ahly SC,al ahly sc,Midfielder,,,,,,0.0,unmatched,True,
egypt_el_mahdy_soliman,team_egypt,Egypt,El Mahdy Soliman,el mahdy soliman,Zamalek SC,zamalek sc,Goalkeeper,,,,,,0.0,unmatched,True,
egypt_emam_ashour,team_egypt,Egypt,Emam Ashour,emam ashour,Al Ahly,al ahly,Midfielder,,,Emam Ashour,https://www.transfermarkt.co.uk/emam-ashour/profil/spieler/604008,,0.91,exact_name,True,
egypt_haitham_hassan,team_egypt,Egypt,Haitham Hassan,haitham hassan,Real Oviedo,real oviedo,Forward,,,,,,0.0,unmatched,True,
egypt_hamdy_fathy,team_egypt,Egypt,Hamdy Fathy,hamdy fathy,Al-Wakrah SC,al wakrah sc,Midfielder,,,Hamdy Fathy,https://www.transfermarkt.co.uk/hamdy-fathy/profil/spieler/340303,,0.91,exact_name,True,
egypt_hamza_abdelkarim,team_egypt,Egypt,Hamza Abdelkarim,hamza abdelkarim,Barcelona,barcelona,Forward,,,,,,0.0,unmatched,True,
egypt_hossam_abdelmaguid,team_egypt,Egypt,Hossam Abdelmaguid,hossam abdelmaguid,Zamalek,zamalek,Defender,,,Hossam Abdelmaguid,https://www.transfermarkt.co.uk/hossam-abdelmaguid/profil/spieler/737524,,0.91,exact_name,True,
egypt_ibrahim_adel,team_egypt,Egypt,Ibrahim Adel,ibrahim adel,FC Nordsjælland,fc nordsj lland,Forward,,,Ibrahim Adel,https://www.transfermarkt.co.uk/ibrahim-adel/profil/spieler/677278,,0.95,exact_name,False,
egypt_karim_hafez,team_egypt,Egypt,Karim Hafez,karim hafez,Pyramids,pyramids,Defender,,,Karim Hafez,https://www.transfermarkt.co.uk/karim-hafez/profil/spieler/333004,,0.91,exact_name,True,
egypt_mahmoud_hassan_trezeguet,team_egypt,Egypt,"Mahmoud Hassan ""Trézéguet""",mahmoud hassan trezeguet,Al Ahly SC,al ahly sc,Midfielder,,,,,,0.0,unmatched,True,
egypt_mahmoud_saber,team_egypt,Egypt,Mahmoud Saber,mahmoud saber,Zed,zed,Midfielder,,,Mahmoud Saber,https://www.transfermarkt.co.uk/mahmoud-saber/profil/spieler/729390,,0.91,exact_name,True,
egypt_marwan_attia,team_egypt,Egypt,Marwan Attia,marwan attia,Al Ahly SC,al ahly sc,Midfielder,,,,,,0.0,unmatched,True,
egypt_mohamed_abdelmonem,team_egypt,Egypt,Mohamed Abdelmonem,mohamed abdelmonem,OGC Niza,ogc niza,Defender,,,Mohamed Abdelmonem,https://www.transfermarkt.co.uk/mohamed-abdelmonem/profil/spieler/566025,,0.91,exact_name,True,
egypt_mohamed_alaa,team_egypt,Egypt,Mohamed Alaa,mohamed alaa,El Gouna,el gouna,Goalkeeper,,,,,,0.0,unmatched,True,
egypt_mohamed_el_shenawy,team_egypt,Egypt,Mohamed El Shenawy,mohamed el shenawy,Al Ahly,al ahly,Goalkeeper,,,Mohamed El Shenawy,https://www.transfermarkt.co.uk/mohamed-el-shenawy/profil/spieler/134573,,0.91,exact_name,True,
egypt_mohamed_hany,team_egypt,Egypt,Mohamed Hany,mohamed hany,Al Ahly,al ahly,Defender,,,Mohamed Hany,https://www.transfermarkt.co.uk/mohamed-hany/profil/spieler/343974,,0.91,exact_name,True,
egypt_mohamed_salah,team_egypt,Egypt,Mohamed Salah,mohamed salah,Liverpool,liverpool,Forward,,,Mohamed Salah,https://www.transfermarkt.co.uk/mohamed-salah/profil/spieler/148455,,0.91,exact_name,True,
egypt_mohannad_lasheen,team_egypt,Egypt,Mohannad Lasheen,mohannad lasheen,Pyramids FC,pyramids fc,Midfielder,,,,,,0.0,unmatched,True,
egypt_mostafa_abdelraouf_ziko,team_egypt,Egypt,"Mostafa Abdelraouf ""Ziko""",mostafa abdelraouf ziko,ZED FC,zed fc,Forward,,,,,,0.0,unmatched,True,
egypt_mostafa_shobeir,team_egypt,Egypt,Mostafa Shobeir,mostafa shobeir,Al Ahly,al ahly,Goalkeeper,,,,,,0.0,unmatched,True,
egypt_nabil_emad_donga,team_egypt,Egypt,"Nabil Emad ""Donga""",nabil emad donga,Al Najmah,al najmah,Midfielder,,,,,,0.0,unmatched,True,
egypt_omar_marmoush,team_egypt,Egypt,Omar Marmoush,omar marmoush,Manchester City,manchester city,Forward,,,Omar Marmoush,https://www.transfermarkt.co.uk/omar-marmoush/profil/spieler/445939,,0.91,exact_name,True,
egypt_rami_rabia,team_egypt,Egypt,Rami Rabia,rami rabia,Al Ain,al ain,Defender,,,,,,0.0,unmatched,True,
egypt_tarek_alaa,team_egypt,Egypt,Tarek Alaa,tarek alaa,Zed,zed,Defender,,,,,,0.0,unmatched,True,
egypt_yasser_ibrahim,team_egypt,Egypt,Yasser Ibrahim,yasser ibrahim,Al Ahly,al ahly,Defender,,,Yasser Ibrahim,https://www.transfermarkt.co.uk/yasser-ibrahim/profil/spieler/237425,,0.91,exact_name,True,
england_anthony_gordon,team_england,England,Anthony Gordon,anthony gordon,Newcastle United,newcastle united,Forward,,,Anthony Gordon,https://www.transfermarkt.co.uk/anthony-gordon/profil/spieler/503733,,0.91,exact_name,True,
england_bukayo_saka,team_england,England,Bukayo Saka,bukayo saka,Arsenal,arsenal,Forward,,,Bukayo Saka,https://www.transfermarkt.co.uk/bukayo-saka/profil/spieler/433177,,0.91,exact_name,True,
england_dan_burn,team_england,England,Dan Burn,dan burn,Newcastle United,newcastle united,Defender,,,Dan Burn,https://www.transfermarkt.co.uk/dan-burn/profil/spieler/134270,,0.91,exact_name,True,
england_dean_henderson,team_england,England,Dean Henderson,dean henderson,Crystal Palace,crystal palace,Goalkeeper,,,Dean Henderson,https://www.transfermarkt.co.uk/dean-henderson/profil/spieler/258919,,0.91,exact_name,True,
england_declan_rice,team_england,England,Declan Rice,declan rice,Arsenal,arsenal,Midfielder,,,Declan Rice,https://www.transfermarkt.co.uk/declan-rice/profil/spieler/357662,,0.91,exact_name,True,
england_djed_spence,team_england,England,Djed Spence,djed spence,Tottenham Hotspur,tottenham hotspur,Defender,,,Djed Spence,https://www.transfermarkt.co.uk/djed-spence/profil/spieler/483348,,0.91,exact_name,True,
england_eberechi_eze,team_england,England,Eberechi Eze,eberechi eze,Arsenal,arsenal,Midfielder,,,Eberechi Eze,https://www.transfermarkt.co.uk/eberechi-eze/profil/spieler/479999,,0.86,exact_name,True,
england_elliot_anderson,team_england,England,Elliot Anderson,elliot anderson,Nottingham Forest,nottingham forest,Midfielder,,,Elliot Anderson,https://www.transfermarkt.co.uk/elliot-anderson/profil/spieler/567576,,0.91,exact_name,True,
england_ezri_konsa,team_england,England,Ezri Konsa,ezri konsa,Aston Villa,aston villa,Defender,,,Ezri Konsa,https://www.transfermarkt.co.uk/ezri-konsa/profil/spieler/413403,,0.91,exact_name,True,
england_harry_kane,team_england,England,Harry Kane,harry kane,Bayern Munich,bayern munich,Forward,,,Harry Kane,https://www.transfermarkt.co.uk/harry-kane/profil/spieler/132098,,0.95,exact_name,False,
england_ivan_toney,team_england,England,Ivan Toney,ivan toney,Al-Ahli,al ahli,Forward,,,Ivan Toney,https://www.transfermarkt.co.uk/ivan-toney/profil/spieler/251664,,0.91,exact_name,True,
england_james_trafford,team_england,England,James Trafford,james trafford,Manchester City,manchester city,Goalkeeper,,,James Trafford,https://www.transfermarkt.co.uk/james-trafford/profil/spieler/566799,,0.91,exact_name,True,
england_jarell_quansah,team_england,England,Jarell Quansah,jarell quansah,Bayer Leverkusen,bayer leverkusen,Defender,,,Jarell Quansah,https://www.transfermarkt.co.uk/jarell-quansah/profil/spieler/632349,,0.91,exact_name,True,
england_john_stones,team_england,England,John Stones,john stones,Manchester City,manchester city,Defender,,,John Stones,https://www.transfermarkt.co.uk/john-stones/profil/spieler/186590,,0.91,exact_name,True,
england_jordan_henderson,team_england,England,Jordan Henderson,jordan henderson,Brentford,brentford,Midfielder,,,Jordan Henderson,https://www.transfermarkt.co.uk/jordan-henderson/profil/spieler/61651,,0.91,exact_name,True,
england_jordan_pickford,team_england,England,Jordan Pickford,jordan pickford,Everton,everton,Goalkeeper,,,Jordan Pickford,https://www.transfermarkt.co.uk/jordan-pickford/profil/spieler/130164,,0.91,exact_name,True,
england_jude_bellingham,team_england,England,Jude Bellingham,jude bellingham,Real Madrid,real madrid,Midfielder,,,Jude Bellingham,https://www.transfermarkt.co.uk/jude-bellingham/profil/spieler/581678,,0.86,exact_name,True,
england_kobbie_mainoo,team_england,England,Kobbie Mainoo,kobbie mainoo,Manchester United,manchester united,Midfielder,,,Kobbie Mainoo,https://www.transfermarkt.co.uk/kobbie-mainoo/profil/spieler/820374,,0.91,exact_name,True,
england_marc_guehi,team_england,England,Marc Guéhi,marc guehi,Manchester City,manchester city,Defender,,,Marc Guéhi,https://www.transfermarkt.co.uk/marc-guehi/profil/spieler/392757,,0.91,exact_name,True,
england_marcus_rashford,team_england,England,Marcus Rashford,marcus rashford,Barcelona,barcelona,Forward,,,Marcus Rashford,https://www.transfermarkt.co.uk/marcus-rashford/profil/spieler/258923,,0.91,exact_name,True,
england_morgan_rogers,team_england,England,Morgan Rogers,morgan rogers,Aston Villa,aston villa,Midfielder,,,Morgan Rogers,https://www.transfermarkt.co.uk/morgan-rogers/profil/spieler/503743,,0.86,exact_name,True,
england_nico_o_reilly,team_england,England,Nico O'Reilly,nico o reilly,Manchester City,manchester city,Defender,,,Nico O'Reilly,https://www.transfermarkt.co.uk/nico-oreilly/profil/spieler/743413,,0.91,exact_name,True,
england_noni_madueke,team_england,England,Noni Madueke,noni madueke,Arsenal,arsenal,Forward,,,Noni Madueke,https://www.transfermarkt.co.uk/noni-madueke/profil/spieler/503987,,0.91,exact_name,True,
england_ollie_watkins,team_england,England,Ollie Watkins,ollie watkins,Aston Villa,aston villa,Forward,,,Ollie Watkins,https://www.transfermarkt.co.uk/ollie-watkins/profil/spieler/324358,,0.91,exact_name,True,
england_reece_james,team_england,England,Reece James,reece james,Chelsea,chelsea,Defender,,,Reece James,https://www.transfermarkt.co.uk/reece-james/profil/spieler/245585,,0.91,exact_name,True,
england_tino_livramento,team_england,England,Tino Livramento,tino livramento,Newcastle United,newcastle united,Defender,,,Tino Livramento,https://www.transfermarkt.co.uk/tino-livramento/profil/spieler/503981,,0.91,exact_name,True,
france_adrien_rabiot,team_france,France,Adrien Rabiot,adrien rabiot,AC Milan,ac milan,Midfielder,,,Adrien Rabiot,https://www.transfermarkt.co.uk/adrien-rabiot/profil/spieler/182913,,0.91,exact_name,True,
france_aurelien_tchouameni,team_france,France,Aurélien Tchouaméni,aurelien tchouameni,Real Madrid,real madrid,Midfielder,,,Aurélien Tchouaméni,https://www.transfermarkt.co.uk/aurelien-tchouameni/profil/spieler/413112,,0.91,exact_name,True,
france_bradley_barcola,team_france,France,Bradley Barcola,bradley barcola,Paris Saint-Germain,paris saint germain,Forward,,,Bradley Barcola,https://www.transfermarkt.co.uk/bradley-barcola/profil/spieler/708265,,0.91,exact_name,True,
france_brice_samba,team_france,France,Brice Samba,brice samba,Rennes,rennes,Goalkeeper,,,Brice Samba,https://www.transfermarkt.co.uk/brice-samba/profil/spieler/191056,,0.91,exact_name,True,
france_dayot_upamecano,team_france,France,Dayot Upamecano,dayot upamecano,Bayern Munich,bayern munich,Defender,,,Dayot Upamecano,https://www.transfermarkt.co.uk/dayot-upamecano/profil/spieler/344695,,0.95,exact_name,False,
france_desire_doue,team_france,France,Desiré Doué,desire doue,Paris Saint-Germain,paris saint germain,Forward,,,Désiré Doué,https://www.transfermarkt.co.uk/desire-doue/profil/spieler/914562,,0.91,exact_name,True,
france_ibrahima_konate,team_france,France,Ibrahima Konaté,ibrahima konate,Liverpool,liverpool,Defender,,,Ibrahima Konaté,https://www.transfermarkt.co.uk/ibrahima-konate/profil/spieler/357119,,0.91,exact_name,True,
france_jean_philippe_mateta,team_france,France,Jean-Philippe Mateta,jean philippe mateta,Crystal Palace,crystal palace,Forward,,,Jean-Philippe Mateta,https://www.transfermarkt.co.uk/jean-philippe-mateta/profil/spieler/420002,,0.91,exact_name,True,
france_jules_kounde,team_france,France,Jules Koundé,jules kounde,Barcelona,barcelona,Defender,,,Jules Koundé,https://www.transfermarkt.co.uk/jules-kounde/profil/spieler/411975,,0.91,exact_name,True,
france_kylian_mbappe,team_france,France,Kylian Mbappé,kylian mbappe,Real Madrid,real madrid,Forward,,,Kylian Mbappé,https://www.transfermarkt.co.uk/kylian-mbappe/profil/spieler/342229,,0.91,exact_name,True,
france_lucas_digne,team_france,France,Lucas Digne,lucas digne,Aston Villa,aston villa,Defender,,,Lucas Digne,https://www.transfermarkt.co.uk/lucas-digne/profil/spieler/126664,,0.91,exact_name,True,
france_lucas_hernandez,team_france,France,Lucas Hernández,lucas hernandez,Paris Saint-Germain,paris saint germain,Defender,,,Lucas Hernández,https://www.transfermarkt.co.uk/lucas-hernandez/profil/spieler/281963,,0.91,exact_name,True,
france_maghnes_akliouche,team_france,France,Maghnes Akliouche,maghnes akliouche,AS Monaco,as monaco,Forward,,,Maghnes Akliouche,https://www.transfermarkt.co.uk/maghnes-akliouche/profil/spieler/745200,,0.91,exact_name,True,
france_malo_gusto,team_france,France,Malo Gusto,malo gusto,Chelsea,chelsea,Defender,,,Malo Gusto,https://www.transfermarkt.co.uk/malo-gusto/profil/spieler/620322,,0.91,exact_name,True,
france_manu_kone,team_france,France,Manu Koné,manu kone,AS Roma,as roma,Midfielder,,,Manu Koné,https://www.transfermarkt.co.uk/manu-kone/profil/spieler/624690,,0.91,exact_name,True,
france_marcus_thuram,team_france,France,Marcus Thuram,marcus thuram,Internazionale,internazionale,Forward,,,Marcus Thuram,https://www.transfermarkt.co.uk/marcus-thuram/profil/spieler/318528,,0.91,exact_name,True,
france_maxence_lacroix,team_france,France,Maxence Lacroix,maxence lacroix,Crystal Palace,crystal palace,Defender,,,Maxence Lacroix,https://www.transfermarkt.co.uk/maxence-lacroix/profil/spieler/434224,,0.91,exact_name,True,
france_michael_olise,team_france,France,Michael Olise,michael olise,Bayern Munich,bayern munich,Forward,,,Michael Olise,https://www.transfermarkt.co.uk/michael-olise/profil/spieler/566723,,0.95,exact_name,False,
france_mike_maignan,team_france,France,Mike Maignan,mike maignan,AC Milan,ac milan,Goalkeeper,,,Mike Maignan,https://www.transfermarkt.co.uk/mike-maignan/profil/spieler/182906,,0.91,exact_name,True,
france_n_golo_kante,team_france,France,N'Golo Kanté,n golo kante,Fenerbahçe,fenerbahce,Midfielder,,,N'Golo Kanté,https://www.transfermarkt.co.uk/ngolo-kante/profil/spieler/225083,,0.91,exact_name,True,
france_ousmane_dembele,team_france,France,Ousmane Dembélé,ousmane dembele,Paris Saint-Germain,paris saint germain,Forward,,,Ousmane Dembélé,https://www.transfermarkt.co.uk/ousmane-dembele/profil/spieler/288230,,0.91,exact_name,True,
france_rayan_cherki,team_france,France,Rayan Cherki,rayan cherki,Manchester City,manchester city,Forward,,,Rayan Cherki,https://www.transfermarkt.co.uk/rayan-cherki/profil/spieler/607223,,0.91,exact_name,True,
france_robin_risser,team_france,France,Robin Risser,robin risser,Lens,lens,Goalkeeper,,,Robin Risser,https://www.transfermarkt.co.uk/robin-risser/profil/spieler/743515,,0.91,exact_name,True,
france_theo_hernandez,team_france,France,Theo Hernández,theo hernandez,Al Hilal,al hilal,Defender,,,Theo Hernández,https://www.transfermarkt.co.uk/theo-hernandez/profil/spieler/339808,,0.91,exact_name,True,
france_warren_zaire_emery,team_france,France,Warren Zaïre-Emery,warren zaire emery,Paris Saint-Germain,paris saint germain,Midfielder,,,Warren Zaïre-Emery,https://www.transfermarkt.co.uk/warren-zaire-emery/profil/spieler/810092,,0.91,exact_name,True,
france_william_saliba,team_france,France,William Saliba,william saliba,Arsenal,arsenal,Defender,,,William Saliba,https://www.transfermarkt.co.uk/william-saliba/profil/spieler/495666,,0.91,exact_name,True,
germany_aleksandar_pavlovic,team_germany,Germany,Aleksandar Pavlovic,aleksandar pavlovic,Bayern Munich,bayern munich,Midfielder,,,Aleksandar Pavlovic,https://www.transfermarkt.co.uk/aleksandar-pavlovic/profil/spieler/792380,,0.95,exact_name,False,
germany_alexander_nubel,team_germany,Germany,Alexander Nübel,alexander nubel,Stuttgart,stuttgart,Goalkeeper,,,Alexander Nübel,https://www.transfermarkt.co.uk/alexander-nubel/profil/spieler/195778,,0.91,exact_name,True,
germany_angelo_stiller,team_germany,Germany,Angelo Stiller,angelo stiller,Stuttgart,stuttgart,Midfielder,,,Angelo Stiller,https://www.transfermarkt.co.uk/angelo-stiller/profil/spieler/443710,,0.91,exact_name,True,
germany_antonio_rudiger,team_germany,Germany,Antonio Rüdiger,antonio rudiger,Real Madrid,real madrid,Defender,,,Antonio Rüdiger,https://www.transfermarkt.co.uk/antonio-rudiger/profil/spieler/86202,,0.91,exact_name,True,
germany_david_raum,team_germany,Germany,David Raum,david raum,RB Leipzig,rb leipzig,Defender,,,David Raum,https://www.transfermarkt.co.uk/david-raum/profil/spieler/318204,,0.91,exact_name,True,
germany_deniz_undav,team_germany,Germany,Deniz Undav,deniz undav,Stuttgart,stuttgart,Forward,,,Deniz Undav,https://www.transfermarkt.co.uk/deniz-undav/profil/spieler/339314,,0.91,exact_name,True,
germany_felix_nmecha,team_germany,Germany,Felix Nmecha,felix nmecha,Borussia Dortmund,borussia dortmund,Midfielder,,,Felix Nmecha,https://www.transfermarkt.co.uk/felix-nmecha/profil/spieler/406640,,1.0,exact_name_club,False,
germany_florian_wirtz,team_germany,Germany,Florian Wirtz,florian wirtz,Nottingham Forest,nottingham forest,Midfielder,,,Florian Wirtz,https://www.transfermarkt.co.uk/florian-wirtz/profil/spieler/598577,,0.86,exact_name,True,
germany_jamal_musiala,team_germany,Germany,Jamal Musiala,jamal musiala,Bayern Munich,bayern munich,Midfielder,,,Jamal Musiala,https://www.transfermarkt.co.uk/jamal-musiala/profil/spieler/580195,,0.9,exact_name,True,
germany_jamie_leweling,team_germany,Germany,Jamie Leweling,jamie leweling,Stuttgart,stuttgart,Forward,,,Jamie Leweling,https://www.transfermarkt.co.uk/jamie-leweling/profil/spieler/518505,,0.91,exact_name,True,
germany_jonathan_tah,team_germany,Germany,Jonathan Tah,jonathan tah,Bayern Munich,bayern munich,Defender,,,Jonathan Tah,https://www.transfermarkt.co.uk/jonathan-tah/profil/spieler/196357,,0.95,exact_name,False,
germany_joshua_kimmich,team_germany,Germany,Joshua Kimmich,joshua kimmich,Bayern Munich,bayern munich,Midfielder,,,Joshua Kimmich,https://www.transfermarkt.co.uk/joshua-kimmich/profil/spieler/161056,,0.95,exact_name,False,
germany_kai_havertz,team_germany,Germany,Kai Havertz,kai havertz,Arsenal,arsenal,Forward,,,Kai Havertz,https://www.transfermarkt.co.uk/kai-havertz/profil/spieler/309400,,0.91,exact_name,True,
germany_lennart_karl,team_germany,Germany,Lennart Karl,lennart karl,Bayern Munich,bayern munich,Midfielder,,,Lennart Karl,https://www.transfermarkt.co.uk/lennart-karl/profil/spieler/1075147,,0.9,exact_name,True,
germany_leon_goretzka,team_germany,Germany,Leon Goretzka,leon goretzka,Bayern Munich,bayern munich,Midfielder,,,Leon Goretzka,https://www.transfermarkt.co.uk/leon-goretzka/profil/spieler/153084,,0.95,exact_name,False,
germany_leroy_sane,team_germany,Germany,Leroy Sané,leroy sane,Galatasaray,galatasaray,Forward,,,Leroy Sané,https://www.transfermarkt.co.uk/leroy-sane/profil/spieler/192565,,0.91,exact_name,True,
germany_malick_thiaw,team_germany,Germany,Malick Thiaw,malick thiaw,Newcastle,newcastle,Defender,,,Malick Thiaw,https://www.transfermarkt.co.uk/malick-thiaw/profil/spieler/521964,,0.91,exact_name,True,
germany_manuel_neuer,team_germany,Germany,Manuel Neuer,manuel neuer,Bayern Munich,bayern munich,Goalkeeper,,,Manuel Neuer,https://www.transfermarkt.co.uk/manuel-neuer/profil/spieler/17259,,0.95,exact_name,False,
germany_maximilian_beier,team_germany,Germany,Maximilian Beier,maximilian beier,Borussia Dortmund,borussia dortmund,Forward,,,Maximilian Beier,https://www.transfermarkt.co.uk/maximilian-beier/profil/spieler/578392,,1.0,exact_name_club,False,
germany_nadiem_amiri,team_germany,Germany,Nadiem Amiri,nadiem amiri,Mainz 05,mainz 05,Forward,,,Nadiem Amiri,https://www.transfermarkt.co.uk/nadiem-amiri/profil/spieler/232454,,0.86,exact_name,True,
germany_nathaniel_brown,team_germany,Germany,Nathaniel Brown,nathaniel brown,Eintracht Frankfurt,eintracht frankfurt,Defender,,,Nathaniel Brown,https://www.transfermarkt.co.uk/nathaniel-brown/profil/spieler/691892,,0.95,exact_name,False,
germany_nick_woltemade,team_germany,Germany,Nick Woltemade,nick woltemade,Newcastle,newcastle,Forward,,,Nick Woltemade,https://www.transfermarkt.co.uk/nick-woltemade/profil/spieler/455661,,0.91,exact_name,True,
germany_nico_schlotterbeck,team_germany,Germany,Nico Schlotterbeck,nico schlotterbeck,Borussia Dortmund,borussia dortmund,Defender,,,Nico Schlotterbeck,https://www.transfermarkt.co.uk/nico-schlotterbeck/profil/spieler/388198,,1.0,exact_name_club,False,
germany_oliver_baumann,team_germany,Germany,Oliver Baumann,oliver baumann,Hoffenheim,hoffenheim,Goalkeeper,,,Oliver Baumann,https://www.transfermarkt.co.uk/oliver-baumann/profil/spieler/55089,,0.91,exact_name,True,
germany_pascal_gross,team_germany,Germany,Pascal Groß,pascal gross,Brighton,brighton,Midfielder,,,Pascal Groß,https://www.transfermarkt.co.uk/pascal-gross/profil/spieler/82873,,0.91,exact_name,True,
germany_waldemar_anton,team_germany,Germany,Waldemar Anton,waldemar anton,Borussia Dortmund,borussia dortmund,Defender,,,Waldemar Anton,https://www.transfermarkt.co.uk/waldemar-anton/profil/spieler/193004,,1.0,exact_name_club,False,
ghana_abdul_fatawu_issahaku,team_ghana,Ghana,Abdul Fatawu Issahaku,abdul fatawu issahaku,Leicester City,leicester city,Forward,,,,,,0.0,unmatched,True,
ghana_alexander_djiku,team_ghana,Ghana,Alexander Djiku,alexander djiku,Spartak Moscow,spartak moscow,Defender,,,Alexander Djiku,https://www.transfermarkt.co.uk/alexander-djiku/profil/spieler/250844,,0.91,exact_name,True,
ghana_alidu_seidu,team_ghana,Ghana,Alidu Seidu,alidu seidu,Rennes,rennes,Defender,,,Alidu Seidu,https://www.transfermarkt.co.uk/alidu-seidu/profil/spieler/798404,,0.91,exact_name,True,
ghana_antoine_semenyo,team_ghana,Ghana,Antoine Semenyo,antoine semenyo,Manchester City,manchester city,Forward,,,Antoine Semenyo,https://www.transfermarkt.co.uk/antoine-semenyo/profil/spieler/583255,,0.91,exact_name,True,
ghana_baba_rahman,team_ghana,Ghana,Baba Rahman,baba rahman,PAOK Salónica,paok salonica,Defender,,,,,,0.0,unmatched,True,
ghana_benjamin_asare,team_ghana,Ghana,Benjamin Asare,benjamin asare,Accra Hearts of Oak,accra hearts of oak,Goalkeeper,,,,,,0.0,unmatched,True,
ghana_christopher_bonsu_baah,team_ghana,Ghana,Christopher Bonsu Baah,christopher bonsu baah,KRC Genk,krc genk,Midfielder,,,Christopher Bonsu Baah,https://www.transfermarkt.co.uk/christopher-bonsu-baah/profil/spieler/1119447,,0.86,exact_name,True,
ghana_daniel_amartey,team_ghana,Ghana,Daniel Amartey,daniel amartey,Beşiktaş,besiktas,Defender,,,Daniel Amartey,https://www.transfermarkt.co.uk/daniel-amartey/profil/spieler/214056,,0.91,exact_name,True,
ghana_elisha_owusu,team_ghana,Ghana,Elisha Owusu,elisha owusu,AJ Auxerre,aj auxerre,Midfielder,,,Elisha Owusu,https://www.transfermarkt.co.uk/elisha-owusu/profil/spieler/395695,,0.91,exact_name,True,
ghana_ernest_nuamah,team_ghana,Ghana,Ernest Nuamah,ernest nuamah,Olympique de Lyon,olympique de lyon,Midfielder,,,Ernest Nuamah,https://www.transfermarkt.co.uk/ernest-nuamah/profil/spieler/955070,,0.9,exact_name,True,
ghana_forson_amankwah,team_ghana,Ghana,Forson Amankwah,forson amankwah,RB Salzburg,rb salzburg,Midfielder,,,Amankwah Forson,https://www.transfermarkt.co.uk/amankwah-forson/profil/spieler/650944,,0.91,exact_name_tokens,True,
ghana_gideon_mensah,team_ghana,Ghana,Gideon Mensah,gideon mensah,Auxerre,auxerre,Defender,,,Gideon Mensah,https://www.transfermarkt.co.uk/gideon-mensah/profil/spieler/397171,,0.91,exact_name,True,
ghana_iddrisu_baba,team_ghana,Ghana,Iddrisu Baba,iddrisu baba,UD Almería,ud almeria,Midfielder,,,Iddrisu Baba,https://www.transfermarkt.co.uk/iddrisu-baba/profil/spieler/442805,,1.0,exact_name_club,False,
ghana_inaki_williams,team_ghana,Ghana,Iñaki Williams,inaki williams,Athletic Bilbao,athletic bilbao,Forward,,,Iñaki Williams,https://www.transfermarkt.co.uk/inaki-williams/profil/spieler/255508,,0.95,exact_name,False,
ghana_jordan_ayew,team_ghana,Ghana,Jordan Ayew,jordan ayew,Leicester City,leicester city,Forward,,,Jordan Ayew,https://www.transfermarkt.co.uk/jordan-ayew/profil/spieler/108354,,1.0,exact_name_club,False,
ghana_joseph_anang,team_ghana,Ghana,Joseph Anang,joseph anang,St. Patrick's Athletic,st patrick s athletic,Goalkeeper,,,Joseph Anang,https://www.transfermarkt.co.uk/joseph-anang/profil/spieler/576099,,0.91,exact_name,True,
ghana_joseph_paintsil,team_ghana,Ghana,Joseph Paintsil,joseph paintsil,LA Galaxy,la galaxy,Forward,,,Joseph Paintsil,https://www.transfermarkt.co.uk/joseph-paintsil/profil/spieler/534435,,0.91,exact_name,True,
ghana_kamaldeen_sulemana,team_ghana,Ghana,Kamaldeen Sulemana,kamaldeen sulemana,Southampton FC,southampton fc,Forward,,,Kamaldeen Sulemana,https://www.transfermarkt.co.uk/kamaldeen-sulemana/profil/spieler/746695,,0.91,exact_name,True,
ghana_lawrence_ati_zigi,team_ghana,Ghana,Lawrence Ati-Zigi,lawrence ati zigi,St. Gallen,st gallen,Goalkeeper,,,Lawrence Ati Zigi,https://www.transfermarkt.co.uk/lawrence-ati-zigi/profil/spieler/254285,,0.91,exact_name,True,
ghana_majeed_ashimeru,team_ghana,Ghana,Majeed Ashimeru,majeed ashimeru,RSC Anderlecht,rsc anderlecht,Midfielder,,,Majeed Ashimeru,https://www.transfermarkt.co.uk/majeed-ashimeru/profil/spieler/360140,,0.91,exact_name,True,
ghana_mohammed_salisu,team_ghana,Ghana,Mohammed Salisu,mohammed salisu,AS Monaco,as monaco,Defender,,,Mohammed Salisu,https://www.transfermarkt.co.uk/mohammed-salisu/profil/spieler/563963,,0.91,exact_name,True,
ghana_osman_bukari,team_ghana,Ghana,Osman Bukari,osman bukari,Austin FC,austin fc,Forward,,,Osman Bukari,https://www.transfermarkt.co.uk/osman-bukari/profil/spieler/548650,,0.91,exact_name,True,
ghana_salis_abdul_samed,team_ghana,Ghana,Salis Abdul Samed,salis abdul samed,RC Lens,rc lens,Midfielder,,,Salis Abdul Samed,https://www.transfermarkt.co.uk/salis-abdul-samed/profil/spieler/688707,,0.91,exact_name,True,
ghana_stephan_ambrosius,team_ghana,Ghana,Stephan Ambrosius,stephan ambrosius,FC St. Gallen,fc st gallen,Defender,,,Stephan Ambrosius,https://www.transfermarkt.co.uk/stephan-ambrosius/profil/spieler/327536,,0.91,exact_name,True,
ghana_tariq_lamptey,team_ghana,Ghana,Tariq Lamptey,tariq lamptey,Brighton & Hove Albion,brighton hove albion,Defender,,,Tariq Lamptey,https://www.transfermarkt.co.uk/tariq-lamptey/profil/spieler/504148,,0.91,exact_name,True,
ghana_thomas_partey,team_ghana,Ghana,Thomas Partey,thomas partey,Villarreal,villarreal,Midfielder,,,Thomas Partey,https://www.transfermarkt.co.uk/thomas-partey/profil/spieler/230784,,0.91,exact_name,True,
haiti_alexandre_pierre,team_haiti,Haiti,Alexandre Pierre,alexandre pierre,Sochaux,sochaux,Goalkeeper,,,Alexandre Pierre,https://www.transfermarkt.co.uk/alexandre-pierre/profil/spieler/838947,,0.91,exact_name,True,
haiti_carl_sainte,team_haiti,Haiti,Carl Sainté,carl sainte,El Paso Locomotive FC,el paso locomotive fc,Midfielder,,,,,,0.0,unmatched,True,
haiti_carlens_arcus,team_haiti,Haiti,Carlens Arcus,carlens arcus,Angers,angers,Defender,,,Carlens Arcus,https://www.transfermarkt.co.uk/carlens-arcus/profil/spieler/371686,,0.91,exact_name,True,
haiti_danley_jean_jacques,team_haiti,Haiti,Danley Jean Jacques,danley jean jacques,Philadelphia Union,philadelphia union,Midfielder,,,Danley Jean Jacques,https://www.transfermarkt.co.uk/danley-jean-jacques/profil/spieler/628834,,1.0,exact_name_club,False,
haiti_derrick_etienne_jr,team_haiti,Haiti,Derrick Etienne Jr.,derrick etienne jr,Toronto FC,toronto fc,Forward,,,Derrick Etienne Jr.,https://www.transfermarkt.co.uk/derrick-etienne-jr-/profil/spieler/354763,,1.0,exact_name_club,False,
haiti_dominique_simon,team_haiti,Haiti,Dominique Simon,dominique simon,FC Tatran Prešov,fc tatran presov,Midfielder,,,,,,0.0,unmatched,True,
haiti_duckens_nazon,team_haiti,Haiti,Duckens Nazon,duckens nazon,Esteghlal,esteghlal,Forward,,,Duckens Nazon,https://www.transfermarkt.co.uk/duckens-nazon/profil/spieler/345763,,0.91,exact_name,True,
haiti_duke_lacroix,team_haiti,Haiti,Duke Lacroix,duke lacroix,Colorado Springs Switchbacks,colorado springs switchbacks,Defender,,,,,,0.0,unmatched,True,
haiti_frantzdy_pierrot,team_haiti,Haiti,Frantzdy Pierrot,frantzdy pierrot,Çaykur Rizespor,caykur rizespor,Forward,,,Frantzdy Pierrot,https://www.transfermarkt.co.uk/frantzdy-pierrot/profil/spieler/492955,,0.95,exact_name,False,
haiti_hannes_delcroix,team_haiti,Haiti,Hannes Delcroix,hannes delcroix,Lugano,lugano,Defender,,,Hannes Delcroix,https://www.transfermarkt.co.uk/hannes-delcroix/profil/spieler/338635,,0.95,exact_name,False,
haiti_jean_kevin_duverne,team_haiti,Haiti,Jean-Kévin Duverne,jean kevin duverne,Gent,gent,Defender,,,Jean-Kévin Duverne,https://www.transfermarkt.co.uk/jean-kevin-duverne/profil/spieler/344864,,0.91,exact_name,True,
haiti_jean_ricner_bellegarde,team_haiti,Haiti,Jean-Ricner Bellegarde,jean ricner bellegarde,Wolverhampton Wanderers,wolverhampton wanderers,Midfielder,,,Jean-Ricner Bellegarde,https://www.transfermarkt.co.uk/jean-ricner-bellegarde/profil/spieler/450050,,0.95,exact_name,False,
haiti_johny_placide,team_haiti,Haiti,Johny Placide,johny placide,Bastia,bastia,Goalkeeper,,,Johny Placide,https://www.transfermarkt.co.uk/johny-placide/profil/spieler/51035,,0.91,exact_name,True,
haiti_josue_duverger,team_haiti,Haiti,Josue Duverger,josue duverger,Cosmos Koblenz,cosmos koblenz,Goalkeeper,,,,,,0.0,unmatched,True,
haiti_josue_casimir,team_haiti,Haiti,Josué Casimir,josue casimir,Auxerre,auxerre,Forward,,,Josué Casimir,https://www.transfermarkt.co.uk/josue-casimir/profil/spieler/763182,,0.91,exact_name,True,
haiti_keeto_thermoncy,team_haiti,Haiti,Keeto Thermoncy,keeto thermoncy,Young Boys,young boys,Defender,,,,,,0.0,unmatched,True,
haiti_lenny_joseph,team_haiti,Haiti,Lenny Joseph,lenny joseph,Ferencváros,ferencvaros,Forward,,,,,,0.0,unmatched,True,
haiti_leverton_pierre,team_haiti,Haiti,Leverton Pierre,leverton pierre,Vizela,vizela,Midfielder,,,,,,0.0,unmatched,True,
haiti_louicius_deedson,team_haiti,Haiti,Louicius Deedson,louicius deedson,FC Dallas,fc dallas,Forward,,,Louicius Deedson,https://www.transfermarkt.co.uk/louicius-deedson/profil/spieler/646108,,1.0,exact_name_club,False,
haiti_martin_experience,team_haiti,Haiti,Martin Expérience,martin experience,Nancy,nancy,Defender,,,,,,0.0,unmatched,True,
haiti_ricardo_ade,team_haiti,Haiti,Ricardo Adé,ricardo ade,LDU Quito,ldu quito,Defender,,,,,,0.0,unmatched,True,
haiti_ruben_providence,team_haiti,Haiti,Ruben Providence,ruben providence,Almere,almere,Forward,,,Ruben Providence,https://www.transfermarkt.co.uk/ruben-providence/profil/spieler/536520,,0.91,exact_name,True,
haiti_wilguens_paugain,team_haiti,Haiti,Wilguens Paugain,wilguens paugain,Zulte Waregem,zulte waregem,Defender,,,Wilguens Paugain,https://www.transfermarkt.co.uk/wilguens-paugain/profil/spieler/609691,,0.91,exact_name,True,
haiti_wilson_isidor,team_haiti,Haiti,Wilson Isidor,wilson isidor,Sunderland,sunderland,Forward,,,Wilson Isidor,https://www.transfermarkt.co.uk/wilson-isidor/profil/spieler/494237,,0.91,exact_name,True,
haiti_woodensky_pierre,team_haiti,Haiti,Woodensky Pierre,woodensky pierre,Violette,violette,Midfielder,,,,,,0.0,unmatched,True,
haiti_yassin_fortune,team_haiti,Haiti,Yassin Fortuné,yassin fortune,Vizela,vizela,Forward,,,,,,0.0,unmatched,True,
iran_ali_alipour,team_iran,Iran,Ali Alipour,ali alipour,Persepolis,persepolis,Forward,,,Ali Alipour,https://www.transfermarkt.co.uk/ali-alipour/profil/spieler/249360,,0.91,exact_name,True,
iran_ali_nemati,team_iran,Iran,Ali Nemati,ali nemati,Persepolis FC (Irán),persepolis fc iran,Defender,,,,,,0.0,unmatched,True,
iran_alireza_beiranvand,team_iran,Iran,Alireza Beiranvand,alireza beiranvand,Tractor,tractor,Goalkeeper,,,Alireza Beiranvand,https://www.transfermarkt.co.uk/alireza-beiranvand/profil/spieler/229081,,0.91,exact_name,True,
iran_alireza_jahanbakhsh,team_iran,Iran,Alireza Jahanbakhsh,alireza jahanbakhsh,Dender,dender,Midfielder,,,Alireza Jahanbakhsh,https://www.transfermarkt.co.uk/alireza-jahanbakhsh/profil/spieler/213268,,0.86,exact_name,True,
iran_amirhossein_hosseinzadeh,team_iran,Iran,Amirhossein Hosseinzadeh,amirhossein hosseinzadeh,Tractor,tractor,Forward,,,Amirhossein Hosseinzadeh,https://www.transfermarkt.co.uk/amirhossein-hosseinzadeh/profil/spieler/542380,,0.91,exact_name,True,
iran_amirmohammad_razzaghinia,team_iran,Iran,Amirmohammad Razzaghinia,amirmohammad razzaghinia,Esteghlal F.C.,esteghlal f c,Midfielder,,,,,,0.0,unmatched,True,
iran_arya_yousefi,team_iran,Iran,Arya Yousefi,arya yousefi,Sepahan S.C.,sepahan s c,Midfielder,,,,,,0.0,unmatched,True,
iran_danial_iri,team_iran,Iran,Danial Iri,danial iri,Zob Ahan,zob ahan,Defender,,,,,,0.0,unmatched,True,
iran_denis_eckert_dargahi,team_iran,Iran,Denis Eckert Dargahi,denis eckert dargahi,Standard de Liège,standard de liege,Forward,,,,,,0.0,unmatched,True,
iran_ehsan_hajsafi,team_iran,Iran,Ehsan Hajsafi,ehsan hajsafi,Sepahan,sepahan,Defender,,,Ehsan Hajsafi,https://www.transfermarkt.co.uk/ehsan-hajsafi/profil/spieler/77547,,0.91,exact_name,True,
iran_mehdi_ghayedi,team_iran,Iran,Mehdi Ghayedi,mehdi ghayedi,Kalba FC,kalba fc,Forward,,,Mehdi Ghayedi,https://www.transfermarkt.co.uk/mehdi-ghayedi/profil/spieler/478192,,0.91,exact_name,True,
iran_mehdi_taremi,team_iran,Iran,Mehdi Taremi,mehdi taremi,Inter de Milán,inter de milan,Forward,,,Mehdi Taremi,https://www.transfermarkt.co.uk/mehdi-taremi/profil/spieler/307058,,0.91,exact_name,True,
iran_mehdi_torabi,team_iran,Iran,Mehdi Torabi,mehdi torabi,Tractor S.C.,tractor s c,Forward,,,,,,0.0,unmatched,True,
iran_milad_mohammadi,team_iran,Iran,Milad Mohammadi,milad mohammadi,Persepolis,persepolis,Defender,,,Milad Mohammadi,https://www.transfermarkt.co.uk/milad-mohammadi/profil/spieler/333355,,0.91,exact_name,True,
iran_mohammad_ghorbani,team_iran,Iran,Mohammad Ghorbani,mohammad ghorbani,Al-Wahda,al wahda,Midfielder,,,Mohammad Ghorbani,https://www.transfermarkt.co.uk/mohammad-ghorbani/profil/spieler/856087,,0.91,exact_name,True,
iran_mohammad_hossein_kanaanizadegan,team_iran,Iran,Mohammad Hossein Kanaanizadegan,mohammad hossein kanaanizadegan,Persepolis,persepolis,Defender,,,,,,0.0,unmatched,True,
iran_mohammad_mohebi,team_iran,Iran,Mohammad Mohebi,mohammad mohebi,FC Rostov,fc rostov,Forward,,,Mohammad Mohebi,https://www.transfermarkt.co.uk/mohammad-mohebi/profil/spieler/603149,,0.99,exact_name,False,
iran_payam_niazmand,team_iran,Iran,Payam Niazmand,payam niazmand,Persepolis,persepolis,Goalkeeper,,,Payam Niazmand,https://www.transfermarkt.co.uk/payam-niazmand/profil/spieler/343044,,0.91,exact_name,True,
iran_ramin_rezaeian,team_iran,Iran,Ramin Rezaeian,ramin rezaeian,Foolad,foolad,Defender,,,Ramin Rezaeian,https://www.transfermarkt.co.uk/ramin-rezaeian/profil/spieler/188312,,0.91,exact_name,True,
iran_rouzbeh_cheshmi,team_iran,Iran,Rouzbeh Cheshmi,rouzbeh cheshmi,Esteghlal,esteghlal,Midfielder,,,,,,0.0,unmatched,True,
iran_saeid_ezatolahi,team_iran,Iran,Saeid Ezatolahi,saeid ezatolahi,Shabab Al-Ahli,shabab al ahli,Midfielder,,,Saeid Ezatolahi,https://www.transfermarkt.co.uk/saeid-ezatolahi/profil/spieler/249271,,0.91,exact_name,True,
iran_saleh_hardani,team_iran,Iran,Saleh Hardani,saleh hardani,Esteghlal,esteghlal,Defender,,,,,,0.0,unmatched,True,
iran_saman_ghoddos,team_iran,Iran,Saman Ghoddos,saman ghoddos,Kalba,kalba,Midfielder,,,Saman Ghoddos,https://www.transfermarkt.co.uk/saman-ghoddos/profil/spieler/204294,,0.86,exact_name,True,
iran_seyed_hossein_hosseini,team_iran,Iran,Seyed Hossein Hosseini,seyed hossein hosseini,Sepahan S.C.,sepahan s c,Goalkeeper,,,,,,0.0,unmatched,True,
iran_shahriyar_moghanlou,team_iran,Iran,Shahriyar Moghanlou,shahriyar moghanlou,Kalba FC,kalba fc,Forward,,,Shahriar Moghanlou,https://www.transfermarkt.co.uk/shahriar-moghanlou/profil/spieler/357125,,0.8889,near_name,True,
iran_shojae_khalilzadeh,team_iran,Iran,Shojae Khalilzadeh,shojae khalilzadeh,Tractor S.C.,tractor s c,Defender,,,,,,0.0,unmatched,True,
iraq_ahmed_basil,team_iraq,Iraq,Ahmed Basil,ahmed basil,Al-Shorta,al shorta,Goalkeeper,,,,,,0.0,unmatched,True,
iraq_ahmed_qasem,team_iraq,Iraq,Ahmed Qasem,ahmed qasem,Nashville SC,nashville sc,Midfielder,,,Ahmed Qasem,https://www.transfermarkt.co.uk/ahmed-qasem/profil/spieler/833817,,1.0,exact_name_club,False,
iraq_ahmed_yahya,team_iraq,Iraq,Ahmed Yahya,ahmed yahya,Al-Shorta SC (Irak),al shorta sc irak,Defender,,,Ahmed Yahya,https://www.transfermarkt.co.uk/ahmed-yahya/profil/spieler/949320,,0.91,exact_name,True,
iraq_aimar_sher,team_iraq,Iraq,Aimar Sher,aimar sher,Sarpsborg,sarpsborg,Midfielder,,,Aimar Sher,https://www.transfermarkt.co.uk/aimar-sher/profil/spieler/579294,,0.91,exact_name,True,
iraq_akam_hashim,team_iraq,Iraq,Akam Hashim,akam hashim,Al-Zawraa,al zawraa,Defender,,,,,,0.0,unmatched,True,
iraq_ali_al_hamadi,team_iraq,Iraq,Ali Al-Hamadi,ali al hamadi,Ipswich,ipswich,Forward,,,Ali Al-Hamadi,https://www.transfermarkt.co.uk/ali-al-hamadi/profil/spieler/610581,,0.91,exact_name,True,
iraq_ali_jasim,team_iraq,Iraq,Ali Jasim,ali jasim,Al-Najma,al najma,Midfielder,,,Ali Jasim,https://www.transfermarkt.co.uk/ali-jasim/profil/spieler/877672,,0.86,exact_name,True,
iraq_ali_yousif,team_iraq,Iraq,Ali Yousif,ali yousif,Al-Talaba,al talaba,Forward,,,Ali Yousif,https://www.transfermarkt.co.uk/ali-yousif/profil/spieler/576265,,0.91,exact_name,True,
iraq_amir_al_ammari,team_iraq,Iraq,Amir Al-Ammari,amir al ammari,Cracovia,cracovia,Midfielder,,,Amir Al-Ammari,https://www.transfermarkt.co.uk/amir-al-ammari/profil/spieler/303766,,0.91,exact_name,True,
iraq_aymen_hussein,team_iraq,Iraq,Aymen Hussein,aymen hussein,Al-Karma,al karma,Forward,,,Aymen Hussein,https://www.transfermarkt.co.uk/aymen-hussein/profil/spieler/401054,,0.91,exact_name,True,
iraq_fahad_talib,team_iraq,Iraq,Fahad Talib,fahad talib,Al-Talaba,al talaba,Goalkeeper,,,Fahad Talib,https://www.transfermarkt.co.uk/fahad-talib/profil/spieler/377268,,0.91,exact_name,True,
iraq_frans_putros,team_iraq,Iraq,Frans Putros,frans putros,Persib,persib,Defender,,,,,,0.0,unmatched,True,
iraq_hussein_ali,team_iraq,Iraq,Hussein Ali,hussein ali,Pogon Szczecin,pogon szczecin,Defender,,,Hussein Ali,https://www.transfermarkt.co.uk/hussein-ali/profil/spieler/585325,,0.91,exact_name,True,
iraq_ibrahim_bayesh,team_iraq,Iraq,Ibrahim Bayesh,ibrahim bayesh,Al-Dhafra,al dhafra,Midfielder,,,Ibrahim Bayesh,https://www.transfermarkt.co.uk/ibrahim-bayesh/profil/spieler/560957,,0.86,exact_name,True,
iraq_jalal_hassan,team_iraq,Iraq,Jalal Hassan,jalal hassan,Al-Zawraa,al zawraa,Goalkeeper,,,Jalal Hassan,https://www.transfermarkt.co.uk/jalal-hassan/profil/spieler/206782,,0.91,exact_name,True,
iraq_kevin_yakob,team_iraq,Iraq,Kevin Yakob,kevin yakob,Aarhus GF,aarhus gf,Midfielder,,,Kevin Yakob,https://www.transfermarkt.co.uk/kevin-yakob/profil/spieler/413268,,0.91,exact_name,True,
iraq_manaf_younis,team_iraq,Iraq,Manaf Younis,manaf younis,Al-Shorta SC (Irak),al shorta sc irak,Defender,,,Manaf Younis,https://www.transfermarkt.co.uk/manaf-younis/profil/spieler/945266,,0.91,exact_name,True,
iraq_marko_farji,team_iraq,Iraq,Marko Farji,marko farji,Venezia,venezia,Midfielder,,,Marko Farji,https://www.transfermarkt.co.uk/marko-farji/profil/spieler/663153,,0.9,exact_name,True,
iraq_merchas_doski,team_iraq,Iraq,Merchas Doski,merchas doski,Viktoria Plzen,viktoria plzen,Defender,,,Merchas Doski,https://www.transfermarkt.co.uk/merchas-doski/profil/spieler/530527,,0.95,exact_name,False,
iraq_mohanad_ali,team_iraq,Iraq,Mohanad Ali,mohanad ali,Dibba,dibba,Forward,,,Mohanad Ali,https://www.transfermarkt.co.uk/mohanad-ali/profil/spieler/589646,,0.91,exact_name,True,
iraq_mustafa_saadoon,team_iraq,Iraq,Mustafa Saadoon,mustafa saadoon,Al-Shorta,al shorta,Defender,,,Mustafa Saadoon,https://www.transfermarkt.co.uk/mustafa-saadoon/profil/spieler/952341,,0.91,exact_name,True,
iraq_rebin_sulaka,team_iraq,Iraq,Rebin Sulaka,rebin sulaka,Port,port,Defender,,,Rebin Sulaka,https://www.transfermarkt.co.uk/rebin-sulaka/profil/spieler/217073,,0.91,exact_name,True,
iraq_youssef_amyn,team_iraq,Iraq,Youssef Amyn,youssef amyn,AEK Larnaca,aek larnaca,Midfielder,,,Youssef Amyn,https://www.transfermarkt.co.uk/youssef-amyn/profil/spieler/684307,,0.86,exact_name,True,
iraq_zaid_ismail,team_iraq,Iraq,Zaid Ismail,zaid ismail,Al-Talaba,al talaba,Midfielder,,,Zaid Ismail,https://www.transfermarkt.co.uk/zaid-ismail/profil/spieler/1132850,,0.91,exact_name,True,
iraq_zaid_tahseen,team_iraq,Iraq,Zaid Tahseen,zaid tahseen,Pakhtakor,pakhtakor,Defender,,,Zaid Tahseen,https://www.transfermarkt.co.uk/zaid-tahseen/profil/spieler/931147,,0.91,exact_name,True,
iraq_zidane_iqbal,team_iraq,Iraq,Zidane Iqbal,zidane iqbal,Utrecht,utrecht,Midfielder,,,Zidane Iqbal,https://www.transfermarkt.co.uk/zidane-iqbal/profil/spieler/686845,,0.91,exact_name,True,
ivory_coast_alban_lafont,team_ivory_coast,Ivory Coast,Alban Lafont,alban lafont,Panathinaikos,panathinaikos,Goalkeeper,,,Alban Lafont,https://www.transfermarkt.co.uk/alban-lafont/profil/spieler/357117,,0.91,exact_name,True,
ivory_coast_amad_diallo,team_ivory_coast,Ivory Coast,Amad Diallo,amad diallo,Manchester United,manchester united,Forward,,,Amad Diallo,https://www.transfermarkt.co.uk/amad-diallo/profil/spieler/536835,,0.91,exact_name,True,
ivory_coast_ange_yoan_bonny,team_ivory_coast,Ivory Coast,Ange-Yoan Bonny,ange yoan bonny,Internazionale,internazionale,Forward,,,Ange-Yoan Bonny,https://www.transfermarkt.co.uk/ange-yoan-bonny/profil/spieler/827734,,0.91,exact_name,True,
ivory_coast_bazoumana_toure,team_ivory_coast,Ivory Coast,Bazoumana Touré,bazoumana toure,Hoffenheim,hoffenheim,Forward,,,Bazoumana Touré,https://www.transfermarkt.co.uk/bazoumana-toure/profil/spieler/1067904,,0.91,exact_name,True,
ivory_coast_christ_inao_oulai,team_ivory_coast,Ivory Coast,Christ Inao Oulaï,christ inao oulai,Trabzonspor,trabzonspor,Midfielder,,,Christ Inao Oulaï,https://www.transfermarkt.co.uk/christ-inao-oulai/profil/spieler/1279526,,0.95,exact_name,False,
ivory_coast_christopher_operi,team_ivory_coast,Ivory Coast,Christopher Opéri,christopher operi,İstanbul Başakşehir,istanbul basaksehir,Defender,,,Christopher Operi,https://www.transfermarkt.co.uk/christopher-operi/profil/spieler/469976,,0.91,exact_name,True,
ivory_coast_elye_wahi,team_ivory_coast,Ivory Coast,Elye Wahi,elye wahi,Nice,nice,Forward,,,Elye Wahi,https://www.transfermarkt.co.uk/elye-wahi/profil/spieler/659542,,0.91,exact_name,True,
ivory_coast_emmanuel_agbadou,team_ivory_coast,Ivory Coast,Emmanuel Agbadou,emmanuel agbadou,Beşiktaş,besiktas,Defender,,,Emmanuel Agbadou,https://www.transfermarkt.co.uk/emmanuel-agbadou/profil/spieler/683895,,0.91,exact_name,True,
ivory_coast_evan_ndicka,team_ivory_coast,Ivory Coast,Evan Ndicka,evan ndicka,AS Roma,as roma,Defender,,,Evan Ndicka,https://www.transfermarkt.co.uk/evan-ndicka/profil/spieler/371149,,0.91,exact_name,True,
ivory_coast_evann_guessand,team_ivory_coast,Ivory Coast,Evann Guessand,evann guessand,Aston Villa,aston villa,Forward,,,Evann Guessand,https://www.transfermarkt.co.uk/evann-guessand/profil/spieler/500689,,0.91,exact_name,True,
ivory_coast_franck_kessie,team_ivory_coast,Ivory Coast,Franck Kessié,franck kessie,Al Ahli,al ahli,Midfielder,,,Franck Kessié,https://www.transfermarkt.co.uk/franck-kessie/profil/spieler/294808,,0.91,exact_name,True,
ivory_coast_ghislain_konan,team_ivory_coast,Ivory Coast,Ghislain Konan,ghislain konan,Gil Vicente,gil vicente,Defender,,,Ghislain Konan,https://www.transfermarkt.co.uk/ghislain-konan/profil/spieler/422850,,0.91,exact_name,True,
ivory_coast_guela_doue,team_ivory_coast,Ivory Coast,Guela Doué,guela doue,Strasbourg,strasbourg,Defender,,,Guéla Doué,https://www.transfermarkt.co.uk/guela-doue/profil/spieler/711980,,0.91,exact_name,True,
ivory_coast_ibrahim_sangare,team_ivory_coast,Ivory Coast,Ibrahim Sangaré,ibrahim sangare,Nottingham Forest,nottingham forest,Midfielder,,,Ibrahim Sangaré,https://www.transfermarkt.co.uk/ibrahim-sangare/profil/spieler/375885,,0.91,exact_name,True,
ivory_coast_jean_michael_seri,team_ivory_coast,Ivory Coast,Jean Michaël Seri,jean michael seri,NK Maribor,nk maribor,Midfielder,,,Jean Michaël Seri,https://www.transfermarkt.co.uk/jean-michael-seri/profil/spieler/178614,,0.91,exact_name,True,
ivory_coast_mohamed_kone,team_ivory_coast,Ivory Coast,Mohamed Koné,mohamed kone,Charleroi,charleroi,Goalkeeper,,,Mohamed Koné,https://www.transfermarkt.co.uk/mohamed-kone/profil/spieler/911985,,0.91,exact_name,True,
ivory_coast_nicolas_pepe,team_ivory_coast,Ivory Coast,Nicolas Pépé,nicolas pepe,Villarreal,villarreal,Forward,,,Nicolas Pépé,https://www.transfermarkt.co.uk/nicolas-pepe/profil/spieler/343052,,0.91,exact_name,True,
ivory_coast_odilon_kossounou,team_ivory_coast,Ivory Coast,Odilon Kossounou,odilon kossounou,Atalanta,atalanta,Defender,,,Odilon Kossounou,https://www.transfermarkt.co.uk/odilon-kossounou/profil/spieler/644771,,0.91,exact_name,True,
ivory_coast_oumar_diakite,team_ivory_coast,Ivory Coast,Oumar Diakité,oumar diakite,Cercle Brugge,cercle brugge,Forward,,,Oumar Diakité,https://www.transfermarkt.co.uk/oumar-diakite/profil/spieler/847279,,0.91,exact_name,True,
ivory_coast_ousmane_diomande,team_ivory_coast,Ivory Coast,Ousmane Diomande,ousmane diomande,Sporting CP,sporting cp,Defender,,,Ousmane Diomande,https://www.transfermarkt.co.uk/ousmane-diomande/profil/spieler/974982,,0.91,exact_name,True,
ivory_coast_parfait_guiagon,team_ivory_coast,Ivory Coast,Parfait Guiagon,parfait guiagon,Charleroi,charleroi,Midfielder,,,Parfait Guiagon,https://www.transfermarkt.co.uk/parfait-guiagon/profil/spieler/624913,,0.86,exact_name,True,
ivory_coast_seko_fofana,team_ivory_coast,Ivory Coast,Seko Fofana,seko fofana,Porto,porto,Midfielder,,,Seko Fofana,https://www.transfermarkt.co.uk/seko-fofana/profil/spieler/182893,,0.91,exact_name,True,
ivory_coast_simon_adingra,team_ivory_coast,Ivory Coast,Simon Adingra,simon adingra,AS Monaco,as monaco,Forward,,,Simon Adingra,https://www.transfermarkt.co.uk/simon-adingra/profil/spieler/658536,,0.91,exact_name,True,
ivory_coast_wilfried_singo,team_ivory_coast,Ivory Coast,Wilfried Singo,wilfried singo,Galatasaray,galatasaray,Defender,,,Wilfried Singo,https://www.transfermarkt.co.uk/wilfried-singo/profil/spieler/648779,,0.91,exact_name,True,
ivory_coast_yahia_fofana,team_ivory_coast,Ivory Coast,Yahia Fofana,yahia fofana,Rizespor,rizespor,Goalkeeper,,,Yahia Fofana,https://www.transfermarkt.co.uk/yahia-fofana/profil/spieler/418651,,0.91,exact_name,True,
ivory_coast_yan_diomande,team_ivory_coast,Ivory Coast,Yan Diomande,yan diomande,RB Leipzig,rb leipzig,Forward,,,Yan Diomande,https://www.transfermarkt.co.uk/yan-diomande/profil/spieler/1390649,,0.91,exact_name,True,
japan_ao_tanaka,team_japan,Japan,Ao Tanaka,ao tanaka,Leeds United,leeds united,Midfielder,,,Ao Tanaka,https://www.transfermarkt.co.uk/ao-tanaka/profil/spieler/489359,,0.91,exact_name,True,
japan_ayase_ueda,team_japan,Japan,Ayase Ueda,ayase ueda,Feyenoord,feyenoord,Forward,,,Ayase Ueda,https://www.transfermarkt.co.uk/ayase-ueda/profil/spieler/589128,,0.91,exact_name,True,
japan_daichi_kamada,team_japan,Japan,Daichi Kamada,daichi kamada,Crystal Palace,crystal palace,Midfielder,,,Daichi Kamada,https://www.transfermarkt.co.uk/daichi-kamada/profil/spieler/356141,,0.86,exact_name,True,
japan_daiki_hashioka,team_japan,Japan,Daiki Hashioka,daiki hashioka,Luton Town,luton town,Defender,,,Daiki Hashioka,https://www.transfermarkt.co.uk/daiki-hashioka/profil/spieler/387191,,0.91,exact_name,True,
japan_daizen_maeda,team_japan,Japan,Daizen Maeda,daizen maeda,Celtic,celtic,Forward,,,Daizen Maeda,https://www.transfermarkt.co.uk/daizen-maeda/profil/spieler/420931,,0.91,exact_name,True,
japan_hidemasa_morita,team_japan,Japan,Hidemasa Morita,hidemasa morita,Sporting CP,sporting cp,Midfielder,,,Hidemasa Morita,https://www.transfermarkt.co.uk/hidemasa-morita/profil/spieler/524315,,0.91,exact_name,True,
japan_hiroki_ito,team_japan,Japan,Hiroki Ito,hiroki ito,Bayern Munich,bayern munich,Defender,,,Hiroki Ito,https://www.transfermarkt.co.uk/hiroki-ito/profil/spieler/353892,,0.95,exact_name,False,
japan_junya_ito,team_japan,Japan,Junya Ito,junya ito,Stade de Reims,stade de reims,Forward,,,Junya Ito,https://www.transfermarkt.co.uk/junya-ito/profil/spieler/348791,,0.91,exact_name,True,
japan_kaoru_mitoma,team_japan,Japan,Kaoru Mitoma,kaoru mitoma,Brighton & Hove Albion,brighton hove albion,Forward,,,Kaoru Mitoma,https://www.transfermarkt.co.uk/kaoru-mitoma/profil/spieler/504849,,0.91,exact_name,True,
japan_keisuke_osako,team_japan,Japan,Keisuke Osako,keisuke osako,Sanfrecce Hiroshima,sanfrecce hiroshima,Goalkeeper,,,Keisuke Osako,https://www.transfermarkt.co.uk/keisuke-osako/profil/spieler/415521,,1.0,exact_name_club,False,
japan_keito_nakamura,team_japan,Japan,Keito Nakamura,keito nakamura,Stade de Reims,stade de reims,Forward,,,Keito Nakamura,https://www.transfermarkt.co.uk/keito-nakamura/profil/spieler/405397,,0.99,exact_name,False,
japan_ko_itakura,team_japan,Japan,Ko Itakura,ko itakura,Ajax,ajax,Defender,,,Ko Itakura,https://www.transfermarkt.co.uk/ko-itakura/profil/spieler/355816,,0.91,exact_name,True,
japan_koki_machida,team_japan,Japan,Koki Machida,koki machida,Royale Union Saint-Gilloise,royale union saint gilloise,Defender,,,Koki Machida,https://www.transfermarkt.co.uk/koki-machida/profil/spieler/415035,,0.91,exact_name,True,
japan_koki_ogawa,team_japan,Japan,Koki Ogawa,koki ogawa,NEC Nijmegen,nec nijmegen,Forward,,,Koki Ogawa,https://www.transfermarkt.co.uk/koki-ogawa/profil/spieler/351567,,0.91,exact_name,True,
japan_kosei_tani,team_japan,Japan,Kosei Tani,kosei tani,Gamba Osaka,gamba osaka,Goalkeeper,,,Kosei Tani,https://www.transfermarkt.co.uk/kosei-tani/profil/spieler/405382,,0.91,exact_name,True,
japan_reo_hatate,team_japan,Japan,Reo Hatate,reo hatate,Celtic FC,celtic fc,Midfielder,,,Reo Hatate,https://www.transfermarkt.co.uk/reo-hatate/profil/spieler/496656,,0.91,exact_name,True,
japan_ritsu_doan,team_japan,Japan,Ritsu Doan,ritsu doan,SC Friburgo,sc friburgo,Forward,,,Ritsu Doan,https://www.transfermarkt.co.uk/ritsu-doan/profil/spieler/358504,,0.91,exact_name,True,
japan_seiya_maikuma,team_japan,Japan,Seiya Maikuma,seiya maikuma,AZ Alkmaar,az alkmaar,Defender,,,Seiya Maikuma,https://www.transfermarkt.co.uk/seiya-maikuma/profil/spieler/733438,,0.91,exact_name,True,
japan_shogo_taniguchi,team_japan,Japan,Shogo Taniguchi,shogo taniguchi,Sint-Truiden,sint truiden,Defender,,,Shogo Taniguchi,https://www.transfermarkt.co.uk/shogo-taniguchi/profil/spieler/307870,,0.91,exact_name,True,
japan_shuto_machino,team_japan,Japan,Shuto Machino,shuto machino,Holstein Kiel,holstein kiel,Forward,,,Shuto Machino,https://www.transfermarkt.co.uk/shuto-machino/profil/spieler/550580,,0.91,exact_name,True,
japan_takefusa_kubo,team_japan,Japan,Takefusa Kubo,takefusa kubo,Real Sociedad,real sociedad,Midfielder,,,Takefusa Kubo,https://www.transfermarkt.co.uk/takefusa-kubo/profil/spieler/405398,,0.86,exact_name,True,
japan_takehiro_tomiyasu,team_japan,Japan,Takehiro Tomiyasu,takehiro tomiyasu,Ajax,ajax,Defender,,,Takehiro Tomiyasu,https://www.transfermarkt.co.uk/takehiro-tomiyasu/profil/spieler/331560,,0.91,exact_name,True,
japan_takumi_minamino,team_japan,Japan,Takumi Minamino,takumi minamino,AS Monaco,as monaco,Midfielder,,,Takumi Minamino,https://www.transfermarkt.co.uk/takumi-minamino/profil/spieler/165793,,0.86,exact_name,True,
japan_wataru_endo,team_japan,Japan,Wataru Endo,wataru endo,Liverpool,liverpool,Midfielder,,,Wataru Endo,https://www.transfermarkt.co.uk/wataru-endo/profil/spieler/146310,,0.91,exact_name,True,
japan_yukinari_sugawara,team_japan,Japan,Yukinari Sugawara,yukinari sugawara,Werder Bremen,werder bremen,Defender,,,Yukinari Sugawara,https://www.transfermarkt.co.uk/yukinari-sugawara/profil/spieler/405385,,0.91,exact_name,True,
japan_zion_suzuki,team_japan,Japan,Zion Suzuki,zion suzuki,Parma,parma,Goalkeeper,,,Zion Suzuki,https://www.transfermarkt.co.uk/zion-suzuki/profil/spieler/432298,,0.91,exact_name,True,
jordan_abdallah_al_fakhouri,team_jordan,Jordan,Abdallah Al-Fakhouri,abdallah al fakhouri,Al-Wehdat,al wehdat,Goalkeeper,,,Abdallah Al-Fakhouri,https://www.transfermarkt.co.uk/abdallah-al-fakhouri/profil/spieler/658805,,0.91,exact_name,True,
jordan_abdallah_nasib,team_jordan,Jordan,Abdallah Nasib,abdallah nasib,Al-Zawraa,al zawraa,Defender,,,Abdallah Nasib,https://www.transfermarkt.co.uk/abdallah-nasib/profil/spieler/882197,,0.91,exact_name,True,
jordan_ahmad_al_juaidi,team_jordan,Jordan,Ahmad Al-Juaidi,ahmad al juaidi,Shabab Al-Ordon,shabab al ordon,Goalkeeper,,,,,,0.0,unmatched,True,
jordan_ali_olwan,team_jordan,Jordan,Ali Olwan,ali olwan,Al-Sailiaya,al sailiaya,Forward,,,Ali Olwan,https://www.transfermarkt.co.uk/ali-olwan/profil/spieler/664057,,0.91,exact_name,True,
jordan_anas_al_awadat,team_jordan,Jordan,Anas Al-Awadat,anas al awadat,Al-Wehdat,al wehdat,Midfielder,,,,,,0.0,unmatched,True,
jordan_aref_al_haj,team_jordan,Jordan,Aref Al-Haj,aref al haj,Al-Faisaly,al faisaly,Forward,,,Aref Al-Haj,https://www.transfermarkt.co.uk/aref-al-haj/profil/spieler/1090167,,0.91,exact_name,True,
jordan_bara_marei,team_jordan,Jordan,Bara' Marei,bara marei,Al-Faisaly,al faisaly,Defender,,,,,,0.0,unmatched,True,
jordan_feras_shelbaieh,team_jordan,Jordan,Feras Shelbaieh,feras shelbaieh,Al-Wehdat,al wehdat,Defender,,,,,,0.0,unmatched,True,
jordan_hussam_abu_dahab,team_jordan,Jordan,Hussam Abu Dahab,hussam abu dahab,Al-Faisaly,al faisaly,Defender,,,Husam Abu Dahab,https://www.transfermarkt.co.uk/husam-abu-dahab/profil/spieler/895291,,0.8848,near_name,True,
jordan_ibrahim_sabra,team_jordan,Jordan,Ibrahim Sabra,ibrahim sabra,Lokomotiva Zagreb,lokomotiva zagreb,Forward,,,Ibrahim Sabra,https://www.transfermarkt.co.uk/ibrahim-sabra/profil/spieler/1142382,,0.99,exact_name,False,
jordan_ibrahim_sadeh,team_jordan,Jordan,Ibrahim Sadeh,ibrahim sadeh,Al-Karma,al karma,Midfielder,,,Ibrahim Saadeh,https://www.transfermarkt.co.uk/ibrahim-saadeh/profil/spieler/709974,,0.8811,near_name,True,
jordan_ihsan_haddad,team_jordan,Jordan,Ihsan Haddad,ihsan haddad,Al-Hussein Irbid,al hussein irbid,Defender,,,Ehsan Haddad,https://www.transfermarkt.co.uk/ehsan-haddad/profil/spieler/310943,,0.845,near_name,True,
jordan_mahmoud_al_mardi,team_jordan,Jordan,Mahmoud Al-Mardi,mahmoud al mardi,Al-Hussein Irbid,al hussein irbid,Midfielder,,,Mahmoud Al-Mardi,https://www.transfermarkt.co.uk/mahmoud-al-mardi/profil/spieler/401086,,0.86,exact_name,True,
jordan_mohammad_abu_hasheesh,team_jordan,Jordan,Mohammad Abu Hasheesh,mohammad abu hasheesh,Al-Hussein Irbid,al hussein irbid,Defender,,,Mohammad Abu Hasheesh,https://www.transfermarkt.co.uk/mohammad-abu-hasheesh/profil/spieler/895249,,0.91,exact_name,True,
jordan_mohammad_abu_zrayq_sharara,team_jordan,Jordan,"Mohammad Abu Zrayq ""Sharara""",mohammad abu zrayq sharara,Al-Wehdat,al wehdat,Midfielder,,,,,,0.0,unmatched,True,
jordan_mohannad_abu_taha,team_jordan,Jordan,Mohannad Abu Taha,mohannad abu taha,Al-Wehdat,al wehdat,Midfielder,,,Mohannad Abu Taha,https://www.transfermarkt.co.uk/mohannad-abu-taha/profil/spieler/883111,,0.86,exact_name,True,
jordan_musa_al_taamari,team_jordan,Jordan,Musa Al-Taamari,musa al taamari,Montpellier HSC,montpellier hsc,Forward,,,,,,0.0,unmatched,True,
jordan_nizar_al_rashdan,team_jordan,Jordan,Nizar Al-Rashdan,nizar al rashdan,Qatar SC,qatar sc,Midfielder,,,Nizar Al-Rashdan,https://www.transfermarkt.co.uk/nizar-al-rashdan/profil/spieler/734751,,0.91,exact_name,True,
jordan_noor_al_rawabdeh,team_jordan,Jordan,Noor Al-Rawabdeh,noor al rawabdeh,Selangor,selangor,Midfielder,,,Noor Al-Rawabdeh,https://www.transfermarkt.co.uk/noor-al-rawabdeh/profil/spieler/561485,,0.91,exact_name,True,
jordan_rajaei_ayed,team_jordan,Jordan,Rajaei Ayed,rajaei ayed,Al-Hussein,al hussein,Midfielder,,,Rajaei Ayed,https://www.transfermarkt.co.uk/rajaei-ayed/profil/spieler/261842,,0.91,exact_name,True,
jordan_saed_al_rosan,team_jordan,Jordan,Saed Al-Rosan,saed al rosan,Al-Hussein Irbid,al hussein irbid,Defender,,,Saed Al-Rosan,https://www.transfermarkt.co.uk/saed-al-rosan/profil/spieler/561481,,0.91,exact_name,True,
jordan_saleh_ratib,team_jordan,Jordan,Saleh Ratib,saleh ratib,Al-Wehdat,al wehdat,Midfielder,,,,,,0.0,unmatched,True,
jordan_salem_al_ajalin,team_jordan,Jordan,Salem Al-Ajalin,salem al ajalin,Al-Faisaly,al faisaly,Defender,,,,,,0.0,unmatched,True,
jordan_yazan_al_arab,team_jordan,Jordan,Yazan Al-Arab,yazan al arab,FC Seoul,fc seoul,Defender,,,Yazan Al-Arab,https://www.transfermarkt.co.uk/yazan-al-arab/profil/spieler/539961,,0.91,exact_name,True,
jordan_yazan_al_naimat,team_jordan,Jordan,Yazan Al-Naimat,yazan al naimat,Al-Ahli SC,al ahli sc,Forward,,,Yazan Al-Naimat,https://www.transfermarkt.co.uk/yazan-al-naimat/profil/spieler/734749,,0.91,exact_name,True,
jordan_yazeed_abulaila,team_jordan,Jordan,Yazeed Abulaila,yazeed abulaila,Al-Hussein Irbid,al hussein irbid,Goalkeeper,,,Yazeed Abulaila,https://www.transfermarkt.co.uk/yazeed-abulaila/profil/spieler/261850,,0.91,exact_name,True,
mexico_alexis_vega,team_mexico,Mexico,Alexis Vega,alexis vega,Toluca,toluca,Forward,,,Alexis Vega,https://www.transfermarkt.co.uk/alexis-vega/profil/spieler/424689,,0.91,exact_name,True,
mexico_armando_gonzalez,team_mexico,Mexico,Armando González,armando gonzalez,Chivas,chivas,Forward,,,Armando González,https://www.transfermarkt.co.uk/armando-gonzalez/profil/spieler/837619,,0.91,exact_name,True,
mexico_brian_gutierrez,team_mexico,Mexico,Brian Gutiérrez,brian gutierrez,Chivas,chivas,Midfielder,,,Brian Gutiérrez,https://www.transfermarkt.co.uk/brian-gutierrez/profil/spieler/724443,,0.86,exact_name,True,
mexico_carlos_acevedo,team_mexico,Mexico,Carlos Acevedo,carlos acevedo,Santos Laguna,santos laguna,Goalkeeper,,,Carlos Acevedo,https://www.transfermarkt.co.uk/carlos-acevedo/profil/spieler/356042,,0.91,exact_name,True,
mexico_cesar_huerta,team_mexico,Mexico,César Huerta,cesar huerta,Anderlecht,anderlecht,Midfielder,,,César Huerta,https://www.transfermarkt.co.uk/cesar-huerta/profil/spieler/540315,,0.86,exact_name,True,
mexico_cesar_montes,team_mexico,Mexico,César Montes,cesar montes,Lokomotiv Moscow,lokomotiv moscow,Defender,,,César Montes,https://www.transfermarkt.co.uk/cesar-montes/profil/spieler/387687,,0.91,exact_name,True,
mexico_edson_alvarez,team_mexico,Mexico,Edson Álvarez,edson alvarez,Fenerbahce,fenerbahce,Midfielder,,,Edson Álvarez,https://www.transfermarkt.co.uk/edson-alvarez/profil/spieler/401356,,0.91,exact_name,True,
mexico_erik_lira,team_mexico,Mexico,Erik Lira,erik lira,Cruz Azul,cruz azul,Midfielder,,,Érik Lira,https://www.transfermarkt.co.uk/erik-lira/profil/spieler/602324,,0.91,exact_name,True,
mexico_gilberto_mora,team_mexico,Mexico,Gilberto Mora,gilberto mora,Tijuana,tijuana,Midfielder,,,Gilberto Mora,https://www.transfermarkt.co.uk/gilberto-mora/profil/spieler/1155723,,0.86,exact_name,True,
mexico_guillermo_martinez,team_mexico,Mexico,Guillermo Martínez,guillermo martinez,Pumas,pumas,Forward,,,Guillermo Martínez,https://www.transfermarkt.co.uk/guillermo-martinez/profil/spieler/347932,,0.91,exact_name,True,
mexico_guillermo_ochoa,team_mexico,Mexico,Guillermo Ochoa,guillermo ochoa,AEL Limassol,ael limassol,Goalkeeper,,,Guillermo Ochoa,https://www.transfermarkt.co.uk/guillermo-ochoa/profil/spieler/29559,,0.91,exact_name,True,
mexico_israel_reyes,team_mexico,Mexico,Israel Reyes,israel reyes,América,america,Defender,,,Israel Reyes,https://www.transfermarkt.co.uk/israel-reyes/profil/spieler/687558,,0.91,exact_name,True,
mexico_jesus_gallardo,team_mexico,Mexico,Jesús Gallardo,jesus gallardo,Toluca,toluca,Defender,,,Jesús Gallardo,https://www.transfermarkt.co.uk/jesus-gallardo/profil/spieler/344854,,0.91,exact_name,True,
mexico_johan_vasquez,team_mexico,Mexico,Johan Vásquez,johan vasquez,Genoa,genoa,Defender,,,Johan Vásquez,https://www.transfermarkt.co.uk/johan-vasquez/profil/spieler/532937,,0.91,exact_name,True,
mexico_jorge_sanchez,team_mexico,Mexico,Jorge Sánchez,jorge sanchez,PAOK,paok,Defender,,,Jorge Sánchez,https://www.transfermarkt.co.uk/jorge-sanchez/profil/spieler/356044,,0.91,exact_name,True,
mexico_julian_quinones,team_mexico,Mexico,Julián Quiñones,julian quinones,Al-Qadisiyah,al qadisiyah,Forward,,,Julián Quiñones,https://www.transfermarkt.co.uk/julian-quinones/profil/spieler/416090,,0.91,exact_name,True,
mexico_luis_chavez,team_mexico,Mexico,Luis Chávez,luis chavez,Dinamo Moscu,dinamo moscu,Midfielder,,,Luis Chávez,https://www.transfermarkt.co.uk/luis-chavez/profil/spieler/331059,,0.91,exact_name,True,
mexico_luis_romo,team_mexico,Mexico,Luis Romo,luis romo,Chivas,chivas,Midfielder,,,Luis Romo,https://www.transfermarkt.co.uk/luis-romo/profil/spieler/532938,,0.86,exact_name,True,
mexico_mateo_chavez,team_mexico,Mexico,Mateo Chávez,mateo chavez,AZ Alkmaar,az alkmaar,Defender,,,Mateo Chávez,https://www.transfermarkt.co.uk/mateo-chavez/profil/spieler/1066953,,0.91,exact_name,True,
mexico_obed_vargas,team_mexico,Mexico,Obed Vargas,obed vargas,Atlético de Madrid,atletico de madrid,Midfielder,,,Obed Vargas,https://www.transfermarkt.co.uk/obed-vargas/profil/spieler/889435,,0.95,exact_name,False,
mexico_orbelin_pineda,team_mexico,Mexico,Orbelín Pineda,orbelin pineda,AEK,aek,Midfielder,,,Orbelín Pineda,https://www.transfermarkt.co.uk/orbelin-pineda/profil/spieler/334042,,0.91,exact_name,True,
mexico_raul_jimenez,team_mexico,Mexico,Raúl Jiménez,raul jimenez,Fulham,fulham,Forward,,,Raúl Jiménez,https://www.transfermarkt.co.uk/raul-jimenez/profil/spieler/206040,,0.91,exact_name,True,
mexico_raul_rangel,team_mexico,Mexico,Raúl Rangel,raul rangel,Chivas,chivas,Goalkeeper,,,Raúl Rangel,https://www.transfermarkt.co.uk/raul-rangel/profil/spieler/802855,,0.91,exact_name,True,
mexico_roberto_alvarado,team_mexico,Mexico,Roberto Alvarado,roberto alvarado,Chivas,chivas,Forward,,,Roberto Alvarado,https://www.transfermarkt.co.uk/roberto-alvarado/profil/spieler/353583,,0.91,exact_name,True,
mexico_santiago_gimenez,team_mexico,Mexico,Santiago Gimenez,santiago gimenez,Milan,milan,Forward,,,Santiago Gimenez,https://www.transfermarkt.co.uk/santiago-gimenez/profil/spieler/552955,,0.91,exact_name,True,
mexico_alvaro_fidalgo,team_mexico,Mexico,Álvaro Fidalgo,alvaro fidalgo,Real Betis,real betis,Midfielder,,,Álvaro Fidalgo,https://www.transfermarkt.co.uk/alvaro-fidalgo/profil/spieler/261503,,0.91,exact_name,True,
morocco_abde_ezzalzouli,team_morocco,Morocco,Abde Ezzalzouli,abde ezzalzouli,Betis,betis,Forward,,,Abde Ezzalzouli,https://www.transfermarkt.co.uk/abde-ezzalzouli/profil/spieler/724520,,0.91,exact_name,True,
morocco_abdelkabir_abqar,team_morocco,Morocco,Abdelkabir Abqar,abdelkabir abqar,Deportivo Alavés,deportivo alaves,Defender,,,,,,0.0,unmatched,True,
morocco_achraf_dari,team_morocco,Morocco,Achraf Dari,achraf dari,Al Ahly SC,al ahly sc,Defender,,,Achraf Dari,https://www.transfermarkt.co.uk/achraf-dari/profil/spieler/566823,,0.91,exact_name,True,
morocco_achraf_hakimi,team_morocco,Morocco,Achraf Hakimi,achraf hakimi,PSG,psg,Defender,,,Achraf Hakimi,https://www.transfermarkt.co.uk/achraf-hakimi/profil/spieler/398073,,0.91,exact_name,True,
morocco_adam_aznou,team_morocco,Morocco,Adam Aznou,adam aznou,Bayern Múnich,bayern munich,Defender,,,Adam Aznou,https://www.transfermarkt.co.uk/adam-aznou/profil/spieler/938146,,0.91,exact_name,True,
morocco_amine_adli,team_morocco,Morocco,Amine Adli,amine adli,Bayer 04 Leverkusen,bayer 04 leverkusen,Forward,,,Amine Adli,https://www.transfermarkt.co.uk/amine-adli/profil/spieler/532776,,0.91,exact_name,True,
morocco_amir_richardson,team_morocco,Morocco,Amir Richardson,amir richardson,ACF Fiorentina,acf fiorentina,Midfielder,,,Amir Richardson,https://www.transfermarkt.co.uk/amir-richardson/profil/spieler/893675,,0.91,exact_name,True,
morocco_ayoub_el_kaabi,team_morocco,Morocco,Ayoub El Kaabi,ayoub el kaabi,Olympiakos,olympiakos,Forward,,,Ayoub El Kaabi,https://www.transfermarkt.co.uk/ayoub-el-kaabi/profil/spieler/521127,,0.91,exact_name,True,
morocco_azzedine_ounahi,team_morocco,Morocco,Azzedine Ounahi,azzedine ounahi,Girona,girona,Midfielder,,,Azzedine Ounahi,https://www.transfermarkt.co.uk/azzedine-ounahi/profil/spieler/593482,,0.91,exact_name,True,
morocco_bilal_el_khannouss,team_morocco,Morocco,Bilal El Khannouss,bilal el khannouss,Leicester City,leicester city,Midfielder,,,Bilal El Khannouss,https://www.transfermarkt.co.uk/bilal-el-khannouss/profil/spieler/654982,,0.86,exact_name,True,
morocco_brahim_diaz,team_morocco,Morocco,Brahim Díaz,brahim diaz,Real Madrid,real madrid,Midfielder,,,Brahim Díaz,https://www.transfermarkt.co.uk/brahim-diaz/profil/spieler/314678,,0.86,exact_name,True,
morocco_chadi_riad,team_morocco,Morocco,Chadi Riad,chadi riad,Crystal Palace,crystal palace,Defender,,,Chadi Riad,https://www.transfermarkt.co.uk/chadi-riad/profil/spieler/689637,,0.91,exact_name,True,
morocco_el_mehdi_benabid,team_morocco,Morocco,El Mehdi Benabid,el mehdi benabid,AS FAR,as far,Goalkeeper,,,El Mehdi Benabid,https://www.transfermarkt.co.uk/el-mehdi-benabid/profil/spieler/544414,,0.91,exact_name,True,
morocco_eliesse_ben_seghir,team_morocco,Morocco,Eliesse Ben Seghir,eliesse ben seghir,AS Monaco,as monaco,Forward,,,Eliesse Ben Seghir,https://www.transfermarkt.co.uk/eliesse-ben-seghir/profil/spieler/810895,,0.91,exact_name,True,
morocco_hakim_ziyech,team_morocco,Morocco,Hakim Ziyech,hakim ziyech,Galatasaray,galatasaray,Forward,,,Hakim Ziyech,https://www.transfermarkt.co.uk/hakim-ziyech/profil/spieler/217111,,0.91,exact_name,True,
morocco_ilias_akhomach,team_morocco,Morocco,Ilias Akhomach,ilias akhomach,Villarreal CF,villarreal cf,Forward,,,Ilias Akhomach,https://www.transfermarkt.co.uk/ilias-akhomach/profil/spieler/709969,,0.91,exact_name,True,
morocco_ismael_saibari,team_morocco,Morocco,Ismael Saibari,ismael saibari,PSV Einhoven,psv einhoven,Midfielder,,,Ismael Saibari,https://www.transfermarkt.co.uk/ismael-saibari/profil/spieler/702869,,0.86,exact_name,True,
morocco_munir_mohamedi,team_morocco,Morocco,Munir Mohamedi,munir mohamedi,RS Berkane,rs berkane,Goalkeeper,,,,,,0.0,unmatched,True,
morocco_nayef_aguerd,team_morocco,Morocco,Nayef Aguerd,nayef aguerd,OM,om,Defender,,,Nayef Aguerd,https://www.transfermarkt.co.uk/nayef-aguerd/profil/spieler/361914,,0.91,exact_name,True,
morocco_noussair_mazraoui,team_morocco,Morocco,Noussair Mazraoui,noussair mazraoui,Manchester United,manchester united,Defender,,,Noussair Mazraoui,https://www.transfermarkt.co.uk/noussair-mazraoui/profil/spieler/340456,,0.91,exact_name,True,
morocco_oussama_el_azzouzi,team_morocco,Morocco,Oussama El Azzouzi,oussama el azzouzi,Bologna FC,bologna fc,Midfielder,,,Oussama El Azzouzi,https://www.transfermarkt.co.uk/oussama-el-azzouzi/profil/spieler/531065,,0.91,exact_name,True,
morocco_sofyan_amrabat,team_morocco,Morocco,Sofyan Amrabat,sofyan amrabat,Betis,betis,Midfielder,,,Sofyan Amrabat,https://www.transfermarkt.co.uk/sofyan-amrabat/profil/spieler/287579,,0.91,exact_name,True,
morocco_soufiane_rahimi,team_morocco,Morocco,Soufiane Rahimi,soufiane rahimi,Al-Ain,al ain,Forward,,,Soufiane Rahimi,https://www.transfermarkt.co.uk/soufiane-rahimi/profil/spieler/598506,,0.91,exact_name,True,
morocco_yahya_attiat_allah,team_morocco,Morocco,Yahya Attiat-Allah,yahya attiat allah,Al Ahly SC,al ahly sc,Defender,,,Yahia Attiyat Allah,https://www.transfermarkt.co.uk/yahia-attiyat-allah/profil/spieler/366746,,0.8468,near_name,True,
morocco_yassine_bounou,team_morocco,Morocco,Yassine Bounou,yassine bounou,Al-Hilal,al hilal,Goalkeeper,,,Yassine Bounou,https://www.transfermarkt.co.uk/yassine-bounou/profil/spieler/207834,,0.91,exact_name,True,
morocco_youssef_en_nesyri,team_morocco,Morocco,Youssef En-Nesyri,youssef en nesyri,Fenerbahçe,fenerbahce,Forward,,,Youssef En-Nesyri,https://www.transfermarkt.co.uk/youssef-en-nesyri/profil/spieler/433049,,0.91,exact_name,True,
netherlands_bart_verbruggen,team_netherlands,Netherlands,Bart Verbruggen,bart verbruggen,Brighton,brighton,Goalkeeper,,,Bart Verbruggen,https://www.transfermarkt.co.uk/bart-verbruggen/profil/spieler/565093,,0.91,exact_name,True,
netherlands_brian_brobbey,team_netherlands,Netherlands,Brian Brobbey,brian brobbey,Sunderland,sunderland,Forward,,,Brian Brobbey,https://www.transfermarkt.co.uk/brian-brobbey/profil/spieler/473169,,0.91,exact_name,True,
netherlands_cody_gakpo,team_netherlands,Netherlands,Cody Gakpo,cody gakpo,Liverpool,liverpool,Forward,,,Cody Gakpo,https://www.transfermarkt.co.uk/cody-gakpo/profil/spieler/434675,,0.91,exact_name,True,
netherlands_crysencio_summerville,team_netherlands,Netherlands,Crysencio Summerville,crysencio summerville,West Ham,west ham,Forward,,,Crysencio Summerville,https://www.transfermarkt.co.uk/crysencio-summerville/profil/spieler/474701,,0.91,exact_name,True,
netherlands_denzel_dumfries,team_netherlands,Netherlands,Denzel Dumfries,denzel dumfries,Inter Milan,inter milan,Defender,,,Denzel Dumfries,https://www.transfermarkt.co.uk/denzel-dumfries/profil/spieler/321528,,0.91,exact_name,True,
netherlands_donyell_malen,team_netherlands,Netherlands,Donyell Malen,donyell malen,Roma,roma,Forward,,,Donyell Malen,https://www.transfermarkt.co.uk/donyell-malen/profil/spieler/326029,,0.91,exact_name,True,
netherlands_frenkie_de_jong,team_netherlands,Netherlands,Frenkie de Jong,frenkie de jong,Barcelona,barcelona,Midfielder,,,Frenkie de Jong,https://www.transfermarkt.co.uk/frenkie-de-jong/profil/spieler/326330,,0.91,exact_name,True,
netherlands_guus_til,team_netherlands,Netherlands,Guus Til,guus til,PSV,psv,Midfielder,,,Guus Til,https://www.transfermarkt.co.uk/guus-til/profil/spieler/372267,,0.86,exact_name,True,
netherlands_jan_paul_van_hecke,team_netherlands,Netherlands,Jan Paul van Hecke,jan paul van hecke,Brighton,brighton,Defender,,,Jan Paul van Hecke,https://www.transfermarkt.co.uk/jan-paul-van-hecke/profil/spieler/576314,,0.91,exact_name,True,
netherlands_jorrel_hato,team_netherlands,Netherlands,Jorrel Hato,jorrel hato,Chelsea,chelsea,Defender,,,Jorrel Hato,https://www.transfermarkt.co.uk/jorrel-hato/profil/spieler/904802,,0.91,exact_name,True,
netherlands_jurrien_timber,team_netherlands,Netherlands,Jurriën Timber,jurrien timber,Arsenal,arsenal,Defender,,,Jurriën Timber,https://www.transfermarkt.co.uk/jurrien-timber/profil/spieler/420243,,0.91,exact_name,True,
netherlands_justin_kluivert,team_netherlands,Netherlands,Justin Kluivert,justin kluivert,Bournemouth,bournemouth,Midfielder,,,Justin Kluivert,https://www.transfermarkt.co.uk/justin-kluivert/profil/spieler/330659,,0.86,exact_name,True,
netherlands_mark_flekken,team_netherlands,Netherlands,Mark Flekken,mark flekken,Bayer Leverkusen,bayer leverkusen,Goalkeeper,,,Mark Flekken,https://www.transfermarkt.co.uk/mark-flekken/profil/spieler/125714,,0.91,exact_name,True,
netherlands_marten_de_roon,team_netherlands,Netherlands,Marten de Roon,marten de roon,Atalanta,atalanta,Midfielder,,,Marten de Roon,https://www.transfermarkt.co.uk/marten-de-roon/profil/spieler/133179,,0.91,exact_name,True,
netherlands_mats_wieffer,team_netherlands,Netherlands,Mats Wieffer,mats wieffer,Brighton,brighton,Midfielder,,,Mats Wieffer,https://www.transfermarkt.co.uk/mats-wieffer/profil/spieler/415381,,0.86,exact_name,True,
netherlands_memphis_depay,team_netherlands,Netherlands,Memphis Depay,memphis depay,Corinthians,corinthians,Forward,,,Memphis Depay,https://www.transfermarkt.co.uk/memphis-depay/profil/spieler/167850,,0.91,exact_name,True,
netherlands_micky_van_de_ven,team_netherlands,Netherlands,Micky van de Ven,micky van de ven,Tottenham,tottenham,Defender,,,Micky van de Ven,https://www.transfermarkt.co.uk/micky-van-de-ven/profil/spieler/557459,,0.91,exact_name,True,
netherlands_nathan_ake,team_netherlands,Netherlands,Nathan Aké,nathan ake,Manchester City,manchester city,Defender,,,Nathan Aké,https://www.transfermarkt.co.uk/nathan-ake/profil/spieler/177476,,0.91,exact_name,True,
netherlands_noa_lang,team_netherlands,Netherlands,Noa Lang,noa lang,Galatasaray,galatasaray,Forward,,,Noa Lang,https://www.transfermarkt.co.uk/noa-lang/profil/spieler/339332,,0.91,exact_name,True,
netherlands_quinten_timber,team_netherlands,Netherlands,Quinten Timber,quinten timber,Marseille,marseille,Midfielder,,,Quinten Timber,https://www.transfermarkt.co.uk/quinten-timber/profil/spieler/420213,,0.91,exact_name,True,
netherlands_robin_roefs,team_netherlands,Netherlands,Robin Roefs,robin roefs,Sunderland,sunderland,Goalkeeper,,,Robin Roefs,https://www.transfermarkt.co.uk/robin-roefs/profil/spieler/646991,,0.91,exact_name,True,
netherlands_ryan_gravenberch,team_netherlands,Netherlands,Ryan Gravenberch,ryan gravenberch,Liverpool,liverpool,Midfielder,,,Ryan Gravenberch,https://www.transfermarkt.co.uk/ryan-gravenberch/profil/spieler/478573,,0.91,exact_name,True,
netherlands_teun_koopmeiners,team_netherlands,Netherlands,Teun Koopmeiners,teun koopmeiners,Juventus,juventus,Midfielder,,,Teun Koopmeiners,https://www.transfermarkt.co.uk/teun-koopmeiners/profil/spieler/360518,,0.91,exact_name,True,
netherlands_tijjani_reijnders,team_netherlands,Netherlands,Tijjani Reijnders,tijjani reijnders,Manchester City,manchester city,Forward,,,Tijjani Reijnders,https://www.transfermarkt.co.uk/tijjani-reijnders/profil/spieler/460939,,0.86,exact_name,True,
netherlands_virgil_van_dijk,team_netherlands,Netherlands,Virgil van Dijk,virgil van dijk,Liverpool,liverpool,Defender,,,Virgil van Dijk,https://www.transfermarkt.co.uk/virgil-van-dijk/profil/spieler/139208,,0.91,exact_name,True,
netherlands_wout_weghorst,team_netherlands,Netherlands,Wout Weghorst,wout weghorst,Ajax,ajax,Forward,,,Wout Weghorst,https://www.transfermarkt.co.uk/wout-weghorst/profil/spieler/228645,,0.91,exact_name,True,
new_zealand_alex_paulsen,team_new_zealand,New Zealand,Alex Paulsen,alex paulsen,Lechia Gdańsk,lechia gdansk,Goalkeeper,,,Alex Paulsen,https://www.transfermarkt.co.uk/alex-paulsen/profil/spieler/617009,,0.91,exact_name,True,
new_zealand_alex_rufer,team_new_zealand,New Zealand,Alex Rufer,alex rufer,Wellington Phoenix,wellington phoenix,Midfielder,,,Alex Rufer,https://www.transfermarkt.co.uk/alex-rufer/profil/spieler/256019,,0.91,exact_name,True,
new_zealand_ben_old,team_new_zealand,New Zealand,Ben Old,ben old,Saint-Etienne,saint etienne,Forward,,,Ben Old,https://www.transfermarkt.co.uk/ben-old/profil/spieler/617021,,0.94,exact_name,False,
new_zealand_ben_waine,team_new_zealand,New Zealand,Ben Waine,ben waine,Port Vale,port vale,Forward,,,Ben Waine,https://www.transfermarkt.co.uk/ben-waine/profil/spieler/539502,,0.91,exact_name,True,
new_zealand_callan_elliot,team_new_zealand,New Zealand,Callan Elliot,callan elliot,Auckland FC,auckland fc,Defender,,,Callan Elliot,https://www.transfermarkt.co.uk/callan-elliot/profil/spieler/482204,,0.91,exact_name,True,
new_zealand_callum_mccowatt,team_new_zealand,New Zealand,Callum McCowatt,callum mccowatt,Silkeborg IF,silkeborg if,Forward,,,Callum McCowatt,https://www.transfermarkt.co.uk/callum-mccowatt/profil/spieler/400797,,0.91,exact_name,True,
new_zealand_chris_wood,team_new_zealand,New Zealand,Chris Wood,chris wood,Nottingham Forest,nottingham forest,Forward,,,Chris Wood,https://www.transfermarkt.co.uk/chris-wood/profil/spieler/108725,,0.91,exact_name,True,
new_zealand_eli_just,team_new_zealand,New Zealand,Eli Just,eli just,Motherwell,motherwell,Forward,,,,,,0.0,unmatched,True,
new_zealand_finn_surman,team_new_zealand,New Zealand,Finn Surman,finn surman,Portland Timbers,portland timbers,Defender,,,Finn Surman,https://www.transfermarkt.co.uk/finn-surman/profil/spieler/724809,,1.0,exact_name_club,False,
new_zealand_francis_de_vries,team_new_zealand,New Zealand,Francis De Vries,francis de vries,Auckland FC,auckland fc,Defender,,,Francis de Vries,https://www.transfermarkt.co.uk/francis-de-vries/profil/spieler/207061,,0.91,exact_name,True,
new_zealand_jesse_randall,team_new_zealand,New Zealand,Jesse Randall,jesse randall,Auckland FC,auckland fc,Forward,,,Jesse Randall,https://www.transfermarkt.co.uk/jesse-randall/profil/spieler/677509,,0.91,exact_name,True,
new_zealand_joe_bell,team_new_zealand,New Zealand,Joe Bell,joe bell,Viking FK,viking fk,Midfielder,,,Joe Bell,https://www.transfermarkt.co.uk/joe-bell/profil/spieler/345700,,0.91,exact_name,True,
new_zealand_kosta_barbarouses,team_new_zealand,New Zealand,Kosta Barbarouses,kosta barbarouses,Western Sydney Wanderers,western sydney wanderers,Forward,,,Kosta Barbarouses,https://www.transfermarkt.co.uk/kosta-barbarouses/profil/spieler/50200,,1.0,exact_name_club,False,
new_zealand_lachlan_bayliss,team_new_zealand,New Zealand,Lachlan Bayliss,lachlan bayliss,Newcastle Jets,newcastle jets,Forward,,,Lachlan Bayliss,https://www.transfermarkt.co.uk/lachlan-bayliss/profil/spieler/1109358,,0.86,exact_name,True,
new_zealand_liberato_cacace,team_new_zealand,New Zealand,Liberato Cacace,liberato cacace,Wrexham,wrexham,Defender,,,Liberato Cacace,https://www.transfermarkt.co.uk/liberato-cacace/profil/spieler/469211,,0.91,exact_name,True,
new_zealand_marko_stamenic,team_new_zealand,New Zealand,Marko Stamenic,marko stamenic,Swansea City,swansea city,Midfielder,,,Marko Stamenić,https://www.transfermarkt.co.uk/marko-stamenic/profil/spieler/617018,,1.0,exact_name_club,False,
new_zealand_matt_garbett,team_new_zealand,New Zealand,Matt Garbett,matt garbett,Peterborough United,peterborough united,Midfielder,,,,,,0.0,unmatched,True,
new_zealand_max_crocombe,team_new_zealand,New Zealand,Max Crocombe,max crocombe,Millwall,millwall,Goalkeeper,,,Max Crocombe,https://www.transfermarkt.co.uk/max-crocombe/profil/spieler/207843,,0.91,exact_name,True,
new_zealand_michael_boxall,team_new_zealand,New Zealand,Michael Boxall,michael boxall,Minnesota United,minnesota united,Defender,,,Michael Boxall,https://www.transfermarkt.co.uk/michael-boxall/profil/spieler/81723,,0.99,exact_name,False,
new_zealand_michael_woud,team_new_zealand,New Zealand,Michael Woud,michael woud,Auckland FC,auckland fc,Goalkeeper,,,Michael Woud,https://www.transfermarkt.co.uk/michael-woud/profil/spieler/350347,,0.91,exact_name,True,
new_zealand_nando_pijnaker,team_new_zealand,New Zealand,Nando Pijnaker,nando pijnaker,Auckland FC,auckland fc,Defender,,,Nando Pijnaker,https://www.transfermarkt.co.uk/nando-pijnaker/profil/spieler/455425,,0.91,exact_name,True,
new_zealand_ryan_thomas,team_new_zealand,New Zealand,Ryan Thomas,ryan thomas,PEC Zwolle,pec zwolle,Midfielder,,,Ryan Thomas,https://www.transfermarkt.co.uk/ryan-thomas/profil/spieler/203357,,0.91,exact_name,True,
new_zealand_sarpreet_singh,team_new_zealand,New Zealand,Sarpreet Singh,sarpreet singh,Wellington Phoenix,wellington phoenix,Midfielder,,,Sarpreet Singh,https://www.transfermarkt.co.uk/sarpreet-singh/profil/spieler/350357,,0.86,exact_name,True,
new_zealand_tim_payne,team_new_zealand,New Zealand,Tim Payne,tim payne,Wellington Phoenix,wellington phoenix,Defender,,,Tim Payne,https://www.transfermarkt.co.uk/tim-payne/profil/spieler/149901,,0.91,exact_name,True,
new_zealand_tommy_smith,team_new_zealand,New Zealand,Tommy Smith,tommy smith,Braintree Town,braintree town,Defender,,,Tommy Smith,https://www.transfermarkt.co.uk/tommy-smith/profil/spieler/54381,,0.91,exact_name,True,
new_zealand_tyler_bindon,team_new_zealand,New Zealand,Tyler Bindon,tyler bindon,Nottingham Forest,nottingham forest,Defender,,,Tyler Bindon,https://www.transfermarkt.co.uk/tyler-bindon/profil/spieler/1007720,,0.91,exact_name,True,
norway_alexander_s_rloth,team_norway,Norway,Alexander Sørloth,alexander s rloth,Atlético Madrid,atletico madrid,Forward,,,Alexander Sørloth,https://www.transfermarkt.co.uk/alexander-sorloth/profil/spieler/238407,,0.91,exact_name,True,
norway_andreas_hanche_olsen,team_norway,Norway,Andreas Hanche-Olsen,andreas hanche olsen,1. FSV Mainz 05,1 fsv mainz 05,Defender,,,Andreas Hanche-Olsen,https://www.transfermarkt.co.uk/andreas-hanche-olsen/profil/spieler/370683,,0.91,exact_name,True,
norway_andreas_schjelderup,team_norway,Norway,Andreas Schjelderup,andreas schjelderup,SL Benfica,sl benfica,Forward,,,Andreas Schjelderup,https://www.transfermarkt.co.uk/andreas-schjelderup/profil/spieler/670103,,0.91,exact_name,True,
norway_antonio_nusa,team_norway,Norway,Antonio Nusa,antonio nusa,RB Leipzig,rb leipzig,Forward,,,Antonio Nusa,https://www.transfermarkt.co.uk/antonio-nusa/profil/spieler/894914,,0.91,exact_name,True,
norway_david_m_ller_wolfe,team_norway,Norway,David Møller Wolfe,david m ller wolfe,Wolverhampton Wanderers,wolverhampton wanderers,Defender,,,David Møller Wolfe,https://www.transfermarkt.co.uk/david-moller-wolfe/profil/spieler/661427,,0.95,exact_name,False,
norway_egil_selvik,team_norway,Norway,Egil Selvik,egil selvik,Watford,watford,Goalkeeper,,,Egil Selvik,https://www.transfermarkt.co.uk/egil-selvik/profil/spieler/380744,,0.95,exact_name,False,
norway_erling_haaland,team_norway,Norway,Erling Haaland,erling haaland,Manchester City,manchester city,Forward,,,Erling Haaland,https://www.transfermarkt.co.uk/erling-haaland/profil/spieler/418560,,0.91,exact_name,True,
norway_fredrik_andre_bj_rkan,team_norway,Norway,Fredrik André Bjørkan,fredrik andre bj rkan,Bodø/Glimt,bod glimt,Defender,,,,,,0.0,unmatched,True,
norway_hugo_vetlesen,team_norway,Norway,Hugo Vetlesen,hugo vetlesen,Club Brugge,club brugge,Midfielder,,,Hugo Vetlesen,https://www.transfermarkt.co.uk/hugo-vetlesen/profil/spieler/499758,,0.91,exact_name,True,
norway_jens_petter_hauge,team_norway,Norway,Jens Petter Hauge,jens petter hauge,FK Bodø/Glimt,fk bod glimt,Forward,,,Jens Petter Hauge,https://www.transfermarkt.co.uk/jens-petter-hauge/profil/spieler/422355,,0.91,exact_name,True,
norway_jesper_daland,team_norway,Norway,Jesper Daland,jesper daland,Cardiff City,cardiff city,Defender,,,Jesper Daland,https://www.transfermarkt.co.uk/jesper-daland/profil/spieler/418553,,0.91,exact_name,True,
norway_julian_ryerson,team_norway,Norway,Julian Ryerson,julian ryerson,Borussia Dortmund,borussia dortmund,Defender,,,Julian Ryerson,https://www.transfermarkt.co.uk/julian-ryerson/profil/spieler/370789,,1.0,exact_name_club,False,
norway_j_rgen_strand_larsen,team_norway,Norway,Jørgen Strand Larsen,j rgen strand larsen,Crystal Palace,crystal palace,Forward,,,Jørgen Strand Larsen,https://www.transfermarkt.co.uk/jorgen-strand-larsen/profil/spieler/429983,,0.91,exact_name,True,
norway_kristian_thorstvedt,team_norway,Norway,Kristian Thorstvedt,kristian thorstvedt,Sassuolo,sassuolo,Midfielder,,,Kristian Thorstvedt,https://www.transfermarkt.co.uk/kristian-thorstvedt/profil/spieler/564785,,0.91,exact_name,True,
norway_kristoffer_ajer,team_norway,Norway,Kristoffer Ajer,kristoffer ajer,Brentford,brentford,Defender,,,Kristoffer Ajer,https://www.transfermarkt.co.uk/kristoffer-ajer/profil/spieler/328658,,0.91,exact_name,True,
norway_leo_stigard,team_norway,Norway,Leo Østigard,leo stigard,Genoa,genoa,Defender,,,Leo Østigård,https://www.transfermarkt.co.uk/leo-ostigard/profil/spieler/367284,,0.91,exact_name,True,
norway_marcus_holmgren_pedersen,team_norway,Norway,Marcus Holmgren Pedersen,marcus holmgren pedersen,Torino FC,torino fc,Defender,,,,,,0.0,unmatched,True,
norway_markus_solbakken,team_norway,Norway,Markus Solbakken,markus solbakken,AC Sparta Praga,ac sparta praga,Midfielder,,,Markus Solbakken,https://www.transfermarkt.co.uk/markus-solbakken/profil/spieler/418567,,0.91,exact_name,True,
norway_martin_degaard,team_norway,Norway,Martin Ødegaard,martin degaard,Arsenal,arsenal,Midfielder,,,Martin Ødegaard,https://www.transfermarkt.co.uk/martin-odegaard/profil/spieler/316264,,0.86,exact_name,True,
norway_mathias_dyngeland,team_norway,Norway,Mathias Dyngeland,mathias dyngeland,SK Brann,sk brann,Goalkeeper,,,Mathias Dyngeland,https://www.transfermarkt.co.uk/mathias-dyngeland/profil/spieler/228006,,0.91,exact_name,True,
norway_morten_thorsby,team_norway,Norway,Morten Thorsby,morten thorsby,Cremonese,cremonese,Midfielder,,,Morten Thorsby,https://www.transfermarkt.co.uk/morten-thorsby/profil/spieler/226524,,0.91,exact_name,True,
norway_oscar_bobb,team_norway,Norway,Oscar Bobb,oscar bobb,Manchester City,manchester city,Forward,,,Oscar Bobb,https://www.transfermarkt.co.uk/oscar-bobb/profil/spieler/661207,,0.91,exact_name,True,
norway_patrick_berg,team_norway,Norway,Patrick Berg,patrick berg,Bodø/Glimt,bod glimt,Midfielder,,,Patrick Berg,https://www.transfermarkt.co.uk/patrick-berg/profil/spieler/308439,,0.91,exact_name,True,
norway_sander_berge,team_norway,Norway,Sander Berge,sander berge,Fulham,fulham,Midfielder,,,Sander Berge,https://www.transfermarkt.co.uk/sander-berge/profil/spieler/333014,,0.91,exact_name,True,
norway_stian_gregersen,team_norway,Norway,Stian Gregersen,stian gregersen,Atlanta United,atlanta united,Defender,,,Stian Gregersen,https://www.transfermarkt.co.uk/stian-gregersen/profil/spieler/230140,,0.91,exact_name,True,
norway_rjan_nyland,team_norway,Norway,Ørjan Nyland,rjan nyland,Sevilla,sevilla,Goalkeeper,,,Ørjan Nyland,https://www.transfermarkt.co.uk/orjan-nyland/profil/spieler/73517,,0.91,exact_name,True,
panama_adalberto_carrasquilla,team_panama,Panama,Adalberto Carrasquilla,adalberto carrasquilla,Pumas UNAM,pumas unam,Midfielder,,,Adalberto Carrasquilla,https://www.transfermarkt.co.uk/adalberto-carrasquilla/profil/spieler/375300,,0.91,exact_name,True,
panama_alberto_quintero,team_panama,Panama,Alberto Quintero,alberto quintero,Plaza Amador,plaza amador,Midfielder,,,Alberto Quintero,https://www.transfermarkt.co.uk/alberto-quintero/profil/spieler/126019,,0.86,exact_name,True,
panama_amir_murillo,team_panama,Panama,Amir Murillo,amir murillo,Beşiktaş,besiktas,Defender,,,Amir Murillo,https://www.transfermarkt.co.uk/amir-murillo/profil/spieler/354482,,0.91,exact_name,True,
panama_andres_andrade,team_panama,Panama,Andrés Andrade,andres andrade,LASK,lask,Defender,,,Andrés Andrade,https://www.transfermarkt.co.uk/andres-andrade/profil/spieler/403808,,0.91,exact_name,True,
panama_anibal_godoy,team_panama,Panama,Aníbal Godoy,anibal godoy,San Diego FC,san diego fc,Midfielder,,,Aníbal Godoy,https://www.transfermarkt.co.uk/anibal-godoy/profil/spieler/161671,,0.91,exact_name,True,
panama_azarias_londono,team_panama,Panama,Azarias Londoño,azarias londono,Universidad Católica,universidad catolica,Midfielder,,,Azarias Londoño,https://www.transfermarkt.co.uk/azarias-londono/profil/spieler/860998,,0.86,exact_name,True,
panama_carlos_harvey,team_panama,Panama,Carlos Harvey,carlos harvey,Minnesota United,minnesota united,Midfielder,,,Carlos Harvey,https://www.transfermarkt.co.uk/carlos-harvey/profil/spieler/628806,,0.99,exact_name,False,
panama_cecilio_waterman,team_panama,Panama,Cecilio Waterman,cecilio waterman,Alianza Lima (Perú),alianza lima peru,Forward,,,,,,0.0,unmatched,True,
panama_cristian_martinez,team_panama,Panama,Cristian Martínez,cristian martinez,Ironi Kiryat Shmona,ironi kiryat shmona,Midfielder,,,Cristian Martínez,https://www.transfermarkt.co.uk/cristian-martinez/profil/spieler/419247,,0.91,exact_name,True,
panama_cesar_blackman,team_panama,Panama,César Blackman,cesar blackman,Slovan Bratislava,slovan bratislava,Defender,,,César Blackman,https://www.transfermarkt.co.uk/cesar-blackman/profil/spieler/440383,,0.91,exact_name,True,
panama_cesar_samudio,team_panama,Panama,César Samudio,cesar samudio,Marathón,marathon,Goalkeeper,,,,,,0.0,unmatched,True,
panama_cesar_yanis,team_panama,Panama,César Yanis,cesar yanis,Cobresal,cobresal,Midfielder,,,César Yanis,https://www.transfermarkt.co.uk/cesar-yanis/profil/spieler/741098,,0.86,exact_name,True,
panama_edgardo_farina,team_panama,Panama,Edgardo Fariña,edgardo farina,Pari Nizhny Novgorod,pari nizhny novgorod,Defender,,,Edgardo Fariña,https://www.transfermarkt.co.uk/edgardo-farina/profil/spieler/923177,,0.95,exact_name,False,
panama_fidel_escobar,team_panama,Panama,Fidel Escobar,fidel escobar,Saprissa,saprissa,Defender,,,Fidel Escobar,https://www.transfermarkt.co.uk/fidel-escobar/profil/spieler/345716,,0.91,exact_name,True,
panama_ismael_diaz,team_panama,Panama,Ismael Díaz,ismael diaz,Universidad Católica (Ecuador),universidad catolica ecuador,Forward,,,Ismael Díaz,https://www.transfermarkt.co.uk/ismael-diaz/profil/spieler/243298,,0.91,exact_name,True,
panama_jiovany_ramos,team_panama,Panama,Jiovany Ramos,jiovany ramos,Puerto Cabello,puerto cabello,Defender,,,Jiovany Ramos,https://www.transfermarkt.co.uk/jiovany-ramos/profil/spieler/403809,,0.91,exact_name,True,
panama_jorge_gutierrez,team_panama,Panama,Jorge Gutiérrez,jorge gutierrez,Deportivo La Guaira,deportivo la guaira,Defender,,,Jorge Gutiérrez,https://www.transfermarkt.co.uk/jorge-gutierrez/profil/spieler/443379,,0.91,exact_name,True,
panama_jose_cordoba,team_panama,Panama,José Córdoba,jose cordoba,Norwich City,norwich city,Defender,,,José Córdoba,https://www.transfermarkt.co.uk/jose-cordoba/profil/spieler/698415,,1.0,exact_name_club,False,
panama_jose_fajardo,team_panama,Panama,José Fajardo,jose fajardo,Universidad Católica (Ecuador),universidad catolica ecuador,Forward,,,,,,0.0,unmatched,True,
panama_jose_luis_rodriguez,team_panama,Panama,José Luis Rodríguez,jose luis rodriguez,Juárez,juarez,Midfielder,,,José Luis Rodríguez,https://www.transfermarkt.co.uk/jose-luis-rodriguez/profil/spieler/425028,,0.86,exact_name,True,
panama_luis_mejia,team_panama,Panama,Luis Mejía,luis mejia,Nacional,nacional,Goalkeeper,,,,,,0.0,unmatched,True,
panama_orlando_mosquera,team_panama,Panama,Orlando Mosquera,orlando mosquera,Al Fayha,al fayha,Goalkeeper,,,Orlando Mosquera,https://www.transfermarkt.co.uk/orlando-mosquera/profil/spieler/402979,,0.95,exact_name,False,
panama_roderick_miller,team_panama,Panama,Roderick Miller,roderick miller,Turan Tovuz,turan tovuz,Defender,,,Roderick Miller,https://www.transfermarkt.co.uk/roderick-miller/profil/spieler/157154,,0.91,exact_name,True,
panama_tomas_rodriguez,team_panama,Panama,Tomás Rodríguez,tomas rodriguez,Monagas SC (Venezuela),monagas sc venezuela,Forward,,,Tomás Rodríguez,https://www.transfermarkt.co.uk/tomas-rodriguez/profil/spieler/569205,,0.91,exact_name,True,
panama_yoel_barcenas,team_panama,Panama,Yoel Bárcenas,yoel barcenas,Mazatlán,mazatlan,Midfielder,,,Yoel Bárcenas,https://www.transfermarkt.co.uk/yoel-barcenas/profil/spieler/283473,,0.86,exact_name,True,
panama_eric_davis,team_panama,Panama,Éric Davis,eric davis,Plaza Amador,plaza amador,Defender,,,Éric Davis,https://www.transfermarkt.co.uk/eric-davis/profil/spieler/121791,,0.91,exact_name,True,
paraguay_adam_bareiro,team_paraguay,Paraguay,Adam Bareiro,adam bareiro,River Plate,river plate,Forward,,,Adam Bareiro,https://www.transfermarkt.co.uk/adam-bareiro/profil/spieler/514120,,0.91,exact_name,True,
paraguay_agustin_sandez,team_paraguay,Paraguay,Agustín Sández,agustin sandez,Rosario Central,rosario central,Defender,,,Agustín Sández,https://www.transfermarkt.co.uk/agustin-sandez/profil/spieler/847023,,0.91,exact_name,True,
paraguay_alejandro_romero_gamarra_kaku,team_paraguay,Paraguay,Alejandro Romero Gamarra 'Kaku',alejandro romero gamarra kaku,Al Ain,al ain,Midfielder,,,,,,0.0,unmatched,True,
paraguay_alex_arce,team_paraguay,Paraguay,Alex Arce,alex arce,Independiente Rivadavia,independiente rivadavia,Forward,,,Álex Arce,https://www.transfermarkt.co.uk/alex-arce/profil/spieler/970518,,0.95,exact_name,False,
paraguay_andres_cubas,team_paraguay,Paraguay,Andrés Cubas,andres cubas,Vancouver Whitecaps,vancouver whitecaps,Midfielder,,,Andrés Cubas,https://www.transfermarkt.co.uk/andres-cubas/profil/spieler/323872,,0.99,exact_name,False,
paraguay_antonio_sanabria,team_paraguay,Paraguay,Antonio Sanabria,antonio sanabria,Cremonese,cremonese,Forward,,,Antonio Sanabria,https://www.transfermarkt.co.uk/antonio-sanabria/profil/spieler/234523,,0.91,exact_name,True,
paraguay_carlos_coronel,team_paraguay,Paraguay,Carlos Coronel,carlos coronel,New York Red Bulls,new york red bulls,Goalkeeper,,,Carlos Coronel,https://www.transfermarkt.co.uk/carlos-coronel/profil/spieler/378871,,0.91,exact_name,True,
paraguay_damian_bobadilla,team_paraguay,Paraguay,Damián Bobadilla,damian bobadilla,Sao Paulo,sao paulo,Midfielder,,,Damián Bobadilla,https://www.transfermarkt.co.uk/damian-bobadilla/profil/spieler/861852,,0.91,exact_name,True,
paraguay_diego_gomez,team_paraguay,Paraguay,Diego Gómez,diego gomez,Brighton & Hove Albion,brighton hove albion,Midfielder,,,Diego Gómez,https://www.transfermarkt.co.uk/diego-gomez/profil/spieler/996897,,0.91,exact_name,True,
paraguay_fabian_balbuena,team_paraguay,Paraguay,Fabián Balbuena,fabian balbuena,Gremio,gremio,Defender,,,Fabián Balbuena,https://www.transfermarkt.co.uk/fabian-balbuena/profil/spieler/285548,,0.91,exact_name,True,
paraguay_fabrizio_peralta,team_paraguay,Paraguay,Fabrizio Peralta,fabrizio peralta,Cruzeiro,cruzeiro,Midfielder,,,Fabrizio Peralta,https://www.transfermarkt.co.uk/fabrizio-peralta/profil/spieler/661270,,0.91,exact_name,True,
paraguay_gustavo_gomez,team_paraguay,Paraguay,Gustavo Gómez,gustavo gomez,Palmeiras,palmeiras,Defender,,,Gustavo Gómez,https://www.transfermarkt.co.uk/gustavo-gomez/profil/spieler/215390,,0.91,exact_name,True,
paraguay_gustavo_velazquez,team_paraguay,Paraguay,Gustavo Velázquez,gustavo velazquez,Cerro Porteño,cerro porteno,Defender,,,,,,0.0,unmatched,True,
paraguay_isidro_pitta,team_paraguay,Paraguay,Isidro Pitta,isidro pitta,Red Bull Bragantino,red bull bragantino,Forward,,,Isidro Pitta,https://www.transfermarkt.co.uk/isidro-pitta/profil/spieler/675178,,1.0,exact_name_club,False,
paraguay_juan_espinola,team_paraguay,Paraguay,Juan Espínola,juan espinola,Belgrano,belgrano,Goalkeeper,,,Juan Espínola,https://www.transfermarkt.co.uk/juan-espinola/profil/spieler/532557,,0.91,exact_name,True,
paraguay_juan_jose_caceres,team_paraguay,Paraguay,Juan José Cáceres,juan jose caceres,CA Lanús,ca lanus,Defender,,,Juan José Cáceres,https://www.transfermarkt.co.uk/juan-jose-caceres/profil/spieler/756494,,0.91,exact_name,True,
paraguay_julio_enciso,team_paraguay,Paraguay,Julio Enciso,julio enciso,Strasbourg,strasbourg,Forward,,,Julio Enciso,https://www.transfermarkt.co.uk/julio-enciso/profil/spieler/660867,,0.91,exact_name,True,
paraguay_junior_alonso,team_paraguay,Paraguay,Júnior Alonso,junior alonso,Atlético Mineiro,atletico mineiro,Defender,,,Júnior Alonso,https://www.transfermarkt.co.uk/junior-alonso/profil/spieler/273000,,0.95,exact_name,False,
paraguay_mateo_gamarra,team_paraguay,Paraguay,Mateo Gamarra,mateo gamarra,Athletico Paranaense,athletico paranaense,Defender,,,Mateo Gamarra,https://www.transfermarkt.co.uk/mateo-gamarra/profil/spieler/661245,,0.91,exact_name,True,
paraguay_mathias_villasanti,team_paraguay,Paraguay,Mathías Villasanti,mathias villasanti,Grêmio,gremio,Midfielder,,,Mathías Villasanti,https://www.transfermarkt.co.uk/mathias-villasanti/profil/spieler/436385,,0.91,exact_name,True,
paraguay_matias_galarza,team_paraguay,Paraguay,Matías Galarza,matias galarza,Atlanta United,atlanta united,Midfielder,,,Matías Galarza,https://www.transfermarkt.co.uk/matias-galarza/profil/spieler/661269,,0.91,exact_name,True,
paraguay_miguel_almiron,team_paraguay,Paraguay,Miguel Almirón,miguel almiron,Atlanta United,atlanta united,Forward,,,Miguel Almirón,https://www.transfermarkt.co.uk/miguel-almiron/profil/spieler/272999,,0.91,exact_name,True,
paraguay_omar_alderete,team_paraguay,Paraguay,Omar Alderete,omar alderete,Sunderland,sunderland,Defender,,,Omar Alderete,https://www.transfermarkt.co.uk/omar-alderete/profil/spieler/353032,,0.91,exact_name,True,
paraguay_ramon_sosa,team_paraguay,Paraguay,Ramón Sosa,ramon sosa,Palmeiras,palmeiras,Forward,,,Ramón Sosa,https://www.transfermarkt.co.uk/ramon-sosa/profil/spieler/745191,,0.91,exact_name,True,
paraguay_roberto_gatito_fernandez,team_paraguay,Paraguay,"Roberto ""Gatito"" Fernández",roberto gatito fernandez,Botafogo,botafogo,Goalkeeper,,,,,,0.0,unmatched,True,
paraguay_angel_romero,team_paraguay,Paraguay,Ángel Romero,angel romero,Corinthians,corinthians,Forward,,,Ángel Romero,https://www.transfermarkt.co.uk/angel-romero/profil/spieler/262262,,0.91,exact_name,True,
portugal_antonio_silva,team_portugal,Portugal,António Silva,antonio silva,SL Benfica,sl benfica,Defender,,,António Silva,https://www.transfermarkt.co.uk/antonio-silva/profil/spieler/650568,,0.91,exact_name,True,
portugal_bernardo_silva,team_portugal,Portugal,Bernardo Silva,bernardo silva,Manchester City,manchester city,Midfielder,,,Bernardo Silva,https://www.transfermarkt.co.uk/bernardo-silva/profil/spieler/241641,,0.86,exact_name,True,
portugal_bruno_fernandes,team_portugal,Portugal,Bruno Fernandes,bruno fernandes,Manchester United,manchester united,Midfielder,,,Bruno Fernandes,https://www.transfermarkt.co.uk/bruno-fernandes/profil/spieler/240306,,0.86,exact_name,True,
portugal_cristiano_ronaldo,team_portugal,Portugal,Cristiano Ronaldo,cristiano ronaldo,Al Nassr,al nassr,Forward,,,Cristiano Ronaldo,https://www.transfermarkt.co.uk/cristiano-ronaldo/profil/spieler/8198,,0.91,exact_name,True,
portugal_diogo_costa,team_portugal,Portugal,Diogo Costa,diogo costa,Porto,porto,Goalkeeper,,,Diogo Costa,https://www.transfermarkt.co.uk/diogo-costa/profil/spieler/357153,,0.91,exact_name,True,
portugal_diogo_dalot,team_portugal,Portugal,Diogo Dalot,diogo dalot,Manchester United,manchester united,Defender,,,Diogo Dalot,https://www.transfermarkt.co.uk/diogo-dalot/profil/spieler/357147,,0.91,exact_name,True,
portugal_diogo_jota,team_portugal,Portugal,Diogo Jota,diogo jota,Liverpool FC,liverpool fc,Forward,,,Diogo Jota,https://www.transfermarkt.co.uk/diogo-jota/profil/spieler/340950,,0.91,exact_name,True,
portugal_francisco_conceicao,team_portugal,Portugal,Francisco Conceição,francisco conceicao,Juventus,juventus,Forward,,,Francisco Conceição,https://www.transfermarkt.co.uk/francisco-conceicao/profil/spieler/487474,,0.91,exact_name,True,
portugal_goncalo_inacio,team_portugal,Portugal,Gonçalo Inacio,goncalo inacio,Sporting Lisbon,sporting lisbon,Defender,,,Gonçalo Inácio,https://www.transfermarkt.co.uk/goncalo-inacio/profil/spieler/549006,,0.91,exact_name,True,
portugal_goncalo_ramos,team_portugal,Portugal,Gonçalo Ramos,goncalo ramos,PSG,psg,Forward,,,Gonçalo Ramos,https://www.transfermarkt.co.uk/goncalo-ramos/profil/spieler/550550,,0.91,exact_name,True,
portugal_jose_sa,team_portugal,Portugal,José Sá,jose sa,Wolverhampton Wanderers,wolverhampton wanderers,Goalkeeper,,,José Sá,https://www.transfermarkt.co.uk/jose-sa/profil/spieler/249994,,0.95,exact_name,False,
portugal_joao_cancelo,team_portugal,Portugal,João Cancelo,joao cancelo,Barcelona,barcelona,Defender,,,João Cancelo,https://www.transfermarkt.co.uk/joao-cancelo/profil/spieler/182712,,0.91,exact_name,True,
portugal_joao_felix,team_portugal,Portugal,João Félix,joao felix,Al Nassr,al nassr,Forward,,,João Félix,https://www.transfermarkt.co.uk/joao-felix/profil/spieler/462250,,0.91,exact_name,True,
portugal_joao_neves,team_portugal,Portugal,João Neves,joao neves,PSG,psg,Midfielder,,,João Neves,https://www.transfermarkt.co.uk/joao-neves/profil/spieler/670681,,0.91,exact_name,True,
portugal_joao_palhinha,team_portugal,Portugal,João Palhinha,joao palhinha,Bayern Múnich,bayern munich,Midfielder,,,João Palhinha,https://www.transfermarkt.co.uk/joao-palhinha/profil/spieler/257455,,0.91,exact_name,True,
portugal_matheus_nunes,team_portugal,Portugal,Matheus Nunes,matheus nunes,Manchester City,manchester city,Midfielder,,,Matheus Nunes,https://www.transfermarkt.co.uk/matheus-nunes/profil/spieler/601883,,0.86,exact_name,True,
portugal_nuno_mendes,team_portugal,Portugal,Nuno Mendes,nuno mendes,Paris Saint-Germain,paris saint germain,Defender,,,Nuno Mendes,https://www.transfermarkt.co.uk/nuno-mendes/profil/spieler/616341,,0.91,exact_name,True,
portugal_otavio,team_portugal,Portugal,Otávio,otavio,Al-Nassr,al nassr,Midfielder,,,Otávio,https://www.transfermarkt.co.uk/otavio/profil/spieler/231289,,0.86,exact_name,True,
portugal_pedro_neto,team_portugal,Portugal,Pedro Neto,pedro neto,Chelsea,chelsea,Forward,,,Pedro Neto,https://www.transfermarkt.co.uk/pedro-neto/profil/spieler/487465,,0.91,exact_name,True,
portugal_rafael_leao,team_portugal,Portugal,Rafael Leão,rafael leao,AC Milan,ac milan,Forward,,,Rafael Leão,https://www.transfermarkt.co.uk/rafael-leao/profil/spieler/357164,,0.91,exact_name,True,
portugal_raphael_guerreiro,team_portugal,Portugal,Raphaël Guerreiro,raphael guerreiro,Bayern Múnich,bayern munich,Defender,,,Raphaël Guerreiro,https://www.transfermarkt.co.uk/raphael-guerreiro/profil/spieler/170986,,0.95,exact_name,False,
portugal_rui_silva,team_portugal,Portugal,Rui Silva,rui silva,Sporting Lisbon,sporting lisbon,Goalkeeper,,,Rui Silva,https://www.transfermarkt.co.uk/rui-silva/profil/spieler/234811,,0.91,exact_name,True,
portugal_ruben_dias,team_portugal,Portugal,Rúben Dias,ruben dias,Manchester City,manchester city,Defender,,,Rúben Dias,https://www.transfermarkt.co.uk/ruben-dias/profil/spieler/258004,,0.91,exact_name,True,
portugal_ruben_neves,team_portugal,Portugal,Rúben Neves,ruben neves,Al Hilal,al hilal,Midfielder,,,Rúben Neves,https://www.transfermarkt.co.uk/ruben-neves/profil/spieler/225161,,0.91,exact_name,True,
portugal_tiago_djalo,team_portugal,Portugal,Tiago Djaló,tiago djalo,FC Porto,fc porto,Defender,,,Tiago Djaló,https://www.transfermarkt.co.uk/tiago-djalo/profil/spieler/420465,,0.91,exact_name,True,
portugal_vitinha,team_portugal,Portugal,Vitinha,vitinha,PSG,psg,Midfielder,,,Vitinha,https://www.transfermarkt.co.uk/vitinha/profil/spieler/487469,,0.91,exact_name,True,
qatar_abdulaziz_hatem,team_qatar,Qatar,Abdulaziz Hatem,abdulaziz hatem,Al Rayyan,al rayyan,Midfielder,,,Abdulaziz Hatim,https://www.transfermarkt.co.uk/abdulaziz-hatim/profil/spieler/113915,,0.858,near_name,True,
qatar_abdullah_al_ahrak,team_qatar,Qatar,Abdullah Al-Ahrak,abdullah al ahrak,Qatar SC,qatar sc,Midfielder,,,Abdullah Al-Ahrak,https://www.transfermarkt.co.uk/abdullah-al-ahrak/profil/spieler/375744,,0.91,exact_name,True,
qatar_ahmed_al_rawi,team_qatar,Qatar,Ahmed Al-Rawi,ahmed al rawi,Al-Rayyan SC,al rayyan sc,Forward,,,Ahmed Al-Rawi,https://www.transfermarkt.co.uk/ahmed-al-rawi/profil/spieler/933815,,0.91,exact_name,True,
qatar_ahmed_alaaeldin,team_qatar,Qatar,Ahmed Alaaeldin,ahmed alaaeldin,Al-Gharafa SC,al gharafa sc,Forward,,,Ahmed Alaaeldin,https://www.transfermarkt.co.uk/ahmed-alaaeldin/profil/spieler/187987,,0.91,exact_name,True,
qatar_ahmed_fathy,team_qatar,Qatar,Ahmed Fathy,ahmed fathy,Al-Arabi SC,al arabi sc,Midfielder,,,,,,0.0,unmatched,True,
qatar_akram_afif,team_qatar,Qatar,Akram Afif,akram afif,Al Sadd,al sadd,Forward,,,Akram Afif,https://www.transfermarkt.co.uk/akram-afif/profil/spieler/336646,,0.91,exact_name,True,
qatar_ali_assadalla,team_qatar,Qatar,Ali Assadalla,ali assadalla,Al-Sadd SC,al sadd sc,Midfielder,,,,,,0.0,unmatched,True,
qatar_almahdi_ali_mukhtar,team_qatar,Qatar,Almahdi Ali Mukhtar,almahdi ali mukhtar,Al-Wakrah SC,al wakrah sc,Defender,,,,,,0.0,unmatched,True,
qatar_almoez_ali,team_qatar,Qatar,Almoez Ali,almoez ali,Al Duhail,al duhail,Forward,,,Almoez Ali,https://www.transfermarkt.co.uk/almoez-ali/profil/spieler/345095,,0.91,exact_name,True,
qatar_bassam_al_rawi,team_qatar,Qatar,Bassam Al-Rawi,bassam al rawi,Al-Rayyan SC,al rayyan sc,Defender,,,Bassam Al-Rawi,https://www.transfermarkt.co.uk/bassam-al-rawi/profil/spieler/376232,,0.91,exact_name,True,
qatar_boualem_khoukhi,team_qatar,Qatar,Boualem Khoukhi,boualem khoukhi,Al-Sadd SC,al sadd sc,Defender,,,Boualem Khoukhi,https://www.transfermarkt.co.uk/boualem-khoukhi/profil/spieler/222669,,0.91,exact_name,True,
qatar_homam_ahmed,team_qatar,Qatar,Homam Ahmed,homam ahmed,Al-Gharafa SC,al gharafa sc,Defender,,,,,,0.0,unmatched,True,
qatar_ismaeel_mohammad,team_qatar,Qatar,Ismaeel Mohammad,ismaeel mohammad,Al-Duhail SC,al duhail sc,Forward,,,,,,0.0,unmatched,True,
qatar_jassem_gaber,team_qatar,Qatar,Jassem Gaber,jassem gaber,Al-Arabi SC,al arabi sc,Midfielder,,,Jassem Gaber,https://www.transfermarkt.co.uk/jassem-gaber/profil/spieler/735813,,0.91,exact_name,True,
qatar_khalid_muneer,team_qatar,Qatar,Khalid Muneer,khalid muneer,Al-Wakrah SC,al wakrah sc,Forward,,,,,,0.0,unmatched,True,
qatar_lucas_mendes,team_qatar,Qatar,Lucas Mendes,lucas mendes,Al Wakrah,al wakrah,Defender,,,Lucas Mendes,https://www.transfermarkt.co.uk/lucas-mendes/profil/spieler/83983,,0.91,exact_name,True,
qatar_meshaal_barsham,team_qatar,Qatar,Meshaal Barsham,meshaal barsham,Al Sadd,al sadd,Goalkeeper,,,Meshaal Barsham,https://www.transfermarkt.co.uk/meshaal-barsham/profil/spieler/560423,,0.91,exact_name,True,
qatar_mohammed_waad,team_qatar,Qatar,Mohammed Waad,mohammed waad,Al-Sadd SC,al sadd sc,Midfielder,,,Mohammed Waad,https://www.transfermarkt.co.uk/mohammed-waad/profil/spieler/481935,,0.86,exact_name,True,
qatar_mostafa_meshaal,team_qatar,Qatar,Mostafa Meshaal,mostafa meshaal,Al-Sadd SC,al sadd sc,Midfielder,,,,,,0.0,unmatched,True,
qatar_pedro_miguel_ro_ro,team_qatar,Qatar,"Pedro Miguel ""Ró-Ró""",pedro miguel ro ro,Al-Sadd SC,al sadd sc,Defender,,,,,,0.0,unmatched,True,
qatar_saad_al_sheeb,team_qatar,Qatar,Saad Al-Sheeb,saad al sheeb,Al-Sadd SC,al sadd sc,Goalkeeper,,,,,,0.0,unmatched,True,
qatar_salah_zakaria,team_qatar,Qatar,Salah Zakaria,salah zakaria,Al Duhail,al duhail,Goalkeeper,,,Salah Zakaria,https://www.transfermarkt.co.uk/salah-zakaria/profil/spieler/632912,,0.91,exact_name,True,
qatar_sultan_al_brake,team_qatar,Qatar,Sultan Al Brake,sultan al brake,Al Duhail,al duhail,Defender,,,Sultan Al-Brake,https://www.transfermarkt.co.uk/sultan-al-brake/profil/spieler/336665,,0.91,exact_name,True,
qatar_tameem_al_abdullah,team_qatar,Qatar,Tameem Al-Abdullah,tameem al abdullah,Al-Rayyan SC,al rayyan sc,Forward,,,,,,0.0,unmatched,True,
qatar_tarek_salman,team_qatar,Qatar,Tarek Salman,tarek salman,Al-Sadd SC,al sadd sc,Defender,,,Tarek Salman,https://www.transfermarkt.co.uk/tarek-salman/profil/spieler/311730,,0.91,exact_name,True,
qatar_yusuf_abdurisag,team_qatar,Qatar,Yusuf Abdurisag,yusuf abdurisag,Al Wakrah,al wakrah,Forward,,,Yusuf Abdurisag,https://www.transfermarkt.co.uk/yusuf-abdurisag/profil/spieler/589099,,0.91,exact_name,True,
saudi_arabia_abdulellah_al_malki,team_saudi_arabia,Saudi Arabia,Abdulellah Al-Malki,abdulellah al malki,Al-Ettifaq,al ettifaq,Midfielder,,,Abdulelah Al-Malki,https://www.transfermarkt.co.uk/abdulelah-al-malki/profil/spieler/390855,,0.8889,near_name,True,
saudi_arabia_abdullah_al_khaibari,team_saudi_arabia,Saudi Arabia,Abdullah Al Khaibari,abdullah al khaibari,Al-Nassr,al nassr,Midfielder,,,Abdullah Al-Khaibari,https://www.transfermarkt.co.uk/abdullah-al-khaibari/profil/spieler/437903,,0.91,exact_name,True,
saudi_arabia_abdullah_radif,team_saudi_arabia,Saudi Arabia,Abdullah Radif,abdullah radif,Al-Ettifaq,al ettifaq,Forward,,,Abdullah Radif,https://www.transfermarkt.co.uk/abdullah-radif/profil/spieler/888633,,0.91,exact_name,True,
saudi_arabia_abdulrahman_ghareeb,team_saudi_arabia,Saudi Arabia,Abdulrahman Ghareeb,abdulrahman ghareeb,Al-Nassr,al nassr,Forward,,,Abdulrahman Ghareeb,https://www.transfermarkt.co.uk/abdulrahman-ghareeb/profil/spieler/164593,,0.91,exact_name,True,
saudi_arabia_ahmed_al_kassar,team_saudi_arabia,Saudi Arabia,Ahmed Al-Kassar,ahmed al kassar,Al-Qadsiah,al qadsiah,Goalkeeper,,,Ahmed Al-Kassar,https://www.transfermarkt.co.uk/ahmed-al-kassar/profil/spieler/177956,,0.91,exact_name,True,
saudi_arabia_ali_al_bulaihi,team_saudi_arabia,Saudi Arabia,Ali Al-Bulaihi,ali al bulaihi,Al-Hilal,al hilal,Defender,,,Ali Al-Bulayhi,https://www.transfermarkt.co.uk/ali-al-bulayhi/profil/spieler/229877,,0.8543,near_name,True,
saudi_arabia_ali_lajami,team_saudi_arabia,Saudi Arabia,Ali Lajami,ali lajami,Al-Hilal,al hilal,Defender,,,Ali Lajami,https://www.transfermarkt.co.uk/ali-lajami/profil/spieler/264909,,0.91,exact_name,True,
saudi_arabia_ayman_yahya,team_saudi_arabia,Saudi Arabia,Ayman Yahya,ayman yahya,Al-Nassr,al nassr,Forward,,,Ayman Yahya,https://www.transfermarkt.co.uk/ayman-yahya/profil/spieler/735815,,0.86,exact_name,True,
saudi_arabia_faisal_al_ghamdi,team_saudi_arabia,Saudi Arabia,Faisal Al-Ghamdi,faisal al ghamdi,Beerschot VA,beerschot va,Midfielder,,,Faisal Al-Ghamdi,https://www.transfermarkt.co.uk/faisal-al-ghamdi/profil/spieler/901082,,0.91,exact_name,True,
saudi_arabia_firas_al_buraikan,team_saudi_arabia,Saudi Arabia,Firas Al-Buraikan,firas al buraikan,Al-Ahli,al ahli,Forward,,,Firas Al-Buraikan,https://www.transfermarkt.co.uk/firas-al-buraikan/profil/spieler/631922,,0.91,exact_name,True,
saudi_arabia_hassan_al_tambakti,team_saudi_arabia,Saudi Arabia,Hassan Al-Tambakti,hassan al tambakti,Al-Hilal,al hilal,Defender,,,,,,0.0,unmatched,True,
saudi_arabia_hassan_kadesh,team_saudi_arabia,Saudi Arabia,Hassan Kadesh,hassan kadesh,Al-Ittihad,al ittihad,Defender,,,Hassan Kadesh,https://www.transfermarkt.co.uk/hassan-kadesh/profil/spieler/260859,,0.91,exact_name,True,
saudi_arabia_marwan_al_sahafi,team_saudi_arabia,Saudi Arabia,Marwan Al-Sahafi,marwan al sahafi,Beerschot VA,beerschot va,Forward,,,Marwan Al-Sahafi,https://www.transfermarkt.co.uk/marwan-al-sahafi/profil/spieler/1057857,,0.91,exact_name,True,
saudi_arabia_mohamed_kanno,team_saudi_arabia,Saudi Arabia,Mohamed Kanno,mohamed kanno,Al-Hilal,al hilal,Midfielder,,,Mohamed Kanno,https://www.transfermarkt.co.uk/mohamed-kanno/profil/spieler/308120,,0.91,exact_name,True,
saudi_arabia_mohammed_al_owais,team_saudi_arabia,Saudi Arabia,Mohammed Al-Owais,mohammed al owais,Al-Hilal,al hilal,Goalkeeper,,,Mohammed Al-Owais,https://www.transfermarkt.co.uk/mohammed-al-owais/profil/spieler/262845,,0.91,exact_name,True,
saudi_arabia_mukhtar_ali,team_saudi_arabia,Saudi Arabia,Mukhtar Ali,mukhtar ali,Al-Nassr,al nassr,Midfielder,,,Mukhtar Ali,https://www.transfermarkt.co.uk/mukhtar-ali/profil/spieler/258911,,0.91,exact_name,True,
saudi_arabia_musab_al_juwayr,team_saudi_arabia,Saudi Arabia,Musab Al Juwayr,musab al juwayr,Al-Qadsiah,al qadsiah,Midfielder,,,Musab Al-Juwayr,https://www.transfermarkt.co.uk/musab-al-juwayr/profil/spieler/901181,,0.91,exact_name,True,
saudi_arabia_nasser_al_dawsari,team_saudi_arabia,Saudi Arabia,Nasser Al Dawsari,nasser al dawsari,Al-Hilal,al hilal,Midfielder,,,Nasser Al-Dawsari,https://www.transfermarkt.co.uk/nasser-al-dawsari/profil/spieler/509911,,0.91,exact_name,True,
saudi_arabia_raghed_al_najjar,team_saudi_arabia,Saudi Arabia,Raghed Al-Najjar,raghed al najjar,Al-Nassr,al nassr,Goalkeeper,,,Raghed Al-Najjar,https://www.transfermarkt.co.uk/raghed-al-najjar/profil/spieler/447495,,0.91,exact_name,True,
saudi_arabia_rayan_hamid,team_saudi_arabia,Saudi Arabia,Rayan Hamid,rayan hamid,Al-Ahli,al ahli,Defender,,,,,,0.0,unmatched,True,
saudi_arabia_saleh_al_shehri,team_saudi_arabia,Saudi Arabia,Saleh Al Shehri,saleh al shehri,Al-Ittihad,al ittihad,Forward,,,Saleh Al-Shehri,https://www.transfermarkt.co.uk/saleh-al-shehri/profil/spieler/242267,,0.91,exact_name,True,
saudi_arabia_salem_al_dawsari,team_saudi_arabia,Saudi Arabia,Salem Al Dawsari,salem al dawsari,Al-Hilal,al hilal,Forward,,,Salem Al-Dawsari,https://www.transfermarkt.co.uk/salem-al-dawsari/profil/spieler/195332,,0.91,exact_name,True,
saudi_arabia_sami_al_najei,team_saudi_arabia,Saudi Arabia,Sami Al-Najei,sami al najei,Al-Nassr,al nassr,Midfielder,,,Sami Al-Najei,https://www.transfermarkt.co.uk/sami-al-najei/profil/spieler/434672,,0.86,exact_name,True,
saudi_arabia_saud_abdulhamid,team_saudi_arabia,Saudi Arabia,Saud Abdulhamid,saud abdulhamid,Lens,lens,Defender,,,Saud Abdulhamid,https://www.transfermarkt.co.uk/saud-abdulhamid/profil/spieler/631927,,0.91,exact_name,True,
saudi_arabia_sultan_al_ghannam,team_saudi_arabia,Saudi Arabia,Sultan Al-Ghannam,sultan al ghannam,Al-Nassr,al nassr,Defender,,,Sultan Al-Ghannam,https://www.transfermarkt.co.uk/sultan-al-ghannam/profil/spieler/435045,,0.91,exact_name,True,
saudi_arabia_yasser_al_shahrani,team_saudi_arabia,Saudi Arabia,Yasser Al-Shahrani,yasser al shahrani,Al-Hilal,al hilal,Defender,,,Yasser Al-Shahrani,https://www.transfermarkt.co.uk/yasser-al-shahrani/profil/spieler/171915,,0.91,exact_name,True,
scotland_aaron_hickey,team_scotland,Scotland,Aaron Hickey,aaron hickey,Brentford,brentford,Defender,,,Aaron Hickey,https://www.transfermarkt.co.uk/aaron-hickey/profil/spieler/591949,,0.91,exact_name,True,
scotland_andy_robertson,team_scotland,Scotland,Andy Robertson,andy robertson,Liverpool,liverpool,Defender,,,,,,0.0,unmatched,True,
scotland_angus_gunn,team_scotland,Scotland,Angus Gunn,angus gunn,Nottingham Forest,nottingham forest,Goalkeeper,,,Angus Gunn,https://www.transfermarkt.co.uk/angus-gunn/profil/spieler/201574,,0.91,exact_name,True,
scotland_anthony_ralston,team_scotland,Scotland,Anthony Ralston,anthony ralston,Celtic,celtic,Defender,,,Anthony Ralston,https://www.transfermarkt.co.uk/anthony-ralston/profil/spieler/388171,,0.91,exact_name,True,
scotland_ben_gannon_doak,team_scotland,Scotland,Ben Gannon-Doak,ben gannon doak,Bournemouth,bournemouth,Midfielder,,,Ben Gannon-Doak,https://www.transfermarkt.co.uk/ben-gannon-doak/profil/spieler/719673,,0.86,exact_name,True,
scotland_billy_gilmour,team_scotland,Scotland,Billy Gilmour,billy gilmour,Napoli,napoli,Midfielder,,,Billy Gilmour,https://www.transfermarkt.co.uk/billy-gilmour/profil/spieler/423744,,0.91,exact_name,True,
scotland_che_adams,team_scotland,Scotland,Ché Adams,che adams,Torino,torino,Forward,,,Ché Adams,https://www.transfermarkt.co.uk/che-adams/profil/spieler/346779,,0.91,exact_name,True,
scotland_craig_gordon,team_scotland,Scotland,Craig Gordon,craig gordon,Hearts,hearts,Goalkeeper,,,Craig Gordon,https://www.transfermarkt.co.uk/craig-gordon/profil/spieler/12589,,0.91,exact_name,True,
scotland_dom_hyam,team_scotland,Scotland,Dom Hyam,dom hyam,Wrexham,wrexham,Defender,,,,,,0.0,unmatched,True,
scotland_findlay_curtis,team_scotland,Scotland,Findlay Curtis,findlay curtis,Kilmarnock,kilmarnock,Midfielder,,,Findlay Curtis,https://www.transfermarkt.co.uk/findlay-curtis/profil/spieler/1082993,,0.86,exact_name,True,
scotland_george_hirst,team_scotland,Scotland,George Hirst,george hirst,Ipswich,ipswich,Forward,,,George Hirst,https://www.transfermarkt.co.uk/george-hirst/profil/spieler/420808,,0.91,exact_name,True,
scotland_grant_hanley,team_scotland,Scotland,Grant Hanley,grant hanley,Hibernian,hibernian,Defender,,,Grant Hanley,https://www.transfermarkt.co.uk/grant-hanley/profil/spieler/121385,,0.91,exact_name,True,
scotland_jack_hendry,team_scotland,Scotland,Jack Hendry,jack hendry,Al Etiffaq,al etiffaq,Defender,,,Jack Hendry,https://www.transfermarkt.co.uk/jack-hendry/profil/spieler/363223,,0.91,exact_name,True,
scotland_john_mcginn,team_scotland,Scotland,John McGinn,john mcginn,Aston Villa,aston villa,Midfielder,,,John McGinn,https://www.transfermarkt.co.uk/john-mcginn/profil/spieler/193116,,0.91,exact_name,True,
scotland_john_souttar,team_scotland,Scotland,John Souttar,john souttar,Rangers,rangers,Defender,,,John Souttar,https://www.transfermarkt.co.uk/john-souttar/profil/spieler/235767,,0.91,exact_name,True,
scotland_kenny_mclean,team_scotland,Scotland,Kenny McLean,kenny mclean,Norwich,norwich,Midfielder,,,Kenny McLean,https://www.transfermarkt.co.uk/kenny-mclean/profil/spieler/126600,,0.91,exact_name,True,
scotland_kieran_tierney,team_scotland,Scotland,Kieran Tierney,kieran tierney,Celtic,celtic,Defender,,,Kieran Tierney,https://www.transfermarkt.co.uk/kieran-tierney/profil/spieler/300716,,0.91,exact_name,True,
scotland_lawrence_shankland,team_scotland,Scotland,Lawrence Shankland,lawrence shankland,Hearts,hearts,Forward,,,Lawrence Shankland,https://www.transfermarkt.co.uk/lawrence-shankland/profil/spieler/225744,,0.91,exact_name,True,
scotland_lewis_ferguson,team_scotland,Scotland,Lewis Ferguson,lewis ferguson,Bologna,bologna,Midfielder,,,Lewis Ferguson,https://www.transfermarkt.co.uk/lewis-ferguson/profil/spieler/428563,,0.91,exact_name,True,
scotland_liam_kelly,team_scotland,Scotland,Liam Kelly,liam kelly,Rangers,rangers,Goalkeeper,,,Liam Kelly,https://www.transfermarkt.co.uk/liam-kelly/profil/spieler/208772,,0.91,exact_name,True,
scotland_lyndon_dykes,team_scotland,Scotland,Lyndon Dykes,lyndon dykes,Charlton Athletic,charlton athletic,Forward,,,Lyndon Dykes,https://www.transfermarkt.co.uk/lyndon-dykes/profil/spieler/347138,,0.91,exact_name,True,
scotland_nathan_patterson,team_scotland,Scotland,Nathan Patterson,nathan patterson,Everton,everton,Defender,,,Nathan Patterson,https://www.transfermarkt.co.uk/nathan-patterson/profil/spieler/424015,,0.91,exact_name,True,
scotland_ross_stewart,team_scotland,Scotland,Ross Stewart,ross stewart,Southampton,southampton,Forward,,,Ross Stewart,https://www.transfermarkt.co.uk/ross-stewart/profil/spieler/447995,,0.99,exact_name,False,
scotland_ryan_christie,team_scotland,Scotland,Ryan Christie,ryan christie,Bournemouth,bournemouth,Midfielder,,,Ryan Christie,https://www.transfermarkt.co.uk/ryan-christie/profil/spieler/188077,,0.91,exact_name,True,
scotland_scott_mckenna,team_scotland,Scotland,Scott McKenna,scott mckenna,Dinamo Zagreb,dinamo zagreb,Defender,,,Scott McKenna,https://www.transfermarkt.co.uk/scott-mckenna/profil/spieler/255906,,0.95,exact_name,False,
scotland_scott_mctominay,team_scotland,Scotland,Scott McTominay,scott mctominay,Napoli,napoli,Midfielder,,,Scott McTominay,https://www.transfermarkt.co.uk/scott-mctominay/profil/spieler/315969,,0.91,exact_name,True,
senegal_abdallah_sima,team_senegal,Senegal,Abdallah Sima,abdallah sima,Stade Brestois,stade brestois,Forward,,,Abdallah Sima,https://www.transfermarkt.co.uk/abdallah-sima/profil/spieler/776798,,0.91,exact_name,True,
senegal_abdou_diallo,team_senegal,Senegal,Abdou Diallo,abdou diallo,Al-Arabi SC,al arabi sc,Defender,,,Abdou Diallo,https://www.transfermarkt.co.uk/abdou-diallo/profil/spieler/229005,,0.91,exact_name,True,
senegal_abdoulaye_seck,team_senegal,Senegal,Abdoulaye Seck,abdoulaye seck,Maccabi Haifa,maccabi haifa,Defender,,,Abdoulaye Seck,https://www.transfermarkt.co.uk/abdoulaye-seck/profil/spieler/265383,,0.91,exact_name,True,
senegal_arouna_sangante,team_senegal,Senegal,Arouna Sangante,arouna sangante,Le Havre AC,le havre ac,Defender,,,Arouna Sangante,https://www.transfermarkt.co.uk/arouna-sangante/profil/spieler/768380,,0.91,exact_name,True,
senegal_boulaye_dia,team_senegal,Senegal,Boulaye Dia,boulaye dia,SS Lazio,ss lazio,Forward,,,Boulaye Dia,https://www.transfermarkt.co.uk/boulaye-dia/profil/spieler/626913,,0.91,exact_name,True,
senegal_cheikhou_kouyate,team_senegal,Senegal,Cheikhou Kouyaté,cheikhou kouyate,Nottingham Forest,nottingham forest,Midfielder,,,Cheikhou Kouyaté,https://www.transfermarkt.co.uk/cheikhou-kouyate/profil/spieler/66934,,0.91,exact_name,True,
senegal_dion_lopy,team_senegal,Senegal,Dion Lopy,dion lopy,UD Almería,ud almeria,Midfielder,,,Dion Lopy,https://www.transfermarkt.co.uk/dion-lopy/profil/spieler/649033,,1.0,exact_name_club,False,
senegal_fode_ballo_toure,team_senegal,Senegal,Fodé Ballo-Touré,fode ballo toure,AC Milan,ac milan,Defender,,,Fodé Ballo-Touré,https://www.transfermarkt.co.uk/fode-ballo-toure/profil/spieler/296422,,0.91,exact_name,True,
senegal_formose_mendy,team_senegal,Senegal,Formose Mendy,formose mendy,FC Lorient,fc lorient,Defender,,,Formose Mendy,https://www.transfermarkt.co.uk/formose-mendy/profil/spieler/649023,,0.91,exact_name,True,
senegal_habib_diallo,team_senegal,Senegal,Habib Diallo,habib diallo,Al-Shabab,al shabab,Forward,,,Habib Diallo,https://www.transfermarkt.co.uk/habib-diallo/profil/spieler/344888,,0.91,exact_name,True,
senegal_habib_diarra,team_senegal,Senegal,Habib Diarra,habib diarra,Sunderland,sunderland,Midfielder,,,Habib Diarra,https://www.transfermarkt.co.uk/habib-diarra/profil/spieler/876631,,0.91,exact_name,True,
senegal_idrissa_gana_gueye,team_senegal,Senegal,Idrissa Gana Gueye,idrissa gana gueye,Everton,everton,Midfielder,,,,,,0.0,unmatched,True,
senegal_iliman_ndiaye,team_senegal,Senegal,Iliman Ndiaye,iliman ndiaye,Everton,everton,Forward,,,Iliman Ndiaye,https://www.transfermarkt.co.uk/iliman-ndiaye/profil/spieler/623570,,0.91,exact_name,True,
senegal_ismail_jakobs,team_senegal,Senegal,Ismail Jakobs,ismail jakobs,Galatasaray,galatasaray,Defender,,,Ismail Jakobs,https://www.transfermarkt.co.uk/ismail-jakobs/profil/spieler/375137,,0.91,exact_name,True,
senegal_ismaila_sarr,team_senegal,Senegal,Ismaïla Sarr,ismaila sarr,Crystal Palace,crystal palace,Forward,,,Ismaïla Sarr,https://www.transfermarkt.co.uk/ismaila-sarr/profil/spieler/410225,,0.91,exact_name,True,
senegal_kalidou_koulibaly,team_senegal,Senegal,Kalidou Koulibaly,kalidou koulibaly,Al Ahli,al ahli,Defender,,,Kalidou Koulibaly,https://www.transfermarkt.co.uk/kalidou-koulibaly/profil/spieler/93128,,0.91,exact_name,True,
senegal_lamine_camara,team_senegal,Senegal,Lamine Camara,lamine camara,Mónaco,monaco,Midfielder,,,Lamine Camara,https://www.transfermarkt.co.uk/lamine-camara/profil/spieler/918969,,0.91,exact_name,True,
senegal_mory_diaw,team_senegal,Senegal,Mory Diaw,mory diaw,Le Havre,le havre,Goalkeeper,,,Mory Diaw,https://www.transfermarkt.co.uk/mory-diaw/profil/spieler/164904,,0.91,exact_name,True,
senegal_moussa_niakhate,team_senegal,Senegal,Moussa Niakhaté,moussa niakhate,O. Lyon,o lyon,Defender,,,Moussa Niakhaté,https://www.transfermarkt.co.uk/moussa-niakhate/profil/spieler/291200,,0.91,exact_name,True,
senegal_nampalys_mendy,team_senegal,Senegal,Nampalys Mendy,nampalys mendy,RC Lens,rc lens,Midfielder,,,Nampalys Mendy,https://www.transfermarkt.co.uk/nampalys-mendy/profil/spieler/111051,,0.91,exact_name,True,
senegal_nicolas_jackson,team_senegal,Senegal,Nicolas Jackson,nicolas jackson,Bayern,bayern,Forward,,,Nicolas Jackson,https://www.transfermarkt.co.uk/nicolas-jackson/profil/spieler/776890,,0.91,exact_name,True,
senegal_pape_gueye,team_senegal,Senegal,Pape Gueye,pape gueye,Villarreal,villarreal,Midfielder,,,Pape Gueye,https://www.transfermarkt.co.uk/pape-gueye/profil/spieler/485963,,0.91,exact_name,True,
senegal_pape_matar_sarr,team_senegal,Senegal,Pape Matar Sarr,pape matar sarr,Tottenham,tottenham,Midfielder,,,Pape Matar Sarr,https://www.transfermarkt.co.uk/pape-matar-sarr/profil/spieler/568693,,0.91,exact_name,True,
senegal_sadio_mane,team_senegal,Senegal,Sadio Mané,sadio mane,Al Nassr,al nassr,Forward,,,Sadio Mané,https://www.transfermarkt.co.uk/sadio-mane/profil/spieler/200512,,0.91,exact_name,True,
senegal_seny_dieng,team_senegal,Senegal,Seny Dieng,seny dieng,Middlesbrough FC,middlesbrough fc,Goalkeeper,,,Seny Dieng,https://www.transfermarkt.co.uk/seny-dieng/profil/spieler/250870,,0.91,exact_name,True,
senegal_edouard_mendy,team_senegal,Senegal,Édouard Mendy,edouard mendy,Al Ahli,al ahli,Goalkeeper,,,Edouard Mendy,https://www.transfermarkt.co.uk/edouard-mendy/profil/spieler/442531,,0.91,exact_name,True,
south_africa_aubrey_modiba,team_south_africa,South Africa,Aubrey Modiba,aubrey modiba,Mamelodi Sundowns FC,mamelodi sundowns fc,Defender,,,Aubrey Modiba,https://www.transfermarkt.co.uk/aubrey-modiba/profil/spieler/353432,,0.91,exact_name,True,
south_africa_bathusi_aubaas,team_south_africa,South Africa,Bathusi Aubaas,bathusi aubaas,Mamelodi Sundowns,mamelodi sundowns,Midfielder,,,Bathusi Aubaas,https://www.transfermarkt.co.uk/bathusi-aubaas/profil/spieler/495271,,0.91,exact_name,True,
south_africa_bongokuhle_hlongwane,team_south_africa,South Africa,Bongokuhle Hlongwane,bongokuhle hlongwane,Minnesota United,minnesota united,Forward,,,Bongokuhle Hlongwane,https://www.transfermarkt.co.uk/bongokuhle-hlongwane/profil/spieler/669202,,0.99,exact_name,False,
south_africa_evidence_makgopa,team_south_africa,South Africa,Evidence Makgopa,evidence makgopa,Orlando Pirates FC,orlando pirates fc,Forward,,,Evidence Makgopa,https://www.transfermarkt.co.uk/evidence-makgopa/profil/spieler/746781,,0.91,exact_name,True,
south_africa_grant_kekana,team_south_africa,South Africa,Grant Kekana,grant kekana,Mamelodi Sundowns,mamelodi sundowns,Defender,,,Grant Kekana,https://www.transfermarkt.co.uk/grant-kekana/profil/spieler/43030,,0.91,exact_name,True,
south_africa_grant_margeman,team_south_africa,South Africa,Grant Margeman,grant margeman,SuperSport United,supersport united,Midfielder,,,,,,0.0,unmatched,True,
south_africa_iqraam_rayners,team_south_africa,South Africa,Iqraam Rayners,iqraam rayners,Mamelodi Sundowns FC,mamelodi sundowns fc,Forward,,,Iqraam Rayners,https://www.transfermarkt.co.uk/iqraam-rayners/profil/spieler/337884,,0.91,exact_name,True,
south_africa_jayden_adams,team_south_africa,South Africa,Jayden Adams,jayden adams,Mamelodi Sundowns FC,mamelodi sundowns fc,Midfielder,,,Jayden Adams,https://www.transfermarkt.co.uk/jayden-adams/profil/spieler/804472,,0.91,exact_name,True,
south_africa_khuliso_mudau,team_south_africa,South Africa,Khuliso Mudau,khuliso mudau,Mamelodi Sundowns FC,mamelodi sundowns fc,Defender,,,Khuliso Mudau,https://www.transfermarkt.co.uk/khuliso-mudau/profil/spieler/450806,,0.91,exact_name,True,
south_africa_luke_le_roux,team_south_africa,South Africa,Luke Le Roux,luke le roux,IFK Värnamo,ifk varnamo,Midfielder,,,Luke Le Roux,https://www.transfermarkt.co.uk/luke-le-roux/profil/spieler/467616,,0.91,exact_name,True,
south_africa_lyle_foster,team_south_africa,South Africa,Lyle Foster,lyle foster,Burnley FC,burnley fc,Forward,,,Lyle Foster,https://www.transfermarkt.co.uk/lyle-foster/profil/spieler/467623,,0.91,exact_name,True,
south_africa_mihlali_mayambela,team_south_africa,South Africa,Mihlali Mayambela,mihlali mayambela,Aris Limassol,aris limassol,Forward,,,,,,0.0,unmatched,True,
south_africa_mothobi_mvala,team_south_africa,South Africa,Mothobi Mvala,mothobi mvala,Mamelodi Sundowns,mamelodi sundowns,Defender,,,,,,0.0,unmatched,True,
south_africa_nkosinathi_sibisi,team_south_africa,South Africa,Nkosinathi Sibisi,nkosinathi sibisi,Orlando Pirates,orlando pirates,Defender,,,Nkosinathi Sibisi,https://www.transfermarkt.co.uk/nkosinathi-sibisi/profil/spieler/399068,,0.91,exact_name,True,
south_africa_oswin_appollis,team_south_africa,South Africa,Oswin Appollis,oswin appollis,Orlando Pirates FC,orlando pirates fc,Forward,,,Oswin Appollis,https://www.transfermarkt.co.uk/oswin-appollis/profil/spieler/673381,,0.91,exact_name,True,
south_africa_percy_tau,team_south_africa,South Africa,Percy Tau,percy tau,Al Ahly SC,al ahly sc,Forward,,,Percy Tau,https://www.transfermarkt.co.uk/percy-tau/profil/spieler/312239,,0.91,exact_name,True,
south_africa_ricardo_goss,team_south_africa,South Africa,Ricardo Goss,ricardo goss,Siwelele FC,siwelele fc,Goalkeeper,,,Ricardo Goss,https://www.transfermarkt.co.uk/ricardo-goss/profil/spieler/258304,,0.91,exact_name,True,
south_africa_ronwen_williams,team_south_africa,South Africa,Ronwen Williams,ronwen williams,Mamelodi Sundowns C,mamelodi sundowns c,Goalkeeper,,,Ronwen Williams,https://www.transfermarkt.co.uk/ronwen-williams/profil/spieler/175577,,0.91,exact_name,True,
south_africa_siyanda_xulu,team_south_africa,South Africa,Siyanda Xulu,siyanda xulu,SuperSport United,supersport united,Defender,,,Siyanda Xulu,https://www.transfermarkt.co.uk/siyanda-xulu/profil/spieler/129363,,0.91,exact_name,True,
south_africa_sphephelo_sithole,team_south_africa,South Africa,Sphephelo Sithole,sphephelo sithole,CD Tondela,cd tondela,Midfielder,,,,,,0.0,unmatched,True,
south_africa_teboho_mokoena,team_south_africa,South Africa,Teboho Mokoena,teboho mokoena,Mamelodi Sundowns FC,mamelodi sundowns fc,Midfielder,,,Teboho Mokoena,https://www.transfermarkt.co.uk/teboho-mokoena/profil/spieler/436372,,0.91,exact_name,True,
south_africa_terrence_mashego,team_south_africa,South Africa,Terrence Mashego,terrence mashego,Mamelodi Sundowns,mamelodi sundowns,Defender,,,Terrence Mashego,https://www.transfermarkt.co.uk/terrence-mashego/profil/spieler/538416,,0.91,exact_name,True,
south_africa_thapelo_maseko,team_south_africa,South Africa,Thapelo Maseko,thapelo maseko,AEL Limassol,ael limassol,Forward,,,,,,0.0,unmatched,True,
south_africa_thapelo_morena,team_south_africa,South Africa,Thapelo Morena,thapelo morena,Mamelodi Sundowns,mamelodi sundowns,Defender,,,Thapelo Morena,https://www.transfermarkt.co.uk/thapelo-morena/profil/spieler/297509,,0.91,exact_name,True,
south_africa_themba_zwane,team_south_africa,South Africa,Themba Zwane,themba zwane,Mamelodi Sundowns,mamelodi sundowns,Midfielder,,,,,,0.0,unmatched,True,
south_africa_veli_mothwa,team_south_africa,South Africa,Veli Mothwa,veli mothwa,AmaZulu FC,amazulu fc,Goalkeeper,,,,,,0.0,unmatched,True,
south_korea_bae_jun_ho,team_south_korea,South Korea,Bae Jun-Ho,bae jun ho,Stoke City,stoke city,Midfielder,,,Jun-ho Bae,https://www.transfermarkt.co.uk/jun-ho-bae/profil/spieler/912081,,1.0,exact_name_tokens,False,
south_korea_cho_gue_sung,team_south_korea,South Korea,Cho Gue-sung,cho gue sung,FC Midtjylland,fc midtjylland,Forward,,,Gue-sung Cho,https://www.transfermarkt.co.uk/gue-sung-cho/profil/spieler/652537,,0.91,exact_name_tokens,True,
south_korea_cho_yu_min,team_south_korea,South Korea,Cho Yu-min,cho yu min,Sharjah FC,sharjah fc,Defender,,,Yu-min Cho,https://www.transfermarkt.co.uk/yu-min-cho/profil/spieler/561212,,0.91,exact_name_tokens,True,
south_korea_hong_hyun_seok,team_south_korea,South Korea,Hong Hyun-seok,hong hyun seok,1. FSV Mainz 05,1 fsv mainz 05,Midfielder,,,Hyun-seok Hong,https://www.transfermarkt.co.uk/hyun-seok-hong/profil/spieler/562948,,0.86,exact_name_tokens,True,
south_korea_hwang_hee_chan,team_south_korea,South Korea,Hwang Hee-chan,hwang hee chan,Wolverhampton Wanderers,wolverhampton wanderers,Forward,,,Hee-chan Hwang,https://www.transfermarkt.co.uk/hee-chan-hwang/profil/spieler/292246,,0.95,exact_name_tokens,False,
south_korea_hwang_in_beom,team_south_korea,South Korea,Hwang In-Beom,hwang in beom,Feyenoord,feyenoord,Midfielder,,,In-beom Hwang,https://www.transfermarkt.co.uk/in-beom-hwang/profil/spieler/365394,,0.91,exact_name_tokens,True,
south_korea_hwang_jae_won,team_south_korea,South Korea,Hwang Jae-won,hwang jae won,Daegu FC,daegu fc,Defender,,,Jae-won Hwang,https://www.transfermarkt.co.uk/jae-won-hwang/profil/spieler/970944,,1.0,exact_name_tokens,False,
south_korea_jeong_woo_yeong,team_south_korea,South Korea,Jeong Woo-yeong,jeong woo yeong,1. FC Union Berlin,1 fc union berlin,Midfielder,,,Woo-yeong Jeong,https://www.transfermarkt.co.uk/woo-yeong-jeong/profil/spieler/297583,,0.9,exact_name_tokens,True,
south_korea_jo_hyeon_woo,team_south_korea,South Korea,Jo Hyeon-woo,jo hyeon woo,Ulsan HD,ulsan hd,Goalkeeper,,,Hyeon-woo Jo,https://www.transfermarkt.co.uk/hyeon-woo-jo/profil/spieler/260171,,0.91,exact_name_tokens,True,
south_korea_joo_min_kyu,team_south_korea,South Korea,Joo Min-kyu,joo min kyu,Ulsan HD,ulsan hd,Forward,,,Min-kyu Joo,https://www.transfermarkt.co.uk/min-kyu-joo/profil/spieler/264082,,0.91,exact_name_tokens,True,
south_korea_jung_seung_hyun,team_south_korea,South Korea,Jung Seung-hyun,jung seung hyun,Al-Wasl,al wasl,Defender,,,Seung-hyun Jung,https://www.transfermarkt.co.uk/seung-hyun-jung/profil/spieler/379438,,0.91,exact_name_tokens,True,
south_korea_kim_jin_su,team_south_korea,South Korea,Kim Jin-su,kim jin su,Jeonbuk Hyundai Motors,jeonbuk hyundai motors,Defender,,,Jin-su Kim,https://www.transfermarkt.co.uk/jin-su-kim/profil/spieler/132529,,0.91,exact_name_tokens,True,
south_korea_kim_min_jae,team_south_korea,South Korea,Kim Min-Jae,kim min jae,Bayern Munich,bayern munich,Defender,,,Min-jae Kim,https://www.transfermarkt.co.uk/min-jae-kim/profil/spieler/503482,,0.95,exact_name_tokens,False,
south_korea_kim_moon_hwan,team_south_korea,South Korea,Kim Moon-Hwan,kim moon hwan,Daejeon Hana,daejeon hana,Defender,,,Moon-hwan Kim,https://www.transfermarkt.co.uk/moon-hwan-kim/profil/spieler/524592,,0.91,exact_name_tokens,True,
south_korea_kim_seung_gyu,team_south_korea,South Korea,Kim Seung-Gyu,kim seung gyu,FC Tokyo,fc tokyo,Goalkeeper,,,Seung-gyu Kim,https://www.transfermarkt.co.uk/seung-gyu-kim/profil/spieler/92076,,0.91,exact_name_tokens,True,
south_korea_kim_young_gwon,team_south_korea,South Korea,Kim Young-gwon,kim young gwon,Ulsan HD,ulsan hd,Defender,,,Young-gwon Kim,https://www.transfermarkt.co.uk/young-gwon-kim/profil/spieler/126640,,0.91,exact_name_tokens,True,
south_korea_lee_jae_sung,team_south_korea,South Korea,Lee Jae-Sung,lee jae sung,Mainz,mainz,Midfielder,,,Jae-sung Lee,https://www.transfermarkt.co.uk/jae-sung-lee/profil/spieler/314398,,0.86,exact_name_tokens,True,
south_korea_lee_kang_in,team_south_korea,South Korea,Lee Kang-In,lee kang in,Paris Saint-Germain,paris saint germain,Midfielder,,,Kang-in Lee,https://www.transfermarkt.co.uk/kang-in-lee/profil/spieler/557149,,0.86,exact_name_tokens,True,
south_korea_lee_myung_jae,team_south_korea,South Korea,Lee Myung-jae,lee myung jae,Ulsan HD,ulsan hd,Defender,,,Myung-jae Lee,https://www.transfermarkt.co.uk/myung-jae-lee/profil/spieler/314773,,0.91,exact_name_tokens,True,
south_korea_oh_hyeon_gyu,team_south_korea,South Korea,Oh Hyeon-gyu,oh hyeon gyu,KRC Genk,krc genk,Forward,,,Hyeon-gyu Oh,https://www.transfermarkt.co.uk/hyeon-gyu-oh/profil/spieler/639246,,0.91,exact_name_tokens,True,
south_korea_paik_seung_ho,team_south_korea,South Korea,Paik Seung-Ho,paik seung ho,Birmingham City,birmingham city,Midfielder,,,Seung-ho Paik,https://www.transfermarkt.co.uk/seung-ho-paik/profil/spieler/282689,,0.91,exact_name_tokens,True,
south_korea_park_yong_woo,team_south_korea,South Korea,Park Yong-woo,park yong woo,Al-Ain,al ain,Midfielder,,,Yong-woo Park,https://www.transfermarkt.co.uk/yong-woo-park/profil/spieler/374076,,0.91,exact_name_tokens,True,
south_korea_seol_young_woo,team_south_korea,South Korea,Seol Young-Woo,seol young woo,Red Star Belgrade,red star belgrade,Defender,,,Young-woo Seol,https://www.transfermarkt.co.uk/young-woo-seol/profil/spieler/639414,,0.91,exact_name_tokens,True,
south_korea_son_heung_min,team_south_korea,South Korea,Son Heung-Min,son heung min,LAFC,lafc,Forward,,,Heung-min Son,https://www.transfermarkt.co.uk/heung-min-son/profil/spieler/91845,,0.91,exact_name_tokens,True,
south_korea_song_bum_keun,team_south_korea,South Korea,Song Bum-Keun,song bum keun,Jeonbuk Hyundai,jeonbuk hyundai,Goalkeeper,,,Bum-keun Song,https://www.transfermarkt.co.uk/bum-keun-song/profil/spieler/508237,,0.95,exact_name_tokens,False,
south_korea_yang_min_hyeok,team_south_korea,South Korea,Yang Min-hyeok,yang min hyeok,Tottenham Hotspur,tottenham hotspur,Forward,,,Min-hyeok Yang,https://www.transfermarkt.co.uk/min-hyeok-yang/profil/spieler/1004327,,0.91,exact_name_tokens,True,
spain_alejandro_grimaldo,team_spain,Spain,Alejandro Grimaldo,alejandro grimaldo,Bayer 04 Leverkusen,bayer 04 leverkusen,Defender,,,Alejandro Grimaldo,https://www.transfermarkt.co.uk/alejandro-grimaldo/profil/spieler/193082,,0.95,exact_name,False,
spain_aymeric_laporte,team_spain,Spain,Aymeric Laporte,aymeric laporte,Athletic Club,athletic club,Defender,,,Aymeric Laporte,https://www.transfermarkt.co.uk/aymeric-laporte/profil/spieler/176553,,0.95,exact_name,False,
spain_borja_iglesias,team_spain,Spain,Borja Iglesias,borja iglesias,Celta Vigo,celta vigo,Forward,,,Borja Iglesias,https://www.transfermarkt.co.uk/borja-iglesias/profil/spieler/278359,,0.91,exact_name,True,
spain_dani_olmo,team_spain,Spain,Dani Olmo,dani olmo,Barcelona,barcelona,Forward,,,Dani Olmo,https://www.transfermarkt.co.uk/dani-olmo/profil/spieler/293385,,0.91,exact_name,True,
spain_david_raya,team_spain,Spain,David Raya,david raya,Arsenal,arsenal,Goalkeeper,,,David Raya,https://www.transfermarkt.co.uk/david-raya/profil/spieler/262749,,0.91,exact_name,True,
spain_eric_garcia,team_spain,Spain,Eric García,eric garcia,Barcelona,barcelona,Defender,,,Eric García,https://www.transfermarkt.co.uk/eric-garcia/profil/spieler/466794,,0.91,exact_name,True,
spain_fabian_ruiz,team_spain,Spain,Fabián Ruiz,fabian ruiz,PSG,psg,Midfielder,,,Fabián Ruiz,https://www.transfermarkt.co.uk/fabian-ruiz/profil/spieler/350219,,0.91,exact_name,True,
spain_ferran_torres,team_spain,Spain,Ferran Torres,ferran torres,Barcelona,barcelona,Forward,,,Ferran Torres,https://www.transfermarkt.co.uk/ferran-torres/profil/spieler/398184,,0.91,exact_name,True,
spain_gavi,team_spain,Spain,Gavi,gavi,Barcelona,barcelona,Midfielder,,,Gavi,https://www.transfermarkt.co.uk/gavi/profil/spieler/646740,,0.91,exact_name,True,
spain_lamine_yamal,team_spain,Spain,Lamine Yamal,lamine yamal,Barcelona,barcelona,Forward,,,Lamine Yamal,https://www.transfermarkt.co.uk/lamine-yamal/profil/spieler/937958,,0.91,exact_name,True,
spain_marc_cucurella,team_spain,Spain,Marc Cucurella,marc cucurella,Chelsea,chelsea,Defender,,,Marc Cucurella,https://www.transfermarkt.co.uk/marc-cucurella/profil/spieler/284857,,0.91,exact_name,True,
spain_marc_pubill,team_spain,Spain,Marc Pubill,marc pubill,Atlético Madrid,atletico madrid,Defender,,,Marc Pubill,https://www.transfermarkt.co.uk/marc-pubill/profil/spieler/844637,,0.91,exact_name,True,
spain_marcos_llorente,team_spain,Spain,Marcos Llorente,marcos llorente,Atlético Madrid,atletico madrid,Defender,,,Marcos Llorente,https://www.transfermarkt.co.uk/marcos-llorente/profil/spieler/282411,,0.91,exact_name,True,
spain_martin_zubimendi,team_spain,Spain,Martín Zubimendi,martin zubimendi,Arsenal,arsenal,Midfielder,,,Martín Zubimendi,https://www.transfermarkt.co.uk/martin-zubimendi/profil/spieler/423440,,0.91,exact_name,True,
spain_mikel_merino,team_spain,Spain,Mikel Merino,mikel merino,Arsenal,arsenal,Midfielder,,,Mikel Merino,https://www.transfermarkt.co.uk/mikel-merino/profil/spieler/338424,,0.91,exact_name,True,
spain_mikel_oyarzabal,team_spain,Spain,Mikel Oyarzabal,mikel oyarzabal,Real Sociedad,real sociedad,Forward,,,Mikel Oyarzabal,https://www.transfermarkt.co.uk/mikel-oyarzabal/profil/spieler/351478,,0.91,exact_name,True,
spain_nico_williams,team_spain,Spain,Nico Williams,nico williams,Athletic Club,athletic club,Forward,,,Nico Williams,https://www.transfermarkt.co.uk/nico-williams/profil/spieler/709187,,0.95,exact_name,False,
spain_pau_cubarsi,team_spain,Spain,Pau Cubarsí,pau cubarsi,Barcelona,barcelona,Defender,,,Pau Cubarsí,https://www.transfermarkt.co.uk/pau-cubarsi/profil/spieler/962110,,0.91,exact_name,True,
spain_pedri,team_spain,Spain,Pedri,pedri,Barcelona,barcelona,Midfielder,,,Pedri,https://www.transfermarkt.co.uk/pedri/profil/spieler/683840,,0.91,exact_name,True,
spain_pedro_porro,team_spain,Spain,Pedro Porro,pedro porro,Tottenham Hotspur,tottenham hotspur,Defender,,,Pedro Porro,https://www.transfermarkt.co.uk/pedro-porro/profil/spieler/553875,,0.91,exact_name,True,
spain_rodri,team_spain,Spain,Rodri,rodri,Manchester City,manchester city,Midfielder,,,Rodri,https://www.transfermarkt.co.uk/rodri/profil/spieler/357565,,0.91,exact_name,True,
spain_unai_simon,team_spain,Spain,Unai Simón,unai simon,Athletic Club,athletic club,Goalkeeper,,,Unai Simón,https://www.transfermarkt.co.uk/unai-simon/profil/spieler/262396,,0.95,exact_name,False,
spain_victor_munoz,team_spain,Spain,Víctor Muñoz,victor munoz,Osasuna,osasuna,Forward,,,Víctor Muñoz,https://www.transfermarkt.co.uk/victor-munoz/profil/spieler/935231,,0.91,exact_name,True,
spain_yeremy_pino,team_spain,Spain,Yéremy Pino,yeremy pino,Crystal Palace,crystal palace,Forward,,,Yéremy Pino,https://www.transfermarkt.co.uk/yeremy-pino/profil/spieler/568157,,0.91,exact_name,True,
spain_alex_baena,team_spain,Spain,Álex Baena,alex baena,Atlético Madrid,atletico madrid,Midfielder,,,Álex Baena,https://www.transfermarkt.co.uk/alex-baena/profil/spieler/548111,,0.86,exact_name,True,
spain_alex_remiro,team_spain,Spain,Álex Remiro,alex remiro,Real Sociedad,real sociedad,Goalkeeper,,,Álex Remiro,https://www.transfermarkt.co.uk/alex-remiro/profil/spieler/212862,,0.91,exact_name,True,
sweden_alexander_bernhardsson,team_sweden,Sweden,Alexander Bernhardsson,alexander bernhardsson,Holstein Kiel,holstein kiel,Forward,,,Alexander Bernhardsson,https://www.transfermarkt.co.uk/alexander-bernhardsson/profil/spieler/633454,,1.0,exact_name_club,False,
sweden_alexander_isak,team_sweden,Sweden,Alexander Isak,alexander isak,Liverpool,liverpool,Forward,,,Alexander Isak,https://www.transfermarkt.co.uk/alexander-isak/profil/spieler/349066,,0.91,exact_name,True,
sweden_anthony_elanga,team_sweden,Sweden,Anthony Elanga,anthony elanga,Newcastle United,newcastle united,Forward,,,Anthony Elanga,https://www.transfermarkt.co.uk/anthony-elanga/profil/spieler/583189,,0.91,exact_name,True,
sweden_benjamin_nygren,team_sweden,Sweden,Benjamin Nygren,benjamin nygren,Celtic,celtic,Midfielder,,,Benjamin Nygren,https://www.transfermarkt.co.uk/benjamin-nygren/profil/spieler/475949,,0.86,exact_name,True,
sweden_besfort_zeneli,team_sweden,Sweden,Besfort Zeneli,besfort zeneli,Union St-Gilloise,union st gilloise,Midfielder,,,Besfort Zeneli,https://www.transfermarkt.co.uk/besfort-zeneli/profil/spieler/715653,,0.95,exact_name,False,
sweden_carl_starfelt,team_sweden,Sweden,Carl Starfelt,carl starfelt,Celta Vigo,celta vigo,Defender,,,Carl Starfelt,https://www.transfermarkt.co.uk/carl-starfelt/profil/spieler/258987,,0.91,exact_name,True,
sweden_daniel_svensson,team_sweden,Sweden,Daniel Svensson,daniel svensson,Borussia Dortmund,borussia dortmund,Defender,,,Daniel Svensson,https://www.transfermarkt.co.uk/daniel-svensson/profil/spieler/579287,,1.0,exact_name_club,False,
sweden_elliot_stroud,team_sweden,Sweden,Elliot Stroud,elliot stroud,Mjallby,mjallby,Defender,,,Elliot Stroud,https://www.transfermarkt.co.uk/elliot-stroud/profil/spieler/687622,,0.86,exact_name,True,
sweden_emil_holm,team_sweden,Sweden,Emil Holm,emil holm,Juventus,juventus,Defender,,,Emil Holm,https://www.transfermarkt.co.uk/emil-holm/profil/spieler/496745,,0.91,exact_name,True,
sweden_eric_smith,team_sweden,Sweden,Eric Smith,eric smith,St. Pauli,st pauli,Defender,,,Eric Smith,https://www.transfermarkt.co.uk/eric-smith/profil/spieler/292534,,0.91,exact_name,True,
sweden_gabriel_gudmundsson,team_sweden,Sweden,Gabriel Gudmundsson,gabriel gudmundsson,Leeds United,leeds united,Defender,,,Gabriel Gudmundsson,https://www.transfermarkt.co.uk/gabriel-gudmundsson/profil/spieler/362108,,0.91,exact_name,True,
sweden_gustaf_lagerbielke,team_sweden,Sweden,Gustaf Lagerbielke,gustaf lagerbielke,Braga,braga,Defender,,,Gustaf Lagerbielke,https://www.transfermarkt.co.uk/gustaf-lagerbielke/profil/spieler/485395,,0.91,exact_name,True,
sweden_gustaf_nilsson,team_sweden,Sweden,Gustaf Nilsson,gustaf nilsson,Club Brugge,club brugge,Forward,,,Gustaf Nilsson,https://www.transfermarkt.co.uk/gustaf-nilsson/profil/spieler/320440,,0.91,exact_name,True,
sweden_hjalmar_ekdal,team_sweden,Sweden,Hjalmar Ekdal,hjalmar ekdal,Burnley,burnley,Defender,,,Hjalmar Ekdal,https://www.transfermarkt.co.uk/hjalmar-ekdal/profil/spieler/392179,,0.91,exact_name,True,
sweden_isak_hien,team_sweden,Sweden,Isak Hien,isak hien,Atalanta,atalanta,Defender,,,Isak Hien,https://www.transfermarkt.co.uk/isak-hien/profil/spieler/503075,,0.91,exact_name,True,
sweden_jacob_widell_zetterstrom,team_sweden,Sweden,Jacob Widell Zetterstrom,jacob widell zetterstrom,Derby County,derby county,Goalkeeper,,,Jacob Widell Zetterström,https://www.transfermarkt.co.uk/jacob-widell-zetterstrom/profil/spieler/549440,,0.91,exact_name,True,
sweden_jesper_karlstrom,team_sweden,Sweden,Jesper Karlström,jesper karlstrom,Udinese,udinese,Midfielder,,,Jesper Karlström,https://www.transfermarkt.co.uk/jesper-karlstrom/profil/spieler/222855,,0.91,exact_name,True,
sweden_ken_sema,team_sweden,Sweden,Ken Sema,ken sema,Pafos,pafos,Midfielder,,,Ken Sema,https://www.transfermarkt.co.uk/ken-sema/profil/spieler/252345,,0.86,exact_name,True,
sweden_kristoffer_nordfeldt,team_sweden,Sweden,Kristoffer Nordfeldt,kristoffer nordfeldt,AIK,aik,Goalkeeper,,,Kristoffer Nordfeldt,https://www.transfermarkt.co.uk/kristoffer-nordfeldt/profil/spieler/75890,,0.91,exact_name,True,
sweden_lucas_bergvall,team_sweden,Sweden,Lucas Bergvall,lucas bergvall,Tottenham,tottenham,Midfielder,,,Lucas Bergvall,https://www.transfermarkt.co.uk/lucas-bergvall/profil/spieler/866246,,0.91,exact_name,True,
sweden_mattias_svanberg,team_sweden,Sweden,Mattias Svanberg,mattias svanberg,Wolfsburg,wolfsburg,Midfielder,,,Mattias Svanberg,https://www.transfermarkt.co.uk/mattias-svanberg/profil/spieler/342405,,0.91,exact_name,True,
sweden_taha_ali,team_sweden,Sweden,Taha Ali,taha ali,Malmö,malmo,Forward,,,Taha Ali,https://www.transfermarkt.co.uk/taha-ali/profil/spieler/731771,,0.91,exact_name,True,
sweden_victor_nilsson_lindelof,team_sweden,Sweden,Victor Nilsson Lindelöf,victor nilsson lindelof,Aston Villa,aston villa,Defender,,,,,,0.0,unmatched,True,
sweden_viktor_gyokeres,team_sweden,Sweden,Viktor Gyökeres,viktor gyokeres,Arsenal,arsenal,Forward,,,Viktor Gyökeres,https://www.transfermarkt.co.uk/viktor-gyokeres/profil/spieler/325443,,0.91,exact_name,True,
sweden_viktor_johansson,team_sweden,Sweden,Viktor Johansson,viktor johansson,Stoke City,stoke city,Goalkeeper,,,Viktor Johansson,https://www.transfermarkt.co.uk/viktor-johansson/profil/spieler/273742,,1.0,exact_name_club,False,
sweden_yasin_ayari,team_sweden,Sweden,Yasin Ayari,yasin ayari,Brighton,brighton,Midfielder,,,Yasin Ayari,https://www.transfermarkt.co.uk/yasin-ayari/profil/spieler/667287,,0.91,exact_name,True,
switzerland_andi_zeqiri,team_switzerland,Switzerland,Andi Zeqiri,andi zeqiri,KRC Genk,krc genk,Forward,,,Andi Zeqiri,https://www.transfermarkt.co.uk/andi-zeqiri/profil/spieler/345468,,0.91,exact_name,True,
switzerland_ardon_jashari,team_switzerland,Switzerland,Ardon Jashari,ardon jashari,AC Milan,ac milan,Midfielder,,,Ardon Jashari,https://www.transfermarkt.co.uk/ardon-jashari/profil/spieler/608172,,0.91,exact_name,True,
switzerland_breel_embolo,team_switzerland,Switzerland,Breel Embolo,breel embolo,Rennes,rennes,Forward,,,Breel Embolo,https://www.transfermarkt.co.uk/breel-embolo/profil/spieler/237662,,0.91,exact_name,True,
switzerland_cedric_zesiger,team_switzerland,Switzerland,Cédric Zesiger,cedric zesiger,VfL Wolfsburg,vfl wolfsburg,Defender,,,Cédric Zesiger,https://www.transfermarkt.co.uk/cedric-zesiger/profil/spieler/382478,,0.91,exact_name,True,
switzerland_dan_ndoye,team_switzerland,Switzerland,Dan Ndoye,dan ndoye,Nottingham Forest,nottingham forest,Forward,,,Dan Ndoye,https://www.transfermarkt.co.uk/dan-ndoye/profil/spieler/365108,,0.91,exact_name,True,
switzerland_denis_zakaria,team_switzerland,Switzerland,Denis Zakaria,denis zakaria,Monaco,monaco,Midfielder,,,Denis Zakaria,https://www.transfermarkt.co.uk/denis-zakaria/profil/spieler/334526,,0.91,exact_name,True,
switzerland_djibril_sow,team_switzerland,Switzerland,Djibril Sow,djibril sow,Sevilla,sevilla,Midfielder,,,Djibril Sow,https://www.transfermarkt.co.uk/djibril-sow/profil/spieler/212723,,0.91,exact_name,True,
switzerland_fabian_rieder,team_switzerland,Switzerland,Fabian Rieder,fabian rieder,Augsburg,augsburg,Midfielder,,,Fabian Rieder,https://www.transfermarkt.co.uk/fabian-rieder/profil/spieler/507341,,0.86,exact_name,True,
switzerland_fabian_schar,team_switzerland,Switzerland,Fabian Schär,fabian schar,Newcastle United,newcastle united,Defender,,,Fabian Schär,https://www.transfermarkt.co.uk/fabian-schar/profil/spieler/135343,,0.91,exact_name,True,
switzerland_granit_xhaka,team_switzerland,Switzerland,Granit Xhaka,granit xhaka,Sunderland,sunderland,Midfielder,,,Granit Xhaka,https://www.transfermarkt.co.uk/granit-xhaka/profil/spieler/111455,,0.91,exact_name,True,
switzerland_gregor_kobel,team_switzerland,Switzerland,Gregor Kobel,gregor kobel,Borussia Dortmund,borussia dortmund,Goalkeeper,,,Gregor Kobel,https://www.transfermarkt.co.uk/gregor-kobel/profil/spieler/257814,,1.0,exact_name_club,False,
switzerland_jonas_omlin,team_switzerland,Switzerland,Jonas Omlin,jonas omlin,Borussia Mönchengladbach,borussia monchengladbach,Goalkeeper,,,Jonas Omlin,https://www.transfermarkt.co.uk/jonas-omlin/profil/spieler/247915,,0.91,exact_name,True,
switzerland_kwadwo_duah,team_switzerland,Switzerland,Kwadwo Duah,kwadwo duah,Ludogorets Razgrad,ludogorets razgrad,Forward,,,,,,0.0,unmatched,True,
switzerland_leonidas_stergiou,team_switzerland,Switzerland,Leonidas Stergiou,leonidas stergiou,VfB Stuttgart,vfb stuttgart,Defender,,,Leonidas Stergiou,https://www.transfermarkt.co.uk/leonidas-stergiou/profil/spieler/507345,,0.91,exact_name,True,
switzerland_manuel_akanji,team_switzerland,Switzerland,Manuel Akanji,manuel akanji,Inter Milan,inter milan,Defender,,,Manuel Akanji,https://www.transfermarkt.co.uk/manuel-akanji/profil/spieler/284730,,0.91,exact_name,True,
switzerland_michel_aebischer,team_switzerland,Switzerland,Michel Aebischer,michel aebischer,Pisa,pisa,Midfielder,,,Michel Aebischer,https://www.transfermarkt.co.uk/michel-aebischer/profil/spieler/237658,,0.91,exact_name,True,
switzerland_nico_elvedi,team_switzerland,Switzerland,Nico Elvedi,nico elvedi,Borussia Mönchengladbach,borussia monchengladbach,Defender,,,Nico Elvedi,https://www.transfermarkt.co.uk/nico-elvedi/profil/spieler/192635,,0.91,exact_name,True,
switzerland_noah_okafor,team_switzerland,Switzerland,Noah Okafor,noah okafor,Leeds,leeds,Forward,,,Noah Okafor,https://www.transfermarkt.co.uk/noah-okafor/profil/spieler/346890,,0.91,exact_name,True,
switzerland_philipp_kohn,team_switzerland,Switzerland,Philipp Köhn,philipp kohn,AS Monaco,as monaco,Goalkeeper,,,Philipp Köhn,https://www.transfermarkt.co.uk/philipp-kohn/profil/spieler/251322,,0.91,exact_name,True,
switzerland_remo_freuler,team_switzerland,Switzerland,Remo Freuler,remo freuler,Bologna,bologna,Midfielder,,,Remo Freuler,https://www.transfermarkt.co.uk/remo-freuler/profil/spieler/148252,,0.91,exact_name,True,
switzerland_ricardo_rodriguez,team_switzerland,Switzerland,Ricardo Rodríguez,ricardo rodriguez,Real Betis,real betis,Defender,,,Ricardo Rodríguez,https://www.transfermarkt.co.uk/ricardo-rodriguez/profil/spieler/86784,,0.91,exact_name,True,
switzerland_ruben_vargas,team_switzerland,Switzerland,Ruben Vargas,ruben vargas,FC Augsburg,fc augsburg,Forward,,,Rubén Vargas,https://www.transfermarkt.co.uk/ruben-vargas/profil/spieler/345886,,0.91,exact_name,True,
switzerland_silvan_widmer,team_switzerland,Switzerland,Silvan Widmer,silvan widmer,Mainz,mainz,Defender,,,Silvan Widmer,https://www.transfermarkt.co.uk/silvan-widmer/profil/spieler/168989,,0.91,exact_name,True,
switzerland_ulisses_garcia,team_switzerland,Switzerland,Ulisses Garcia,ulisses garcia,Olympique de Marsella,olympique de marsella,Defender,,,Ulisses Garcia,https://www.transfermarkt.co.uk/ulisses-garcia/profil/spieler/192616,,0.91,exact_name,True,
switzerland_vincent_sierro,team_switzerland,Switzerland,Vincent Sierro,vincent sierro,Toulouse FC,toulouse fc,Midfielder,,,Vincent Sierro,https://www.transfermarkt.co.uk/vincent-sierro/profil/spieler/280387,,0.91,exact_name,True,
switzerland_zeki_amdouni,team_switzerland,Switzerland,Zeki Amdouni,zeki amdouni,Burnley,burnley,Forward,,,Zeki Amdouni,https://www.transfermarkt.co.uk/zeki-amdouni/profil/spieler/548729,,0.91,exact_name,True,
tunisia_alaa_ghram,team_tunisia,Tunisia,Alaa Ghram,alaa ghram,Shakhtar Donetsk,shakhtar donetsk,Defender,,,Alaa Ghram,https://www.transfermarkt.co.uk/alaa-ghram/profil/spieler/657796,,0.99,exact_name,False,
tunisia_ali_abdi,team_tunisia,Tunisia,Ali Abdi,ali abdi,Nice,nice,Defender,,,Ali Abdi,https://www.transfermarkt.co.uk/ali-abdi/profil/spieler/211474,,0.91,exact_name,True,
tunisia_amanallah_memmiche,team_tunisia,Tunisia,Amanallah Memmiche,amanallah memmiche,Espérance de Tunis,esperance de tunis,Goalkeeper,,,,,,0.0,unmatched,True,
tunisia_aymen_dahmen,team_tunisia,Tunisia,Aymen Dahmen,aymen dahmen,CS Sfaxien,cs sfaxien,Goalkeeper,,,Aymen Dahmen,https://www.transfermarkt.co.uk/aymen-dahmen/profil/spieler/569433,,0.91,exact_name,True,
tunisia_aissa_laidouni,team_tunisia,Tunisia,Aïssa Laïdouni,aissa laidouni,Al-Wakrah,al wakrah,Midfielder,,,Aïssa Laïdouni,https://www.transfermarkt.co.uk/aissa-laidouni/profil/spieler/233782,,0.91,exact_name,True,
tunisia_bechir_ben_said,team_tunisia,Tunisia,Bechir Ben Said,bechir ben said,US Monastir,us monastir,Goalkeeper,,,Bechir Ben Said,https://www.transfermarkt.co.uk/bechir-ben-said/profil/spieler/348144,,0.91,exact_name,True,
tunisia_dylan_bronn,team_tunisia,Tunisia,Dylan Bronn,dylan bronn,Servette,servette,Defender,,,Dylan Bronn,https://www.transfermarkt.co.uk/dylan-bronn/profil/spieler/450417,,0.91,exact_name,True,
tunisia_elias_achouri,team_tunisia,Tunisia,Elias Achouri,elias achouri,Copenhagen,copenhagen,Forward,,,Elias Achouri,https://www.transfermarkt.co.uk/elias-achouri/profil/spieler/645589,,0.91,exact_name,True,
tunisia_elias_saad,team_tunisia,Tunisia,Elias Saad,elias saad,Hannover 96,hannover 96,Forward,,,Elias Saad,https://www.transfermarkt.co.uk/elias-saad/profil/spieler/526466,,0.91,exact_name,True,
tunisia_ellyes_skhiri,team_tunisia,Tunisia,Ellyes Skhiri,ellyes skhiri,Eintracht Frankfurt,eintracht frankfurt,Midfielder,,,Ellyes Skhiri,https://www.transfermarkt.co.uk/ellyes-skhiri/profil/spieler/290587,,0.95,exact_name,False,
tunisia_hamza_mathlouthi,team_tunisia,Tunisia,Hamza Mathlouthi,hamza mathlouthi,Zamalek SC,zamalek sc,Defender,,,,,,0.0,unmatched,True,
tunisia_hamza_rafia,team_tunisia,Tunisia,Hamza Rafia,hamza rafia,US Lecce,us lecce,Midfielder,,,Hamza Rafia,https://www.transfermarkt.co.uk/hamza-rafia/profil/spieler/418571,,0.91,exact_name,True,
tunisia_hannibal_mejbri,team_tunisia,Tunisia,Hannibal Mejbri,hannibal mejbri,Burnley,burnley,Midfielder,,,,,,0.0,unmatched,True,
tunisia_haythem_jouini,team_tunisia,Tunisia,Haythem Jouini,haythem jouini,Stade Tunisien,stade tunisien,Forward,,,,,,0.0,unmatched,True,
tunisia_issam_jebali,team_tunisia,Tunisia,Issam Jebali,issam jebali,Gamba Osaka,gamba osaka,Forward,,,Issam Jebali,https://www.transfermarkt.co.uk/issam-jebali/profil/spieler/122635,,1.0,exact_name_club,False,
tunisia_mohamed_ali_ben_romdhane,team_tunisia,Tunisia,Mohamed Ali Ben Romdhane,mohamed ali ben romdhane,Ferencvárosi TC,ferencvarosi tc,Midfielder,,,,,,0.0,unmatched,True,
tunisia_montassar_talbi,team_tunisia,Tunisia,Montassar Talbi,montassar talbi,Lorient,lorient,Defender,,,Montassar Talbi,https://www.transfermarkt.co.uk/montassar-talbi/profil/spieler/496706,,0.91,exact_name,True,
tunisia_nader_ghandri,team_tunisia,Tunisia,Nader Ghandri,nader ghandri,Akhmat Grozny,akhmat grozny,Midfielder,,,Nader Ghandri,https://www.transfermarkt.co.uk/nader-ghandri/profil/spieler/275956,,0.86,exact_name,True,
tunisia_oussama_haddadi,team_tunisia,Tunisia,Oussama Haddadi,oussama haddadi,SpVgg Greuther Fürth,spvgg greuther furth,Defender,,,Oussama Haddadi,https://www.transfermarkt.co.uk/oussama-haddadi/profil/spieler/191407,,0.91,exact_name,True,
tunisia_samy_chouchane,team_tunisia,Tunisia,Samy Chouchane,samy chouchane,Brighton & Hove Albion,brighton hove albion,Midfielder,,,Samy Chouchane,https://www.transfermarkt.co.uk/samy-chouchane/profil/spieler/756591,,0.91,exact_name,True,
tunisia_sayfallah_ltaief,team_tunisia,Tunisia,Sayfallah Ltaief,sayfallah ltaief,FC Twente,fc twente,Forward,,,Sayfallah Ltaief,https://www.transfermarkt.co.uk/sayfallah-ltaief/profil/spieler/388220,,0.86,exact_name,True,
tunisia_seifeddine_jaziri,team_tunisia,Tunisia,Seifeddine Jaziri,seifeddine jaziri,Zamalek SC,zamalek sc,Forward,,,,,,0.0,unmatched,True,
tunisia_wajdi_kechrida,team_tunisia,Tunisia,Wajdi Kechrida,wajdi kechrida,Atromitos FC,atromitos fc,Defender,,,Wajdi Kechrida,https://www.transfermarkt.co.uk/wajdi-kechrida/profil/spieler/407885,,0.91,exact_name,True,
tunisia_yan_valery,team_tunisia,Tunisia,Yan Valery,yan valery,Young Boys,young boys,Defender,,,Yan Valery,https://www.transfermarkt.co.uk/yan-valery/profil/spieler/406008,,0.91,exact_name,True,
tunisia_yassine_meriah,team_tunisia,Tunisia,Yassine Meriah,yassine meriah,Espérance de Tunis,esperance de tunis,Defender,,,Yassine Meriah,https://www.transfermarkt.co.uk/yassine-meriah/profil/spieler/306330,,0.91,exact_name,True,
tunisia_youssef_msakni,team_tunisia,Tunisia,Youssef Msakni,youssef msakni,Al-Arabi SC,al arabi sc,Forward,,,Youssef Msakni,https://www.transfermarkt.co.uk/youssef-msakni/profil/spieler/69110,,0.91,exact_name,True,
turkey_abdulkerim_bardakc,team_turkey,Turkey,Abdülkerim Bardakcı,abdulkerim bardakc,Galatasaray,galatasaray,Defender,,,Abdülkerim Bardakcı,https://www.transfermarkt.co.uk/abdulkerim-bardakci/profil/spieler/199316,,0.91,exact_name,True,
turkey_ahmetcan_kaplan,team_turkey,Turkey,Ahmetcan Kaplan,ahmetcan kaplan,NEC Nijmegen,nec nijmegen,Defender,,,Ahmetcan Kaplan,https://www.transfermarkt.co.uk/ahmetcan-kaplan/profil/spieler/662131,,0.91,exact_name,True,
turkey_altay_bay_nd_r,team_turkey,Turkey,Altay Bayındır,altay bay nd r,Manchester United,manchester united,Goalkeeper,,,Altay Bayındır,https://www.transfermarkt.co.uk/altay-bayindir/profil/spieler/336077,,0.91,exact_name,True,
turkey_arda_guler,team_turkey,Turkey,Arda Güler,arda guler,Real Madrid,real madrid,Midfielder,,,Arda Güler,https://www.transfermarkt.co.uk/arda-guler/profil/spieler/861410,,0.86,exact_name,True,
turkey_bar_s_alper_y_lmaz,team_turkey,Turkey,Barış Alper Yılmaz,bar s alper y lmaz,Galatasaray,galatasaray,Forward,,,Barış Alper Yılmaz,https://www.transfermarkt.co.uk/baris-alper-yilmaz/profil/spieler/541537,,0.91,exact_name,True,
turkey_bertug_y_ld_r_m,team_turkey,Turkey,Bertuğ Yıldırım,bertug y ld r m,Getafe CF,getafe cf,Forward,,,Bertuğ Yıldırım,https://www.transfermarkt.co.uk/bertug-yildirim/profil/spieler/672803,,0.91,exact_name,True,
turkey_caglar_soyuncu,team_turkey,Turkey,Caglar Söyüncü,caglar soyuncu,Fenerbahçe,fenerbahce,Defender,,,Çağlar Söyüncü,https://www.transfermarkt.co.uk/caglar-soyuncu/profil/spieler/320141,,0.91,exact_name,True,
turkey_can_uzun,team_turkey,Turkey,Can Uzun,can uzun,Eintracht Fráncfort,eintracht francfort,Midfielder,,,Can Uzun,https://www.transfermarkt.co.uk/can-uzun/profil/spieler/816585,,0.86,exact_name,True,
turkey_enes_unal,team_turkey,Turkey,Enes Ünal,enes unal,AFC Bournemouth,afc bournemouth,Forward,,,Enes Ünal,https://www.transfermarkt.co.uk/enes-unal/profil/spieler/251106,,0.91,exact_name,True,
turkey_ferdi_kad_oglu,team_turkey,Turkey,Ferdi Kadıoğlu,ferdi kad oglu,Brighton & Hove Albion,brighton hove albion,Defender,,,Ferdi Kadıoğlu,https://www.transfermarkt.co.uk/ferdi-kadioglu/profil/spieler/369316,,0.91,exact_name,True,
turkey_hakan_calhanoglu,team_turkey,Turkey,Hakan Çalhanoglu,hakan calhanoglu,Inter de Milán,inter de milan,Midfielder,,,Hakan Çalhanoğlu,https://www.transfermarkt.co.uk/hakan-calhanoglu/profil/spieler/126414,,0.91,exact_name,True,
turkey_ismail_yuksek,team_turkey,Turkey,Ismail Yüksek,ismail yuksek,Fenerbahçe,fenerbahce,Midfielder,,,İsmail Yüksek,https://www.transfermarkt.co.uk/ismail-yuksek/profil/spieler/613725,,0.91,exact_name,True,
turkey_kaan_ayhan,team_turkey,Turkey,Kaan Ayhan,kaan ayhan,Galatasaray,galatasaray,Defender,,,Kaan Ayhan,https://www.transfermarkt.co.uk/kaan-ayhan/profil/spieler/119031,,0.86,exact_name,True,
turkey_kenan_y_ld_z,team_turkey,Turkey,Kenan Yıldız,kenan y ld z,Juventus,juventus,Forward,,,Kenan Yıldız,https://www.transfermarkt.co.uk/kenan-yildiz/profil/spieler/845654,,0.91,exact_name,True,
turkey_kerem_akturkoglu,team_turkey,Turkey,Kerem Aktürkoğlu,kerem akturkoglu,SL Benfica,sl benfica,Forward,,,Kerem Aktürkoğlu,https://www.transfermarkt.co.uk/kerem-akturkoglu/profil/spieler/382528,,0.91,exact_name,True,
turkey_merih_demiral,team_turkey,Turkey,Merih Demiral,merih demiral,Al-Ahli Saudi,al ahli saudi,Defender,,,Merih Demiral,https://www.transfermarkt.co.uk/merih-demiral/profil/spieler/340879,,0.91,exact_name,True,
turkey_mert_gunok,team_turkey,Turkey,Mert Günok,mert gunok,Fenerbahçe,fenerbahce,Goalkeeper,,,Mert Günok,https://www.transfermarkt.co.uk/mert-gunok/profil/spieler/51894,,0.91,exact_name,True,
turkey_mert_muldur,team_turkey,Turkey,Mert Müldür,mert muldur,Fenerbahçe,fenerbahce,Defender,,,Mert Müldür,https://www.transfermarkt.co.uk/mert-muldur/profil/spieler/353922,,0.91,exact_name,True,
turkey_okay_yokuslu,team_turkey,Turkey,Okay Yokuşlu,okay yokuslu,Trabzonspor,trabzonspor,Midfielder,,,Okay Yokuşlu,https://www.transfermarkt.co.uk/okay-yokuslu/profil/spieler/137616,,0.95,exact_name,False,
turkey_orkun_kokcu,team_turkey,Turkey,Orkun Kökçü,orkun kokcu,Beşiktaş,besiktas,Midfielder,,,Orkun Kökçü,https://www.transfermarkt.co.uk/orkun-kokcu/profil/spieler/454567,,0.91,exact_name,True,
turkey_salih_ozcan,team_turkey,Turkey,Salih Özcan,salih ozcan,Borussia Dortmund,borussia dortmund,Midfielder,,,Salih Özcan,https://www.transfermarkt.co.uk/salih-ozcan/profil/spieler/244940,,1.0,exact_name_club,False,
turkey_semih_k_l_csoy,team_turkey,Turkey,Semih Kılıçsoy,semih k l csoy,Beşiktaş,besiktas,Forward,,,Semih Kılıçsoy,https://www.transfermarkt.co.uk/semih-kilicsoy/profil/spieler/875334,,0.91,exact_name,True,
turkey_ugurcan_cak_r,team_turkey,Turkey,Uğurcan Çakır,ugurcan cak r,Trabzonspor,trabzonspor,Goalkeeper,,,Uğurcan Çakır,https://www.transfermarkt.co.uk/ugurcan-cakir/profil/spieler/292199,,0.91,exact_name,True,
turkey_yunus_akgun,team_turkey,Turkey,Yunus Akgün,yunus akgun,Galatasaray,galatasaray,Forward,,,Yunus Akgün,https://www.transfermarkt.co.uk/yunus-akgun/profil/spieler/396908,,0.91,exact_name,True,
turkey_zeki_celik,team_turkey,Turkey,Zeki Çelik,zeki celik,AS Roma,as roma,Defender,,,Zeki Çelik,https://www.transfermarkt.co.uk/zeki-celik/profil/spieler/251075,,0.91,exact_name,True,
turkey_irfan_can_kahveci,team_turkey,Turkey,İrfan Can Kahveci,irfan can kahveci,Fenerbahçe,fenerbahce,Midfielder,,,İrfan Can Kahveci,https://www.transfermarkt.co.uk/irfan-can-kahveci/profil/spieler/216603,,0.86,exact_name,True,
united_states_aidan_morris,team_united_states,United States,Aidan Morris,aidan morris,Middlesbrough FC,middlesbrough fc,Midfielder,,,Aidan Morris,https://www.transfermarkt.co.uk/aidan-morris/profil/spieler/513968,,1.0,exact_name_club,False,
united_states_antonee_robinson,team_united_states,United States,Antonee Robinson,antonee robinson,Fulham,fulham,Defender,,,Antonee Robinson,https://www.transfermarkt.co.uk/antonee-robinson/profil/spieler/349701,,0.91,exact_name,True,
united_states_brenden_aaronson,team_united_states,United States,Brenden Aaronson,brenden aaronson,Leeds United,leeds united,Midfielder,,,Brenden Aaronson,https://www.transfermarkt.co.uk/brenden-aaronson/profil/spieler/393323,,0.86,exact_name,True,
united_states_cameron_carter_vickers,team_united_states,United States,Cameron Carter-Vickers,cameron carter vickers,Celtic FC,celtic fc,Defender,,,Cameron Carter-Vickers,https://www.transfermarkt.co.uk/cameron-carter-vickers/profil/spieler/341049,,0.91,exact_name,True,
united_states_chris_richards,team_united_states,United States,Chris Richards,chris richards,Crystal Palace,crystal palace,Defender,,,Chris Richards,https://www.transfermarkt.co.uk/chris-richards/profil/spieler/578539,,0.91,exact_name,True,
united_states_christian_pulisic,team_united_states,United States,Christian Pulisic,christian pulisic,AC Milan,ac milan,Forward,,,Christian Pulisic,https://www.transfermarkt.co.uk/christian-pulisic/profil/spieler/315779,,0.91,exact_name,True,
united_states_ethan_horvath,team_united_states,United States,Ethan Horvath,ethan horvath,Cardiff City,cardiff city,Goalkeeper,,,Ethan Horvath,https://www.transfermarkt.co.uk/ethan-horvath/profil/spieler/242284,,0.91,exact_name,True,
united_states_folarin_balogun,team_united_states,United States,Folarin Balogun,folarin balogun,AS Monaco,as monaco,Forward,,,Folarin Balogun,https://www.transfermarkt.co.uk/folarin-balogun/profil/spieler/503770,,0.91,exact_name,True,
united_states_giovanni_reyna,team_united_states,United States,Giovanni Reyna,giovanni reyna,Borussia Dortmund,borussia dortmund,Midfielder,,,Giovanni Reyna,https://www.transfermarkt.co.uk/giovanni-reyna/profil/spieler/504215,,0.86,exact_name,True,
united_states_haji_wright,team_united_states,United States,Haji Wright,haji wright,Coventry City,coventry city,Forward,,,Haji Wright,https://www.transfermarkt.co.uk/haji-wright/profil/spieler/315291,,0.91,exact_name,True,
united_states_joe_scally,team_united_states,United States,Joe Scally,joe scally,Borussia Mönchengladbach,borussia monchengladbach,Defender,,,Joe Scally,https://www.transfermarkt.co.uk/joe-scally/profil/spieler/504153,,0.91,exact_name,True,
united_states_johnny_cardoso,team_united_states,United States,Johnny Cardoso,johnny cardoso,Real Betis,real betis,Midfielder,,,Johnny Cardoso,https://www.transfermarkt.co.uk/johnny-cardoso/profil/spieler/689505,,0.91,exact_name,True,
united_states_josh_sargent,team_united_states,United States,Josh Sargent,josh sargent,Norwich City,norwich city,Forward,,,Josh Sargent,https://www.transfermarkt.co.uk/josh-sargent/profil/spieler/393325,,0.91,exact_name,True,
united_states_kevin_paredes,team_united_states,United States,Kevin Paredes,kevin paredes,VfL Wolfsburg,vfl wolfsburg,Forward,,,Kevin Paredes,https://www.transfermarkt.co.uk/kevin-paredes/profil/spieler/711517,,0.86,exact_name,True,
united_states_malik_tillman,team_united_states,United States,Malik Tillman,malik tillman,Bayer Leverkusen,bayer leverkusen,Midfielder,,,Malik Tillman,https://www.transfermarkt.co.uk/malik-tillman/profil/spieler/467437,,0.86,exact_name,True,
united_states_mark_mckenzie,team_united_states,United States,Mark McKenzie,mark mckenzie,Toulouse,toulouse,Defender,,,Mark McKenzie,https://www.transfermarkt.co.uk/mark-mckenzie/profil/spieler/429259,,0.91,exact_name,True,
united_states_matt_turner,team_united_states,United States,Matt Turner,matt turner,New England Revolution,new england revolution,Goalkeeper,,,Matt Turner,https://www.transfermarkt.co.uk/matt-turner/profil/spieler/425306,,1.0,exact_name_club,False,
united_states_miles_robinson,team_united_states,United States,Miles Robinson,miles robinson,FC Cincinnati,fc cincinnati,Defender,,,Miles Robinson,https://www.transfermarkt.co.uk/miles-robinson/profil/spieler/468022,,0.91,exact_name,True,
united_states_patrick_schulte,team_united_states,United States,Patrick Schulte,patrick schulte,Columbus Crew,columbus crew,Goalkeeper,,,Patrick Schulte,https://www.transfermarkt.co.uk/patrick-schulte/profil/spieler/649397,,1.0,exact_name_club,False,
united_states_ricardo_pepi,team_united_states,United States,Ricardo Pepi,ricardo pepi,PSV Eindhoven,psv eindhoven,Forward,,,Ricardo Pepi,https://www.transfermarkt.co.uk/ricardo-pepi/profil/spieler/627207,,0.91,exact_name,True,
united_states_sergino_dest,team_united_states,United States,Sergiño Dest,sergino dest,PSV,psv,Defender,,,Sergiño Dest,https://www.transfermarkt.co.uk/sergino-dest/profil/spieler/361104,,0.91,exact_name,True,
united_states_tim_ream,team_united_states,United States,Tim Ream,tim ream,Charlotte FC,charlotte fc,Defender,,,Tim Ream,https://www.transfermarkt.co.uk/tim-ream/profil/spieler/145466,,0.91,exact_name,True,
united_states_timothy_weah,team_united_states,United States,Timothy Weah,timothy weah,Juventus,juventus,Forward,,,Timothy Weah,https://www.transfermarkt.co.uk/timothy-weah/profil/spieler/370846,,0.86,exact_name,True,
united_states_tyler_adams,team_united_states,United States,Tyler Adams,tyler adams,AFC Bournemouth,afc bournemouth,Midfielder,,,Tyler Adams,https://www.transfermarkt.co.uk/tyler-adams/profil/spieler/332705,,0.91,exact_name,True,
united_states_weston_mckennie,team_united_states,United States,Weston McKennie,weston mckennie,Juventus,juventus,Midfielder,,,Weston McKennie,https://www.transfermarkt.co.uk/weston-mckennie/profil/spieler/332697,,0.91,exact_name,True,
united_states_yunus_musah,team_united_states,United States,Yunus Musah,yunus musah,AC Milan,ac milan,Midfielder,,,Yunus Musah,https://www.transfermarkt.co.uk/yunus-musah/profil/spieler/503991,,0.91,exact_name,True,
uruguay_agustin_canobbio,team_uruguay,Uruguay,Agustín Canobbio,agustin canobbio,Fluminense,fluminense,Midfielder,,,Agustín Canobbio,https://www.transfermarkt.co.uk/agustin-canobbio/profil/spieler/457533,,0.86,exact_name,True,
uruguay_brian_rodriguez,team_uruguay,Uruguay,Brian Rodríguez,brian rodriguez,América,america,Forward,,,Brian Rodríguez,https://www.transfermarkt.co.uk/brian-rodriguez/profil/spieler/465818,,0.91,exact_name,True,
uruguay_darwin_nunez,team_uruguay,Uruguay,Darwin Núñez,darwin nunez,Al-Hilal,al hilal,Forward,,,Darwin Núñez,https://www.transfermarkt.co.uk/darwin-nunez/profil/spieler/546543,,0.91,exact_name,True,
uruguay_emiliano_martinez,team_uruguay,Uruguay,Emiliano Martínez,emiliano martinez,Palmeiras,palmeiras,Midfielder,,,Emiliano Martínez,https://www.transfermarkt.co.uk/emiliano-martinez/profil/spieler/707447,,0.91,exact_name,True,
uruguay_facundo_pellistri,team_uruguay,Uruguay,Facundo Pellistri,facundo pellistri,Panathinaikos,panathinaikos,Midfielder,,,Facundo Pellistri,https://www.transfermarkt.co.uk/facundo-pellistri/profil/spieler/676318,,0.86,exact_name,True,
uruguay_federico_valverde,team_uruguay,Uruguay,Federico Valverde,federico valverde,Real Madrid,real madrid,Midfielder,,,Federico Valverde,https://www.transfermarkt.co.uk/federico-valverde/profil/spieler/369081,,0.91,exact_name,True,
uruguay_federico_vinas,team_uruguay,Uruguay,Federico Viñas,federico vinas,Real Oviedo,real oviedo,Forward,,,Federico Viñas,https://www.transfermarkt.co.uk/federico-vinas/profil/spieler/578419,,0.95,exact_name,False,
uruguay_fernando_muslera,team_uruguay,Uruguay,Fernando Muslera,fernando muslera,Estudiantes de La Plata,estudiantes de la plata,Goalkeeper,,,Fernando Muslera,https://www.transfermarkt.co.uk/fernando-muslera/profil/spieler/58088,,0.99,exact_name,False,
uruguay_giorgian_de_arrascaeta,team_uruguay,Uruguay,Giorgian De Arrascaeta,giorgian de arrascaeta,Flamengo,flamengo,Midfielder,,,Giorgian de Arrascaeta,https://www.transfermarkt.co.uk/giorgian-de-arrascaeta/profil/spieler/248410,,0.86,exact_name,True,
uruguay_guillermo_varela,team_uruguay,Uruguay,Guillermo Varela,guillermo varela,Flamengo,flamengo,Defender,,,Guillermo Varela,https://www.transfermarkt.co.uk/guillermo-varela/profil/spieler/188862,,0.91,exact_name,True,
uruguay_joaquin_piquerez,team_uruguay,Uruguay,Joaquín Piquerez,joaquin piquerez,Palmeiras,palmeiras,Defender,,,Joaquín Piquerez,https://www.transfermarkt.co.uk/joaquin-piquerez/profil/spieler/496268,,0.91,exact_name,True,
uruguay_jose_maria_gimenez,team_uruguay,Uruguay,José María Giménez,jose maria gimenez,Atlético Madrid,atletico madrid,Defender,,,José María Giménez,https://www.transfermarkt.co.uk/jose-maria-gimenez/profil/spieler/250845,,0.91,exact_name,True,
uruguay_juan_manuel_sanabria,team_uruguay,Uruguay,Juan Manuel Sanabria,juan manuel sanabria,Real Salt Lake,real salt lake,Midfielder,,,Juan Manuel Sanabria,https://www.transfermarkt.co.uk/juan-manuel-sanabria/profil/spieler/446106,,1.0,exact_name_club,False,
uruguay_manuel_ugarte,team_uruguay,Uruguay,Manuel Ugarte,manuel ugarte,Manchester United,manchester united,Midfielder,,,Manuel Ugarte,https://www.transfermarkt.co.uk/manuel-ugarte/profil/spieler/476701,,0.91,exact_name,True,
uruguay_mathias_olivera,team_uruguay,Uruguay,Mathías Olivera,mathias olivera,Napoli,napoli,Defender,,,Mathías Olivera,https://www.transfermarkt.co.uk/mathias-olivera/profil/spieler/376514,,0.91,exact_name,True,
uruguay_matias_vina,team_uruguay,Uruguay,Matías Viña,matias vina,River Plate,river plate,Defender,,,Matías Viña,https://www.transfermarkt.co.uk/matias-vina/profil/spieler/439072,,0.91,exact_name,True,
uruguay_maximiliano_araujo,team_uruguay,Uruguay,Maximiliano Araújo,maximiliano araujo,Sporting de Lisboa,sporting de lisboa,Midfielder,,,,,,0.0,unmatched,True,
uruguay_nicolas_de_la_cruz,team_uruguay,Uruguay,Nicolás De La Cruz,nicolas de la cruz,Flamengo,flamengo,Midfielder,,,Nicolás de la Cruz,https://www.transfermarkt.co.uk/nicolas-de-la-cruz/profil/spieler/397458,,0.91,exact_name,True,
uruguay_rodrigo_aguirre,team_uruguay,Uruguay,Rodrigo Aguirre,rodrigo aguirre,Tigres,tigres,Forward,,,Rodrigo Aguirre,https://www.transfermarkt.co.uk/rodrigo-aguirre/profil/spieler/189410,,0.91,exact_name,True,
uruguay_rodrigo_bentancur,team_uruguay,Uruguay,Rodrigo Bentancur,rodrigo bentancur,Tottenham Hotspur,tottenham hotspur,Midfielder,,,Rodrigo Bentancur,https://www.transfermarkt.co.uk/rodrigo-bentancur/profil/spieler/354362,,0.91,exact_name,True,
uruguay_rodrigo_zalazar,team_uruguay,Uruguay,Rodrigo Zalazar,rodrigo zalazar,Sporting de Lisboa,sporting de lisboa,Midfielder,,,Rodrigo Zalazar,https://www.transfermarkt.co.uk/rodrigo-zalazar/profil/spieler/606752,,0.86,exact_name,True,
uruguay_ronald_araujo,team_uruguay,Uruguay,Ronald Araújo,ronald araujo,Barcelona,barcelona,Defender,,,Ronald Araujo,https://www.transfermarkt.co.uk/ronald-araujo/profil/spieler/480267,,0.91,exact_name,True,
uruguay_santiago_bueno,team_uruguay,Uruguay,Santiago Bueno,santiago bueno,Wolverhampton Wanderers,wolverhampton wanderers,Defender,,,Santiago Bueno,https://www.transfermarkt.co.uk/santiago-bueno/profil/spieler/438001,,0.95,exact_name,False,
uruguay_santiago_mele,team_uruguay,Uruguay,Santiago Mele,santiago mele,Monterrey,monterrey,Goalkeeper,,,Santiago Mele,https://www.transfermarkt.co.uk/santiago-mele/profil/spieler/320739,,0.91,exact_name,True,
uruguay_sebastian_caceres,team_uruguay,Uruguay,Sebastián Cáceres,sebastian caceres,Club América,club america,Defender,,,Sebastián Cáceres,https://www.transfermarkt.co.uk/sebastian-caceres/profil/spieler/532389,,0.91,exact_name,True,
uruguay_sergio_rochet,team_uruguay,Uruguay,Sergio Rochet,sergio rochet,Internacional de Porto Alegre,internacional de porto alegre,Goalkeeper,,,Sergio Rochet,https://www.transfermarkt.co.uk/sergio-rochet/profil/spieler/264014,,0.91,exact_name,True,
uzbekistan_abbosbek_fayzullaev,team_uzbekistan,Uzbekistan,Abbosbek Fayzullaev,abbosbek fayzullaev,CSKA Moscú,cska moscu,Midfielder,,,Abbosbek Fayzullaev,https://www.transfermarkt.co.uk/abbosbek-fayzullaev/profil/spieler/754037,,0.86,exact_name,True,
uzbekistan_abdukodir_khusanov,team_uzbekistan,Uzbekistan,Abdukodir Khusanov,abdukodir khusanov,Manchester City,manchester city,Defender,,,Abdukodir Khusanov,https://www.transfermarkt.co.uk/abdukodir-khusanov/profil/spieler/763079,,0.91,exact_name,True,
uzbekistan_abdulla_abdullaev,team_uzbekistan,Uzbekistan,Abdulla Abdullaev,abdulla abdullaev,Dibba Al Fujairah,dibba al fujairah,Defender,,,Abdulla Abdullaev,https://www.transfermarkt.co.uk/abdulla-abdullaev/profil/spieler/570272,,0.86,exact_name,True,
uzbekistan_abduvohid_nematov,team_uzbekistan,Uzbekistan,Abduvohid Nematov,abduvohid nematov,Nasaf,nasaf,Goalkeeper,,,Abduvokhid Nematov,https://www.transfermarkt.co.uk/abduvokhid-nematov/profil/spieler/527866,,0.8877,near_name,True,
uzbekistan_azizbek_amonov,team_uzbekistan,Uzbekistan,Azizbek Amonov,azizbek amonov,Buxoro,buxoro,Forward,,,,,,0.0,unmatched,True,
uzbekistan_azizbek_turgunboev,team_uzbekistan,Uzbekistan,Azizbek Turgunboev,azizbek turgunboev,Sivasspor,sivasspor,Midfielder,,,Azizbek Turgunboev,https://www.transfermarkt.co.uk/azizbek-turgunboev/profil/spieler/493593,,0.91,exact_name,True,
uzbekistan_bobur_abdikholikov,team_uzbekistan,Uzbekistan,Bobur Abdikholikov,bobur abdikholikov,Nasaf,nasaf,Forward,,,Bobur Abdikholikov,https://www.transfermarkt.co.uk/bobur-abdikholikov/profil/spieler/431912,,0.91,exact_name,True,
uzbekistan_botirali_ergashev,team_uzbekistan,Uzbekistan,Botirali Ergashev,botirali ergashev,AGMK,agmk,Goalkeeper,,,Botirali Ergashev,https://www.transfermarkt.co.uk/botirali-ergashev/profil/spieler/312690,,0.91,exact_name,True,
uzbekistan_diyor_kholmatov,team_uzbekistan,Uzbekistan,Diyor Kholmatov,diyor kholmatov,Pakhtakor,pakhtakor,Midfielder,,,Diyor Kholmatov,https://www.transfermarkt.co.uk/diyor-kholmatov/profil/spieler/704546,,0.86,exact_name,True,
uzbekistan_eldor_shomurodov,team_uzbekistan,Uzbekistan,Eldor Shomurodov,eldor shomurodov,Istanbul Basaksehir,istanbul basaksehir,Forward,,,Eldor Shomurodov,https://www.transfermarkt.co.uk/eldor-shomurodov/profil/spieler/358166,,0.91,exact_name,True,
uzbekistan_farrukh_sayfiev,team_uzbekistan,Uzbekistan,Farrukh Sayfiev,farrukh sayfiev,Neftchi,neftchi,Defender,,,Farrukh Sayfiev,https://www.transfermarkt.co.uk/farrukh-sayfiev/profil/spieler/212499,,0.91,exact_name,True,
uzbekistan_husayin_norchaev,team_uzbekistan,Uzbekistan,Husayin Norchaev,husayin norchaev,Neftchi,neftchi,Forward,,,Khusayin Norchaev,https://www.transfermarkt.co.uk/khusayin-norchaev/profil/spieler/704549,,0.8864,near_name,True,
uzbekistan_husniddin_aliqulov,team_uzbekistan,Uzbekistan,Husniddin Aliqulov,husniddin aliqulov,Çaykur Rizespor,caykur rizespor,Defender,,,Khusniddin Alikulov,https://www.transfermarkt.co.uk/khusniddin-alikulov/profil/spieler/581429,,0.8868,near_name,True,
uzbekistan_igor_sergeev,team_uzbekistan,Uzbekistan,Igor Sergeev,igor sergeev,Persepolis,persepolis,Forward,,,Igor Sergeev,https://www.transfermarkt.co.uk/igor-sergeev/profil/spieler/185372,,0.91,exact_name,True,
uzbekistan_jaloliddin_masharipov,team_uzbekistan,Uzbekistan,Jaloliddin Masharipov,jaloliddin masharipov,Esteghlal,esteghlal,Midfielder,,,Jaloliddin Masharipov,https://www.transfermarkt.co.uk/jaloliddin-masharipov/profil/spieler/274536,,0.86,exact_name,True,
uzbekistan_jamshid_iskanderov,team_uzbekistan,Uzbekistan,Jamshid Iskanderov,jamshid iskanderov,Neftchi,neftchi,Midfielder,,,Jamshid Iskanderov,https://www.transfermarkt.co.uk/jamshid-iskanderov/profil/spieler/260857,,0.86,exact_name,True,
uzbekistan_jasurbek_yakhshiboev,team_uzbekistan,Uzbekistan,Jasurbek Yakhshiboev,jasurbek yakhshiboev,Ordabasy,ordabasy,Forward,,,,,,0.0,unmatched,True,
uzbekistan_khojimat_erkinov,team_uzbekistan,Uzbekistan,Khojimat Erkinov,khojimat erkinov,Al Wahda,al wahda,Midfielder,,,,,,0.0,unmatched,True,
uzbekistan_odiljon_hamrobekov,team_uzbekistan,Uzbekistan,Odiljon Hamrobekov,odiljon hamrobekov,Navbahor,navbahor,Midfielder,,,,,,0.0,unmatched,True,
uzbekistan_oston_urunov,team_uzbekistan,Uzbekistan,Oston Urunov,oston urunov,Persepolis,persepolis,Midfielder,,,Oston Urunov,https://www.transfermarkt.co.uk/oston-urunov/profil/spieler/492556,,0.86,exact_name,True,
uzbekistan_otabek_shukurov,team_uzbekistan,Uzbekistan,Otabek Shukurov,otabek shukurov,Baniyas,baniyas,Midfielder,,,Otabek Shukurov,https://www.transfermarkt.co.uk/otabek-shukurov/profil/spieler/294525,,0.91,exact_name,True,
uzbekistan_rustam_ashurmatov,team_uzbekistan,Uzbekistan,Rustam Ashurmatov,rustam ashurmatov,Rubin Kazán,rubin kazan,Defender,,,Rustam Ashurmatov,https://www.transfermarkt.co.uk/rustam-ashurmatov/profil/spieler/288883,,0.91,exact_name,True,
uzbekistan_sherzod_nasrullaev,team_uzbekistan,Uzbekistan,Sherzod Nasrullaev,sherzod nasrullaev,Nasaf,nasaf,Defender,,,Sherzod Nasrullaev,https://www.transfermarkt.co.uk/sherzod-nasrullaev/profil/spieler/608537,,0.91,exact_name,True,
uzbekistan_umar_eshmurodov,team_uzbekistan,Uzbekistan,Umar Eshmurodov,umar eshmurodov,Selangor FC,selangor fc,Defender,,,Umar Eshmurodov,https://www.transfermarkt.co.uk/umar-eshmurodov/profil/spieler/493725,,0.91,exact_name,True,
uzbekistan_utkir_yusupov,team_uzbekistan,Uzbekistan,Utkir Yusupov,utkir yusupov,Navbahor,navbahor,Goalkeeper,,,Utkir Yusupov,https://www.transfermarkt.co.uk/utkir-yusupov/profil/spieler/311958,,0.91,exact_name,True,
uzbekistan_zafarmurod_abdurakhmatov,team_uzbekistan,Uzbekistan,Zafarmurod Abdurakhmatov,zafarmurod abdurakhmatov,Nasaf,nasaf,Defender,,,Zafarmurod Abdirakhmatov,https://www.transfermarkt.co.uk/zafarmurod-abdirakhmatov/profil/spieler/989049,,0.8775,near_name,True,
