player_key,team_canonical,player_name,club_from_squad,position_broad,transfermarkt_name,current_club_transfermarkt,transfermarkt_url,match_confidence,match_method,review_reason
algeria_adam_zorgane,Algeria,Adam Zorgane,Union Saint-Gilloise,Midfielder,Adem Zorgane,Royale Union Saint-Gilloise,https://www.transfermarkt.co.uk/adem-zorgane/profil/spieler/592403,0.885,near_name,below_auto_match_threshold
algeria_adel_boulbina,Algeria,Adel Boulbina,Al-Duhail,Forward,Adil Boulbina,,https://www.transfermarkt.co.uk/adil-boulbina/profil/spieler/748443,0.85,near_name,below_auto_match_threshold
algeria_ahmed_kendouci,Algeria,Ahmed Kendouci,Ceramica Cleopatra,Midfielder,Ahmed Kendouci,FC Lugano,https://www.transfermarkt.co.uk/ahmed-kendouci/profil/spieler/645764,0.91,exact_name,below_auto_match_threshold
algeria_anthony_mandrea,Algeria,Anthony Mandrea,SM Caen,Goalkeeper,Anthony Mandréa,Angers Sporting Club de l'Ouest,https://www.transfermarkt.co.uk/anthony-mandrea/profil/spieler/290559,0.91,exact_name,below_auto_match_threshold
algeria_aissa_mandi,Algeria,Aïssa Mandi,Lille,Defender,Aïssa Mandi,Lille Olympique Sporting Club,https://www.transfermarkt.co.uk/aissa-mandi/profil/spieler/80293,0.91,exact_name,below_auto_match_threshold
algeria_baghdad_bounedjah,Algeria,Baghdad Bounedjah,Al-Shamal,Forward,Samy Baghdadi,Fortuna Sittardia Combinatie,https://www.transfermarkt.co.uk/samy-baghdadi/profil/spieler/511454,0.518,fuzzy_name,low_confidence_candidate
algeria_fares_chaibi,Algeria,Farès Chaïbi,Eintracht Frankfurt,Midfielder,Farès Chaïbi,Eintracht Frankfurt Fußball AG,https://www.transfermarkt.co.uk/fares-chaibi/profil/spieler/855015,0.9,exact_name,below_auto_match_threshold
algeria_hicham_boudaoui,Algeria,Hicham Boudaoui,Nice,Midfielder,Hicham Boudaoui,Olympique Gymnaste Club Nice Côte d'Azur,https://www.transfermarkt.co.uk/hicham-boudaoui/profil/spieler/560593,0.91,exact_name,below_auto_match_threshold
algeria_houssem_aouar,Algeria,Houssem Aouar,Al Ittihad,Midfielder,Houssem Aouar,Al-Ittihad Football Club,https://www.transfermarkt.co.uk/houssem-aouar/profil/spieler/395693,0.86,exact_name,below_auto_match_threshold
algeria_ibrahim_maza,Algeria,Ibrahim Maza,Bayer Leverkusen,Midfielder,Ibrahim Maza,Bayer 04 Leverkusen Fußball,https://www.transfermarkt.co.uk/ibrahim-maza/profil/spieler/905011,0.86,exact_name,below_auto_match_threshold
algeria_jaouen_hadjam,Algeria,Jaouen Hadjam,Young Boys Bern,Defender,Jaouen Hadjam,Berner Sport Club Young Boys,https://www.transfermarkt.co.uk/jaouen-hadjam/profil/spieler/750903,0.91,exact_name,below_auto_match_threshold
algeria_mehdi_dorval,Algeria,Mehdi Dorval,SSC Bari,Defender,Mehdi Dorval,,https://www.transfermarkt.co.uk/mehdi-dorval/profil/spieler/784575,0.91,exact_name,below_auto_match_threshold
algeria_mohamed_amine_tougai,Algeria,Mohamed Amine Tougai,Esperance,Defender,Mohamed Amine Tougai,,https://www.transfermarkt.co.uk/mohamed-amine-tougai/profil/spieler/592396,0.91,exact_name,below_auto_match_threshold
algeria_mohamed_amoura,Algeria,Mohamed Amoura,VfL Wolfsburg,Forward,Mohamed Amoura,Verein für Leibesübungen Wolfsburg,https://www.transfermarkt.co.uk/mohamed-amoura/profil/spieler/746910,0.91,exact_name,below_auto_match_threshold
algeria_oussama_benbot,Algeria,Oussama Benbot,USM Alger,Goalkeeper,Oussama Benbout,,https://www.transfermarkt.co.uk/oussama-benbout/profil/spieler/437982,0.8831,near_name,below_auto_match_threshold
algeria_rafiq_belghali,Algeria,Rafiq Belghali,Hellas Verona,Defender,Rafik Belghali,Verona Hellas Football Club,https://www.transfermarkt.co.uk/rafik-belghali/profil/spieler/864306,0.8543,near_name,below_auto_match_threshold
algeria_ramiz_zerrouki,Algeria,Ramiz Zerrouki,FC Twente,Midfielder,Ramiz Zerrouki,Football Club Twente,https://www.transfermarkt.co.uk/ramiz-zerrouki/profil/spieler/416660,0.91,exact_name,below_auto_match_threshold
algeria_rayan_ait_nouri,Algeria,Rayan Ait Nouri,Manchester City,Defender,Rayan Aït-Nouri,Manchester City Football Club,https://www.transfermarkt.co.uk/rayan-ait-nouri/profil/spieler/578391,0.91,exact_name,below_auto_match_threshold
algeria_riyad_mahrez,Algeria,Riyad Mahrez,Al-Ahli,Forward,Riyad Mahrez,Al-Ahli Saudi Football Club,https://www.transfermarkt.co.uk/riyad-mahrez/profil/spieler/171424,0.91,exact_name,below_auto_match_threshold
algeria_youcef_atal,Algeria,Youcef Atal,Al-Sadd SC,Defender,Youcef Atal,Adana Demirspor,https://www.transfermarkt.co.uk/youcef-atal/profil/spieler/416108,0.91,exact_name,below_auto_match_threshold
algeria_zineddine_belaid,Algeria,Zineddine Belaïd,JS Kabylie,Defender,Zineddine Belaid,,https://www.transfermarkt.co.uk/zineddine-belaid/profil/spieler/625142,0.91,exact_name,below_auto_match_threshold
argentina_alexis_mac_allister,Argentina,Alexis Mac Allister,Liverpool,Midfielder,Alexis Mac Allister,Liverpool Football Club,https://www.transfermarkt.co.uk/alexis-mac-allister/profil/spieler/534033,0.91,exact_name,below_auto_match_threshold
argentina_cristian_romero,Argentina,Cristian Romero,Tottenham,Defender,Cristian Romero,Tottenham Hotspur Football Club,https://www.transfermarkt.co.uk/cristian-romero/profil/spieler/355915,0.91,exact_name,below_auto_match_threshold
argentina_emiliano_martinez,Argentina,Emiliano Martínez,Aston Villa,Goalkeeper,Emiliano Martínez,Aston Villa Football Club,https://www.transfermarkt.co.uk/emiliano-martinez/profil/spieler/111873,0.91,exact_name,below_auto_match_threshold
argentina_enzo_fernandez,Argentina,Enzo Fernández,Chelsea,Midfielder,Enzo Fernández,Chelsea Football Club,https://www.transfermarkt.co.uk/enzo-fernandez/profil/spieler/648195,0.91,exact_name,below_auto_match_threshold
argentina_exequiel_palacios,Argentina,Exequiel Palacios,Bayer Leverkusen,Midfielder,Exequiel Palacios,Bayer 04 Leverkusen Fußball,https://www.transfermarkt.co.uk/exequiel-palacios/profil/spieler/401578,0.91,exact_name,below_auto_match_threshold
argentina_ezequiel_fernandez,Argentina,Ezequiel Fernández,Bayer Leverkusen (Alemania),Midfielder,Equi Fernández,Bayer 04 Leverkusen Fußball,https://www.transfermarkt.co.uk/equi-fernandez/profil/spieler/664708,0.8125,fuzzy_name,low_confidence_candidate
argentina_facundo_medina,Argentina,Facundo Medina,Marseille,Defender,Facundo Medina,Olympique de Marseille,https://www.transfermarkt.co.uk/facundo-medina/profil/spieler/474800,0.91,exact_name,below_auto_match_threshold
argentina_geronimo_rulli,Argentina,Gerónimo Rulli,Marseille,Goalkeeper,Gerónimo Rulli,Olympique de Marseille,https://www.transfermarkt.co.uk/geronimo-rulli/profil/spieler/229604,0.91,exact_name,below_auto_match_threshold
argentina_giovani_lo_celso,Argentina,Giovani Lo Celso,Real Betis,Midfielder,Giovani Lo Celso,Real Betis Balompié S.A.D.,https://www.transfermarkt.co.uk/giovani-lo-celso/profil/spieler/348795,0.86,exact_name,below_auto_match_threshold
argentina_gonzalo_montiel,Argentina,Gonzalo Montiel,River Plate,Defender,Gonzalo Montiel,Club Atlético River Plate,https://www.transfermarkt.co.uk/gonzalo-montiel/profil/spieler/402733,0.91,exact_name,below_auto_match_threshold
argentina_jose_manuel_lopez,Argentina,Jose Manuel López,Palmeiras,Forward,José Manuel López,Sociedade Esportiva Palmeiras,https://www.transfermarkt.co.uk/jose-manuel-lopez/profil/spieler/844797,0.91,exact_name,below_auto_match_threshold
argentina_juan_musso,Argentina,Juan Musso,Atlético Madrid,Goalkeeper,Juan Musso,Club Atlético de Madrid S.A.D.,https://www.transfermarkt.co.uk/juan-musso/profil/spieler/242359,0.91,exact_name,below_auto_match_threshold
argentina_julian_alvarez,Argentina,Julián Álvarez,Atlético Madrid,Forward,Julián Álvarez,Club Atlético de Madrid S.A.D.,https://www.transfermarkt.co.uk/julian-alvarez/profil/spieler/576024,0.91,exact_name,below_auto_match_threshold
argentina_lautaro_martinez,Argentina,Lautaro Martínez,Internazionale,Forward,Lautaro Martínez,Football Club Internazionale Milano S.p.A.,https://www.transfermarkt.co.uk/lautaro-martinez/profil/spieler/406625,0.91,exact_name,below_auto_match_threshold
argentina_leandro_paredes,Argentina,Leandro Paredes,Boca Juniors,Midfielder,Leandro Paredes,Club Atlético Boca Juniors,https://www.transfermarkt.co.uk/leandro-paredes/profil/spieler/166237,0.91,exact_name,below_auto_match_threshold
argentina_leonardo_balerdi,Argentina,Leonardo Balerdi,Marseille,Defender,Leonardo Balerdi,Olympique de Marseille,https://www.transfermarkt.co.uk/leonardo-balerdi/profil/spieler/575998,0.91,exact_name,below_auto_match_threshold
argentina_lionel_messi,Argentina,Lionel Messi,Inter Miami,Forward,Lionel Messi,Club Internacional de Fútbol Miami,https://www.transfermarkt.co.uk/lionel-messi/profil/spieler/28003,0.91,exact_name,below_auto_match_threshold
argentina_lisandro_martinez,Argentina,Lisandro Martínez,Manchester United,Defender,Lisandro Martínez,Manchester United Football Club,https://www.transfermarkt.co.uk/lisandro-martinez/profil/spieler/480762,0.91,exact_name,below_auto_match_threshold
argentina_nahuel_molina,Argentina,Nahuel Molina,Atlético Madrid,Defender,Nahuel Molina,Club Atlético de Madrid S.A.D.,https://www.transfermarkt.co.uk/nahuel-molina/profil/spieler/424042,0.91,exact_name,below_auto_match_threshold
argentina_nicolas_gonzalez,Argentina,Nicolás González,Atlético de Madrid (España),Midfielder,Nico González,Club Atlético de Madrid S.A.D.,https://www.transfermarkt.co.uk/nico-gonzalez/profil/spieler/486031,0.8193,fuzzy_name,low_confidence_candidate
argentina_nicolas_otamendi,Argentina,Nicolás Otamendi,Benfica,Defender,Nicolás Otamendi,Sport Lisboa e Benfica,https://www.transfermarkt.co.uk/nicolas-otamendi/profil/spieler/54781,0.91,exact_name,below_auto_match_threshold
argentina_nicolas_paz,Argentina,Nicolás Paz,Como (Italia),Midfielder,Nicolás Paz,Club Atlético Unión,https://www.transfermarkt.co.uk/nicolas-paz/profil/spieler/991132,0.86,exact_name,below_auto_match_threshold
argentina_nicolas_tagliafico,Argentina,Nicolás Tagliafico,Lyon,Defender,Nicolás Tagliafico,Olympique Lyonnais,https://www.transfermarkt.co.uk/nicolas-tagliafico/profil/spieler/131225,0.91,exact_name,below_auto_match_threshold
argentina_rodrigo_de_paul,Argentina,Rodrigo De Paul,Inter Miami,Midfielder,Rodrigo De Paul,Club Internacional de Fútbol Miami,https://www.transfermarkt.co.uk/rodrigo-de-paul/profil/spieler/255901,0.91,exact_name,below_auto_match_threshold
argentina_thiago_almada,Argentina,Thiago Almada,Atlético de Madrid (España),Midfielder,Thiago Almada,Club Atlético de Madrid S.A.D.,https://www.transfermarkt.co.uk/thiago-almada/profil/spieler/576028,0.9,exact_name,below_auto_match_threshold
argentina_valentin_barco,Argentina,Valentín Barco,Strasbourg,Midfielder,Valentín Barco,Racing Club de Strasbourg Alsace,https://www.transfermarkt.co.uk/valentin-barco/profil/spieler/849410,0.91,exact_name,below_auto_match_threshold
australia_aiden_o_neill,Australia,Aiden O’Neill,New York City,Midfielder,Aiden O'Neill,New York City Football Club,https://www.transfermarkt.co.uk/aiden-oneill/profil/spieler/385918,0.91,exact_name,below_auto_match_threshold
australia_awer_mabil,Australia,Awer Mabil,CD Castellón,Forward,Awer Mabil,Cádiz CF,https://www.transfermarkt.co.uk/awer-mabil/profil/spieler/255729,0.91,exact_name,below_auto_match_threshold
australia_aziz_behich,Australia,Aziz Behich,Melbourne City,Defender,Aziz Behich,Melbourne City Football Club,https://www.transfermarkt.co.uk/aziz-behich/profil/spieler/136834,0.91,exact_name,below_auto_match_threshold
australia_cameron_devlin,Australia,Cameron Devlin,Hearts,Midfielder,Cammy Devlin,Heart of Midlothian Football Club,https://www.transfermarkt.co.uk/cammy-devlin/profil/spieler/399162,0.73,fuzzy_name,low_confidence_candidate
australia_connor_metcalfe,Australia,Connor Metcalfe,St Pauli FC,Midfielder,Connor Metcalfe,Fußball-Club St. Pauli von 1910,https://www.transfermarkt.co.uk/connor-metcalfe/profil/spieler/522223,0.91,exact_name,below_auto_match_threshold
australia_cristian_volpato,Australia,Cristian Volpato,Sassuolo,Midfielder,Cristian Volpato,Unione Sportiva Sassuolo Calcio,https://www.transfermarkt.co.uk/cristian-volpato/profil/spieler/746891,0.86,exact_name,below_auto_match_threshold
australia_jackson_irvine,Australia,Jackson Irvine,St Pauli,Midfielder,Jackson Irvine,Fußball-Club St. Pauli von 1910,https://www.transfermarkt.co.uk/jackson-irvine/profil/spieler/192557,0.91,exact_name,below_auto_match_threshold
australia_jacob_italiano,Australia,Jacob Italiano,Grazer AK,Defender,Jacob Italiano,Grazer Athletiksport Klub 1902,https://www.transfermarkt.co.uk/jacob-italiano/profil/spieler/545810,0.91,exact_name,below_auto_match_threshold
australia_jordan_bos,Australia,Jordan Bos,Feyenoord,Defender,Jordan Bos,Feyenoord Rotterdam,https://www.transfermarkt.co.uk/jordan-bos/profil/spieler/855731,0.91,exact_name,below_auto_match_threshold
australia_kai_trewin,Australia,Kai Trewin,New York City,Defender,Kai Trewin,New York City Football Club,https://www.transfermarkt.co.uk/kai-trewin/profil/spieler/691326,0.86,exact_name,below_auto_match_threshold
australia_mathew_leckie,Australia,Mathew Leckie,Melbourne City,Forward,Mathew Leckie,Melbourne City Football Club,https://www.transfermarkt.co.uk/mathew-leckie/profil/spieler/126214,0.91,exact_name,below_auto_match_threshold
australia_matthew_ryan,Australia,Matthew Ryan,Levante,Goalkeeper,Mathew Ryan,Levante Unión Deportiva S.A.D.,https://www.transfermarkt.co.uk/mathew-ryan/profil/spieler/128969,0.8761,near_name,below_auto_match_threshold
australia_milos_degenek,Australia,Milos Degenek,Apoel FC,Defender,Milos Degenek,,https://www.transfermarkt.co.uk/milos-degenek/profil/spieler/187353,0.91,exact_name,below_auto_match_threshold
australia_patrick_beach,Australia,Patrick Beach,Melbourne City,Goalkeeper,Patrick Beach,Melbourne City Football Club,https://www.transfermarkt.co.uk/patrick-beach/profil/spieler/983578,0.91,exact_name,below_auto_match_threshold
australia_paul_izzo,Australia,Paul Izzo,Randers FC,Goalkeeper,Paul Izzo,Randers Fodbold Club,https://www.transfermarkt.co.uk/paul-izzo/profil/spieler/181921,0.91,exact_name,below_auto_match_threshold
australia_paul_okon,Australia,Paul Okon,Sydney FC,Midfielder,Paul Okon-Engstler,Sydney Football Club,https://www.transfermarkt.co.uk/paul-okon-engstler/profil/spieler/1064377,0.65,fuzzy_name,low_confidence_candidate
australia_tete_yengi,Australia,Tete Yengi,Machida Zelvia,Forward,Tete Yengi,Zelvia,https://www.transfermarkt.co.uk/tete-yengi/profil/spieler/849429,0.91,exact_name,below_auto_match_threshold
austria_alessandro_schopf,Austria,Alessandro Schopf,Wolfsberger AC,Midfielder,Alessandro Schöpf,RZ Pellets Wolfsberger Athletiksport Club,https://www.transfermarkt.co.uk/alessandro-schopf/profil/spieler/118397,0.91,exact_name,below_auto_match_threshold
austria_alexander_prass,Austria,Alexander Prass,TSG Hoffenheim,Defender,Alexander Prass,Turn- und Sportgemeinschaft 1899 Hoffenheim Fußball-Spielbetriebs,https://www.transfermarkt.co.uk/alexander-prass/profil/spieler/434116,0.86,exact_name,below_auto_match_threshold
austria_alexander_schlager,Austria,Alexander Schlager,RB Salzburg,Goalkeeper,Alexander Schlager,Fußballclub Red Bull Salzburg,https://www.transfermarkt.co.uk/alexander-schlager/profil/spieler/186374,0.91,exact_name,below_auto_match_threshold
austria_christoph_baumgartner,Austria,Christoph Baumgartner,RB Leipzig,Midfielder,Christoph Baumgartner,RasenBallsport Leipzig,https://www.transfermarkt.co.uk/christoph-baumgartner/profil/spieler/324278,0.86,exact_name,below_auto_match_threshold
austria_david_affengruber,Austria,David Affengruber,Elche,Defender,David Affengruber,Elche Club de Fútbol S.A.D.,https://www.transfermarkt.co.uk/david-affengruber/profil/spieler/452483,0.91,exact_name,below_auto_match_threshold
austria_david_alaba,Austria,David Alaba,Real Madrid,Defender,David Alaba,Real Madrid Club de Fútbol,https://www.transfermarkt.co.uk/david-alaba/profil/spieler/59016,0.91,exact_name,below_auto_match_threshold
austria_florian_grillitsch,Austria,Florian Grillitsch,Braga,Midfielder,Florian Grillitsch,Sporting Clube de Braga,https://www.transfermarkt.co.uk/florian-grillitsch/profil/spieler/195736,0.91,exact_name,below_auto_match_threshold
austria_kevin_danso,Austria,Kevin Danso,Tottehham,Defender,Kevin Danso,Tottenham Hotspur Football Club,https://www.transfermarkt.co.uk/kevin-danso/profil/spieler/263236,0.91,exact_name,below_auto_match_threshold
austria_konrad_laimer,Austria,Konrad Laimer,Bayern Munich,Midfielder,Konrad Laimer,FC Bayern München,https://www.transfermarkt.co.uk/konrad-laimer/profil/spieler/223967,0.9,exact_name,below_auto_match_threshold
austria_marco_friedl,Austria,Marco Friedl,Werder Bremen,Defender,Marco Friedl,Sportverein Werder Bremen von 1899,https://www.transfermarkt.co.uk/marco-friedl/profil/spieler/156990,0.91,exact_name,below_auto_match_threshold
austria_marko_arnautovic,Austria,Marko Arnautovic,Red Star Belgrade,Forward,Marko Arnautovic,Fudbalski klub Crvena zvezda Beograd,https://www.transfermarkt.co.uk/marko-arnautovic/profil/spieler/41384,0.91,exact_name,below_auto_match_threshold
austria_michael_gregoritsch,Austria,Michael Gregoritsch,FC Augsburg,Forward,Michael Gregoritsch,Fußball-Club Augsburg 1907,https://www.transfermarkt.co.uk/michael-gregoritsch/profil/spieler/120205,0.91,exact_name,below_auto_match_threshold
austria_nicolas_seiwald,Austria,Nicolas Seiwald,RB Leipzig,Midfielder,Nicolas Seiwald,RasenBallsport Leipzig,https://www.transfermarkt.co.uk/nicolas-seiwald/profil/spieler/404950,0.91,exact_name,below_auto_match_threshold
austria_patrick_pentz,Austria,Patrick Pentz,Brondby,Goalkeeper,Patrick Pentz,Brøndby Idrætsforening,https://www.transfermarkt.co.uk/patrick-pentz/profil/spieler/223972,0.91,exact_name,below_auto_match_threshold
austria_patrick_wimmer,Austria,Patrick Wimmer,Wolfsburg,Midfielder,Patrick Wimmer,Verein für Leibesübungen Wolfsburg,https://www.transfermarkt.co.uk/patrick-wimmer/profil/spieler/533295,0.86,exact_name,below_auto_match_threshold
austria_paul_wanner,Austria,Paul Wanner,PSV Eindhoven,Midfielder,Paul Wanner,Eindhovense Voetbalvereniging Philips Sport Vereniging,https://www.transfermarkt.co.uk/paul-wanner/profil/spieler/900909,0.91,exact_name,below_auto_match_threshold
austria_philipp_lienhart,Austria,Philipp Lienhart,SC Freiburg,Defender,Philipp Lienhart,Sport-Club Freiburg,https://www.transfermarkt.co.uk/philipp-lienhart/profil/spieler/225657,0.91,exact_name,below_auto_match_threshold
austria_philipp_mwene,Austria,Philipp Mwene,Mainz 05,Defender,Phillipp Mwene,1. Fußball- und Sportverein Mainz 05,https://www.transfermarkt.co.uk/phillipp-mwene/profil/spieler/127573,0.8811,near_name,below_auto_match_threshold
austria_romano_schmid,Austria,Romano Schmid,Werder Bremen,Midfielder,Romano Schmid,Sportverein Werder Bremen von 1899,https://www.transfermarkt.co.uk/romano-schmid/profil/spieler/346853,0.86,exact_name,below_auto_match_threshold
austria_sasa_kalajdzic,Austria,Sasa Kalajdzic,LASK Linz,Forward,Sasa Kalajdzic,Linzer Athletik-Sport-Klub,https://www.transfermarkt.co.uk/sasa-kalajdzic/profil/spieler/369567,0.91,exact_name,below_auto_match_threshold
austria_stefan_posch,Austria,Stefan Posch,Mainz 05,Defender,Stefan Posch,1. Fußball- und Sportverein Mainz 05,https://www.transfermarkt.co.uk/stefan-posch/profil/spieler/223974,0.91,exact_name,below_auto_match_threshold
austria_xaver_schlager,Austria,Xaver Schlager,RB Leipzig,Midfielder,Xaver Schlager,RasenBallsport Leipzig,https://www.transfermarkt.co.uk/xaver-schlager/profil/spieler/223979,0.91,exact_name,below_auto_match_threshold
belgium_alexis_saelemaekers,Belgium,Alexis Saelemaekers,AC Milan,Forward,Alexis Saelemaekers,Associazione Calcio Milan,https://www.transfermarkt.co.uk/alexis-saelemaekers/profil/spieler/381950,0.86,exact_name,below_auto_match_threshold
belgium_amadou_onana,Belgium,Amadou Onana,Aston Villa,Midfielder,Amadou Onana,Aston Villa Football Club,https://www.transfermarkt.co.uk/amadou-onana/profil/spieler/485706,0.91,exact_name,below_auto_match_threshold
belgium_axel_witsel,Belgium,Axel Witsel,Girona,Midfielder,Axel Witsel,Girona Fútbol Club S. A. D.,https://www.transfermarkt.co.uk/axel-witsel/profil/spieler/35047,0.91,exact_name,below_auto_match_threshold
belgium_brandon_mechele,Belgium,Brandon Mechele,Club Brugge,Defender,Brandon Mechele,Club Brugge Koninklijke Voetbalvereniging,https://www.transfermarkt.co.uk/brandon-mechele/profil/spieler/236168,0.91,exact_name,below_auto_match_threshold
belgium_charles_de_ketelaere,Belgium,Charles De Ketelaere,Atalanta,Forward,Charles De Ketelaere,Atalanta Bergamasca Calcio S.p.a.,https://www.transfermarkt.co.uk/charles-de-ketelaere/profil/spieler/435772,0.91,exact_name,below_auto_match_threshold
belgium_diego_moreira,Belgium,Diego Moreira,Strasbourg,Forward,Diego Moreira,Racing Club de Strasbourg Alsace,https://www.transfermarkt.co.uk/diego-moreira/profil/spieler/655006,0.86,exact_name,below_auto_match_threshold
belgium_dodi_lukebakio,Belgium,Dodi Lukebakio,Benfica,Forward,Dodi Lukébakio,Sport Lisboa e Benfica,https://www.transfermarkt.co.uk/dodi-lukebakio/profil/spieler/303259,0.91,exact_name,below_auto_match_threshold
belgium_hans_vanaken,Belgium,Hans Vanaken,Club Brugge,Midfielder,Hans Vanaken,Club Brugge Koninklijke Voetbalvereniging,https://www.transfermarkt.co.uk/hans-vanaken/profil/spieler/137576,0.86,exact_name,below_auto_match_threshold
belgium_joaquin_seys,Belgium,Joaquin Seys,Club Brugge,Defender,Joaquin Seys,Club Brugge Koninklijke Voetbalvereniging,https://www.transfermarkt.co.uk/joaquin-seys/profil/spieler/981196,0.91,exact_name,below_auto_match_threshold
belgium_jeremy_doku,Belgium,Jérémy Doku,Manchester City,Forward,Jérémy Doku,Manchester City Football Club,https://www.transfermarkt.co.uk/jeremy-doku/profil/spieler/486049,0.91,exact_name,below_auto_match_threshold
belgium_kevin_de_bruyne,Belgium,Kevin De Bruyne,Napoli,Midfielder,Kevin De Bruyne,Società Sportiva Calcio Napoli,https://www.transfermarkt.co.uk/kevin-de-bruyne/profil/spieler/88755,0.86,exact_name,below_auto_match_threshold
belgium_koni_de_winter,Belgium,Koni De Winter,AC Milan,Defender,Koni De Winter,Associazione Calcio Milan,https://www.transfermarkt.co.uk/koni-de-winter/profil/spieler/490384,0.91,exact_name,below_auto_match_threshold
belgium_leandro_trossard,Belgium,Leandro Trossard,Arsenal,Forward,Leandro Trossard,Arsenal Football Club,https://www.transfermarkt.co.uk/leandro-trossard/profil/spieler/144028,0.91,exact_name,below_auto_match_threshold
belgium_matias_fernandez_pardo,Belgium,Matias Fernandez-Pardo,Lille,Forward,Matias Fernandez-Pardo,Lille Olympique Sporting Club,https://www.transfermarkt.co.uk/matias-fernandez-pardo/profil/spieler/724129,0.91,exact_name,below_auto_match_threshold
belgium_maxim_de_cuyper,Belgium,Maxim De Cuyper,Brighton & Hove Albion,Defender,Maxim De Cuyper,Brighton and Hove Albion Football Club,https://www.transfermarkt.co.uk/maxim-de-cuyper/profil/spieler/429915,0.91,exact_name,below_auto_match_threshold
belgium_mike_penders,Belgium,Mike Penders,Chelsea,Goalkeeper,Mike Penders,Racing Club de Strasbourg Alsace,https://www.transfermarkt.co.uk/mike-penders/profil/spieler/834397,0.91,exact_name,below_auto_match_threshold
belgium_nathan_ngoy,Belgium,Nathan Ngoy,Lille,Defender,Nathan Ngoy,Lille Olympique Sporting Club,https://www.transfermarkt.co.uk/nathan-ngoy/profil/spieler/548254,0.91,exact_name,below_auto_match_threshold
belgium_nicolas_raskin,Belgium,Nicolas Raskin,Rangers,Midfielder,Nicolas Raskin,Rangers Football Club,https://www.transfermarkt.co.uk/nicolas-raskin/profil/spieler/422763,0.91,exact_name,below_auto_match_threshold
belgium_romelu_lukaku,Belgium,Romelu Lukaku,Napoli,Forward,Romelu Lukaku,Società Sportiva Calcio Napoli,https://www.transfermarkt.co.uk/romelu-lukaku/profil/spieler/96341,0.91,exact_name,below_auto_match_threshold
belgium_senne_lammens,Belgium,Senne Lammens,Manchester United,Goalkeeper,Senne Lammens,Manchester United Football Club,https://www.transfermarkt.co.uk/senne-lammens/profil/spieler/503883,0.91,exact_name,below_auto_match_threshold
belgium_thibaut_courtois,Belgium,Thibaut Courtois,Real Madrid,Goalkeeper,Thibaut Courtois,Real Madrid Club de Fútbol,https://www.transfermarkt.co.uk/thibaut-courtois/profil/spieler/108390,0.91,exact_name,below_auto_match_threshold
belgium_thomas_meunier,Belgium,Thomas Meunier,Lille,Defender,Thomas Meunier,Lille Olympique Sporting Club,https://www.transfermarkt.co.uk/thomas-meunier/profil/spieler/100986,0.91,exact_name,below_auto_match_threshold
belgium_timothy_castagne,Belgium,Timothy Castagne,Fulham,Defender,Timothy Castagne,Fulham Football Club,https://www.transfermarkt.co.uk/timothy-castagne/profil/spieler/262226,0.91,exact_name,below_auto_match_threshold
belgium_youri_tielemans,Belgium,Youri Tielemans,Aston Villa,Midfielder,Youri Tielemans,Aston Villa Football Club,https://www.transfermarkt.co.uk/youri-tielemans/profil/spieler/249565,0.91,exact_name,below_auto_match_threshold
belgium_zeno_debast,Belgium,Zeno Debast,Sporting CP,Defender,Zeno Debast,Sporting Clube de Portugal,https://www.transfermarkt.co.uk/zeno-debast/profil/spieler/548193,0.91,exact_name,below_auto_match_threshold
bosnia_and_herzegovina_amar_dedic,Bosnia and Herzegovina,Amar Dedic,Benfica,Defender,Amar Dedić,Sport Lisboa e Benfica,https://www.transfermarkt.co.uk/amar-dedic/profil/spieler/519184,0.91,exact_name,below_auto_match_threshold
bosnia_and_herzegovina_armin_gigovic,Bosnia and Herzegovina,Armin Gigovic,Young Boys,Midfielder,Armin Gigovic,Berner Sport Club Young Boys,https://www.transfermarkt.co.uk/armin-gigovic/profil/spieler/651269,0.91,exact_name,below_auto_match_threshold
bosnia_and_herzegovina_benjamin_tahirovic,Bosnia and Herzegovina,Benjamin Tahirovic,Brondby,Midfielder,Benjamin Tahirović,Brøndby Idrætsforening,https://www.transfermarkt.co.uk/benjamin-tahirovic/profil/spieler/787907,0.91,exact_name,below_auto_match_threshold
bosnia_and_herzegovina_dzenis_burnic,Bosnia and Herzegovina,Dzenis Burnic,Karlsruher SC,Midfielder,Dzenis Burnic,,https://www.transfermarkt.co.uk/dzenis-burnic/profil/spieler/251295,0.91,exact_name,below_auto_match_threshold
bosnia_and_herzegovina_ermedin_demirovic,Bosnia and Herzegovina,Ermedin Demirovic,VfB Stuttgart,Forward,Ermedin Demirovic,Verein für Bewegungsspiele Stuttgart 1893,https://www.transfermarkt.co.uk/ermedin-demirovic/profil/spieler/335457,0.91,exact_name,below_auto_match_threshold
bosnia_and_herzegovina_esmir_bajraktarevic,Bosnia and Herzegovina,Esmir Bajraktarevic,PSV Eindhoven,Midfielder,Esmir Bajraktarevic,Eindhovense Voetbalvereniging Philips Sport Vereniging,https://www.transfermarkt.co.uk/esmir-bajraktarevic/profil/spieler/925862,0.86,exact_name,below_auto_match_threshold
bosnia_and_herzegovina_haris_tabakovic,Bosnia and Herzegovina,Haris Tabakovic,Borussia Moenchengladbach,Forward,Haris Tabakovic,Borussia Verein für Leibesübungen 1900 Mönchengladbach,https://www.transfermarkt.co.uk/haris-tabakovic/profil/spieler/203123,0.91,exact_name,below_auto_match_threshold
bosnia_and_herzegovina_ivan_basic,Bosnia and Herzegovina,Ivan Basic,Astana,Midfielder,Ivan Basic,,https://www.transfermarkt.co.uk/ivan-basic/profil/spieler/620560,0.91,exact_name,below_auto_match_threshold
bosnia_and_herzegovina_ivan_sunjic,Bosnia and Herzegovina,Ivan Sunjic,Pafos,Midfielder,Ivan Sunjic,,https://www.transfermarkt.co.uk/ivan-sunjic/profil/spieler/226097,0.91,exact_name,below_auto_match_threshold
bosnia_and_herzegovina_jovo_lukic,Bosnia and Herzegovina,Jovo Lukic,Universitatea Cluj,Forward,Jovo Lukić,Asociația Sportivă Fotbal Club Universitatea Cluj,https://www.transfermarkt.co.uk/jovo-lukic/profil/spieler/457738,0.91,exact_name,below_auto_match_threshold
bosnia_and_herzegovina_kerim_alajbegovic,Bosnia and Herzegovina,Kerim Alajbegovic,RB Salzburg,Midfielder,Kerim Alajbegovic,Fußballclub Red Bull Salzburg,https://www.transfermarkt.co.uk/kerim-alajbegovic/profil/spieler/929994,0.86,exact_name,below_auto_match_threshold
bosnia_and_herzegovina_martin_zlomislic,Bosnia and Herzegovina,Martin Zlomislic,Rijeka,Goalkeeper,Martin Zlomislic,Hrvatski Nogometni Klub Rijeka,https://www.transfermarkt.co.uk/martin-zlomislic/profil/spieler/495320,0.91,exact_name,below_auto_match_threshold
bosnia_and_herzegovina_nidal_celik,Bosnia and Herzegovina,Nidal Celik,Lens,Defender,Nidal Celik,Racing Club de Lens,https://www.transfermarkt.co.uk/nidal-celik/profil/spieler/819566,0.91,exact_name,below_auto_match_threshold
bosnia_and_herzegovina_nihad_mujakic,Bosnia and Herzegovina,Nihad Mujakic,Gaziantep,Defender,Nihad Mujakic,Gaziantep Futbol Kulübü A.Ş.,https://www.transfermarkt.co.uk/nihad-mujakic/profil/spieler/380919,0.91,exact_name,below_auto_match_threshold
bosnia_and_herzegovina_nikola_vasilj,Bosnia and Herzegovina,Nikola Vasilj,St Pauli,Goalkeeper,Nikola Vasilj,Fußball-Club St. Pauli von 1910,https://www.transfermarkt.co.uk/nikola-vasilj/profil/spieler/248454,0.91,exact_name,below_auto_match_threshold
bosnia_and_herzegovina_osman_hadzikic,Bosnia and Herzegovina,Osman Hadzikic,Slaven Belupo,Goalkeeper,Osman Hadzikic,NK Slaven Belupo Koprivnica,https://www.transfermarkt.co.uk/osman-hadzikic/profil/spieler/188881,0.91,exact_name,below_auto_match_threshold
bosnia_and_herzegovina_samed_bazdar,Bosnia and Herzegovina,Samed Bazdar,Jagiellonia Bialystok,Forward,Samed Bazdar,Jagiellonia-Bialystok Sportowa Spólka Akcyjna,https://www.transfermarkt.co.uk/samed-bazdar/profil/spieler/710969,0.91,exact_name,below_auto_match_threshold
bosnia_and_herzegovina_sead_kolasinac,Bosnia and Herzegovina,Sead Kolasinac,Atalanta,Defender,Sead Kolasinac,Atalanta Bergamasca Calcio S.p.a.,https://www.transfermarkt.co.uk/sead-kolasinac/profil/spieler/94005,0.91,exact_name,below_auto_match_threshold
bosnia_and_herzegovina_stjepan_radeljic,Bosnia and Herzegovina,Stjepan Radeljic,Rijeka,Defender,Stjepan Radeljic,Hrvatski Nogometni Klub Rijeka,https://www.transfermarkt.co.uk/stjepan-radeljic/profil/spieler/384568,0.91,exact_name,below_auto_match_threshold
bosnia_and_herzegovina_tarik_muharemovic,Bosnia and Herzegovina,Tarik Muharemovic,Sassuolo,Defender,Tarik Muharemović,Unione Sportiva Sassuolo Calcio,https://www.transfermarkt.co.uk/tarik-muharemovic/profil/spieler/679423,0.91,exact_name,below_auto_match_threshold
brazil_alex_sandro,Brazil,Alex Sandro,Flamengo,Defender,Alex Sandro,Clube de Regatas do Flamengo,https://www.transfermarkt.co.uk/alex-sandro/profil/spieler/79960,0.91,exact_name,below_auto_match_threshold
brazil_alisson_becker,Brazil,Alisson Becker,Liverpool,Goalkeeper,Alisson,Liverpool Football Club,https://www.transfermarkt.co.uk/alisson/profil/spieler/105470,0.65,fuzzy_name,low_confidence_candidate
brazil_bremer,Brazil,Bremer,Juventus,Defender,Bremer,Juventus Football Club,https://www.transfermarkt.co.uk/bremer/profil/spieler/516716,0.91,exact_name,below_auto_match_threshold
brazil_bruno_guimaraes,Brazil,Bruno Guimarães,Newcastle United,Midfielder,Bruno Guimarães,Newcastle United Football Club,https://www.transfermarkt.co.uk/bruno-guimaraes/profil/spieler/520624,0.91,exact_name,below_auto_match_threshold
brazil_casemiro,Brazil,Casemiro,Manchester United,Midfielder,Casemiro,Manchester United Football Club,https://www.transfermarkt.co.uk/casemiro/profil/spieler/16306,0.91,exact_name,below_auto_match_threshold
brazil_danilo,Brazil,Danilo,Flamengo,Defender,Danilo,Bologna Football Club 1909,https://www.transfermarkt.co.uk/danilo/profil/spieler/32816,0.91,exact_name,below_auto_match_threshold
brazil_danilo_santos,Brazil,Danilo Santos,Botafogo,Midfielder,Adílio Santos,Futebol Clube de Arouca,https://www.transfermarkt.co.uk/adilio-santos/profil/spieler/455945,0.74,fuzzy_name,low_confidence_candidate
brazil_endrick,Brazil,Endrick,Lyon,Forward,Endrick,Olympique Lyonnais,https://www.transfermarkt.co.uk/endrick/profil/spieler/971570,0.91,exact_name,below_auto_match_threshold
brazil_fabinho,Brazil,Fabinho,Al Ittihad,Midfielder,Fabinho,Al-Ittihad Football Club,https://www.transfermarkt.co.uk/fabinho/profil/spieler/225693,0.91,exact_name,below_auto_match_threshold
brazil_gabriel_magalhaes,Brazil,Gabriel Magalhães,Arsenal,Defender,Gabriel Banga,Club de Regatas Vasco da Gama,https://www.transfermarkt.co.uk/gabriel-banga/profil/spieler/640275,0.702,fuzzy_name,low_confidence_candidate
brazil_gabriel_martinelli,Brazil,Gabriel Martinelli,Arsenal,Forward,Gabriel Martinelli,Arsenal Football Club,https://www.transfermarkt.co.uk/gabriel-martinelli/profil/spieler/655488,0.91,exact_name,below_auto_match_threshold
brazil_igor_thiago,Brazil,Igor Thiago,Brentford,Forward,Igor Thiago,Brentford Football Club,https://www.transfermarkt.co.uk/igor-thiago/profil/spieler/739443,0.91,exact_name,below_auto_match_threshold
brazil_lucas_paqueta,Brazil,Lucas Paquetá,Flamengo,Midfielder,Lucas Paquetá,Clube de Regatas do Flamengo,https://www.transfermarkt.co.uk/lucas-paqueta/profil/spieler/444523,0.86,exact_name,below_auto_match_threshold
brazil_leo_pereira,Brazil,Léo Pereira,Flamengo,Defender,Léo Pereira,Clube de Regatas do Flamengo,https://www.transfermarkt.co.uk/leo-pereira/profil/spieler/288431,0.91,exact_name,below_auto_match_threshold
brazil_marquinhos,Brazil,Marquinhos,Paris Saint-Germain,Defender,Marquinhos,Paris Saint-Germain Football Club,https://www.transfermarkt.co.uk/marquinhos/profil/spieler/181767,0.91,exact_name,below_auto_match_threshold
brazil_matheus_cunha,Brazil,Matheus Cunha,Manchester United,Forward,Matheus Cunha,Manchester United Football Club,https://www.transfermarkt.co.uk/matheus-cunha/profil/spieler/517894,0.91,exact_name,below_auto_match_threshold
brazil_neymar_jr,Brazil,Neymar Jr.,Santos FC,Forward,Neymar,Santos Futebol Clube,https://www.transfermarkt.co.uk/neymar/profil/spieler/68290,0.754,fuzzy_name,low_confidence_candidate
brazil_raphinha,Brazil,Raphinha,Barcelona,Forward,Raphinha,Futbol Club Barcelona,https://www.transfermarkt.co.uk/raphinha/profil/spieler/411295,0.91,exact_name,below_auto_match_threshold
brazil_rayan,Brazil,Rayan,Bournemouth,Forward,Rayan,Association Football Club Bournemouth,https://www.transfermarkt.co.uk/rayan/profil/spieler/1012564,0.91,exact_name,below_auto_match_threshold
brazil_roger_ibanez,Brazil,Roger Ibañez,Al Ahli,Defender,Roger Ibañez,Al-Ahli Saudi Football Club,https://www.transfermarkt.co.uk/roger-ibanez/profil/spieler/524481,0.91,exact_name,below_auto_match_threshold
brazil_vinicius_junior,Brazil,Vinícius Júnior,Real Madrid,Forward,Vinicius Junior,Real Madrid Club de Fútbol,https://www.transfermarkt.co.uk/vinicius-junior/profil/spieler/371998,0.91,exact_name,below_auto_match_threshold
brazil_wesley_franca,Brazil,Wesley França,AS Roma,Defender,Wesley Juan,Clube de Regatas do Flamengo,https://www.transfermarkt.co.uk/wesley-juan/profil/spieler/1097844,0.715,fuzzy_name,low_confidence_candidate
brazil_weverton,Brazil,Weverton,Grêmio,Goalkeeper,Weverton,Grêmio Foot-Ball Porto Alegrense,https://www.transfermarkt.co.uk/weverton/profil/spieler/69400,0.91,exact_name,below_auto_match_threshold
brazil_ederson,Brazil,Éderson,Fenerbahce,Goalkeeper,Ederson,Fenerbahçe Spor Kulübü,https://www.transfermarkt.co.uk/ederson/profil/spieler/238223,0.91,exact_name,below_auto_match_threshold
canada_ali_ahmed,Canada,Ali Ahmed,Norwich City FC,Midfielder,Ahmed Kashi,Football Club de Metz,https://www.transfermarkt.co.uk/ahmed-kashi/profil/spieler/73120,0.674,fuzzy_name,low_confidence_candidate
canada_alistair_johnston,Canada,Alistair Johnston,Celtic FC,Defender,Alistair Johnston,The Celtic Football Club,https://www.transfermarkt.co.uk/alistair-johnston/profil/spieler/637446,0.91,exact_name,below_auto_match_threshold
canada_cyle_larin,Canada,Cyle Larin,RCD Mallorca,Forward,Cyle Larin,Real Club Deportivo Mallorca S.A.D.,https://www.transfermarkt.co.uk/cyle-larin/profil/spieler/343463,0.91,exact_name,below_auto_match_threshold
canada_dayne_st_clair,Canada,Dayne St. Clair,Inter Miami FC,Goalkeeper,Dayne St. Clair,Club Internacional de Fútbol Miami,https://www.transfermarkt.co.uk/dayne-st-clair/profil/spieler/439750,0.91,exact_name,below_auto_match_threshold
canada_jacob_shaffelburg,Canada,Jacob Shaffelburg,LAFC,Midfielder,Jacob Shaffelburg,Los Angeles Football Club,https://www.transfermarkt.co.uk/jacob-shaffelburg/profil/spieler/637632,0.86,exact_name,below_auto_match_threshold
canada_joel_waterman,Canada,Joel Waterman,Chicago Fire FC,Defender,Joel Waterman,Chicago Fire Soccer Club,https://www.transfermarkt.co.uk/joel-waterman/profil/spieler/441738,0.91,exact_name,below_auto_match_threshold
canada_jonathan_david,Canada,Jonathan David,Juventus FC,Forward,Jonathan David,Juventus Football Club,https://www.transfermarkt.co.uk/jonathan-david/profil/spieler/533738,0.91,exact_name,below_auto_match_threshold
canada_liam_millar,Canada,Liam Millar,Hull City FC,Midfielder,Liam Millar,Kilmarnock Football Club,https://www.transfermarkt.co.uk/liam-millar/profil/spieler/487417,0.86,exact_name,below_auto_match_threshold
canada_luc_de_fougerolles,Canada,Luc de Fougerolles,Fulham FC,Defender,Luc De Fougerolles,FC Verbroedering Denderhoutem Denderleeuw Eendracht Hekelgem,https://www.transfermarkt.co.uk/luc-de-fougerolles/profil/spieler/921995,0.91,exact_name,below_auto_match_threshold
canada_marcelo_flores,Canada,Marcelo Flores,Tigres UANL,Midfielder,Marcelo Flores,Club Tigres UANL Sinergia Deportiva S.A. de C.V.,https://www.transfermarkt.co.uk/marcelo-flores/profil/spieler/668495,0.86,exact_name,below_auto_match_threshold
canada_mathieu_choiniere,Canada,Mathieu Choinière,LAFC,Midfielder,Mathieu Choinière,Los Angeles Football Club,https://www.transfermarkt.co.uk/mathieu-choiniere/profil/spieler/589006,0.91,exact_name,below_auto_match_threshold
canada_moise_bombito,Canada,Moïse Bombito,OGC Nice,Defender,Moïse Bombito,Olympique Gymnaste Club Nice Côte d'Azur,https://www.transfermarkt.co.uk/moise-bombito/profil/spieler/1089202,0.91,exact_name,below_auto_match_threshold
canada_niko_sigur,Canada,Niko Sigur,Hadjuk Split,Defender,Niko Sigur,HNK Hajduk Split,https://www.transfermarkt.co.uk/niko-sigur/profil/spieler/1045375,0.9,exact_name,below_auto_match_threshold
canada_owen_goodman,Canada,Owen Goodman,Barnsley FC,Goalkeeper,Owen Goodman,,https://www.transfermarkt.co.uk/owen-goodman/profil/spieler/814848,0.91,exact_name,below_auto_match_threshold
canada_stephen_eustaquio,Canada,Stephen Eustáquio,FC Porto,Midfielder,Stephen Eustaquio,Los Angeles Football Club,https://www.transfermarkt.co.uk/stephen-eustaquio/profil/spieler/512913,0.91,exact_name,below_auto_match_threshold
canada_tajon_buchanan,Canada,Tajon Buchanan,Villarreal CF,Midfielder,Tajon Buchanan,Villarreal Club de Fútbol S.A.D.,https://www.transfermarkt.co.uk/tajon-buchanan/profil/spieler/638793,0.86,exact_name,below_auto_match_threshold
canada_tani_oluwaseyi,Canada,Tani Oluwaseyi,Villarreal CF,Forward,Tani Oluwaseyi,Villarreal Club de Fútbol S.A.D.,https://www.transfermarkt.co.uk/tani-oluwaseyi/profil/spieler/972465,0.91,exact_name,below_auto_match_threshold
cape_verde_carlos_santos,Cape Verde,Carlos Santos,San Diego,Goalkeeper,Carlos Santos,Boavista FC,https://www.transfermarkt.co.uk/carlos-santos/profil/spieler/209015,0.78,exact_name,low_confidence_candidate
cape_verde_dailon_livramento,Cape Verde,Dailon Livramento,Casa Pia,Forward,Dailon Livramento,Casa Pia Atlético Clube,https://www.transfermarkt.co.uk/dailon-livramento/profil/spieler/676411,0.91,exact_name,below_auto_match_threshold
cape_verde_deroy_duarte,Cape Verde,Deroy Duarte,Ludogorets Razgrad,Midfielder,Deroy Duarte,Fortuna Sittardia Combinatie,https://www.transfermarkt.co.uk/deroy-duarte/profil/spieler/432852,0.91,exact_name,below_auto_match_threshold
cape_verde_edilson_borges,Cape Verde,Edilson Borges,Al-Bataeh CSC,Defender,Diney Borges,CS Marítimo,https://www.transfermarkt.co.uk/diney-borges/profil/spieler/349570,0.73,fuzzy_name,low_confidence_candidate
cape_verde_garry_rodrigues,Cape Verde,Garry Rodrigues,Apollon Limassol,Forward,Garry Rodrigues,Sivasspor,https://www.transfermarkt.co.uk/garry-rodrigues/profil/spieler/170895,0.91,exact_name,below_auto_match_threshold
cape_verde_gilson_benchimol,Cape Verde,Gilson Benchimol,Akron Tolyatti,Forward,Benchimol,Akron Togliatti,https://www.transfermarkt.co.uk/benchimol/profil/spieler/820252,0.7716,fuzzy_name,low_confidence_candidate
cape_verde_helio_varela,Cape Verde,Helio Varela,Maccabi Tel Aviv,Forward,Hélio Varela,Koninklijke Atletiek Associatie Gent,https://www.transfermarkt.co.uk/helio-varela/profil/spieler/840836,0.91,exact_name,below_auto_match_threshold
cape_verde_ianique_tavares,Cape Verde,Ianique Tavares,Torreense,Defender,Sidnei Tavares,Moreirense Futebol Clube,https://www.transfermarkt.co.uk/sidnei-tavares/profil/spieler/511813,0.6717,fuzzy_name,low_confidence_candidate
cape_verde_jamiro_monteiro,Cape Verde,Jamiro Monteiro,PEC Zwolle,Midfielder,Jamiro Monteiro,Prins Hendrik Ende Desespereert Nimmer Combinatie Zwolle,https://www.transfermarkt.co.uk/jamiro-monteiro/profil/spieler/272930,0.91,exact_name,below_auto_match_threshold
cape_verde_josimar_dias,Cape Verde,Josimar Dias,Chaves,Goalkeeper,Josimar Lima,VVV-Venlo,https://www.transfermarkt.co.uk/josimar-lima/profil/spieler/71103,0.73,fuzzy_name,low_confidence_candidate
cape_verde_jovane_cabral,Cape Verde,Jovane Cabral,Estrela Amadora,Forward,Jovane Cabral,Club Football Estrela da Amadora,https://www.transfermarkt.co.uk/jovane-cabral/profil/spieler/448466,0.91,exact_name,below_auto_match_threshold
cape_verde_joao_paulo_fernandes,Cape Verde,João Paulo Fernandes,FCSB,Defender,Ivanildo Fernandes,Clube Desportivo Nacional,https://www.transfermarkt.co.uk/ivanildo-fernandes/profil/spieler/340524,0.6637,fuzzy_name,low_confidence_candidate
cape_verde_kelvin_pires,Cape Verde,Kelvin Pires,SJK,Defender,Kelvin Wilson,The Celtic Football Club,https://www.transfermarkt.co.uk/kelvin-wilson/profil/spieler/39033,0.6116,fuzzy_name,low_confidence_candidate
cape_verde_kevin_pina,Cape Verde,Kevin Pina,Krasnodar,Midfielder,Kevin Lenini,FK Krasnodar,https://www.transfermarkt.co.uk/kevin-lenini/profil/spieler/544586,0.7373,fuzzy_name,low_confidence_candidate
cape_verde_laros_duarte,Cape Verde,Laros Duarte,Puskas Akademia,Midfielder,Laros Duarte,Football Club Groningen,https://www.transfermarkt.co.uk/laros-duarte/profil/spieler/258513,0.91,exact_name,below_auto_match_threshold
cape_verde_logan_costa,Cape Verde,Logan Costa,Villarreal,Defender,Logan Costa,Villarreal Club de Fútbol S.A.D.,https://www.transfermarkt.co.uk/logan-costa/profil/spieler/484988,0.91,exact_name,below_auto_match_threshold
cape_verde_marcio_da_rosa,Cape Verde,Márcio da Rosa,Montana,Goalkeeper,Marco Airosa,Clube Desportivo Nacional,https://www.transfermarkt.co.uk/marco-airosa/profil/spieler/25220,0.66,fuzzy_name,low_confidence_candidate
cape_verde_nuno_da_costa,Cape Verde,Nuno da Costa,Istanbul Basaksehir,Forward,Nuno Da Costa,İstanbul Başakşehir Futbol Kulübü,https://www.transfermarkt.co.uk/nuno-da-costa/profil/spieler/306166,0.91,exact_name,below_auto_match_threshold
cape_verde_roberto_lopes,Cape Verde,Roberto Lopes,Shamrock Rovers,Defender,Roberto López,CD Leganés,https://www.transfermarkt.co.uk/roberto-lopez/profil/spieler/569866,0.72,near_name,low_confidence_candidate
cape_verde_ryan_mendes,Cape Verde,Ryan Mendes,Igdir,Forward,Ryan Mendes,Fatih Karagümrük Sportif Faaliyetler San. Tic. A.Ş.,https://www.transfermarkt.co.uk/ryan-mendes/profil/spieler/111627,0.91,exact_name,below_auto_match_threshold
cape_verde_sidny_lopes_cabral,Cape Verde,Sidny Lopes Cabral,Benfica,Defender,Sidny Lopes Cabral,Sport Lisboa e Benfica,https://www.transfermarkt.co.uk/sidny-lopes-cabral/profil/spieler/611855,0.91,exact_name,below_auto_match_threshold
cape_verde_telmo_arcanjo,Cape Verde,Telmo Arcanjo,Vitoria Guimaraes,Midfielder,Telmo Arcanjo,Vitória Sport Clube,https://www.transfermarkt.co.uk/telmo-arcanjo/profil/spieler/791528,0.86,exact_name,below_auto_match_threshold
cape_verde_willy_semedo,Cape Verde,Willy Semedo,Omonia,Forward,Willy Semedo,Royal Charleroi Sporting Club,https://www.transfermarkt.co.uk/willy-semedo/profil/spieler/531450,0.91,exact_name,below_auto_match_threshold
cape_verde_yannick_semedo,Cape Verde,Yannick Semedo,Farense,Midfielder,Yannick Reuten,Club Brugge Koninklijke Voetbalvereniging,https://www.transfermarkt.co.uk/yannick-reuten/profil/spieler/120788,0.6071,fuzzy_name,low_confidence_candidate
colombia_camilo_vargas,Colombia,Camilo Vargas,Atlas-MEX,Goalkeeper,Camilo Vargas,Club de Futbol Rojinegros S.A. de C.V.,https://www.transfermarkt.co.uk/camilo-vargas/profil/spieler/74113,0.91,exact_name,below_auto_match_threshold
colombia_carlos_andres_gomez,Colombia,Carlos Andrés Gómez,Vasco Da Gama-BRA,Forward,Andrés Gómez,Club de Regatas Vasco da Gama,https://www.transfermarkt.co.uk/andres-gomez/profil/spieler/957461,0.7339,fuzzy_name,low_confidence_candidate
colombia_daniel_munoz,Colombia,Daniel Muñoz,Crystal Palace-GBR,Defender,Daniel Muñoz,Crystal Palace Football Club,https://www.transfermarkt.co.uk/daniel-munoz/profil/spieler/493003,0.91,exact_name,below_auto_match_threshold
colombia_davinson_sanchez,Colombia,Davinson Sánchez,Galatasaray-TUR,Defender,Davinson Sánchez,Galatasaray Spor Kulübü,https://www.transfermarkt.co.uk/davinson-sanchez/profil/spieler/341429,0.91,exact_name,below_auto_match_threshold
colombia_deiver_machado,Colombia,Deiver Machado,Nantes-FRA,Defender,Deiver Machado,Football Club de Nantes,https://www.transfermarkt.co.uk/deiver-machado/profil/spieler/332560,0.91,exact_name,below_auto_match_threshold
colombia_gustavo_puerta,Colombia,Gustavo Puerta,Racing-ESP,Midfielder,Gustavo Puerta,,https://www.transfermarkt.co.uk/gustavo-puerta/profil/spieler/936981,0.91,exact_name,below_auto_match_threshold
colombia_james_rodriguez,Colombia,James Rodríguez,Minnesota United-USA,Midfielder,James Rodríguez,Minnesota United FC,https://www.transfermarkt.co.uk/james-rodriguez/profil/spieler/88103,0.9,exact_name,below_auto_match_threshold
colombia_jaminton_campaz,Colombia,Jaminton Campaz,Rosario Central-ARG,Midfielder,Jáminton Campaz,Club Atlético Rosario Central,https://www.transfermarkt.co.uk/jaminton-campaz/profil/spieler/491553,0.86,exact_name,below_auto_match_threshold
colombia_jefferson_lerma,Colombia,Jefferson Lerma,Crystal Palace-GBR,Midfielder,Jefferson Lerma,Crystal Palace Football Club,https://www.transfermarkt.co.uk/jefferson-lerma/profil/spieler/262980,0.91,exact_name,below_auto_match_threshold
colombia_jhon_arias,Colombia,Jhon Arias,Palmeiras-BRA,Midfielder,Jhon Arias,Sociedade Esportiva Palmeiras,https://www.transfermarkt.co.uk/jhon-arias/profil/spieler/588989,0.86,exact_name,below_auto_match_threshold
colombia_jhon_cordoba,Colombia,Jhon Córdoba,Krasnodar-RUS,Forward,Jhon Córdoba,FK Krasnodar,https://www.transfermarkt.co.uk/jhon-cordoba/profil/spieler/185245,0.91,exact_name,below_auto_match_threshold
colombia_jhon_lucumi,Colombia,Jhon Lucumí,Bologna-ITA,Defender,Jhon Lucumí,Bologna Football Club 1909,https://www.transfermarkt.co.uk/jhon-lucumi/profil/spieler/413565,0.91,exact_name,below_auto_match_threshold
colombia_johan_mojica,Colombia,Johan Mojica,Mallorca-ESP,Defender,Johan Mojica,Real Club Deportivo Mallorca S.A.D.,https://www.transfermarkt.co.uk/johan-mojica/profil/spieler/262939,0.91,exact_name,below_auto_match_threshold
colombia_jorge_carrascal,Colombia,Jorge Carrascal,Flamengo-BRA,Midfielder,Jorge Carrascal,Clube de Regatas do Flamengo,https://www.transfermarkt.co.uk/jorge-carrascal/profil/spieler/354145,0.86,exact_name,below_auto_match_threshold
colombia_juan_camilo_cucho_hernandez,Colombia,"Juan Camilo ""Cucho"" Hernández",Real Betis,Forward,Cucho Hernández,Real Betis Balompié S.A.D.,https://www.transfermarkt.co.uk/cucho-hernandez/profil/spieler/459463,0.6871,fuzzy_name,low_confidence_candidate
colombia_juan_camilo_portilla,Colombia,Juan Camilo Portilla,Athletico Paranaense-BRA,Midfielder,Juan Portilla,Clube Atlético Paranaense,https://www.transfermarkt.co.uk/juan-portilla/profil/spieler/585747,0.7845,fuzzy_name,low_confidence_candidate
colombia_juan_fernando_quintero,Colombia,Juan Fernando Quintero,River Plate-ARG,Midfielder,Juan Fernando Quintero,Club Atlético River Plate,https://www.transfermarkt.co.uk/juan-fernando-quintero/profil/spieler/122582,0.86,exact_name,below_auto_match_threshold
colombia_kevin_castano,Colombia,Kevin Castaño,River Plate-ARG,Midfielder,Kevin Castaño,Club Atlético River Plate,https://www.transfermarkt.co.uk/kevin-castano/profil/spieler/857948,0.91,exact_name,below_auto_match_threshold
colombia_luis_javier_suarez,Colombia,Luis Javier Suárez,Sporting CP,Forward,Luis Suárez,Sporting Clube de Portugal,https://www.transfermarkt.co.uk/luis-suarez/profil/spieler/424784,0.7217,fuzzy_name,low_confidence_candidate
colombia_richard_rios,Colombia,Richard Ríos,Benfica-POR,Midfielder,Richard Ríos,Sport Lisboa e Benfica,https://www.transfermarkt.co.uk/richard-rios/profil/spieler/735573,0.91,exact_name,below_auto_match_threshold
colombia_santiago_arias,Colombia,Santiago Arias,Independiente-ARG,Defender,Santiago Arias,Club Atlético Independiente de Avellaneda,https://www.transfermarkt.co.uk/santiago-arias/profil/spieler/120443,0.91,exact_name,below_auto_match_threshold
colombia_willer_ditta,Colombia,Willer Ditta,Cruz Azul-MEX,Defender,Willer Ditta,Club de Fútbol Cruz Azul S.A. de C.V.,https://www.transfermarkt.co.uk/willer-ditta/profil/spieler/609255,0.91,exact_name,below_auto_match_threshold
colombia_yerry_mina,Colombia,Yerry Mina,Cagliari-ITA,Defender,Yerry Mina,Cagliari Calcio,https://www.transfermarkt.co.uk/yerry-mina/profil/spieler/289446,0.91,exact_name,below_auto_match_threshold
colombia_alvaro_montero,Colombia,Álvaro Montero,Vélez Sarsfield-ARG,Goalkeeper,Álvaro Montero,Club Atlético Vélez Sársfield,https://www.transfermarkt.co.uk/alvaro-montero/profil/spieler/292985,0.91,exact_name,below_auto_match_threshold
croatia_andrej_kramaric,Croatia,Andrej Kramaric,Hoffenheim,Forward,Andrej Kramaric,Turn- und Sportgemeinschaft 1899 Hoffenheim Fußball-Spielbetriebs,https://www.transfermarkt.co.uk/andrej-kramaric/profil/spieler/46580,0.91,exact_name,below_auto_match_threshold
croatia_ante_budimir,Croatia,Ante Budimir,Osasuna,Forward,Ante Budimir,Club Atlético Osasuna,https://www.transfermarkt.co.uk/ante-budimir/profil/spieler/46413,0.91,exact_name,below_auto_match_threshold
croatia_dominic_livakovic,Croatia,Dominic Livakovic,Dinamo,Goalkeeper,Dominik Livakovic,GNK Dinamo Zagreb,https://www.transfermarkt.co.uk/dominik-livakovic/profil/spieler/205927,0.8641,near_name,below_auto_match_threshold
croatia_dominik_kotarski,Croatia,Dominik Kotarski,Kobenhavn,Goalkeeper,Dominik Kotarski,Football Club København,https://www.transfermarkt.co.uk/dominik-kotarski/profil/spieler/370997,0.91,exact_name,below_auto_match_threshold
croatia_duje_caleta_car,Croatia,Duje Caleta-Car,Real Sociedad,Defender,Duje Caleta-Car,Real Sociedad de Fútbol S.A.D.,https://www.transfermarkt.co.uk/duje-caleta-car/profil/spieler/238266,0.91,exact_name,below_auto_match_threshold
croatia_igor_matanovic,Croatia,Igor Matanovic,Freiburg,Forward,Igor Matanovic,Sport-Club Freiburg,https://www.transfermarkt.co.uk/igor-matanovic/profil/spieler/605268,0.91,exact_name,below_auto_match_threshold
croatia_ivan_perisic,Croatia,Ivan Perisic,PSV Eindhoven,Forward,Ivan Perišić,Eindhovense Voetbalvereniging Philips Sport Vereniging,https://www.transfermarkt.co.uk/ivan-perisic/profil/spieler/42460,0.91,exact_name,below_auto_match_threshold
croatia_josip_sutalo,Croatia,Josip Sutalo,Ajax,Defender,Josip Sutalo,AFC Ajax Amsterdam,https://www.transfermarkt.co.uk/josip-sutalo/profil/spieler/371001,0.91,exact_name,below_auto_match_threshold
croatia_josko_gvardiol,Croatia,Josko Gvardiol,Manchester City,Defender,Josko Gvardiol,Manchester City Football Club,https://www.transfermarkt.co.uk/josko-gvardiol/profil/spieler/475959,0.91,exact_name,below_auto_match_threshold
croatia_kristijan_jakic,Croatia,Kristijan Jakic,Augsburg,Midfielder,Kristijan Jakic,Fußball-Club Augsburg 1907,https://www.transfermarkt.co.uk/kristijan-jakic/profil/spieler/374954,0.91,exact_name,below_auto_match_threshold
croatia_luka_modric,Croatia,Luka Modric,AC Milan,Midfielder,Luka Modrić,Associazione Calcio Milan,https://www.transfermarkt.co.uk/luka-modric/profil/spieler/27992,0.91,exact_name,below_auto_match_threshold
croatia_luka_sucic,Croatia,Luka Sucic,Real Sociedad,Midfielder,Luka Sucic,Real Sociedad de Fútbol S.A.D.,https://www.transfermarkt.co.uk/luka-sucic/profil/spieler/502722,0.91,exact_name,below_auto_match_threshold
croatia_luka_vuskovic,Croatia,Luka Vuskovic,Hamburg,Defender,Luka Vuskovic,Hamburger Sport Verein,https://www.transfermarkt.co.uk/luka-vuskovic/profil/spieler/892160,0.91,exact_name,below_auto_match_threshold
croatia_marco_pasalic,Croatia,Marco Pasalic,Orlando City,Forward,Marco Pašalić,Orlando City Soccer Club,https://www.transfermarkt.co.uk/marco-pasalic/profil/spieler/395928,0.91,exact_name,below_auto_match_threshold
croatia_marin_pongracic,Croatia,Marin Pongracic,Fiorentina,Defender,Marin Pongracic,Associazione Calcio Fiorentina,https://www.transfermarkt.co.uk/marin-pongracic/profil/spieler/282144,0.91,exact_name,below_auto_match_threshold
croatia_mario_pasalic,Croatia,Mario Pasalic,Atalanta,Midfielder,Mario Pašalić,Atalanta Bergamasca Calcio S.p.a.,https://www.transfermarkt.co.uk/mario-pasalic/profil/spieler/205938,0.91,exact_name,below_auto_match_threshold
croatia_martin_baturina,Croatia,Martin Baturina,Como,Midfielder,Martin Baturina,Calcio Como,https://www.transfermarkt.co.uk/martin-baturina/profil/spieler/580451,0.86,exact_name,below_auto_match_threshold
croatia_martin_erlic,Croatia,Martin Erlic,Midtjylland,Defender,Martin Erlić,Fodbold Club Midtjylland,https://www.transfermarkt.co.uk/martin-erlic/profil/spieler/357003,0.91,exact_name,below_auto_match_threshold
croatia_mateo_kovacic,Croatia,Mateo Kovacic,Manchester City,Midfielder,Mateo Kovacic,Manchester City Football Club,https://www.transfermarkt.co.uk/mateo-kovacic/profil/spieler/51471,0.91,exact_name,below_auto_match_threshold
croatia_nikola_moro,Croatia,Nikola Moro,Bologna,Midfielder,Nikola Moro,Bologna Football Club 1909,https://www.transfermarkt.co.uk/nikola-moro/profil/spieler/316934,0.91,exact_name,below_auto_match_threshold
croatia_nikola_vlasic,Croatia,Nikola Vlasic,Torino,Midfielder,Nikola Vlašić,Torino Calcio,https://www.transfermarkt.co.uk/nikola-vlasic/profil/spieler/293200,0.86,exact_name,below_auto_match_threshold
croatia_petar_sucic,Croatia,Petar Sucic,Inter Milan,Midfielder,Petar Sučić,Football Club Internazionale Milano S.p.A.,https://www.transfermarkt.co.uk/petar-sucic/profil/spieler/668207,0.91,exact_name,below_auto_match_threshold
croatia_toni_fruk,Croatia,Toni Fruk,Rijeka,Midfielder,Toni Fruk,Hrvatski Nogometni Klub Rijeka,https://www.transfermarkt.co.uk/toni-fruk/profil/spieler/432758,0.86,exact_name,below_auto_match_threshold
curacao_ar_jany_martha,Curacao,Ar'jany Martha,Rotherham United,Midfielder,Ar'jany Martha,Beerschot VA,https://www.transfermarkt.co.uk/arjany-martha/profil/spieler/572519,0.86,exact_name,below_auto_match_threshold
curacao_armando_obispo,Curacao,Armando Obispo,PSV Eindhoven,Defender,Armando Obispo,Eindhovense Voetbalvereniging Philips Sport Vereniging,https://www.transfermarkt.co.uk/armando-obispo/profil/spieler/339337,0.91,exact_name,below_auto_match_threshold
curacao_brandley_kuwas,Curacao,Brandley Kuwas,Volendam,Forward,Brandley Kuwas,Football Club Volendam,https://www.transfermarkt.co.uk/brandley-kuwas/profil/spieler/232219,0.91,exact_name,below_auto_match_threshold
curacao_deveron_fonville,Curacao,Deveron Fonville,NEC Nijmegen,Defender,Deveron Fonville,Nijmegen Eendracht Combinatie,https://www.transfermarkt.co.uk/deveron-fonville/profil/spieler/708989,0.91,exact_name,below_auto_match_threshold
curacao_eloy_room,Curacao,Eloy Room,Miami FC,Goalkeeper,Eloy Room,Cercle Brugge Koninklijke Sportvereniging,https://www.transfermarkt.co.uk/eloy-room/profil/spieler/79294,0.91,exact_name,below_auto_match_threshold
curacao_gervane_kastaneer,Curacao,Gervane Kastaneer,Terengganu,Forward,Gervane Kastaneer,Prins Hendrik Ende Desespereert Nimmer Combinatie Zwolle,https://www.transfermarkt.co.uk/gervane-kastaneer/profil/spieler/240752,0.91,exact_name,below_auto_match_threshold
curacao_jearl_margaritha,Curacao,Jearl Margaritha,Beveren,Forward,,,,0.0,unmatched,no_candidate_found
curacao_jeremy_antonisse,Curacao,Jeremy Antonisse,Kifisia,Forward,Jeremy Antonisse,Athlitiki Enosi Kifisias,https://www.transfermarkt.co.uk/jeremy-antonisse/profil/spieler/594273,0.91,exact_name,below_auto_match_threshold
curacao_juninho_bacuna,Curacao,Juninho Bacuna,Volendam,Midfielder,Juninho Bacuna,Football Club Volendam,https://www.transfermarkt.co.uk/juninho-bacuna/profil/spieler/348863,0.91,exact_name,below_auto_match_threshold
curacao_jurien_gaari,Curacao,Juriën Gaari,Abha,Defender,Juriën Gaari,RKC Waalwijk,https://www.transfermarkt.co.uk/jurien-gaari/profil/spieler/328455,0.91,exact_name,below_auto_match_threshold
curacao_jurgen_locadia,Curacao,Jürgen Locadia,Miami FC,Forward,Jürgen Locadia,Brighton and Hove Albion Football Club,https://www.transfermarkt.co.uk/jurgen-locadia/profil/spieler/166240,0.83,exact_name,low_confidence_candidate
curacao_kenji_gorre,Curacao,Kenji Gorré,Maccabi Haifa,Forward,Kenji Gorré,Boavista FC,https://www.transfermarkt.co.uk/kenji-gorre/profil/spieler/374889,0.91,exact_name,below_auto_match_threshold
curacao_kevin_felida,Curacao,Kevin Felida,Den Bosch,Midfielder,Kevin Felida,RKC Waalwijk,https://www.transfermarkt.co.uk/kevin-felida/profil/spieler/433933,0.91,exact_name,below_auto_match_threshold
curacao_leandro_bacuna,Curacao,Leandro Bacuna,Igdir,Midfielder,Leandro Bacuna,Football Club Groningen,https://www.transfermarkt.co.uk/leandro-bacuna/profil/spieler/126014,0.91,exact_name,below_auto_match_threshold
curacao_livano_comenencia,Curacao,Livano Comenencia,Zurich,Midfielder,Livano Comenencia,FC Zürich,https://www.transfermarkt.co.uk/livano-comenencia/profil/spieler/626764,0.9,exact_name,below_auto_match_threshold
curacao_sherel_floranus,Curacao,Sherel Floranus,PEC Zwolle,Defender,Sherel Floranus,Prins Hendrik Ende Desespereert Nimmer Combinatie Zwolle,https://www.transfermarkt.co.uk/sherel-floranus/profil/spieler/315211,0.91,exact_name,below_auto_match_threshold
curacao_sontje_hansen,Curacao,Sontje Hansen,Middlesbrough,Forward,Sontje Hansen,Nijmegen Eendracht Combinatie,https://www.transfermarkt.co.uk/sontje-hansen/profil/spieler/485582,0.91,exact_name,below_auto_match_threshold
curacao_tahith_chong,Curacao,Tahith Chong,Sheffield United,Forward,Tahith Chong,Luton Town,https://www.transfermarkt.co.uk/tahith-chong/profil/spieler/344830,0.83,exact_name,low_confidence_candidate
curacao_trevor_doornbusch,Curacao,Trevor Doornbusch,VVV Venlo,Goalkeeper,Trevor Doornbusch,Sportclub Heerenveen,https://www.transfermarkt.co.uk/trevor-doornbusch/profil/spieler/390814,0.91,exact_name,below_auto_match_threshold
curacao_tyrese_noslin,Curacao,Tyrese Noslin,Telstar,Midfielder,Tyrese Noslin,Sportclub Telstar,https://www.transfermarkt.co.uk/tyrese-noslin/profil/spieler/708005,0.91,exact_name,below_auto_match_threshold
curacao_tyrick_bodack,Curacao,Tyrick Bodack,SC Telstar,Goalkeeper,Tyrick Bodak,Sportclub Telstar,https://www.transfermarkt.co.uk/tyrick-bodak/profil/spieler/663961,0.8788,near_name,below_auto_match_threshold
czech_republic_adam_hlozek,Czech Republic,Adam Hlozek,Hoffenheim,Forward,Adam Hlozek,Turn- und Sportgemeinschaft 1899 Hoffenheim Fußball-Spielbetriebs,https://www.transfermarkt.co.uk/adam-hlozek/profil/spieler/552057,0.91,exact_name,below_auto_match_threshold
czech_republic_david_doudera,Czech Republic,David Doudera,Slavia Prague,Defender,David Doudera,"SK Slavia Praha, a.s.",https://www.transfermarkt.co.uk/david-doudera/profil/spieler/493758,0.86,exact_name,below_auto_match_threshold
czech_republic_david_jurasek,Czech Republic,David Jurásek,Slavia Prague,Defender,David Jurásek,"SK Slavia Praha, a.s.",https://www.transfermarkt.co.uk/david-jurasek/profil/spieler/500054,0.91,exact_name,below_auto_match_threshold
czech_republic_david_zima,Czech Republic,David Zima,Slavia Prague,Defender,David Zima,"SK Slavia Praha, a.s.",https://www.transfermarkt.co.uk/david-zima/profil/spieler/544149,0.91,exact_name,below_auto_match_threshold
czech_republic_denis_visinsky,Czech Republic,Denis Visinsky,Viktoria Plzen,Midfielder,Denis Visinsky,"FC Viktoria Plzeň, a.s.",https://www.transfermarkt.co.uk/denis-visinsky/profil/spieler/652060,0.9,exact_name,below_auto_match_threshold
czech_republic_hugo_sochurek,Czech Republic,Hugo Sochurek,Sparta Prague,Midfielder,Hugo Sochurek,"AC Sparta Praha, a. s.",https://www.transfermarkt.co.uk/hugo-sochurek/profil/spieler/1206877,0.91,exact_name,below_auto_match_threshold
czech_republic_jan_kuchta,Czech Republic,Jan Kuchta,Sparta Prague,Forward,Jan Kuchta,"AC Sparta Praha, a. s.",https://www.transfermarkt.co.uk/jan-kuchta/profil/spieler/334802,0.91,exact_name,below_auto_match_threshold
czech_republic_jaroslav_zeleny,Czech Republic,Jaroslav Zeleny,Sparta Prague,Defender,Jaroslav Zelený,"AC Sparta Praha, a. s.",https://www.transfermarkt.co.uk/jaroslav-zeleny/profil/spieler/142219,0.91,exact_name,below_auto_match_threshold
czech_republic_jindrich_stanek,Czech Republic,Jindrich Stanek,Slavia Prague,Goalkeeper,Jindrich Stanek,"SK Slavia Praha, a.s.",https://www.transfermarkt.co.uk/jindrich-stanek/profil/spieler/242089,0.91,exact_name,below_auto_match_threshold
czech_republic_ladislav_krejci,Czech Republic,Ladislav Krejcí,Wolverhampton,Defender,Ladislav Krejčí,Wolverhampton Wanderers Football Club,https://www.transfermarkt.co.uk/ladislav-krejci/profil/spieler/345911,0.91,exact_name,below_auto_match_threshold
czech_republic_lukas_hornicek,Czech Republic,Lukás Hornícek,Braga,Goalkeeper,Lukas Hornicek,Sporting Clube de Braga,https://www.transfermarkt.co.uk/lukas-hornicek/profil/spieler/629773,0.91,exact_name,below_auto_match_threshold
czech_republic_lukas_provod,Czech Republic,Lukás Provod,Slavia Prague,Midfielder,Lukas Provod,"SK Slavia Praha, a.s.",https://www.transfermarkt.co.uk/lukas-provod/profil/spieler/292779,0.86,exact_name,below_auto_match_threshold
czech_republic_matej_kovar,Czech Republic,Matej Kovár,PSV Eindhoven,Goalkeeper,Matej Kovar,Eindhovense Voetbalvereniging Philips Sport Vereniging,https://www.transfermarkt.co.uk/matej-kovar/profil/spieler/550829,0.91,exact_name,below_auto_match_threshold
czech_republic_michal_sadilek,Czech Republic,Michal Sadílek,Slavia Prague,Midfielder,Michal Sadílek,"SK Slavia Praha, a.s.",https://www.transfermarkt.co.uk/michal-sadilek/profil/spieler/321204,0.91,exact_name,below_auto_match_threshold
czech_republic_mojmir_chytil,Czech Republic,Mojmír Chytil,Slavia Prague,Forward,Mojmír Chytil,"SK Slavia Praha, a.s.",https://www.transfermarkt.co.uk/mojmir-chytil/profil/spieler/405855,0.91,exact_name,below_auto_match_threshold
czech_republic_patrik_schick,Czech Republic,Patrik Schick,Bayer Leverkusen,Forward,Patrik Schick,Bayer 04 Leverkusen Fußball,https://www.transfermarkt.co.uk/patrik-schick/profil/spieler/242086,0.91,exact_name,below_auto_match_threshold
czech_republic_pavel_sulc,Czech Republic,Pavel Sulc,Lyon,Midfielder,Pavel Sulc,Olympique Lyonnais,https://www.transfermarkt.co.uk/pavel-sulc/profil/spieler/500053,0.86,exact_name,below_auto_match_threshold
czech_republic_robin_hranac,Czech Republic,Robin Hranác,Hoffenheim,Defender,Robin Hranac,Turn- und Sportgemeinschaft 1899 Hoffenheim Fußball-Spielbetriebs,https://www.transfermarkt.co.uk/robin-hranac/profil/spieler/620217,0.91,exact_name,below_auto_match_threshold
czech_republic_stepan_chaloupek,Czech Republic,Stepán Chaloupek,Slavia Prague,Defender,Stepan Chaloupek,"SK Slavia Praha, a.s.",https://www.transfermarkt.co.uk/stepan-chaloupek/profil/spieler/944827,0.91,exact_name,below_auto_match_threshold
czech_republic_tomas_chory,Czech Republic,Tomás Chory,Slavia Prague,Forward,Tomas Chory,"SK Slavia Praha, a.s.",https://www.transfermarkt.co.uk/tomas-chory/profil/spieler/198614,0.91,exact_name,below_auto_match_threshold
czech_republic_tomas_holes,Czech Republic,Tomás Holes,Slavia Prague,Defender,Tomas Holes,"SK Slavia Praha, a.s.",https://www.transfermarkt.co.uk/tomas-holes/profil/spieler/216278,0.91,exact_name,below_auto_match_threshold
czech_republic_tomas_soucek,Czech Republic,Tomás Soucek,West Ham,Midfielder,Tomáš Souček,West Ham United Football Club,https://www.transfermarkt.co.uk/tomas-soucek/profil/spieler/283628,0.91,exact_name,below_auto_match_threshold
czech_republic_vladimir_coufal,Czech Republic,Vladimír Coufal,Hoffenheim,Defender,Vladimír Coufal,Turn- und Sportgemeinschaft 1899 Hoffenheim Fußball-Spielbetriebs,https://www.transfermarkt.co.uk/vladimir-coufal/profil/spieler/157672,0.91,exact_name,below_auto_match_threshold
dr_congo_aaron_wan_bissaka,DR Congo,Aaron Wan-Bissaka,West Ham United,Defender,Aaron Wan-Bissaka,West Ham United Football Club,https://www.transfermarkt.co.uk/aaron-wan-bissaka/profil/spieler/477758,0.91,exact_name,below_auto_match_threshold
dr_congo_arthur_masuaku,DR Congo,Arthur Masuaku,Lens,Defender,Arthur Masuaku,Racing Club de Lens,https://www.transfermarkt.co.uk/arthur-masuaku/profil/spieler/181380,0.91,exact_name,below_auto_match_threshold
dr_congo_axel_tuanzebe,DR Congo,Axel Tuanzebe,Burnley,Defender,Axel Tuanzebe,Burnley Football Club,https://www.transfermarkt.co.uk/axel-tuanzebe/profil/spieler/342046,0.91,exact_name,below_auto_match_threshold
dr_congo_brian_cipenga,DR Congo,Brian Cipenga,Castellón,Midfielder,Brian McLean,Ross County FC,https://www.transfermarkt.co.uk/brian-mclean/profil/spieler/29007,0.5616,fuzzy_name,low_confidence_candidate
dr_congo_chancel_mbemba,DR Congo,Chancel Mbemba,Lille,Defender,Chancel Mbemba,Lille Olympique Sporting Club,https://www.transfermarkt.co.uk/chancel-mbemba/profil/spieler/203348,0.91,exact_name,below_auto_match_threshold
dr_congo_charles_pickel,DR Congo,Charles Pickel,Espanyol,Midfielder,Charles Pickel,Reial Club Deportiu Espanyol de Barcelona S.A.D.,https://www.transfermarkt.co.uk/charles-pickel/profil/spieler/243879,0.91,exact_name,below_auto_match_threshold
dr_congo_cedric_bakambu,DR Congo,Cédric Bakambu,Real Betis,Forward,Cédric Bakambu,Real Betis Balompié S.A.D.,https://www.transfermarkt.co.uk/cedric-bakambu/profil/spieler/127048,0.91,exact_name,below_auto_match_threshold
dr_congo_dylan_batubinsika,DR Congo,Dylan Batubinsika,AEL,Defender,Dylan Batubinsika,Athlitiki Enosi Larisas,https://www.transfermarkt.co.uk/dylan-batubinsika/profil/spieler/289432,0.91,exact_name,below_auto_match_threshold
dr_congo_fiston_mayele,DR Congo,Fiston Mayele,Pyramids FC,Forward,Jeremy Mayele Munkana,Roda JC Kerkrade,https://www.transfermarkt.co.uk/jeremy-mayele-munkana/profil/spieler/260637,0.3712,fuzzy_name,low_confidence_candidate
dr_congo_gael_kakuta,DR Congo,Gaël Kakuta,AEL,Midfielder,Gaël Kakuta,Athlitiki Enosi Larisas,https://www.transfermarkt.co.uk/gael-kakuta/profil/spieler/74297,0.86,exact_name,below_auto_match_threshold
dr_congo_gedeon_kalulu,DR Congo,Gedeon Kalulu,Aris Limassol,Defender,Gédéon Kalulu,Football Club Lorient-Bretagne Sud,https://www.transfermarkt.co.uk/gedeon-kalulu/profil/spieler/395685,0.91,exact_name,below_auto_match_threshold
dr_congo_joris_kayembe,DR Congo,Joris Kayembe,Genk,Defender,Joris Kayembe,Koninklijke Racing Club Genk,https://www.transfermarkt.co.uk/joris-kayembe/profil/spieler/129586,0.91,exact_name,below_auto_match_threshold
dr_congo_lionel_mpasi,DR Congo,Lionel Mpasi,Le Havre,Goalkeeper,Lionel Mpasi-Nzau,Le Havre Athletic Club,https://www.transfermarkt.co.uk/lionel-mpasi-nzau/profil/spieler/164915,0.7755,fuzzy_name,low_confidence_candidate
dr_congo_matthieu_epolo,DR Congo,Matthieu Epolo,Standard Liege,Goalkeeper,Matthieu Epolo,Royal Standard Club de Liège,https://www.transfermarkt.co.uk/matthieu-epolo/profil/spieler/680218,0.91,exact_name,below_auto_match_threshold
dr_congo_nathanael_mbuku,DR Congo,Nathanaël Mbuku,Montpellier,Midfielder,Nathanaël Mbuku,GNK Dinamo Zagreb,https://www.transfermarkt.co.uk/nathanael-mbuku/profil/spieler/557614,0.86,exact_name,below_auto_match_threshold
dr_congo_ngal_ayel_mukau,DR Congo,Ngal'ayel Mukau,Lille,Midfielder,Ngal'ayel Mukau,Lille Olympique Sporting Club,https://www.transfermarkt.co.uk/ngalayel-mukau/profil/spieler/1016015,0.91,exact_name,below_auto_match_threshold
dr_congo_noah_sadiki,DR Congo,Noah Sadiki,Sunderland,Midfielder,Noah Sadiki,Sunderland Association Football Club,https://www.transfermarkt.co.uk/noah-sadiki/profil/spieler/727089,0.91,exact_name,below_auto_match_threshold
dr_congo_rocky_bushiri,DR Congo,Rocky Bushiri,Hibernian FC,Defender,Rocky Bushiri,Hibernian Football Club,https://www.transfermarkt.co.uk/rocky-bushiri/profil/spieler/511802,0.91,exact_name,below_auto_match_threshold
dr_congo_samuel_moutoussamy,DR Congo,Samuel Moutoussamy,Atromitos,Midfielder,Samuel Moutoussamy,APS Atromitos Athinon,https://www.transfermarkt.co.uk/samuel-moutoussamy/profil/spieler/353403,0.91,exact_name,below_auto_match_threshold
dr_congo_simon_banza,DR Congo,Simon Banza,Al Jazira,Forward,Simon Banza,Sporting Clube de Braga,https://www.transfermarkt.co.uk/simon-banza/profil/spieler/344869,0.91,exact_name,below_auto_match_threshold
dr_congo_steve_kapuadi,DR Congo,Steve Kapuadi,Widzew Łódź,Defender,Steve Kapuadi,Widzew Łódź Spółka Akcyjna,https://www.transfermarkt.co.uk/steve-kapuadi/profil/spieler/679709,0.91,exact_name,below_auto_match_threshold
dr_congo_theo_bongonda,DR Congo,Théo Bongonda,Spartak Moscow,Midfielder,Théo Bongonda,FK Spartak Moskva,https://www.transfermarkt.co.uk/theo-bongonda/profil/spieler/280701,0.86,exact_name,below_auto_match_threshold
dr_congo_timothy_fayulu,DR Congo,Timothy Fayulu,FC Noah,Goalkeeper,Timothy Fayulu,FC Sion,https://www.transfermarkt.co.uk/timothy-fayulu/profil/spieler/541420,0.91,exact_name,below_auto_match_threshold
dr_congo_yoane_wissa,DR Congo,Yoane Wissa,Newcastle United,Forward,Yoane Wissa,Newcastle United Football Club,https://www.transfermarkt.co.uk/yoane-wissa/profil/spieler/388165,0.91,exact_name,below_auto_match_threshold
ecuador_alan_minda,Ecuador,Alan Minda,Cercle Brugge,Midfielder,Alan Minda,Clube Atlético Mineiro,https://www.transfermarkt.co.uk/alan-minda/profil/spieler/897051,0.86,exact_name,below_auto_match_threshold
ecuador_anthony_valencia,Ecuador,Anthony Valencia,Royal Antwerp,Forward,Anthony Valencia,Royal Antwerp Football Club,https://www.transfermarkt.co.uk/anthony-valencia/profil/spieler/974374,0.91,exact_name,below_auto_match_threshold
ecuador_denil_castillo,Ecuador,Denil Castillo,Midtjylland,Midfielder,Denil Castillo,Fodbold Club Midtjylland,https://www.transfermarkt.co.uk/denil-castillo/profil/spieler/941418,0.91,exact_name,below_auto_match_threshold
ecuador_enner_valencia,Ecuador,Enner Valencia,Pachuca,Forward,Enner Valencia,Promotora del Club Pachuca S. A. de C. V.,https://www.transfermarkt.co.uk/enner-valencia/profil/spieler/139503,0.91,exact_name,below_auto_match_threshold
ecuador_felix_torres,Ecuador,Félix Torres,Internacional,Defender,Félix Torres,Sport Club Internacional,https://www.transfermarkt.co.uk/felix-torres/profil/spieler/468174,0.91,exact_name,below_auto_match_threshold
ecuador_gonzalo_plata,Ecuador,Gonzalo Plata,CR Flamengo,Midfielder,Gonzalo Plata,Clube de Regatas do Flamengo,https://www.transfermarkt.co.uk/gonzalo-plata/profil/spieler/592735,0.86,exact_name,below_auto_match_threshold
ecuador_gonzalo_valle,Ecuador,Gonzalo Valle,LDU Quito,Goalkeeper,Gonzalo Villar,Elche Club de Fútbol S.A.D.,https://www.transfermarkt.co.uk/gonzalo-villar/profil/spieler/398163,0.6356,fuzzy_name,low_confidence_candidate
ecuador_hernan_galindez,Ecuador,Hernán Galíndez,Huracán,Goalkeeper,Hernán Galíndez,Club Atlético Huracán,https://www.transfermarkt.co.uk/hernan-galindez/profil/spieler/77127,0.91,exact_name,below_auto_match_threshold
ecuador_jackson_porozo,Ecuador,Jackson Porozo,Club Tijuana,Defender,Jackson Porozo,Club Tijuana Xoloitzcuintles de Caliente,https://www.transfermarkt.co.uk/jackson-porozo/profil/spieler/491616,0.91,exact_name,below_auto_match_threshold
ecuador_jeremy_arevalo,Ecuador,Jeremy Arévalo,Stuttgart,Forward,Jeremy Arévalo,Verein für Bewegungsspiele Stuttgart 1893,https://www.transfermarkt.co.uk/jeremy-arevalo/profil/spieler/971663,0.91,exact_name,below_auto_match_threshold
ecuador_joel_ordonez,Ecuador,Joel Ordóñez,Club Brugge,Defender,Joel Ordóñez,Club Brugge Koninklijke Voetbalvereniging,https://www.transfermarkt.co.uk/joel-ordonez/profil/spieler/893661,0.91,exact_name,below_auto_match_threshold
ecuador_jordy_alcivar,Ecuador,Jordy Alcívar,Independiente,Midfielder,Jordy Alcívar,Club León Fútbol Club,https://www.transfermarkt.co.uk/jordy-alcivar/profil/spieler/598145,0.91,exact_name,below_auto_match_threshold
ecuador_jordy_caicedo,Ecuador,Jordy Caicedo,Huracán,Forward,Jordy Caicedo,Club Atlético Huracán,https://www.transfermarkt.co.uk/jordy-caicedo/profil/spieler/360412,0.91,exact_name,below_auto_match_threshold
ecuador_kendry_paez,Ecuador,Kendry Páez,River Plate,Midfielder,Kendry Páez,Club Atlético River Plate,https://www.transfermarkt.co.uk/kendry-paez/profil/spieler/1052439,0.86,exact_name,below_auto_match_threshold
ecuador_moises_caicedo,Ecuador,Moisés Caicedo,Chelsea,Midfielder,Moisés Caicedo,Chelsea Football Club,https://www.transfermarkt.co.uk/moises-caicedo/profil/spieler/687626,0.91,exact_name,below_auto_match_threshold
ecuador_moises_ramirez,Ecuador,Moisés Ramírez,AE Kifisias,Goalkeeper,Moisés Ramírez,Athlitiki Enosi Kifisias,https://www.transfermarkt.co.uk/moises-ramirez/profil/spieler/450233,0.91,exact_name,below_auto_match_threshold
ecuador_nilson_angulo,Ecuador,Nilson Angulo,Sunderland,Forward,Nilson Angulo,Sunderland Association Football Club,https://www.transfermarkt.co.uk/nilson-angulo/profil/spieler/903611,0.91,exact_name,below_auto_match_threshold
ecuador_pedro_vite,Ecuador,Pedro Vite,Pumas UNAM,Midfielder,Pedro Vite,Club Universidad Nacional A. C.,https://www.transfermarkt.co.uk/pedro-vite/profil/spieler/659806,0.86,exact_name,below_auto_match_threshold
ecuador_pervis_estupinan,Ecuador,Pervis Estupiñán,AC Milan,Defender,Pervis Estupiñán,Associazione Calcio Milan,https://www.transfermarkt.co.uk/pervis-estupinan/profil/spieler/349599,0.91,exact_name,below_auto_match_threshold
ecuador_piero_hincapie,Ecuador,Piero Hincapié,Arsenal,Defender,Piero Hincapié,Arsenal Football Club,https://www.transfermarkt.co.uk/piero-hincapie/profil/spieler/659813,0.91,exact_name,below_auto_match_threshold
ecuador_willian_pacho,Ecuador,Willian Pacho,PSG,Defender,Willian Pacho,Paris Saint-Germain Football Club,https://www.transfermarkt.co.uk/willian-pacho/profil/spieler/661171,0.91,exact_name,below_auto_match_threshold
ecuador_yaimar_medina,Ecuador,Yaimar Medina,KRC Genk,Defender,Yaimar Medina,Koninklijke Racing Club Genk,https://www.transfermarkt.co.uk/yaimar-medina/profil/spieler/893659,0.91,exact_name,below_auto_match_threshold
egypt_ahmed_fatouh,Egypt,Ahmed Fatouh,Zamalek,Defender,Ahmed Fatouh,,https://www.transfermarkt.co.uk/ahmed-fatouh/profil/spieler/465966,0.91,exact_name,below_auto_match_threshold
egypt_ahmed_sayed_zizo,Egypt,"Ahmed Sayed ""Zizo""",Al Ahly SC,Midfielder,Ahmed Eid,,https://www.transfermarkt.co.uk/ahmed-eid/profil/spieler/731667,0.5792,fuzzy_name,low_confidence_candidate
egypt_el_mahdy_soliman,Egypt,El Mahdy Soliman,Zamalek SC,Goalkeeper,Mohamed El Shenawy,,https://www.transfermarkt.co.uk/mohamed-el-shenawy/profil/spieler/134573,0.5429,fuzzy_name,low_confidence_candidate
egypt_emam_ashour,Egypt,Emam Ashour,Al Ahly,Midfielder,Emam Ashour,Fodbold Club Midtjylland,https://www.transfermarkt.co.uk/emam-ashour/profil/spieler/604008,0.91,exact_name,below_auto_match_threshold
egypt_haitham_hassan,Egypt,Haitham Hassan,Real Oviedo,Forward,Haissem Hassan,Real Oviedo S.A.D.,https://www.transfermarkt.co.uk/haissem-hassan/profil/spieler/620164,0.7829,fuzzy_name,low_confidence_candidate
egypt_hamdy_fathy,Egypt,Hamdy Fathy,Al-Wakrah SC,Midfielder,Hamdy Fathy,,https://www.transfermarkt.co.uk/hamdy-fathy/profil/spieler/340303,0.91,exact_name,below_auto_match_threshold
egypt_hamza_abdelkarim,Egypt,Hamza Abdelkarim,Barcelona,Forward,Hamza Bellari,Valencia Club de Fútbol S. A. D.,https://www.transfermarkt.co.uk/hamza-bellari/profil/spieler/1123335,0.6955,fuzzy_name,low_confidence_candidate
egypt_hossam_abdelmaguid,Egypt,Hossam Abdelmaguid,Zamalek,Defender,Hossam Abdelmaguid,,https://www.transfermarkt.co.uk/hossam-abdelmaguid/profil/spieler/737524,0.91,exact_name,below_auto_match_threshold
egypt_karim_hafez,Egypt,Karim Hafez,Pyramids,Defender,Karim Hafez,Yeni Malatyaspor,https://www.transfermarkt.co.uk/karim-hafez/profil/spieler/333004,0.91,exact_name,below_auto_match_threshold
egypt_mahmoud_hassan_trezeguet,Egypt,"Mahmoud Hassan ""Trézéguet""",Al Ahly SC,Midfielder,Mahmoud Saber,,https://www.transfermarkt.co.uk/mahmoud-saber/profil/spieler/729390,0.5938,fuzzy_name,low_confidence_candidate
egypt_mahmoud_saber,Egypt,Mahmoud Saber,Zed,Midfielder,Mahmoud Saber,,https://www.transfermarkt.co.uk/mahmoud-saber/profil/spieler/729390,0.91,exact_name,below_auto_match_threshold
egypt_marwan_attia,Egypt,Marwan Attia,Al Ahly SC,Midfielder,Marwan Hamdi,,https://www.transfermarkt.co.uk/marwan-hamdi/profil/spieler/557938,0.665,fuzzy_name,low_confidence_candidate
egypt_mohamed_abdelmonem,Egypt,Mohamed Abdelmonem,OGC Niza,Defender,Mohamed Abdelmonem,Olympique Gymnaste Club Nice Côte d'Azur,https://www.transfermarkt.co.uk/mohamed-abdelmonem/profil/spieler/566025,0.91,exact_name,below_auto_match_threshold
egypt_mohamed_alaa,Egypt,Mohamed Alaa,El Gouna,Goalkeeper,Mohamed Awad,,https://www.transfermarkt.co.uk/mohamed-awad/profil/spieler/184818,0.78,fuzzy_name,low_confidence_candidate
egypt_mohamed_el_shenawy,Egypt,Mohamed El Shenawy,Al Ahly,Goalkeeper,Mohamed El Shenawy,,https://www.transfermarkt.co.uk/mohamed-el-shenawy/profil/spieler/134573,0.91,exact_name,below_auto_match_threshold
egypt_mohamed_hany,Egypt,Mohamed Hany,Al Ahly,Defender,Mohamed Hany,,https://www.transfermarkt.co.uk/mohamed-hany/profil/spieler/343974,0.91,exact_name,below_auto_match_threshold
egypt_mohamed_salah,Egypt,Mohamed Salah,Liverpool,Forward,Mohamed Salah,Liverpool Football Club,https://www.transfermarkt.co.uk/mohamed-salah/profil/spieler/148455,0.91,exact_name,below_auto_match_threshold
egypt_mohannad_lasheen,Egypt,Mohannad Lasheen,Pyramids FC,Midfielder,Mohannad Semreen,,https://www.transfermarkt.co.uk/mohannad-semreen/profil/spieler/877687,0.6338,fuzzy_name,low_confidence_candidate
egypt_mostafa_abdelraouf_ziko,Egypt,"Mostafa Abdelraouf ""Ziko""",ZED FC,Forward,Mostafa Saad,,https://www.transfermarkt.co.uk/mostafa-saad/profil/spieler/845605,0.5757,fuzzy_name,low_confidence_candidate
egypt_mostafa_shobeir,Egypt,Mostafa Shobeir,Al Ahly,Goalkeeper,Oufa Shobeir,,https://www.transfermarkt.co.uk/oufa-shobeir/profil/spieler/661455,0.7656,fuzzy_name,low_confidence_candidate
egypt_nabil_emad_donga,Egypt,"Nabil Emad ""Donga""",Al Najmah,Midfielder,Nabil Dunga,Al-Najma Sport Club,https://www.transfermarkt.co.uk/nabil-dunga/profil/spieler/479683,0.7078,fuzzy_name,low_confidence_candidate
egypt_omar_marmoush,Egypt,Omar Marmoush,Manchester City,Forward,Omar Marmoush,Manchester City Football Club,https://www.transfermarkt.co.uk/omar-marmoush/profil/spieler/445939,0.91,exact_name,below_auto_match_threshold
egypt_rami_rabia,Egypt,Rami Rabia,Al Ain,Defender,Ramy Rabia,,https://www.transfermarkt.co.uk/ramy-rabia/profil/spieler/172623,0.832,near_name,low_confidence_candidate
egypt_tarek_alaa,Egypt,Tarek Alaa,Zed,Defender,Tarek Salman,,https://www.transfermarkt.co.uk/tarek-salman/profil/spieler/311730,0.6882,fuzzy_name,low_confidence_candidate
egypt_yasser_ibrahim,Egypt,Yasser Ibrahim,Al Ahly,Defender,Yasser Ibrahim,,https://www.transfermarkt.co.uk/yasser-ibrahim/profil/spieler/237425,0.91,exact_name,below_auto_match_threshold
england_anthony_gordon,England,Anthony Gordon,Newcastle United,Forward,Anthony Gordon,Newcastle United Football Club,https://www.transfermarkt.co.uk/anthony-gordon/profil/spieler/503733,0.91,exact_name,below_auto_match_threshold
england_bukayo_saka,England,Bukayo Saka,Arsenal,Forward,Bukayo Saka,Arsenal Football Club,https://www.transfermarkt.co.uk/bukayo-saka/profil/spieler/433177,0.91,exact_name,below_auto_match_threshold
england_dan_burn,England,Dan Burn,Newcastle United,Defender,Dan Burn,Newcastle United Football Club,https://www.transfermarkt.co.uk/dan-burn/profil/spieler/134270,0.91,exact_name,below_auto_match_threshold
england_dean_henderson,England,Dean Henderson,Crystal Palace,Goalkeeper,Dean Henderson,Crystal Palace Football Club,https://www.transfermarkt.co.uk/dean-henderson/profil/spieler/258919,0.91,exact_name,below_auto_match_threshold
england_declan_rice,England,Declan Rice,Arsenal,Midfielder,Declan Rice,Arsenal Football Club,https://www.transfermarkt.co.uk/declan-rice/profil/spieler/357662,0.91,exact_name,below_auto_match_threshold
england_djed_spence,England,Djed Spence,Tottenham Hotspur,Defender,Djed Spence,Tottenham Hotspur Football Club,https://www.transfermarkt.co.uk/djed-spence/profil/spieler/483348,0.91,exact_name,below_auto_match_threshold
england_eberechi_eze,England,Eberechi Eze,Arsenal,Midfielder,Eberechi Eze,Arsenal Football Club,https://www.transfermarkt.co.uk/eberechi-eze/profil/spieler/479999,0.86,exact_name,below_auto_match_threshold
england_elliot_anderson,England,Elliot Anderson,Nottingham Forest,Midfielder,Elliot Anderson,Nottingham Forest Football Club,https://www.transfermarkt.co.uk/elliot-anderson/profil/spieler/567576,0.91,exact_name,below_auto_match_threshold
england_ezri_konsa,England,Ezri Konsa,Aston Villa,Defender,Ezri Konsa,Aston Villa Football Club,https://www.transfermarkt.co.uk/ezri-konsa/profil/spieler/413403,0.91,exact_name,below_auto_match_threshold
england_ivan_toney,England,Ivan Toney,Al-Ahli,Forward,Ivan Toney,Al-Ahli Saudi Football Club,https://www.transfermarkt.co.uk/ivan-toney/profil/spieler/251664,0.91,exact_name,below_auto_match_threshold
england_james_trafford,England,James Trafford,Manchester City,Goalkeeper,James Trafford,Manchester City Football Club,https://www.transfermarkt.co.uk/james-trafford/profil/spieler/566799,0.91,exact_name,below_auto_match_threshold
england_jarell_quansah,England,Jarell Quansah,Bayer Leverkusen,Defender,Jarell Quansah,Bayer 04 Leverkusen Fußball,https://www.transfermarkt.co.uk/jarell-quansah/profil/spieler/632349,0.91,exact_name,below_auto_match_threshold
england_john_stones,England,John Stones,Manchester City,Defender,John Stones,Manchester City Football Club,https://www.transfermarkt.co.uk/john-stones/profil/spieler/186590,0.91,exact_name,below_auto_match_threshold
england_jordan_henderson,England,Jordan Henderson,Brentford,Midfielder,Jordan Henderson,Brentford Football Club,https://www.transfermarkt.co.uk/jordan-henderson/profil/spieler/61651,0.91,exact_name,below_auto_match_threshold
england_jordan_pickford,England,Jordan Pickford,Everton,Goalkeeper,Jordan Pickford,Everton Football Club,https://www.transfermarkt.co.uk/jordan-pickford/profil/spieler/130164,0.91,exact_name,below_auto_match_threshold
england_jude_bellingham,England,Jude Bellingham,Real Madrid,Midfielder,Jude Bellingham,Real Madrid Club de Fútbol,https://www.transfermarkt.co.uk/jude-bellingham/profil/spieler/581678,0.86,exact_name,below_auto_match_threshold
england_kobbie_mainoo,England,Kobbie Mainoo,Manchester United,Midfielder,Kobbie Mainoo,Manchester United Football Club,https://www.transfermarkt.co.uk/kobbie-mainoo/profil/spieler/820374,0.91,exact_name,below_auto_match_threshold
england_marc_guehi,England,Marc Guéhi,Manchester City,Defender,Marc Guéhi,Manchester City Football Club,https://www.transfermarkt.co.uk/marc-guehi/profil/spieler/392757,0.91,exact_name,below_auto_match_threshold
england_marcus_rashford,England,Marcus Rashford,Barcelona,Forward,Marcus Rashford,Futbol Club Barcelona,https://www.transfermarkt.co.uk/marcus-rashford/profil/spieler/258923,0.91,exact_name,below_auto_match_threshold
england_morgan_rogers,England,Morgan Rogers,Aston Villa,Midfielder,Morgan Rogers,Aston Villa Football Club,https://www.transfermarkt.co.uk/morgan-rogers/profil/spieler/503743,0.86,exact_name,below_auto_match_threshold
england_nico_o_reilly,England,Nico O'Reilly,Manchester City,Defender,Nico O'Reilly,Manchester City Football Club,https://www.transfermarkt.co.uk/nico-oreilly/profil/spieler/743413,0.91,exact_name,below_auto_match_threshold
england_noni_madueke,England,Noni Madueke,Arsenal,Forward,Noni Madueke,Arsenal Football Club,https://www.transfermarkt.co.uk/noni-madueke/profil/spieler/503987,0.91,exact_name,below_auto_match_threshold
england_ollie_watkins,England,Ollie Watkins,Aston Villa,Forward,Ollie Watkins,Aston Villa Football Club,https://www.transfermarkt.co.uk/ollie-watkins/profil/spieler/324358,0.91,exact_name,below_auto_match_threshold
england_reece_james,England,Reece James,Chelsea,Defender,Reece James,Manchester United Football Club,https://www.transfermarkt.co.uk/reece-james/profil/spieler/245585,0.91,exact_name,below_auto_match_threshold
england_tino_livramento,England,Tino Livramento,Newcastle United,Defender,Tino Livramento,Newcastle United Football Club,https://www.transfermarkt.co.uk/tino-livramento/profil/spieler/503981,0.91,exact_name,below_auto_match_threshold
france_adrien_rabiot,France,Adrien Rabiot,AC Milan,Midfielder,Adrien Rabiot,Associazione Calcio Milan,https://www.transfermarkt.co.uk/adrien-rabiot/profil/spieler/182913,0.91,exact_name,below_auto_match_threshold
france_aurelien_tchouameni,France,Aurélien Tchouaméni,Real Madrid,Midfielder,Aurélien Tchouaméni,Real Madrid Club de Fútbol,https://www.transfermarkt.co.uk/aurelien-tchouameni/profil/spieler/413112,0.91,exact_name,below_auto_match_threshold
france_bradley_barcola,France,Bradley Barcola,Paris Saint-Germain,Forward,Bradley Barcola,Paris Saint-Germain Football Club,https://www.transfermarkt.co.uk/bradley-barcola/profil/spieler/708265,0.91,exact_name,below_auto_match_threshold
france_brice_samba,France,Brice Samba,Rennes,Goalkeeper,Brice Samba,Stade Rennais Football Club,https://www.transfermarkt.co.uk/brice-samba/profil/spieler/191056,0.91,exact_name,below_auto_match_threshold
france_desire_doue,France,Desiré Doué,Paris Saint-Germain,Forward,Désiré Doué,Paris Saint-Germain Football Club,https://www.transfermarkt.co.uk/desire-doue/profil/spieler/914562,0.91,exact_name,below_auto_match_threshold
france_ibrahima_konate,France,Ibrahima Konaté,Liverpool,Defender,Ibrahima Konaté,Liverpool Football Club,https://www.transfermarkt.co.uk/ibrahima-konate/profil/spieler/357119,0.91,exact_name,below_auto_match_threshold
france_jean_philippe_mateta,France,Jean-Philippe Mateta,Crystal Palace,Forward,Jean-Philippe Mateta,Crystal Palace Football Club,https://www.transfermarkt.co.uk/jean-philippe-mateta/profil/spieler/420002,0.91,exact_name,below_auto_match_threshold
france_jules_kounde,France,Jules Koundé,Barcelona,Defender,Jules Koundé,Futbol Club Barcelona,https://www.transfermarkt.co.uk/jules-kounde/profil/spieler/411975,0.91,exact_name,below_auto_match_threshold
france_kylian_mbappe,France,Kylian Mbappé,Real Madrid,Forward,Kylian Mbappé,Real Madrid Club de Fútbol,https://www.transfermarkt.co.uk/kylian-mbappe/profil/spieler/342229,0.91,exact_name,below_auto_match_threshold
france_lucas_digne,France,Lucas Digne,Aston Villa,Defender,Lucas Digne,Aston Villa Football Club,https://www.transfermarkt.co.uk/lucas-digne/profil/spieler/126664,0.91,exact_name,below_auto_match_threshold
france_lucas_hernandez,France,Lucas Hernández,Paris Saint-Germain,Defender,Lucas Hernández,Paris Saint-Germain Football Club,https://www.transfermarkt.co.uk/lucas-hernandez/profil/spieler/281963,0.91,exact_name,below_auto_match_threshold
france_maghnes_akliouche,France,Maghnes Akliouche,AS Monaco,Forward,Maghnes Akliouche,Association sportive de Monaco Football Club,https://www.transfermarkt.co.uk/maghnes-akliouche/profil/spieler/745200,0.91,exact_name,below_auto_match_threshold
france_malo_gusto,France,Malo Gusto,Chelsea,Defender,Malo Gusto,Chelsea Football Club,https://www.transfermarkt.co.uk/malo-gusto/profil/spieler/620322,0.91,exact_name,below_auto_match_threshold
france_manu_kone,France,Manu Koné,AS Roma,Midfielder,Manu Koné,Associazione Sportiva Roma,https://www.transfermarkt.co.uk/manu-kone/profil/spieler/624690,0.91,exact_name,below_auto_match_threshold
france_marcus_thuram,France,Marcus Thuram,Internazionale,Forward,Marcus Thuram,Football Club Internazionale Milano S.p.A.,https://www.transfermarkt.co.uk/marcus-thuram/profil/spieler/318528,0.91,exact_name,below_auto_match_threshold
france_maxence_lacroix,France,Maxence Lacroix,Crystal Palace,Defender,Maxence Lacroix,Crystal Palace Football Club,https://www.transfermarkt.co.uk/maxence-lacroix/profil/spieler/434224,0.91,exact_name,below_auto_match_threshold
france_mike_maignan,France,Mike Maignan,AC Milan,Goalkeeper,Mike Maignan,Associazione Calcio Milan,https://www.transfermarkt.co.uk/mike-maignan/profil/spieler/182906,0.91,exact_name,below_auto_match_threshold
france_n_golo_kante,France,N'Golo Kanté,Fenerbahçe,Midfielder,N'Golo Kanté,Fenerbahçe Spor Kulübü,https://www.transfermarkt.co.uk/ngolo-kante/profil/spieler/225083,0.91,exact_name,below_auto_match_threshold
france_ousmane_dembele,France,Ousmane Dembélé,Paris Saint-Germain,Forward,Ousmane Dembélé,Paris Saint-Germain Football Club,https://www.transfermarkt.co.uk/ousmane-dembele/profil/spieler/288230,0.91,exact_name,below_auto_match_threshold
france_rayan_cherki,France,Rayan Cherki,Manchester City,Forward,Rayan Cherki,Manchester City Football Club,https://www.transfermarkt.co.uk/rayan-cherki/profil/spieler/607223,0.91,exact_name,below_auto_match_threshold
france_robin_risser,France,Robin Risser,Lens,Goalkeeper,Robin Risser,Racing Club de Lens,https://www.transfermarkt.co.uk/robin-risser/profil/spieler/743515,0.91,exact_name,below_auto_match_threshold
france_theo_hernandez,France,Theo Hernández,Al Hilal,Defender,Theo Hernández,Al-Hilal Saudi Football Club,https://www.transfermarkt.co.uk/theo-hernandez/profil/spieler/339808,0.91,exact_name,below_auto_match_threshold
france_warren_zaire_emery,France,Warren Zaïre-Emery,Paris Saint-Germain,Midfielder,Warren Zaïre-Emery,Paris Saint-Germain Football Club,https://www.transfermarkt.co.uk/warren-zaire-emery/profil/spieler/810092,0.91,exact_name,below_auto_match_threshold
france_william_saliba,France,William Saliba,Arsenal,Defender,William Saliba,Arsenal Football Club,https://www.transfermarkt.co.uk/william-saliba/profil/spieler/495666,0.91,exact_name,below_auto_match_threshold
germany_alexander_nubel,Germany,Alexander Nübel,Stuttgart,Goalkeeper,Alexander Nübel,Verein für Bewegungsspiele Stuttgart 1893,https://www.transfermarkt.co.uk/alexander-nubel/profil/spieler/195778,0.91,exact_name,below_auto_match_threshold
germany_angelo_stiller,Germany,Angelo Stiller,Stuttgart,Midfielder,Angelo Stiller,Verein für Bewegungsspiele Stuttgart 1893,https://www.transfermarkt.co.uk/angelo-stiller/profil/spieler/443710,0.91,exact_name,below_auto_match_threshold
germany_antonio_rudiger,Germany,Antonio Rüdiger,Real Madrid,Defender,Antonio Rüdiger,Real Madrid Club de Fútbol,https://www.transfermarkt.co.uk/antonio-rudiger/profil/spieler/86202,0.91,exact_name,below_auto_match_threshold
germany_david_raum,Germany,David Raum,RB Leipzig,Defender,David Raum,RasenBallsport Leipzig,https://www.transfermarkt.co.uk/david-raum/profil/spieler/318204,0.91,exact_name,below_auto_match_threshold
germany_deniz_undav,Germany,Deniz Undav,Stuttgart,Forward,Deniz Undav,Verein für Bewegungsspiele Stuttgart 1893,https://www.transfermarkt.co.uk/deniz-undav/profil/spieler/339314,0.91,exact_name,below_auto_match_threshold
germany_florian_wirtz,Germany,Florian Wirtz,Nottingham Forest,Midfielder,Florian Wirtz,Liverpool Football Club,https://www.transfermarkt.co.uk/florian-wirtz/profil/spieler/598577,0.86,exact_name,below_auto_match_threshold
germany_jamal_musiala,Germany,Jamal Musiala,Bayern Munich,Midfielder,Jamal Musiala,FC Bayern München,https://www.transfermarkt.co.uk/jamal-musiala/profil/spieler/580195,0.9,exact_name,below_auto_match_threshold
germany_jamie_leweling,Germany,Jamie Leweling,Stuttgart,Forward,Jamie Leweling,Verein für Bewegungsspiele Stuttgart 1893,https://www.transfermarkt.co.uk/jamie-leweling/profil/spieler/518505,0.91,exact_name,below_auto_match_threshold
germany_kai_havertz,Germany,Kai Havertz,Arsenal,Forward,Kai Havertz,Arsenal Football Club,https://www.transfermarkt.co.uk/kai-havertz/profil/spieler/309400,0.91,exact_name,below_auto_match_threshold
germany_lennart_karl,Germany,Lennart Karl,Bayern Munich,Midfielder,Lennart Karl,FC Bayern München,https://www.transfermarkt.co.uk/lennart-karl/profil/spieler/1075147,0.9,exact_name,below_auto_match_threshold
germany_leroy_sane,Germany,Leroy Sané,Galatasaray,Forward,Leroy Sané,Galatasaray Spor Kulübü,https://www.transfermarkt.co.uk/leroy-sane/profil/spieler/192565,0.91,exact_name,below_auto_match_threshold
germany_malick_thiaw,Germany,Malick Thiaw,Newcastle,Defender,Malick Thiaw,Newcastle United Football Club,https://www.transfermarkt.co.uk/malick-thiaw/profil/spieler/521964,0.91,exact_name,below_auto_match_threshold
germany_nadiem_amiri,Germany,Nadiem Amiri,Mainz 05,Forward,Nadiem Amiri,1. Fußball- und Sportverein Mainz 05,https://www.transfermarkt.co.uk/nadiem-amiri/profil/spieler/232454,0.86,exact_name,below_auto_match_threshold
germany_nick_woltemade,Germany,Nick Woltemade,Newcastle,Forward,Nick Woltemade,Newcastle United Football Club,https://www.transfermarkt.co.uk/nick-woltemade/profil/spieler/455661,0.91,exact_name,below_auto_match_threshold
germany_oliver_baumann,Germany,Oliver Baumann,Hoffenheim,Goalkeeper,Oliver Baumann,Turn- und Sportgemeinschaft 1899 Hoffenheim Fußball-Spielbetriebs,https://www.transfermarkt.co.uk/oliver-baumann/profil/spieler/55089,0.91,exact_name,below_auto_match_threshold
germany_pascal_gross,Germany,Pascal Groß,Brighton,Midfielder,Pascal Groß,Brighton and Hove Albion Football Club,https://www.transfermarkt.co.uk/pascal-gross/profil/spieler/82873,0.91,exact_name,below_auto_match_threshold
ghana_abdul_fatawu_issahaku,Ghana,Abdul Fatawu Issahaku,Leicester City,Forward,Abdul Fatawu,Leicester City,https://www.transfermarkt.co.uk/abdul-fatawu/profil/spieler/864121,0.8373,fuzzy_name,low_confidence_candidate
ghana_alexander_djiku,Ghana,Alexander Djiku,Spartak Moscow,Defender,Alexander Djiku,FK Spartak Moskva,https://www.transfermarkt.co.uk/alexander-djiku/profil/spieler/250844,0.91,exact_name,below_auto_match_threshold
ghana_alidu_seidu,Ghana,Alidu Seidu,Rennes,Defender,Alidu Seidu,Stade Rennais Football Club,https://www.transfermarkt.co.uk/alidu-seidu/profil/spieler/798404,0.91,exact_name,below_auto_match_threshold
ghana_antoine_semenyo,Ghana,Antoine Semenyo,Manchester City,Forward,Antoine Semenyo,Manchester City Football Club,https://www.transfermarkt.co.uk/antoine-semenyo/profil/spieler/583255,0.91,exact_name,below_auto_match_threshold
ghana_baba_rahman,Ghana,Baba Rahman,PAOK Salónica,Defender,Abdul Rahman Baba,Panthessalonikios Athlitikos Omilos Konstantinoupoliton,https://www.transfermarkt.co.uk/abdul-rahman-baba/profil/spieler/224884,0.7429,fuzzy_name,low_confidence_candidate
ghana_benjamin_asare,Ghana,Benjamin Asare,Accra Hearts of Oak,Goalkeeper,Benjamin Lade,Turn- und Sportgemeinschaft 1899 Hoffenheim Fußball-Spielbetriebs,https://www.transfermarkt.co.uk/benjamin-lade/profil/spieler/896350,0.6856,fuzzy_name,low_confidence_candidate
ghana_christopher_bonsu_baah,Ghana,Christopher Bonsu Baah,KRC Genk,Midfielder,Christopher Bonsu Baah,Al-Qadsiah Saudi Football Club,https://www.transfermarkt.co.uk/christopher-bonsu-baah/profil/spieler/1119447,0.86,exact_name,below_auto_match_threshold
ghana_daniel_amartey,Ghana,Daniel Amartey,Beşiktaş,Defender,Daniel Amartey,Beşiktaş Jimnastik Kulübü,https://www.transfermarkt.co.uk/daniel-amartey/profil/spieler/214056,0.91,exact_name,below_auto_match_threshold
ghana_elisha_owusu,Ghana,Elisha Owusu,AJ Auxerre,Midfielder,Elisha Owusu,Association de la Jeunesse auxerroise,https://www.transfermarkt.co.uk/elisha-owusu/profil/spieler/395695,0.91,exact_name,below_auto_match_threshold
ghana_ernest_nuamah,Ghana,Ernest Nuamah,Olympique de Lyon,Midfielder,Ernest Nuamah,Olympique Lyonnais,https://www.transfermarkt.co.uk/ernest-nuamah/profil/spieler/955070,0.9,exact_name,below_auto_match_threshold
ghana_forson_amankwah,Ghana,Forson Amankwah,RB Salzburg,Midfielder,Amankwah Forson,Fußballclub Red Bull Salzburg,https://www.transfermarkt.co.uk/amankwah-forson/profil/spieler/650944,0.91,exact_name_tokens,below_auto_match_threshold
ghana_gideon_mensah,Ghana,Gideon Mensah,Auxerre,Defender,Gideon Mensah,Association de la Jeunesse auxerroise,https://www.transfermarkt.co.uk/gideon-mensah/profil/spieler/397171,0.91,exact_name,below_auto_match_threshold
ghana_joseph_anang,Ghana,Joseph Anang,St. Patrick's Athletic,Goalkeeper,Joseph Anang,,https://www.transfermarkt.co.uk/joseph-anang/profil/spieler/576099,0.91,exact_name,below_auto_match_threshold
ghana_joseph_paintsil,Ghana,Joseph Paintsil,LA Galaxy,Forward,Joseph Paintsil,Los Angeles Galaxy,https://www.transfermarkt.co.uk/joseph-paintsil/profil/spieler/534435,0.91,exact_name,below_auto_match_threshold
ghana_kamaldeen_sulemana,Ghana,Kamaldeen Sulemana,Southampton FC,Forward,Kamaldeen Sulemana,Atalanta Bergamasca Calcio S.p.a.,https://www.transfermarkt.co.uk/kamaldeen-sulemana/profil/spieler/746695,0.91,exact_name,below_auto_match_threshold
ghana_lawrence_ati_zigi,Ghana,Lawrence Ati-Zigi,St. Gallen,Goalkeeper,Lawrence Ati Zigi,FC St. Gallen 1879,https://www.transfermarkt.co.uk/lawrence-ati-zigi/profil/spieler/254285,0.91,exact_name,below_auto_match_threshold
ghana_majeed_ashimeru,Ghana,Majeed Ashimeru,RSC Anderlecht,Midfielder,Majeed Ashimeru,RAAL La Louvière,https://www.transfermarkt.co.uk/majeed-ashimeru/profil/spieler/360140,0.91,exact_name,below_auto_match_threshold
ghana_mohammed_salisu,Ghana,Mohammed Salisu,AS Monaco,Defender,Mohammed Salisu,Association sportive de Monaco Football Club,https://www.transfermarkt.co.uk/mohammed-salisu/profil/spieler/563963,0.91,exact_name,below_auto_match_threshold
ghana_osman_bukari,Ghana,Osman Bukari,Austin FC,Forward,Osman Bukari,Widzew Łódź Spółka Akcyjna,https://www.transfermarkt.co.uk/osman-bukari/profil/spieler/548650,0.91,exact_name,below_auto_match_threshold
ghana_salis_abdul_samed,Ghana,Salis Abdul Samed,RC Lens,Midfielder,Salis Abdul Samed,Olympique Gymnaste Club Nice Côte d'Azur,https://www.transfermarkt.co.uk/salis-abdul-samed/profil/spieler/688707,0.91,exact_name,below_auto_match_threshold
ghana_stephan_ambrosius,Ghana,Stephan Ambrosius,FC St. Gallen,Defender,Stephan Ambrosius,,https://www.transfermarkt.co.uk/stephan-ambrosius/profil/spieler/327536,0.91,exact_name,below_auto_match_threshold
ghana_tariq_lamptey,Ghana,Tariq Lamptey,Brighton & Hove Albion,Defender,Tariq Lamptey,Associazione Calcio Fiorentina,https://www.transfermarkt.co.uk/tariq-lamptey/profil/spieler/504148,0.91,exact_name,below_auto_match_threshold
ghana_thomas_partey,Ghana,Thomas Partey,Villarreal,Midfielder,Thomas Partey,Villarreal Club de Fútbol S.A.D.,https://www.transfermarkt.co.uk/thomas-partey/profil/spieler/230784,0.91,exact_name,below_auto_match_threshold
haiti_alexandre_pierre,Haiti,Alexandre Pierre,Sochaux,Goalkeeper,Alexandre Pierre,Racing Club de Strasbourg Alsace,https://www.transfermarkt.co.uk/alexandre-pierre/profil/spieler/838947,0.91,exact_name,below_auto_match_threshold
haiti_carl_sainte,Haiti,Carl Sainté,El Paso Locomotive FC,Midfielder,Carlos Sánchez,West Ham United Football Club,https://www.transfermarkt.co.uk/carlos-sanchez/profil/spieler/51226,0.6116,fuzzy_name,low_confidence_candidate
haiti_carlens_arcus,Haiti,Carlens Arcus,Angers,Defender,Carlens Arcus,Angers Sporting Club de l'Ouest,https://www.transfermarkt.co.uk/carlens-arcus/profil/spieler/371686,0.91,exact_name,below_auto_match_threshold
haiti_dominique_simon,Haiti,Dominique Simon,FC Tatran Prešov,Midfielder,Dominique Simon,FK Pardubice,https://www.transfermarkt.co.uk/dominique-simon/profil/spieler/988188,0.83,exact_name,low_confidence_candidate
haiti_duckens_nazon,Haiti,Duckens Nazon,Esteghlal,Forward,Duckens Nazon,Kayserispor Kulübü,https://www.transfermarkt.co.uk/duckens-nazon/profil/spieler/345763,0.91,exact_name,below_auto_match_threshold
haiti_duke_lacroix,Haiti,Duke Lacroix,Colorado Springs Switchbacks,Defender,Léo Lacroix,AS Saint-Étienne,https://www.transfermarkt.co.uk/leo-lacroix/profil/spieler/149652,0.6604,fuzzy_name,low_confidence_candidate
haiti_jean_kevin_duverne,Haiti,Jean-Kévin Duverne,Gent,Defender,Jean-Kévin Duverne,Koninklijke Atletiek Associatie Gent,https://www.transfermarkt.co.uk/jean-kevin-duverne/profil/spieler/344864,0.91,exact_name,below_auto_match_threshold
haiti_johny_placide,Haiti,Johny Placide,Bastia,Goalkeeper,Johny Placide,EA Guingamp,https://www.transfermarkt.co.uk/johny-placide/profil/spieler/51035,0.91,exact_name,below_auto_match_threshold
haiti_josue_duverger,Haiti,Josue Duverger,Cosmos Koblenz,Goalkeeper,Josué Dorrio,SD Eibar,https://www.transfermarkt.co.uk/josue-dorrio/profil/spieler/483453,0.54,fuzzy_name,low_confidence_candidate
haiti_josue_casimir,Haiti,Josué Casimir,Auxerre,Forward,Josué Casimir,Association de la Jeunesse auxerroise,https://www.transfermarkt.co.uk/josue-casimir/profil/spieler/763182,0.91,exact_name,below_auto_match_threshold
haiti_keeto_thermoncy,Haiti,Keeto Thermoncy,Young Boys,Defender,Robert Kakeeto,Aalborg BK,https://www.transfermarkt.co.uk/robert-kakeeto/profil/spieler/369673,0.4303,fuzzy_name,low_confidence_candidate
haiti_lenny_joseph,Haiti,Lenny Joseph,Ferencváros,Forward,Lenny Joseph,Football Club de Metz,https://www.transfermarkt.co.uk/lenny-joseph/profil/spieler/815359,0.83,exact_name,low_confidence_candidate
haiti_leverton_pierre,Haiti,Leverton Pierre,Vizela,Midfielder,Pierre Larsen,FC Helsingör,https://www.transfermarkt.co.uk/pierre-larsen/profil/spieler/279292,0.6071,fuzzy_name,low_confidence_candidate
haiti_martin_experience,Haiti,Martin Expérience,Nancy,Defender,Martin Erlić,Fodbold Club Midtjylland,https://www.transfermarkt.co.uk/martin-erlic/profil/spieler/357003,0.6417,fuzzy_name,low_confidence_candidate
haiti_ricardo_ade,Haiti,Ricardo Adé,LDU Quito,Defender,André Ricardo,Panthessalonikios Athlitikos Omilos Konstantinoupoliton,https://www.transfermarkt.co.uk/andre-ricardo/profil/spieler/683498,0.715,near_name,low_confidence_candidate
haiti_ruben_providence,Haiti,Ruben Providence,Almere,Forward,Ruben Providence,Turn- und Sportverein Egger Glas Hartberg,https://www.transfermarkt.co.uk/ruben-providence/profil/spieler/536520,0.91,exact_name,below_auto_match_threshold
haiti_wilguens_paugain,Haiti,Wilguens Paugain,Zulte Waregem,Defender,Wilguens Paugain,Sportvereniging Zulte Waregem,https://www.transfermarkt.co.uk/wilguens-paugain/profil/spieler/609691,0.91,exact_name,below_auto_match_threshold
haiti_wilson_isidor,Haiti,Wilson Isidor,Sunderland,Forward,Wilson Isidor,Sunderland Association Football Club,https://www.transfermarkt.co.uk/wilson-isidor/profil/spieler/494237,0.91,exact_name,below_auto_match_threshold
haiti_woodensky_pierre,Haiti,Woodensky Pierre,Violette,Midfielder,Nils Pierre,KV Oostende,https://www.transfermarkt.co.uk/nils-pierre/profil/spieler/232127,0.57,fuzzy_name,low_confidence_candidate
haiti_yassin_fortune,Haiti,Yassin Fortuné,Vizela,Forward,Yassin Fortuné,FK Polissya Zhytomyr,https://www.transfermarkt.co.uk/yassin-fortune/profil/spieler/342878,0.83,exact_name,low_confidence_candidate
iran_ali_alipour,Iran,Ali Alipour,Persepolis,Forward,Ali Alipour,,https://www.transfermarkt.co.uk/ali-alipour/profil/spieler/249360,0.91,exact_name,below_auto_match_threshold
iran_ali_nemati,Iran,Ali Nemati,Persepolis FC (Irán),Defender,Ali Fathi,Clube Desportivo Nacional,https://www.transfermarkt.co.uk/ali-fathi/profil/spieler/163295,0.6247,fuzzy_name,low_confidence_candidate
iran_alireza_beiranvand,Iran,Alireza Beiranvand,Tractor,Goalkeeper,Alireza Beiranvand,Boavista FC,https://www.transfermarkt.co.uk/alireza-beiranvand/profil/spieler/229081,0.91,exact_name,below_auto_match_threshold
iran_alireza_jahanbakhsh,Iran,Alireza Jahanbakhsh,Dender,Midfielder,Alireza Jahanbakhsh,FC Verbroedering Denderhoutem Denderleeuw Eendracht Hekelgem,https://www.transfermarkt.co.uk/alireza-jahanbakhsh/profil/spieler/213268,0.86,exact_name,below_auto_match_threshold
iran_amirhossein_hosseinzadeh,Iran,Amirhossein Hosseinzadeh,Tractor,Forward,Amirhossein Hosseinzadeh,,https://www.transfermarkt.co.uk/amirhossein-hosseinzadeh/profil/spieler/542380,0.91,exact_name,below_auto_match_threshold
iran_amirmohammad_razzaghinia,Iran,Amirmohammad Razzaghinia,Esteghlal F.C.,Midfielder,,,,0.0,unmatched,no_candidate_found
iran_arya_yousefi,Iran,Arya Yousefi,Sepahan S.C.,Midfielder,Maryan Mysyk,Ingulets Petrove,https://www.transfermarkt.co.uk/maryan-mysyk/profil/spieler/316945,0.505,fuzzy_name,low_confidence_candidate
iran_danial_iri,Iran,Danial Iri,Zob Ahan,Defender,Kirill Danilov,PFK CSKA Moskva,https://www.transfermarkt.co.uk/kirill-danilov/profil/spieler/1131030,0.635,fuzzy_name,low_confidence_candidate
iran_denis_eckert_dargahi,Iran,Denis Eckert Dargahi,Standard de Liège,Forward,Denis Țăroi,Asociația Fotbal Club UTA Arad,https://www.transfermarkt.co.uk/denis-taroi/profil/spieler/1346805,0.5532,fuzzy_name,low_confidence_candidate
iran_ehsan_hajsafi,Iran,Ehsan Hajsafi,Sepahan,Defender,Ehsan Hajsafi,Athlitiki Enosi Konstantinoupoleos,https://www.transfermarkt.co.uk/ehsan-hajsafi/profil/spieler/77547,0.91,exact_name,below_auto_match_threshold
iran_mehdi_ghayedi,Iran,Mehdi Ghayedi,Kalba FC,Forward,Mehdi Ghayedi,,https://www.transfermarkt.co.uk/mehdi-ghayedi/profil/spieler/478192,0.91,exact_name,below_auto_match_threshold
iran_mehdi_taremi,Iran,Mehdi Taremi,Inter de Milán,Forward,Mehdi Taremi,Olympiakos Syndesmos Filathlon Peiraios,https://www.transfermarkt.co.uk/mehdi-taremi/profil/spieler/307058,0.91,exact_name,below_auto_match_threshold
iran_mehdi_torabi,Iran,Mehdi Torabi,Tractor S.C.,Forward,Mehdi Taremi,Olympiakos Syndesmos Filathlon Peiraios,https://www.transfermarkt.co.uk/mehdi-taremi/profil/spieler/307058,0.715,fuzzy_name,low_confidence_candidate
iran_milad_mohammadi,Iran,Milad Mohammadi,Persepolis,Defender,Milad Mohammadi,Adana Demirspor,https://www.transfermarkt.co.uk/milad-mohammadi/profil/spieler/333355,0.91,exact_name,below_auto_match_threshold
iran_mohammad_ghorbani,Iran,Mohammad Ghorbani,Al-Wahda,Midfielder,Mohammad Ghorbani,FC Orenburg,https://www.transfermarkt.co.uk/mohammad-ghorbani/profil/spieler/856087,0.91,exact_name,below_auto_match_threshold
iran_mohammad_hossein_kanaanizadegan,Iran,Mohammad Hossein Kanaanizadegan,Persepolis,Defender,Mohammadjavad Hosseinnejad,Dinamo Makhachkala,https://www.transfermarkt.co.uk/mohammadjavad-hosseinnejad/profil/spieler/1030739,0.6,fuzzy_name,low_confidence_candidate
iran_payam_niazmand,Iran,Payam Niazmand,Persepolis,Goalkeeper,Payam Niazmand,Portimonense SC,https://www.transfermarkt.co.uk/payam-niazmand/profil/spieler/343044,0.91,exact_name,below_auto_match_threshold
iran_ramin_rezaeian,Iran,Ramin Rezaeian,Foolad,Defender,Ramin Rezaeian,,https://www.transfermarkt.co.uk/ramin-rezaeian/profil/spieler/188312,0.91,exact_name,below_auto_match_threshold
iran_rouzbeh_cheshmi,Iran,Rouzbeh Cheshmi,Esteghlal,Midfielder,,,,0.0,unmatched,no_candidate_found
iran_saeid_ezatolahi,Iran,Saeid Ezatolahi,Shabab Al-Ahli,Midfielder,Saeid Ezatolahi,Vejle Boldklub,https://www.transfermarkt.co.uk/saeid-ezatolahi/profil/spieler/249271,0.91,exact_name,below_auto_match_threshold
iran_saleh_hardani,Iran,Saleh Hardani,Esteghlal,Defender,Saleh Barnawi,Al-Hilal Saudi Football Club,https://www.transfermarkt.co.uk/saleh-barnawi/profil/spieler/1180099,0.65,fuzzy_name,low_confidence_candidate
iran_saman_ghoddos,Iran,Saman Ghoddos,Kalba,Midfielder,Saman Ghoddos,Brentford Football Club,https://www.transfermarkt.co.uk/saman-ghoddos/profil/spieler/204294,0.86,exact_name,below_auto_match_threshold
iran_seyed_hossein_hosseini,Iran,Seyed Hossein Hosseini,Sepahan S.C.,Goalkeeper,Majid Hosseini,Kayserispor Kulübü,https://www.transfermarkt.co.uk/majid-hosseini/profil/spieler/294767,0.5133,fuzzy_name,low_confidence_candidate
iran_shahriyar_moghanlou,Iran,Shahriyar Moghanlou,Kalba FC,Forward,Shahriar Moghanlou,Clube Desportivo Santa Clara,https://www.transfermarkt.co.uk/shahriar-moghanlou/profil/spieler/357125,0.8889,near_name,below_auto_match_threshold
iran_shojae_khalilzadeh,Iran,Shojae Khalilzadeh,Tractor S.C.,Defender,Masoud Shojaei,Athlitiki Enosi Konstantinoupoleos,https://www.transfermarkt.co.uk/masoud-shojaei/profil/spieler/26574,0.5188,fuzzy_name,low_confidence_candidate
iraq_ahmed_basil,Iraq,Ahmed Basil,Al-Shorta,Goalkeeper,Ahmed Basil Fadhil,,https://www.transfermarkt.co.uk/ahmed-basil-fadhil/profil/spieler/560952,0.7217,fuzzy_name,low_confidence_candidate
iraq_ahmed_yahya,Iraq,Ahmed Yahya,Al-Shorta SC (Irak),Defender,Ahmed Yahya,,https://www.transfermarkt.co.uk/ahmed-yahya/profil/spieler/949320,0.91,exact_name,below_auto_match_threshold
iraq_aimar_sher,Iraq,Aimar Sher,Sarpsborg,Midfielder,Aimar Sher,Sarpsborg 08 Fotballforening,https://www.transfermarkt.co.uk/aimar-sher/profil/spieler/579294,0.91,exact_name,below_auto_match_threshold
iraq_akam_hashim,Iraq,Akam Hashim,Al-Zawraa,Defender,Akam Hashem,,https://www.transfermarkt.co.uk/akam-hashem/profil/spieler/933541,0.8391,near_name,low_confidence_candidate
iraq_ali_al_hamadi,Iraq,Ali Al-Hamadi,Ipswich,Forward,Ali Al-Hamadi,Luton Town,https://www.transfermarkt.co.uk/ali-al-hamadi/profil/spieler/610581,0.91,exact_name,below_auto_match_threshold
iraq_ali_jasim,Iraq,Ali Jasim,Al-Najma,Midfielder,Ali Jasim,Al-Najma Sport Club,https://www.transfermarkt.co.uk/ali-jasim/profil/spieler/877672,0.86,exact_name,below_auto_match_threshold
iraq_ali_yousif,Iraq,Ali Yousif,Al-Talaba,Forward,Ali Yousif,,https://www.transfermarkt.co.uk/ali-yousif/profil/spieler/576265,0.91,exact_name,below_auto_match_threshold
iraq_amir_al_ammari,Iraq,Amir Al-Ammari,Cracovia,Midfielder,Amir Al-Ammari,Klub Sportowy Cracovia Spółka Akcyjna,https://www.transfermarkt.co.uk/amir-al-ammari/profil/spieler/303766,0.91,exact_name,below_auto_match_threshold
iraq_aymen_hussein,Iraq,Aymen Hussein,Al-Karma,Forward,Aymen Hussein,,https://www.transfermarkt.co.uk/aymen-hussein/profil/spieler/401054,0.91,exact_name,below_auto_match_threshold
iraq_fahad_talib,Iraq,Fahad Talib,Al-Talaba,Goalkeeper,Fahad Talib,,https://www.transfermarkt.co.uk/fahad-talib/profil/spieler/377268,0.91,exact_name,below_auto_match_threshold
iraq_frans_putros,Iraq,Frans Putros,Persib,Defender,Frans Dhia Putros,,https://www.transfermarkt.co.uk/frans-dhia-putros/profil/spieler/166460,0.7755,fuzzy_name,low_confidence_candidate
iraq_hussein_ali,Iraq,Hussein Ali,Pogon Szczecin,Defender,Hussein Ali,Morski Klub Sportowy Pogoń Szczecin,https://www.transfermarkt.co.uk/hussein-ali/profil/spieler/585325,0.91,exact_name,below_auto_match_threshold
iraq_ibrahim_bayesh,Iraq,Ibrahim Bayesh,Al-Dhafra,Midfielder,Ibrahim Bayesh,,https://www.transfermarkt.co.uk/ibrahim-bayesh/profil/spieler/560957,0.86,exact_name,below_auto_match_threshold
iraq_jalal_hassan,Iraq,Jalal Hassan,Al-Zawraa,Goalkeeper,Jalal Hassan,,https://www.transfermarkt.co.uk/jalal-hassan/profil/spieler/206782,0.91,exact_name,below_auto_match_threshold
iraq_kevin_yakob,Iraq,Kevin Yakob,Aarhus GF,Midfielder,Kevin Yakob,Aarhus Gymnastik Forening,https://www.transfermarkt.co.uk/kevin-yakob/profil/spieler/413268,0.91,exact_name,below_auto_match_threshold
iraq_manaf_younis,Iraq,Manaf Younis,Al-Shorta SC (Irak),Defender,Manaf Younis,,https://www.transfermarkt.co.uk/manaf-younis/profil/spieler/945266,0.91,exact_name,below_auto_match_threshold
iraq_marko_farji,Iraq,Marko Farji,Venezia,Midfielder,Marko Farji,Venezia FC,https://www.transfermarkt.co.uk/marko-farji/profil/spieler/663153,0.9,exact_name,below_auto_match_threshold
iraq_mohanad_ali,Iraq,Mohanad Ali,Dibba,Forward,Mohanad Ali,,https://www.transfermarkt.co.uk/mohanad-ali/profil/spieler/589646,0.91,exact_name,below_auto_match_threshold
iraq_mustafa_saadoon,Iraq,Mustafa Saadoon,Al-Shorta,Defender,Mustafa Saadoon,,https://www.transfermarkt.co.uk/mustafa-saadoon/profil/spieler/952341,0.91,exact_name,below_auto_match_threshold
iraq_rebin_sulaka,Iraq,Rebin Sulaka,Port,Defender,Rebin Sulaka,,https://www.transfermarkt.co.uk/rebin-sulaka/profil/spieler/217073,0.91,exact_name,below_auto_match_threshold
iraq_youssef_amyn,Iraq,Youssef Amyn,AEK Larnaca,Midfielder,Youssef Amyn,,https://www.transfermarkt.co.uk/youssef-amyn/profil/spieler/684307,0.86,exact_name,below_auto_match_threshold
iraq_zaid_ismail,Iraq,Zaid Ismail,Al-Talaba,Midfielder,Zaid Ismail,,https://www.transfermarkt.co.uk/zaid-ismail/profil/spieler/1132850,0.91,exact_name,below_auto_match_threshold
iraq_zaid_tahseen,Iraq,Zaid Tahseen,Pakhtakor,Defender,Zaid Tahseen,,https://www.transfermarkt.co.uk/zaid-tahseen/profil/spieler/931147,0.91,exact_name,below_auto_match_threshold
iraq_zidane_iqbal,Iraq,Zidane Iqbal,Utrecht,Midfielder,Zidane Iqbal,Football Club Utrecht,https://www.transfermarkt.co.uk/zidane-iqbal/profil/spieler/686845,0.91,exact_name,below_auto_match_threshold
ivory_coast_alban_lafont,Ivory Coast,Alban Lafont,Panathinaikos,Goalkeeper,Alban Lafont,Panathinaikos Athlitikos Omilos,https://www.transfermarkt.co.uk/alban-lafont/profil/spieler/357117,0.91,exact_name,below_auto_match_threshold
ivory_coast_amad_diallo,Ivory Coast,Amad Diallo,Manchester United,Forward,Amad Diallo,Manchester United Football Club,https://www.transfermarkt.co.uk/amad-diallo/profil/spieler/536835,0.91,exact_name,below_auto_match_threshold
ivory_coast_ange_yoan_bonny,Ivory Coast,Ange-Yoan Bonny,Internazionale,Forward,Ange-Yoan Bonny,Football Club Internazionale Milano S.p.A.,https://www.transfermarkt.co.uk/ange-yoan-bonny/profil/spieler/827734,0.91,exact_name,below_auto_match_threshold
ivory_coast_bazoumana_toure,Ivory Coast,Bazoumana Touré,Hoffenheim,Forward,Bazoumana Touré,Turn- und Sportgemeinschaft 1899 Hoffenheim Fußball-Spielbetriebs,https://www.transfermarkt.co.uk/bazoumana-toure/profil/spieler/1067904,0.91,exact_name,below_auto_match_threshold
ivory_coast_christopher_operi,Ivory Coast,Christopher Opéri,İstanbul Başakşehir,Defender,Christopher Operi,İstanbul Başakşehir Futbol Kulübü,https://www.transfermarkt.co.uk/christopher-operi/profil/spieler/469976,0.91,exact_name,below_auto_match_threshold
ivory_coast_elye_wahi,Ivory Coast,Elye Wahi,Nice,Forward,Elye Wahi,Olympique Gymnaste Club Nice Côte d'Azur,https://www.transfermarkt.co.uk/elye-wahi/profil/spieler/659542,0.91,exact_name,below_auto_match_threshold
ivory_coast_emmanuel_agbadou,Ivory Coast,Emmanuel Agbadou,Beşiktaş,Defender,Emmanuel Agbadou,Beşiktaş Jimnastik Kulübü,https://www.transfermarkt.co.uk/emmanuel-agbadou/profil/spieler/683895,0.91,exact_name,below_auto_match_threshold
ivory_coast_evan_ndicka,Ivory Coast,Evan Ndicka,AS Roma,Defender,Evan Ndicka,Associazione Sportiva Roma,https://www.transfermarkt.co.uk/evan-ndicka/profil/spieler/371149,0.91,exact_name,below_auto_match_threshold
ivory_coast_evann_guessand,Ivory Coast,Evann Guessand,Aston Villa,Forward,Evann Guessand,Crystal Palace Football Club,https://www.transfermarkt.co.uk/evann-guessand/profil/spieler/500689,0.91,exact_name,below_auto_match_threshold
ivory_coast_franck_kessie,Ivory Coast,Franck Kessié,Al Ahli,Midfielder,Franck Kessié,Al-Ahli Saudi Football Club,https://www.transfermarkt.co.uk/franck-kessie/profil/spieler/294808,0.91,exact_name,below_auto_match_threshold
ivory_coast_ghislain_konan,Ivory Coast,Ghislain Konan,Gil Vicente,Defender,Ghislain Konan,Gil Vicente Futebol Clube,https://www.transfermarkt.co.uk/ghislain-konan/profil/spieler/422850,0.91,exact_name,below_auto_match_threshold
ivory_coast_guela_doue,Ivory Coast,Guela Doué,Strasbourg,Defender,Guéla Doué,Racing Club de Strasbourg Alsace,https://www.transfermarkt.co.uk/guela-doue/profil/spieler/711980,0.91,exact_name,below_auto_match_threshold
ivory_coast_ibrahim_sangare,Ivory Coast,Ibrahim Sangaré,Nottingham Forest,Midfielder,Ibrahim Sangaré,Nottingham Forest Football Club,https://www.transfermarkt.co.uk/ibrahim-sangare/profil/spieler/375885,0.91,exact_name,below_auto_match_threshold
ivory_coast_jean_michael_seri,Ivory Coast,Jean Michaël Seri,NK Maribor,Midfielder,Jean Michaël Seri,Al-Orobah FC,https://www.transfermarkt.co.uk/jean-michael-seri/profil/spieler/178614,0.91,exact_name,below_auto_match_threshold
ivory_coast_mohamed_kone,Ivory Coast,Mohamed Koné,Charleroi,Goalkeeper,Mohamed Koné,Royal Charleroi Sporting Club,https://www.transfermarkt.co.uk/mohamed-kone/profil/spieler/911985,0.91,exact_name,below_auto_match_threshold
ivory_coast_nicolas_pepe,Ivory Coast,Nicolas Pépé,Villarreal,Forward,Nicolas Pépé,Villarreal Club de Fútbol S.A.D.,https://www.transfermarkt.co.uk/nicolas-pepe/profil/spieler/343052,0.91,exact_name,below_auto_match_threshold
ivory_coast_odilon_kossounou,Ivory Coast,Odilon Kossounou,Atalanta,Defender,Odilon Kossounou,Atalanta Bergamasca Calcio S.p.a.,https://www.transfermarkt.co.uk/odilon-kossounou/profil/spieler/644771,0.91,exact_name,below_auto_match_threshold
ivory_coast_oumar_diakite,Ivory Coast,Oumar Diakité,Cercle Brugge,Forward,Oumar Diakité,Cercle Brugge Koninklijke Sportvereniging,https://www.transfermarkt.co.uk/oumar-diakite/profil/spieler/847279,0.91,exact_name,below_auto_match_threshold
ivory_coast_ousmane_diomande,Ivory Coast,Ousmane Diomande,Sporting CP,Defender,Ousmane Diomande,Sporting Clube de Portugal,https://www.transfermarkt.co.uk/ousmane-diomande/profil/spieler/974982,0.91,exact_name,below_auto_match_threshold
ivory_coast_parfait_guiagon,Ivory Coast,Parfait Guiagon,Charleroi,Midfielder,Parfait Guiagon,Royal Charleroi Sporting Club,https://www.transfermarkt.co.uk/parfait-guiagon/profil/spieler/624913,0.86,exact_name,below_auto_match_threshold
ivory_coast_seko_fofana,Ivory Coast,Seko Fofana,Porto,Midfielder,Seko Fofana,Futebol Clube do Porto,https://www.transfermarkt.co.uk/seko-fofana/profil/spieler/182893,0.91,exact_name,below_auto_match_threshold
ivory_coast_simon_adingra,Ivory Coast,Simon Adingra,AS Monaco,Forward,Simon Adingra,Association sportive de Monaco Football Club,https://www.transfermarkt.co.uk/simon-adingra/profil/spieler/658536,0.91,exact_name,below_auto_match_threshold
ivory_coast_wilfried_singo,Ivory Coast,Wilfried Singo,Galatasaray,Defender,Wilfried Singo,Galatasaray Spor Kulübü,https://www.transfermarkt.co.uk/wilfried-singo/profil/spieler/648779,0.91,exact_name,below_auto_match_threshold
ivory_coast_yahia_fofana,Ivory Coast,Yahia Fofana,Rizespor,Goalkeeper,Yahia Fofana,Çaykur Rizespor Kulübü,https://www.transfermarkt.co.uk/yahia-fofana/profil/spieler/418651,0.91,exact_name,below_auto_match_threshold
ivory_coast_yan_diomande,Ivory Coast,Yan Diomande,RB Leipzig,Forward,Yan Diomande,RasenBallsport Leipzig,https://www.transfermarkt.co.uk/yan-diomande/profil/spieler/1390649,0.91,exact_name,below_auto_match_threshold
japan_ao_tanaka,Japan,Ao Tanaka,Leeds United,Midfielder,Ao Tanaka,Leeds United Association Football Club,https://www.transfermarkt.co.uk/ao-tanaka/profil/spieler/489359,0.91,exact_name,below_auto_match_threshold
japan_ayase_ueda,Japan,Ayase Ueda,Feyenoord,Forward,Ayase Ueda,Feyenoord Rotterdam,https://www.transfermarkt.co.uk/ayase-ueda/profil/spieler/589128,0.91,exact_name,below_auto_match_threshold
japan_daichi_kamada,Japan,Daichi Kamada,Crystal Palace,Midfielder,Daichi Kamada,Crystal Palace Football Club,https://www.transfermarkt.co.uk/daichi-kamada/profil/spieler/356141,0.86,exact_name,below_auto_match_threshold
japan_daiki_hashioka,Japan,Daiki Hashioka,Luton Town,Defender,Daiki Hashioka,Koninklijke Atletiek Associatie Gent,https://www.transfermarkt.co.uk/daiki-hashioka/profil/spieler/387191,0.91,exact_name,below_auto_match_threshold
japan_daizen_maeda,Japan,Daizen Maeda,Celtic,Forward,Daizen Maeda,The Celtic Football Club,https://www.transfermarkt.co.uk/daizen-maeda/profil/spieler/420931,0.91,exact_name,below_auto_match_threshold
japan_hidemasa_morita,Japan,Hidemasa Morita,Sporting CP,Midfielder,Hidemasa Morita,Sporting Clube de Portugal,https://www.transfermarkt.co.uk/hidemasa-morita/profil/spieler/524315,0.91,exact_name,below_auto_match_threshold
japan_junya_ito,Japan,Junya Ito,Stade de Reims,Forward,Junya Ito,Koninklijke Racing Club Genk,https://www.transfermarkt.co.uk/junya-ito/profil/spieler/348791,0.91,exact_name,below_auto_match_threshold
japan_kaoru_mitoma,Japan,Kaoru Mitoma,Brighton & Hove Albion,Forward,Kaoru Mitoma,Brighton and Hove Albion Football Club,https://www.transfermarkt.co.uk/kaoru-mitoma/profil/spieler/504849,0.91,exact_name,below_auto_match_threshold
japan_ko_itakura,Japan,Ko Itakura,Ajax,Defender,Ko Itakura,AFC Ajax Amsterdam,https://www.transfermarkt.co.uk/ko-itakura/profil/spieler/355816,0.91,exact_name,below_auto_match_threshold
japan_koki_machida,Japan,Koki Machida,Royale Union Saint-Gilloise,Defender,Koki Machida,Turn- und Sportgemeinschaft 1899 Hoffenheim Fußball-Spielbetriebs,https://www.transfermarkt.co.uk/koki-machida/profil/spieler/415035,0.91,exact_name,below_auto_match_threshold
japan_koki_ogawa,Japan,Koki Ogawa,NEC Nijmegen,Forward,Koki Ogawa,Nijmegen Eendracht Combinatie,https://www.transfermarkt.co.uk/koki-ogawa/profil/spieler/351567,0.91,exact_name,below_auto_match_threshold
japan_kosei_tani,Japan,Kosei Tani,Gamba Osaka,Goalkeeper,Kosei Tani,Zelvia,https://www.transfermarkt.co.uk/kosei-tani/profil/spieler/405382,0.91,exact_name,below_auto_match_threshold
japan_reo_hatate,Japan,Reo Hatate,Celtic FC,Midfielder,Reo Hatate,The Celtic Football Club,https://www.transfermarkt.co.uk/reo-hatate/profil/spieler/496656,0.91,exact_name,below_auto_match_threshold
japan_ritsu_doan,Japan,Ritsu Doan,SC Friburgo,Forward,Ritsu Doan,Eintracht Frankfurt Fußball AG,https://www.transfermarkt.co.uk/ritsu-doan/profil/spieler/358504,0.91,exact_name,below_auto_match_threshold
japan_seiya_maikuma,Japan,Seiya Maikuma,AZ Alkmaar,Defender,Seiya Maikuma,Alkmaar Zaanstreek,https://www.transfermarkt.co.uk/seiya-maikuma/profil/spieler/733438,0.91,exact_name,below_auto_match_threshold
japan_shogo_taniguchi,Japan,Shogo Taniguchi,Sint-Truiden,Defender,Shogo Taniguchi,Koninklijke Sint-Truidense Voetbalvereniging,https://www.transfermarkt.co.uk/shogo-taniguchi/profil/spieler/307870,0.91,exact_name,below_auto_match_threshold
japan_shuto_machino,Japan,Shuto Machino,Holstein Kiel,Forward,Shuto Machino,Borussia Verein für Leibesübungen 1900 Mönchengladbach,https://www.transfermarkt.co.uk/shuto-machino/profil/spieler/550580,0.91,exact_name,below_auto_match_threshold
japan_takefusa_kubo,Japan,Takefusa Kubo,Real Sociedad,Midfielder,Takefusa Kubo,Real Sociedad de Fútbol S.A.D.,https://www.transfermarkt.co.uk/takefusa-kubo/profil/spieler/405398,0.86,exact_name,below_auto_match_threshold
japan_takehiro_tomiyasu,Japan,Takehiro Tomiyasu,Ajax,Defender,Takehiro Tomiyasu,AFC Ajax Amsterdam,https://www.transfermarkt.co.uk/takehiro-tomiyasu/profil/spieler/331560,0.91,exact_name,below_auto_match_threshold
japan_takumi_minamino,Japan,Takumi Minamino,AS Monaco,Midfielder,Takumi Minamino,Association sportive de Monaco Football Club,https://www.transfermarkt.co.uk/takumi-minamino/profil/spieler/165793,0.86,exact_name,below_auto_match_threshold
japan_wataru_endo,Japan,Wataru Endo,Liverpool,Midfielder,Wataru Endo,Liverpool Football Club,https://www.transfermarkt.co.uk/wataru-endo/profil/spieler/146310,0.91,exact_name,below_auto_match_threshold
japan_yukinari_sugawara,Japan,Yukinari Sugawara,Werder Bremen,Defender,Yukinari Sugawara,Sportverein Werder Bremen von 1899,https://www.transfermarkt.co.uk/yukinari-sugawara/profil/spieler/405385,0.91,exact_name,below_auto_match_threshold
japan_zion_suzuki,Japan,Zion Suzuki,Parma,Goalkeeper,Zion Suzuki,Parma Calcio 1913,https://www.transfermarkt.co.uk/zion-suzuki/profil/spieler/432298,0.91,exact_name,below_auto_match_threshold
jordan_abdallah_al_fakhouri,Jordan,Abdallah Al-Fakhouri,Al-Wehdat,Goalkeeper,Abdallah Al-Fakhouri,,https://www.transfermarkt.co.uk/abdallah-al-fakhouri/profil/spieler/658805,0.91,exact_name,below_auto_match_threshold
jordan_abdallah_nasib,Jordan,Abdallah Nasib,Al-Zawraa,Defender,Abdallah Nasib,,https://www.transfermarkt.co.uk/abdallah-nasib/profil/spieler/882197,0.91,exact_name,below_auto_match_threshold
jordan_ahmad_al_juaidi,Jordan,Ahmad Al-Juaidi,Shabab Al-Ordon,Goalkeeper,Ahmad Al-Rehaili,Al-Ettifaq Football Club,https://www.transfermarkt.co.uk/ahmad-al-rehaili/profil/spieler/352715,0.6539,fuzzy_name,low_confidence_candidate
jordan_ali_olwan,Jordan,Ali Olwan,Al-Sailiaya,Forward,Ali Olwan,,https://www.transfermarkt.co.uk/ali-olwan/profil/spieler/664057,0.91,exact_name,below_auto_match_threshold
jordan_anas_al_awadat,Jordan,Anas Al-Awadat,Al-Wehdat,Midfielder,Anas Al-Ghamdi,Al-Taawoun Football Club,https://www.transfermarkt.co.uk/anas-al-ghamdi/profil/spieler/1317052,0.5571,fuzzy_name,low_confidence_candidate
jordan_aref_al_haj,Jordan,Aref Al-Haj,Al-Faisaly,Forward,Aref Al-Haj,,https://www.transfermarkt.co.uk/aref-al-haj/profil/spieler/1090167,0.91,exact_name,below_auto_match_threshold
jordan_bara_marei,Jordan,Bara' Marei,Al-Faisaly,Defender,Mateo Barac,NK Varazdin,https://www.transfermarkt.co.uk/mateo-barac/profil/spieler/329629,0.6443,fuzzy_name,low_confidence_candidate
jordan_feras_shelbaieh,Jordan,Feras Shelbaieh,Al-Wehdat,Defender,Feras Al-Rajhi,Al-Raed SFC,https://www.transfermarkt.co.uk/feras-al-rajhi/profil/spieler/1324905,0.4303,fuzzy_name,low_confidence_candidate
jordan_hussam_abu_dahab,Jordan,Hussam Abu Dahab,Al-Faisaly,Defender,Husam Abu Dahab,,https://www.transfermarkt.co.uk/husam-abu-dahab/profil/spieler/895291,0.8848,near_name,below_auto_match_threshold
jordan_ibrahim_sadeh,Jordan,Ibrahim Sadeh,Al-Karma,Midfielder,Ibrahim Saadeh,,https://www.transfermarkt.co.uk/ibrahim-saadeh/profil/spieler/709974,0.8811,near_name,below_auto_match_threshold
jordan_ihsan_haddad,Jordan,Ihsan Haddad,Al-Hussein Irbid,Defender,Ehsan Haddad,,https://www.transfermarkt.co.uk/ehsan-haddad/profil/spieler/310943,0.845,near_name,below_auto_match_threshold
jordan_mahmoud_al_mardi,Jordan,Mahmoud Al-Mardi,Al-Hussein Irbid,Midfielder,Mahmoud Al-Mardi,,https://www.transfermarkt.co.uk/mahmoud-al-mardi/profil/spieler/401086,0.86,exact_name,below_auto_match_threshold
jordan_mohammad_abu_hasheesh,Jordan,Mohammad Abu Hasheesh,Al-Hussein Irbid,Defender,Mohammad Abu Hasheesh,,https://www.transfermarkt.co.uk/mohammad-abu-hasheesh/profil/spieler/895249,0.91,exact_name,below_auto_match_threshold
jordan_mohammad_abu_zrayq_sharara,Jordan,"Mohammad Abu Zrayq ""Sharara""",Al-Wehdat,Midfielder,Mohammad Abu Hasheesh,,https://www.transfermarkt.co.uk/mohammad-abu-hasheesh/profil/spieler/895249,0.6111,fuzzy_name,low_confidence_candidate
jordan_mohannad_abu_taha,Jordan,Mohannad Abu Taha,Al-Wehdat,Midfielder,Mohannad Abu Taha,,https://www.transfermarkt.co.uk/mohannad-abu-taha/profil/spieler/883111,0.86,exact_name,below_auto_match_threshold
jordan_musa_al_taamari,Jordan,Musa Al-Taamari,Montpellier HSC,Forward,Musab Al-Mamari,,https://www.transfermarkt.co.uk/musab-al-mamari/profil/spieler/1061888,0.676,fuzzy_name,low_confidence_candidate
jordan_nizar_al_rashdan,Jordan,Nizar Al-Rashdan,Qatar SC,Midfielder,Nizar Al-Rashdan,,https://www.transfermarkt.co.uk/nizar-al-rashdan/profil/spieler/734751,0.91,exact_name,below_auto_match_threshold
jordan_noor_al_rawabdeh,Jordan,Noor Al-Rawabdeh,Selangor,Midfielder,Noor Al-Rawabdeh,,https://www.transfermarkt.co.uk/noor-al-rawabdeh/profil/spieler/561485,0.91,exact_name,below_auto_match_threshold
jordan_rajaei_ayed,Jordan,Rajaei Ayed,Al-Hussein,Midfielder,Rajaei Ayed,,https://www.transfermarkt.co.uk/rajaei-ayed/profil/spieler/261842,0.91,exact_name,below_auto_match_threshold
jordan_saed_al_rosan,Jordan,Saed Al-Rosan,Al-Hussein Irbid,Defender,Saed Al-Rosan,,https://www.transfermarkt.co.uk/saed-al-rosan/profil/spieler/561481,0.91,exact_name,below_auto_match_threshold
jordan_saleh_ratib,Jordan,Saleh Ratib,Al-Wehdat,Midfielder,Mataz Saleh,,https://www.transfermarkt.co.uk/mataz-saleh/profil/spieler/560995,0.6173,fuzzy_name,low_confidence_candidate
jordan_salem_al_ajalin,Jordan,Salem Al-Ajalin,Al-Faisaly,Defender,Salem Al-Najdi,Al-Nassr Football Club,https://www.transfermarkt.co.uk/salem-al-najdi/profil/spieler/970673,0.6955,fuzzy_name,low_confidence_candidate
jordan_yazan_al_arab,Jordan,Yazan Al-Arab,FC Seoul,Defender,Yazan Al-Arab,Football Club Seoul,https://www.transfermarkt.co.uk/yazan-al-arab/profil/spieler/539961,0.91,exact_name,below_auto_match_threshold
jordan_yazan_al_naimat,Jordan,Yazan Al-Naimat,Al-Ahli SC,Forward,Yazan Al-Naimat,,https://www.transfermarkt.co.uk/yazan-al-naimat/profil/spieler/734749,0.91,exact_name,below_auto_match_threshold
jordan_yazeed_abulaila,Jordan,Yazeed Abulaila,Al-Hussein Irbid,Goalkeeper,Yazeed Abulaila,,https://www.transfermarkt.co.uk/yazeed-abulaila/profil/spieler/261850,0.91,exact_name,below_auto_match_threshold
mexico_alexis_vega,Mexico,Alexis Vega,Toluca,Forward,Alexis Vega,"Deportivo Toluca Futbol Club, S. A. de C. V.",https://www.transfermarkt.co.uk/alexis-vega/profil/spieler/424689,0.91,exact_name,below_auto_match_threshold
mexico_armando_gonzalez,Mexico,Armando González,Chivas,Forward,Armando González,Club Deportivo Guadalajara S. A. de C. V.,https://www.transfermarkt.co.uk/armando-gonzalez/profil/spieler/837619,0.91,exact_name,below_auto_match_threshold
mexico_brian_gutierrez,Mexico,Brian Gutiérrez,Chivas,Midfielder,Brian Gutiérrez,Club Deportivo Guadalajara S. A. de C. V.,https://www.transfermarkt.co.uk/brian-gutierrez/profil/spieler/724443,0.86,exact_name,below_auto_match_threshold
mexico_carlos_acevedo,Mexico,Carlos Acevedo,Santos Laguna,Goalkeeper,Carlos Acevedo,Club Santos Laguna S. A. de C. V.,https://www.transfermarkt.co.uk/carlos-acevedo/profil/spieler/356042,0.91,exact_name,below_auto_match_threshold
mexico_cesar_huerta,Mexico,César Huerta,Anderlecht,Midfielder,César Huerta,Royal Sporting Club Anderlecht,https://www.transfermarkt.co.uk/cesar-huerta/profil/spieler/540315,0.86,exact_name,below_auto_match_threshold
mexico_cesar_montes,Mexico,César Montes,Lokomotiv Moscow,Defender,César Montes,"Футбольный клуб ""Локомотив"" Москва",https://www.transfermarkt.co.uk/cesar-montes/profil/spieler/387687,0.91,exact_name,below_auto_match_threshold
mexico_edson_alvarez,Mexico,Edson Álvarez,Fenerbahce,Midfielder,Edson Álvarez,Fenerbahçe Spor Kulübü,https://www.transfermarkt.co.uk/edson-alvarez/profil/spieler/401356,0.91,exact_name,below_auto_match_threshold
mexico_erik_lira,Mexico,Erik Lira,Cruz Azul,Midfielder,Érik Lira,Club de Fútbol Cruz Azul S.A. de C.V.,https://www.transfermarkt.co.uk/erik-lira/profil/spieler/602324,0.91,exact_name,below_auto_match_threshold
mexico_gilberto_mora,Mexico,Gilberto Mora,Tijuana,Midfielder,Gilberto Mora,Club Tijuana Xoloitzcuintles de Caliente,https://www.transfermarkt.co.uk/gilberto-mora/profil/spieler/1155723,0.86,exact_name,below_auto_match_threshold
mexico_guillermo_martinez,Mexico,Guillermo Martínez,Pumas,Forward,Guillermo Martínez,Club Universidad Nacional A. C.,https://www.transfermarkt.co.uk/guillermo-martinez/profil/spieler/347932,0.91,exact_name,below_auto_match_threshold
mexico_guillermo_ochoa,Mexico,Guillermo Ochoa,AEL Limassol,Goalkeeper,Guillermo Ochoa,,https://www.transfermarkt.co.uk/guillermo-ochoa/profil/spieler/29559,0.91,exact_name,below_auto_match_threshold
mexico_israel_reyes,Mexico,Israel Reyes,América,Defender,Israel Reyes,Club de Futbol América S. A. de C. V.,https://www.transfermarkt.co.uk/israel-reyes/profil/spieler/687558,0.91,exact_name,below_auto_match_threshold
mexico_jesus_gallardo,Mexico,Jesús Gallardo,Toluca,Defender,Jesús Gallardo,"Deportivo Toluca Futbol Club, S. A. de C. V.",https://www.transfermarkt.co.uk/jesus-gallardo/profil/spieler/344854,0.91,exact_name,below_auto_match_threshold
mexico_johan_vasquez,Mexico,Johan Vásquez,Genoa,Defender,Johan Vásquez,Genoa Cricket and Football Club,https://www.transfermarkt.co.uk/johan-vasquez/profil/spieler/532937,0.91,exact_name,below_auto_match_threshold
mexico_jorge_sanchez,Mexico,Jorge Sánchez,PAOK,Defender,Jorge Sánchez,Panthessalonikios Athlitikos Omilos Konstantinoupoliton,https://www.transfermarkt.co.uk/jorge-sanchez/profil/spieler/356044,0.91,exact_name,below_auto_match_threshold
mexico_julian_quinones,Mexico,Julián Quiñones,Al-Qadisiyah,Forward,Julián Quiñones,Al-Qadsiah Saudi Football Club,https://www.transfermarkt.co.uk/julian-quinones/profil/spieler/416090,0.91,exact_name,below_auto_match_threshold
mexico_luis_chavez,Mexico,Luis Chávez,Dinamo Moscu,Midfielder,Luis Chávez,FK Dinamo Moskva,https://www.transfermarkt.co.uk/luis-chavez/profil/spieler/331059,0.91,exact_name,below_auto_match_threshold
mexico_luis_romo,Mexico,Luis Romo,Chivas,Midfielder,Luis Romo,Club Deportivo Guadalajara S. A. de C. V.,https://www.transfermarkt.co.uk/luis-romo/profil/spieler/532938,0.86,exact_name,below_auto_match_threshold
mexico_mateo_chavez,Mexico,Mateo Chávez,AZ Alkmaar,Defender,Mateo Chávez,Alkmaar Zaanstreek,https://www.transfermarkt.co.uk/mateo-chavez/profil/spieler/1066953,0.91,exact_name,below_auto_match_threshold
mexico_orbelin_pineda,Mexico,Orbelín Pineda,AEK,Midfielder,Orbelín Pineda,Athlitiki Enosi Konstantinoupoleos,https://www.transfermarkt.co.uk/orbelin-pineda/profil/spieler/334042,0.91,exact_name,below_auto_match_threshold
mexico_raul_jimenez,Mexico,Raúl Jiménez,Fulham,Forward,Raúl Jiménez,Fulham Football Club,https://www.transfermarkt.co.uk/raul-jimenez/profil/spieler/206040,0.91,exact_name,below_auto_match_threshold
mexico_raul_rangel,Mexico,Raúl Rangel,Chivas,Goalkeeper,Raúl Rangel,Club Deportivo Guadalajara S. A. de C. V.,https://www.transfermarkt.co.uk/raul-rangel/profil/spieler/802855,0.91,exact_name,below_auto_match_threshold
mexico_roberto_alvarado,Mexico,Roberto Alvarado,Chivas,Forward,Roberto Alvarado,Club Deportivo Guadalajara S. A. de C. V.,https://www.transfermarkt.co.uk/roberto-alvarado/profil/spieler/353583,0.91,exact_name,below_auto_match_threshold
mexico_santiago_gimenez,Mexico,Santiago Gimenez,Milan,Forward,Santiago Gimenez,Associazione Calcio Milan,https://www.transfermarkt.co.uk/santiago-gimenez/profil/spieler/552955,0.91,exact_name,below_auto_match_threshold
mexico_alvaro_fidalgo,Mexico,Álvaro Fidalgo,Real Betis,Midfielder,Álvaro Fidalgo,Real Betis Balompié S.A.D.,https://www.transfermarkt.co.uk/alvaro-fidalgo/profil/spieler/261503,0.91,exact_name,below_auto_match_threshold
morocco_abde_ezzalzouli,Morocco,Abde Ezzalzouli,Betis,Forward,Abde Ezzalzouli,Real Betis Balompié S.A.D.,https://www.transfermarkt.co.uk/abde-ezzalzouli/profil/spieler/724520,0.91,exact_name,below_auto_match_threshold
morocco_abdelkabir_abqar,Morocco,Abdelkabir Abqar,Deportivo Alavés,Defender,Abdel Abqar,Getafe Club de Fútbol S. A. D. Team Dubai,https://www.transfermarkt.co.uk/abdel-abqar/profil/spieler/559979,0.7656,fuzzy_name,low_confidence_candidate
morocco_achraf_dari,Morocco,Achraf Dari,Al Ahly SC,Defender,Achraf Dari,Kalmar Fotbollförening,https://www.transfermarkt.co.uk/achraf-dari/profil/spieler/566823,0.91,exact_name,below_auto_match_threshold
morocco_achraf_hakimi,Morocco,Achraf Hakimi,PSG,Defender,Achraf Hakimi,Paris Saint-Germain Football Club,https://www.transfermarkt.co.uk/achraf-hakimi/profil/spieler/398073,0.91,exact_name,below_auto_match_threshold
morocco_adam_aznou,Morocco,Adam Aznou,Bayern Múnich,Defender,Adam Aznou,Everton Football Club,https://www.transfermarkt.co.uk/adam-aznou/profil/spieler/938146,0.91,exact_name,below_auto_match_threshold
morocco_amine_adli,Morocco,Amine Adli,Bayer 04 Leverkusen,Forward,Amine Adli,Association Football Club Bournemouth,https://www.transfermarkt.co.uk/amine-adli/profil/spieler/532776,0.91,exact_name,below_auto_match_threshold
morocco_amir_richardson,Morocco,Amir Richardson,ACF Fiorentina,Midfielder,Amir Richardson,Football Club København,https://www.transfermarkt.co.uk/amir-richardson/profil/spieler/893675,0.91,exact_name,below_auto_match_threshold
morocco_ayoub_el_kaabi,Morocco,Ayoub El Kaabi,Olympiakos,Forward,Ayoub El Kaabi,Olympiakos Syndesmos Filathlon Peiraios,https://www.transfermarkt.co.uk/ayoub-el-kaabi/profil/spieler/521127,0.91,exact_name,below_auto_match_threshold
morocco_azzedine_ounahi,Morocco,Azzedine Ounahi,Girona,Midfielder,Azzedine Ounahi,Girona Fútbol Club S. A. D.,https://www.transfermarkt.co.uk/azzedine-ounahi/profil/spieler/593482,0.91,exact_name,below_auto_match_threshold
morocco_bilal_el_khannouss,Morocco,Bilal El Khannouss,Leicester City,Midfielder,Bilal El Khannouss,Verein für Bewegungsspiele Stuttgart 1893,https://www.transfermarkt.co.uk/bilal-el-khannouss/profil/spieler/654982,0.86,exact_name,below_auto_match_threshold
morocco_brahim_diaz,Morocco,Brahim Díaz,Real Madrid,Midfielder,Brahim Díaz,Real Madrid Club de Fútbol,https://www.transfermarkt.co.uk/brahim-diaz/profil/spieler/314678,0.86,exact_name,below_auto_match_threshold
morocco_chadi_riad,Morocco,Chadi Riad,Crystal Palace,Defender,Chadi Riad,Crystal Palace Football Club,https://www.transfermarkt.co.uk/chadi-riad/profil/spieler/689637,0.91,exact_name,below_auto_match_threshold
morocco_el_mehdi_benabid,Morocco,El Mehdi Benabid,AS FAR,Goalkeeper,El Mehdi Benabid,,https://www.transfermarkt.co.uk/el-mehdi-benabid/profil/spieler/544414,0.91,exact_name,below_auto_match_threshold
morocco_eliesse_ben_seghir,Morocco,Eliesse Ben Seghir,AS Monaco,Forward,Eliesse Ben Seghir,Bayer 04 Leverkusen Fußball,https://www.transfermarkt.co.uk/eliesse-ben-seghir/profil/spieler/810895,0.91,exact_name,below_auto_match_threshold
morocco_hakim_ziyech,Morocco,Hakim Ziyech,Galatasaray,Forward,Hakim Ziyech,Galatasaray Spor Kulübü,https://www.transfermarkt.co.uk/hakim-ziyech/profil/spieler/217111,0.91,exact_name,below_auto_match_threshold
morocco_ilias_akhomach,Morocco,Ilias Akhomach,Villarreal CF,Forward,Ilias Akhomach,Rayo Vallecano de Madrid S. A. D.,https://www.transfermarkt.co.uk/ilias-akhomach/profil/spieler/709969,0.91,exact_name,below_auto_match_threshold
morocco_ismael_saibari,Morocco,Ismael Saibari,PSV Einhoven,Midfielder,Ismael Saibari,Eindhovense Voetbalvereniging Philips Sport Vereniging,https://www.transfermarkt.co.uk/ismael-saibari/profil/spieler/702869,0.86,exact_name,below_auto_match_threshold
morocco_munir_mohamedi,Morocco,Munir Mohamedi,RS Berkane,Goalkeeper,Munir El Haddadi,CD Leganés,https://www.transfermarkt.co.uk/munir-el-haddadi/profil/spieler/223725,0.6,fuzzy_name,low_confidence_candidate
morocco_nayef_aguerd,Morocco,Nayef Aguerd,OM,Defender,Nayef Aguerd,Olympique de Marseille,https://www.transfermarkt.co.uk/nayef-aguerd/profil/spieler/361914,0.91,exact_name,below_auto_match_threshold
morocco_noussair_mazraoui,Morocco,Noussair Mazraoui,Manchester United,Defender,Noussair Mazraoui,Manchester United Football Club,https://www.transfermarkt.co.uk/noussair-mazraoui/profil/spieler/340456,0.91,exact_name,below_auto_match_threshold
morocco_oussama_el_azzouzi,Morocco,Oussama El Azzouzi,Bologna FC,Midfielder,Oussama El Azzouzi,Association de la Jeunesse auxerroise,https://www.transfermarkt.co.uk/oussama-el-azzouzi/profil/spieler/531065,0.91,exact_name,below_auto_match_threshold
morocco_sofyan_amrabat,Morocco,Sofyan Amrabat,Betis,Midfielder,Sofyan Amrabat,Real Betis Balompié S.A.D.,https://www.transfermarkt.co.uk/sofyan-amrabat/profil/spieler/287579,0.91,exact_name,below_auto_match_threshold
morocco_soufiane_rahimi,Morocco,Soufiane Rahimi,Al-Ain,Forward,Soufiane Rahimi,,https://www.transfermarkt.co.uk/soufiane-rahimi/profil/spieler/598506,0.91,exact_name,below_auto_match_threshold
morocco_yahya_attiat_allah,Morocco,Yahya Attiat-Allah,Al Ahly SC,Defender,Yahia Attiyat Allah,FK Sochi,https://www.transfermarkt.co.uk/yahia-attiyat-allah/profil/spieler/366746,0.8468,near_name,below_auto_match_threshold
morocco_yassine_bounou,Morocco,Yassine Bounou,Al-Hilal,Goalkeeper,Yassine Bounou,Al-Hilal Saudi Football Club,https://www.transfermarkt.co.uk/yassine-bounou/profil/spieler/207834,0.91,exact_name,below_auto_match_threshold
morocco_youssef_en_nesyri,Morocco,Youssef En-Nesyri,Fenerbahçe,Forward,Youssef En-Nesyri,Al-Ittihad Football Club,https://www.transfermarkt.co.uk/youssef-en-nesyri/profil/spieler/433049,0.91,exact_name,below_auto_match_threshold
netherlands_bart_verbruggen,Netherlands,Bart Verbruggen,Brighton,Goalkeeper,Bart Verbruggen,Brighton and Hove Albion Football Club,https://www.transfermarkt.co.uk/bart-verbruggen/profil/spieler/565093,0.91,exact_name,below_auto_match_threshold
netherlands_brian_brobbey,Netherlands,Brian Brobbey,Sunderland,Forward,Brian Brobbey,Sunderland Association Football Club,https://www.transfermarkt.co.uk/brian-brobbey/profil/spieler/473169,0.91,exact_name,below_auto_match_threshold
netherlands_cody_gakpo,Netherlands,Cody Gakpo,Liverpool,Forward,Cody Gakpo,Liverpool Football Club,https://www.transfermarkt.co.uk/cody-gakpo/profil/spieler/434675,0.91,exact_name,below_auto_match_threshold
netherlands_crysencio_summerville,Netherlands,Crysencio Summerville,West Ham,Forward,Crysencio Summerville,West Ham United Football Club,https://www.transfermarkt.co.uk/crysencio-summerville/profil/spieler/474701,0.91,exact_name,below_auto_match_threshold
netherlands_denzel_dumfries,Netherlands,Denzel Dumfries,Inter Milan,Defender,Denzel Dumfries,Football Club Internazionale Milano S.p.A.,https://www.transfermarkt.co.uk/denzel-dumfries/profil/spieler/321528,0.91,exact_name,below_auto_match_threshold
netherlands_donyell_malen,Netherlands,Donyell Malen,Roma,Forward,Donyell Malen,Associazione Sportiva Roma,https://www.transfermarkt.co.uk/donyell-malen/profil/spieler/326029,0.91,exact_name,below_auto_match_threshold
netherlands_frenkie_de_jong,Netherlands,Frenkie de Jong,Barcelona,Midfielder,Frenkie de Jong,Futbol Club Barcelona,https://www.transfermarkt.co.uk/frenkie-de-jong/profil/spieler/326330,0.91,exact_name,below_auto_match_threshold
netherlands_guus_til,Netherlands,Guus Til,PSV,Midfielder,Guus Til,Eindhovense Voetbalvereniging Philips Sport Vereniging,https://www.transfermarkt.co.uk/guus-til/profil/spieler/372267,0.86,exact_name,below_auto_match_threshold
netherlands_jan_paul_van_hecke,Netherlands,Jan Paul van Hecke,Brighton,Defender,Jan Paul van Hecke,Brighton and Hove Albion Football Club,https://www.transfermarkt.co.uk/jan-paul-van-hecke/profil/spieler/576314,0.91,exact_name,below_auto_match_threshold
netherlands_jorrel_hato,Netherlands,Jorrel Hato,Chelsea,Defender,Jorrel Hato,Chelsea Football Club,https://www.transfermarkt.co.uk/jorrel-hato/profil/spieler/904802,0.91,exact_name,below_auto_match_threshold
netherlands_jurrien_timber,Netherlands,Jurriën Timber,Arsenal,Defender,Jurriën Timber,Arsenal Football Club,https://www.transfermarkt.co.uk/jurrien-timber/profil/spieler/420243,0.91,exact_name,below_auto_match_threshold
netherlands_justin_kluivert,Netherlands,Justin Kluivert,Bournemouth,Midfielder,Justin Kluivert,Association Football Club Bournemouth,https://www.transfermarkt.co.uk/justin-kluivert/profil/spieler/330659,0.86,exact_name,below_auto_match_threshold
netherlands_mark_flekken,Netherlands,Mark Flekken,Bayer Leverkusen,Goalkeeper,Mark Flekken,Bayer 04 Leverkusen Fußball,https://www.transfermarkt.co.uk/mark-flekken/profil/spieler/125714,0.91,exact_name,below_auto_match_threshold
netherlands_marten_de_roon,Netherlands,Marten de Roon,Atalanta,Midfielder,Marten de Roon,Atalanta Bergamasca Calcio S.p.a.,https://www.transfermarkt.co.uk/marten-de-roon/profil/spieler/133179,0.91,exact_name,below_auto_match_threshold
netherlands_mats_wieffer,Netherlands,Mats Wieffer,Brighton,Midfielder,Mats Wieffer,Brighton and Hove Albion Football Club,https://www.transfermarkt.co.uk/mats-wieffer/profil/spieler/415381,0.86,exact_name,below_auto_match_threshold
netherlands_memphis_depay,Netherlands,Memphis Depay,Corinthians,Forward,Memphis Depay,Sport Club Corinthians Paulista,https://www.transfermarkt.co.uk/memphis-depay/profil/spieler/167850,0.91,exact_name,below_auto_match_threshold
netherlands_micky_van_de_ven,Netherlands,Micky van de Ven,Tottenham,Defender,Micky van de Ven,Tottenham Hotspur Football Club,https://www.transfermarkt.co.uk/micky-van-de-ven/profil/spieler/557459,0.91,exact_name,below_auto_match_threshold
netherlands_nathan_ake,Netherlands,Nathan Aké,Manchester City,Defender,Nathan Aké,Manchester City Football Club,https://www.transfermarkt.co.uk/nathan-ake/profil/spieler/177476,0.91,exact_name,below_auto_match_threshold
netherlands_noa_lang,Netherlands,Noa Lang,Galatasaray,Forward,Noa Lang,Galatasaray Spor Kulübü,https://www.transfermarkt.co.uk/noa-lang/profil/spieler/339332,0.91,exact_name,below_auto_match_threshold
netherlands_quinten_timber,Netherlands,Quinten Timber,Marseille,Midfielder,Quinten Timber,Olympique de Marseille,https://www.transfermarkt.co.uk/quinten-timber/profil/spieler/420213,0.91,exact_name,below_auto_match_threshold
netherlands_robin_roefs,Netherlands,Robin Roefs,Sunderland,Goalkeeper,Robin Roefs,Sunderland Association Football Club,https://www.transfermarkt.co.uk/robin-roefs/profil/spieler/646991,0.91,exact_name,below_auto_match_threshold
netherlands_ryan_gravenberch,Netherlands,Ryan Gravenberch,Liverpool,Midfielder,Ryan Gravenberch,Liverpool Football Club,https://www.transfermarkt.co.uk/ryan-gravenberch/profil/spieler/478573,0.91,exact_name,below_auto_match_threshold
netherlands_teun_koopmeiners,Netherlands,Teun Koopmeiners,Juventus,Midfielder,Teun Koopmeiners,Juventus Football Club,https://www.transfermarkt.co.uk/teun-koopmeiners/profil/spieler/360518,0.91,exact_name,below_auto_match_threshold
netherlands_tijjani_reijnders,Netherlands,Tijjani Reijnders,Manchester City,Forward,Tijjani Reijnders,Manchester City Football Club,https://www.transfermarkt.co.uk/tijjani-reijnders/profil/spieler/460939,0.86,exact_name,below_auto_match_threshold
netherlands_virgil_van_dijk,Netherlands,Virgil van Dijk,Liverpool,Defender,Virgil van Dijk,Liverpool Football Club,https://www.transfermarkt.co.uk/virgil-van-dijk/profil/spieler/139208,0.91,exact_name,below_auto_match_threshold
netherlands_wout_weghorst,Netherlands,Wout Weghorst,Ajax,Forward,Wout Weghorst,AFC Ajax Amsterdam,https://www.transfermarkt.co.uk/wout-weghorst/profil/spieler/228645,0.91,exact_name,below_auto_match_threshold
new_zealand_alex_paulsen,New Zealand,Alex Paulsen,Lechia Gdańsk,Goalkeeper,Alex Paulsen,Klub Sportowy Lechia Gdańsk,https://www.transfermarkt.co.uk/alex-paulsen/profil/spieler/617009,0.91,exact_name,below_auto_match_threshold
new_zealand_alex_rufer,New Zealand,Alex Rufer,Wellington Phoenix,Midfielder,Alex Rufer,Wellington Phoenix Football Club,https://www.transfermarkt.co.uk/alex-rufer/profil/spieler/256019,0.91,exact_name,below_auto_match_threshold
new_zealand_ben_waine,New Zealand,Ben Waine,Port Vale,Forward,Ben Waine,,https://www.transfermarkt.co.uk/ben-waine/profil/spieler/539502,0.91,exact_name,below_auto_match_threshold
new_zealand_callan_elliot,New Zealand,Callan Elliot,Auckland FC,Defender,Callan Elliot,Auckland Football Club,https://www.transfermarkt.co.uk/callan-elliot/profil/spieler/482204,0.91,exact_name,below_auto_match_threshold
new_zealand_callum_mccowatt,New Zealand,Callum McCowatt,Silkeborg IF,Forward,Callum McCowatt,Silkeborg Idrætsforening,https://www.transfermarkt.co.uk/callum-mccowatt/profil/spieler/400797,0.91,exact_name,below_auto_match_threshold
new_zealand_chris_wood,New Zealand,Chris Wood,Nottingham Forest,Forward,Chris Wood,Nottingham Forest Football Club,https://www.transfermarkt.co.uk/chris-wood/profil/spieler/108725,0.91,exact_name,below_auto_match_threshold
new_zealand_eli_just,New Zealand,Eli Just,Motherwell,Forward,Elijah Just,Motherwell Football Club,https://www.transfermarkt.co.uk/elijah-just/profil/spieler/485672,0.7868,fuzzy_name,low_confidence_candidate
new_zealand_francis_de_vries,New Zealand,Francis De Vries,Auckland FC,Defender,Francis de Vries,Auckland Football Club,https://www.transfermarkt.co.uk/francis-de-vries/profil/spieler/207061,0.91,exact_name,below_auto_match_threshold
new_zealand_jesse_randall,New Zealand,Jesse Randall,Auckland FC,Forward,Jesse Randall,Auckland Football Club,https://www.transfermarkt.co.uk/jesse-randall/profil/spieler/677509,0.91,exact_name,below_auto_match_threshold
new_zealand_joe_bell,New Zealand,Joe Bell,Viking FK,Midfielder,Joe Bell,Viking Fotballklubb,https://www.transfermarkt.co.uk/joe-bell/profil/spieler/345700,0.91,exact_name,below_auto_match_threshold
new_zealand_lachlan_bayliss,New Zealand,Lachlan Bayliss,Newcastle Jets,Forward,Lachlan Bayliss,Newcastle United Jets Football Club,https://www.transfermarkt.co.uk/lachlan-bayliss/profil/spieler/1109358,0.86,exact_name,below_auto_match_threshold
new_zealand_liberato_cacace,New Zealand,Liberato Cacace,Wrexham,Defender,Liberato Cacace,,https://www.transfermarkt.co.uk/liberato-cacace/profil/spieler/469211,0.91,exact_name,below_auto_match_threshold
new_zealand_matt_garbett,New Zealand,Matt Garbett,Peterborough United,Midfielder,Matthew Garbett,,https://www.transfermarkt.co.uk/matthew-garbett/profil/spieler/617019,0.8233,fuzzy_name,low_confidence_candidate
new_zealand_max_crocombe,New Zealand,Max Crocombe,Millwall,Goalkeeper,Max Crocombe,,https://www.transfermarkt.co.uk/max-crocombe/profil/spieler/207843,0.91,exact_name,below_auto_match_threshold
new_zealand_michael_woud,New Zealand,Michael Woud,Auckland FC,Goalkeeper,Michael Woud,Auckland Football Club,https://www.transfermarkt.co.uk/michael-woud/profil/spieler/350347,0.91,exact_name,below_auto_match_threshold
new_zealand_nando_pijnaker,New Zealand,Nando Pijnaker,Auckland FC,Defender,Nando Pijnaker,Auckland Football Club,https://www.transfermarkt.co.uk/nando-pijnaker/profil/spieler/455425,0.91,exact_name,below_auto_match_threshold
new_zealand_ryan_thomas,New Zealand,Ryan Thomas,PEC Zwolle,Midfielder,Ryan Thomas,Prins Hendrik Ende Desespereert Nimmer Combinatie Zwolle,https://www.transfermarkt.co.uk/ryan-thomas/profil/spieler/203357,0.91,exact_name,below_auto_match_threshold
new_zealand_sarpreet_singh,New Zealand,Sarpreet Singh,Wellington Phoenix,Midfielder,Sarpreet Singh,Wellington Phoenix Football Club,https://www.transfermarkt.co.uk/sarpreet-singh/profil/spieler/350357,0.86,exact_name,below_auto_match_threshold
new_zealand_tim_payne,New Zealand,Tim Payne,Wellington Phoenix,Defender,Tim Payne,Wellington Phoenix Football Club,https://www.transfermarkt.co.uk/tim-payne/profil/spieler/149901,0.91,exact_name,below_auto_match_threshold
new_zealand_tommy_smith,New Zealand,Tommy Smith,Braintree Town,Defender,Tommy Smith,,https://www.transfermarkt.co.uk/tommy-smith/profil/spieler/54381,0.91,exact_name,below_auto_match_threshold
new_zealand_tyler_bindon,New Zealand,Tyler Bindon,Nottingham Forest,Defender,Tyler Bindon,Sheffield United,https://www.transfermarkt.co.uk/tyler-bindon/profil/spieler/1007720,0.91,exact_name,below_auto_match_threshold
norway_alexander_s_rloth,Norway,Alexander Sørloth,Atlético Madrid,Forward,Alexander Sørloth,Club Atlético de Madrid S.A.D.,https://www.transfermarkt.co.uk/alexander-sorloth/profil/spieler/238407,0.91,exact_name,below_auto_match_threshold
norway_andreas_hanche_olsen,Norway,Andreas Hanche-Olsen,1. FSV Mainz 05,Defender,Andreas Hanche-Olsen,1. Fußball- und Sportverein Mainz 05,https://www.transfermarkt.co.uk/andreas-hanche-olsen/profil/spieler/370683,0.91,exact_name,below_auto_match_threshold
norway_andreas_schjelderup,Norway,Andreas Schjelderup,SL Benfica,Forward,Andreas Schjelderup,Sport Lisboa e Benfica,https://www.transfermarkt.co.uk/andreas-schjelderup/profil/spieler/670103,0.91,exact_name,below_auto_match_threshold
norway_antonio_nusa,Norway,Antonio Nusa,RB Leipzig,Forward,Antonio Nusa,RasenBallsport Leipzig,https://www.transfermarkt.co.uk/antonio-nusa/profil/spieler/894914,0.91,exact_name,below_auto_match_threshold
norway_erling_haaland,Norway,Erling Haaland,Manchester City,Forward,Erling Haaland,Manchester City Football Club,https://www.transfermarkt.co.uk/erling-haaland/profil/spieler/418560,0.91,exact_name,below_auto_match_threshold
norway_fredrik_andre_bj_rkan,Norway,Fredrik André Bjørkan,Bodø/Glimt,Defender,Fredrik Bjørkan,Fotballklubben Bodø/Glimt,https://www.transfermarkt.co.uk/fredrik-bjorkan/profil/spieler/364938,0.78,fuzzy_name,low_confidence_candidate
norway_hugo_vetlesen,Norway,Hugo Vetlesen,Club Brugge,Midfielder,Hugo Vetlesen,Club Brugge Koninklijke Voetbalvereniging,https://www.transfermarkt.co.uk/hugo-vetlesen/profil/spieler/499758,0.91,exact_name,below_auto_match_threshold
norway_jens_petter_hauge,Norway,Jens Petter Hauge,FK Bodø/Glimt,Forward,Jens Petter Hauge,Fotballklubben Bodø/Glimt,https://www.transfermarkt.co.uk/jens-petter-hauge/profil/spieler/422355,0.91,exact_name,below_auto_match_threshold
norway_jesper_daland,Norway,Jesper Daland,Cardiff City,Defender,Jesper Daland,Cercle Brugge Koninklijke Sportvereniging,https://www.transfermarkt.co.uk/jesper-daland/profil/spieler/418553,0.91,exact_name,below_auto_match_threshold
norway_j_rgen_strand_larsen,Norway,Jørgen Strand Larsen,Crystal Palace,Forward,Jørgen Strand Larsen,Crystal Palace Football Club,https://www.transfermarkt.co.uk/jorgen-strand-larsen/profil/spieler/429983,0.91,exact_name,below_auto_match_threshold
norway_kristian_thorstvedt,Norway,Kristian Thorstvedt,Sassuolo,Midfielder,Kristian Thorstvedt,Unione Sportiva Sassuolo Calcio,https://www.transfermarkt.co.uk/kristian-thorstvedt/profil/spieler/564785,0.91,exact_name,below_auto_match_threshold
norway_kristoffer_ajer,Norway,Kristoffer Ajer,Brentford,Defender,Kristoffer Ajer,Brentford Football Club,https://www.transfermarkt.co.uk/kristoffer-ajer/profil/spieler/328658,0.91,exact_name,below_auto_match_threshold
norway_leo_stigard,Norway,Leo Østigard,Genoa,Defender,Leo Østigård,Genoa Cricket and Football Club,https://www.transfermarkt.co.uk/leo-ostigard/profil/spieler/367284,0.91,exact_name,below_auto_match_threshold
norway_marcus_holmgren_pedersen,Norway,Marcus Holmgren Pedersen,Torino FC,Defender,Marcus Pedersen,Torino Calcio,https://www.transfermarkt.co.uk/marcus-pedersen/profil/spieler/583404,0.73,fuzzy_name,low_confidence_candidate
norway_markus_solbakken,Norway,Markus Solbakken,AC Sparta Praga,Midfielder,Markus Solbakken,Aarhus Gymnastik Forening,https://www.transfermarkt.co.uk/markus-solbakken/profil/spieler/418567,0.91,exact_name,below_auto_match_threshold
norway_martin_degaard,Norway,Martin Ødegaard,Arsenal,Midfielder,Martin Ødegaard,Arsenal Football Club,https://www.transfermarkt.co.uk/martin-odegaard/profil/spieler/316264,0.86,exact_name,below_auto_match_threshold
norway_mathias_dyngeland,Norway,Mathias Dyngeland,SK Brann,Goalkeeper,Mathias Dyngeland,Sportsklubben Brann,https://www.transfermarkt.co.uk/mathias-dyngeland/profil/spieler/228006,0.91,exact_name,below_auto_match_threshold
norway_morten_thorsby,Norway,Morten Thorsby,Cremonese,Midfielder,Morten Thorsby,Unione Sportiva Cremonese S.p.A.,https://www.transfermarkt.co.uk/morten-thorsby/profil/spieler/226524,0.91,exact_name,below_auto_match_threshold
norway_oscar_bobb,Norway,Oscar Bobb,Manchester City,Forward,Oscar Bobb,Fulham Football Club,https://www.transfermarkt.co.uk/oscar-bobb/profil/spieler/661207,0.91,exact_name,below_auto_match_threshold
norway_patrick_berg,Norway,Patrick Berg,Bodø/Glimt,Midfielder,Patrick Berg,Fotballklubben Bodø/Glimt,https://www.transfermarkt.co.uk/patrick-berg/profil/spieler/308439,0.91,exact_name,below_auto_match_threshold
norway_sander_berge,Norway,Sander Berge,Fulham,Midfielder,Sander Berge,Fulham Football Club,https://www.transfermarkt.co.uk/sander-berge/profil/spieler/333014,0.91,exact_name,below_auto_match_threshold
norway_stian_gregersen,Norway,Stian Gregersen,Atlanta United,Defender,Stian Gregersen,Atlanta United Football Club,https://www.transfermarkt.co.uk/stian-gregersen/profil/spieler/230140,0.91,exact_name,below_auto_match_threshold
norway_rjan_nyland,Norway,Ørjan Nyland,Sevilla,Goalkeeper,Ørjan Nyland,Sevilla Fútbol Club S.A.D.,https://www.transfermarkt.co.uk/orjan-nyland/profil/spieler/73517,0.91,exact_name,below_auto_match_threshold
panama_adalberto_carrasquilla,Panama,Adalberto Carrasquilla,Pumas UNAM,Midfielder,Adalberto Carrasquilla,Club Universidad Nacional A. C.,https://www.transfermarkt.co.uk/adalberto-carrasquilla/profil/spieler/375300,0.91,exact_name,below_auto_match_threshold
panama_alberto_quintero,Panama,Alberto Quintero,Plaza Amador,Midfielder,Alberto Quintero,,https://www.transfermarkt.co.uk/alberto-quintero/profil/spieler/126019,0.86,exact_name,below_auto_match_threshold
panama_amir_murillo,Panama,Amir Murillo,Beşiktaş,Defender,Amir Murillo,Beşiktaş Jimnastik Kulübü,https://www.transfermarkt.co.uk/amir-murillo/profil/spieler/354482,0.91,exact_name,below_auto_match_threshold
panama_andres_andrade,Panama,Andrés Andrade,LASK,Defender,Andrés Andrade,Linzer Athletik-Sport-Klub,https://www.transfermarkt.co.uk/andres-andrade/profil/spieler/403808,0.91,exact_name,below_auto_match_threshold
panama_anibal_godoy,Panama,Aníbal Godoy,San Diego FC,Midfielder,Aníbal Godoy,San Diego Football Club,https://www.transfermarkt.co.uk/anibal-godoy/profil/spieler/161671,0.91,exact_name,below_auto_match_threshold
panama_azarias_londono,Panama,Azarias Londoño,Universidad Católica,Midfielder,Azarias Londoño,,https://www.transfermarkt.co.uk/azarias-londono/profil/spieler/860998,0.86,exact_name,below_auto_match_threshold
panama_cecilio_waterman,Panama,Cecilio Waterman,Alianza Lima (Perú),Forward,Joel Waterman,Chicago Fire Soccer Club,https://www.transfermarkt.co.uk/joel-waterman/profil/spieler/441738,0.5917,fuzzy_name,low_confidence_candidate
panama_cristian_martinez,Panama,Cristian Martínez,Ironi Kiryat Shmona,Midfielder,Cristian Martínez,,https://www.transfermarkt.co.uk/cristian-martinez/profil/spieler/419247,0.91,exact_name,below_auto_match_threshold
panama_cesar_blackman,Panama,César Blackman,Slovan Bratislava,Defender,César Blackman,,https://www.transfermarkt.co.uk/cesar-blackman/profil/spieler/440383,0.91,exact_name,below_auto_match_threshold
panama_cesar_samudio,Panama,César Samudio,Marathón,Goalkeeper,Júlio César,Sport Lisboa e Benfica,https://www.transfermarkt.co.uk/julio-cesar/profil/spieler/22412,0.635,fuzzy_name,low_confidence_candidate
panama_cesar_yanis,Panama,César Yanis,Cobresal,Midfielder,César Yanis,,https://www.transfermarkt.co.uk/cesar-yanis/profil/spieler/741098,0.86,exact_name,below_auto_match_threshold
panama_fidel_escobar,Panama,Fidel Escobar,Saprissa,Defender,Fidel Escobar,,https://www.transfermarkt.co.uk/fidel-escobar/profil/spieler/345716,0.91,exact_name,below_auto_match_threshold
panama_ismael_diaz,Panama,Ismael Díaz,Universidad Católica (Ecuador),Forward,Ismael Díaz,Club León Fútbol Club,https://www.transfermarkt.co.uk/ismael-diaz/profil/spieler/243298,0.91,exact_name,below_auto_match_threshold
panama_jiovany_ramos,Panama,Jiovany Ramos,Puerto Cabello,Defender,Jiovany Ramos,,https://www.transfermarkt.co.uk/jiovany-ramos/profil/spieler/403809,0.91,exact_name,below_auto_match_threshold
panama_jorge_gutierrez,Panama,Jorge Gutiérrez,Deportivo La Guaira,Defender,Jorge Gutiérrez,,https://www.transfermarkt.co.uk/jorge-gutierrez/profil/spieler/443379,0.91,exact_name,below_auto_match_threshold
panama_jose_fajardo,Panama,José Fajardo,Universidad Católica (Ecuador),Forward,José Córdoba,Norwich City,https://www.transfermarkt.co.uk/jose-cordoba/profil/spieler/698415,0.6,fuzzy_name,low_confidence_candidate
panama_jose_luis_rodriguez,Panama,José Luis Rodríguez,Juárez,Midfielder,José Luis Rodríguez,Fútbol Club Juárez,https://www.transfermarkt.co.uk/jose-luis-rodriguez/profil/spieler/425028,0.86,exact_name,below_auto_match_threshold
panama_luis_mejia,Panama,Luis Mejía,Nacional,Goalkeeper,Luis Milla,Getafe Club de Fútbol S. A. D. Team Dubai,https://www.transfermarkt.co.uk/luis-milla/profil/spieler/281989,0.624,fuzzy_name,low_confidence_candidate
panama_roderick_miller,Panama,Roderick Miller,Turan Tovuz,Defender,Roderick Miller,CD Feirense,https://www.transfermarkt.co.uk/roderick-miller/profil/spieler/157154,0.91,exact_name,below_auto_match_threshold
panama_tomas_rodriguez,Panama,Tomás Rodríguez,Monagas SC (Venezuela),Forward,Tomás Rodríguez,,https://www.transfermarkt.co.uk/tomas-rodriguez/profil/spieler/569205,0.91,exact_name,below_auto_match_threshold
panama_yoel_barcenas,Panama,Yoel Bárcenas,Mazatlán,Midfielder,Yoel Bárcenas,Mazatlán Futbol Club,https://www.transfermarkt.co.uk/yoel-barcenas/profil/spieler/283473,0.86,exact_name,below_auto_match_threshold
panama_eric_davis,Panama,Éric Davis,Plaza Amador,Defender,Éric Davis,,https://www.transfermarkt.co.uk/eric-davis/profil/spieler/121791,0.91,exact_name,below_auto_match_threshold
paraguay_adam_bareiro,Paraguay,Adam Bareiro,River Plate,Forward,Adam Bareiro,Club Atlético Boca Juniors,https://www.transfermarkt.co.uk/adam-bareiro/profil/spieler/514120,0.91,exact_name,below_auto_match_threshold
paraguay_agustin_sandez,Paraguay,Agustín Sández,Rosario Central,Defender,Agustín Sández,Club Atlético Rosario Central,https://www.transfermarkt.co.uk/agustin-sandez/profil/spieler/847023,0.91,exact_name,below_auto_match_threshold
paraguay_alejandro_romero_gamarra_kaku,Paraguay,Alejandro Romero Gamarra 'Kaku',Al Ain,Midfielder,Alejandro Alvarado,San Diego Football Club,https://www.transfermarkt.co.uk/alejandro-alvarado/profil/spieler/763798,0.5479,fuzzy_name,low_confidence_candidate
paraguay_antonio_sanabria,Paraguay,Antonio Sanabria,Cremonese,Forward,Antonio Sanabria,Unione Sportiva Cremonese S.p.A.,https://www.transfermarkt.co.uk/antonio-sanabria/profil/spieler/234523,0.91,exact_name,below_auto_match_threshold
paraguay_carlos_coronel,Paraguay,Carlos Coronel,New York Red Bulls,Goalkeeper,Carlos Coronel,São Paulo Futebol Clube,https://www.transfermarkt.co.uk/carlos-coronel/profil/spieler/378871,0.91,exact_name,below_auto_match_threshold
paraguay_damian_bobadilla,Paraguay,Damián Bobadilla,Sao Paulo,Midfielder,Damián Bobadilla,São Paulo Futebol Clube,https://www.transfermarkt.co.uk/damian-bobadilla/profil/spieler/861852,0.91,exact_name,below_auto_match_threshold
paraguay_diego_gomez,Paraguay,Diego Gómez,Brighton & Hove Albion,Midfielder,Diego Gómez,Brighton and Hove Albion Football Club,https://www.transfermarkt.co.uk/diego-gomez/profil/spieler/996897,0.91,exact_name,below_auto_match_threshold
paraguay_fabian_balbuena,Paraguay,Fabián Balbuena,Gremio,Defender,Fabián Balbuena,Grêmio Foot-Ball Porto Alegrense,https://www.transfermarkt.co.uk/fabian-balbuena/profil/spieler/285548,0.91,exact_name,below_auto_match_threshold
paraguay_fabrizio_peralta,Paraguay,Fabrizio Peralta,Cruzeiro,Midfielder,Fabrizio Peralta,Cruzeiro Esporte Clube,https://www.transfermarkt.co.uk/fabrizio-peralta/profil/spieler/661270,0.91,exact_name,below_auto_match_threshold
paraguay_gustavo_gomez,Paraguay,Gustavo Gómez,Palmeiras,Defender,Gustavo Gómez,Sociedade Esportiva Palmeiras,https://www.transfermarkt.co.uk/gustavo-gomez/profil/spieler/215390,0.91,exact_name,below_auto_match_threshold
paraguay_gustavo_velazquez,Paraguay,Gustavo Velázquez,Cerro Porteño,Defender,Sema Velázquez,Futebol Clube de Arouca,https://www.transfermarkt.co.uk/sema-velazquez/profil/spieler/99296,0.6539,fuzzy_name,low_confidence_candidate
paraguay_juan_espinola,Paraguay,Juan Espínola,Belgrano,Goalkeeper,Juan Espínola,Club Atlético Barracas Central,https://www.transfermarkt.co.uk/juan-espinola/profil/spieler/532557,0.91,exact_name,below_auto_match_threshold
paraguay_juan_jose_caceres,Paraguay,Juan José Cáceres,CA Lanús,Defender,Juan José Cáceres,FK Dinamo Moskva,https://www.transfermarkt.co.uk/juan-jose-caceres/profil/spieler/756494,0.91,exact_name,below_auto_match_threshold
paraguay_julio_enciso,Paraguay,Julio Enciso,Strasbourg,Forward,Julio Enciso,Racing Club de Strasbourg Alsace,https://www.transfermarkt.co.uk/julio-enciso/profil/spieler/660867,0.91,exact_name,below_auto_match_threshold
paraguay_mateo_gamarra,Paraguay,Mateo Gamarra,Athletico Paranaense,Defender,Mateo Gamarra,Cruzeiro Esporte Clube,https://www.transfermarkt.co.uk/mateo-gamarra/profil/spieler/661245,0.91,exact_name,below_auto_match_threshold
paraguay_mathias_villasanti,Paraguay,Mathías Villasanti,Grêmio,Midfielder,Mathías Villasanti,Grêmio Foot-Ball Porto Alegrense,https://www.transfermarkt.co.uk/mathias-villasanti/profil/spieler/436385,0.91,exact_name,below_auto_match_threshold
paraguay_matias_galarza,Paraguay,Matías Galarza,Atlanta United,Midfielder,Matías Galarza,Atlanta United Football Club,https://www.transfermarkt.co.uk/matias-galarza/profil/spieler/661269,0.91,exact_name,below_auto_match_threshold
paraguay_miguel_almiron,Paraguay,Miguel Almirón,Atlanta United,Forward,Miguel Almirón,Atlanta United Football Club,https://www.transfermarkt.co.uk/miguel-almiron/profil/spieler/272999,0.91,exact_name,below_auto_match_threshold
paraguay_omar_alderete,Paraguay,Omar Alderete,Sunderland,Defender,Omar Alderete,Sunderland Association Football Club,https://www.transfermarkt.co.uk/omar-alderete/profil/spieler/353032,0.91,exact_name,below_auto_match_threshold
paraguay_ramon_sosa,Paraguay,Ramón Sosa,Palmeiras,Forward,Ramón Sosa,Sociedade Esportiva Palmeiras,https://www.transfermarkt.co.uk/ramon-sosa/profil/spieler/745191,0.91,exact_name,below_auto_match_threshold
paraguay_roberto_gatito_fernandez,Paraguay,"Roberto ""Gatito"" Fernández",Botafogo,Goalkeeper,Roberto Fernández,,https://www.transfermarkt.co.uk/roberto-fernandez/profil/spieler/107318,0.7768,fuzzy_name,low_confidence_candidate
paraguay_angel_romero,Paraguay,Ángel Romero,Corinthians,Forward,Ángel Romero,Club Atlético Boca Juniors,https://www.transfermarkt.co.uk/angel-romero/profil/spieler/262262,0.91,exact_name,below_auto_match_threshold
portugal_antonio_silva,Portugal,António Silva,SL Benfica,Defender,António Silva,Sport Lisboa e Benfica,https://www.transfermarkt.co.uk/antonio-silva/profil/spieler/650568,0.91,exact_name,below_auto_match_threshold
portugal_bernardo_silva,Portugal,Bernardo Silva,Manchester City,Midfielder,Bernardo Silva,Manchester City Football Club,https://www.transfermarkt.co.uk/bernardo-silva/profil/spieler/241641,0.86,exact_name,below_auto_match_threshold
portugal_bruno_fernandes,Portugal,Bruno Fernandes,Manchester United,Midfielder,Bruno Fernandes,Manchester United Football Club,https://www.transfermarkt.co.uk/bruno-fernandes/profil/spieler/240306,0.86,exact_name,below_auto_match_threshold
portugal_cristiano_ronaldo,Portugal,Cristiano Ronaldo,Al Nassr,Forward,Cristiano Ronaldo,Al-Nassr Football Club,https://www.transfermarkt.co.uk/cristiano-ronaldo/profil/spieler/8198,0.91,exact_name,below_auto_match_threshold
portugal_diogo_costa,Portugal,Diogo Costa,Porto,Goalkeeper,Diogo Costa,Futebol Clube do Porto,https://www.transfermarkt.co.uk/diogo-costa/profil/spieler/357153,0.91,exact_name,below_auto_match_threshold
portugal_diogo_dalot,Portugal,Diogo Dalot,Manchester United,Defender,Diogo Dalot,Manchester United Football Club,https://www.transfermarkt.co.uk/diogo-dalot/profil/spieler/357147,0.91,exact_name,below_auto_match_threshold
portugal_diogo_jota,Portugal,Diogo Jota,Liverpool FC,Forward,Diogo Jota,,https://www.transfermarkt.co.uk/diogo-jota/profil/spieler/340950,0.91,exact_name,below_auto_match_threshold
portugal_francisco_conceicao,Portugal,Francisco Conceição,Juventus,Forward,Francisco Conceição,Juventus Football Club,https://www.transfermarkt.co.uk/francisco-conceicao/profil/spieler/487474,0.91,exact_name,below_auto_match_threshold
portugal_goncalo_inacio,Portugal,Gonçalo Inacio,Sporting Lisbon,Defender,Gonçalo Inácio,Sporting Clube de Portugal,https://www.transfermarkt.co.uk/goncalo-inacio/profil/spieler/549006,0.91,exact_name,below_auto_match_threshold
portugal_goncalo_ramos,Portugal,Gonçalo Ramos,PSG,Forward,Gonçalo Ramos,Paris Saint-Germain Football Club,https://www.transfermarkt.co.uk/goncalo-ramos/profil/spieler/550550,0.91,exact_name,below_auto_match_threshold
portugal_joao_cancelo,Portugal,João Cancelo,Barcelona,Defender,João Cancelo,Futbol Club Barcelona,https://www.transfermarkt.co.uk/joao-cancelo/profil/spieler/182712,0.91,exact_name,below_auto_match_threshold
portugal_joao_felix,Portugal,João Félix,Al Nassr,Forward,João Félix,Al-Nassr Football Club,https://www.transfermarkt.co.uk/joao-felix/profil/spieler/462250,0.91,exact_name,below_auto_match_threshold
portugal_joao_neves,Portugal,João Neves,PSG,Midfielder,João Neves,Paris Saint-Germain Football Club,https://www.transfermarkt.co.uk/joao-neves/profil/spieler/670681,0.91,exact_name,below_auto_match_threshold
portugal_joao_palhinha,Portugal,João Palhinha,Bayern Múnich,Midfielder,João Palhinha,Tottenham Hotspur Football Club,https://www.transfermarkt.co.uk/joao-palhinha/profil/spieler/257455,0.91,exact_name,below_auto_match_threshold
portugal_matheus_nunes,Portugal,Matheus Nunes,Manchester City,Midfielder,Matheus Nunes,Manchester City Football Club,https://www.transfermarkt.co.uk/matheus-nunes/profil/spieler/601883,0.86,exact_name,below_auto_match_threshold
portugal_nuno_mendes,Portugal,Nuno Mendes,Paris Saint-Germain,Defender,Nuno Mendes,Paris Saint-Germain Football Club,https://www.transfermarkt.co.uk/nuno-mendes/profil/spieler/616341,0.91,exact_name,below_auto_match_threshold
portugal_otavio,Portugal,Otávio,Al-Nassr,Midfielder,Otávio,Al-Qadsiah Saudi Football Club,https://www.transfermarkt.co.uk/otavio/profil/spieler/231289,0.86,exact_name,below_auto_match_threshold
portugal_pedro_neto,Portugal,Pedro Neto,Chelsea,Forward,Pedro Neto,Chelsea Football Club,https://www.transfermarkt.co.uk/pedro-neto/profil/spieler/487465,0.91,exact_name,below_auto_match_threshold
portugal_rafael_leao,Portugal,Rafael Leão,AC Milan,Forward,Rafael Leão,Associazione Calcio Milan,https://www.transfermarkt.co.uk/rafael-leao/profil/spieler/357164,0.91,exact_name,below_auto_match_threshold
portugal_rui_silva,Portugal,Rui Silva,Sporting Lisbon,Goalkeeper,Rui Silva,Sporting Clube de Portugal,https://www.transfermarkt.co.uk/rui-silva/profil/spieler/234811,0.91,exact_name,below_auto_match_threshold
portugal_ruben_dias,Portugal,Rúben Dias,Manchester City,Defender,Rúben Dias,Manchester City Football Club,https://www.transfermarkt.co.uk/ruben-dias/profil/spieler/258004,0.91,exact_name,below_auto_match_threshold
portugal_ruben_neves,Portugal,Rúben Neves,Al Hilal,Midfielder,Rúben Neves,Al-Hilal Saudi Football Club,https://www.transfermarkt.co.uk/ruben-neves/profil/spieler/225161,0.91,exact_name,below_auto_match_threshold
portugal_tiago_djalo,Portugal,Tiago Djaló,FC Porto,Defender,Tiago Djaló,Beşiktaş Jimnastik Kulübü,https://www.transfermarkt.co.uk/tiago-djalo/profil/spieler/420465,0.91,exact_name,below_auto_match_threshold
portugal_vitinha,Portugal,Vitinha,PSG,Midfielder,Vitinha,Paris Saint-Germain Football Club,https://www.transfermarkt.co.uk/vitinha/profil/spieler/487469,0.91,exact_name,below_auto_match_threshold
qatar_abdulaziz_hatem,Qatar,Abdulaziz Hatem,Al Rayyan,Midfielder,Abdulaziz Hatim,,https://www.transfermarkt.co.uk/abdulaziz-hatim/profil/spieler/113915,0.858,near_name,below_auto_match_threshold
qatar_abdullah_al_ahrak,Qatar,Abdullah Al-Ahrak,Qatar SC,Midfielder,Abdullah Al-Ahrak,,https://www.transfermarkt.co.uk/abdullah-al-ahrak/profil/spieler/375744,0.91,exact_name,below_auto_match_threshold
qatar_ahmed_al_rawi,Qatar,Ahmed Al-Rawi,Al-Rayyan SC,Forward,Ahmed Al-Rawi,,https://www.transfermarkt.co.uk/ahmed-al-rawi/profil/spieler/933815,0.91,exact_name,below_auto_match_threshold
qatar_ahmed_alaaeldin,Qatar,Ahmed Alaaeldin,Al-Gharafa SC,Forward,Ahmed Alaaeldin,,https://www.transfermarkt.co.uk/ahmed-alaaeldin/profil/spieler/187987,0.91,exact_name,below_auto_match_threshold
qatar_ahmed_fathy,Qatar,Ahmed Fathy,Al-Arabi SC,Midfielder,Ahmed Fathi,,https://www.transfermarkt.co.uk/ahmed-fathi/profil/spieler/251183,0.8391,near_name,low_confidence_candidate
qatar_akram_afif,Qatar,Akram Afif,Al Sadd,Forward,Akram Afif,,https://www.transfermarkt.co.uk/akram-afif/profil/spieler/336646,0.91,exact_name,below_auto_match_threshold
qatar_ali_assadalla,Qatar,Ali Assadalla,Al-Sadd SC,Midfielder,Ali Fadal,Colorado Rapids,https://www.transfermarkt.co.uk/ali-fadal/profil/spieler/980242,0.6173,fuzzy_name,low_confidence_candidate
qatar_almahdi_ali_mukhtar,Qatar,Almahdi Ali Mukhtar,Al-Wakrah SC,Defender,Almahdi Ali,,https://www.transfermarkt.co.uk/almahdi-ali/profil/spieler/185363,0.702,fuzzy_name,low_confidence_candidate
qatar_almoez_ali,Qatar,Almoez Ali,Al Duhail,Forward,Almoez Ali,,https://www.transfermarkt.co.uk/almoez-ali/profil/spieler/345095,0.91,exact_name,below_auto_match_threshold
qatar_bassam_al_rawi,Qatar,Bassam Al-Rawi,Al-Rayyan SC,Defender,Bassam Al-Rawi,,https://www.transfermarkt.co.uk/bassam-al-rawi/profil/spieler/376232,0.91,exact_name,below_auto_match_threshold
qatar_boualem_khoukhi,Qatar,Boualem Khoukhi,Al-Sadd SC,Defender,Boualem Khoukhi,,https://www.transfermarkt.co.uk/boualem-khoukhi/profil/spieler/222669,0.91,exact_name,below_auto_match_threshold
qatar_homam_ahmed,Qatar,Homam Ahmed,Al-Gharafa SC,Defender,Hazem Ahmed,,https://www.transfermarkt.co.uk/hazem-ahmed/profil/spieler/449710,0.7682,fuzzy_name,low_confidence_candidate
qatar_ismaeel_mohammad,Qatar,Ismaeel Mohammad,Al-Duhail SC,Forward,Mohammad Ibrahim,,https://www.transfermarkt.co.uk/mohammad-ibrahim/profil/spieler/581196,0.5863,fuzzy_name,low_confidence_candidate
qatar_jassem_gaber,Qatar,Jassem Gaber,Al-Arabi SC,Midfielder,Jassem Gaber,,https://www.transfermarkt.co.uk/jassem-gaber/profil/spieler/735813,0.91,exact_name,below_auto_match_threshold
qatar_khalid_muneer,Qatar,Khalid Muneer,Al-Wakrah SC,Forward,Khalid Mohammed,,https://www.transfermarkt.co.uk/khalid-mohammed/profil/spieler/589096,0.5814,fuzzy_name,low_confidence_candidate
qatar_lucas_mendes,Qatar,Lucas Mendes,Al Wakrah,Defender,Lucas Mendes,,https://www.transfermarkt.co.uk/lucas-mendes/profil/spieler/83983,0.91,exact_name,below_auto_match_threshold
qatar_meshaal_barsham,Qatar,Meshaal Barsham,Al Sadd,Goalkeeper,Meshaal Barsham,,https://www.transfermarkt.co.uk/meshaal-barsham/profil/spieler/560423,0.91,exact_name,below_auto_match_threshold
qatar_mohammed_waad,Qatar,Mohammed Waad,Al-Sadd SC,Midfielder,Mohammed Waad,,https://www.transfermarkt.co.uk/mohammed-waad/profil/spieler/481935,0.86,exact_name,below_auto_match_threshold
qatar_mostafa_meshaal,Qatar,Mostafa Meshaal,Al-Sadd SC,Midfielder,Mostafa Saad,,https://www.transfermarkt.co.uk/mostafa-saad/profil/spieler/845605,0.6356,fuzzy_name,low_confidence_candidate
qatar_pedro_miguel_ro_ro,Qatar,"Pedro Miguel ""Ró-Ró""",Al-Sadd SC,Defender,Pedro Miguel,,https://www.transfermarkt.co.uk/pedro-miguel/profil/spieler/228727,0.8233,fuzzy_name,low_confidence_candidate
qatar_saad_al_sheeb,Qatar,Saad Al-Sheeb,Al-Sadd SC,Goalkeeper,Saad Al-Nasser,Al-Nassr Football Club,https://www.transfermarkt.co.uk/saad-al-nasser/profil/spieler/888634,0.5778,fuzzy_name,low_confidence_candidate
qatar_salah_zakaria,Qatar,Salah Zakaria,Al Duhail,Goalkeeper,Salah Zakaria,,https://www.transfermarkt.co.uk/salah-zakaria/profil/spieler/632912,0.91,exact_name,below_auto_match_threshold
qatar_sultan_al_brake,Qatar,Sultan Al Brake,Al Duhail,Defender,Sultan Al-Brake,,https://www.transfermarkt.co.uk/sultan-al-brake/profil/spieler/336665,0.91,exact_name,below_auto_match_threshold
qatar_tameem_al_abdullah,Qatar,Tameem Al-Abdullah,Al-Rayyan SC,Forward,Abdullah Al-Salem,Al-Qadsiah Saudi Football Club,https://www.transfermarkt.co.uk/abdullah-al-salem/profil/spieler/270377,0.7186,fuzzy_name,low_confidence_candidate
qatar_tarek_salman,Qatar,Tarek Salman,Al-Sadd SC,Defender,Tarek Salman,,https://www.transfermarkt.co.uk/tarek-salman/profil/spieler/311730,0.91,exact_name,below_auto_match_threshold
qatar_yusuf_abdurisag,Qatar,Yusuf Abdurisag,Al Wakrah,Forward,Yusuf Abdurisag,,https://www.transfermarkt.co.uk/yusuf-abdurisag/profil/spieler/589099,0.91,exact_name,below_auto_match_threshold
saudi_arabia_abdulellah_al_malki,Saudi Arabia,Abdulellah Al-Malki,Al-Ettifaq,Midfielder,Abdulelah Al-Malki,Al-Ettifaq Football Club,https://www.transfermarkt.co.uk/abdulelah-al-malki/profil/spieler/390855,0.8889,near_name,below_auto_match_threshold
saudi_arabia_abdullah_al_khaibari,Saudi Arabia,Abdullah Al Khaibari,Al-Nassr,Midfielder,Abdullah Al-Khaibari,Al-Nassr Football Club,https://www.transfermarkt.co.uk/abdullah-al-khaibari/profil/spieler/437903,0.91,exact_name,below_auto_match_threshold
saudi_arabia_abdullah_radif,Saudi Arabia,Abdullah Radif,Al-Ettifaq,Forward,Abdullah Radif,Al-Fayha FC,https://www.transfermarkt.co.uk/abdullah-radif/profil/spieler/888633,0.91,exact_name,below_auto_match_threshold
saudi_arabia_abdulrahman_ghareeb,Saudi Arabia,Abdulrahman Ghareeb,Al-Nassr,Forward,Abdulrahman Ghareeb,Al-Nassr Football Club,https://www.transfermarkt.co.uk/abdulrahman-ghareeb/profil/spieler/164593,0.91,exact_name,below_auto_match_threshold
saudi_arabia_ahmed_al_kassar,Saudi Arabia,Ahmed Al-Kassar,Al-Qadsiah,Goalkeeper,Ahmed Al-Kassar,Al-Qadsiah Saudi Football Club,https://www.transfermarkt.co.uk/ahmed-al-kassar/profil/spieler/177956,0.91,exact_name,below_auto_match_threshold
saudi_arabia_ali_al_bulaihi,Saudi Arabia,Ali Al-Bulaihi,Al-Hilal,Defender,Ali Al-Bulayhi,Al-Shabab Club,https://www.transfermarkt.co.uk/ali-al-bulayhi/profil/spieler/229877,0.8543,near_name,below_auto_match_threshold
saudi_arabia_ali_lajami,Saudi Arabia,Ali Lajami,Al-Hilal,Defender,Ali Lajami,Al-Hilal Saudi Football Club,https://www.transfermarkt.co.uk/ali-lajami/profil/spieler/264909,0.91,exact_name,below_auto_match_threshold
saudi_arabia_ayman_yahya,Saudi Arabia,Ayman Yahya,Al-Nassr,Forward,Ayman Yahya,Al-Nassr Football Club,https://www.transfermarkt.co.uk/ayman-yahya/profil/spieler/735815,0.86,exact_name,below_auto_match_threshold
saudi_arabia_faisal_al_ghamdi,Saudi Arabia,Faisal Al-Ghamdi,Beerschot VA,Midfielder,Faisal Al-Ghamdi,Al-Ittihad Football Club,https://www.transfermarkt.co.uk/faisal-al-ghamdi/profil/spieler/901082,0.91,exact_name,below_auto_match_threshold
saudi_arabia_firas_al_buraikan,Saudi Arabia,Firas Al-Buraikan,Al-Ahli,Forward,Firas Al-Buraikan,Al-Ahli Saudi Football Club,https://www.transfermarkt.co.uk/firas-al-buraikan/profil/spieler/631922,0.91,exact_name,below_auto_match_threshold
saudi_arabia_hassan_al_tambakti,Saudi Arabia,Hassan Al-Tambakti,Al-Hilal,Defender,Hassan Tambakti,Al-Hilal Saudi Football Club,https://www.transfermarkt.co.uk/hassan-tambakti/profil/spieler/509897,0.8391,near_name,low_confidence_candidate
saudi_arabia_hassan_kadesh,Saudi Arabia,Hassan Kadesh,Al-Ittihad,Defender,Hassan Kadesh,Al-Ittihad Football Club,https://www.transfermarkt.co.uk/hassan-kadesh/profil/spieler/260859,0.91,exact_name,below_auto_match_threshold
saudi_arabia_marwan_al_sahafi,Saudi Arabia,Marwan Al-Sahafi,Beerschot VA,Forward,Marwan Al-Sahafi,Royal Antwerp Football Club,https://www.transfermarkt.co.uk/marwan-al-sahafi/profil/spieler/1057857,0.91,exact_name,below_auto_match_threshold
saudi_arabia_mohamed_kanno,Saudi Arabia,Mohamed Kanno,Al-Hilal,Midfielder,Mohamed Kanno,Al-Hilal Saudi Football Club,https://www.transfermarkt.co.uk/mohamed-kanno/profil/spieler/308120,0.91,exact_name,below_auto_match_threshold
saudi_arabia_mohammed_al_owais,Saudi Arabia,Mohammed Al-Owais,Al-Hilal,Goalkeeper,Mohammed Al-Owais,Al-Hilal Saudi Football Club,https://www.transfermarkt.co.uk/mohammed-al-owais/profil/spieler/262845,0.91,exact_name,below_auto_match_threshold
saudi_arabia_mukhtar_ali,Saudi Arabia,Mukhtar Ali,Al-Nassr,Midfielder,Mukhtar Ali,Al-Ettifaq Football Club,https://www.transfermarkt.co.uk/mukhtar-ali/profil/spieler/258911,0.91,exact_name,below_auto_match_threshold
saudi_arabia_musab_al_juwayr,Saudi Arabia,Musab Al Juwayr,Al-Qadsiah,Midfielder,Musab Al-Juwayr,Al-Qadsiah Saudi Football Club,https://www.transfermarkt.co.uk/musab-al-juwayr/profil/spieler/901181,0.91,exact_name,below_auto_match_threshold
saudi_arabia_nasser_al_dawsari,Saudi Arabia,Nasser Al Dawsari,Al-Hilal,Midfielder,Nasser Al-Dawsari,Al-Hilal Saudi Football Club,https://www.transfermarkt.co.uk/nasser-al-dawsari/profil/spieler/509911,0.91,exact_name,below_auto_match_threshold
saudi_arabia_raghed_al_najjar,Saudi Arabia,Raghed Al-Najjar,Al-Nassr,Goalkeeper,Raghed Al-Najjar,Al-Nassr Football Club,https://www.transfermarkt.co.uk/raghed-al-najjar/profil/spieler/447495,0.91,exact_name,below_auto_match_threshold
saudi_arabia_rayan_hamid,Saudi Arabia,Rayan Hamid,Al-Ahli,Defender,Rayan Hamed,Al-Ahli Saudi Football Club,https://www.transfermarkt.co.uk/rayan-hamed/profil/spieler/922536,0.8391,near_name,low_confidence_candidate
saudi_arabia_saleh_al_shehri,Saudi Arabia,Saleh Al Shehri,Al-Ittihad,Forward,Saleh Al-Shehri,Al-Ittihad Football Club,https://www.transfermarkt.co.uk/saleh-al-shehri/profil/spieler/242267,0.91,exact_name,below_auto_match_threshold
saudi_arabia_salem_al_dawsari,Saudi Arabia,Salem Al Dawsari,Al-Hilal,Forward,Salem Al-Dawsari,Al-Hilal Saudi Football Club,https://www.transfermarkt.co.uk/salem-al-dawsari/profil/spieler/195332,0.91,exact_name,below_auto_match_threshold
saudi_arabia_sami_al_najei,Saudi Arabia,Sami Al-Najei,Al-Nassr,Midfielder,Sami Al-Najei,Al-Nassr Football Club,https://www.transfermarkt.co.uk/sami-al-najei/profil/spieler/434672,0.86,exact_name,below_auto_match_threshold
saudi_arabia_saud_abdulhamid,Saudi Arabia,Saud Abdulhamid,Lens,Defender,Saud Abdulhamid,Racing Club de Lens,https://www.transfermarkt.co.uk/saud-abdulhamid/profil/spieler/631927,0.91,exact_name,below_auto_match_threshold
saudi_arabia_sultan_al_ghannam,Saudi Arabia,Sultan Al-Ghannam,Al-Nassr,Defender,Sultan Al-Ghannam,Al-Nassr Football Club,https://www.transfermarkt.co.uk/sultan-al-ghannam/profil/spieler/435045,0.91,exact_name,below_auto_match_threshold
saudi_arabia_yasser_al_shahrani,Saudi Arabia,Yasser Al-Shahrani,Al-Hilal,Defender,Yasser Al-Shahrani,Al-Qadsiah Saudi Football Club,https://www.transfermarkt.co.uk/yasser-al-shahrani/profil/spieler/171915,0.91,exact_name,below_auto_match_threshold
scotland_aaron_hickey,Scotland,Aaron Hickey,Brentford,Defender,Aaron Hickey,Brentford Football Club,https://www.transfermarkt.co.uk/aaron-hickey/profil/spieler/591949,0.91,exact_name,below_auto_match_threshold
scotland_andy_robertson,Scotland,Andy Robertson,Liverpool,Defender,Andrew Robertson,Liverpool Football Club,https://www.transfermarkt.co.uk/andrew-robertson/profil/spieler/234803,0.806,fuzzy_name,low_confidence_candidate
scotland_angus_gunn,Scotland,Angus Gunn,Nottingham Forest,Goalkeeper,Angus Gunn,Nottingham Forest Football Club,https://www.transfermarkt.co.uk/angus-gunn/profil/spieler/201574,0.91,exact_name,below_auto_match_threshold
scotland_anthony_ralston,Scotland,Anthony Ralston,Celtic,Defender,Anthony Ralston,The Celtic Football Club,https://www.transfermarkt.co.uk/anthony-ralston/profil/spieler/388171,0.91,exact_name,below_auto_match_threshold
scotland_ben_gannon_doak,Scotland,Ben Gannon-Doak,Bournemouth,Midfielder,Ben Gannon-Doak,Association Football Club Bournemouth,https://www.transfermarkt.co.uk/ben-gannon-doak/profil/spieler/719673,0.86,exact_name,below_auto_match_threshold
scotland_billy_gilmour,Scotland,Billy Gilmour,Napoli,Midfielder,Billy Gilmour,Società Sportiva Calcio Napoli,https://www.transfermarkt.co.uk/billy-gilmour/profil/spieler/423744,0.91,exact_name,below_auto_match_threshold
scotland_che_adams,Scotland,Ché Adams,Torino,Forward,Ché Adams,Torino Calcio,https://www.transfermarkt.co.uk/che-adams/profil/spieler/346779,0.91,exact_name,below_auto_match_threshold
scotland_craig_gordon,Scotland,Craig Gordon,Hearts,Goalkeeper,Craig Gordon,Heart of Midlothian Football Club,https://www.transfermarkt.co.uk/craig-gordon/profil/spieler/12589,0.91,exact_name,below_auto_match_threshold
scotland_dom_hyam,Scotland,Dom Hyam,Wrexham,Defender,Dom Thomas,Kilmarnock Football Club,https://www.transfermarkt.co.uk/dom-thomas/profil/spieler/235783,0.6,fuzzy_name,low_confidence_candidate
scotland_findlay_curtis,Scotland,Findlay Curtis,Kilmarnock,Midfielder,Findlay Curtis,Rangers Football Club,https://www.transfermarkt.co.uk/findlay-curtis/profil/spieler/1082993,0.86,exact_name,below_auto_match_threshold
scotland_george_hirst,Scotland,George Hirst,Ipswich,Forward,George Hirst,Ipswich Town,https://www.transfermarkt.co.uk/george-hirst/profil/spieler/420808,0.91,exact_name,below_auto_match_threshold
scotland_grant_hanley,Scotland,Grant Hanley,Hibernian,Defender,Grant Hanley,Hibernian Football Club,https://www.transfermarkt.co.uk/grant-hanley/profil/spieler/121385,0.91,exact_name,below_auto_match_threshold
scotland_jack_hendry,Scotland,Jack Hendry,Al Etiffaq,Defender,Jack Hendry,Al-Ettifaq Football Club,https://www.transfermarkt.co.uk/jack-hendry/profil/spieler/363223,0.91,exact_name,below_auto_match_threshold
scotland_john_mcginn,Scotland,John McGinn,Aston Villa,Midfielder,John McGinn,Aston Villa Football Club,https://www.transfermarkt.co.uk/john-mcginn/profil/spieler/193116,0.91,exact_name,below_auto_match_threshold
scotland_john_souttar,Scotland,John Souttar,Rangers,Defender,John Souttar,Rangers Football Club,https://www.transfermarkt.co.uk/john-souttar/profil/spieler/235767,0.91,exact_name,below_auto_match_threshold
scotland_kenny_mclean,Scotland,Kenny McLean,Norwich,Midfielder,Kenny McLean,Norwich City,https://www.transfermarkt.co.uk/kenny-mclean/profil/spieler/126600,0.91,exact_name,below_auto_match_threshold
scotland_kieran_tierney,Scotland,Kieran Tierney,Celtic,Defender,Kieran Tierney,The Celtic Football Club,https://www.transfermarkt.co.uk/kieran-tierney/profil/spieler/300716,0.91,exact_name,below_auto_match_threshold
scotland_lawrence_shankland,Scotland,Lawrence Shankland,Hearts,Forward,Lawrence Shankland,Heart of Midlothian Football Club,https://www.transfermarkt.co.uk/lawrence-shankland/profil/spieler/225744,0.91,exact_name,below_auto_match_threshold
scotland_lewis_ferguson,Scotland,Lewis Ferguson,Bologna,Midfielder,Lewis Ferguson,Bologna Football Club 1909,https://www.transfermarkt.co.uk/lewis-ferguson/profil/spieler/428563,0.91,exact_name,below_auto_match_threshold
scotland_liam_kelly,Scotland,Liam Kelly,Rangers,Goalkeeper,Liam Kelly,Rangers Football Club,https://www.transfermarkt.co.uk/liam-kelly/profil/spieler/208772,0.91,exact_name,below_auto_match_threshold
scotland_lyndon_dykes,Scotland,Lyndon Dykes,Charlton Athletic,Forward,Lyndon Dykes,,https://www.transfermarkt.co.uk/lyndon-dykes/profil/spieler/347138,0.91,exact_name,below_auto_match_threshold
scotland_nathan_patterson,Scotland,Nathan Patterson,Everton,Defender,Nathan Patterson,Everton Football Club,https://www.transfermarkt.co.uk/nathan-patterson/profil/spieler/424015,0.91,exact_name,below_auto_match_threshold
scotland_ryan_christie,Scotland,Ryan Christie,Bournemouth,Midfielder,Ryan Christie,Association Football Club Bournemouth,https://www.transfermarkt.co.uk/ryan-christie/profil/spieler/188077,0.91,exact_name,below_auto_match_threshold
scotland_scott_mctominay,Scotland,Scott McTominay,Napoli,Midfielder,Scott McTominay,Società Sportiva Calcio Napoli,https://www.transfermarkt.co.uk/scott-mctominay/profil/spieler/315969,0.91,exact_name,below_auto_match_threshold
senegal_abdallah_sima,Senegal,Abdallah Sima,Stade Brestois,Forward,Abdallah Sima,Racing Club de Lens,https://www.transfermarkt.co.uk/abdallah-sima/profil/spieler/776798,0.91,exact_name,below_auto_match_threshold
senegal_abdou_diallo,Senegal,Abdou Diallo,Al-Arabi SC,Defender,Abdou Diallo,RasenBallsport Leipzig,https://www.transfermarkt.co.uk/abdou-diallo/profil/spieler/229005,0.91,exact_name,below_auto_match_threshold
senegal_abdoulaye_seck,Senegal,Abdoulaye Seck,Maccabi Haifa,Defender,Abdoulaye Seck,,https://www.transfermarkt.co.uk/abdoulaye-seck/profil/spieler/265383,0.91,exact_name,below_auto_match_threshold
senegal_arouna_sangante,Senegal,Arouna Sangante,Le Havre AC,Defender,Arouna Sangante,Le Havre Athletic Club,https://www.transfermarkt.co.uk/arouna-sangante/profil/spieler/768380,0.91,exact_name,below_auto_match_threshold
senegal_boulaye_dia,Senegal,Boulaye Dia,SS Lazio,Forward,Boulaye Dia,Società Sportiva Lazio S.p.A.,https://www.transfermarkt.co.uk/boulaye-dia/profil/spieler/626913,0.91,exact_name,below_auto_match_threshold
senegal_cheikhou_kouyate,Senegal,Cheikhou Kouyaté,Nottingham Forest,Midfielder,Cheikhou Kouyaté,Nottingham Forest Football Club,https://www.transfermarkt.co.uk/cheikhou-kouyate/profil/spieler/66934,0.91,exact_name,below_auto_match_threshold
senegal_fode_ballo_toure,Senegal,Fodé Ballo-Touré,AC Milan,Defender,Fodé Ballo-Touré,Football Club de Metz,https://www.transfermarkt.co.uk/fode-ballo-toure/profil/spieler/296422,0.91,exact_name,below_auto_match_threshold
senegal_formose_mendy,Senegal,Formose Mendy,FC Lorient,Defender,Formose Mendy,Football Club Lorient-Bretagne Sud,https://www.transfermarkt.co.uk/formose-mendy/profil/spieler/649023,0.91,exact_name,below_auto_match_threshold
senegal_habib_diallo,Senegal,Habib Diallo,Al-Shabab,Forward,Habib Diallo,Football Club de Metz,https://www.transfermarkt.co.uk/habib-diallo/profil/spieler/344888,0.91,exact_name,below_auto_match_threshold
senegal_habib_diarra,Senegal,Habib Diarra,Sunderland,Midfielder,Habib Diarra,Sunderland Association Football Club,https://www.transfermarkt.co.uk/habib-diarra/profil/spieler/876631,0.91,exact_name,below_auto_match_threshold
senegal_idrissa_gana_gueye,Senegal,Idrissa Gana Gueye,Everton,Midfielder,Idrissa Gueye,Everton Football Club,https://www.transfermarkt.co.uk/idrissa-gueye/profil/spieler/126665,0.7842,fuzzy_name,low_confidence_candidate
senegal_iliman_ndiaye,Senegal,Iliman Ndiaye,Everton,Forward,Iliman Ndiaye,Everton Football Club,https://www.transfermarkt.co.uk/iliman-ndiaye/profil/spieler/623570,0.91,exact_name,below_auto_match_threshold
senegal_ismail_jakobs,Senegal,Ismail Jakobs,Galatasaray,Defender,Ismail Jakobs,Galatasaray Spor Kulübü,https://www.transfermarkt.co.uk/ismail-jakobs/profil/spieler/375137,0.91,exact_name,below_auto_match_threshold
senegal_ismaila_sarr,Senegal,Ismaïla Sarr,Crystal Palace,Forward,Ismaïla Sarr,Crystal Palace Football Club,https://www.transfermarkt.co.uk/ismaila-sarr/profil/spieler/410225,0.91,exact_name,below_auto_match_threshold
senegal_kalidou_koulibaly,Senegal,Kalidou Koulibaly,Al Ahli,Defender,Kalidou Koulibaly,Al-Hilal Saudi Football Club,https://www.transfermarkt.co.uk/kalidou-koulibaly/profil/spieler/93128,0.91,exact_name,below_auto_match_threshold
senegal_lamine_camara,Senegal,Lamine Camara,Mónaco,Midfielder,Lamine Camara,Association sportive de Monaco Football Club,https://www.transfermarkt.co.uk/lamine-camara/profil/spieler/918969,0.91,exact_name,below_auto_match_threshold
senegal_mory_diaw,Senegal,Mory Diaw,Le Havre,Goalkeeper,Mory Diaw,Le Havre Athletic Club,https://www.transfermarkt.co.uk/mory-diaw/profil/spieler/164904,0.91,exact_name,below_auto_match_threshold
senegal_moussa_niakhate,Senegal,Moussa Niakhaté,O. Lyon,Defender,Moussa Niakhaté,Olympique Lyonnais,https://www.transfermarkt.co.uk/moussa-niakhate/profil/spieler/291200,0.91,exact_name,below_auto_match_threshold
senegal_nampalys_mendy,Senegal,Nampalys Mendy,RC Lens,Midfielder,Nampalys Mendy,Watford FC,https://www.transfermarkt.co.uk/nampalys-mendy/profil/spieler/111051,0.91,exact_name,below_auto_match_threshold
senegal_nicolas_jackson,Senegal,Nicolas Jackson,Bayern,Forward,Nicolas Jackson,FC Bayern München,https://www.transfermarkt.co.uk/nicolas-jackson/profil/spieler/776890,0.91,exact_name,below_auto_match_threshold
senegal_pape_gueye,Senegal,Pape Gueye,Villarreal,Midfielder,Pape Gueye,Villarreal Club de Fútbol S.A.D.,https://www.transfermarkt.co.uk/pape-gueye/profil/spieler/485963,0.91,exact_name,below_auto_match_threshold
senegal_pape_matar_sarr,Senegal,Pape Matar Sarr,Tottenham,Midfielder,Pape Matar Sarr,Tottenham Hotspur Football Club,https://www.transfermarkt.co.uk/pape-matar-sarr/profil/spieler/568693,0.91,exact_name,below_auto_match_threshold
senegal_sadio_mane,Senegal,Sadio Mané,Al Nassr,Forward,Sadio Mané,Al-Nassr Football Club,https://www.transfermarkt.co.uk/sadio-mane/profil/spieler/200512,0.91,exact_name,below_auto_match_threshold
senegal_seny_dieng,Senegal,Seny Dieng,Middlesbrough FC,Goalkeeper,Seny Dieng,Dundee Football Club,https://www.transfermarkt.co.uk/seny-dieng/profil/spieler/250870,0.91,exact_name,below_auto_match_threshold
senegal_edouard_mendy,Senegal,Édouard Mendy,Al Ahli,Goalkeeper,Edouard Mendy,Al-Ahli Saudi Football Club,https://www.transfermarkt.co.uk/edouard-mendy/profil/spieler/442531,0.91,exact_name,below_auto_match_threshold
south_africa_aubrey_modiba,South Africa,Aubrey Modiba,Mamelodi Sundowns FC,Defender,Aubrey Modiba,,https://www.transfermarkt.co.uk/aubrey-modiba/profil/spieler/353432,0.91,exact_name,below_auto_match_threshold
south_africa_bathusi_aubaas,South Africa,Bathusi Aubaas,Mamelodi Sundowns,Midfielder,Bathusi Aubaas,,https://www.transfermarkt.co.uk/bathusi-aubaas/profil/spieler/495271,0.91,exact_name,below_auto_match_threshold
south_africa_evidence_makgopa,South Africa,Evidence Makgopa,Orlando Pirates FC,Forward,Evidence Makgopa,,https://www.transfermarkt.co.uk/evidence-makgopa/profil/spieler/746781,0.91,exact_name,below_auto_match_threshold
south_africa_grant_kekana,South Africa,Grant Kekana,Mamelodi Sundowns,Defender,Grant Kekana,,https://www.transfermarkt.co.uk/grant-kekana/profil/spieler/43030,0.91,exact_name,below_auto_match_threshold
south_africa_grant_margeman,South Africa,Grant Margeman,SuperSport United,Midfielder,Grant Kekana,,https://www.transfermarkt.co.uk/grant-kekana/profil/spieler/43030,0.62,fuzzy_name,low_confidence_candidate
south_africa_iqraam_rayners,South Africa,Iqraam Rayners,Mamelodi Sundowns FC,Forward,Iqraam Rayners,,https://www.transfermarkt.co.uk/iqraam-rayners/profil/spieler/337884,0.91,exact_name,below_auto_match_threshold
south_africa_jayden_adams,South Africa,Jayden Adams,Mamelodi Sundowns FC,Midfielder,Jayden Adams,,https://www.transfermarkt.co.uk/jayden-adams/profil/spieler/804472,0.91,exact_name,below_auto_match_threshold
south_africa_khuliso_mudau,South Africa,Khuliso Mudau,Mamelodi Sundowns FC,Defender,Khuliso Mudau,,https://www.transfermarkt.co.uk/khuliso-mudau/profil/spieler/450806,0.91,exact_name,below_auto_match_threshold
south_africa_luke_le_roux,South Africa,Luke Le Roux,IFK Värnamo,Midfielder,Luke Le Roux,,https://www.transfermarkt.co.uk/luke-le-roux/profil/spieler/467616,0.91,exact_name,below_auto_match_threshold
south_africa_lyle_foster,South Africa,Lyle Foster,Burnley FC,Forward,Lyle Foster,Burnley Football Club,https://www.transfermarkt.co.uk/lyle-foster/profil/spieler/467623,0.91,exact_name,below_auto_match_threshold
south_africa_mihlali_mayambela,South Africa,Mihlali Mayambela,Aris Limassol,Forward,,,,0.0,unmatched,no_candidate_found
south_africa_mothobi_mvala,South Africa,Mothobi Mvala,Mamelodi Sundowns,Defender,,,,0.0,unmatched,no_candidate_found
south_africa_nkosinathi_sibisi,South Africa,Nkosinathi Sibisi,Orlando Pirates,Defender,Nkosinathi Sibisi,,https://www.transfermarkt.co.uk/nkosinathi-sibisi/profil/spieler/399068,0.91,exact_name,below_auto_match_threshold
south_africa_oswin_appollis,South Africa,Oswin Appollis,Orlando Pirates FC,Forward,Oswin Appollis,,https://www.transfermarkt.co.uk/oswin-appollis/profil/spieler/673381,0.91,exact_name,below_auto_match_threshold
south_africa_percy_tau,South Africa,Percy Tau,Al Ahly SC,Forward,Percy Tau,,https://www.transfermarkt.co.uk/percy-tau/profil/spieler/312239,0.91,exact_name,below_auto_match_threshold
south_africa_ricardo_goss,South Africa,Ricardo Goss,Siwelele FC,Goalkeeper,Ricardo Goss,,https://www.transfermarkt.co.uk/ricardo-goss/profil/spieler/258304,0.91,exact_name,below_auto_match_threshold
south_africa_ronwen_williams,South Africa,Ronwen Williams,Mamelodi Sundowns C,Goalkeeper,Ronwen Williams,,https://www.transfermarkt.co.uk/ronwen-williams/profil/spieler/175577,0.91,exact_name,below_auto_match_threshold
south_africa_siyanda_xulu,South Africa,Siyanda Xulu,SuperSport United,Defender,Siyanda Xulu,FK Rostov,https://www.transfermarkt.co.uk/siyanda-xulu/profil/spieler/129363,0.91,exact_name,below_auto_match_threshold
south_africa_sphephelo_sithole,South Africa,Sphephelo Sithole,CD Tondela,Midfielder,Yaya Sithole,Clube Desportivo de Tondela,https://www.transfermarkt.co.uk/yaya-sithole/profil/spieler/401736,0.5603,fuzzy_name,low_confidence_candidate
south_africa_teboho_mokoena,South Africa,Teboho Mokoena,Mamelodi Sundowns FC,Midfielder,Teboho Mokoena,,https://www.transfermarkt.co.uk/teboho-mokoena/profil/spieler/436372,0.91,exact_name,below_auto_match_threshold
south_africa_terrence_mashego,South Africa,Terrence Mashego,Mamelodi Sundowns,Defender,Terrence Mashego,,https://www.transfermarkt.co.uk/terrence-mashego/profil/spieler/538416,0.91,exact_name,below_auto_match_threshold
south_africa_thapelo_maseko,South Africa,Thapelo Maseko,AEL Limassol,Forward,Thapelo Morena,,https://www.transfermarkt.co.uk/thapelo-morena/profil/spieler/297509,0.6371,fuzzy_name,low_confidence_candidate
south_africa_thapelo_morena,South Africa,Thapelo Morena,Mamelodi Sundowns,Defender,Thapelo Morena,,https://www.transfermarkt.co.uk/thapelo-morena/profil/spieler/297509,0.91,exact_name,below_auto_match_threshold
south_africa_themba_zwane,South Africa,Themba Zwane,Mamelodi Sundowns,Midfielder,,,,0.0,unmatched,no_candidate_found
south_africa_veli_mothwa,South Africa,Veli Mothwa,AmaZulu FC,Goalkeeper,Emil Velic,Koninklijke Sint-Truidense Voetbalvereniging,https://www.transfermarkt.co.uk/emil-velic/profil/spieler/372380,0.4957,fuzzy_name,low_confidence_candidate
south_korea_cho_gue_sung,South Korea,Cho Gue-sung,FC Midtjylland,Forward,Gue-sung Cho,Fodbold Club Midtjylland,https://www.transfermarkt.co.uk/gue-sung-cho/profil/spieler/652537,0.91,exact_name_tokens,below_auto_match_threshold
south_korea_cho_yu_min,South Korea,Cho Yu-min,Sharjah FC,Defender,Yu-min Cho,,https://www.transfermarkt.co.uk/yu-min-cho/profil/spieler/561212,0.91,exact_name_tokens,below_auto_match_threshold
south_korea_hong_hyun_seok,South Korea,Hong Hyun-seok,1. FSV Mainz 05,Midfielder,Hyun-seok Hong,Koninklijke Atletiek Associatie Gent,https://www.transfermarkt.co.uk/hyun-seok-hong/profil/spieler/562948,0.86,exact_name_tokens,below_auto_match_threshold
south_korea_hwang_in_beom,South Korea,Hwang In-Beom,Feyenoord,Midfielder,In-beom Hwang,Feyenoord Rotterdam,https://www.transfermarkt.co.uk/in-beom-hwang/profil/spieler/365394,0.91,exact_name_tokens,below_auto_match_threshold
south_korea_jeong_woo_yeong,South Korea,Jeong Woo-yeong,1. FC Union Berlin,Midfielder,Woo-yeong Jeong,1. Fußballclub Union Berlin,https://www.transfermarkt.co.uk/woo-yeong-jeong/profil/spieler/297583,0.9,exact_name_tokens,below_auto_match_threshold
south_korea_jo_hyeon_woo,South Korea,Jo Hyeon-woo,Ulsan HD,Goalkeeper,Hyeon-woo Jo,Ulsan Hyundai Football Club,https://www.transfermarkt.co.uk/hyeon-woo-jo/profil/spieler/260171,0.91,exact_name_tokens,below_auto_match_threshold
south_korea_joo_min_kyu,South Korea,Joo Min-kyu,Ulsan HD,Forward,Min-kyu Joo,Foundation Coorperation Hana Financial Group Inc. Football Club,https://www.transfermarkt.co.uk/min-kyu-joo/profil/spieler/264082,0.91,exact_name_tokens,below_auto_match_threshold
south_korea_jung_seung_hyun,South Korea,Jung Seung-hyun,Al-Wasl,Defender,Seung-hyun Jung,Ulsan Hyundai Football Club,https://www.transfermarkt.co.uk/seung-hyun-jung/profil/spieler/379438,0.91,exact_name_tokens,below_auto_match_threshold
south_korea_kim_jin_su,South Korea,Kim Jin-su,Jeonbuk Hyundai Motors,Defender,Jin-su Kim,Football Club Seoul,https://www.transfermarkt.co.uk/jin-su-kim/profil/spieler/132529,0.91,exact_name_tokens,below_auto_match_threshold
south_korea_kim_moon_hwan,South Korea,Kim Moon-Hwan,Daejeon Hana,Defender,Moon-hwan Kim,Foundation Coorperation Hana Financial Group Inc. Football Club,https://www.transfermarkt.co.uk/moon-hwan-kim/profil/spieler/524592,0.91,exact_name_tokens,below_auto_match_threshold
south_korea_kim_seung_gyu,South Korea,Kim Seung-Gyu,FC Tokyo,Goalkeeper,Seung-gyu Kim,Tokyo Football Club,https://www.transfermarkt.co.uk/seung-gyu-kim/profil/spieler/92076,0.91,exact_name_tokens,below_auto_match_threshold
south_korea_kim_young_gwon,South Korea,Kim Young-gwon,Ulsan HD,Defender,Young-gwon Kim,Ulsan Hyundai Football Club,https://www.transfermarkt.co.uk/young-gwon-kim/profil/spieler/126640,0.91,exact_name_tokens,below_auto_match_threshold
south_korea_lee_jae_sung,South Korea,Lee Jae-Sung,Mainz,Midfielder,Jae-sung Lee,1. Fußball- und Sportverein Mainz 05,https://www.transfermarkt.co.uk/jae-sung-lee/profil/spieler/314398,0.86,exact_name_tokens,below_auto_match_threshold
south_korea_lee_kang_in,South Korea,Lee Kang-In,Paris Saint-Germain,Midfielder,Kang-in Lee,Paris Saint-Germain Football Club,https://www.transfermarkt.co.uk/kang-in-lee/profil/spieler/557149,0.86,exact_name_tokens,below_auto_match_threshold
south_korea_lee_myung_jae,South Korea,Lee Myung-jae,Ulsan HD,Defender,Myung-jae Lee,Foundation Coorperation Hana Financial Group Inc. Football Club,https://www.transfermarkt.co.uk/myung-jae-lee/profil/spieler/314773,0.91,exact_name_tokens,below_auto_match_threshold
south_korea_oh_hyeon_gyu,South Korea,Oh Hyeon-gyu,KRC Genk,Forward,Hyeon-gyu Oh,Beşiktaş Jimnastik Kulübü,https://www.transfermarkt.co.uk/hyeon-gyu-oh/profil/spieler/639246,0.91,exact_name_tokens,below_auto_match_threshold
south_korea_paik_seung_ho,South Korea,Paik Seung-Ho,Birmingham City,Midfielder,Seung-ho Paik,,https://www.transfermarkt.co.uk/seung-ho-paik/profil/spieler/282689,0.91,exact_name_tokens,below_auto_match_threshold
south_korea_park_yong_woo,South Korea,Park Yong-woo,Al-Ain,Midfielder,Yong-woo Park,,https://www.transfermarkt.co.uk/yong-woo-park/profil/spieler/374076,0.91,exact_name_tokens,below_auto_match_threshold
south_korea_seol_young_woo,South Korea,Seol Young-Woo,Red Star Belgrade,Defender,Young-woo Seol,Fudbalski klub Crvena zvezda Beograd,https://www.transfermarkt.co.uk/young-woo-seol/profil/spieler/639414,0.91,exact_name_tokens,below_auto_match_threshold
south_korea_son_heung_min,South Korea,Son Heung-Min,LAFC,Forward,Heung-min Son,Los Angeles Football Club,https://www.transfermarkt.co.uk/heung-min-son/profil/spieler/91845,0.91,exact_name_tokens,below_auto_match_threshold
south_korea_yang_min_hyeok,South Korea,Yang Min-hyeok,Tottenham Hotspur,Forward,Min-hyeok Yang,,https://www.transfermarkt.co.uk/min-hyeok-yang/profil/spieler/1004327,0.91,exact_name_tokens,below_auto_match_threshold
spain_borja_iglesias,Spain,Borja Iglesias,Celta Vigo,Forward,Borja Iglesias,Real Club Celta de Vigo S. A. D.,https://www.transfermarkt.co.uk/borja-iglesias/profil/spieler/278359,0.91,exact_name,below_auto_match_threshold
spain_dani_olmo,Spain,Dani Olmo,Barcelona,Forward,Dani Olmo,Futbol Club Barcelona,https://www.transfermarkt.co.uk/dani-olmo/profil/spieler/293385,0.91,exact_name,below_auto_match_threshold
spain_david_raya,Spain,David Raya,Arsenal,Goalkeeper,David Raya,Arsenal Football Club,https://www.transfermarkt.co.uk/david-raya/profil/spieler/262749,0.91,exact_name,below_auto_match_threshold
spain_eric_garcia,Spain,Eric García,Barcelona,Defender,Eric García,Futbol Club Barcelona,https://www.transfermarkt.co.uk/eric-garcia/profil/spieler/466794,0.91,exact_name,below_auto_match_threshold
spain_fabian_ruiz,Spain,Fabián Ruiz,PSG,Midfielder,Fabián Ruiz,Paris Saint-Germain Football Club,https://www.transfermarkt.co.uk/fabian-ruiz/profil/spieler/350219,0.91,exact_name,below_auto_match_threshold
spain_ferran_torres,Spain,Ferran Torres,Barcelona,Forward,Ferran Torres,Futbol Club Barcelona,https://www.transfermarkt.co.uk/ferran-torres/profil/spieler/398184,0.91,exact_name,below_auto_match_threshold
spain_gavi,Spain,Gavi,Barcelona,Midfielder,Gavi,Futbol Club Barcelona,https://www.transfermarkt.co.uk/gavi/profil/spieler/646740,0.91,exact_name,below_auto_match_threshold
spain_lamine_yamal,Spain,Lamine Yamal,Barcelona,Forward,Lamine Yamal,Futbol Club Barcelona,https://www.transfermarkt.co.uk/lamine-yamal/profil/spieler/937958,0.91,exact_name,below_auto_match_threshold
spain_marc_cucurella,Spain,Marc Cucurella,Chelsea,Defender,Marc Cucurella,Chelsea Football Club,https://www.transfermarkt.co.uk/marc-cucurella/profil/spieler/284857,0.91,exact_name,below_auto_match_threshold
spain_marc_pubill,Spain,Marc Pubill,Atlético Madrid,Defender,Marc Pubill,Club Atlético de Madrid S.A.D.,https://www.transfermarkt.co.uk/marc-pubill/profil/spieler/844637,0.91,exact_name,below_auto_match_threshold
spain_marcos_llorente,Spain,Marcos Llorente,Atlético Madrid,Defender,Marcos Llorente,Club Atlético de Madrid S.A.D.,https://www.transfermarkt.co.uk/marcos-llorente/profil/spieler/282411,0.91,exact_name,below_auto_match_threshold
spain_martin_zubimendi,Spain,Martín Zubimendi,Arsenal,Midfielder,Martín Zubimendi,Arsenal Football Club,https://www.transfermarkt.co.uk/martin-zubimendi/profil/spieler/423440,0.91,exact_name,below_auto_match_threshold
spain_mikel_merino,Spain,Mikel Merino,Arsenal,Midfielder,Mikel Merino,Arsenal Football Club,https://www.transfermarkt.co.uk/mikel-merino/profil/spieler/338424,0.91,exact_name,below_auto_match_threshold
spain_mikel_oyarzabal,Spain,Mikel Oyarzabal,Real Sociedad,Forward,Mikel Oyarzabal,Real Sociedad de Fútbol S.A.D.,https://www.transfermarkt.co.uk/mikel-oyarzabal/profil/spieler/351478,0.91,exact_name,below_auto_match_threshold
spain_pau_cubarsi,Spain,Pau Cubarsí,Barcelona,Defender,Pau Cubarsí,Futbol Club Barcelona,https://www.transfermarkt.co.uk/pau-cubarsi/profil/spieler/962110,0.91,exact_name,below_auto_match_threshold
spain_pedri,Spain,Pedri,Barcelona,Midfielder,Pedri,Futbol Club Barcelona,https://www.transfermarkt.co.uk/pedri/profil/spieler/683840,0.91,exact_name,below_auto_match_threshold
spain_pedro_porro,Spain,Pedro Porro,Tottenham Hotspur,Defender,Pedro Porro,Tottenham Hotspur Football Club,https://www.transfermarkt.co.uk/pedro-porro/profil/spieler/553875,0.91,exact_name,below_auto_match_threshold
spain_rodri,Spain,Rodri,Manchester City,Midfielder,Rodri,Manchester City Football Club,https://www.transfermarkt.co.uk/rodri/profil/spieler/357565,0.91,exact_name,below_auto_match_threshold
spain_victor_munoz,Spain,Víctor Muñoz,Osasuna,Forward,Víctor Muñoz,Club Atlético Osasuna,https://www.transfermarkt.co.uk/victor-munoz/profil/spieler/935231,0.91,exact_name,below_auto_match_threshold
spain_yeremy_pino,Spain,Yéremy Pino,Crystal Palace,Forward,Yéremy Pino,Crystal Palace Football Club,https://www.transfermarkt.co.uk/yeremy-pino/profil/spieler/568157,0.91,exact_name,below_auto_match_threshold
spain_alex_baena,Spain,Álex Baena,Atlético Madrid,Midfielder,Álex Baena,Club Atlético de Madrid S.A.D.,https://www.transfermarkt.co.uk/alex-baena/profil/spieler/548111,0.86,exact_name,below_auto_match_threshold
spain_alex_remiro,Spain,Álex Remiro,Real Sociedad,Goalkeeper,Álex Remiro,Real Sociedad de Fútbol S.A.D.,https://www.transfermarkt.co.uk/alex-remiro/profil/spieler/212862,0.91,exact_name,below_auto_match_threshold
sweden_alexander_isak,Sweden,Alexander Isak,Liverpool,Forward,Alexander Isak,Liverpool Football Club,https://www.transfermarkt.co.uk/alexander-isak/profil/spieler/349066,0.91,exact_name,below_auto_match_threshold
sweden_anthony_elanga,Sweden,Anthony Elanga,Newcastle United,Forward,Anthony Elanga,Newcastle United Football Club,https://www.transfermarkt.co.uk/anthony-elanga/profil/spieler/583189,0.91,exact_name,below_auto_match_threshold
sweden_benjamin_nygren,Sweden,Benjamin Nygren,Celtic,Midfielder,Benjamin Nygren,The Celtic Football Club,https://www.transfermarkt.co.uk/benjamin-nygren/profil/spieler/475949,0.86,exact_name,below_auto_match_threshold
sweden_carl_starfelt,Sweden,Carl Starfelt,Celta Vigo,Defender,Carl Starfelt,Real Club Celta de Vigo S. A. D.,https://www.transfermarkt.co.uk/carl-starfelt/profil/spieler/258987,0.91,exact_name,below_auto_match_threshold
sweden_elliot_stroud,Sweden,Elliot Stroud,Mjallby,Defender,Elliot Stroud,Mjällby Almänna Idrottsförening,https://www.transfermarkt.co.uk/elliot-stroud/profil/spieler/687622,0.86,exact_name,below_auto_match_threshold
sweden_emil_holm,Sweden,Emil Holm,Juventus,Defender,Emil Holm,Juventus Football Club,https://www.transfermarkt.co.uk/emil-holm/profil/spieler/496745,0.91,exact_name,below_auto_match_threshold
sweden_eric_smith,Sweden,Eric Smith,St. Pauli,Defender,Eric Smith,Fußball-Club St. Pauli von 1910,https://www.transfermarkt.co.uk/eric-smith/profil/spieler/292534,0.91,exact_name,below_auto_match_threshold
sweden_gabriel_gudmundsson,Sweden,Gabriel Gudmundsson,Leeds United,Defender,Gabriel Gudmundsson,Leeds United Association Football Club,https://www.transfermarkt.co.uk/gabriel-gudmundsson/profil/spieler/362108,0.91,exact_name,below_auto_match_threshold
sweden_gustaf_lagerbielke,Sweden,Gustaf Lagerbielke,Braga,Defender,Gustaf Lagerbielke,Sporting Clube de Braga,https://www.transfermarkt.co.uk/gustaf-lagerbielke/profil/spieler/485395,0.91,exact_name,below_auto_match_threshold
sweden_gustaf_nilsson,Sweden,Gustaf Nilsson,Club Brugge,Forward,Gustaf Nilsson,Club Brugge Koninklijke Voetbalvereniging,https://www.transfermarkt.co.uk/gustaf-nilsson/profil/spieler/320440,0.91,exact_name,below_auto_match_threshold
sweden_hjalmar_ekdal,Sweden,Hjalmar Ekdal,Burnley,Defender,Hjalmar Ekdal,Burnley Football Club,https://www.transfermarkt.co.uk/hjalmar-ekdal/profil/spieler/392179,0.91,exact_name,below_auto_match_threshold
sweden_isak_hien,Sweden,Isak Hien,Atalanta,Defender,Isak Hien,Atalanta Bergamasca Calcio S.p.a.,https://www.transfermarkt.co.uk/isak-hien/profil/spieler/503075,0.91,exact_name,below_auto_match_threshold
sweden_jacob_widell_zetterstrom,Sweden,Jacob Widell Zetterstrom,Derby County,Goalkeeper,Jacob Widell Zetterström,,https://www.transfermarkt.co.uk/jacob-widell-zetterstrom/profil/spieler/549440,0.91,exact_name,below_auto_match_threshold
sweden_jesper_karlstrom,Sweden,Jesper Karlström,Udinese,Midfielder,Jesper Karlström,Udinese Calcio,https://www.transfermarkt.co.uk/jesper-karlstrom/profil/spieler/222855,0.91,exact_name,below_auto_match_threshold
sweden_ken_sema,Sweden,Ken Sema,Pafos,Midfielder,Ken Sema,,https://www.transfermarkt.co.uk/ken-sema/profil/spieler/252345,0.86,exact_name,below_auto_match_threshold
sweden_kristoffer_nordfeldt,Sweden,Kristoffer Nordfeldt,AIK,Goalkeeper,Kristoffer Nordfeldt,Allmänna Idrottsklubben,https://www.transfermarkt.co.uk/kristoffer-nordfeldt/profil/spieler/75890,0.91,exact_name,below_auto_match_threshold
sweden_lucas_bergvall,Sweden,Lucas Bergvall,Tottenham,Midfielder,Lucas Bergvall,Tottenham Hotspur Football Club,https://www.transfermarkt.co.uk/lucas-bergvall/profil/spieler/866246,0.91,exact_name,below_auto_match_threshold
sweden_mattias_svanberg,Sweden,Mattias Svanberg,Wolfsburg,Midfielder,Mattias Svanberg,Verein für Leibesübungen Wolfsburg,https://www.transfermarkt.co.uk/mattias-svanberg/profil/spieler/342405,0.91,exact_name,below_auto_match_threshold
sweden_taha_ali,Sweden,Taha Ali,Malmö,Forward,Taha Ali,Malmö Fotbollförening,https://www.transfermarkt.co.uk/taha-ali/profil/spieler/731771,0.91,exact_name,below_auto_match_threshold
sweden_victor_nilsson_lindelof,Sweden,Victor Nilsson Lindelöf,Aston Villa,Defender,Victor Lindelöf,Aston Villa Football Club,https://www.transfermarkt.co.uk/victor-lindelof/profil/spieler/184573,0.7458,fuzzy_name,low_confidence_candidate
sweden_viktor_gyokeres,Sweden,Viktor Gyökeres,Arsenal,Forward,Viktor Gyökeres,Arsenal Football Club,https://www.transfermarkt.co.uk/viktor-gyokeres/profil/spieler/325443,0.91,exact_name,below_auto_match_threshold
sweden_yasin_ayari,Sweden,Yasin Ayari,Brighton,Midfielder,Yasin Ayari,Brighton and Hove Albion Football Club,https://www.transfermarkt.co.uk/yasin-ayari/profil/spieler/667287,0.91,exact_name,below_auto_match_threshold
switzerland_andi_zeqiri,Switzerland,Andi Zeqiri,KRC Genk,Forward,Andi Zeqiri,Widzew Łódź Spółka Akcyjna,https://www.transfermarkt.co.uk/andi-zeqiri/profil/spieler/345468,0.91,exact_name,below_auto_match_threshold
switzerland_ardon_jashari,Switzerland,Ardon Jashari,AC Milan,Midfielder,Ardon Jashari,Associazione Calcio Milan,https://www.transfermarkt.co.uk/ardon-jashari/profil/spieler/608172,0.91,exact_name,below_auto_match_threshold
switzerland_breel_embolo,Switzerland,Breel Embolo,Rennes,Forward,Breel Embolo,Stade Rennais Football Club,https://www.transfermarkt.co.uk/breel-embolo/profil/spieler/237662,0.91,exact_name,below_auto_match_threshold
switzerland_cedric_zesiger,Switzerland,Cédric Zesiger,VfL Wolfsburg,Defender,Cédric Zesiger,Fußball-Club Augsburg 1907,https://www.transfermarkt.co.uk/cedric-zesiger/profil/spieler/382478,0.91,exact_name,below_auto_match_threshold
switzerland_dan_ndoye,Switzerland,Dan Ndoye,Nottingham Forest,Forward,Dan Ndoye,Nottingham Forest Football Club,https://www.transfermarkt.co.uk/dan-ndoye/profil/spieler/365108,0.91,exact_name,below_auto_match_threshold
switzerland_denis_zakaria,Switzerland,Denis Zakaria,Monaco,Midfielder,Denis Zakaria,Association sportive de Monaco Football Club,https://www.transfermarkt.co.uk/denis-zakaria/profil/spieler/334526,0.91,exact_name,below_auto_match_threshold
switzerland_djibril_sow,Switzerland,Djibril Sow,Sevilla,Midfielder,Djibril Sow,Sevilla Fútbol Club S.A.D.,https://www.transfermarkt.co.uk/djibril-sow/profil/spieler/212723,0.91,exact_name,below_auto_match_threshold
switzerland_fabian_rieder,Switzerland,Fabian Rieder,Augsburg,Midfielder,Fabian Rieder,Fußball-Club Augsburg 1907,https://www.transfermarkt.co.uk/fabian-rieder/profil/spieler/507341,0.86,exact_name,below_auto_match_threshold
switzerland_fabian_schar,Switzerland,Fabian Schär,Newcastle United,Defender,Fabian Schär,Newcastle United Football Club,https://www.transfermarkt.co.uk/fabian-schar/profil/spieler/135343,0.91,exact_name,below_auto_match_threshold
switzerland_granit_xhaka,Switzerland,Granit Xhaka,Sunderland,Midfielder,Granit Xhaka,Sunderland Association Football Club,https://www.transfermarkt.co.uk/granit-xhaka/profil/spieler/111455,0.91,exact_name,below_auto_match_threshold
switzerland_jonas_omlin,Switzerland,Jonas Omlin,Borussia Mönchengladbach,Goalkeeper,Jonas Omlin,Bayer 04 Leverkusen Fußball,https://www.transfermarkt.co.uk/jonas-omlin/profil/spieler/247915,0.91,exact_name,below_auto_match_threshold
switzerland_kwadwo_duah,Switzerland,Kwadwo Duah,Ludogorets Razgrad,Forward,Kwadwo Baah,Watford FC,https://www.transfermarkt.co.uk/kwadwo-baah/profil/spieler/711247,0.6882,fuzzy_name,low_confidence_candidate
switzerland_leonidas_stergiou,Switzerland,Leonidas Stergiou,VfB Stuttgart,Defender,Leonidas Stergiou,1. Fußballclub Heidenheim 1846,https://www.transfermarkt.co.uk/leonidas-stergiou/profil/spieler/507345,0.91,exact_name,below_auto_match_threshold
switzerland_manuel_akanji,Switzerland,Manuel Akanji,Inter Milan,Defender,Manuel Akanji,Football Club Internazionale Milano S.p.A.,https://www.transfermarkt.co.uk/manuel-akanji/profil/spieler/284730,0.91,exact_name,below_auto_match_threshold
switzerland_michel_aebischer,Switzerland,Michel Aebischer,Pisa,Midfielder,Michel Aebischer,Pisa Sporting Club,https://www.transfermarkt.co.uk/michel-aebischer/profil/spieler/237658,0.91,exact_name,below_auto_match_threshold
switzerland_nico_elvedi,Switzerland,Nico Elvedi,Borussia Mönchengladbach,Defender,Nico Elvedi,Borussia Verein für Leibesübungen 1900 Mönchengladbach,https://www.transfermarkt.co.uk/nico-elvedi/profil/spieler/192635,0.91,exact_name,below_auto_match_threshold
switzerland_noah_okafor,Switzerland,Noah Okafor,Leeds,Forward,Noah Okafor,Leeds United Association Football Club,https://www.transfermarkt.co.uk/noah-okafor/profil/spieler/346890,0.91,exact_name,below_auto_match_threshold
switzerland_philipp_kohn,Switzerland,Philipp Köhn,AS Monaco,Goalkeeper,Philipp Köhn,Association sportive de Monaco Football Club,https://www.transfermarkt.co.uk/philipp-kohn/profil/spieler/251322,0.91,exact_name,below_auto_match_threshold
switzerland_remo_freuler,Switzerland,Remo Freuler,Bologna,Midfielder,Remo Freuler,Bologna Football Club 1909,https://www.transfermarkt.co.uk/remo-freuler/profil/spieler/148252,0.91,exact_name,below_auto_match_threshold
switzerland_ricardo_rodriguez,Switzerland,Ricardo Rodríguez,Real Betis,Defender,Ricardo Rodríguez,Real Betis Balompié S.A.D.,https://www.transfermarkt.co.uk/ricardo-rodriguez/profil/spieler/86784,0.91,exact_name,below_auto_match_threshold
switzerland_ruben_vargas,Switzerland,Ruben Vargas,FC Augsburg,Forward,Rubén Vargas,Sevilla Fútbol Club S.A.D.,https://www.transfermarkt.co.uk/ruben-vargas/profil/spieler/345886,0.91,exact_name,below_auto_match_threshold
switzerland_silvan_widmer,Switzerland,Silvan Widmer,Mainz,Defender,Silvan Widmer,1. Fußball- und Sportverein Mainz 05,https://www.transfermarkt.co.uk/silvan-widmer/profil/spieler/168989,0.91,exact_name,below_auto_match_threshold
switzerland_ulisses_garcia,Switzerland,Ulisses Garcia,Olympique de Marsella,Defender,Ulisses Garcia,Unione Sportiva Sassuolo Calcio,https://www.transfermarkt.co.uk/ulisses-garcia/profil/spieler/192616,0.91,exact_name,below_auto_match_threshold
switzerland_vincent_sierro,Switzerland,Vincent Sierro,Toulouse FC,Midfielder,Vincent Sierro,Al-Shabab Club,https://www.transfermarkt.co.uk/vincent-sierro/profil/spieler/280387,0.91,exact_name,below_auto_match_threshold
switzerland_zeki_amdouni,Switzerland,Zeki Amdouni,Burnley,Forward,Zeki Amdouni,Burnley Football Club,https://www.transfermarkt.co.uk/zeki-amdouni/profil/spieler/548729,0.91,exact_name,below_auto_match_threshold
tunisia_ali_abdi,Tunisia,Ali Abdi,Nice,Defender,Ali Abdi,Olympique Gymnaste Club Nice Côte d'Azur,https://www.transfermarkt.co.uk/ali-abdi/profil/spieler/211474,0.91,exact_name,below_auto_match_threshold
tunisia_amanallah_memmiche,Tunisia,Amanallah Memmiche,Espérance de Tunis,Goalkeeper,,,,0.0,unmatched,no_candidate_found
tunisia_aymen_dahmen,Tunisia,Aymen Dahmen,CS Sfaxien,Goalkeeper,Aymen Dahmen,,https://www.transfermarkt.co.uk/aymen-dahmen/profil/spieler/569433,0.91,exact_name,below_auto_match_threshold
tunisia_aissa_laidouni,Tunisia,Aïssa Laïdouni,Al-Wakrah,Midfielder,Aïssa Laïdouni,1. Fußballclub Union Berlin,https://www.transfermarkt.co.uk/aissa-laidouni/profil/spieler/233782,0.91,exact_name,below_auto_match_threshold
tunisia_bechir_ben_said,Tunisia,Bechir Ben Said,US Monastir,Goalkeeper,Bechir Ben Said,,https://www.transfermarkt.co.uk/bechir-ben-said/profil/spieler/348144,0.91,exact_name,below_auto_match_threshold
tunisia_dylan_bronn,Tunisia,Dylan Bronn,Servette,Defender,Dylan Bronn,Servette Football Club 1890 SA,https://www.transfermarkt.co.uk/dylan-bronn/profil/spieler/450417,0.91,exact_name,below_auto_match_threshold
tunisia_elias_achouri,Tunisia,Elias Achouri,Copenhagen,Forward,Elias Achouri,Football Club København,https://www.transfermarkt.co.uk/elias-achouri/profil/spieler/645589,0.91,exact_name,below_auto_match_threshold
tunisia_elias_saad,Tunisia,Elias Saad,Hannover 96,Forward,Elias Saad,Fußball-Club St. Pauli von 1910,https://www.transfermarkt.co.uk/elias-saad/profil/spieler/526466,0.91,exact_name,below_auto_match_threshold
tunisia_hamza_mathlouthi,Tunisia,Hamza Mathlouthi,Zamalek SC,Defender,Hamza Masoudi,Koninklijke Sint-Truidense Voetbalvereniging,https://www.transfermarkt.co.uk/hamza-masoudi/profil/spieler/597095,0.5917,fuzzy_name,low_confidence_candidate
tunisia_hamza_rafia,Tunisia,Hamza Rafia,US Lecce,Midfielder,Hamza Rafia,Unione Sportiva Lecce,https://www.transfermarkt.co.uk/hamza-rafia/profil/spieler/418571,0.91,exact_name,below_auto_match_threshold
tunisia_hannibal_mejbri,Tunisia,Hannibal Mejbri,Burnley,Midfielder,Hannibal,Burnley Football Club,https://www.transfermarkt.co.uk/hannibal/profil/spieler/607224,0.6226,fuzzy_name,low_confidence_candidate
tunisia_haythem_jouini,Tunisia,Haythem Jouini,Stade Tunisien,Forward,,,,0.0,unmatched,no_candidate_found
tunisia_mohamed_ali_ben_romdhane,Tunisia,Mohamed Ali Ben Romdhane,Ferencvárosi TC,Midfielder,Mohamed Slim Ben Othman,Metalurg Zaporizhya (-2016),https://www.transfermarkt.co.uk/mohamed-slim-ben-othman/profil/spieler/223319,0.7106,fuzzy_name,low_confidence_candidate
tunisia_montassar_talbi,Tunisia,Montassar Talbi,Lorient,Defender,Montassar Talbi,Football Club Lorient-Bretagne Sud,https://www.transfermarkt.co.uk/montassar-talbi/profil/spieler/496706,0.91,exact_name,below_auto_match_threshold
tunisia_nader_ghandri,Tunisia,Nader Ghandri,Akhmat Grozny,Midfielder,Nader Ghandri,,https://www.transfermarkt.co.uk/nader-ghandri/profil/spieler/275956,0.86,exact_name,below_auto_match_threshold
tunisia_oussama_haddadi,Tunisia,Oussama Haddadi,SpVgg Greuther Fürth,Defender,Oussama Haddadi,Yeni Malatyaspor,https://www.transfermarkt.co.uk/oussama-haddadi/profil/spieler/191407,0.91,exact_name,below_auto_match_threshold
tunisia_samy_chouchane,Tunisia,Samy Chouchane,Brighton & Hove Albion,Midfielder,Samy Chouchane,Brighton and Hove Albion Football Club,https://www.transfermarkt.co.uk/samy-chouchane/profil/spieler/756591,0.91,exact_name,below_auto_match_threshold
tunisia_sayfallah_ltaief,Tunisia,Sayfallah Ltaief,FC Twente,Forward,Sayfallah Ltaief,Football Club Twente,https://www.transfermarkt.co.uk/sayfallah-ltaief/profil/spieler/388220,0.86,exact_name,below_auto_match_threshold
tunisia_seifeddine_jaziri,Tunisia,Seifeddine Jaziri,Zamalek SC,Forward,Assil Jaziri,Olympique Gymnaste Club Nice Côte d'Azur,https://www.transfermarkt.co.uk/assil-jaziri/profil/spieler/633398,0.6141,fuzzy_name,low_confidence_candidate
tunisia_wajdi_kechrida,Tunisia,Wajdi Kechrida,Atromitos FC,Defender,Wajdi Kechrida,APS Atromitos Athinon,https://www.transfermarkt.co.uk/wajdi-kechrida/profil/spieler/407885,0.91,exact_name,below_auto_match_threshold
tunisia_yan_valery,Tunisia,Yan Valery,Young Boys,Defender,Yan Valery,Berner Sport Club Young Boys,https://www.transfermarkt.co.uk/yan-valery/profil/spieler/406008,0.91,exact_name,below_auto_match_threshold
tunisia_yassine_meriah,Tunisia,Yassine Meriah,Espérance de Tunis,Defender,Yassine Meriah,,https://www.transfermarkt.co.uk/yassine-meriah/profil/spieler/306330,0.91,exact_name,below_auto_match_threshold
tunisia_youssef_msakni,Tunisia,Youssef Msakni,Al-Arabi SC,Forward,Youssef Msakni,KAS Eupen,https://www.transfermarkt.co.uk/youssef-msakni/profil/spieler/69110,0.91,exact_name,below_auto_match_threshold
turkey_abdulkerim_bardakc,Turkey,Abdülkerim Bardakcı,Galatasaray,Defender,Abdülkerim Bardakcı,Galatasaray Spor Kulübü,https://www.transfermarkt.co.uk/abdulkerim-bardakci/profil/spieler/199316,0.91,exact_name,below_auto_match_threshold
turkey_ahmetcan_kaplan,Turkey,Ahmetcan Kaplan,NEC Nijmegen,Defender,Ahmetcan Kaplan,Nijmegen Eendracht Combinatie,https://www.transfermarkt.co.uk/ahmetcan-kaplan/profil/spieler/662131,0.91,exact_name,below_auto_match_threshold
turkey_altay_bay_nd_r,Turkey,Altay Bayındır,Manchester United,Goalkeeper,Altay Bayındır,Manchester United Football Club,https://www.transfermarkt.co.uk/altay-bayindir/profil/spieler/336077,0.91,exact_name,below_auto_match_threshold
turkey_arda_guler,Turkey,Arda Güler,Real Madrid,Midfielder,Arda Güler,Real Madrid Club de Fútbol,https://www.transfermarkt.co.uk/arda-guler/profil/spieler/861410,0.86,exact_name,below_auto_match_threshold
turkey_bar_s_alper_y_lmaz,Turkey,Barış Alper Yılmaz,Galatasaray,Forward,Barış Alper Yılmaz,Galatasaray Spor Kulübü,https://www.transfermarkt.co.uk/baris-alper-yilmaz/profil/spieler/541537,0.91,exact_name,below_auto_match_threshold
turkey_bertug_y_ld_r_m,Turkey,Bertuğ Yıldırım,Getafe CF,Forward,Bertuğ Yıldırım,İstanbul Başakşehir Futbol Kulübü,https://www.transfermarkt.co.uk/bertug-yildirim/profil/spieler/672803,0.91,exact_name,below_auto_match_threshold
turkey_caglar_soyuncu,Turkey,Caglar Söyüncü,Fenerbahçe,Defender,Çağlar Söyüncü,Fenerbahçe Spor Kulübü,https://www.transfermarkt.co.uk/caglar-soyuncu/profil/spieler/320141,0.91,exact_name,below_auto_match_threshold
turkey_can_uzun,Turkey,Can Uzun,Eintracht Fráncfort,Midfielder,Can Uzun,Eintracht Frankfurt Fußball AG,https://www.transfermarkt.co.uk/can-uzun/profil/spieler/816585,0.86,exact_name,below_auto_match_threshold
turkey_enes_unal,Turkey,Enes Ünal,AFC Bournemouth,Forward,Enes Ünal,Association Football Club Bournemouth,https://www.transfermarkt.co.uk/enes-unal/profil/spieler/251106,0.91,exact_name,below_auto_match_threshold
turkey_ferdi_kad_oglu,Turkey,Ferdi Kadıoğlu,Brighton & Hove Albion,Defender,Ferdi Kadıoğlu,Brighton and Hove Albion Football Club,https://www.transfermarkt.co.uk/ferdi-kadioglu/profil/spieler/369316,0.91,exact_name,below_auto_match_threshold
turkey_hakan_calhanoglu,Turkey,Hakan Çalhanoglu,Inter de Milán,Midfielder,Hakan Çalhanoğlu,Football Club Internazionale Milano S.p.A.,https://www.transfermarkt.co.uk/hakan-calhanoglu/profil/spieler/126414,0.91,exact_name,below_auto_match_threshold
turkey_ismail_yuksek,Turkey,Ismail Yüksek,Fenerbahçe,Midfielder,İsmail Yüksek,Fenerbahçe Spor Kulübü,https://www.transfermarkt.co.uk/ismail-yuksek/profil/spieler/613725,0.91,exact_name,below_auto_match_threshold
turkey_kaan_ayhan,Turkey,Kaan Ayhan,Galatasaray,Defender,Kaan Ayhan,Galatasaray Spor Kulübü,https://www.transfermarkt.co.uk/kaan-ayhan/profil/spieler/119031,0.86,exact_name,below_auto_match_threshold
turkey_kenan_y_ld_z,Turkey,Kenan Yıldız,Juventus,Forward,Kenan Yıldız,Juventus Football Club,https://www.transfermarkt.co.uk/kenan-yildiz/profil/spieler/845654,0.91,exact_name,below_auto_match_threshold
turkey_kerem_akturkoglu,Turkey,Kerem Aktürkoğlu,SL Benfica,Forward,Kerem Aktürkoğlu,Fenerbahçe Spor Kulübü,https://www.transfermarkt.co.uk/kerem-akturkoglu/profil/spieler/382528,0.91,exact_name,below_auto_match_threshold
turkey_merih_demiral,Turkey,Merih Demiral,Al-Ahli Saudi,Defender,Merih Demiral,Al-Ahli Saudi Football Club,https://www.transfermarkt.co.uk/merih-demiral/profil/spieler/340879,0.91,exact_name,below_auto_match_threshold
turkey_mert_gunok,Turkey,Mert Günok,Fenerbahçe,Goalkeeper,Mert Günok,Fenerbahçe Spor Kulübü,https://www.transfermarkt.co.uk/mert-gunok/profil/spieler/51894,0.91,exact_name,below_auto_match_threshold
turkey_mert_muldur,Turkey,Mert Müldür,Fenerbahçe,Defender,Mert Müldür,Fenerbahçe Spor Kulübü,https://www.transfermarkt.co.uk/mert-muldur/profil/spieler/353922,0.91,exact_name,below_auto_match_threshold
turkey_orkun_kokcu,Turkey,Orkun Kökçü,Beşiktaş,Midfielder,Orkun Kökçü,Beşiktaş Jimnastik Kulübü,https://www.transfermarkt.co.uk/orkun-kokcu/profil/spieler/454567,0.91,exact_name,below_auto_match_threshold
turkey_semih_k_l_csoy,Turkey,Semih Kılıçsoy,Beşiktaş,Forward,Semih Kılıçsoy,Cagliari Calcio,https://www.transfermarkt.co.uk/semih-kilicsoy/profil/spieler/875334,0.91,exact_name,below_auto_match_threshold
turkey_ugurcan_cak_r,Turkey,Uğurcan Çakır,Trabzonspor,Goalkeeper,Uğurcan Çakır,Galatasaray Spor Kulübü,https://www.transfermarkt.co.uk/ugurcan-cakir/profil/spieler/292199,0.91,exact_name,below_auto_match_threshold
turkey_yunus_akgun,Turkey,Yunus Akgün,Galatasaray,Forward,Yunus Akgün,Galatasaray Spor Kulübü,https://www.transfermarkt.co.uk/yunus-akgun/profil/spieler/396908,0.91,exact_name,below_auto_match_threshold
turkey_zeki_celik,Turkey,Zeki Çelik,AS Roma,Defender,Zeki Çelik,Associazione Sportiva Roma,https://www.transfermarkt.co.uk/zeki-celik/profil/spieler/251075,0.91,exact_name,below_auto_match_threshold
turkey_irfan_can_kahveci,Turkey,İrfan Can Kahveci,Fenerbahçe,Midfielder,İrfan Can Kahveci,Kasımpaşa A.Ş.,https://www.transfermarkt.co.uk/irfan-can-kahveci/profil/spieler/216603,0.86,exact_name,below_auto_match_threshold
united_states_antonee_robinson,United States,Antonee Robinson,Fulham,Defender,Antonee Robinson,Fulham Football Club,https://www.transfermarkt.co.uk/antonee-robinson/profil/spieler/349701,0.91,exact_name,below_auto_match_threshold
united_states_brenden_aaronson,United States,Brenden Aaronson,Leeds United,Midfielder,Brenden Aaronson,Leeds United Association Football Club,https://www.transfermarkt.co.uk/brenden-aaronson/profil/spieler/393323,0.86,exact_name,below_auto_match_threshold
united_states_cameron_carter_vickers,United States,Cameron Carter-Vickers,Celtic FC,Defender,Cameron Carter-Vickers,The Celtic Football Club,https://www.transfermarkt.co.uk/cameron-carter-vickers/profil/spieler/341049,0.91,exact_name,below_auto_match_threshold
united_states_chris_richards,United States,Chris Richards,Crystal Palace,Defender,Chris Richards,Crystal Palace Football Club,https://www.transfermarkt.co.uk/chris-richards/profil/spieler/578539,0.91,exact_name,below_auto_match_threshold
united_states_christian_pulisic,United States,Christian Pulisic,AC Milan,Forward,Christian Pulisic,Associazione Calcio Milan,https://www.transfermarkt.co.uk/christian-pulisic/profil/spieler/315779,0.91,exact_name,below_auto_match_threshold
united_states_ethan_horvath,United States,Ethan Horvath,Cardiff City,Goalkeeper,Ethan Horvath,Red Bull New York,https://www.transfermarkt.co.uk/ethan-horvath/profil/spieler/242284,0.91,exact_name,below_auto_match_threshold
united_states_folarin_balogun,United States,Folarin Balogun,AS Monaco,Forward,Folarin Balogun,Association sportive de Monaco Football Club,https://www.transfermarkt.co.uk/folarin-balogun/profil/spieler/503770,0.91,exact_name,below_auto_match_threshold
united_states_giovanni_reyna,United States,Giovanni Reyna,Borussia Dortmund,Midfielder,Giovanni Reyna,Borussia Verein für Leibesübungen 1900 Mönchengladbach,https://www.transfermarkt.co.uk/giovanni-reyna/profil/spieler/504215,0.86,exact_name,below_auto_match_threshold
united_states_haji_wright,United States,Haji Wright,Coventry City,Forward,Haji Wright,,https://www.transfermarkt.co.uk/haji-wright/profil/spieler/315291,0.91,exact_name,below_auto_match_threshold
united_states_joe_scally,United States,Joe Scally,Borussia Mönchengladbach,Defender,Joe Scally,Borussia Verein für Leibesübungen 1900 Mönchengladbach,https://www.transfermarkt.co.uk/joe-scally/profil/spieler/504153,0.91,exact_name,below_auto_match_threshold
united_states_johnny_cardoso,United States,Johnny Cardoso,Real Betis,Midfielder,Johnny Cardoso,Club Atlético de Madrid S.A.D.,https://www.transfermarkt.co.uk/johnny-cardoso/profil/spieler/689505,0.91,exact_name,below_auto_match_threshold
united_states_josh_sargent,United States,Josh Sargent,Norwich City,Forward,Josh Sargent,Toronto FC,https://www.transfermarkt.co.uk/josh-sargent/profil/spieler/393325,0.91,exact_name,below_auto_match_threshold
united_states_kevin_paredes,United States,Kevin Paredes,VfL Wolfsburg,Forward,Kevin Paredes,Verein für Leibesübungen Wolfsburg,https://www.transfermarkt.co.uk/kevin-paredes/profil/spieler/711517,0.86,exact_name,below_auto_match_threshold
united_states_malik_tillman,United States,Malik Tillman,Bayer Leverkusen,Midfielder,Malik Tillman,Bayer 04 Leverkusen Fußball,https://www.transfermarkt.co.uk/malik-tillman/profil/spieler/467437,0.86,exact_name,below_auto_match_threshold
united_states_mark_mckenzie,United States,Mark McKenzie,Toulouse,Defender,Mark McKenzie,Toulouse Football Club,https://www.transfermarkt.co.uk/mark-mckenzie/profil/spieler/429259,0.91,exact_name,below_auto_match_threshold
united_states_miles_robinson,United States,Miles Robinson,FC Cincinnati,Defender,Miles Robinson,Football Club Cincinnati,https://www.transfermarkt.co.uk/miles-robinson/profil/spieler/468022,0.91,exact_name,below_auto_match_threshold
united_states_ricardo_pepi,United States,Ricardo Pepi,PSV Eindhoven,Forward,Ricardo Pepi,Eindhovense Voetbalvereniging Philips Sport Vereniging,https://www.transfermarkt.co.uk/ricardo-pepi/profil/spieler/627207,0.91,exact_name,below_auto_match_threshold
united_states_sergino_dest,United States,Sergiño Dest,PSV,Defender,Sergiño Dest,Eindhovense Voetbalvereniging Philips Sport Vereniging,https://www.transfermarkt.co.uk/sergino-dest/profil/spieler/361104,0.91,exact_name,below_auto_match_threshold
united_states_tim_ream,United States,Tim Ream,Charlotte FC,Defender,Tim Ream,Charlotte Football Club,https://www.transfermarkt.co.uk/tim-ream/profil/spieler/145466,0.91,exact_name,below_auto_match_threshold
united_states_timothy_weah,United States,Timothy Weah,Juventus,Forward,Timothy Weah,Olympique de Marseille,https://www.transfermarkt.co.uk/timothy-weah/profil/spieler/370846,0.86,exact_name,below_auto_match_threshold
united_states_tyler_adams,United States,Tyler Adams,AFC Bournemouth,Midfielder,Tyler Adams,Association Football Club Bournemouth,https://www.transfermarkt.co.uk/tyler-adams/profil/spieler/332705,0.91,exact_name,below_auto_match_threshold
united_states_weston_mckennie,United States,Weston McKennie,Juventus,Midfielder,Weston McKennie,Juventus Football Club,https://www.transfermarkt.co.uk/weston-mckennie/profil/spieler/332697,0.91,exact_name,below_auto_match_threshold
united_states_yunus_musah,United States,Yunus Musah,AC Milan,Midfielder,Yunus Musah,Atalanta Bergamasca Calcio S.p.a.,https://www.transfermarkt.co.uk/yunus-musah/profil/spieler/503991,0.91,exact_name,below_auto_match_threshold
uruguay_agustin_canobbio,Uruguay,Agustín Canobbio,Fluminense,Midfielder,Agustín Canobbio,Fluminense Football Club,https://www.transfermarkt.co.uk/agustin-canobbio/profil/spieler/457533,0.86,exact_name,below_auto_match_threshold
uruguay_brian_rodriguez,Uruguay,Brian Rodríguez,América,Forward,Brian Rodríguez,Club de Futbol América S. A. de C. V.,https://www.transfermarkt.co.uk/brian-rodriguez/profil/spieler/465818,0.91,exact_name,below_auto_match_threshold
uruguay_darwin_nunez,Uruguay,Darwin Núñez,Al-Hilal,Forward,Darwin Núñez,Al-Hilal Saudi Football Club,https://www.transfermarkt.co.uk/darwin-nunez/profil/spieler/546543,0.91,exact_name,below_auto_match_threshold
uruguay_emiliano_martinez,Uruguay,Emiliano Martínez,Palmeiras,Midfielder,Emiliano Martínez,Sociedade Esportiva Palmeiras,https://www.transfermarkt.co.uk/emiliano-martinez/profil/spieler/707447,0.91,exact_name,below_auto_match_threshold
uruguay_facundo_pellistri,Uruguay,Facundo Pellistri,Panathinaikos,Midfielder,Facundo Pellistri,Panathinaikos Athlitikos Omilos,https://www.transfermarkt.co.uk/facundo-pellistri/profil/spieler/676318,0.86,exact_name,below_auto_match_threshold
uruguay_federico_valverde,Uruguay,Federico Valverde,Real Madrid,Midfielder,Federico Valverde,Real Madrid Club de Fútbol,https://www.transfermarkt.co.uk/federico-valverde/profil/spieler/369081,0.91,exact_name,below_auto_match_threshold
uruguay_giorgian_de_arrascaeta,Uruguay,Giorgian De Arrascaeta,Flamengo,Midfielder,Giorgian de Arrascaeta,Clube de Regatas do Flamengo,https://www.transfermarkt.co.uk/giorgian-de-arrascaeta/profil/spieler/248410,0.86,exact_name,below_auto_match_threshold
uruguay_guillermo_varela,Uruguay,Guillermo Varela,Flamengo,Defender,Guillermo Varela,Clube de Regatas do Flamengo,https://www.transfermarkt.co.uk/guillermo-varela/profil/spieler/188862,0.91,exact_name,below_auto_match_threshold
uruguay_joaquin_piquerez,Uruguay,Joaquín Piquerez,Palmeiras,Defender,Joaquín Piquerez,Sociedade Esportiva Palmeiras,https://www.transfermarkt.co.uk/joaquin-piquerez/profil/spieler/496268,0.91,exact_name,below_auto_match_threshold
uruguay_jose_maria_gimenez,Uruguay,José María Giménez,Atlético Madrid,Defender,José María Giménez,Club Atlético de Madrid S.A.D.,https://www.transfermarkt.co.uk/jose-maria-gimenez/profil/spieler/250845,0.91,exact_name,below_auto_match_threshold
uruguay_manuel_ugarte,Uruguay,Manuel Ugarte,Manchester United,Midfielder,Manuel Ugarte,Manchester United Football Club,https://www.transfermarkt.co.uk/manuel-ugarte/profil/spieler/476701,0.91,exact_name,below_auto_match_threshold
uruguay_mathias_olivera,Uruguay,Mathías Olivera,Napoli,Defender,Mathías Olivera,Società Sportiva Calcio Napoli,https://www.transfermarkt.co.uk/mathias-olivera/profil/spieler/376514,0.91,exact_name,below_auto_match_threshold
uruguay_matias_vina,Uruguay,Matías Viña,River Plate,Defender,Matías Viña,Club Atlético River Plate,https://www.transfermarkt.co.uk/matias-vina/profil/spieler/439072,0.91,exact_name,below_auto_match_threshold
uruguay_maximiliano_araujo,Uruguay,Maximiliano Araújo,Sporting de Lisboa,Midfielder,Maximiliano Falcón,Club Internacional de Fútbol Miami,https://www.transfermarkt.co.uk/maximiliano-falcon/profil/spieler/437993,0.6867,fuzzy_name,low_confidence_candidate
uruguay_nicolas_de_la_cruz,Uruguay,Nicolás De La Cruz,Flamengo,Midfielder,Nicolás de la Cruz,Clube de Regatas do Flamengo,https://www.transfermarkt.co.uk/nicolas-de-la-cruz/profil/spieler/397458,0.91,exact_name,below_auto_match_threshold
uruguay_rodrigo_aguirre,Uruguay,Rodrigo Aguirre,Tigres,Forward,Rodrigo Aguirre,Club Tigres UANL Sinergia Deportiva S.A. de C.V.,https://www.transfermarkt.co.uk/rodrigo-aguirre/profil/spieler/189410,0.91,exact_name,below_auto_match_threshold
uruguay_rodrigo_bentancur,Uruguay,Rodrigo Bentancur,Tottenham Hotspur,Midfielder,Rodrigo Bentancur,Tottenham Hotspur Football Club,https://www.transfermarkt.co.uk/rodrigo-bentancur/profil/spieler/354362,0.91,exact_name,below_auto_match_threshold
uruguay_rodrigo_zalazar,Uruguay,Rodrigo Zalazar,Sporting de Lisboa,Midfielder,Rodrigo Zalazar,Sporting Clube de Braga,https://www.transfermarkt.co.uk/rodrigo-zalazar/profil/spieler/606752,0.86,exact_name,below_auto_match_threshold
uruguay_ronald_araujo,Uruguay,Ronald Araújo,Barcelona,Defender,Ronald Araujo,Futbol Club Barcelona,https://www.transfermarkt.co.uk/ronald-araujo/profil/spieler/480267,0.91,exact_name,below_auto_match_threshold
uruguay_santiago_mele,Uruguay,Santiago Mele,Monterrey,Goalkeeper,Santiago Mele,Club de Fútbol Monterrey Rayados A.C.,https://www.transfermarkt.co.uk/santiago-mele/profil/spieler/320739,0.91,exact_name,below_auto_match_threshold
uruguay_sebastian_caceres,Uruguay,Sebastián Cáceres,Club América,Defender,Sebastián Cáceres,Club de Futbol América S. A. de C. V.,https://www.transfermarkt.co.uk/sebastian-caceres/profil/spieler/532389,0.91,exact_name,below_auto_match_threshold
uruguay_sergio_rochet,Uruguay,Sergio Rochet,Internacional de Porto Alegre,Goalkeeper,Sergio Rochet,Sport Club Internacional,https://www.transfermarkt.co.uk/sergio-rochet/profil/spieler/264014,0.91,exact_name,below_auto_match_threshold
uzbekistan_abbosbek_fayzullaev,Uzbekistan,Abbosbek Fayzullaev,CSKA Moscú,Midfielder,Abbosbek Fayzullaev,İstanbul Başakşehir Futbol Kulübü,https://www.transfermarkt.co.uk/abbosbek-fayzullaev/profil/spieler/754037,0.86,exact_name,below_auto_match_threshold
uzbekistan_abdukodir_khusanov,Uzbekistan,Abdukodir Khusanov,Manchester City,Defender,Abdukodir Khusanov,Manchester City Football Club,https://www.transfermarkt.co.uk/abdukodir-khusanov/profil/spieler/763079,0.91,exact_name,below_auto_match_threshold
uzbekistan_abdulla_abdullaev,Uzbekistan,Abdulla Abdullaev,Dibba Al Fujairah,Defender,Abdulla Abdullaev,,https://www.transfermarkt.co.uk/abdulla-abdullaev/profil/spieler/570272,0.86,exact_name,below_auto_match_threshold
uzbekistan_abduvohid_nematov,Uzbekistan,Abduvohid Nematov,Nasaf,Goalkeeper,Abduvokhid Nematov,,https://www.transfermarkt.co.uk/abduvokhid-nematov/profil/spieler/527866,0.8877,near_name,below_auto_match_threshold
uzbekistan_azizbek_amonov,Uzbekistan,Azizbek Amonov,Buxoro,Forward,Azizbek Khaitov,,https://www.transfermarkt.co.uk/azizbek-khaitov/profil/spieler/787156,0.6417,fuzzy_name,low_confidence_candidate
uzbekistan_azizbek_turgunboev,Uzbekistan,Azizbek Turgunboev,Sivasspor,Midfielder,Azizbek Turgunboev,,https://www.transfermarkt.co.uk/azizbek-turgunboev/profil/spieler/493593,0.91,exact_name,below_auto_match_threshold
uzbekistan_bobur_abdikholikov,Uzbekistan,Bobur Abdikholikov,Nasaf,Forward,Bobur Abdikholikov,,https://www.transfermarkt.co.uk/bobur-abdikholikov/profil/spieler/431912,0.91,exact_name,below_auto_match_threshold
uzbekistan_botirali_ergashev,Uzbekistan,Botirali Ergashev,AGMK,Goalkeeper,Botirali Ergashev,,https://www.transfermarkt.co.uk/botirali-ergashev/profil/spieler/312690,0.91,exact_name,below_auto_match_threshold
uzbekistan_diyor_kholmatov,Uzbekistan,Diyor Kholmatov,Pakhtakor,Midfielder,Diyor Kholmatov,,https://www.transfermarkt.co.uk/diyor-kholmatov/profil/spieler/704546,0.86,exact_name,below_auto_match_threshold
uzbekistan_eldor_shomurodov,Uzbekistan,Eldor Shomurodov,Istanbul Basaksehir,Forward,Eldor Shomurodov,İstanbul Başakşehir Futbol Kulübü,https://www.transfermarkt.co.uk/eldor-shomurodov/profil/spieler/358166,0.91,exact_name,below_auto_match_threshold
uzbekistan_farrukh_sayfiev,Uzbekistan,Farrukh Sayfiev,Neftchi,Defender,Farrukh Sayfiev,,https://www.transfermarkt.co.uk/farrukh-sayfiev/profil/spieler/212499,0.91,exact_name,below_auto_match_threshold
uzbekistan_husayin_norchaev,Uzbekistan,Husayin Norchaev,Neftchi,Forward,Khusayin Norchaev,,https://www.transfermarkt.co.uk/khusayin-norchaev/profil/spieler/704549,0.8864,near_name,below_auto_match_threshold
uzbekistan_husniddin_aliqulov,Uzbekistan,Husniddin Aliqulov,Çaykur Rizespor,Defender,Khusniddin Alikulov,Çaykur Rizespor Kulübü,https://www.transfermarkt.co.uk/khusniddin-alikulov/profil/spieler/581429,0.8868,near_name,below_auto_match_threshold
uzbekistan_igor_sergeev,Uzbekistan,Igor Sergeev,Persepolis,Forward,Igor Sergeev,,https://www.transfermarkt.co.uk/igor-sergeev/profil/spieler/185372,0.91,exact_name,below_auto_match_threshold
uzbekistan_jaloliddin_masharipov,Uzbekistan,Jaloliddin Masharipov,Esteghlal,Midfielder,Jaloliddin Masharipov,,https://www.transfermarkt.co.uk/jaloliddin-masharipov/profil/spieler/274536,0.86,exact_name,below_auto_match_threshold
uzbekistan_jamshid_iskanderov,Uzbekistan,Jamshid Iskanderov,Neftchi,Midfielder,Jamshid Iskanderov,,https://www.transfermarkt.co.uk/jamshid-iskanderov/profil/spieler/260857,0.86,exact_name,below_auto_match_threshold
uzbekistan_jasurbek_yakhshiboev,Uzbekistan,Jasurbek Yakhshiboev,Ordabasy,Forward,Jasurbek Jaloliddinov,PFK Tambov (-2021),https://www.transfermarkt.co.uk/jasurbek-jaloliddinov/profil/spieler/603416,0.6246,fuzzy_name,low_confidence_candidate
uzbekistan_khojimat_erkinov,Uzbekistan,Khojimat Erkinov,Al Wahda,Midfielder,Khozhimat Erkinov,,https://www.transfermarkt.co.uk/khozhimat-erkinov/profil/spieler/630015,0.7891,near_name,low_confidence_candidate
uzbekistan_odiljon_hamrobekov,Uzbekistan,Odiljon Hamrobekov,Navbahor,Midfielder,Odildzhon Khamrobekov,,https://www.transfermarkt.co.uk/odildzhon-khamrobekov/profil/spieler/288915,0.81,fuzzy_name,low_confidence_candidate
uzbekistan_oston_urunov,Uzbekistan,Oston Urunov,Persepolis,Midfielder,Oston Urunov,,https://www.transfermarkt.co.uk/oston-urunov/profil/spieler/492556,0.86,exact_name,below_auto_match_threshold
uzbekistan_otabek_shukurov,Uzbekistan,Otabek Shukurov,Baniyas,Midfielder,Otabek Shukurov,,https://www.transfermarkt.co.uk/otabek-shukurov/profil/spieler/294525,0.91,exact_name,below_auto_match_threshold
uzbekistan_rustam_ashurmatov,Uzbekistan,Rustam Ashurmatov,Rubin Kazán,Defender,Rustam Ashurmatov,,https://www.transfermarkt.co.uk/rustam-ashurmatov/profil/spieler/288883,0.91,exact_name,below_auto_match_threshold
uzbekistan_sherzod_nasrullaev,Uzbekistan,Sherzod Nasrullaev,Nasaf,Defender,Sherzod Nasrullaev,,https://www.transfermarkt.co.uk/sherzod-nasrullaev/profil/spieler/608537,0.91,exact_name,below_auto_match_threshold
uzbekistan_umar_eshmurodov,Uzbekistan,Umar Eshmurodov,Selangor FC,Defender,Umar Eshmurodov,,https://www.transfermarkt.co.uk/umar-eshmurodov/profil/spieler/493725,0.91,exact_name,below_auto_match_threshold
uzbekistan_utkir_yusupov,Uzbekistan,Utkir Yusupov,Navbahor,Goalkeeper,Utkir Yusupov,,https://www.transfermarkt.co.uk/utkir-yusupov/profil/spieler/311958,0.91,exact_name,below_auto_match_threshold
uzbekistan_zafarmurod_abdurakhmatov,Uzbekistan,Zafarmurod Abdurakhmatov,Nasaf,Defender,Zafarmurod Abdirakhmatov,,https://www.transfermarkt.co.uk/zafarmurod-abdirakhmatov/profil/spieler/989049,0.8775,near_name,below_auto_match_threshold
