player_key,transfermarkt_player_id,transfermarkt_name,transfermarkt_url,date_of_birth,age,height_cm,foot,position_detail,main_position,other_positions,market_value_eur,market_value_date,contract_until,agent,current_club_transfermarkt,source
algeria_achraf_abada,949929,Achref Abada,https://www.transfermarkt.co.uk/achref-abada/profil/spieler/949929,1999-06-15 00:00:00,26,187,right,Centre-Back,,,,2025,2029-06-30 00:00:00,,,transfermarkt_dataset
algeria_adil_boulbina,748443,Adil Boulbina,https://www.transfermarkt.co.uk/adil-boulbina/profil/spieler/748443,2003-05-02 00:00:00,23,179,right,Left Winger,,,,2025,2030-06-30 00:00:00,Gesti Soccer,,transfermarkt_dataset
algeria_aissa_mandi,80293,Aïssa Mandi,https://www.transfermarkt.co.uk/aissa-mandi/profil/spieler/80293,1991-10-22 00:00:00,34,186,right,Centre-Back,,,1800000,2025,2026-06-30 00:00:00,THE·TEAM,Lille Olympique Sporting Club,transfermarkt_dataset
algeria_amine_gouiri,418659,Amine Gouiri,https://www.transfermarkt.co.uk/amine-gouiri/profil/spieler/418659,2000-02-16 00:00:00,26,181,right,Centre-Forward,,,28000000,2025,2029-06-30 00:00:00,,Olympique de Marseille,transfermarkt_dataset
algeria_anis_hadj_moussa,917911,Anis Hadj Moussa,https://www.transfermarkt.co.uk/anis-hadj-moussa/profil/spieler/917911,2002-02-11 00:00:00,24,176,left,Right Winger,,,2000000,2025,2030-06-30 00:00:00,,Feyenoord Rotterdam,transfermarkt_dataset
algeria_fares_chaibi,855015,Farès Chaïbi,https://www.transfermarkt.co.uk/fares-chaibi/profil/spieler/855015,2002-11-28 00:00:00,23,183,right,Attacking Midfield,,,15000000,2025,2028-06-30 00:00:00,Unique Sports Group,Eintracht Frankfurt Fußball AG,transfermarkt_dataset
algeria_fares_ghedjemis,888738,Farès Ghedjemis,https://www.transfermarkt.co.uk/fares-ghedjemis/profil/spieler/888738,2002-09-06 00:00:00,23,183,left,Right Winger,,,600000,2023,2026-06-30 00:00:00,,Frosinone Calcio,transfermarkt_dataset
algeria_hicham_boudaoui,560593,Hicham Boudaoui,https://www.transfermarkt.co.uk/hicham-boudaoui/profil/spieler/560593,1999-09-23 00:00:00,26,175,right,Central Midfield,,,12000000,2025,2027-06-30 00:00:00,Classico,Olympique Gymnaste Club Nice Côte d'Azur,transfermarkt_dataset
algeria_houssem_aouar,395693,Houssem Aouar,https://www.transfermarkt.co.uk/houssem-aouar/profil/spieler/395693,1998-06-30 00:00:00,27,175,right,Attacking Midfield,,,10000000,2025,2028-06-30 00:00:00,,Al-Ittihad Football Club,transfermarkt_dataset
algeria_ibrahim_maza,905011,Ibrahim Maza,https://www.transfermarkt.co.uk/ibrahim-maza/profil/spieler/905011,2005-11-24 00:00:00,20,180,right,Attacking Midfield,,,600000,2025,2030-06-30 00:00:00,CAA Stellar,Bayer 04 Leverkusen Fußball,transfermarkt_dataset
algeria_jaouen_hadjam,750903,Jaouen Hadjam,https://www.transfermarkt.co.uk/jaouen-hadjam/profil/spieler/750903,2003-03-26 00:00:00,23,185,left,Left-Back,,,2000000,2025,2028-06-30 00:00:00,DWMA,Berner Sport Club Young Boys,transfermarkt_dataset
algeria_luca_zidane,283489,Luca Zidane,https://www.transfermarkt.co.uk/luca-zidane/profil/spieler/283489,1998-05-13 00:00:00,28,183,right,Goalkeeper,,,2000000,2025,2027-06-30 00:00:00,Roalza,Granada CF,transfermarkt_dataset
algeria_mohamed_amine_tougai,592396,Mohamed Amine Tougai,https://www.transfermarkt.co.uk/mohamed-amine-tougai/profil/spieler/592396,2000-01-22 00:00:00,26,191,right,Centre-Back,,,,2025,2027-06-30 00:00:00,,,transfermarkt_dataset
algeria_mohamed_amoura,746910,Mohamed Amoura,https://www.transfermarkt.co.uk/mohamed-amoura/profil/spieler/746910,2000-05-09 00:00:00,26,170,right,Centre-Forward,,,32000000,2025,2029-06-30 00:00:00,DWMA,Verein für Leibesübungen Wolfsburg,transfermarkt_dataset
algeria_nabil_bentaleb,245537,Nabil Bentaleb,https://www.transfermarkt.co.uk/nabil-bentaleb/profil/spieler/245537,1994-11-24 00:00:00,31,187,left,Defensive Midfield,,,5000000,2025,2026-06-30 00:00:00,KYL FOOTBALL Clt,Lille Olympique Sporting Club,transfermarkt_dataset
algeria_nadhir_benbouali,840254,Nadhir Benbouali,https://www.transfermarkt.co.uk/nadhir-benbouali/profil/spieler/840254,2000-04-17 00:00:00,26,190,left,Centre-Forward,,,600000,2023,2025-06-30 00:00:00,ROGON,Royal Charleroi Sporting Club,transfermarkt_dataset
algeria_oussama_benbot,437982,Oussama Benbout,https://www.transfermarkt.co.uk/oussama-benbout/profil/spieler/437982,1994-10-11 00:00:00,31,190,,Goalkeeper,,,,2025,2027-06-30 00:00:00,,,transfermarkt_dataset
algeria_rafik_belghali,864306,Rafik Belghali,https://www.transfermarkt.co.uk/rafik-belghali/profil/spieler/864306,2002-06-07 00:00:00,24,180,right,Right-Back,,,7000000,2025,2029-06-30 00:00:00,EMG Mundial,Verona Hellas Football Club,transfermarkt_dataset
algeria_ramiz_zerrouki,416660,Ramiz Zerrouki,https://www.transfermarkt.co.uk/ramiz-zerrouki/profil/spieler/416660,1998-05-26 00:00:00,28,183,right,Defensive Midfield,,,9000000,2025,2026-06-30 00:00:00,Muy Manero,Football Club Twente,transfermarkt_dataset
algeria_ramy_bensebaini,284732,Ramy Bensebaini,https://www.transfermarkt.co.uk/ramy-bensebaini/profil/spieler/284732,1995-04-16 00:00:00,31,187,left,Centre-Back,,,7000000,2025,2027-06-30 00:00:00,,Borussia Dortmund,transfermarkt_dataset
algeria_rayan_ait_nouri,578391,Rayan Aït-Nouri,https://www.transfermarkt.co.uk/rayan-ait-nouri/profil/spieler/578391,2001-06-06 00:00:00,25,180,left,Left-Back,,,40000000,2025,2030-06-30 00:00:00,CAA Stellar,Manchester City Football Club,transfermarkt_dataset
algeria_riyad_mahrez,171424,Riyad Mahrez,https://www.transfermarkt.co.uk/riyad-mahrez/profil/spieler/171424,1991-02-21 00:00:00,35,179,left,Right Winger,,,18000000,2025,2027-06-30 00:00:00,,Al-Ahli Saudi Football Club,transfermarkt_dataset
algeria_samir_chergui,668167,Samir Chergui,https://www.transfermarkt.co.uk/samir-chergui/profil/spieler/668167,1999-02-06 00:00:00,27,185,right,Centre-Back,,,,2025,, Trust 360,Paris Football Club,transfermarkt_dataset
algeria_yassine_titraoui,748445,Yassine Titraoui,https://www.transfermarkt.co.uk/yassine-titraoui/profil/spieler/748445,2003-07-26 00:00:00,22,170,,Central Midfield,,,5000000,2025,2027-06-30 00:00:00,Unique Sports Group,Royal Charleroi Sporting Club,transfermarkt_dataset
algeria_zineddine_belaid,625142,Zineddine Belaid,https://www.transfermarkt.co.uk/zineddine-belaid/profil/spieler/625142,1999-03-20 00:00:00,27,187,right,Centre-Back,,,1200000,2025,2028-06-30 00:00:00,Pro foot consulting,,transfermarkt_dataset
argentina_alexis_mac_allister,534033,Alexis Mac Allister,https://www.transfermarkt.co.uk/alexis-mac-allister/profil/spieler/534033,1998-12-24 00:00:00,27,176,right,Central Midfield,,,85000000,2025,2028-06-30 00:00:00,,Liverpool Football Club,transfermarkt_dataset
argentina_cristian_romero,355915,Cristian Romero,https://www.transfermarkt.co.uk/cristian-romero/profil/spieler/355915,1998-04-27 00:00:00,28,185,right,Centre-Back,,,60000000,2025,2029-06-30 00:00:00,Ciro Palermo,Tottenham Hotspur Football Club,transfermarkt_dataset
argentina_emiliano_martinez,111873,Emiliano Martínez,https://www.transfermarkt.co.uk/emiliano-martinez/profil/spieler/111873,1992-09-02 00:00:00,33,195,right,Goalkeeper,,,15000000,2025,2029-06-30 00:00:00,Universal Twenty Two,Aston Villa Football Club,transfermarkt_dataset
argentina_enzo_fernandez,648195,Enzo Fernández,https://www.transfermarkt.co.uk/enzo-fernandez/profil/spieler/648195,2001-01-17 00:00:00,25,178,right,Central Midfield,,,85000000,2025,2032-06-30 00:00:00,The Elegant Game,Chelsea Football Club,transfermarkt_dataset
argentina_exequiel_palacios,401578,Exequiel Palacios,https://www.transfermarkt.co.uk/exequiel-palacios/profil/spieler/401578,1998-10-05 00:00:00,27,178,right,Central Midfield,,,30000000,2025,2030-06-30 00:00:00,KMB,Bayer 04 Leverkusen Fußball,transfermarkt_dataset
argentina_facundo_medina,474800,Facundo Medina,https://www.transfermarkt.co.uk/facundo-medina/profil/spieler/474800,1999-05-28 00:00:00,27,184,left,Centre-Back,,,20000000,2025,2026-06-30 00:00:00,,Olympique de Marseille,transfermarkt_dataset
argentina_geronimo_rulli,229604,Gerónimo Rulli,https://www.transfermarkt.co.uk/geronimo-rulli/profil/spieler/229604,1992-05-20 00:00:00,34,189,right,Goalkeeper,,,9000000,2025,2027-06-30 00:00:00,KMB,Olympique de Marseille,transfermarkt_dataset
argentina_giovani_lo_celso,348795,Giovani Lo Celso,https://www.transfermarkt.co.uk/giovani-lo-celso/profil/spieler/348795,1996-04-09 00:00:00,30,177,left,Attacking Midfield,,,16000000,2025,2028-06-30 00:00:00,DCGLOBALSL,Real Betis Balompié S.A.D.,transfermarkt_dataset
argentina_giuliano_simeone,742201,Giuliano Simeone,https://www.transfermarkt.co.uk/giuliano-simeone/profil/spieler/742201,2002-12-18 00:00:00,23,173,right,Right Winger,,,40000000,2025,2030-06-30 00:00:00,AC Talent,Club Atlético de Madrid S.A.D.,transfermarkt_dataset
argentina_gonzalo_montiel,402733,Gonzalo Montiel,https://www.transfermarkt.co.uk/gonzalo-montiel/profil/spieler/402733,1997-01-01 00:00:00,29,175,right,Right-Back,,,4500000,2025,2028-12-31 00:00:00,Interplayers,Club Atlético River Plate,transfermarkt_dataset
argentina_jose_manuel_lopez,844797,José Manuel López,https://www.transfermarkt.co.uk/jose-manuel-lopez/profil/spieler/844797,2000-12-06 00:00:00,25,190,left,Centre-Forward,,,,2025,2029-12-31 00:00:00,Proyecta Players,Sociedade Esportiva Palmeiras,transfermarkt_dataset
argentina_juan_musso,242359,Juan Musso,https://www.transfermarkt.co.uk/juan-musso/profil/spieler/242359,1994-05-06 00:00:00,32,191,right,Goalkeeper,,,5000000,2025,2028-06-30 00:00:00,,Club Atlético de Madrid S.A.D.,transfermarkt_dataset
argentina_julian_alvarez,576024,Julián Álvarez,https://www.transfermarkt.co.uk/julian-alvarez/profil/spieler/576024,2000-01-31 00:00:00,26,170,right,Centre-Forward,,,100000000,2025,2030-06-30 00:00:00,Fernando Hidalgo,Club Atlético de Madrid S.A.D.,transfermarkt_dataset
argentina_lautaro_martinez,406625,Lautaro Martínez,https://www.transfermarkt.co.uk/lautaro-martinez/profil/spieler/406625,1997-08-22 00:00:00,28,174,right,Centre-Forward,,,85000000,2025,2029-06-30 00:00:00,Footfeel ISM  ,Football Club Internazionale Milano S.p.A.,transfermarkt_dataset
argentina_leandro_paredes,166237,Leandro Paredes,https://www.transfermarkt.co.uk/leandro-paredes/profil/spieler/166237,1994-06-29 00:00:00,31,180,right,Defensive Midfield,,,5000000,2025,2028-12-31 00:00:00,DCGLOBALSL,Club Atlético Boca Juniors,transfermarkt_dataset
argentina_leonardo_balerdi,575998,Leonardo Balerdi,https://www.transfermarkt.co.uk/leonardo-balerdi/profil/spieler/575998,1999-01-26 00:00:00,27,187,right,Centre-Back,,,20000000,2025,2028-06-30 00:00:00,SP,Olympique de Marseille,transfermarkt_dataset
argentina_lionel_messi,28003,Lionel Messi,https://www.transfermarkt.co.uk/lionel-messi/profil/spieler/28003,1987-06-24 00:00:00,38,170,left,Right Winger,,,35000000,2025,2028-12-31 00:00:00,,Club Internacional de Fútbol Miami,transfermarkt_dataset
argentina_lisandro_martinez,480762,Lisandro Martínez,https://www.transfermarkt.co.uk/lisandro-martinez/profil/spieler/480762,1998-01-18 00:00:00,28,175,left,Centre-Back,,,50000000,2025,2027-06-30 00:00:00,Score Futbol,Manchester United Football Club,transfermarkt_dataset
argentina_nahuel_molina,424042,Nahuel Molina,https://www.transfermarkt.co.uk/nahuel-molina/profil/spieler/424042,1998-04-06 00:00:00,28,175,right,Right-Back,,,15000000,2025,2027-06-30 00:00:00,ADMIRA PARTNERS UK,Club Atlético de Madrid S.A.D.,transfermarkt_dataset
argentina_nico_gonzalez,486031,Nico González,https://www.transfermarkt.co.uk/nico-gonzalez/profil/spieler/486031,1998-04-06 00:00:00,28,180,left,Left Winger,,,35000000,2025,2026-06-30 00:00:00,GEA FIRST,Club Atlético de Madrid S.A.D.,transfermarkt_dataset
argentina_nico_paz,948294,Nico Paz,https://www.transfermarkt.co.uk/nico-paz/profil/spieler/948294,2004-09-08 00:00:00,21,186,left,Attacking Midfield,,,65000000,2025,2028-06-30 00:00:00,DCGLOBALSL,Calcio Como,transfermarkt_dataset
argentina_nicolas_otamendi,54781,Nicolás Otamendi,https://www.transfermarkt.co.uk/nicolas-otamendi/profil/spieler/54781,1988-02-12 00:00:00,38,183,right,Centre-Back,,,1000000,2025,2026-06-30 00:00:00,Gestifute,Sport Lisboa e Benfica,transfermarkt_dataset
argentina_nicolas_tagliafico,131225,Nicolás Tagliafico,https://www.transfermarkt.co.uk/nicolas-tagliafico/profil/spieler/131225,1992-08-31 00:00:00,33,171,left,Left-Back,,,8000000,2025,2027-06-30 00:00:00,KMB,Olympique Lyonnais,transfermarkt_dataset
argentina_rodrigo_de_paul,255901,Rodrigo De Paul,https://www.transfermarkt.co.uk/rodrigo-de-paul/profil/spieler/255901,1994-05-24 00:00:00,32,180,right,Central Midfield,,,15000000,2025,2029-12-31 00:00:00,Augustin Jimenez,Club Internacional de Fútbol Miami,transfermarkt_dataset
argentina_thiago_almada,576028,Thiago Almada,https://www.transfermarkt.co.uk/thiago-almada/profil/spieler/576028,2001-04-26 00:00:00,25,171,right,Left Winger,,,20000000,2025,2030-06-30 00:00:00,Augustin Jimenez,Club Atlético de Madrid S.A.D.,transfermarkt_dataset
argentina_valentin_barco,849410,Valentín Barco,https://www.transfermarkt.co.uk/valentin-barco/profil/spieler/849410,2004-07-23 00:00:00,21,170,left,Central Midfield,,,13000000,2025,2029-06-30 00:00:00,Gestifute,Racing Club de Strasbourg Alsace,transfermarkt_dataset
australia_aiden_oneill,385918,Aiden O'Neill,https://www.transfermarkt.co.uk/aiden-oneill/profil/spieler/385918,1998-07-04 00:00:00,27,178,right,Defensive Midfield,,,1500000,2025,2028-12-31 00:00:00,Footwork,New York City Football Club,transfermarkt_dataset
australia_ajdin_hrustic,265625,Ajdin Hrustic,https://www.transfermarkt.co.uk/ajdin-hrustic/profil/spieler/265625,1996-07-05 00:00:00,29,180,left,Central Midfield,,,600000,2025,2026-06-30 00:00:00,,Heracles Almelo,transfermarkt_dataset
australia_alessandro_circati,867137,Alessandro Circati,https://www.transfermarkt.co.uk/alessandro-circati/profil/spieler/867137,2003-10-10 00:00:00,22,190,right,Centre-Back,,,,2025,2029-06-30 00:00:00,,Parma Calcio 1913,transfermarkt_dataset
australia_awer_mabil,255729,Awer Mabil,https://www.transfermarkt.co.uk/awer-mabil/profil/spieler/255729,1995-09-15 00:00:00,30,178,right,Left Winger,,,1300000,2022,2026-06-30 00:00:00,DV7 Management,Cádiz CF,transfermarkt_dataset
australia_aziz_behich,136834,Aziz Behich,https://www.transfermarkt.co.uk/aziz-behich/profil/spieler/136834,1990-12-16 00:00:00,35,170,left,Left-Back,,,550000,2025,2027-06-30 00:00:00,Avid Sports Group,Melbourne City Football Club,transfermarkt_dataset
australia_cameron_burgess,255788,Cameron Burgess,https://www.transfermarkt.co.uk/cameron-burgess/profil/spieler/255788,1995-10-21 00:00:00,30,194,left,Centre-Back,,,500000,2025,2028-06-30 00:00:00,Murdock Sports Group,Swansea City,transfermarkt_dataset
australia_connor_metcalfe,522223,Connor Metcalfe,https://www.transfermarkt.co.uk/connor-metcalfe/profil/spieler/522223,1999-11-05 00:00:00,26,183,left,Central Midfield,,,,2025,,Footwork,Fußball-Club St. Pauli von 1910,transfermarkt_dataset
australia_cristian_volpato,746891,Cristian Volpato,https://www.transfermarkt.co.uk/cristian-volpato/profil/spieler/746891,2003-11-15 00:00:00,22,187,left,Attacking Midfield,,,4500000,2025,2028-06-30 00:00:00,THE·TEAM,Unione Sportiva Sassuolo Calcio,transfermarkt_dataset
australia_harry_souttar,298091,Harry Souttar,https://www.transfermarkt.co.uk/harry-souttar/profil/spieler/298091,1998-10-22 00:00:00,27,198,right,Centre-Back,,,6000000,2024,2028-06-30 00:00:00,FullNinety,Leicester City,transfermarkt_dataset
australia_jackson_irvine,192557,Jackson Irvine,https://www.transfermarkt.co.uk/jackson-irvine/profil/spieler/192557,1993-03-07 00:00:00,33,189,right,Central Midfield,,,1500000,2025,2027-06-30 00:00:00,,Fußball-Club St. Pauli von 1910,transfermarkt_dataset
australia_jacob_italiano,545810,Jacob Italiano,https://www.transfermarkt.co.uk/jacob-italiano/profil/spieler/545810,2001-07-30 00:00:00,24,177,both,Right-Back,,,,2025,2027-06-30 00:00:00,,Grazer Athletiksport Klub 1902,transfermarkt_dataset
australia_jason_geria,185175,Jason Geria,https://www.transfermarkt.co.uk/jason-geria/profil/spieler/185175,1993-05-10 00:00:00,33,183,right,Right-Back,,,,2025,2027-06-30 00:00:00,,Albirex Niigata,transfermarkt_dataset
australia_jordan_bos,855731,Jordan Bos,https://www.transfermarkt.co.uk/jordan-bos/profil/spieler/855731,2002-10-29 00:00:00,23,180,left,Left-Back,,,5000000,2025,2029-06-30 00:00:00,,Feyenoord Rotterdam,transfermarkt_dataset
australia_kai_trewin,691326,Kai Trewin,https://www.transfermarkt.co.uk/kai-trewin/profil/spieler/691326,2001-05-18 00:00:00,25,183,right,Defensive Midfield,,,,2025,2029-06-30 00:00:00,Aspire Management,New York City Football Club,transfermarkt_dataset
australia_lucas_herrington,1279984,Lucas Herrington,https://www.transfermarkt.co.uk/lucas-herrington/profil/spieler/1279984,2007-09-05 00:00:00,18,193,right,Centre-Back,,,,2025,2029-12-31 00:00:00,Benchmark Sports,Colorado Rapids,transfermarkt_dataset
australia_mathew_leckie,126214,Mathew Leckie,https://www.transfermarkt.co.uk/mathew-leckie/profil/spieler/126214,1991-02-04 00:00:00,35,181,right,Left Winger,,,700000,2025,2026-06-30 00:00:00,,Melbourne City Football Club,transfermarkt_dataset
australia_mathew_ryan,128969,Mathew Ryan,https://www.transfermarkt.co.uk/mathew-ryan/profil/spieler/128969,1992-04-08 00:00:00,34,184,right,Goalkeeper,,,2000000,2025,2026-06-30 00:00:00,CAA Stellar,Levante Unión Deportiva S.A.D.,transfermarkt_dataset
australia_milos_degenek,187353,Milos Degenek,https://www.transfermarkt.co.uk/milos-degenek/profil/spieler/187353,1994-04-28 00:00:00,32,187,right,Centre-Back,,,,2025,2027-05-31 00:00:00,Soccer11,,transfermarkt_dataset
australia_mohamed_toure,742770,Mohamed Touré,https://www.transfermarkt.co.uk/mohamed-toure/profil/spieler/742770,2004-03-26 00:00:00,22,186,right,Centre-Forward,,,1700000,2025,2030-06-30 00:00:00,THE·TEAM,Norwich City,transfermarkt_dataset
australia_nestory_irankunda,956920,Nestory Irankunda,https://www.transfermarkt.co.uk/nestory-irankunda/profil/spieler/956920,2006-02-09 00:00:00,20,175,right,Right Winger,,,6000000,2025,2030-06-30 00:00:00,Griffin Sports,Watford FC,transfermarkt_dataset
australia_nishan_velupillay,888140,Nishan Velupillay,https://www.transfermarkt.co.uk/nishan-velupillay/profil/spieler/888140,2001-05-07 00:00:00,25,181,right,Left Winger,,,,2025,2026-06-30 00:00:00,,Melbourne Victory FC,transfermarkt_dataset
australia_patrick_beach,983578,Patrick Beach,https://www.transfermarkt.co.uk/patrick-beach/profil/spieler/983578,2003-08-06 00:00:00,22,190,left,Goalkeeper,,,,2025,2028-06-30 00:00:00,Nikola Mandic,Melbourne City Football Club,transfermarkt_dataset
australia_paul_izzo,181921,Paul Izzo,https://www.transfermarkt.co.uk/paul-izzo/profil/spieler/181921,1995-01-06 00:00:00,31,185,right,Goalkeeper,,,600000,2025,2027-06-30 00:00:00,Benchmark Sports,Randers Fodbold Club,transfermarkt_dataset
australia_paul_okon_engstler,1064377,Paul Okon-Engstler,https://www.transfermarkt.co.uk/paul-okon-engstler/profil/spieler/1064377,2005-01-24 00:00:00,21,186,left,Defensive Midfield,,,,2025,2028-06-30 00:00:00,Gol International,Sydney Football Club,transfermarkt_dataset
australia_tete_yengi,849429,Tete Yengi,https://www.transfermarkt.co.uk/tete-yengi/profil/spieler/849429,2000-11-28 00:00:00,25,197,right,Centre-Forward,,,400000,2025,2026-06-30 00:00:00,,Zelvia,transfermarkt_dataset
austria_alessandro_schoepf,118397,Alessandro Schöpf,https://www.transfermarkt.co.uk/alessandro-schopf/profil/spieler/118397,1994-02-07 00:00:00,32,178,right,Central Midfield,,,1800000,2025,2026-06-30 00:00:00,,RZ Pellets Wolfsberger Athletiksport Club,transfermarkt_dataset
austria_alexander_prass,434116,Alexander Prass,https://www.transfermarkt.co.uk/alexander-prass/profil/spieler/434116,2001-05-26 00:00:00,25,182,left,Left Midfield,,,5000000,2025,2028-06-30 00:00:00,Gersh,Turn- und Sportgemeinschaft 1899 Hoffenheim Fußball-Spielbetriebs,transfermarkt_dataset
austria_alexander_schlager,186374,Alexander Schlager,https://www.transfermarkt.co.uk/alexander-schlager/profil/spieler/186374,1996-02-01 00:00:00,30,184,right,Goalkeeper,,,,2025,2027-06-30 00:00:00,ROOF,Fußballclub Red Bull Salzburg,transfermarkt_dataset
austria_carney_chukwuemeka,659459,Carney Chukwuemeka,https://www.transfermarkt.co.uk/carney-chukwuemeka/profil/spieler/659459,2003-10-20 00:00:00,22,188,right,Central Midfield,,,25000000,2025,2030-06-30 00:00:00,,Borussia Dortmund,transfermarkt_dataset
austria_christoph_baumgartner,324278,Christoph Baumgartner,https://www.transfermarkt.co.uk/christoph-baumgartner/profil/spieler/324278,1999-08-01 00:00:00,26,180,right,Attacking Midfield,,,18000000,2025,2028-06-30 00:00:00,Gersh,RasenBallsport Leipzig,transfermarkt_dataset
austria_david_affengruber,452483,David Affengruber,https://www.transfermarkt.co.uk/david-affengruber/profil/spieler/452483,2001-03-19 00:00:00,25,185,right,Centre-Back,,,,2025,2027-06-30 00:00:00,11WINS,Elche Club de Fútbol S.A.D.,transfermarkt_dataset
austria_david_alaba,59016,David Alaba,https://www.transfermarkt.co.uk/david-alaba/profil/spieler/59016,1992-06-24 00:00:00,33,180,left,Centre-Back,,,20000000,2025,2026-06-30 00:00:00,,Real Madrid Club de Fútbol,transfermarkt_dataset
austria_florian_grillitsch,195736,Florian Grillitsch,https://www.transfermarkt.co.uk/florian-grillitsch/profil/spieler/195736,1995-08-07 00:00:00,30,187,right,Defensive Midfield,,,2000000,2025,2027-06-30 00:00:00,Gersh,Sporting Clube de Braga,transfermarkt_dataset
austria_florian_wiegele,393999,Florian Wiegele,https://www.transfermarkt.co.uk/florian-wiegele/profil/spieler/393999,2001-03-21 00:00:00,25,205,left,Goalkeeper,,,,2025,2029-06-30 00:00:00,Gersh,"FC Viktoria Plzeň, a.s.",transfermarkt_dataset
austria_kevin_danso,263236,Kevin Danso,https://www.transfermarkt.co.uk/kevin-danso/profil/spieler/263236,1998-09-19 00:00:00,27,190,right,Centre-Back,,,22000000,2025,2030-06-30 00:00:00,HD Sports,Tottenham Hotspur Football Club,transfermarkt_dataset
austria_konrad_laimer,223967,Konrad Laimer,https://www.transfermarkt.co.uk/konrad-laimer/profil/spieler/223967,1997-05-27 00:00:00,29,180,right,Right-Back,,,32000000,2025,2027-06-30 00:00:00,ROOF,FC Bayern München,transfermarkt_dataset
austria_marcel_sabitzer,106987,Marcel Sabitzer,https://www.transfermarkt.co.uk/marcel-sabitzer/profil/spieler/106987,1994-03-17 00:00:00,32,178,right,Central Midfield,,,7000000,2025,2027-06-30 00:00:00,ROGON,Borussia Dortmund,transfermarkt_dataset
austria_marco_friedl,156990,Marco Friedl,https://www.transfermarkt.co.uk/marco-friedl/profil/spieler/156990,1998-03-16 00:00:00,28,187,left,Centre-Back,,,12000000,2025,2028-06-30 00:00:00,Gersh,Sportverein Werder Bremen von 1899,transfermarkt_dataset
austria_marko_arnautovic,41384,Marko Arnautovic,https://www.transfermarkt.co.uk/marko-arnautovic/profil/spieler/41384,1989-04-19 00:00:00,37,192,both,Centre-Forward,,,2500000,2025,2027-06-30 00:00:00,,Fudbalski klub Crvena zvezda Beograd,transfermarkt_dataset
austria_michael_gregoritsch,120205,Michael Gregoritsch,https://www.transfermarkt.co.uk/michael-gregoritsch/profil/spieler/120205,1994-04-18 00:00:00,32,193,left,Centre-Forward,,,1500000,2025,2026-06-30 00:00:00,Gersh,Fußball-Club Augsburg 1907,transfermarkt_dataset
austria_michael_svoboda,438961,Michael Svoboda,https://www.transfermarkt.co.uk/michael-svoboda/profil/spieler/438961,1998-10-15 00:00:00,27,195,right,Centre-Back,,,900000,2024,2029-06-30 00:00:00,Ballarbeit,Venezia FC,transfermarkt_dataset
austria_nicolas_seiwald,404950,Nicolas Seiwald,https://www.transfermarkt.co.uk/nicolas-seiwald/profil/spieler/404950,2001-05-04 00:00:00,25,180,right,Defensive Midfield,,,16000000,2025,2028-06-30 00:00:00,Gersh,RasenBallsport Leipzig,transfermarkt_dataset
austria_patrick_pentz,223972,Patrick Pentz,https://www.transfermarkt.co.uk/patrick-pentz/profil/spieler/223972,1997-01-02 00:00:00,29,183,left,Goalkeeper,,,2200000,2025,2028-06-30 00:00:00,World in Motion,Brøndby Idrætsforening,transfermarkt_dataset
austria_patrick_wimmer,533295,Patrick Wimmer,https://www.transfermarkt.co.uk/patrick-wimmer/profil/spieler/533295,2001-05-30 00:00:00,25,182,right,Right Winger,,,15000000,2025,2027-06-30 00:00:00,,Verein für Leibesübungen Wolfsburg,transfermarkt_dataset
austria_paul_wanner,900909,Paul Wanner,https://www.transfermarkt.co.uk/paul-wanner/profil/spieler/900909,2005-12-23 00:00:00,20,185,left,Central Midfield,,,14000000,2025,2030-06-30 00:00:00,11WINS,Eindhovense Voetbalvereniging Philips Sport Vereniging,transfermarkt_dataset
austria_philipp_lienhart,225657,Philipp Lienhart,https://www.transfermarkt.co.uk/philipp-lienhart/profil/spieler/225657,1996-07-11 00:00:00,29,189,right,Centre-Back,,,12000000,2025,,Gersh,Sport-Club Freiburg,transfermarkt_dataset
austria_phillip_mwene,127573,Phillipp Mwene,https://www.transfermarkt.co.uk/phillipp-mwene/profil/spieler/127573,1994-01-29 00:00:00,32,170,right,Left-Back,,,1500000,2025,,peak ,1. Fußball- und Sportverein Mainz 05,transfermarkt_dataset
austria_romano_schmid,346853,Romano Schmid,https://www.transfermarkt.co.uk/romano-schmid/profil/spieler/346853,2000-01-27 00:00:00,26,168,right,Attacking Midfield,,,17000000,2025,2027-06-30 00:00:00,Gersh,Sportverein Werder Bremen von 1899,transfermarkt_dataset
austria_sasa_kalajdzic,369567,Sasa Kalajdzic,https://www.transfermarkt.co.uk/sasa-kalajdzic/profil/spieler/369567,1997-07-07 00:00:00,28,200,right,Centre-Forward,,,2000000,2025,2026-06-30 00:00:00,,Linzer Athletik-Sport-Klub,transfermarkt_dataset
austria_stefan_posch,223974,Stefan Posch,https://www.transfermarkt.co.uk/stefan-posch/profil/spieler/223974,1997-05-14 00:00:00,29,190,right,Centre-Back,,,14000000,2025,2026-06-30 00:00:00,ROOF,1. Fußball- und Sportverein Mainz 05,transfermarkt_dataset
austria_xaver_schlager,223979,Xaver Schlager,https://www.transfermarkt.co.uk/xaver-schlager/profil/spieler/223979,1997-09-28 00:00:00,28,174,left,Central Midfield,,,28000000,2025,2026-06-30 00:00:00,ROOF,RasenBallsport Leipzig,transfermarkt_dataset
belgium_alexis_saelemaekers,381950,Alexis Saelemaekers,https://www.transfermarkt.co.uk/alexis-saelemaekers/profil/spieler/381950,1999-06-27 00:00:00,26,180,right,Right Midfield,,,12000000,2025,2031-06-30 00:00:00,Unique Sports Group,Associazione Calcio Milan,transfermarkt_dataset
belgium_amadou_onana,485706,Amadou Onana,https://www.transfermarkt.co.uk/amadou-onana/profil/spieler/485706,2001-08-16 00:00:00,24,195,right,Defensive Midfield,,,42000000,2025,2029-06-30 00:00:00,BTFM,Aston Villa Football Club,transfermarkt_dataset
belgium_arthur_theate,368891,Arthur Theate,https://www.transfermarkt.co.uk/arthur-theate/profil/spieler/368891,2000-05-25 00:00:00,26,185,left,Centre-Back,,,24000000,2025,2029-06-30 00:00:00,DWMA,Eintracht Frankfurt Fußball AG,transfermarkt_dataset
belgium_axel_witsel,35047,Axel Witsel,https://www.transfermarkt.co.uk/axel-witsel/profil/spieler/35047,1989-01-12 00:00:00,37,186,right,Defensive Midfield,,,1400000,2025,2026-06-30 00:00:00,AS1,Girona Fútbol Club S. A. D.,transfermarkt_dataset
belgium_brandon_mechele,236168,Brandon Mechele,https://www.transfermarkt.co.uk/brandon-mechele/profil/spieler/236168,1993-01-28 00:00:00,33,190,right,Centre-Back,,,3000000,2025,2028-06-30 00:00:00,THE·TEAM,Club Brugge Koninklijke Voetbalvereniging,transfermarkt_dataset
belgium_charles_de_ketelaere,435772,Charles De Ketelaere,https://www.transfermarkt.co.uk/charles-de-ketelaere/profil/spieler/435772,2001-03-10 00:00:00,25,192,left,Attacking Midfield,,,34000000,2025,2028-06-30 00:00:00,CAA Stellar,Atalanta Bergamasca Calcio S.p.a.,transfermarkt_dataset
belgium_diego_moreira,655006,Diego Moreira,https://www.transfermarkt.co.uk/diego-moreira/profil/spieler/655006,2004-08-06 00:00:00,21,179,left,Left Midfield,,,18000000,2025,2029-06-30 00:00:00,Gestifute,Racing Club de Strasbourg Alsace,transfermarkt_dataset
belgium_dodi_lukebakio,303259,Dodi Lukébakio,https://www.transfermarkt.co.uk/dodi-lukebakio/profil/spieler/303259,1997-09-24 00:00:00,28,187,left,Right Winger,,,20000000,2025,2030-06-30 00:00:00,DWMA,Sport Lisboa e Benfica,transfermarkt_dataset
belgium_hans_vanaken,137576,Hans Vanaken,https://www.transfermarkt.co.uk/hans-vanaken/profil/spieler/137576,1992-08-24 00:00:00,33,195,right,Attacking Midfield,,,6000000,2025,2028-06-30 00:00:00,THE·TEAM,Club Brugge Koninklijke Voetbalvereniging,transfermarkt_dataset
belgium_jeremy_doku,486049,Jérémy Doku,https://www.transfermarkt.co.uk/jeremy-doku/profil/spieler/486049,2002-05-27 00:00:00,24,173,right,Left Winger,,,65000000,2025,2028-06-30 00:00:00,Elevate,Manchester City Football Club,transfermarkt_dataset
belgium_joaquin_seys,981196,Joaquin Seys,https://www.transfermarkt.co.uk/joaquin-seys/profil/spieler/981196,2005-03-28 00:00:00,21,178,left,Left-Back,,,600000,2025,2029-06-30 00:00:00,Forza Sports Group,Club Brugge Koninklijke Voetbalvereniging,transfermarkt_dataset
belgium_kevin_de_bruyne,88755,Kevin De Bruyne,https://www.transfermarkt.co.uk/kevin-de-bruyne/profil/spieler/88755,1991-06-28 00:00:00,34,181,right,Attacking Midfield,,,15000000,2025,2027-06-30 00:00:00,Roc Nation Sports,Società Sportiva Calcio Napoli,transfermarkt_dataset
belgium_koni_de_winter,490384,Koni De Winter,https://www.transfermarkt.co.uk/koni-de-winter/profil/spieler/490384,2002-06-12 00:00:00,23,191,right,Centre-Back,,,12000000,2025,2030-06-30 00:00:00,NGA Sport,Associazione Calcio Milan,transfermarkt_dataset
belgium_leandro_trossard,144028,Leandro Trossard,https://www.transfermarkt.co.uk/leandro-trossard/profil/spieler/144028,1994-12-04 00:00:00,31,172,right,Left Winger,,,20000000,2025,2027-06-30 00:00:00,FOKUS,Arsenal Football Club,transfermarkt_dataset
belgium_matias_fernandez_pardo,724129,Matias Fernandez-Pardo,https://www.transfermarkt.co.uk/matias-fernandez-pardo/profil/spieler/724129,2005-02-03 00:00:00,21,188,right,Centre-Forward,,,3000000,2025,2029-06-30 00:00:00,Unique Sports Group,Lille Olympique Sporting Club,transfermarkt_dataset
belgium_maxim_de_cuyper,429915,Maxim De Cuyper,https://www.transfermarkt.co.uk/maxim-de-cuyper/profil/spieler/429915,2000-12-22 00:00:00,25,182,left,Left-Back,,,22000000,2025,2030-06-30 00:00:00,AXL,Brighton and Hove Albion Football Club,transfermarkt_dataset
belgium_mike_penders,834397,Mike Penders,https://www.transfermarkt.co.uk/mike-penders/profil/spieler/834397,2005-07-31 00:00:00,20,200,left,Goalkeeper,,,1000000,2025,2026-06-30 00:00:00,MARTIN RIHA,Racing Club de Strasbourg Alsace,transfermarkt_dataset
belgium_nathan_ngoy,548254,Nathan Ngoy,https://www.transfermarkt.co.uk/nathan-ngoy/profil/spieler/548254,2003-06-10 00:00:00,22,183,right,Centre-Back,,,3500000,2025,2029-06-30 00:00:00,Stirr Associates,Lille Olympique Sporting Club,transfermarkt_dataset
belgium_nicolas_raskin,422763,Nicolas Raskin,https://www.transfermarkt.co.uk/nicolas-raskin/profil/spieler/422763,2001-02-23 00:00:00,25,178,right,Defensive Midfield,,,6500000,2025,2028-05-31 00:00:00,DWMA,Rangers Football Club,transfermarkt_dataset
belgium_romelu_lukaku,96341,Romelu Lukaku,https://www.transfermarkt.co.uk/romelu-lukaku/profil/spieler/96341,1993-05-13 00:00:00,33,191,left,Centre-Forward,,,15000000,2025,2027-06-30 00:00:00,TEAM LUKAKU,Società Sportiva Calcio Napoli,transfermarkt_dataset
belgium_senne_lammens,503883,Senne Lammens,https://www.transfermarkt.co.uk/senne-lammens/profil/spieler/503883,2002-07-07 00:00:00,23,193,right,Goalkeeper,,,25000000,2025,2030-06-30 00:00:00,PROFI-MANAGEMENT,Manchester United Football Club,transfermarkt_dataset
belgium_thibaut_courtois,108390,Thibaut Courtois,https://www.transfermarkt.co.uk/thibaut-courtois/profil/spieler/108390,1992-05-11 00:00:00,34,200,left,Goalkeeper,,,28000000,2025,2027-06-30 00:00:00,RGM,Real Madrid Club de Fútbol,transfermarkt_dataset
belgium_thomas_meunier,100986,Thomas Meunier,https://www.transfermarkt.co.uk/thomas-meunier/profil/spieler/100986,1991-09-12 00:00:00,34,191,right,Right-Back,,,1800000,2025,2026-06-30 00:00:00,Unique Sports Group,Lille Olympique Sporting Club,transfermarkt_dataset
belgium_timothy_castagne,262226,Timothy Castagne,https://www.transfermarkt.co.uk/timothy-castagne/profil/spieler/262226,1995-12-05 00:00:00,30,185,right,Right-Back,,,10000000,2025,2027-06-30 00:00:00,SENERGIES BV,Fulham Football Club,transfermarkt_dataset
belgium_youri_tielemans,249565,Youri Tielemans,https://www.transfermarkt.co.uk/youri-tielemans/profil/spieler/249565,1997-05-07 00:00:00,29,177,right,Central Midfield,,,35000000,2025,2028-06-30 00:00:00,Claes Agency,Aston Villa Football Club,transfermarkt_dataset
belgium_zeno_debast,548193,Zeno Debast,https://www.transfermarkt.co.uk/zeno-debast/profil/spieler/548193,2003-10-24 00:00:00,22,191,right,Centre-Back,,,30000000,2025,2029-06-30 00:00:00,TEAM DEBAST,Sporting Clube de Portugal,transfermarkt_dataset
bosnia_and_herzegovina_amar_dedic,519184,Amar Dedić,https://www.transfermarkt.co.uk/amar-dedic/profil/spieler/519184,2002-08-18 00:00:00,23,180,right,Right-Back,,,,2025,2030-06-30 00:00:00,LIAN Sports Group,Sport Lisboa e Benfica,transfermarkt_dataset
bosnia_and_herzegovina_amar_memic,638990,Amar Memić,https://www.transfermarkt.co.uk/amar-memic/profil/spieler/638990,2001-01-20 00:00:00,25,176,right,Right Midfield,,,,2025,2029-06-30 00:00:00,Irfan Redžepagić,"FC Viktoria Plzeň, a.s.",transfermarkt_dataset
bosnia_and_herzegovina_amir_hadziahmetovic,293213,Amir Hadziahmetovic,https://www.transfermarkt.co.uk/amir-hadziahmetovic/profil/spieler/293213,1997-03-08 00:00:00,29,181,right,Defensive Midfield,,,4200000,2025,2026-06-30 00:00:00,SC SPORT,Hull City,transfermarkt_dataset
bosnia_and_herzegovina_armin_gigovic,651269,Armin Gigovic,https://www.transfermarkt.co.uk/armin-gigovic/profil/spieler/651269,2002-04-06 00:00:00,24,187,right,Central Midfield,,,2000000,2025,2029-06-30 00:00:00,CLS Mundial,Berner Sport Club Young Boys,transfermarkt_dataset
bosnia_and_herzegovina_benjamin_tahirovic,787907,Benjamin Tahirović,https://www.transfermarkt.co.uk/benjamin-tahirovic/profil/spieler/787907,2003-03-03 00:00:00,23,191,right,Central Midfield,,,4500000,2025,2028-06-30 00:00:00,,Brøndby Idrætsforening,transfermarkt_dataset
bosnia_and_herzegovina_dennis_hadzikadunic,322065,Dennis Hadzikadunic,https://www.transfermarkt.co.uk/dennis-hadzikadunic/profil/spieler/322065,1998-07-09 00:00:00,27,191,right,Centre-Back,,,3000000,2025,2026-06-30 00:00:00,FootNation,UC Sampdoria,transfermarkt_dataset
bosnia_and_herzegovina_dzenis_burnic,251295,Dzenis Burnic,https://www.transfermarkt.co.uk/dzenis-burnic/profil/spieler/251295,1998-05-22 00:00:00,28,181,left,Defensive Midfield,,,550000,2025,,,,transfermarkt_dataset
bosnia_and_herzegovina_edin_dzeko,28396,Edin Dzeko,https://www.transfermarkt.co.uk/edin-dzeko/profil/spieler/28396,1986-03-17 00:00:00,40,193,right,Centre-Forward,,,2700000,2025,2026-06-30 00:00:00,World Soccer Agency,FC Schalke 04,transfermarkt_dataset
bosnia_and_herzegovina_ermedin_demirovic,335457,Ermedin Demirovic,https://www.transfermarkt.co.uk/ermedin-demirovic/profil/spieler/335457,1998-03-25 00:00:00,28,185,right,Centre-Forward,,,22000000,2025,2028-06-30 00:00:00,PORT,Verein für Bewegungsspiele Stuttgart 1893,transfermarkt_dataset
bosnia_and_herzegovina_ermin_mahmic,803049,Ermin Mahmic,https://www.transfermarkt.co.uk/ermin-mahmic/profil/spieler/803049,2005-03-14 00:00:00,21,182,right,Attacking Midfield,,,,2025,2029-06-30 00:00:00,,FC Slovan Liberec,transfermarkt_dataset
bosnia_and_herzegovina_esmir_bajraktarevic,925862,Esmir Bajraktarevic,https://www.transfermarkt.co.uk/esmir-bajraktarevic/profil/spieler/925862,2005-03-10 00:00:00,21,175,left,Right Winger,,,5000000,2025,2029-06-30 00:00:00,YMU Management Ltd.,Eindhovense Voetbalvereniging Philips Sport Vereniging,transfermarkt_dataset
bosnia_and_herzegovina_haris_tabakovic,203123,Haris Tabakovic,https://www.transfermarkt.co.uk/haris-tabakovic/profil/spieler/203123,1994-06-20 00:00:00,31,196,right,Centre-Forward,,,3000000,2025,2026-06-30 00:00:00,ROGON,Borussia Verein für Leibesübungen 1900 Mönchengladbach,transfermarkt_dataset
bosnia_and_herzegovina_ivan_basic,620560,Ivan Basic,https://www.transfermarkt.co.uk/ivan-basic/profil/spieler/620560,2002-04-30 00:00:00,24,178,left,Central Midfield,,,1000000,2025,2026-12-31 00:00:00,ARENA Sport Agency,,transfermarkt_dataset
bosnia_and_herzegovina_ivan_sunjic,226097,Ivan Sunjic,https://www.transfermarkt.co.uk/ivan-sunjic/profil/spieler/226097,1996-10-09 00:00:00,29,185,right,Defensive Midfield,,,1500000,2025,2027-05-31 00:00:00,Vukmil Vukmirica,,transfermarkt_dataset
bosnia_and_herzegovina_jovo_lukic,457738,Jovo Lukić,https://www.transfermarkt.co.uk/jovo-lukic/profil/spieler/457738,1998-11-28 00:00:00,27,190,left,Centre-Forward,,,,2025,2029-06-30 00:00:00,,Asociația Sportivă Fotbal Club Universitatea Cluj,transfermarkt_dataset
bosnia_and_herzegovina_kerim_alajbegovic,929994,Kerim Alajbegovic,https://www.transfermarkt.co.uk/kerim-alajbegovic/profil/spieler/929994,2007-09-21 00:00:00,18,186,both,Left Winger,,,8000000,2025,2029-06-30 00:00:00,,Fußballclub Red Bull Salzburg,transfermarkt_dataset
bosnia_and_herzegovina_martin_zlomislic,495320,Martin Zlomislic,https://www.transfermarkt.co.uk/martin-zlomislic/profil/spieler/495320,1998-08-16 00:00:00,27,190,right,Goalkeeper,,,,2025,2027-06-30 00:00:00,ARENA Sport Agency,Hrvatski Nogometni Klub Rijeka,transfermarkt_dataset
bosnia_and_herzegovina_nidal_celik,819566,Nidal Celik,https://www.transfermarkt.co.uk/nidal-celik/profil/spieler/819566,2006-07-17 00:00:00,19,192,right,Centre-Back,,,1000000,2025,2029-06-30 00:00:00,,Racing Club de Lens,transfermarkt_dataset
bosnia_and_herzegovina_nihad_mujakic,380919,Nihad Mujakic,https://www.transfermarkt.co.uk/nihad-mujakic/profil/spieler/380919,1998-04-15 00:00:00,28,189,left,Centre-Back,,,2000000,2025,2026-06-30 00:00:00,,Gaziantep Futbol Kulübü A.Ş.,transfermarkt_dataset
bosnia_and_herzegovina_nikola_katic,422051,Nikola Katic,https://www.transfermarkt.co.uk/nikola-katic/profil/spieler/422051,1996-10-10 00:00:00,29,194,right,Centre-Back,,,1200000,2025,2028-06-30 00:00:00,Soccertalk GmbH,FC Schalke 04,transfermarkt_dataset
bosnia_and_herzegovina_nikola_vasilj,248454,Nikola Vasilj,https://www.transfermarkt.co.uk/nikola-vasilj/profil/spieler/248454,1995-12-02 00:00:00,30,193,right,Goalkeeper,,,4500000,2025,,,Fußball-Club St. Pauli von 1910,transfermarkt_dataset
bosnia_and_herzegovina_samed_bazdar,710969,Samed Bazdar,https://www.transfermarkt.co.uk/samed-bazdar/profil/spieler/710969,2004-01-31 00:00:00,22,189,right,Centre-Forward,,,,2025,2026-06-30 00:00:00,,Jagiellonia-Bialystok Sportowa Spólka Akcyjna,transfermarkt_dataset
bosnia_and_herzegovina_sead_kolasinac,94005,Sead Kolasinac,https://www.transfermarkt.co.uk/sead-kolasinac/profil/spieler/94005,1993-06-20 00:00:00,32,183,left,Centre-Back,,,10000000,2025,2026-06-30 00:00:00,PN,Atalanta Bergamasca Calcio S.p.a.,transfermarkt_dataset
bosnia_and_herzegovina_stjepan_radeljic,384568,Stjepan Radeljic,https://www.transfermarkt.co.uk/stjepan-radeljic/profil/spieler/384568,1997-09-05 00:00:00,28,201,left,Centre-Back,,,,2025,2026-06-30 00:00:00,GreenField,Hrvatski Nogometni Klub Rijeka,transfermarkt_dataset
bosnia_and_herzegovina_tarik_muharemovic,679423,Tarik Muharemović,https://www.transfermarkt.co.uk/tarik-muharemovic/profil/spieler/679423,2003-02-28 00:00:00,23,192,left,Centre-Back,,,1200000,2025,2031-06-30 00:00:00,FutureBall,Unione Sportiva Sassuolo Calcio,transfermarkt_dataset
brazil_alex_sandro,79960,Alex Sandro,https://www.transfermarkt.co.uk/alex-sandro/profil/spieler/79960,1991-01-26 00:00:00,35,181,left,Left-Back,,,2000000,2025,2026-12-31 00:00:00,,Clube de Regatas do Flamengo,transfermarkt_dataset
brazil_alisson,105470,Alisson,https://www.transfermarkt.co.uk/alisson/profil/spieler/105470,1992-10-02 00:00:00,33,193,right,Goalkeeper,,,17000000,2025,2027-06-30 00:00:00,,Liverpool Football Club,transfermarkt_dataset
brazil_bremer,516716,Bremer,https://www.transfermarkt.co.uk/bremer/profil/spieler/516716,1997-03-18 00:00:00,29,188,right,Centre-Back,,,35000000,2025,2029-06-30 00:00:00,,Juventus Football Club,transfermarkt_dataset
brazil_bruno_guimaraes,520624,Bruno Guimarães,https://www.transfermarkt.co.uk/bruno-guimaraes/profil/spieler/520624,1997-11-16 00:00:00,28,182,right,Central Midfield,,,75000000,2025,2028-06-30 00:00:00,Bertolucci Sports,Newcastle United Football Club,transfermarkt_dataset
brazil_casemiro,16306,Casemiro,https://www.transfermarkt.co.uk/casemiro/profil/spieler/16306,1992-02-23 00:00:00,34,185,right,Defensive Midfield,,,8000000,2025,2026-06-30 00:00:00,Best of You,Manchester United Football Club,transfermarkt_dataset
brazil_danilo,32816,Danilo,https://www.transfermarkt.co.uk/danilo/profil/spieler/32816,1984-05-10 00:00:00,42,185,right,Centre-Back,,,300000,2020,,,Bologna Football Club 1909,transfermarkt_dataset
brazil_douglas_santos,220793,Douglas Santos,https://www.transfermarkt.co.uk/douglas-santos/profil/spieler/220793,1994-03-22 00:00:00,32,176,left,Left-Back,,,8000000,2025,2027-06-30 00:00:00,Roc Nation Sports,AO FK Zenit Sankt-Peterburg,transfermarkt_dataset
brazil_ederson,238223,Ederson,https://www.transfermarkt.co.uk/ederson/profil/spieler/238223,1993-08-17 00:00:00,32,188,left,Goalkeeper,,,15000000,2025,2028-06-30 00:00:00,Gestifute,Fenerbahçe Spor Kulübü,transfermarkt_dataset
brazil_endrick,971570,Endrick,https://www.transfermarkt.co.uk/endrick/profil/spieler/971570,2006-07-21 00:00:00,19,173,left,Centre-Forward,,,,2025,2026-06-30 00:00:00,Roc Nation Sports,Olympique Lyonnais,transfermarkt_dataset
brazil_fabinho,225693,Fabinho,https://www.transfermarkt.co.uk/fabinho/profil/spieler/225693,1993-10-23 00:00:00,32,188,right,Defensive Midfield,,,38000000,2025,2026-06-30 00:00:00,Gestifute,Al-Ittihad Football Club,transfermarkt_dataset
brazil_gabriel_martinelli,655488,Gabriel Martinelli,https://www.transfermarkt.co.uk/gabriel-martinelli/profil/spieler/655488,2001-06-18 00:00:00,24,178,right,Left Winger,,,45000000,2025,2027-06-30 00:00:00,Roc Nation Sports,Arsenal Football Club,transfermarkt_dataset
brazil_igor_thiago,739443,Igor Thiago,https://www.transfermarkt.co.uk/igor-thiago/profil/spieler/739443,2001-06-26 00:00:00,24,191,right,Centre-Forward,,,25000000,2025,2031-06-30 00:00:00,HN80 Sports,Brentford Football Club,transfermarkt_dataset
brazil_leo_pereira,288431,Léo Pereira,https://www.transfermarkt.co.uk/leo-pereira/profil/spieler/288431,1996-01-31 00:00:00,30,189,left,Centre-Back,,,,2025,2027-12-31 00:00:00,R13 Fussball,Clube de Regatas do Flamengo,transfermarkt_dataset
brazil_lucas_paqueta,444523,Lucas Paquetá,https://www.transfermarkt.co.uk/lucas-paqueta/profil/spieler/444523,1997-08-27 00:00:00,28,180,left,Attacking Midfield,,,35000000,2025,2030-12-31 00:00:00,Roc Nation Sports,Clube de Regatas do Flamengo,transfermarkt_dataset
brazil_luiz_henrique,800175,Luiz Henrique,https://www.transfermarkt.co.uk/luiz-henrique/profil/spieler/800175,2001-01-02 00:00:00,25,182,left,Right Winger,,,24000000,2025,2028-12-31 00:00:00,,AO FK Zenit Sankt-Peterburg,transfermarkt_dataset
brazil_marquinhos,181767,Marquinhos,https://www.transfermarkt.co.uk/marquinhos/profil/spieler/181767,1994-05-14 00:00:00,32,183,right,Centre-Back,,,30000000,2025,2028-06-30 00:00:00,Bertolucci Sports,Paris Saint-Germain Football Club,transfermarkt_dataset
brazil_matheus_cunha,517894,Matheus Cunha,https://www.transfermarkt.co.uk/matheus-cunha/profil/spieler/517894,1999-05-27 00:00:00,27,183,right,Left Winger,,,45000000,2025,2030-06-30 00:00:00,Bertolucci Sports,Manchester United Football Club,transfermarkt_dataset
brazil_raphinha,411295,Raphinha,https://www.transfermarkt.co.uk/raphinha/profil/spieler/411295,1996-12-14 00:00:00,29,176,left,Left Winger,,,50000000,2025,2028-06-30 00:00:00,,Futbol Club Barcelona,transfermarkt_dataset
brazil_rayan,1012564,Rayan,https://www.transfermarkt.co.uk/rayan/profil/spieler/1012564,2006-08-03 00:00:00,19,185,left,Right Winger,,,,2025,2031-06-30 00:00:00,VTN IMAGE,Association Football Club Bournemouth,transfermarkt_dataset
brazil_roger_ibanez,524481,Roger Ibañez,https://www.transfermarkt.co.uk/roger-ibanez/profil/spieler/524481,1998-11-23 00:00:00,27,185,right,Centre-Back,,,28000000,2025,2027-06-30 00:00:00,Promanager,Al-Ahli Saudi Football Club,transfermarkt_dataset
brazil_vinicius_junior,371998,Vinicius Junior,https://www.transfermarkt.co.uk/vinicius-junior/profil/spieler/371998,2000-07-12 00:00:00,25,176,right,Left Winger,,,180000000,2025,2027-06-30 00:00:00,Roc Nation Sports,Real Madrid Club de Fútbol,transfermarkt_dataset
brazil_wesley,964580,Wesley,https://www.transfermarkt.co.uk/wesley/profil/spieler/964580,2003-09-06 00:00:00,22,178,right,Right-Back,,,,2025,2030-06-30 00:00:00,MCL Agency,Associazione Sportiva Roma,transfermarkt_dataset
brazil_weverton,69400,Weverton,https://www.transfermarkt.co.uk/weverton/profil/spieler/69400,1987-12-13 00:00:00,38,189,right,Goalkeeper,,,,2025,2028-12-31 00:00:00,OTB Sports,Grêmio Foot-Ball Porto Alegrense,transfermarkt_dataset
canada_alfie_jones,340990,Alfie Jones,https://www.transfermarkt.co.uk/alfie-jones/profil/spieler/340990,1997-10-07 00:00:00,28,191,right,Centre-Back,,,2500000,2025,2029-06-30 00:00:00,THE·TEAM,Middlesbrough FC,transfermarkt_dataset
canada_alistair_johnston,637446,Alistair Johnston,https://www.transfermarkt.co.uk/alistair-johnston/profil/spieler/637446,1998-10-08 00:00:00,27,180,right,Right-Back,,,8000000,2025,2029-06-30 00:00:00,,The Celtic Football Club,transfermarkt_dataset
canada_alphonso_davies,424204,Alphonso Davies,https://www.transfermarkt.co.uk/alphonso-davies/profil/spieler/424204,2000-11-02 00:00:00,25,185,left,Left-Back,,,50000000,2025,2030-06-30 00:00:00,ATG Sports,FC Bayern München,transfermarkt_dataset
canada_cyle_larin,343463,Cyle Larin,https://www.transfermarkt.co.uk/cyle-larin/profil/spieler/343463,1995-04-17 00:00:00,31,188,right,Centre-Forward,,,3500000,2024,2026-06-30 00:00:00,,Real Club Deportivo Mallorca S.A.D.,transfermarkt_dataset
canada_dayne_st_clair,439750,Dayne St. Clair,https://www.transfermarkt.co.uk/dayne-st-clair/profil/spieler/439750,1997-05-09 00:00:00,29,191,left,Goalkeeper,,,,2025,2026-12-31 00:00:00,,Club Internacional de Fútbol Miami,transfermarkt_dataset
canada_derek_cornelius,328609,Derek Cornelius,https://www.transfermarkt.co.uk/derek-cornelius/profil/spieler/328609,1997-11-25 00:00:00,28,187,left,Centre-Back,,,4000000,2025,2028-06-30 00:00:00,,Olympique de Marseille,transfermarkt_dataset
canada_ismael_kone,921655,Ismaël Koné,https://www.transfermarkt.co.uk/ismael-kone/profil/spieler/921655,2002-06-16 00:00:00,23,188,right,Central Midfield,,,14000000,2025,2030-06-30 00:00:00,,Unione Sportiva Sassuolo Calcio,transfermarkt_dataset
canada_jacob_shaffelburg,637632,Jacob Shaffelburg,https://www.transfermarkt.co.uk/jacob-shaffelburg/profil/spieler/637632,1999-11-26 00:00:00,26,181,left,Left Winger,,,,2025,2026-12-31 00:00:00,THE·TEAM,Los Angeles Football Club,transfermarkt_dataset
canada_joel_waterman,441738,Joel Waterman,https://www.transfermarkt.co.uk/joel-waterman/profil/spieler/441738,1996-01-24 00:00:00,30,188,right,Centre-Back,,,,2025,2027-12-31 00:00:00,,Chicago Fire Soccer Club,transfermarkt_dataset
canada_jonathan_david,533738,Jonathan David,https://www.transfermarkt.co.uk/jonathan-david/profil/spieler/533738,2000-01-14 00:00:00,26,178,both,Centre-Forward,,,35000000,2025,2030-06-30 00:00:00,,Juventus Football Club,transfermarkt_dataset
canada_jonathan_osorio,260807,Jonathan Osorio,https://www.transfermarkt.co.uk/jonathan-osorio/profil/spieler/260807,1992-06-12 00:00:00,33,175,both,Central Midfield,,,,2025,2026-12-31 00:00:00,,Toronto FC,transfermarkt_dataset
canada_liam_millar,487417,Liam Millar,https://www.transfermarkt.co.uk/liam-millar/profil/spieler/487417,1999-09-27 00:00:00,26,181,right,Left Winger,,,1700000,2019,2025-06-30 00:00:00,,Kilmarnock Football Club,transfermarkt_dataset
canada_luc_de_fougerolles,921995,Luc De Fougerolles,https://www.transfermarkt.co.uk/luc-de-fougerolles/profil/spieler/921995,2005-10-12 00:00:00,20,183,right,Centre-Back,,,300000,2025,2026-06-30 00:00:00,THE·TEAM,FC Verbroedering Denderhoutem Denderleeuw Eendracht Hekelgem,transfermarkt_dataset
canada_marcelo_flores,668495,Marcelo Flores,https://www.transfermarkt.co.uk/marcelo-flores/profil/spieler/668495,2003-10-01 00:00:00,22,164,right,Left Winger,,,800000,2025,2027-06-30 00:00:00,PFC,Club Tigres UANL Sinergia Deportiva S.A. de C.V.,transfermarkt_dataset
canada_mathieu_choiniere,589006,Mathieu Choinière,https://www.transfermarkt.co.uk/mathieu-choiniere/profil/spieler/589006,1999-02-07 00:00:00,27,175,right,Central Midfield,,,,2025,2028-12-31 00:00:00,,Los Angeles Football Club,transfermarkt_dataset
canada_maxime_crepeau,189014,Maxime Crépeau,https://www.transfermarkt.co.uk/maxime-crepeau/profil/spieler/189014,1994-05-11 00:00:00,32,180,right,Goalkeeper,,,,2025,2028-06-30 00:00:00,,Orlando City Soccer Club,transfermarkt_dataset
canada_moise_bombito,1089202,Moïse Bombito,https://www.transfermarkt.co.uk/moise-bombito/profil/spieler/1089202,2000-03-30 00:00:00,26,190,right,Centre-Back,,,8000000,2025,2028-06-30 00:00:00,,Olympique Gymnaste Club Nice Côte d'Azur,transfermarkt_dataset
canada_niko_sigur,1045375,Niko Sigur,https://www.transfermarkt.co.uk/niko-sigur/profil/spieler/1045375,2003-09-09 00:00:00,22,180,right,Defensive Midfield,,,,2025,2028-05-31 00:00:00,SA33,HNK Hajduk Split,transfermarkt_dataset
canada_owen_goodman,814848,Owen Goodman,https://www.transfermarkt.co.uk/owen-goodman/profil/spieler/814848,2003-11-27 00:00:00,22,193,left,Goalkeeper,,,150000,2025,2026-06-30 00:00:00,World in Motion,,transfermarkt_dataset
canada_promise_david,888785,Promise David,https://www.transfermarkt.co.uk/promise-david/profil/spieler/888785,2001-07-03 00:00:00,24,195,right,Centre-Forward,,,13000000,2025,2029-06-30 00:00:00,,Royale Union Saint-Gilloise,transfermarkt_dataset
canada_richie_laryea,417348,Richie Laryea,https://www.transfermarkt.co.uk/richie-laryea/profil/spieler/417348,1995-01-07 00:00:00,31,175,right,Right-Back,,,,2025,2026-12-31 00:00:00,,Toronto FC,transfermarkt_dataset
canada_stephen_eustaquio,512913,Stephen Eustaquio,https://www.transfermarkt.co.uk/stephen-eustaquio/profil/spieler/512913,1996-12-21 00:00:00,29,177,right,Central Midfield,,,11000000,2025,2026-06-30 00:00:00,AS1,Los Angeles Football Club,transfermarkt_dataset
canada_tajon_buchanan,638793,Tajon Buchanan,https://www.transfermarkt.co.uk/tajon-buchanan/profil/spieler/638793,1999-02-08 00:00:00,27,183,right,Right Winger,,,8000000,2025,2030-06-30 00:00:00,,Villarreal Club de Fútbol S.A.D.,transfermarkt_dataset
canada_tani_oluwaseyi,972465,Tani Oluwaseyi,https://www.transfermarkt.co.uk/tani-oluwaseyi/profil/spieler/972465,2000-05-15 00:00:00,26,187,left,Centre-Forward,,,,2025,2030-06-30 00:00:00,CAA Stellar,Villarreal Club de Fútbol S.A.D.,transfermarkt_dataset
cape_verde_cj_dos_santos,532096,CJ dos Santos,https://www.transfermarkt.co.uk/cj-dos-santos/profil/spieler/532096,2000-08-24 00:00:00,25,194,right,Goalkeeper,,,,2025,2027-12-31 00:00:00,Universal Twenty Two,San Diego Football Club,transfermarkt_dataset
cape_verde_dailon_livramento,676411,Dailon Livramento,https://www.transfermarkt.co.uk/dailon-livramento/profil/spieler/676411,2001-05-04 00:00:00,25,185,right,Centre-Forward,,,,2025,2026-06-30 00:00:00,,Casa Pia Atlético Clube,transfermarkt_dataset
cape_verde_deroy_duarte,432852,Deroy Duarte,https://www.transfermarkt.co.uk/deroy-duarte/profil/spieler/432852,1999-07-04 00:00:00,26,177,right,Central Midfield,,,1000000,2023,2028-06-30 00:00:00,DW Sports Management,Fortuna Sittardia Combinatie,transfermarkt_dataset
cape_verde_diney_borges,349570,Diney Borges,https://www.transfermarkt.co.uk/diney-borges/profil/spieler/349570,1995-01-17 00:00:00,31,185,right,Centre-Back,,,1000000,2017,2024-06-30 00:00:00,Elite Soccer Sarl,CS Marítimo,transfermarkt_dataset
cape_verde_garry_rodrigues,170895,Garry Rodrigues,https://www.transfermarkt.co.uk/garry-rodrigues/profil/spieler/170895,1990-11-27 00:00:00,35,173,right,Right Winger,,,325000,2024,2027-05-31 00:00:00,,Sivasspor,transfermarkt_dataset
cape_verde_helio_varela,840836,Hélio Varela,https://www.transfermarkt.co.uk/helio-varela/profil/spieler/840836,2002-05-03 00:00:00,24,176,right,Left Winger,,,1200000,2024,2028-06-30 00:00:00,MAA4S,Koninklijke Atletiek Associatie Gent,transfermarkt_dataset
cape_verde_jamiro_monteiro,272930,Jamiro Monteiro,https://www.transfermarkt.co.uk/jamiro-monteiro/profil/spieler/272930,1993-11-23 00:00:00,32,175,right,Central Midfield,,,750000,2025,2026-06-30 00:00:00,Prestige Sports,Prins Hendrik Ende Desespereert Nimmer Combinatie Zwolle,transfermarkt_dataset
cape_verde_joao_paulo,623965,João Paulo,https://www.transfermarkt.co.uk/joao-paulo/profil/spieler/623965,1998-05-26 00:00:00,28,180,left,Defensive Midfield,,,,2025,2028-06-30 00:00:00,Oxysports TM,SC Fotbal Club FCSB SA,transfermarkt_dataset
cape_verde_jovane_cabral,448466,Jovane Cabral,https://www.transfermarkt.co.uk/jovane-cabral/profil/spieler/448466,1998-06-14 00:00:00,27,174,right,Left Winger,,,800000,2025,2026-06-30 00:00:00,Invictus Team,Club Football Estrela da Amadora,transfermarkt_dataset
cape_verde_laros_duarte,258513,Laros Duarte,https://www.transfermarkt.co.uk/laros-duarte/profil/spieler/258513,1997-02-28 00:00:00,29,180,right,Defensive Midfield,,,1000000,2024,2027-06-30 00:00:00,H2 Agency,Football Club Groningen,transfermarkt_dataset
cape_verde_logan_costa,484988,Logan Costa,https://www.transfermarkt.co.uk/logan-costa/profil/spieler/484988,2001-04-01 00:00:00,25,190,right,Centre-Back,,,18000000,2025,2030-06-30 00:00:00,,Villarreal Club de Fútbol S.A.D.,transfermarkt_dataset
cape_verde_nuno_da_costa,306166,Nuno Da Costa,https://www.transfermarkt.co.uk/nuno-da-costa/profil/spieler/306166,1991-02-10 00:00:00,35,184,right,Centre-Forward,,,800000,2025,2027-06-30 00:00:00,4YOURDREAM,İstanbul Başakşehir Futbol Kulübü,transfermarkt_dataset
cape_verde_ryan_mendes,111627,Ryan Mendes,https://www.transfermarkt.co.uk/ryan-mendes/profil/spieler/111627,1990-01-08 00:00:00,36,178,right,Left Winger,,,700000,2023,2025-06-30 00:00:00,Amin Sakman,Fatih Karagümrük Sportif Faaliyetler San. Tic. A.Ş.,transfermarkt_dataset
cape_verde_sidny_lopes_cabral,611855,Sidny Lopes Cabral,https://www.transfermarkt.co.uk/sidny-lopes-cabral/profil/spieler/611855,2002-09-18 00:00:00,23,176,both,Right-Back,,,,2025,2030-06-30 00:00:00,,Sport Lisboa e Benfica,transfermarkt_dataset
cape_verde_steven_moreira,203517,Steven Moreira,https://www.transfermarkt.co.uk/steven-moreira/profil/spieler/203517,1994-08-13 00:00:00,31,180,right,Right-Back,,,1500000,2025,2026-12-31 00:00:00,Soccer Connect,Columbus Crew,transfermarkt_dataset
cape_verde_telmo_arcanjo,791528,Telmo Arcanjo,https://www.transfermarkt.co.uk/telmo-arcanjo/profil/spieler/791528,2001-06-21 00:00:00,24,180,left,Right Winger,,,3000000,2025,2027-06-30 00:00:00,STV ,Vitória Sport Clube,transfermarkt_dataset
cape_verde_wagner_pina,1072017,Wagner Pina,https://www.transfermarkt.co.uk/wagner-pina/profil/spieler/1072017,2002-11-03 00:00:00,23,180,right,Right-Back,,,7000000,2025,2029-06-30 00:00:00,PRIMESOCCER,Trabzonspor Kulübü,transfermarkt_dataset
cape_verde_willy_semedo,531450,Willy Semedo,https://www.transfermarkt.co.uk/willy-semedo/profil/spieler/531450,1994-04-27 00:00:00,32,185,right,Left Winger,,,700000,2017,,,Royal Charleroi Sporting Club,transfermarkt_dataset
colombia_alvaro_montero,292985,Álvaro Montero,https://www.transfermarkt.co.uk/alvaro-montero/profil/spieler/292985,1995-03-29 00:00:00,31,199,right,Goalkeeper,,,,2025,2026-12-31 00:00:00,Top Champ,Club Atlético Vélez Sársfield,transfermarkt_dataset
colombia_andres_gomez,957461,Andrés Gómez,https://www.transfermarkt.co.uk/andres-gomez/profil/spieler/957461,2002-09-12 00:00:00,23,171,right,Left Winger,,,5000000,2025,2031-01-31 00:00:00,THE·TEAM,Club de Regatas Vasco da Gama,transfermarkt_dataset
colombia_camilo_vargas,74113,Camilo Vargas,https://www.transfermarkt.co.uk/camilo-vargas/profil/spieler/74113,1989-03-09 00:00:00,37,183,left,Goalkeeper,,,,2025,2027-12-31 00:00:00,,Club de Futbol Rojinegros S.A. de C.V.,transfermarkt_dataset
colombia_cucho_hernandez,459463,Cucho Hernández,https://www.transfermarkt.co.uk/cucho-hernandez/profil/spieler/459463,1999-04-20 00:00:00,27,176,right,Centre-Forward,,,18000000,2025,2030-06-30 00:00:00,Gersh,Real Betis Balompié S.A.D.,transfermarkt_dataset
colombia_daniel_munoz,493003,Daniel Muñoz,https://www.transfermarkt.co.uk/daniel-munoz/profil/spieler/493003,1996-05-26 00:00:00,30,181,right,Right-Back,,,27000000,2025,2028-06-30 00:00:00,Goal Management SAS,Crystal Palace Football Club,transfermarkt_dataset
colombia_david_ospina,73396,David Ospina,https://www.transfermarkt.co.uk/david-ospina/profil/spieler/73396,1988-08-31 00:00:00,37,183,right,Goalkeeper,,,3000000,2025,2026-06-30 00:00:00,Alinea,Atlético Nacional,transfermarkt_dataset
colombia_davinson_sanchez,341429,Davinson Sánchez,https://www.transfermarkt.co.uk/davinson-sanchez/profil/spieler/341429,1996-06-12 00:00:00,29,187,right,Centre-Back,,,18000000,2025,2029-06-30 00:00:00,Villarreal & Schena,Galatasaray Spor Kulübü,transfermarkt_dataset
colombia_deiver_machado,332560,Deiver Machado,https://www.transfermarkt.co.uk/deiver-machado/profil/spieler/332560,1993-09-02 00:00:00,32,180,left,Left-Back,,,4000000,2025,2028-06-30 00:00:00,THE·TEAM,Football Club de Nantes,transfermarkt_dataset
colombia_gustavo_puerta,936981,Gustavo Puerta,https://www.transfermarkt.co.uk/gustavo-puerta/profil/spieler/936981,2003-07-23 00:00:00,22,173,right,Central Midfield,,,3000000,2025,2029-06-30 00:00:00,TOP,,transfermarkt_dataset
colombia_james_rodriguez,88103,James Rodríguez,https://www.transfermarkt.co.uk/james-rodriguez/profil/spieler/88103,1991-07-12 00:00:00,34,180,left,Attacking Midfield,,,6000000,2025,2026-06-30 00:00:00,Gestifute,Minnesota United FC,transfermarkt_dataset
colombia_jaminton_campaz,491553,Jáminton Campaz,https://www.transfermarkt.co.uk/jaminton-campaz/profil/spieler/491553,2000-05-24 00:00:00,26,165,left,Left Winger,,,,2025,2026-12-31 00:00:00,World in Motion,Club Atlético Rosario Central,transfermarkt_dataset
colombia_jefferson_lerma,262980,Jefferson Lerma,https://www.transfermarkt.co.uk/jefferson-lerma/profil/spieler/262980,1994-10-25 00:00:00,31,179,right,Defensive Midfield,,,8000000,2025,2026-06-30 00:00:00,ABADSPORT,Crystal Palace Football Club,transfermarkt_dataset
colombia_jhon_arias,588989,Jhon Arias,https://www.transfermarkt.co.uk/jhon-arias/profil/spieler/588989,1997-09-21 00:00:00,28,168,right,Right Winger,,,,2025,2029-12-31 00:00:00,,Sociedade Esportiva Palmeiras,transfermarkt_dataset
colombia_jhon_cordoba,185245,Jhon Córdoba,https://www.transfermarkt.co.uk/jhon-cordoba/profil/spieler/185245,1993-05-11 00:00:00,33,188,right,Centre-Forward,,,10000000,2025,2027-06-30 00:00:00,AS1,FK Krasnodar,transfermarkt_dataset
colombia_jhon_lucumi,413565,Jhon Lucumí,https://www.transfermarkt.co.uk/jhon-lucumi/profil/spieler/413565,1998-06-26 00:00:00,27,187,left,Centre-Back,,,17000000,2025,2027-06-30 00:00:00,THE·TEAM,Bologna Football Club 1909,transfermarkt_dataset
colombia_johan_mojica,262939,Johan Mojica,https://www.transfermarkt.co.uk/johan-mojica/profil/spieler/262939,1992-08-21 00:00:00,33,185,left,Left-Back,,,1800000,2025,2027-06-30 00:00:00,LF Sport Management,Real Club Deportivo Mallorca S.A.D.,transfermarkt_dataset
colombia_jorge_carrascal,354145,Jorge Carrascal,https://www.transfermarkt.co.uk/jorge-carrascal/profil/spieler/354145,1998-05-25 00:00:00,28,180,right,Attacking Midfield,,,9000000,2025,2029-06-30 00:00:00,,Clube de Regatas do Flamengo,transfermarkt_dataset
colombia_juan_portilla,585747,Juan Portilla,https://www.transfermarkt.co.uk/juan-portilla/profil/spieler/585747,1998-09-12 00:00:00,27,183,right,Central Midfield,,,,2025,2028-12-31 00:00:00,TOP,Clube Atlético Paranaense,transfermarkt_dataset
colombia_juan_quintero,323838,Juan Quintero,https://www.transfermarkt.co.uk/juan-quintero/profil/spieler/323838,1995-03-23 00:00:00,31,184,right,Centre-Back,,,,2025,2026-12-31 00:00:00,,Independiente Santa Fe,transfermarkt_dataset
colombia_kevin_castano,857948,Kevin Castaño,https://www.transfermarkt.co.uk/kevin-castano/profil/spieler/857948,2000-09-29 00:00:00,25,177,right,Defensive Midfield,,,5000000,2025,2028-12-31 00:00:00,Top Champ,Club Atlético River Plate,transfermarkt_dataset
colombia_luis_diaz,480692,Luis Díaz,https://www.transfermarkt.co.uk/luis-diaz/profil/spieler/480692,1997-01-13 00:00:00,29,180,right,Left Winger,,,70000000,2025,2029-06-30 00:00:00,AS1,FC Bayern München,transfermarkt_dataset
colombia_luis_suarez,424784,Luis Suárez,https://www.transfermarkt.co.uk/luis-suarez/profil/spieler/424784,1997-12-02 00:00:00,28,181,right,Centre-Forward,,,3500000,2025,2030-06-30 00:00:00,LIAN Sports Group,Sporting Clube de Portugal,transfermarkt_dataset
colombia_richard_rios,735573,Richard Ríos,https://www.transfermarkt.co.uk/richard-rios/profil/spieler/735573,2000-06-02 00:00:00,26,187,right,Defensive Midfield,,,,2025,2030-06-30 00:00:00,Cala Sports,Sport Lisboa e Benfica,transfermarkt_dataset
colombia_santiago_arias,120443,Santiago Arias,https://www.transfermarkt.co.uk/santiago-arias/profil/spieler/120443,1992-01-13 00:00:00,34,178,right,Right-Back,,,2500000,2025,2027-12-31 00:00:00,DV7 Management,Club Atlético Independiente de Avellaneda,transfermarkt_dataset
colombia_willer_ditta,609255,Willer Ditta,https://www.transfermarkt.co.uk/willer-ditta/profil/spieler/609255,1998-01-23 00:00:00,28,180,right,Centre-Back,,,,2025,2028-06-30 00:00:00,,Club de Fútbol Cruz Azul S.A. de C.V.,transfermarkt_dataset
colombia_yerry_mina,289446,Yerry Mina,https://www.transfermarkt.co.uk/yerry-mina/profil/spieler/289446,1994-09-23 00:00:00,31,195,right,Centre-Back,,,3000000,2025,2028-06-30 00:00:00,Noss Football Agency,Cagliari Calcio,transfermarkt_dataset
croatia_andrej_kramaric,46580,Andrej Kramaric,https://www.transfermarkt.co.uk/andrej-kramaric/profil/spieler/46580,1991-06-19 00:00:00,34,177,right,Attacking Midfield,,,3000000,2025,2028-06-30 00:00:00,,Turn- und Sportgemeinschaft 1899 Hoffenheim Fußball-Spielbetriebs,transfermarkt_dataset
croatia_ante_budimir,46413,Ante Budimir,https://www.transfermarkt.co.uk/ante-budimir/profil/spieler/46413,1991-07-22 00:00:00,34,190,left,Centre-Forward,,,3000000,2025,2027-06-30 00:00:00,MG MEDIATOR TRANSFER,Club Atlético Osasuna,transfermarkt_dataset
croatia_dominik_kotarski,370997,Dominik Kotarski,https://www.transfermarkt.co.uk/dominik-kotarski/profil/spieler/370997,2000-02-10 00:00:00,26,190,right,Goalkeeper,,,6000000,2025,2030-06-30 00:00:00,,Football Club København,transfermarkt_dataset
croatia_dominik_livakovic,205927,Dominik Livakovic,https://www.transfermarkt.co.uk/dominik-livakovic/profil/spieler/205927,1995-01-09 00:00:00,31,188,right,Goalkeeper,,,11000000,2025,2026-06-30 00:00:00,,GNK Dinamo Zagreb,transfermarkt_dataset
croatia_duje_caleta_car,238266,Duje Caleta-Car,https://www.transfermarkt.co.uk/duje-caleta-car/profil/spieler/238266,1996-09-17 00:00:00,29,193,right,Centre-Back,,,7000000,2025,2026-06-30 00:00:00,ROOF,Real Sociedad de Fútbol S.A.D.,transfermarkt_dataset
croatia_igor_matanovic,605268,Igor Matanovic,https://www.transfermarkt.co.uk/igor-matanovic/profil/spieler/605268,2003-03-31 00:00:00,23,194,right,Centre-Forward,,,7000000,2025,,ROGON,Sport-Club Freiburg,transfermarkt_dataset
croatia_ivan_perisic,42460,Ivan Perišić,https://www.transfermarkt.co.uk/ivan-perisic/profil/spieler/42460,1989-02-02 00:00:00,37,186,both,Left Winger,,,1300000,2025,2027-06-30 00:00:00,,Eindhovense Voetbalvereniging Philips Sport Vereniging,transfermarkt_dataset
croatia_ivor_pandur,371013,Ivor Pandur,https://www.transfermarkt.co.uk/ivor-pandur/profil/spieler/371013,2000-03-25 00:00:00,26,187,right,Goalkeeper,,,2000000,2025,2027-06-30 00:00:00,GAMMA SPORT,Hull City,transfermarkt_dataset
croatia_josip_stanisic,483046,Josip Stanisic,https://www.transfermarkt.co.uk/josip-stanisic/profil/spieler/483046,2000-04-02 00:00:00,26,187,both,Right-Back,,,32000000,2025,2029-06-30 00:00:00,BALLWERK Sports GmbH,FC Bayern München,transfermarkt_dataset
croatia_josip_sutalo,371001,Josip Sutalo,https://www.transfermarkt.co.uk/josip-sutalo/profil/spieler/371001,2000-02-28 00:00:00,26,190,right,Centre-Back,,,17000000,2025,2028-06-30 00:00:00,LIAN Sports Group,AFC Ajax Amsterdam,transfermarkt_dataset
croatia_josko_gvardiol,475959,Josko Gvardiol,https://www.transfermarkt.co.uk/josko-gvardiol/profil/spieler/475959,2002-01-23 00:00:00,24,185,left,Centre-Back,,,70000000,2025,2028-06-30 00:00:00,Marjan Sisic,Manchester City Football Club,transfermarkt_dataset
croatia_kristijan_jakic,374954,Kristijan Jakic,https://www.transfermarkt.co.uk/kristijan-jakic/profil/spieler/374954,1997-05-14 00:00:00,29,184,right,Defensive Midfield,,,6000000,2025,2028-06-30 00:00:00,LIAN Sports Group,Fußball-Club Augsburg 1907,transfermarkt_dataset
croatia_luka_modric,27992,Luka Modrić,https://www.transfermarkt.co.uk/luka-modric/profil/spieler/27992,1985-09-09 00:00:00,40,172,right,Central Midfield,,,4000000,2025,2026-06-30 00:00:00,,Associazione Calcio Milan,transfermarkt_dataset
croatia_luka_sucic,502722,Luka Sucic,https://www.transfermarkt.co.uk/luka-sucic/profil/spieler/502722,2002-09-08 00:00:00,23,185,left,Central Midfield,,,10000000,2025,2029-06-30 00:00:00,Soccertalk GmbH,Real Sociedad de Fútbol S.A.D.,transfermarkt_dataset
croatia_luka_vuskovic,892160,Luka Vuskovic,https://www.transfermarkt.co.uk/luka-vuskovic/profil/spieler/892160,2007-02-24 00:00:00,19,193,right,Centre-Back,,,40000000,2025,2026-06-30 00:00:00,Gol International,Hamburger Sport Verein,transfermarkt_dataset
croatia_marco_pasalic,395928,Marco Pašalić,https://www.transfermarkt.co.uk/marco-pasalic/profil/spieler/395928,2000-09-14 00:00:00,25,177,left,Right Winger,,,350000,2025,2027-12-31 00:00:00,,Orlando City Soccer Club,transfermarkt_dataset
croatia_marin_pongracic,282144,Marin Pongracic,https://www.transfermarkt.co.uk/marin-pongracic/profil/spieler/282144,1997-09-11 00:00:00,28,193,right,Centre-Back,,,7500000,2025,2029-06-30 00:00:00,LIAN Sports Group,Associazione Calcio Fiorentina,transfermarkt_dataset
croatia_mario_pasalic,205938,Mario Pašalić,https://www.transfermarkt.co.uk/mario-pasalic/profil/spieler/205938,1995-02-09 00:00:00,31,188,right,Central Midfield,,,7000000,2025,2028-06-30 00:00:00,DWMA,Atalanta Bergamasca Calcio S.p.a.,transfermarkt_dataset
croatia_martin_baturina,580451,Martin Baturina,https://www.transfermarkt.co.uk/martin-baturina/profil/spieler/580451,2003-02-16 00:00:00,23,172,right,Attacking Midfield,,,,2025,2030-06-30 00:00:00,Bola,Calcio Como,transfermarkt_dataset
croatia_martin_erlic,357003,Martin Erlić,https://www.transfermarkt.co.uk/martin-erlic/profil/spieler/357003,1998-01-24 00:00:00,28,192,right,Centre-Back,,,4000000,2025,2030-06-30 00:00:00,GreenField,Fodbold Club Midtjylland,transfermarkt_dataset
croatia_mateo_kovacic,51471,Mateo Kovacic,https://www.transfermarkt.co.uk/mateo-kovacic/profil/spieler/51471,1994-05-06 00:00:00,32,177,right,Central Midfield,,,15000000,2025,2027-06-30 00:00:00,,Manchester City Football Club,transfermarkt_dataset
croatia_nikola_moro,316934,Nikola Moro,https://www.transfermarkt.co.uk/nikola-moro/profil/spieler/316934,1998-03-12 00:00:00,28,184,right,Defensive Midfield,,,6500000,2025,2027-06-30 00:00:00,,Bologna Football Club 1909,transfermarkt_dataset
croatia_nikola_vlasic,293200,Nikola Vlašić,https://www.transfermarkt.co.uk/nikola-vlasic/profil/spieler/293200,1997-10-04 00:00:00,28,179,right,Attacking Midfield,,,10000000,2025,2027-06-30 00:00:00,,Torino Calcio,transfermarkt_dataset
croatia_petar_musa,387110,Petar Musa,https://www.transfermarkt.co.uk/petar-musa/profil/spieler/387110,1998-03-04 00:00:00,28,188,right,Centre-Forward,,,8000000,2025,2027-12-31 00:00:00,Rabona Sports,FC Dallas,transfermarkt_dataset
croatia_petar_sucic,668207,Petar Sučić,https://www.transfermarkt.co.uk/petar-sucic/profil/spieler/668207,2003-10-25 00:00:00,22,183,right,Central Midfield,,,30000000,2025,2030-06-30 00:00:00,ARENA Sport Agency,Football Club Internazionale Milano S.p.A.,transfermarkt_dataset
croatia_toni_fruk,432758,Toni Fruk,https://www.transfermarkt.co.uk/toni-fruk/profil/spieler/432758,2001-03-09 00:00:00,25,178,left,Attacking Midfield,,,,2025,2027-06-15 00:00:00,,Hrvatski Nogometni Klub Rijeka,transfermarkt_dataset
curacao_armando_obispo,339337,Armando Obispo,https://www.transfermarkt.co.uk/armando-obispo/profil/spieler/339337,1999-03-05 00:00:00,27,185,left,Centre-Back,,,3000000,2025,2027-06-30 00:00:00,,Eindhovense Voetbalvereniging Philips Sport Vereniging,transfermarkt_dataset
curacao_brandley_kuwas,232219,Brandley Kuwas,https://www.transfermarkt.co.uk/brandley-kuwas/profil/spieler/232219,1992-09-19 00:00:00,33,181,left,Right Winger,,,450000,2025,2026-06-30 00:00:00,NR X,Football Club Volendam,transfermarkt_dataset
curacao_deveron_fonville,708989,Deveron Fonville,https://www.transfermarkt.co.uk/deveron-fonville/profil/spieler/708989,2003-05-16 00:00:00,23,188,left,Centre-Back,,,,2025,2029-06-30 00:00:00,,Nijmegen Eendracht Combinatie,transfermarkt_dataset
curacao_eloy_room,79294,Eloy Room,https://www.transfermarkt.co.uk/eloy-room/profil/spieler/79294,1989-02-06 00:00:00,37,190,right,Goalkeeper,,,200000,2024,2026-11-30 00:00:00,CAA Stellar,Cercle Brugge Koninklijke Sportvereniging,transfermarkt_dataset
curacao_gervane_kastaneer,240752,Gervane Kastaneer,https://www.transfermarkt.co.uk/gervane-kastaneer/profil/spieler/240752,1996-06-09 00:00:00,29,189,right,Left Winger,,,200000,2021,2023-06-30 00:00:00,Key United,Prins Hendrik Ende Desespereert Nimmer Combinatie Zwolle,transfermarkt_dataset
curacao_godfried_roemeratoe,393241,Godfried Roemeratoe,https://www.transfermarkt.co.uk/godfried-roemeratoe/profil/spieler/393241,1999-08-19 00:00:00,26,178,right,Defensive Midfield,,,400000,2024,2026-06-30 00:00:00,Iconics Management,RKC Waalwijk,transfermarkt_dataset
curacao_jeremy_antonisse,594273,Jeremy Antonisse,https://www.transfermarkt.co.uk/jeremy-antonisse/profil/spieler/594273,2002-03-29 00:00:00,24,184,right,Left Winger,,,800000,2025,2027-06-30 00:00:00,Team Antonisse,Athlitiki Enosi Kifisias,transfermarkt_dataset
curacao_joshua_brenet,207006,Joshua Brenet,https://www.transfermarkt.co.uk/joshua-brenet/profil/spieler/207006,1994-03-20 00:00:00,32,181,right,Right-Back,,,3500000,2025,2027-06-30 00:00:00,,Kayserispor Kulübü,transfermarkt_dataset
curacao_juninho_bacuna,348863,Juninho Bacuna,https://www.transfermarkt.co.uk/juninho-bacuna/profil/spieler/348863,1997-08-07 00:00:00,28,178,right,Central Midfield,,,4500000,2025,2026-06-30 00:00:00,PURE,Football Club Volendam,transfermarkt_dataset
curacao_jurien_gaari,328455,Juriën Gaari,https://www.transfermarkt.co.uk/jurien-gaari/profil/spieler/328455,1993-12-23 00:00:00,32,183,right,Centre-Back,,,450000,2023,,,RKC Waalwijk,transfermarkt_dataset
curacao_kenji_gorre,374889,Kenji Gorré,https://www.transfermarkt.co.uk/kenji-gorre/profil/spieler/374889,1994-09-29 00:00:00,31,178,right,Left Winger,,,800000,2022,2025-06-30 00:00:00,,Boavista FC,transfermarkt_dataset
curacao_kevin_felida,433933,Kevin Felida,https://www.transfermarkt.co.uk/kevin-felida/profil/spieler/433933,1999-11-11 00:00:00,26,174,right,Defensive Midfield,,,350000,2024,2027-06-30 00:00:00,Wasserman,RKC Waalwijk,transfermarkt_dataset
curacao_leandro_bacuna,126014,Leandro Bacuna,https://www.transfermarkt.co.uk/leandro-bacuna/profil/spieler/126014,1991-08-21 00:00:00,34,180,right,Central Midfield,,,900000,2024,2027-06-30 00:00:00,PURE,Football Club Groningen,transfermarkt_dataset
curacao_livano_comenencia,626764,Livano Comenencia,https://www.transfermarkt.co.uk/livano-comenencia/profil/spieler/626764,2004-02-03 00:00:00,22,187,right,Right-Back,,,800000,2025,2029-06-30 00:00:00,,FC Zürich,transfermarkt_dataset
curacao_riechedly_bazoer,216443,Riechedly Bazoer,https://www.transfermarkt.co.uk/riechedly-bazoer/profil/spieler/216443,1996-10-12 00:00:00,29,184,right,Centre-Back,,,2800000,2025,2026-06-30 00:00:00,,Konyaspor,transfermarkt_dataset
curacao_roshon_van_eijma,401029,Roshon van Eijma,https://www.transfermarkt.co.uk/roshon-van-eijma/profil/spieler/401029,1998-06-09 00:00:00,27,186,right,Centre-Back,,,375000,2024,2026-06-30 00:00:00,22Eleven,RKC Waalwijk,transfermarkt_dataset
curacao_sherel_floranus,315211,Sherel Floranus,https://www.transfermarkt.co.uk/sherel-floranus/profil/spieler/315211,1998-08-23 00:00:00,27,181,right,Left-Back,,,800000,2025,2027-06-30 00:00:00,SEG,Prins Hendrik Ende Desespereert Nimmer Combinatie Zwolle,transfermarkt_dataset
curacao_shurandy_sambo,412937,Shurandy Sambo,https://www.transfermarkt.co.uk/shurandy-sambo/profil/spieler/412937,2001-08-19 00:00:00,24,174,right,Right-Back,,,2000000,2025,2026-06-30 00:00:00,DWMA,Sparta Rotterdam,transfermarkt_dataset
curacao_sontje_hansen,485582,Sontje Hansen,https://www.transfermarkt.co.uk/sontje-hansen/profil/spieler/485582,2002-05-18 00:00:00,24,176,right,Right Winger,,,3000000,2024,2029-06-30 00:00:00,Wasserman,Nijmegen Eendracht Combinatie,transfermarkt_dataset
curacao_trevor_doornbusch,390814,Trevor Doornbusch,https://www.transfermarkt.co.uk/trevor-doornbusch/profil/spieler/390814,1999-07-06 00:00:00,26,188,right,Goalkeeper,,,100000,2019,2024-06-30 00:00:00,,Sportclub Heerenveen,transfermarkt_dataset
curacao_tyrese_noslin,708005,Tyrese Noslin,https://www.transfermarkt.co.uk/tyrese-noslin/profil/spieler/708005,2002-09-11 00:00:00,23,182,right,Right Midfield,,,,2025,2027-06-30 00:00:00,Sport10Management,Sportclub Telstar,transfermarkt_dataset
curacao_tyrick_bodak,663961,Tyrick Bodak,https://www.transfermarkt.co.uk/tyrick-bodak/profil/spieler/663961,2002-05-15 00:00:00,24,190,right,Goalkeeper,,,,2025,2026-06-30 00:00:00,Perfect Element BV,Sportclub Telstar,transfermarkt_dataset
czech_republic_adam_hlozek,552057,Adam Hlozek,https://www.transfermarkt.co.uk/adam-hlozek/profil/spieler/552057,2002-07-25 00:00:00,23,188,right,Centre-Forward,,,15000000,2025,2029-06-30 00:00:00,,Turn- und Sportgemeinschaft 1899 Hoffenheim Fußball-Spielbetriebs,transfermarkt_dataset
czech_republic_alexandr_sojka,826103,Alexandr Sojka,https://www.transfermarkt.co.uk/alexandr-sojka/profil/spieler/826103,2003-04-02 00:00:00,23,188,,Central Midfield,,,,2025,2029-06-30 00:00:00,IFM-M,"FC Viktoria Plzeň, a.s.",transfermarkt_dataset
czech_republic_david_doudera,493758,David Doudera,https://www.transfermarkt.co.uk/david-doudera/profil/spieler/493758,1998-05-31 00:00:00,28,175,right,Right Midfield,,,,2025,2028-06-30 00:00:00,,"SK Slavia Praha, a.s.",transfermarkt_dataset
czech_republic_david_jurasek,500054,David Jurásek,https://www.transfermarkt.co.uk/david-jurasek/profil/spieler/500054,2000-08-07 00:00:00,25,183,left,Left-Back,,,4500000,2025,2029-06-30 00:00:00,Football Mechanic,"SK Slavia Praha, a.s.",transfermarkt_dataset
czech_republic_david_zima,544149,David Zima,https://www.transfermarkt.co.uk/david-zima/profil/spieler/544149,2000-11-08 00:00:00,25,190,right,Centre-Back,,,4000000,2025,2028-06-30 00:00:00,,"SK Slavia Praha, a.s.",transfermarkt_dataset
czech_republic_denis_visinsky,652060,Denis Visinsky,https://www.transfermarkt.co.uk/denis-visinsky/profil/spieler/652060,2003-03-21 00:00:00,23,178,right,Attacking Midfield,,,,2025,2028-06-30 00:00:00,CHOVANECSPORT,"FC Viktoria Plzeň, a.s.",transfermarkt_dataset
czech_republic_hugo_sochurek,1206877,Hugo Sochurek,https://www.transfermarkt.co.uk/hugo-sochurek/profil/spieler/1206877,2008-06-07 00:00:00,18,183,right,Central Midfield,,,,2025,,,"AC Sparta Praha, a. s.",transfermarkt_dataset
czech_republic_jan_kuchta,334802,Jan Kuchta,https://www.transfermarkt.co.uk/jan-kuchta/profil/spieler/334802,1997-01-08 00:00:00,29,185,right,Centre-Forward,,,4000000,2025,,SEG,"AC Sparta Praha, a. s.",transfermarkt_dataset
czech_republic_jaroslav_zeleny,142219,Jaroslav Zelený,https://www.transfermarkt.co.uk/jaroslav-zeleny/profil/spieler/142219,1992-08-20 00:00:00,33,190,left,Centre-Back,,,,2025,2027-06-30 00:00:00,ESAM,"AC Sparta Praha, a. s.",transfermarkt_dataset
czech_republic_jindrich_stanek,242089,Jindrich Stanek,https://www.transfermarkt.co.uk/jindrich-stanek/profil/spieler/242089,1996-04-27 00:00:00,30,192,right,Goalkeeper,,,3500000,2025,2029-06-30 00:00:00,SPOCS Global Sports,"SK Slavia Praha, a.s.",transfermarkt_dataset
czech_republic_ladislav_krejci,345911,Ladislav Krejčí,https://www.transfermarkt.co.uk/ladislav-krejci/profil/spieler/345911,1999-04-20 00:00:00,27,191,left,Centre-Back,,,22000000,2025,2026-06-30 00:00:00,SEG,Wolverhampton Wanderers Football Club,transfermarkt_dataset
czech_republic_lukas_cerv,611049,Lukas Cerv,https://www.transfermarkt.co.uk/lukas-cerv/profil/spieler/611049,2001-04-10 00:00:00,25,182,,Central Midfield,,,,2025,2029-06-30 00:00:00,ESAM,"FC Viktoria Plzeň, a.s.",transfermarkt_dataset
czech_republic_lukas_hornicek,629773,Lukas Hornicek,https://www.transfermarkt.co.uk/lukas-hornicek/profil/spieler/629773,2002-07-13 00:00:00,23,198,right,Goalkeeper,,,10000000,2025,2028-06-30 00:00:00,mentormanagement,Sporting Clube de Braga,transfermarkt_dataset
czech_republic_lukas_provod,292779,Lukas Provod,https://www.transfermarkt.co.uk/lukas-provod/profil/spieler/292779,1996-10-23 00:00:00,29,191,left,Left Winger,,,,2025,2031-06-30 00:00:00,TOP SPORT MANAGEMENT,"SK Slavia Praha, a.s.",transfermarkt_dataset
czech_republic_matej_kovar,550829,Matej Kovar,https://www.transfermarkt.co.uk/matej-kovar/profil/spieler/550829,2000-05-17 00:00:00,26,196,right,Goalkeeper,,,7000000,2025,2026-06-30 00:00:00,SPORT INVEST,Eindhovense Voetbalvereniging Philips Sport Vereniging,transfermarkt_dataset
czech_republic_michal_sadilek,321204,Michal Sadílek,https://www.transfermarkt.co.uk/michal-sadilek/profil/spieler/321204,1999-05-31 00:00:00,27,169,left,Central Midfield,,,7500000,2025,2028-06-30 00:00:00,Nehoda Sport,"SK Slavia Praha, a.s.",transfermarkt_dataset
czech_republic_mojmir_chytil,405855,Mojmír Chytil,https://www.transfermarkt.co.uk/mojmir-chytil/profil/spieler/405855,1999-04-29 00:00:00,27,187,right,Centre-Forward,,,,2025,2029-06-30 00:00:00,,"SK Slavia Praha, a.s.",transfermarkt_dataset
czech_republic_patrik_schick,242086,Patrik Schick,https://www.transfermarkt.co.uk/patrik-schick/profil/spieler/242086,1996-01-24 00:00:00,30,191,left,Centre-Forward,,,25000000,2025,2030-06-30 00:00:00,Soccertalk GmbH,Bayer 04 Leverkusen Fußball,transfermarkt_dataset
czech_republic_pavel_sulc,500053,Pavel Sulc,https://www.transfermarkt.co.uk/pavel-sulc/profil/spieler/500053,2000-12-29 00:00:00,25,177,right,Attacking Midfield,,,,2025,2029-06-30 00:00:00,,Olympique Lyonnais,transfermarkt_dataset
czech_republic_robin_hranac,620217,Robin Hranac,https://www.transfermarkt.co.uk/robin-hranac/profil/spieler/620217,2000-01-29 00:00:00,26,190,right,Centre-Back,,,7000000,2025,2028-06-30 00:00:00,,Turn- und Sportgemeinschaft 1899 Hoffenheim Fußball-Spielbetriebs,transfermarkt_dataset
czech_republic_stepan_chaloupek,944827,Stepan Chaloupek,https://www.transfermarkt.co.uk/stepan-chaloupek/profil/spieler/944827,2003-03-08 00:00:00,23,188,right,Centre-Back,,,,2025,2030-06-30 00:00:00,TOP SPORT MANAGEMENT,"SK Slavia Praha, a.s.",transfermarkt_dataset
czech_republic_tomas_chory,198614,Tomas Chory,https://www.transfermarkt.co.uk/tomas-chory/profil/spieler/198614,1995-01-26 00:00:00,31,199,right,Centre-Forward,,,1800000,2025,2027-06-30 00:00:00,Nehoda Sport,"SK Slavia Praha, a.s.",transfermarkt_dataset
czech_republic_tomas_holes,216278,Tomas Holes,https://www.transfermarkt.co.uk/tomas-holes/profil/spieler/216278,1993-03-31 00:00:00,33,180,right,Centre-Back,,,,2025,2028-06-30 00:00:00,SPORT INVEST,"SK Slavia Praha, a.s.",transfermarkt_dataset
czech_republic_tomas_soucek,283628,Tomáš Souček,https://www.transfermarkt.co.uk/tomas-soucek/profil/spieler/283628,1995-02-27 00:00:00,31,192,right,Defensive Midfield,,,12000000,2025,2027-06-30 00:00:00,,West Ham United Football Club,transfermarkt_dataset
czech_republic_vladimir_coufal,157672,Vladimír Coufal,https://www.transfermarkt.co.uk/vladimir-coufal/profil/spieler/157672,1992-08-22 00:00:00,33,174,right,Right-Back,,,2700000,2025,2028-06-30 00:00:00,,Turn- und Sportgemeinschaft 1899 Hoffenheim Fußball-Spielbetriebs,transfermarkt_dataset
czech_republic_vladimir_darida,179643,Vladimír Darida,https://www.transfermarkt.co.uk/vladimir-darida/profil/spieler/179643,1990-08-08 00:00:00,35,172,right,Central Midfield,,,400000,2025,2028-06-30 00:00:00,CHOVANECSPORT,FC Hradec Králové a.s.,transfermarkt_dataset
dr_congo_aaron_tshibola,243633,Aaron Tshibola,https://www.transfermarkt.co.uk/aaron-tshibola/profil/spieler/243633,1995-01-02 00:00:00,31,190,right,Central Midfield,,,450000,2025,,,Kilmarnock Football Club,transfermarkt_dataset
dr_congo_aaron_wan_bissaka,477758,Aaron Wan-Bissaka,https://www.transfermarkt.co.uk/aaron-wan-bissaka/profil/spieler/477758,1997-11-26 00:00:00,28,183,right,Right-Back,,,22000000,2025,2031-06-30 00:00:00,Unique Sports Group,West Ham United Football Club,transfermarkt_dataset
dr_congo_arthur_masuaku,181380,Arthur Masuaku,https://www.transfermarkt.co.uk/arthur-masuaku/profil/spieler/181380,1993-11-07 00:00:00,32,179,left,Left-Back,,,2500000,2025,2026-06-30 00:00:00,Sport Cover,Racing Club de Lens,transfermarkt_dataset
dr_congo_axel_tuanzebe,342046,Axel Tuanzebe,https://www.transfermarkt.co.uk/axel-tuanzebe/profil/spieler/342046,1997-11-14 00:00:00,28,185,right,Centre-Back,,,5000000,2025,2026-06-30 00:00:00,Unique Sports Group,Burnley Football Club,transfermarkt_dataset
dr_congo_cedric_bakambu,127048,Cédric Bakambu,https://www.transfermarkt.co.uk/cedric-bakambu/profil/spieler/127048,1991-04-11 00:00:00,35,182,right,Centre-Forward,,,1400000,2025,2026-06-30 00:00:00,AS1,Real Betis Balompié S.A.D.,transfermarkt_dataset
dr_congo_chancel_mbemba,203348,Chancel Mbemba,https://www.transfermarkt.co.uk/chancel-mbemba/profil/spieler/203348,1994-08-08 00:00:00,31,182,right,Centre-Back,,,2500000,2025,2026-06-30 00:00:00,,Lille Olympique Sporting Club,transfermarkt_dataset
dr_congo_charles_pickel,243879,Charles Pickel,https://www.transfermarkt.co.uk/charles-pickel/profil/spieler/243879,1997-05-15 00:00:00,29,187,right,Defensive Midfield,,,3200000,2025,2026-06-30 00:00:00,,Reial Club Deportiu Espanyol de Barcelona S.A.D.,transfermarkt_dataset
dr_congo_dylan_batubinsika,289432,Dylan Batubinsika,https://www.transfermarkt.co.uk/dylan-batubinsika/profil/spieler/289432,1996-02-15 00:00:00,30,188,right,Centre-Back,,,700000,2025,2026-06-30 00:00:00,,Athlitiki Enosi Larisas,transfermarkt_dataset
dr_congo_edo_kayembe,486477,Edo Kayembe,https://www.transfermarkt.co.uk/edo-kayembe/profil/spieler/486477,1998-06-03 00:00:00,28,183,left,Defensive Midfield,,,4000000,2021,2026-06-30 00:00:00,,Watford FC,transfermarkt_dataset
dr_congo_gael_kakuta,74297,Gaël Kakuta,https://www.transfermarkt.co.uk/gael-kakuta/profil/spieler/74297,1991-06-21 00:00:00,34,173,left,Attacking Midfield,,,1800000,2025,2026-06-30 00:00:00,Kamyar Goroohi ,Athlitiki Enosi Larisas,transfermarkt_dataset
dr_congo_gedeon_kalulu,395685,Gédéon Kalulu,https://www.transfermarkt.co.uk/gedeon-kalulu/profil/spieler/395685,1997-08-29 00:00:00,28,179,right,Right-Back,,,3500000,2023,2026-06-30 00:00:00,Classico,Football Club Lorient-Bretagne Sud,transfermarkt_dataset
dr_congo_joris_kayembe,129586,Joris Kayembe,https://www.transfermarkt.co.uk/joris-kayembe/profil/spieler/129586,1994-08-08 00:00:00,31,181,left,Left-Back,,,2500000,2025,2027-06-30 00:00:00,DWMA,Koninklijke Racing Club Genk,transfermarkt_dataset
dr_congo_matthieu_epolo,680218,Matthieu Epolo,https://www.transfermarkt.co.uk/matthieu-epolo/profil/spieler/680218,2005-01-15 00:00:00,21,189,right,Goalkeeper,,,800000,2025,2029-06-30 00:00:00,World in Motion,Royal Standard Club de Liège,transfermarkt_dataset
dr_congo_meschack_elia,423678,Meschack Elia,https://www.transfermarkt.co.uk/meschack-elia/profil/spieler/423678,1997-08-06 00:00:00,28,173,right,Attacking Midfield,,,,2025,2028-06-30 00:00:00,,Alanyaspor,transfermarkt_dataset
dr_congo_nathanael_mbuku,557614,Nathanaël Mbuku,https://www.transfermarkt.co.uk/nathanael-mbuku/profil/spieler/557614,2002-03-16 00:00:00,24,170,left,Left Winger,,,2000000,2024,2026-06-30 00:00:00,,GNK Dinamo Zagreb,transfermarkt_dataset
dr_congo_ngalayel_mukau,1016015,Ngal'ayel Mukau,https://www.transfermarkt.co.uk/ngalayel-mukau/profil/spieler/1016015,2004-11-03 00:00:00,21,186,left,Defensive Midfield,,,12000000,2025,2028-06-30 00:00:00,EMG Mundial,Lille Olympique Sporting Club,transfermarkt_dataset
dr_congo_noah_sadiki,727089,Noah Sadiki,https://www.transfermarkt.co.uk/noah-sadiki/profil/spieler/727089,2004-12-17 00:00:00,21,173,right,Central Midfield,,,5000000,2025,2030-06-30 00:00:00,DWMA,Sunderland Association Football Club,transfermarkt_dataset
dr_congo_samuel_moutoussamy,353403,Samuel Moutoussamy,https://www.transfermarkt.co.uk/samuel-moutoussamy/profil/spieler/353403,1996-08-12 00:00:00,29,176,left,Central Midfield,,,1200000,2025,2027-06-30 00:00:00,THE·TEAM,APS Atromitos Athinon,transfermarkt_dataset
dr_congo_simon_banza,344869,Simon Banza,https://www.transfermarkt.co.uk/simon-banza/profil/spieler/344869,1996-08-13 00:00:00,29,189,right,Centre-Forward,,,11000000,2024,2028-06-30 00:00:00,HD Sports,Sporting Clube de Braga,transfermarkt_dataset
dr_congo_steve_kapuadi,679709,Steve Kapuadi,https://www.transfermarkt.co.uk/steve-kapuadi/profil/spieler/679709,1998-04-30 00:00:00,28,196,left,Centre-Back,,,,2025,2030-06-30 00:00:00,DWMA,Widzew Łódź Spółka Akcyjna,transfermarkt_dataset
dr_congo_theo_bongonda,280701,Théo Bongonda,https://www.transfermarkt.co.uk/theo-bongonda/profil/spieler/280701,1995-11-20 00:00:00,30,175,left,Right Winger,,,5000000,2025,2026-06-30 00:00:00,Libera Sports,FK Spartak Moskva,transfermarkt_dataset
dr_congo_timothy_fayulu,541420,Timothy Fayulu,https://www.transfermarkt.co.uk/timothy-fayulu/profil/spieler/541420,1999-07-24 00:00:00,26,192,right,Goalkeeper,,,,2024,2026-06-30 00:00:00,World in Motion,FC Sion,transfermarkt_dataset
dr_congo_yoane_wissa,388165,Yoane Wissa,https://www.transfermarkt.co.uk/yoane-wissa/profil/spieler/388165,1996-09-03 00:00:00,29,176,right,Centre-Forward,,,28000000,2025,2029-06-30 00:00:00,Rudy Raba,Newcastle United Football Club,transfermarkt_dataset
ecuador_alan_franco,400960,Alan Franco,https://www.transfermarkt.co.uk/alan-franco/profil/spieler/400960,1998-08-21 00:00:00,27,176,right,Central Midfield,,,,2025,2027-12-31 00:00:00,Kancha Agency,Clube Atlético Mineiro,transfermarkt_dataset
ecuador_alan_minda,897051,Alan Minda,https://www.transfermarkt.co.uk/alan-minda/profil/spieler/897051,2003-05-14 00:00:00,23,171,right,Right Winger,,,3000000,2025,2030-12-31 00:00:00,OTB Sports,Clube Atlético Mineiro,transfermarkt_dataset
ecuador_angelo_preciado,450241,Angelo Preciado,https://www.transfermarkt.co.uk/angelo-preciado/profil/spieler/450241,1998-02-18 00:00:00,28,173,right,Right-Back,,,5000000,2025,2029-12-31 00:00:00,Kancha Agency,Clube Atlético Mineiro,transfermarkt_dataset
ecuador_anthony_valencia,974374,Anthony Valencia,https://www.transfermarkt.co.uk/anthony-valencia/profil/spieler/974374,2003-07-21 00:00:00,22,174,left,Right Winger,,,1000000,2025,2026-06-30 00:00:00,Kancha Agency,Royal Antwerp Football Club,transfermarkt_dataset
ecuador_denil_castillo,941418,Denil Castillo,https://www.transfermarkt.co.uk/denil-castillo/profil/spieler/941418,2004-03-24 00:00:00,22,187,right,Central Midfield,,,5500000,2025,2031-06-30 00:00:00,Seth Sports,Fodbold Club Midtjylland,transfermarkt_dataset
ecuador_enner_valencia,139503,Enner Valencia,https://www.transfermarkt.co.uk/enner-valencia/profil/spieler/139503,1989-11-04 00:00:00,36,177,right,Centre-Forward,,,3800000,2025,2027-12-31 00:00:00,,Promotora del Club Pachuca S. A. de C. V.,transfermarkt_dataset
ecuador_felix_torres,468174,Félix Torres,https://www.transfermarkt.co.uk/felix-torres/profil/spieler/468174,1997-01-11 00:00:00,29,187,right,Centre-Back,,,,2025,2026-12-31 00:00:00,IMAGESPORT,Sport Club Internacional,transfermarkt_dataset
ecuador_gonzalo_plata,592735,Gonzalo Plata,https://www.transfermarkt.co.uk/gonzalo-plata/profil/spieler/592735,2000-11-01 00:00:00,25,178,left,Right Winger,,,5000000,2025,2029-06-30 00:00:00,AS1,Clube de Regatas do Flamengo,transfermarkt_dataset
ecuador_hernan_galindez,77127,Hernán Galíndez,https://www.transfermarkt.co.uk/hernan-galindez/profil/spieler/77127,1987-03-30 00:00:00,39,189,right,Goalkeeper,,,,2025,2027-12-31 00:00:00,,Club Atlético Huracán,transfermarkt_dataset
ecuador_jackson_porozo,491616,Jackson Porozo,https://www.transfermarkt.co.uk/jackson-porozo/profil/spieler/491616,2000-08-04 00:00:00,25,193,right,Centre-Back,,,3300000,2025,,Team of Future,Club Tijuana Xoloitzcuintles de Caliente,transfermarkt_dataset
ecuador_jeremy_arevalo,971663,Jeremy Arévalo,https://www.transfermarkt.co.uk/jeremy-arevalo/profil/spieler/971663,2005-03-19 00:00:00,21,182,left,Centre-Forward,,,,2025,2031-06-30 00:00:00,Emartsoccer,Verein für Bewegungsspiele Stuttgart 1893,transfermarkt_dataset
ecuador_joel_ordonez,893661,Joel Ordóñez,https://www.transfermarkt.co.uk/joel-ordonez/profil/spieler/893661,2004-04-21 00:00:00,22,188,right,Centre-Back,,,6000000,2025,2029-06-30 00:00:00,AGN Football,Club Brugge Koninklijke Voetbalvereniging,transfermarkt_dataset
ecuador_john_yeboah,439914,John Yeboah,https://www.transfermarkt.co.uk/john-yeboah/profil/spieler/439914,2000-06-23 00:00:00,25,170,left,Second Striker,,,1500000,2024,2028-06-30 00:00:00,FOKUS,Venezia FC,transfermarkt_dataset
ecuador_jordy_alcivar,598145,Jordy Alcívar,https://www.transfermarkt.co.uk/jordy-alcivar/profil/spieler/598145,1999-08-05 00:00:00,26,175,,Defensive Midfield,,,,2024,2029-12-31 00:00:00,,Club León Fútbol Club,transfermarkt_dataset
ecuador_jordy_caicedo,360412,Jordy Caicedo,https://www.transfermarkt.co.uk/jordy-caicedo/profil/spieler/360412,1997-11-18 00:00:00,28,185,right,Centre-Forward,,,3500000,2025,2026-12-31 00:00:00,Sebastian Buch,Club Atlético Huracán,transfermarkt_dataset
ecuador_kendry_paez,1052439,Kendry Páez,https://www.transfermarkt.co.uk/kendry-paez/profil/spieler/1052439,2007-05-04 00:00:00,19,178,left,Attacking Midfield,,,,2025,2027-06-30 00:00:00,AS1,Club Atlético River Plate,transfermarkt_dataset
ecuador_kevin_rodriguez,684159,Kevin Rodríguez,https://www.transfermarkt.co.uk/kevin-rodriguez/profil/spieler/684159,2000-03-04 00:00:00,26,190,right,Centre-Forward,,,5000000,2025,2027-06-30 00:00:00,,Royale Union Saint-Gilloise,transfermarkt_dataset
ecuador_moises_caicedo,687626,Moisés Caicedo,https://www.transfermarkt.co.uk/moises-caicedo/profil/spieler/687626,2001-11-02 00:00:00,24,178,right,Defensive Midfield,,,110000000,2025,2033-06-30 00:00:00,CAA Base Ltd,Chelsea Football Club,transfermarkt_dataset
ecuador_moises_ramirez,450233,Moisés Ramírez,https://www.transfermarkt.co.uk/moises-ramirez/profil/spieler/450233,2000-09-09 00:00:00,25,185,right,Goalkeeper,,,,2025,2027-06-30 00:00:00,IMAGESPORT,Athlitiki Enosi Kifisias,transfermarkt_dataset
ecuador_nilson_angulo,903611,Nilson Angulo,https://www.transfermarkt.co.uk/nilson-angulo/profil/spieler/903611,2003-06-19 00:00:00,22,183,right,Left Winger,,,7000000,2025,2030-06-30 00:00:00,THE·TEAM,Sunderland Association Football Club,transfermarkt_dataset
ecuador_pedro_vite,659806,Pedro Vite,https://www.transfermarkt.co.uk/pedro-vite/profil/spieler/659806,2002-03-09 00:00:00,24,173,left,Attacking Midfield,,,,2025,2029-07-18 00:00:00,AGN Football,Club Universidad Nacional A. C.,transfermarkt_dataset
ecuador_pervis_estupinan,349599,Pervis Estupiñán,https://www.transfermarkt.co.uk/pervis-estupinan/profil/spieler/349599,1998-01-21 00:00:00,28,175,left,Left-Back,,,14000000,2025,2030-06-30 00:00:00,Gestifute,Associazione Calcio Milan,transfermarkt_dataset
ecuador_piero_hincapie,659813,Piero Hincapié,https://www.transfermarkt.co.uk/piero-hincapie/profil/spieler/659813,2002-01-09 00:00:00,24,184,left,Centre-Back,,,50000000,2025,2026-06-30 00:00:00,AS1,Arsenal Football Club,transfermarkt_dataset
ecuador_willian_pacho,661171,Willian Pacho,https://www.transfermarkt.co.uk/willian-pacho/profil/spieler/661171,2001-10-16 00:00:00,24,188,left,Centre-Back,,,70000000,2025,2029-06-30 00:00:00,Kancha Agency,Paris Saint-Germain Football Club,transfermarkt_dataset
ecuador_yaimar_medina,893659,Yaimar Medina,https://www.transfermarkt.co.uk/yaimar-medina/profil/spieler/893659,2004-11-05 00:00:00,21,178,left,Left-Back,,,4000000,2025,2029-06-30 00:00:00,PROSPORT Management,Koninklijke Racing Club Genk,transfermarkt_dataset
egypt_ahmed_fatouh,465966,Ahmed Fatouh,https://www.transfermarkt.co.uk/ahmed-fatouh/profil/spieler/465966,1998-03-22 00:00:00,28,178,left,Left-Back,,,,2025,2027-06-30 00:00:00,,,transfermarkt_dataset
egypt_emam_ashour,604008,Emam Ashour,https://www.transfermarkt.co.uk/emam-ashour/profil/spieler/604008,1998-02-20 00:00:00,28,182,right,Central Midfield,,,2000000,2022,2027-06-30 00:00:00,SPOCS Global Sports,Fodbold Club Midtjylland,transfermarkt_dataset
egypt_haissem_hassan,620164,Haissem Hassan,https://www.transfermarkt.co.uk/haissem-hassan/profil/spieler/620164,2002-02-08 00:00:00,24,175,left,Right Winger,,,1500000,2025,2027-06-30 00:00:00,FAIR SPORT MNG,Real Oviedo S.A.D.,transfermarkt_dataset
egypt_hamdy_fathy,340303,Hamdy Fathy,https://www.transfermarkt.co.uk/hamdy-fathy/profil/spieler/340303,1994-09-29 00:00:00,31,180,right,Defensive Midfield,,,,2025,2027-06-30 00:00:00,,,transfermarkt_dataset
egypt_hossam_abdelmaguid,737524,Hossam Abdelmaguid,https://www.transfermarkt.co.uk/hossam-abdelmaguid/profil/spieler/737524,2001-04-30 00:00:00,25,194,right,Centre-Back,,,,2025,2027-06-30 00:00:00,YOU FIRST,,transfermarkt_dataset
egypt_ibrahim_adel,677278,Ibrahim Adel,https://www.transfermarkt.co.uk/ibrahim-adel/profil/spieler/677278,2001-04-23 00:00:00,25,178,right,Left Winger,,,,2025,2026-06-30 00:00:00,Westland Group,Fodbold Club Nordsjælland,transfermarkt_dataset
egypt_karim_hafez,333004,Karim Hafez,https://www.transfermarkt.co.uk/karim-hafez/profil/spieler/333004,1996-03-12 00:00:00,30,175,left,Left-Back,,,600000,2021,2024-06-30 00:00:00,CAA Base Ltd,Yeni Malatyaspor,transfermarkt_dataset
egypt_mahmoud_saber,729390,Mahmoud Saber,https://www.transfermarkt.co.uk/mahmoud-saber/profil/spieler/729390,2001-07-30 00:00:00,24,,right,Central Midfield,,,,2025,2026-06-30 00:00:00,,,transfermarkt_dataset
egypt_mohamed_abdelmoneim,566025,Mohamed Abdelmonem,https://www.transfermarkt.co.uk/mohamed-abdelmonem/profil/spieler/566025,1999-02-01 00:00:00,27,183,right,Centre-Back,,,3000000,2025,2028-06-30 00:00:00,,Olympique Gymnaste Club Nice Côte d'Azur,transfermarkt_dataset
egypt_mohamed_elshenawy,134573,Mohamed El Shenawy,https://www.transfermarkt.co.uk/mohamed-el-shenawy/profil/spieler/134573,1988-12-18 00:00:00,37,191,right,Goalkeeper,,,,2025,2027-06-30 00:00:00,Sport Plan,,transfermarkt_dataset
egypt_mohamed_hany,343974,Mohamed Hany,https://www.transfermarkt.co.uk/mohamed-hany/profil/spieler/343974,1996-01-25 00:00:00,30,180,right,Right-Back,,,,2025,2027-06-30 00:00:00,,,transfermarkt_dataset
egypt_mohamed_salah,148455,Mohamed Salah,https://www.transfermarkt.co.uk/mohamed-salah/profil/spieler/148455,1992-06-15 00:00:00,33,175,left,Right Winger,,,30000000,2025,2027-06-30 00:00:00,,Liverpool Football Club,transfermarkt_dataset
egypt_omar_marmoush,445939,Omar Marmoush,https://www.transfermarkt.co.uk/omar-marmoush/profil/spieler/445939,1999-02-07 00:00:00,27,183,right,Centre-Forward,,,65000000,2025,2029-06-30 00:00:00,CAA Stellar,Manchester City Football Club,transfermarkt_dataset
egypt_ramy_rabia,172623,Ramy Rabia,https://www.transfermarkt.co.uk/ramy-rabia/profil/spieler/172623,1993-05-20 00:00:00,33,183,right,Centre-Back,,,400000,2025,2027-06-30 00:00:00,Sport Plan,,transfermarkt_dataset
egypt_trezeguet,234189,Trezeguet,https://www.transfermarkt.co.uk/trezeguet/profil/spieler/234189,1994-10-01 00:00:00,31,180,right,Left Winger,,,4500000,2025,2030-06-30 00:00:00,CAA Base Ltd,,transfermarkt_dataset
egypt_yasser_ibrahim,237425,Yasser Ibrahim,https://www.transfermarkt.co.uk/yasser-ibrahim/profil/spieler/237425,1993-02-10 00:00:00,33,185,right,Centre-Back,,,,2025,2027-06-30 00:00:00,,,transfermarkt_dataset
egypt_zizo,320722,Zizo,https://www.transfermarkt.co.uk/zizo/profil/spieler/320722,1996-01-10 00:00:00,30,180,right,Right Winger,,,5000000,2017,2025-06-30 00:00:00,,Moreirense Futebol Clube,transfermarkt_dataset
england_anthony_gordon,503733,Anthony Gordon,https://www.transfermarkt.co.uk/anthony-gordon/profil/spieler/503733,2001-02-24 00:00:00,25,183,right,Left Winger,,,60000000,2025,2030-06-30 00:00:00,Unique Sports Group,Newcastle United Football Club,transfermarkt_dataset
england_bukayo_saka,433177,Bukayo Saka,https://www.transfermarkt.co.uk/bukayo-saka/profil/spieler/433177,2001-09-05 00:00:00,24,178,left,Right Winger,,,130000000,2025,2030-06-30 00:00:00,,Arsenal Football Club,transfermarkt_dataset
england_dan_burn,134270,Dan Burn,https://www.transfermarkt.co.uk/dan-burn/profil/spieler/134270,1992-05-09 00:00:00,34,201,left,Centre-Back,,,5000000,2025,2027-06-30 00:00:00,,Newcastle United Football Club,transfermarkt_dataset
england_dean_henderson,258919,Dean Henderson,https://www.transfermarkt.co.uk/dean-henderson/profil/spieler/258919,1997-03-12 00:00:00,29,188,right,Goalkeeper,,,28000000,2025,2028-06-30 00:00:00,Unique Sports Group,Crystal Palace Football Club,transfermarkt_dataset
england_declan_rice,357662,Declan Rice,https://www.transfermarkt.co.uk/declan-rice/profil/spieler/357662,1999-01-14 00:00:00,27,188,right,Central Midfield,,,120000000,2025,2028-06-30 00:00:00,,Arsenal Football Club,transfermarkt_dataset
england_djed_spence,483348,Djed Spence,https://www.transfermarkt.co.uk/djed-spence/profil/spieler/483348,2000-08-09 00:00:00,25,184,right,Left-Back,,,8000000,2025,2029-06-30 00:00:00,CAA Base Ltd,Tottenham Hotspur Football Club,transfermarkt_dataset
england_eberechi_eze,479999,Eberechi Eze,https://www.transfermarkt.co.uk/eberechi-eze/profil/spieler/479999,1998-06-29 00:00:00,27,178,right,Attacking Midfield,,,65000000,2025,2029-06-30 00:00:00,CAA Base Ltd,Arsenal Football Club,transfermarkt_dataset
england_elliot_anderson,567576,Elliot Anderson,https://www.transfermarkt.co.uk/elliot-anderson/profil/spieler/567576,2002-11-06 00:00:00,23,179,right,Central Midfield,,,60000000,2025,2029-06-30 00:00:00,CAA Stellar,Nottingham Forest Football Club,transfermarkt_dataset
england_ezri_konsa,413403,Ezri Konsa,https://www.transfermarkt.co.uk/ezri-konsa/profil/spieler/413403,1997-10-23 00:00:00,28,183,right,Centre-Back,,,35000000,2025,2028-06-30 00:00:00,CAA Stellar,Aston Villa Football Club,transfermarkt_dataset
england_harry_kane,132098,Harry Kane,https://www.transfermarkt.co.uk/harry-kane/profil/spieler/132098,1993-07-28 00:00:00,32,188,right,Centre-Forward,,,65000000,2025,2027-06-30 00:00:00,CK66,FC Bayern München,transfermarkt_dataset
england_ivan_toney,251664,Ivan Toney,https://www.transfermarkt.co.uk/ivan-toney/profil/spieler/251664,1996-03-16 00:00:00,30,185,right,Centre-Forward,,,50000000,2025,2028-06-30 00:00:00,CAA Stellar,Al-Ahli Saudi Football Club,transfermarkt_dataset
england_james_trafford,566799,James Trafford,https://www.transfermarkt.co.uk/james-trafford/profil/spieler/566799,2002-10-10 00:00:00,23,192,right,Goalkeeper,,,18000000,2025,2030-06-30 00:00:00,,Manchester City Football Club,transfermarkt_dataset
england_jarell_quansah,632349,Jarell Quansah,https://www.transfermarkt.co.uk/jarell-quansah/profil/spieler/632349,2003-01-29 00:00:00,23,190,right,Centre-Back,,,40000000,2025,2030-06-30 00:00:00,CAA Base Ltd,Bayer 04 Leverkusen Fußball,transfermarkt_dataset
england_john_stones,186590,John Stones,https://www.transfermarkt.co.uk/john-stones/profil/spieler/186590,1994-05-28 00:00:00,32,188,right,Centre-Back,,,18000000,2025,2026-06-30 00:00:00,THE·TEAM,Manchester City Football Club,transfermarkt_dataset
england_jordan_henderson,61651,Jordan Henderson,https://www.transfermarkt.co.uk/jordan-henderson/profil/spieler/61651,1990-06-17 00:00:00,35,182,right,Defensive Midfield,,,2000000,2025,2027-06-30 00:00:00,Gersh,Brentford Football Club,transfermarkt_dataset
england_jordan_pickford,130164,Jordan Pickford,https://www.transfermarkt.co.uk/jordan-pickford/profil/spieler/130164,1994-03-07 00:00:00,32,185,left,Goalkeeper,,,15000000,2025,2029-06-30 00:00:00,CAA Stellar,Everton Football Club,transfermarkt_dataset
england_jude_bellingham,581678,Jude Bellingham,https://www.transfermarkt.co.uk/jude-bellingham/profil/spieler/581678,2003-06-29 00:00:00,22,186,right,Attacking Midfield,,,160000000,2025,2029-06-30 00:00:00,,Real Madrid Club de Fútbol,transfermarkt_dataset
england_kobbie_mainoo,820374,Kobbie Mainoo,https://www.transfermarkt.co.uk/kobbie-mainoo/profil/spieler/820374,2005-04-19 00:00:00,21,184,right,Central Midfield,,,40000000,2025,2031-06-30 00:00:00,CAA Stellar,Manchester United Football Club,transfermarkt_dataset
england_marc_guehi,392757,Marc Guéhi,https://www.transfermarkt.co.uk/marc-guehi/profil/spieler/392757,2000-07-13 00:00:00,25,182,right,Centre-Back,,,55000000,2025,2031-06-30 00:00:00,Unique Sports Group,Manchester City Football Club,transfermarkt_dataset
england_marcus_rashford,258923,Marcus Rashford,https://www.transfermarkt.co.uk/marcus-rashford/profil/spieler/258923,1997-10-31 00:00:00,28,185,right,Left Winger,,,40000000,2025,2026-06-30 00:00:00,,Futbol Club Barcelona,transfermarkt_dataset
england_morgan_rogers,503743,Morgan Rogers,https://www.transfermarkt.co.uk/morgan-rogers/profil/spieler/503743,2002-07-26 00:00:00,23,187,right,Attacking Midfield,,,70000000,2025,2031-06-30 00:00:00,Footwork,Aston Villa Football Club,transfermarkt_dataset
england_nico_oreilly,743413,Nico O'Reilly,https://www.transfermarkt.co.uk/nico-oreilly/profil/spieler/743413,2005-03-21 00:00:00,21,193,left,Left-Back,,,40000000,2025,2030-06-30 00:00:00,SEG,Manchester City Football Club,transfermarkt_dataset
england_noni_madueke,503987,Noni Madueke,https://www.transfermarkt.co.uk/noni-madueke/profil/spieler/503987,2002-03-10 00:00:00,24,182,left,Right Winger,,,50000000,2025,2030-06-30 00:00:00,,Arsenal Football Club,transfermarkt_dataset
england_ollie_watkins,324358,Ollie Watkins,https://www.transfermarkt.co.uk/ollie-watkins/profil/spieler/324358,1995-12-30 00:00:00,30,180,right,Centre-Forward,,,30000000,2025,2028-06-30 00:00:00,Two Touch Agency,Aston Villa Football Club,transfermarkt_dataset
england_reece_james,245585,Reece James,https://www.transfermarkt.co.uk/reece-james/profil/spieler/245585,1993-11-07 00:00:00,32,182,left,Left-Back,,,400000,2014,2023-05-31 00:00:00,GS Magna,Manchester United Football Club,transfermarkt_dataset
england_tino_livramento,503981,Tino Livramento,https://www.transfermarkt.co.uk/tino-livramento/profil/spieler/503981,2002-11-12 00:00:00,23,182,right,Right-Back,,,40000000,2025,2028-06-30 00:00:00,THE·TEAM,Newcastle United Football Club,transfermarkt_dataset
france_adrien_rabiot,182913,Adrien Rabiot,https://www.transfermarkt.co.uk/adrien-rabiot/profil/spieler/182913,1995-04-03 00:00:00,31,191,left,Central Midfield,,,20000000,2025,2028-06-30 00:00:00,,Associazione Calcio Milan,transfermarkt_dataset
france_aurelien_tchouameni,413112,Aurélien Tchouaméni,https://www.transfermarkt.co.uk/aurelien-tchouameni/profil/spieler/413112,2000-01-27 00:00:00,26,188,right,Defensive Midfield,,,100000000,2025,2028-06-30 00:00:00,ESN,Real Madrid Club de Fútbol,transfermarkt_dataset
france_bradley_barcola,708265,Bradley Barcola,https://www.transfermarkt.co.uk/bradley-barcola/profil/spieler/708265,2002-09-02 00:00:00,23,182,right,Left Winger,,,70000000,2025,2028-06-30 00:00:00,Gestifute,Paris Saint-Germain Football Club,transfermarkt_dataset
france_brice_samba,191056,Brice Samba,https://www.transfermarkt.co.uk/brice-samba/profil/spieler/191056,1994-04-25 00:00:00,32,187,left,Goalkeeper,,,10000000,2025,2029-06-30 00:00:00,Sport Cover,Stade Rennais Football Club,transfermarkt_dataset
france_dayot_upamecano,344695,Dayot Upamecano,https://www.transfermarkt.co.uk/dayot-upamecano/profil/spieler/344695,1998-10-27 00:00:00,27,186,right,Centre-Back,,,70000000,2025,2030-06-30 00:00:00,,FC Bayern München,transfermarkt_dataset
france_desire_doue,914562,Désiré Doué,https://www.transfermarkt.co.uk/desire-doue/profil/spieler/914562,2005-06-03 00:00:00,21,181,right,Right Winger,,,90000000,2025,2029-06-30 00:00:00,,Paris Saint-Germain Football Club,transfermarkt_dataset
france_ibrahima_konate,357119,Ibrahima Konaté,https://www.transfermarkt.co.uk/ibrahima-konate/profil/spieler/357119,1999-05-25 00:00:00,27,194,right,Centre-Back,,,45000000,2025,2026-06-30 00:00:00,CAA Stellar,Liverpool Football Club,transfermarkt_dataset
france_jean_philippe_mateta,420002,Jean-Philippe Mateta,https://www.transfermarkt.co.uk/jean-philippe-mateta/profil/spieler/420002,1997-06-28 00:00:00,28,192,right,Centre-Forward,,,40000000,2025,2027-06-30 00:00:00,Paul Latouche,Crystal Palace Football Club,transfermarkt_dataset
france_jules_kounde,411975,Jules Koundé,https://www.transfermarkt.co.uk/jules-kounde/profil/spieler/411975,1998-11-12 00:00:00,27,180,right,Right-Back,,,45000000,2025,2030-06-30 00:00:00,ESN,Futbol Club Barcelona,transfermarkt_dataset
france_kylian_mbappe,342229,Kylian Mbappé,https://www.transfermarkt.co.uk/kylian-mbappe/profil/spieler/342229,1998-12-20 00:00:00,27,180,right,Centre-Forward,,,180000000,2025,2029-06-30 00:00:00,,Real Madrid Club de Fútbol,transfermarkt_dataset
france_lucas_digne,126664,Lucas Digne,https://www.transfermarkt.co.uk/lucas-digne/profil/spieler/126664,1993-07-20 00:00:00,32,178,left,Left-Back,,,8000000,2025,2028-06-30 00:00:00,Classico,Aston Villa Football Club,transfermarkt_dataset
france_lucas_hernandez,281963,Lucas Hernández,https://www.transfermarkt.co.uk/lucas-hernandez/profil/spieler/281963,1996-02-14 00:00:00,30,184,left,Left-Back,,,20000000,2025,2028-06-30 00:00:00,Manuel García Quilón,Paris Saint-Germain Football Club,transfermarkt_dataset
france_maghnes_akliouche,745200,Maghnes Akliouche,https://www.transfermarkt.co.uk/maghnes-akliouche/profil/spieler/745200,2002-02-25 00:00:00,24,183,left,Right Winger,,,45000000,2025,2028-06-30 00:00:00,,Association sportive de Monaco Football Club,transfermarkt_dataset
france_malo_gusto,620322,Malo Gusto,https://www.transfermarkt.co.uk/malo-gusto/profil/spieler/620322,2003-05-19 00:00:00,23,178,right,Right-Back,,,35000000,2025,2030-06-30 00:00:00,THE·TEAM,Chelsea Football Club,transfermarkt_dataset
france_manu_kone,624690,Manu Koné,https://www.transfermarkt.co.uk/manu-kone/profil/spieler/624690,2001-05-17 00:00:00,25,185,right,Central Midfield,,,50000000,2025,2029-06-30 00:00:00,ESN,Associazione Sportiva Roma,transfermarkt_dataset
france_marcus_thuram,318528,Marcus Thuram,https://www.transfermarkt.co.uk/marcus-thuram/profil/spieler/318528,1997-08-06 00:00:00,28,192,right,Centre-Forward,,,60000000,2025,2028-06-30 00:00:00,Sport Cover,Football Club Internazionale Milano S.p.A.,transfermarkt_dataset
france_maxence_lacroix,434224,Maxence Lacroix,https://www.transfermarkt.co.uk/maxence-lacroix/profil/spieler/434224,2000-04-06 00:00:00,26,190,right,Centre-Back,,,35000000,2025,2029-06-30 00:00:00,Unique Sports Group,Crystal Palace Football Club,transfermarkt_dataset
france_michael_olise,566723,Michael Olise,https://www.transfermarkt.co.uk/michael-olise/profil/spieler/566723,2001-12-12 00:00:00,24,184,left,Right Winger,,,130000000,2025,2029-06-30 00:00:00,,FC Bayern München,transfermarkt_dataset
france_mike_maignan,182906,Mike Maignan,https://www.transfermarkt.co.uk/mike-maignan/profil/spieler/182906,1995-07-03 00:00:00,30,191,right,Goalkeeper,,,38000000,2025,2031-06-30 00:00:00,ESN,Associazione Calcio Milan,transfermarkt_dataset
france_ngolo_kante,225083,N'Golo Kanté,https://www.transfermarkt.co.uk/ngolo-kante/profil/spieler/225083,1991-03-29 00:00:00,35,168,right,Defensive Midfield,,,12000000,2025,2028-06-30 00:00:00,KDS FM,Fenerbahçe Spor Kulübü,transfermarkt_dataset
france_ousmane_dembele,288230,Ousmane Dembélé,https://www.transfermarkt.co.uk/ousmane-dembele/profil/spieler/288230,1997-05-15 00:00:00,29,178,both,Centre-Forward,,,100000000,2025,2028-06-30 00:00:00,,Paris Saint-Germain Football Club,transfermarkt_dataset
france_rayan_cherki,607223,Rayan Cherki,https://www.transfermarkt.co.uk/rayan-cherki/profil/spieler/607223,2003-08-17 00:00:00,22,177,both,Attacking Midfield,,,50000000,2025,2030-06-30 00:00:00,,Manchester City Football Club,transfermarkt_dataset
france_robin_risser,743515,Robin Risser,https://www.transfermarkt.co.uk/robin-risser/profil/spieler/743515,2004-12-02 00:00:00,21,193,right,Goalkeeper,,,10000000,2025,2030-06-30 00:00:00,Carmenta,Racing Club de Lens,transfermarkt_dataset
france_theo_hernandez,339808,Theo Hernández,https://www.transfermarkt.co.uk/theo-hernandez/profil/spieler/339808,1997-10-06 00:00:00,28,184,left,Left-Back,,,60000000,2025,2028-06-30 00:00:00,Manuel García Quilón,Al-Hilal Saudi Football Club,transfermarkt_dataset
france_warren_zaire_emery,810092,Warren Zaïre-Emery,https://www.transfermarkt.co.uk/warren-zaire-emery/profil/spieler/810092,2006-03-08 00:00:00,20,178,right,Central Midfield,,,50000000,2025,2029-06-30 00:00:00,Gestifute,Paris Saint-Germain Football Club,transfermarkt_dataset
france_william_saliba,495666,William Saliba,https://www.transfermarkt.co.uk/william-saliba/profil/spieler/495666,2001-03-24 00:00:00,25,192,right,Centre-Back,,,90000000,2025,2030-06-30 00:00:00,ND SPORTS MANAGEMENT,Arsenal Football Club,transfermarkt_dataset
germany_aleksandar_pavlovic,792380,Aleksandar Pavlovic,https://www.transfermarkt.co.uk/aleksandar-pavlovic/profil/spieler/792380,2004-05-03 00:00:00,22,188,both,Defensive Midfield,,,65000000,2025,2029-06-30 00:00:00,BALLWERK Sports GmbH,FC Bayern München,transfermarkt_dataset
germany_alexander_nuebel,195778,Alexander Nübel,https://www.transfermarkt.co.uk/alexander-nubel/profil/spieler/195778,1996-09-30 00:00:00,29,193,right,Goalkeeper,,,12000000,2025,2026-06-30 00:00:00,Siebert & Backs,Verein für Bewegungsspiele Stuttgart 1893,transfermarkt_dataset
germany_angelo_stiller,443710,Angelo Stiller,https://www.transfermarkt.co.uk/angelo-stiller/profil/spieler/443710,2001-04-04 00:00:00,25,183,left,Defensive Midfield,,,45000000,2025,2028-06-30 00:00:00,Sports360 GmbH,Verein für Bewegungsspiele Stuttgart 1893,transfermarkt_dataset
germany_antonio_ruediger,86202,Antonio Rüdiger,https://www.transfermarkt.co.uk/antonio-rudiger/profil/spieler/86202,1993-03-03 00:00:00,33,190,right,Centre-Back,,,25000000,2025,2026-06-30 00:00:00,,Real Madrid Club de Fútbol,transfermarkt_dataset
germany_david_raum,318204,David Raum,https://www.transfermarkt.co.uk/david-raum/profil/spieler/318204,1998-04-22 00:00:00,28,181,left,Left-Back,,,20000000,2025,2027-06-30 00:00:00,ROOF,RasenBallsport Leipzig,transfermarkt_dataset
germany_deniz_undav,339314,Deniz Undav,https://www.transfermarkt.co.uk/deniz-undav/profil/spieler/339314,1996-07-19 00:00:00,29,179,both,Centre-Forward,,,25000000,2025,2029-06-30 00:00:00,Tenet Football,Verein für Bewegungsspiele Stuttgart 1893,transfermarkt_dataset
germany_felix_nmecha,406640,Felix Nmecha,https://www.transfermarkt.co.uk/felix-nmecha/profil/spieler/406640,2000-10-10 00:00:00,25,190,right,Central Midfield,,,45000000,2025,2030-06-30 00:00:00,THE TALENT TABLE,Borussia Dortmund,transfermarkt_dataset
germany_florian_wirtz,598577,Florian Wirtz,https://www.transfermarkt.co.uk/florian-wirtz/profil/spieler/598577,2003-05-03 00:00:00,23,177,right,Attacking Midfield,,,110000000,2025,2030-06-30 00:00:00,,Liverpool Football Club,transfermarkt_dataset
germany_jamal_musiala,580195,Jamal Musiala,https://www.transfermarkt.co.uk/jamal-musiala/profil/spieler/580195,2003-02-26 00:00:00,23,184,right,Attacking Midfield,,,130000000,2025,2030-06-30 00:00:00,11WINS,FC Bayern München,transfermarkt_dataset
germany_jamie_leweling,518505,Jamie Leweling,https://www.transfermarkt.co.uk/jamie-leweling/profil/spieler/518505,2001-02-26 00:00:00,25,185,both,Right Winger,,,25000000,2025,2029-06-30 00:00:00,AGM,Verein für Bewegungsspiele Stuttgart 1893,transfermarkt_dataset
germany_jonathan_tah,196357,Jonathan Tah,https://www.transfermarkt.co.uk/jonathan-tah/profil/spieler/196357,1996-02-11 00:00:00,30,195,right,Centre-Back,,,30000000,2025,2029-06-30 00:00:00,Gol International,FC Bayern München,transfermarkt_dataset
germany_joshua_kimmich,161056,Joshua Kimmich,https://www.transfermarkt.co.uk/joshua-kimmich/profil/spieler/161056,1995-02-08 00:00:00,31,177,right,Defensive Midfield,,,40000000,2025,2029-06-30 00:00:00,,FC Bayern München,transfermarkt_dataset
germany_kai_havertz,309400,Kai Havertz,https://www.transfermarkt.co.uk/kai-havertz/profil/spieler/309400,1999-06-11 00:00:00,26,193,left,Centre-Forward,,,55000000,2025,2028-06-30 00:00:00,ROOF,Arsenal Football Club,transfermarkt_dataset
germany_lennart_karl,1075147,Lennart Karl,https://www.transfermarkt.co.uk/lennart-karl/profil/spieler/1075147,2008-02-22 00:00:00,18,168,left,Attacking Midfield,,,60000000,2025,2029-06-30 00:00:00,Lucky 13,FC Bayern München,transfermarkt_dataset
germany_leon_goretzka,153084,Leon Goretzka,https://www.transfermarkt.co.uk/leon-goretzka/profil/spieler/153084,1995-02-06 00:00:00,31,189,right,Central Midfield,,,15000000,2025,2026-06-30 00:00:00,ROOF,FC Bayern München,transfermarkt_dataset
germany_leroy_sane,192565,Leroy Sané,https://www.transfermarkt.co.uk/leroy-sane/profil/spieler/192565,1996-01-11 00:00:00,30,183,left,Right Winger,,,23000000,2025,2028-06-30 00:00:00,Gol International,Galatasaray Spor Kulübü,transfermarkt_dataset
germany_malick_thiaw,521964,Malick Thiaw,https://www.transfermarkt.co.uk/malick-thiaw/profil/spieler/521964,2001-08-08 00:00:00,24,194,right,Centre-Back,,,25000000,2025,2029-06-30 00:00:00,Unique Sports Group,Newcastle United Football Club,transfermarkt_dataset
germany_manuel_neuer,17259,Manuel Neuer,https://www.transfermarkt.co.uk/manuel-neuer/profil/spieler/17259,1986-03-27 00:00:00,40,193,right,Goalkeeper,,,4000000,2025,2027-06-30 00:00:00,PRO Profil GmbH,FC Bayern München,transfermarkt_dataset
germany_maximilian_beier,578392,Maximilian Beier,https://www.transfermarkt.co.uk/maximilian-beier/profil/spieler/578392,2002-10-17 00:00:00,23,185,right,Centre-Forward,,,30000000,2025,2029-06-30 00:00:00,11WINS,Borussia Dortmund,transfermarkt_dataset
germany_nadiem_amiri,232454,Nadiem Amiri,https://www.transfermarkt.co.uk/nadiem-amiri/profil/spieler/232454,1996-10-27 00:00:00,29,180,right,Central Midfield,,,17000000,2025,2028-06-30 00:00:00,Gol International,1. Fußball- und Sportverein Mainz 05,transfermarkt_dataset
germany_nathaniel_brown,691892,Nathaniel Brown,https://www.transfermarkt.co.uk/nathaniel-brown/profil/spieler/691892,2003-06-16 00:00:00,22,176,left,Left-Back,,,35000000,2025,2030-06-30 00:00:00,Soccer-Concept AG,Eintracht Frankfurt Fußball AG,transfermarkt_dataset
germany_nick_woltemade,455661,Nick Woltemade,https://www.transfermarkt.co.uk/nick-woltemade/profil/spieler/455661,2002-02-14 00:00:00,24,198,right,Centre-Forward,,,70000000,2025,2031-07-01 00:00:00,,Newcastle United Football Club,transfermarkt_dataset
germany_nico_schlotterbeck,388198,Nico Schlotterbeck,https://www.transfermarkt.co.uk/nico-schlotterbeck/profil/spieler/388198,1999-12-01 00:00:00,26,191,left,Centre-Back,,,55000000,2025,2031-06-30 00:00:00,Björn Etzel,Borussia Dortmund,transfermarkt_dataset
germany_oliver_baumann,55089,Oliver Baumann,https://www.transfermarkt.co.uk/oliver-baumann/profil/spieler/55089,1990-06-02 00:00:00,36,187,right,Goalkeeper,,,3000000,2025,2028-06-30 00:00:00,CN Sports,Turn- und Sportgemeinschaft 1899 Hoffenheim Fußball-Spielbetriebs,transfermarkt_dataset
germany_pascal_gross,82873,Pascal Groß,https://www.transfermarkt.co.uk/pascal-gross/profil/spieler/82873,1991-06-15 00:00:00,34,181,right,Central Midfield,,,3500000,2025,2027-06-30 00:00:00,Excellence Sport,Brighton and Hove Albion Football Club,transfermarkt_dataset
germany_waldemar_anton,193004,Waldemar Anton,https://www.transfermarkt.co.uk/waldemar-anton/profil/spieler/193004,1996-07-20 00:00:00,29,189,right,Centre-Back,,,18000000,2025,2028-06-30 00:00:00,AKA Global GmbH,Borussia Dortmund,transfermarkt_dataset
ghana_abdul_mumin,451801,Abdul Mumin,https://www.transfermarkt.co.uk/abdul-mumin/profil/spieler/451801,1998-06-06 00:00:00,28,188,right,Centre-Back,,,2500000,2025,2026-06-30 00:00:00,HC,Rayo Vallecano de Madrid S. A. D.,transfermarkt_dataset
ghana_alidu_seidu,798404,Alidu Seidu,https://www.transfermarkt.co.uk/alidu-seidu/profil/spieler/798404,2000-06-04 00:00:00,26,173,right,Centre-Back,,,6000000,2025,2029-06-30 00:00:00,BLACKSKILL,Stade Rennais Football Club,transfermarkt_dataset
ghana_antoine_semenyo,583255,Antoine Semenyo,https://www.transfermarkt.co.uk/antoine-semenyo/profil/spieler/583255,2000-01-07 00:00:00,26,185,right,Right Winger,,,65000000,2025,2031-06-30 00:00:00,,Manchester City Football Club,transfermarkt_dataset
ghana_augustine_boakye,579263,Augustine Boakye,https://www.transfermarkt.co.uk/augustine-boakye/profil/spieler/579263,2000-11-03 00:00:00,25,178,left,Right Winger,,,4000000,2024,2028-06-30 00:00:00,Marcel Veerman,AS Saint-Étienne,transfermarkt_dataset
ghana_caleb_yirenkyi,1240763,Caleb Yirenkyi,https://www.transfermarkt.co.uk/caleb-yirenkyi/profil/spieler/1240763,2006-01-15 00:00:00,20,182,right,Central Midfield,,,,2025,2030-06-30 00:00:00,CAA Stellar,Fodbold Club Nordsjælland,transfermarkt_dataset
ghana_christopher_bonsu_baah,1119447,Christopher Bonsu Baah,https://www.transfermarkt.co.uk/christopher-bonsu-baah/profil/spieler/1119447,2004-12-14 00:00:00,21,172,left,Left Winger,,,3500000,2025,2029-06-30 00:00:00,THE·TEAM,Al-Qadsiah Saudi Football Club,transfermarkt_dataset
ghana_elisha_owusu,395695,Elisha Owusu,https://www.transfermarkt.co.uk/elisha-owusu/profil/spieler/395695,1997-11-07 00:00:00,28,182,right,Defensive Midfield,,,2500000,2025,2027-06-30 00:00:00,,Association de la Jeunesse auxerroise,transfermarkt_dataset
ghana_ernest_nuamah,955070,Ernest Nuamah,https://www.transfermarkt.co.uk/ernest-nuamah/profil/spieler/955070,2003-11-01 00:00:00,22,178,left,Right Winger,,,12000000,2025,2028-06-30 00:00:00,ROOF,Olympique Lyonnais,transfermarkt_dataset
ghana_gideon_mensah,397171,Gideon Mensah,https://www.transfermarkt.co.uk/gideon-mensah/profil/spieler/397171,1998-07-18 00:00:00,27,178,left,Left-Back,,,3500000,2025,2026-06-30 00:00:00,HC,Association de la Jeunesse auxerroise,transfermarkt_dataset
ghana_inaki_williams,255508,Iñaki Williams,https://www.transfermarkt.co.uk/inaki-williams/profil/spieler/255508,1994-06-15 00:00:00,31,186,right,Right Winger,,,25000000,2025,2028-06-30 00:00:00,,Athletic Club Bilbao,transfermarkt_dataset
ghana_jerome_opoku,408563,Jerome Opoku,https://www.transfermarkt.co.uk/jerome-opoku/profil/spieler/408563,1998-10-14 00:00:00,27,197,left,Centre-Back,,,2000000,2025,2027-06-30 00:00:00,THE·TEAM,İstanbul Başakşehir Futbol Kulübü,transfermarkt_dataset
ghana_jonas_adjetey,734676,Jonas Adjetey,https://www.transfermarkt.co.uk/jonas-adjetey/profil/spieler/734676,2003-12-13 00:00:00,22,188,right,Centre-Back,,,,2025,2030-06-30 00:00:00,SBE Management AG,Verein für Leibesübungen Wolfsburg,transfermarkt_dataset
ghana_jordan_ayew,108354,Jordan Ayew,https://www.transfermarkt.co.uk/jordan-ayew/profil/spieler/108354,1991-09-11 00:00:00,34,182,right,Centre-Forward,,,1800000,2024,2026-06-30 00:00:00,Wasserman,Leicester City,transfermarkt_dataset
ghana_joseph_anang,576099,Joseph Anang,https://www.transfermarkt.co.uk/joseph-anang/profil/spieler/576099,2000-06-08 00:00:00,25,190,right,Goalkeeper,,,300000,2025,2026-11-30 00:00:00,Philip Mbah,,transfermarkt_dataset
ghana_kamaldeen_sulemana,746695,Kamaldeen Sulemana,https://www.transfermarkt.co.uk/kamaldeen-sulemana/profil/spieler/746695,2002-02-15 00:00:00,24,175,right,Left Winger,,,18000000,2025,2029-06-30 00:00:00,,Atalanta Bergamasca Calcio S.p.a.,transfermarkt_dataset
ghana_kojo_peprah_oppong,1113451,Kojo Peprah Oppong,https://www.transfermarkt.co.uk/kojo-peprah-oppong/profil/spieler/1113451,2004-06-04 00:00:00,22,185,right,Centre-Back,,,,2025,2029-06-30 00:00:00,,Olympique Gymnaste Club Nice Côte d'Azur,transfermarkt_dataset
ghana_kwasi_sibo,538006,Kwasi Sibo,https://www.transfermarkt.co.uk/kwasi-sibo/profil/spieler/538006,1998-06-24 00:00:00,27,183,right,Central Midfield,,,300000,2025,2026-06-30 00:00:00,JV SPORTS ,Real Oviedo S.A.D.,transfermarkt_dataset
ghana_lawrence_ati_zigi,254285,Lawrence Ati Zigi,https://www.transfermarkt.co.uk/lawrence-ati-zigi/profil/spieler/254285,1996-11-29 00:00:00,29,188,right,Goalkeeper,,,,2025,2027-06-30 00:00:00,SBE Management AG,FC St. Gallen 1879,transfermarkt_dataset
ghana_marvin_senaya,830890,Marvin Senaya,https://www.transfermarkt.co.uk/marvin-senaya/profil/spieler/830890,2001-01-28 00:00:00,25,181,right,Right-Back,,,3000000,2025,2029-06-30 00:00:00,Pro Eleven Agency,Association de la Jeunesse auxerroise,transfermarkt_dataset
ghana_prince_adu,734799,Prince Adu,https://www.transfermarkt.co.uk/prince-adu/profil/spieler/734799,2003-09-23 00:00:00,22,179,right,Centre-Forward,,,3500000,2025,2027-06-30 00:00:00,,"FC Viktoria Plzeň, a.s.",transfermarkt_dataset
ghana_thomas_partey,230784,Thomas Partey,https://www.transfermarkt.co.uk/thomas-partey/profil/spieler/230784,1993-06-13 00:00:00,32,185,right,Defensive Midfield,,,5000000,2025,2026-06-30 00:00:00,JJ SPORT,Villarreal Club de Fútbol S.A.D.,transfermarkt_dataset
haiti_alexandre_pierre,838947,Alexandre Pierre,https://www.transfermarkt.co.uk/alexandre-pierre/profil/spieler/838947,2001-02-25 00:00:00,25,190,right,Goalkeeper,,,100000,2023,2026-06-30 00:00:00,LIMITLESS COMPANY,Racing Club de Strasbourg Alsace,transfermarkt_dataset
haiti_carlens_arcus,371686,Carlens Arcus,https://www.transfermarkt.co.uk/carlens-arcus/profil/spieler/371686,1996-06-28 00:00:00,29,176,right,Right-Back,,,700000,2025,2027-06-30 00:00:00,Kemari,Angers Sporting Club de l'Ouest,transfermarkt_dataset
haiti_danley_jean_jacques,628834,Danley Jean Jacques,https://www.transfermarkt.co.uk/danley-jean-jacques/profil/spieler/628834,2000-05-20 00:00:00,26,182,right,Defensive Midfield,,,2000000,2025,2026-12-31 00:00:00,SAS ASSIST & GOAL,Philadelphia Union,transfermarkt_dataset
haiti_derrick_etienne,354763,Derrick Etienne Jr.,https://www.transfermarkt.co.uk/derrick-etienne-jr-/profil/spieler/354763,1996-11-25 00:00:00,29,178,right,Left Winger,,,,2025,2026-12-31 00:00:00,YMU Management Ltd.,Toronto FC,transfermarkt_dataset
haiti_duckens_nazon,345763,Duckens Nazon,https://www.transfermarkt.co.uk/duckens-nazon/profil/spieler/345763,1994-04-07 00:00:00,32,181,right,Centre-Forward,,,1600000,2024,2028-06-30 00:00:00,,Kayserispor Kulübü,transfermarkt_dataset
haiti_frantzdy_pierrot,492955,Frantzdy Pierrot,https://www.transfermarkt.co.uk/frantzdy-pierrot/profil/spieler/492955,1995-03-29 00:00:00,31,194,right,Centre-Forward,,,3000000,2025,2026-06-30 00:00:00,Soccermax,Çaykur Rizespor Kulübü,transfermarkt_dataset
haiti_hannes_delcroix,338635,Hannes Delcroix,https://www.transfermarkt.co.uk/hannes-delcroix/profil/spieler/338635,1999-02-28 00:00:00,27,184,left,Centre-Back,,,4000000,2025,2028-06-30 00:00:00,THE·TEAM,FC Lugano,transfermarkt_dataset
haiti_jean_kevin_duverne,344864,Jean-Kévin Duverne,https://www.transfermarkt.co.uk/jean-kevin-duverne/profil/spieler/344864,1997-07-12 00:00:00,28,186,right,Centre-Back,,,3500000,2025,2026-06-30 00:00:00,Concept Sport Agency,Koninklijke Atletiek Associatie Gent,transfermarkt_dataset
haiti_jean_ricner_bellegarde,450050,Jean-Ricner Bellegarde,https://www.transfermarkt.co.uk/jean-ricner-bellegarde/profil/spieler/450050,1998-06-27 00:00:00,27,172,right,Central Midfield,,,15000000,2025,2028-06-30 00:00:00,,Wolverhampton Wanderers Football Club,transfermarkt_dataset
haiti_johny_placide,51035,Johny Placide,https://www.transfermarkt.co.uk/johny-placide/profil/spieler/51035,1988-01-29 00:00:00,38,181,right,Goalkeeper,,,250000,2016,2023-06-30 00:00:00,,EA Guingamp,transfermarkt_dataset
haiti_josue_casimir,763182,Josué Casimir,https://www.transfermarkt.co.uk/josue-casimir/profil/spieler/763182,2001-09-24 00:00:00,24,178,right,Right Winger,,,3500000,2025,2028-06-30 00:00:00,ND SPORTS MANAGEMENT,Association de la Jeunesse auxerroise,transfermarkt_dataset
haiti_louicius_deedson,646108,Louicius Deedson,https://www.transfermarkt.co.uk/louicius-deedson/profil/spieler/646108,2001-02-11 00:00:00,25,178,left,Right Winger,,,1200000,2025,2028-12-31 00:00:00,MTG,FC Dallas,transfermarkt_dataset
haiti_ruben_providence,536520,Ruben Providence,https://www.transfermarkt.co.uk/ruben-providence/profil/spieler/536520,2001-07-07 00:00:00,24,178,right,Left Winger,,,300000,2024,2027-06-30 00:00:00,Two Touch Agency,Turn- und Sportverein Egger Glas Hartberg,transfermarkt_dataset
haiti_wilguens_paugain,609691,Wilguens Paugain,https://www.transfermarkt.co.uk/wilguens-paugain/profil/spieler/609691,2001-08-24 00:00:00,24,180,right,Right-Back,,,,2025,2028-06-30 00:00:00,MDC Advisors,Sportvereniging Zulte Waregem,transfermarkt_dataset
haiti_wilson_isidor,494237,Wilson Isidor,https://www.transfermarkt.co.uk/wilson-isidor/profil/spieler/494237,2000-08-27 00:00:00,25,186,right,Centre-Forward,,,18000000,2025,2028-06-30 00:00:00,Ettori Management,Sunderland Association Football Club,transfermarkt_dataset
iran_ali_alipour,249360,Ali Alipour,https://www.transfermarkt.co.uk/ali-alipour/profil/spieler/249360,1995-11-11 00:00:00,30,181,both,Centre-Forward,,,1000000,2025,2026-06-30 00:00:00,Arvand Sport,,transfermarkt_dataset
iran_alireza_beiranvand,229081,Alireza Beiranvand,https://www.transfermarkt.co.uk/alireza-beiranvand/profil/spieler/229081,1992-09-21 00:00:00,33,194,right,Goalkeeper,,,1200000,2021,2025-06-30 00:00:00,Arvand Sport,Boavista FC,transfermarkt_dataset
iran_alireza_jahanbakhsh,213268,Alireza Jahanbakhsh,https://www.transfermarkt.co.uk/alireza-jahanbakhsh/profil/spieler/213268,1993-08-11 00:00:00,32,183,right,Right Winger,,,3000000,2025,2026-06-30 00:00:00,AFFG,FC Verbroedering Denderhoutem Denderleeuw Eendracht Hekelgem,transfermarkt_dataset
iran_amirhossein_hosseinzadeh,542380,Amirhossein Hosseinzadeh,https://www.transfermarkt.co.uk/amirhossein-hosseinzadeh/profil/spieler/542380,2000-10-30 00:00:00,25,178,right,Centre-Forward,,,700000,2025,2028-06-30 00:00:00,PlayMaker,,transfermarkt_dataset
iran_ehsan_hajisafi,77547,Ehsan Hajsafi,https://www.transfermarkt.co.uk/ehsan-hajsafi/profil/spieler/77547,1990-02-25 00:00:00,36,178,left,Left-Back,,,275000,2024,2026-06-30 00:00:00,SA Sport Agency,Athlitiki Enosi Konstantinoupoleos,transfermarkt_dataset
iran_mehdi_ghayedi,478192,Mehdi Ghayedi,https://www.transfermarkt.co.uk/mehdi-ghayedi/profil/spieler/478192,1998-12-05 00:00:00,27,166,right,Left Winger,,,,2025,2028-06-30 00:00:00,,,transfermarkt_dataset
iran_mehdi_taremi,307058,Mehdi Taremi,https://www.transfermarkt.co.uk/mehdi-taremi/profil/spieler/307058,1992-07-18 00:00:00,33,185,right,Centre-Forward,,,2500000,2025,2027-06-30 00:00:00,,Olympiakos Syndesmos Filathlon Peiraios,transfermarkt_dataset
iran_milad_mohammadi,333355,Milad Mohammadi,https://www.transfermarkt.co.uk/milad-mohammadi/profil/spieler/333355,1993-09-29 00:00:00,32,178,left,Left-Back,,,1300000,2024,2026-06-30 00:00:00,,Adana Demirspor,transfermarkt_dataset
iran_mohammad_ghorbani,856087,Mohammad Ghorbani,https://www.transfermarkt.co.uk/mohammad-ghorbani/profil/spieler/856087,2001-05-21 00:00:00,25,190,right,Defensive Midfield,,,800000,2024,2026-06-30 00:00:00,PlayMaker,FC Orenburg,transfermarkt_dataset
iran_payam_niazmand,343044,Payam Niazmand,https://www.transfermarkt.co.uk/payam-niazmand/profil/spieler/343044,1995-04-06 00:00:00,31,194,right,Goalkeeper,,,750000,2022,2025-06-30 00:00:00,,Portimonense SC,transfermarkt_dataset
iran_ramin_rezaeian,188312,Ramin Rezaeian,https://www.transfermarkt.co.uk/ramin-rezaeian/profil/spieler/188312,1990-03-21 00:00:00,36,184,right,Right-Back,,,450000,2025,2026-06-30 00:00:00,PIFA ,,transfermarkt_dataset
iran_saeid_ezatolahi,249271,Saeid Ezatolahi,https://www.transfermarkt.co.uk/saeid-ezatolahi/profil/spieler/249271,1996-10-01 00:00:00,29,190,right,Defensive Midfield,,,900000,2023,,MBS Sports,Vejle Boldklub,transfermarkt_dataset
iran_saman_ghoddos,204294,Saman Ghoddos,https://www.transfermarkt.co.uk/saman-ghoddos/profil/spieler/204294,1993-09-06 00:00:00,32,175,right,Attacking Midfield,,,2000000,2023,,,Brentford Football Club,transfermarkt_dataset
iraq_ahmed_qasim,833817,Ahmed Qasem,https://www.transfermarkt.co.uk/ahmed-qasem/profil/spieler/833817,2003-07-12 00:00:00,22,183,left,Right Winger,,,,2025,2027-12-31 00:00:00,,Nashville SC,transfermarkt_dataset
iraq_ahmed_yahya,949320,Ahmed Yahya,https://www.transfermarkt.co.uk/ahmed-yahya/profil/spieler/949320,1995-07-01 00:00:00,30,187,left,Left-Back,,,,2025,,Persian Stars Ltd.,,transfermarkt_dataset
iraq_aimar_sher,579294,Aimar Sher,https://www.transfermarkt.co.uk/aimar-sher/profil/spieler/579294,2002-12-20 00:00:00,23,180,right,Central Midfield,,,750000,2025,2028-12-31 00:00:00,Darren Dein,Sarpsborg 08 Fotballforening,transfermarkt_dataset
iraq_ali_alhamadi,610581,Ali Al-Hamadi,https://www.transfermarkt.co.uk/ali-al-hamadi/profil/spieler/610581,2002-03-01 00:00:00,24,187,right,Centre-Forward,,,2000000,2025,2026-06-30 00:00:00,THE·TEAM,Luton Town,transfermarkt_dataset
iraq_ali_jasim,877672,Ali Jasim,https://www.transfermarkt.co.uk/ali-jasim/profil/spieler/877672,2004-01-20 00:00:00,22,178,right,Left Winger,,,,2025,2026-06-30 00:00:00,CAA Base Ltd,Al-Najma Sport Club,transfermarkt_dataset
iraq_ali_yousif,576265,Ali Yousif,https://www.transfermarkt.co.uk/ali-yousif/profil/spieler/576265,1996-01-19 00:00:00,30,192,right,Centre-Forward,,,,2025,,,,transfermarkt_dataset
iraq_amir_alammari,303766,Amir Al-Ammari,https://www.transfermarkt.co.uk/amir-al-ammari/profil/spieler/303766,1997-07-27 00:00:00,28,184,left,Defensive Midfield,,,,2025,2027-06-30 00:00:00,,Klub Sportowy Cracovia Spółka Akcyjna,transfermarkt_dataset
iraq_aymen_hussein,401054,Aymen Hussein,https://www.transfermarkt.co.uk/aymen-hussein/profil/spieler/401054,1996-03-22 00:00:00,30,189,right,Centre-Forward,,,,2025,,ENV SPORTS,,transfermarkt_dataset
iraq_fahad_talib,377268,Fahad Talib,https://www.transfermarkt.co.uk/fahad-talib/profil/spieler/377268,1994-10-21 00:00:00,31,193,,Goalkeeper,,,,2025,,Amir Arsalan Mortaz,,transfermarkt_dataset
iraq_hussein_ali,585325,Hussein Ali,https://www.transfermarkt.co.uk/hussein-ali/profil/spieler/585325,2002-03-01 00:00:00,24,182,right,Right-Back,,,400000,2025,2028-06-30 00:00:00,,Morski Klub Sportowy Pogoń Szczecin,transfermarkt_dataset
iraq_ibrahim_bayesh,560957,Ibrahim Bayesh,https://www.transfermarkt.co.uk/ibrahim-bayesh/profil/spieler/560957,2000-01-01 00:00:00,26,177,right,Attacking Midfield,,,,2025,,Sportlink Agency,,transfermarkt_dataset
iraq_jalal_hassan,206782,Jalal Hassan,https://www.transfermarkt.co.uk/jalal-hassan/profil/spieler/206782,1991-05-18 00:00:00,35,184,right,Goalkeeper,,,,2025,2026-06-30 00:00:00,,,transfermarkt_dataset
iraq_kevin_yakob,413268,Kevin Yakob,https://www.transfermarkt.co.uk/kevin-yakob/profil/spieler/413268,2000-10-10 00:00:00,25,184,right,Central Midfield,,,600000,2025,2027-06-30 00:00:00,Two Touch Agency,Aarhus Gymnastik Forening,transfermarkt_dataset
iraq_marko_farji,663153,Marko Farji,https://www.transfermarkt.co.uk/marko-farji/profil/spieler/663153,2004-03-16 00:00:00,22,184,right,Left Winger,,,,2025,2030-06-30 00:00:00,,Venezia FC,transfermarkt_dataset
iraq_merchas_doski,530527,Merchas Doski,https://www.transfermarkt.co.uk/merchas-doski/profil/spieler/530527,1999-12-07 00:00:00,26,173,left,Left-Back,,,,2025,2029-06-30 00:00:00,,"FC Viktoria Plzeň, a.s.",transfermarkt_dataset
iraq_mohanad_ali,589646,Mohanad Ali,https://www.transfermarkt.co.uk/mohanad-ali/profil/spieler/589646,2000-06-20 00:00:00,25,183,right,Centre-Forward,,,350000,2025,2026-06-30 00:00:00,Mahir Falih,,transfermarkt_dataset
iraq_mustafa_saadoon,952341,Mustafa Saadoon,https://www.transfermarkt.co.uk/mustafa-saadoon/profil/spieler/952341,2001-05-25 00:00:00,25,182,right,Right-Back,,,,2025,,Westland Group,,transfermarkt_dataset
iraq_youssef_amyn,684307,Youssef Amyn,https://www.transfermarkt.co.uk/youssef-amyn/profil/spieler/684307,2003-08-21 00:00:00,22,175,right,Left Winger,,,,2025,2027-05-31 00:00:00,KAI Football,,transfermarkt_dataset
iraq_zaid_tahseen,931147,Zaid Tahseen,https://www.transfermarkt.co.uk/zaid-tahseen/profil/spieler/931147,2001-01-29 00:00:00,25,187,,Centre-Back,,,,2025,2026-12-31 00:00:00,THE·TEAM,,transfermarkt_dataset
iraq_zidane_iqbal,686845,Zidane Iqbal,https://www.transfermarkt.co.uk/zidane-iqbal/profil/spieler/686845,2003-04-27 00:00:00,23,181,right,Central Midfield,,,3000000,2025,2027-06-30 00:00:00,SEG,Football Club Utrecht,transfermarkt_dataset
ivory_coast_alban_lafont,357117,Alban Lafont,https://www.transfermarkt.co.uk/alban-lafont/profil/spieler/357117,1999-01-23 00:00:00,27,196,right,Goalkeeper,,,3000000,2025,2026-06-30 00:00:00,Sport Cover,Panathinaikos Athlitikos Omilos,transfermarkt_dataset
ivory_coast_amad_diallo,536835,Amad Diallo,https://www.transfermarkt.co.uk/amad-diallo/profil/spieler/536835,2002-07-11 00:00:00,23,173,left,Right Winger,,,50000000,2025,2030-06-30 00:00:00,#LEADERS,Manchester United Football Club,transfermarkt_dataset
ivory_coast_ange_yoan_bonny,827734,Ange-Yoan Bonny,https://www.transfermarkt.co.uk/ange-yoan-bonny/profil/spieler/827734,2003-10-25 00:00:00,22,189,right,Centre-Forward,,,,2025,2030-06-30 00:00:00,,Football Club Internazionale Milano S.p.A.,transfermarkt_dataset
ivory_coast_bazoumana_toure,1067904,Bazoumana Touré,https://www.transfermarkt.co.uk/bazoumana-toure/profil/spieler/1067904,2006-03-02 00:00:00,20,175,left,Left Winger,,,25000000,2025,2029-06-30 00:00:00,Unique Sports Group,Turn- und Sportgemeinschaft 1899 Hoffenheim Fußball-Spielbetriebs,transfermarkt_dataset
ivory_coast_christ_inao_oulai,1279526,Christ Inao Oulaï,https://www.transfermarkt.co.uk/christ-inao-oulai/profil/spieler/1279526,2006-04-06 00:00:00,20,173,right,Central Midfield,,,,2025,2030-06-30 00:00:00,,Trabzonspor Kulübü,transfermarkt_dataset
ivory_coast_christopher_operi,469976,Christopher Operi,https://www.transfermarkt.co.uk/christopher-operi/profil/spieler/469976,1997-04-29 00:00:00,29,183,left,Left-Back,,,4000000,2025,2027-06-30 00:00:00,Libera Sports,İstanbul Başakşehir Futbol Kulübü,transfermarkt_dataset
ivory_coast_elye_wahi,659542,Elye Wahi,https://www.transfermarkt.co.uk/elye-wahi/profil/spieler/659542,2003-01-02 00:00:00,23,184,right,Centre-Forward,,,12000000,2025,2026-06-30 00:00:00,DWMA,Olympique Gymnaste Club Nice Côte d'Azur,transfermarkt_dataset
ivory_coast_emmanuel_agbadou,683895,Emmanuel Agbadou,https://www.transfermarkt.co.uk/emmanuel-agbadou/profil/spieler/683895,1997-06-17 00:00:00,28,192,right,Centre-Back,,,9000000,2025,2030-06-30 00:00:00,Aneke/PMG ,Beşiktaş Jimnastik Kulübü,transfermarkt_dataset
ivory_coast_evan_ndicka,371149,Evan Ndicka,https://www.transfermarkt.co.uk/evan-ndicka/profil/spieler/371149,1999-08-20 00:00:00,26,192,left,Centre-Back,,,30000000,2025,2028-06-30 00:00:00,,Associazione Sportiva Roma,transfermarkt_dataset
ivory_coast_evann_guessand,500689,Evann Guessand,https://www.transfermarkt.co.uk/evann-guessand/profil/spieler/500689,2001-07-01 00:00:00,24,188,right,Right Winger,,,28000000,2025,2026-06-30 00:00:00,One Team Management,Crystal Palace Football Club,transfermarkt_dataset
ivory_coast_franck_kessie,294808,Franck Kessié,https://www.transfermarkt.co.uk/franck-kessie/profil/spieler/294808,1996-12-19 00:00:00,29,183,right,Central Midfield,,,20000000,2025,2026-06-30 00:00:00,Ambition Group,Al-Ahli Saudi Football Club,transfermarkt_dataset
ivory_coast_ghislain_konan,422850,Ghislain Konan,https://www.transfermarkt.co.uk/ghislain-konan/profil/spieler/422850,1995-12-27 00:00:00,30,176,left,Left-Back,,,6500000,2025,2026-06-30 00:00:00,Vlado Bozinoski,Gil Vicente Futebol Clube,transfermarkt_dataset
ivory_coast_guela_doue,711980,Guéla Doué,https://www.transfermarkt.co.uk/guela-doue/profil/spieler/711980,2002-10-17 00:00:00,23,186,right,Right-Back,,,18000000,2025,2029-06-30 00:00:00,Hexagon,Racing Club de Strasbourg Alsace,transfermarkt_dataset
ivory_coast_ibrahim_sangare,375885,Ibrahim Sangaré,https://www.transfermarkt.co.uk/ibrahim-sangare/profil/spieler/375885,1997-12-02 00:00:00,28,191,right,Defensive Midfield,,,22000000,2025,2028-06-30 00:00:00,,Nottingham Forest Football Club,transfermarkt_dataset
ivory_coast_jean_michael_seri,178614,Jean Michaël Seri,https://www.transfermarkt.co.uk/jean-michael-seri/profil/spieler/178614,1991-07-19 00:00:00,34,168,right,Defensive Midfield,,,1500000,2024,2027-05-31 00:00:00,,Al-Orobah FC,transfermarkt_dataset
ivory_coast_mohamed_kone,911985,Mohamed Koné,https://www.transfermarkt.co.uk/mohamed-kone/profil/spieler/911985,2002-03-07 00:00:00,24,186,right,Goalkeeper,,,800000,2025,2027-06-30 00:00:00,,Royal Charleroi Sporting Club,transfermarkt_dataset
ivory_coast_nicolas_pepe,343052,Nicolas Pépé,https://www.transfermarkt.co.uk/nicolas-pepe/profil/spieler/343052,1995-05-29 00:00:00,31,183,left,Right Winger,,,8500000,2025,2028-06-30 00:00:00,,Villarreal Club de Fútbol S.A.D.,transfermarkt_dataset
ivory_coast_odilon_kossounou,644771,Odilon Kossounou,https://www.transfermarkt.co.uk/odilon-kossounou/profil/spieler/644771,2001-01-04 00:00:00,25,191,right,Centre-Back,,,22000000,2025,2029-06-30 00:00:00,Unique Sports Group,Atalanta Bergamasca Calcio S.p.a.,transfermarkt_dataset
ivory_coast_oumar_diakite,847279,Oumar Diakité,https://www.transfermarkt.co.uk/oumar-diakite/profil/spieler/847279,2003-12-20 00:00:00,22,185,right,Centre-Forward,,,5000000,2025,2026-06-30 00:00:00,TSCI,Cercle Brugge Koninklijke Sportvereniging,transfermarkt_dataset
ivory_coast_ousmane_diomande,974982,Ousmane Diomande,https://www.transfermarkt.co.uk/ousmane-diomande/profil/spieler/974982,2003-12-04 00:00:00,22,190,right,Centre-Back,,,45000000,2025,2030-06-30 00:00:00,ROOF,Sporting Clube de Portugal,transfermarkt_dataset
ivory_coast_parfait_guiagon,624913,Parfait Guiagon,https://www.transfermarkt.co.uk/parfait-guiagon/profil/spieler/624913,2001-02-22 00:00:00,25,169,right,Left Winger,,,4000000,2025,2028-06-30 00:00:00,,Royal Charleroi Sporting Club,transfermarkt_dataset
ivory_coast_seko_fofana,182893,Seko Fofana,https://www.transfermarkt.co.uk/seko-fofana/profil/spieler/182893,1995-05-07 00:00:00,31,185,right,Central Midfield,,,8000000,2025,2026-06-30 00:00:00,Sport Cover,Futebol Clube do Porto,transfermarkt_dataset
ivory_coast_simon_adingra,658536,Simon Adingra,https://www.transfermarkt.co.uk/simon-adingra/profil/spieler/658536,2002-01-01 00:00:00,24,175,right,Left Winger,,,22000000,2025,2026-06-30 00:00:00,Fidus Sports,Association sportive de Monaco Football Club,transfermarkt_dataset
ivory_coast_wilfried_singo,648779,Wilfried Singo,https://www.transfermarkt.co.uk/wilfried-singo/profil/spieler/648779,2000-12-25 00:00:00,25,190,right,Centre-Back,,,28000000,2025,2030-06-30 00:00:00,Maxime Nana,Galatasaray Spor Kulübü,transfermarkt_dataset
ivory_coast_yahia_fofana,418651,Yahia Fofana,https://www.transfermarkt.co.uk/yahia-fofana/profil/spieler/418651,2000-08-21 00:00:00,25,194,right,Goalkeeper,,,2500000,2025,2028-06-30 00:00:00,,Çaykur Rizespor Kulübü,transfermarkt_dataset
ivory_coast_yan_diomande,1390649,Yan Diomande,https://www.transfermarkt.co.uk/yan-diomande/profil/spieler/1390649,2006-11-14 00:00:00,19,180,right,Left Winger,,,45000000,2025,2030-06-30 00:00:00,Roc Nation Sports,RasenBallsport Leipzig,transfermarkt_dataset
japan_ao_tanaka,489359,Ao Tanaka,https://www.transfermarkt.co.uk/ao-tanaka/profil/spieler/489359,1998-09-10 00:00:00,27,180,right,Central Midfield,,,,2025,2028-06-30 00:00:00,CAA Base Ltd,Leeds United Association Football Club,transfermarkt_dataset
japan_ayase_ueda,589128,Ayase Ueda,https://www.transfermarkt.co.uk/ayase-ueda/profil/spieler/589128,1998-08-28 00:00:00,27,182,right,Centre-Forward,,,8000000,2025,2028-06-30 00:00:00,Sarcle Co. Ltd.,Feyenoord Rotterdam,transfermarkt_dataset
japan_ayumu_seko,405389,Ayumu Seko,https://www.transfermarkt.co.uk/ayumu-seko/profil/spieler/405389,2000-06-07 00:00:00,26,186,right,Centre-Back,,,,2025,2028-06-30 00:00:00,Sports360 GmbH,Le Havre Athletic Club,transfermarkt_dataset
japan_daichi_kamada,356141,Daichi Kamada,https://www.transfermarkt.co.uk/daichi-kamada/profil/spieler/356141,1996-08-05 00:00:00,29,180,right,Attacking Midfield,,,12000000,2025,2026-06-30 00:00:00,Roberto Tukada,Crystal Palace Football Club,transfermarkt_dataset
japan_daizen_maeda,420931,Daizen Maeda,https://www.transfermarkt.co.uk/daizen-maeda/profil/spieler/420931,1997-10-20 00:00:00,28,173,right,Left Winger,,,14000000,2025,2027-06-30 00:00:00,,The Celtic Football Club,transfermarkt_dataset
japan_hiroki_ito,353892,Hiroki Ito,https://www.transfermarkt.co.uk/hiroki-ito/profil/spieler/353892,1999-05-12 00:00:00,27,188,left,Centre-Back,,,18000000,2025,2028-06-30 00:00:00,,FC Bayern München,transfermarkt_dataset
japan_junnosuke_suzuki,848856,Junnosuke Suzuki,https://www.transfermarkt.co.uk/junnosuke-suzuki/profil/spieler/848856,2003-07-12 00:00:00,22,185,right,Centre-Back,,,,2025,2030-06-30 00:00:00,,Football Club København,transfermarkt_dataset
japan_junya_ito,348791,Junya Ito,https://www.transfermarkt.co.uk/junya-ito/profil/spieler/348791,1993-03-09 00:00:00,33,177,right,Right Winger,,,3500000,2025,2028-06-30 00:00:00,IFM,Koninklijke Racing Club Genk,transfermarkt_dataset
japan_kaishu_sano,643574,Kaishu Sano,https://www.transfermarkt.co.uk/kaishu-sano/profil/spieler/643574,2000-12-30 00:00:00,25,176,right,Defensive Midfield,,,25000000,2025,2028-06-30 00:00:00,UDN SPORTS,1. Fußball- und Sportverein Mainz 05,transfermarkt_dataset
japan_keisuke_goto,916623,Keisuke Goto,https://www.transfermarkt.co.uk/keisuke-goto/profil/spieler/916623,2005-06-03 00:00:00,21,191,right,Centre-Forward,,,,2025,2026-06-30 00:00:00,CCC,Koninklijke Sint-Truidense Voetbalvereniging,transfermarkt_dataset
japan_keisuke_osako,415521,Keisuke Osako,https://www.transfermarkt.co.uk/keisuke-osako/profil/spieler/415521,1999-07-28 00:00:00,26,190,right,Goalkeeper,,,,2025,,Roberto Tukada,Sanfrecce Hiroshima,transfermarkt_dataset
japan_keito_nakamura,405397,Keito Nakamura,https://www.transfermarkt.co.uk/keito-nakamura/profil/spieler/405397,2000-07-28 00:00:00,25,180,right,Left Winger,,,8000000,2025,2028-06-30 00:00:00,Classico,Stade Reims,transfermarkt_dataset
japan_kento_shiogai,1144627,Kento Shiogai,https://www.transfermarkt.co.uk/kento-shiogai/profil/spieler/1144627,2005-03-26 00:00:00,21,180,right,Centre-Forward,,,2500000,2025,2030-06-30 00:00:00,Sports360 GmbH,Verein für Leibesübungen Wolfsburg,transfermarkt_dataset
japan_koki_ogawa,351567,Koki Ogawa,https://www.transfermarkt.co.uk/koki-ogawa/profil/spieler/351567,1997-08-08 00:00:00,28,186,right,Centre-Forward,,,2500000,2025,2027-06-30 00:00:00,Sports360 GmbH,Nijmegen Eendracht Combinatie,transfermarkt_dataset
japan_kou_itakura,355816,Ko Itakura,https://www.transfermarkt.co.uk/ko-itakura/profil/spieler/355816,1997-01-27 00:00:00,29,188,right,Centre-Back,,,10000000,2025,2029-06-30 00:00:00,CAA Base Ltd,AFC Ajax Amsterdam,transfermarkt_dataset
japan_ritsu_doan,358504,Ritsu Doan,https://www.transfermarkt.co.uk/ritsu-doan/profil/spieler/358504,1998-06-16 00:00:00,27,172,left,Right Winger,,,18000000,2025,2030-06-30 00:00:00,CAA Stellar,Eintracht Frankfurt Fußball AG,transfermarkt_dataset
japan_shogo_taniguchi,307870,Shogo Taniguchi,https://www.transfermarkt.co.uk/shogo-taniguchi/profil/spieler/307870,1991-07-15 00:00:00,34,183,right,Centre-Back,,,800000,2025,,Roberto Tukada,Koninklijke Sint-Truidense Voetbalvereniging,transfermarkt_dataset
japan_takefusa_kubo,405398,Takefusa Kubo,https://www.transfermarkt.co.uk/takefusa-kubo/profil/spieler/405398,2001-06-04 00:00:00,25,173,left,Right Winger,,,30000000,2025,2029-06-30 00:00:00,Sports360 GmbH,Real Sociedad de Fútbol S.A.D.,transfermarkt_dataset
japan_takehiro_tomiyasu,331560,Takehiro Tomiyasu,https://www.transfermarkt.co.uk/takehiro-tomiyasu/profil/spieler/331560,1998-11-05 00:00:00,27,188,right,Right-Back,,,12000000,2025,2026-06-30 00:00:00,UDN SPORTS,AFC Ajax Amsterdam,transfermarkt_dataset
japan_tomoki_hayakawa,683271,Tomoki Hayakawa,https://www.transfermarkt.co.uk/tomoki-hayakawa/profil/spieler/683271,1999-03-03 00:00:00,27,187,right,Goalkeeper,,,,2025,2030-06-30 00:00:00,,Kashima Antlers FC,transfermarkt_dataset
japan_tsuyoshi_watanabe,598791,Tsuyoshi Watanabe,https://www.transfermarkt.co.uk/tsuyoshi-watanabe/profil/spieler/598791,1997-02-05 00:00:00,29,186,right,Centre-Back,,,10000000,2025,2029-06-30 00:00:00,,Feyenoord Rotterdam,transfermarkt_dataset
japan_wataru_endo,146310,Wataru Endo,https://www.transfermarkt.co.uk/wataru-endo/profil/spieler/146310,1993-02-09 00:00:00,33,178,right,Defensive Midfield,,,5000000,2025,2027-06-30 00:00:00,,Liverpool Football Club,transfermarkt_dataset
japan_yuito_suzuki,668606,Yuito Suzuki,https://www.transfermarkt.co.uk/yuito-suzuki/profil/spieler/668606,2001-10-25 00:00:00,24,175,right,Second Striker,,,15000000,2025,,Sarcle Co. Ltd.,Sport-Club Freiburg,transfermarkt_dataset
japan_yukinari_sugawara,405385,Yukinari Sugawara,https://www.transfermarkt.co.uk/yukinari-sugawara/profil/spieler/405385,2000-06-28 00:00:00,25,179,right,Right-Back,,,7500000,2025,2026-06-30 00:00:00,Sports360 GmbH,Sportverein Werder Bremen von 1899,transfermarkt_dataset
japan_yuto_nagatomo,79522,Yuto Nagatomo,https://www.transfermarkt.co.uk/yuto-nagatomo/profil/spieler/79522,1986-09-12 00:00:00,39,170,both,Left-Back,,,300000,2025,,Roberto Tukada,Tokyo Football Club,transfermarkt_dataset
japan_zion_suzuki,432298,Zion Suzuki,https://www.transfermarkt.co.uk/zion-suzuki/profil/spieler/432298,2002-08-21 00:00:00,23,190,right,Goalkeeper,,,20000000,2025,2029-06-30 00:00:00,,Parma Calcio 1913,transfermarkt_dataset
jordan_abdallah_alfakhori,658805,Abdallah Al-Fakhouri,https://www.transfermarkt.co.uk/abdallah-al-fakhouri/profil/spieler/658805,2000-01-22 00:00:00,26,187,right,Goalkeeper,,,,2025,2026-06-30 00:00:00,Sport Direction,,transfermarkt_dataset
jordan_abdallah_nasib,882197,Abdallah Nasib,https://www.transfermarkt.co.uk/abdallah-nasib/profil/spieler/882197,1994-02-25 00:00:00,32,183,right,Centre-Back,,,,2025,2026-06-30 00:00:00,Next Step SM,,transfermarkt_dataset
jordan_ali_azaizeh,1059056,Ali Azaizeh,https://www.transfermarkt.co.uk/ali-azaizeh/profil/spieler/1059056,2004-04-13 00:00:00,22,179,left,Right Winger,,,,2025,2026-06-30 00:00:00,CAA Base Ltd,Al-Shabab Club,transfermarkt_dataset
jordan_ali_olwan,664057,Ali Olwan,https://www.transfermarkt.co.uk/ali-olwan/profil/spieler/664057,2000-03-26 00:00:00,26,182,right,Centre-Forward,,,,2025,,ENV SPORTS,,transfermarkt_dataset
jordan_amer_jamous,744040,Amer Jamous,https://www.transfermarkt.co.uk/amer-jamous/profil/spieler/744040,2002-07-03 00:00:00,23,174,right,Central Midfield,,,,2025,2026-06-30 00:00:00,,,transfermarkt_dataset
jordan_ehsan_haddad,310943,Ehsan Haddad,https://www.transfermarkt.co.uk/ehsan-haddad/profil/spieler/310943,1994-02-05 00:00:00,32,181,right,Right-Back,,,,2025,2026-06-30 00:00:00,FIFA-CO,,transfermarkt_dataset
jordan_husam_abudahab,895291,Husam Abu Dahab,https://www.transfermarkt.co.uk/husam-abu-dahab/profil/spieler/895291,2000-05-13 00:00:00,26,186,left,Centre-Back,,,,2025,2028-06-30 00:00:00,Next Step SM,,transfermarkt_dataset
jordan_ibrahim_sabra,1142382,Ibrahim Sabra,https://www.transfermarkt.co.uk/ibrahim-sabra/profil/spieler/1142382,2006-02-01 00:00:00,20,184,right,Centre-Forward,,,,2025,2026-06-30 00:00:00,SPORTBACK,NK Lokomotiva Zagreb,transfermarkt_dataset
jordan_ibrahim_sadeh,709974,Ibrahim Saadeh,https://www.transfermarkt.co.uk/ibrahim-saadeh/profil/spieler/709974,2000-04-27 00:00:00,26,181,right,Central Midfield,,,,2025,,HSA9,,transfermarkt_dataset
jordan_mahmoud_almardi,401086,Mahmoud Al-Mardi,https://www.transfermarkt.co.uk/mahmoud-al-mardi/profil/spieler/401086,1993-10-06 00:00:00,32,178,right,Left Winger,,,,2025,,,,transfermarkt_dataset
jordan_mohammad_abualnadi,658052,Mohammad Abualnadi,https://www.transfermarkt.co.uk/mohammad-abualnadi/profil/spieler/658052,2001-02-08 00:00:00,25,186,left,Centre-Back,,,,2025,2026-05-31 00:00:00,SPORTBACK,,transfermarkt_dataset
jordan_mohammad_abuhasheesh,895249,Mohammad Abu Hasheesh,https://www.transfermarkt.co.uk/mohammad-abu-hasheesh/profil/spieler/895249,1995-05-09 00:00:00,31,178,left,Left-Back,,,,2025,,HSA9,,transfermarkt_dataset
jordan_mohammad_aldaoud,310801,Mohammad Al-Dawoud,https://www.transfermarkt.co.uk/mohammad-al-dawoud/profil/spieler/310801,1992-12-04 00:00:00,33,177,right,Central Midfield,,,,2025,2027-06-30 00:00:00,,,transfermarkt_dataset
jordan_mousa_altamari,551505,Mousa Tamari,https://www.transfermarkt.co.uk/mousa-tamari/profil/spieler/551505,1997-06-10 00:00:00,28,178,left,Right Winger,,,6000000,2025,2028-06-30 00:00:00,THE·TEAM,Stade Rennais Football Club,transfermarkt_dataset
jordan_nizar_alrashdan,734751,Nizar Al-Rashdan,https://www.transfermarkt.co.uk/nizar-al-rashdan/profil/spieler/734751,1999-03-23 00:00:00,27,185,right,Defensive Midfield,,,,2025,2027-06-30 00:00:00,,,transfermarkt_dataset
jordan_noor_alrawabdeh,561485,Noor Al-Rawabdeh,https://www.transfermarkt.co.uk/noor-al-rawabdeh/profil/spieler/561485,1997-02-24 00:00:00,29,183,right,Central Midfield,,,,2025,2026-05-31 00:00:00,,,transfermarkt_dataset
jordan_odeh_fakhoury,1252820,Odeh Fakhoury,https://www.transfermarkt.co.uk/odeh-fakhoury/profil/spieler/1252820,2005-11-20 00:00:00,20,180,right,Left Winger,,,,2025,2029-06-30 00:00:00,Football Emp.,,transfermarkt_dataset
jordan_rajaei_ayed,261842,Rajaei Ayed,https://www.transfermarkt.co.uk/rajaei-ayed/profil/spieler/261842,1993-07-25 00:00:00,32,180,right,Central Midfield,,,,2025,2026-06-30 00:00:00,,,transfermarkt_dataset
jordan_saed_alrosan,561481,Saed Al-Rosan,https://www.transfermarkt.co.uk/saed-al-rosan/profil/spieler/561481,1997-02-01 00:00:00,29,188,right,Centre-Back,,,,2025,,Next Step SM,,transfermarkt_dataset
jordan_saleem_obaid,658807,Saleem Obaid,https://www.transfermarkt.co.uk/saleem-obaid/profil/spieler/658807,1992-01-17 00:00:00,34,185,left,Centre-Back,,,,2025,2026-06-30 00:00:00,,,transfermarkt_dataset
jordan_yazan_alarab,539961,Yazan Al-Arab,https://www.transfermarkt.co.uk/yazan-al-arab/profil/spieler/539961,1996-01-31 00:00:00,30,187,left,Centre-Back,,,,2025,,Bucket Group,Football Club Seoul,transfermarkt_dataset
jordan_yazeed_abulaila,261850,Yazeed Abulaila,https://www.transfermarkt.co.uk/yazeed-abulaila/profil/spieler/261850,1993-01-08 00:00:00,33,189,right,Goalkeeper,,,,2025,,,,transfermarkt_dataset
mexico_alexis_vega,424689,Alexis Vega,https://www.transfermarkt.co.uk/alexis-vega/profil/spieler/424689,1997-11-25 00:00:00,28,174,right,Left Winger,,,,2025,,PitZGroup,"Deportivo Toluca Futbol Club, S. A. de C. V.",transfermarkt_dataset
mexico_alvaro_fidalgo,261503,Álvaro Fidalgo,https://www.transfermarkt.co.uk/alvaro-fidalgo/profil/spieler/261503,1997-04-09 00:00:00,29,174,right,Central Midfield,,,7000000,2025,2030-06-30 00:00:00,,Real Betis Balompié S.A.D.,transfermarkt_dataset
mexico_armando_gonzalez,837619,Armando González,https://www.transfermarkt.co.uk/armando-gonzalez/profil/spieler/837619,2003-04-20 00:00:00,23,179,right,Centre-Forward,,,,2025,2029-12-31 00:00:00,Roc Nation Sports,Club Deportivo Guadalajara S. A. de C. V.,transfermarkt_dataset
mexico_brian_gutierrez,724443,Brian Gutiérrez,https://www.transfermarkt.co.uk/brian-gutierrez/profil/spieler/724443,2003-06-17 00:00:00,22,182,right,Attacking Midfield,,,,2025,2030-06-30 00:00:00,SXI,Club Deportivo Guadalajara S. A. de C. V.,transfermarkt_dataset
mexico_carlos_acevedo,356042,Carlos Acevedo,https://www.transfermarkt.co.uk/carlos-acevedo/profil/spieler/356042,1996-04-19 00:00:00,30,184,right,Goalkeeper,,,,2025,2027-06-30 00:00:00,Vsible,Club Santos Laguna S. A. de C. V.,transfermarkt_dataset
mexico_cesar_huerta,540315,César Huerta,https://www.transfermarkt.co.uk/cesar-huerta/profil/spieler/540315,2000-12-03 00:00:00,25,171,right,Left Winger,,,5000000,2025,2029-06-30 00:00:00,PROSPORT Management,Royal Sporting Club Anderlecht,transfermarkt_dataset
mexico_cesar_montes,387687,César Montes,https://www.transfermarkt.co.uk/cesar-montes/profil/spieler/387687,1997-02-24 00:00:00,29,195,right,Centre-Back,,,7000000,2025,2029-06-30 00:00:00,,"Футбольный клуб ""Локомотив"" Москва",transfermarkt_dataset
mexico_edson_alvarez,401356,Edson Álvarez,https://www.transfermarkt.co.uk/edson-alvarez/profil/spieler/401356,1997-10-24 00:00:00,28,190,right,Defensive Midfield,,,22000000,2025,2026-06-30 00:00:00,Muy Manero,Fenerbahçe Spor Kulübü,transfermarkt_dataset
mexico_erik_lira,602324,Érik Lira,https://www.transfermarkt.co.uk/erik-lira/profil/spieler/602324,2000-05-08 00:00:00,26,172,right,Defensive Midfield,,,,2025,2029-06-30 00:00:00,StayPro,Club de Fútbol Cruz Azul S.A. de C.V.,transfermarkt_dataset
mexico_gilberto_mora,1155723,Gilberto Mora,https://www.transfermarkt.co.uk/gilberto-mora/profil/spieler/1155723,2008-10-14 00:00:00,17,168,right,Attacking Midfield,,,,2025,,Rafaela Pimenta,Club Tijuana Xoloitzcuintles de Caliente,transfermarkt_dataset
mexico_guillermo_martinez,347932,Guillermo Martínez,https://www.transfermarkt.co.uk/guillermo-martinez/profil/spieler/347932,1995-03-15 00:00:00,31,190,left,Centre-Forward,,,,2025,2026-12-31 00:00:00,PitZGroup,Club Universidad Nacional A. C.,transfermarkt_dataset
mexico_guillermo_ochoa,29559,Guillermo Ochoa,https://www.transfermarkt.co.uk/guillermo-ochoa/profil/spieler/29559,1985-07-13 00:00:00,40,185,right,Goalkeeper,,,1000000,2025,2026-05-31 00:00:00,HIJAR ,,transfermarkt_dataset
mexico_israel_reyes,687558,Israel Reyes,https://www.transfermarkt.co.uk/israel-reyes/profil/spieler/687558,2000-05-23 00:00:00,26,180,right,Right-Back,,,,2025,2028-12-31 00:00:00,,Club de Futbol América S. A. de C. V.,transfermarkt_dataset
mexico_jesus_gallardo,344854,Jesús Gallardo,https://www.transfermarkt.co.uk/jesus-gallardo/profil/spieler/344854,1994-08-15 00:00:00,31,178,left,Left-Back,,,,2025,2027-06-30 00:00:00,PFC,"Deportivo Toluca Futbol Club, S. A. de C. V.",transfermarkt_dataset
mexico_johan_vasquez,532937,Johan Vásquez,https://www.transfermarkt.co.uk/johan-vasquez/profil/spieler/532937,1998-10-22 00:00:00,27,185,left,Centre-Back,,,10000000,2025,2028-06-30 00:00:00,VS Sinergia,Genoa Cricket and Football Club,transfermarkt_dataset
mexico_jorge_sanchez,356044,Jorge Sánchez,https://www.transfermarkt.co.uk/jorge-sanchez/profil/spieler/356044,1997-12-10 00:00:00,28,181,right,Right-Back,,,3500000,2025,2029-06-30 00:00:00,Unique Sports Group,Panthessalonikios Athlitikos Omilos Konstantinoupoliton,transfermarkt_dataset
mexico_julian_quinones,416090,Julián Quiñones,https://www.transfermarkt.co.uk/julian-quinones/profil/spieler/416090,1997-03-24 00:00:00,29,180,right,Centre-Forward,,,,2025,2029-06-30 00:00:00,MASPILO,Al-Qadsiah Saudi Football Club,transfermarkt_dataset
mexico_luis_chavez,331059,Luis Chávez,https://www.transfermarkt.co.uk/luis-chavez/profil/spieler/331059,1996-01-15 00:00:00,30,178,left,Defensive Midfield,,,9000000,2025,2027-06-30 00:00:00,Primotempo,FK Dinamo Moskva,transfermarkt_dataset
mexico_luis_romo,532938,Luis Romo,https://www.transfermarkt.co.uk/luis-romo/profil/spieler/532938,1995-06-05 00:00:00,31,182,right,Centre-Back,,,,2025,,PROSPORT Management,Club Deportivo Guadalajara S. A. de C. V.,transfermarkt_dataset
mexico_mateo_chavez,1066953,Mateo Chávez,https://www.transfermarkt.co.uk/mateo-chavez/profil/spieler/1066953,2004-05-12 00:00:00,22,177,left,Left-Back,,,,2025,2030-06-30 00:00:00,,Alkmaar Zaanstreek,transfermarkt_dataset
mexico_obed_vargas,889435,Obed Vargas,https://www.transfermarkt.co.uk/obed-vargas/profil/spieler/889435,2005-08-05 00:00:00,20,175,right,Central Midfield,,,,2025,2030-06-30 00:00:00,EL C1EL0,Club Atlético de Madrid S.A.D.,transfermarkt_dataset
mexico_orbelin_pineda,334042,Orbelín Pineda,https://www.transfermarkt.co.uk/orbelin-pineda/profil/spieler/334042,1996-03-24 00:00:00,30,169,right,Central Midfield,,,7000000,2025,2027-06-30 00:00:00,Kick Talent,Athlitiki Enosi Konstantinoupoleos,transfermarkt_dataset
mexico_raul_jimenez,206040,Raúl Jiménez,https://www.transfermarkt.co.uk/raul-jimenez/profil/spieler/206040,1991-05-05 00:00:00,35,187,right,Centre-Forward,,,4000000,2025,2026-06-30 00:00:00,,Fulham Football Club,transfermarkt_dataset
mexico_raul_rangel,802855,Raúl Rangel,https://www.transfermarkt.co.uk/raul-rangel/profil/spieler/802855,2000-02-25 00:00:00,26,190,right,Goalkeeper,,,,2025,2028-06-30 00:00:00,LM-SPORTS,Club Deportivo Guadalajara S. A. de C. V.,transfermarkt_dataset
mexico_roberto_alvarado,353583,Roberto Alvarado,https://www.transfermarkt.co.uk/roberto-alvarado/profil/spieler/353583,1998-09-07 00:00:00,27,176,left,Right Winger,,,,2025,2029-06-30 00:00:00,PROMOFUT,Club Deportivo Guadalajara S. A. de C. V.,transfermarkt_dataset
mexico_santiago_gimenez,552955,Santiago Gimenez,https://www.transfermarkt.co.uk/santiago-gimenez/profil/spieler/552955,2001-04-18 00:00:00,25,183,left,Centre-Forward,,,40000000,2025,2029-06-30 00:00:00,Rafaela Pimenta,Associazione Calcio Milan,transfermarkt_dataset
morocco_abde_ezzalzouli,724520,Abde Ezzalzouli,https://www.transfermarkt.co.uk/abde-ezzalzouli/profil/spieler/724520,2001-12-17 00:00:00,24,177,right,Left Winger,,,20000000,2025,2029-06-30 00:00:00,IF FOOTBALL,Real Betis Balompié S.A.D.,transfermarkt_dataset
morocco_achraf_hakimi,398073,Achraf Hakimi,https://www.transfermarkt.co.uk/achraf-hakimi/profil/spieler/398073,1998-11-04 00:00:00,27,181,right,Right-Back,,,80000000,2025,2029-06-30 00:00:00,Footfeel ISM  ,Paris Saint-Germain Football Club,transfermarkt_dataset
morocco_anass_salah_eddine,485584,Anass Salah-Eddine,https://www.transfermarkt.co.uk/anass-salah-eddine/profil/spieler/485584,2002-01-18 00:00:00,24,181,left,Left-Back,,,12000000,2025,2026-06-30 00:00:00,LIAN Sports Group,Eindhovense Voetbalvereniging Philips Sport Vereniging,transfermarkt_dataset
morocco_ayoub_el_kaabi,521127,Ayoub El Kaabi,https://www.transfermarkt.co.uk/ayoub-el-kaabi/profil/spieler/521127,1993-06-25 00:00:00,32,182,left,Centre-Forward,,,5000000,2025,2028-06-30 00:00:00,,Olympiakos Syndesmos Filathlon Peiraios,transfermarkt_dataset
morocco_ayyoub_bouaddi,1097139,Ayyoub Bouaddi,https://www.transfermarkt.co.uk/ayyoub-bouaddi/profil/spieler/1097139,2007-10-02 00:00:00,18,186,right,Central Midfield,,,40000000,2025,2029-06-30 00:00:00,,Lille Olympique Sporting Club,transfermarkt_dataset
morocco_azzedine_ounahi,593482,Azzedine Ounahi,https://www.transfermarkt.co.uk/azzedine-ounahi/profil/spieler/593482,2000-04-19 00:00:00,26,182,right,Central Midfield,,,10000000,2025,2030-06-30 00:00:00,AS1,Girona Fútbol Club S. A. D.,transfermarkt_dataset
morocco_bilal_el_khannouss,654982,Bilal El Khannouss,https://www.transfermarkt.co.uk/bilal-el-khannouss/profil/spieler/654982,2004-05-10 00:00:00,22,180,right,Attacking Midfield,,,30000000,2025,2026-06-30 00:00:00,Stirr Associates,Verein für Bewegungsspiele Stuttgart 1893,transfermarkt_dataset
morocco_brahim_diaz,314678,Brahim Díaz,https://www.transfermarkt.co.uk/brahim-diaz/profil/spieler/314678,1999-08-03 00:00:00,26,170,both,Right Winger,,,40000000,2025,2027-06-30 00:00:00,Sports&Life,Real Madrid Club de Fútbol,transfermarkt_dataset
morocco_chadi_riad,689637,Chadi Riad,https://www.transfermarkt.co.uk/chadi-riad/profil/spieler/689637,2003-06-17 00:00:00,22,187,left,Centre-Back,,,12000000,2025,2029-06-30 00:00:00,Roc Nation Sports,Crystal Palace Football Club,transfermarkt_dataset
morocco_chemsdine_talbi,743384,Chemsdine Talbi,https://www.transfermarkt.co.uk/chemsdine-talbi/profil/spieler/743384,2005-05-09 00:00:00,21,175,right,Right Winger,,,22000000,2025,2030-06-30 00:00:00,Gersh,Sunderland Association Football Club,transfermarkt_dataset
morocco_gessime_yassine,1151929,Gessime Yassine,https://www.transfermarkt.co.uk/gessime-yassine/profil/spieler/1151929,2005-11-22 00:00:00,20,172,left,Right Winger,,,,2025,2030-06-30 00:00:00,H2C Sport Consulting,Racing Club de Strasbourg Alsace,transfermarkt_dataset
morocco_ismael_saibari,702869,Ismael Saibari,https://www.transfermarkt.co.uk/ismael-saibari/profil/spieler/702869,2001-01-28 00:00:00,25,185,right,Attacking Midfield,,,32000000,2025,2029-06-30 00:00:00,,Eindhovense Voetbalvereniging Philips Sport Vereniging,transfermarkt_dataset
morocco_issa_diop,272622,Issa Diop,https://www.transfermarkt.co.uk/issa-diop/profil/spieler/272622,1997-01-09 00:00:00,29,194,right,Centre-Back,,,10000000,2025,2027-06-30 00:00:00,,Fulham Football Club,transfermarkt_dataset
morocco_munir_el_kajoui,97925,Munir El Kajoui,https://www.transfermarkt.co.uk/munir-el-kajoui/profil/spieler/97925,1989-05-10 00:00:00,37,190,right,Goalkeeper,,,1000000,2025,2026-06-30 00:00:00,11MANGMT,,transfermarkt_dataset
morocco_nayef_aguerd,361914,Nayef Aguerd,https://www.transfermarkt.co.uk/nayef-aguerd/profil/spieler/361914,1996-03-30 00:00:00,30,190,left,Centre-Back,,,22000000,2025,2030-06-30 00:00:00,CANTERASPORT,Olympique de Marseille,transfermarkt_dataset
morocco_neil_el_aynaoui,901019,Neil El Aynaoui,https://www.transfermarkt.co.uk/neil-el-aynaoui/profil/spieler/901019,2001-07-02 00:00:00,24,185,right,Central Midfield,,,8000000,2025,2030-06-30 00:00:00,Clarity SM,Associazione Sportiva Roma,transfermarkt_dataset
morocco_noussair_mazraoui,340456,Noussair Mazraoui,https://www.transfermarkt.co.uk/noussair-mazraoui/profil/spieler/340456,1997-11-14 00:00:00,28,183,right,Right-Back,,,22000000,2025,2028-06-30 00:00:00,Rafaela Pimenta,Manchester United Football Club,transfermarkt_dataset
morocco_redouane_halhal,913660,Redouane Halhal,https://www.transfermarkt.co.uk/redouane-halhal/profil/spieler/913660,2003-03-05 00:00:00,23,191,right,Centre-Back,,,100000,2025,2027-06-30 00:00:00,World in Motion,Yellow-Red Koninklijke Voetbalclub Mechelen,transfermarkt_dataset
morocco_samir_el_mourabet,1130514,Samir El Mourabet,https://www.transfermarkt.co.uk/samir-el-mourabet/profil/spieler/1130514,2005-10-06 00:00:00,20,186,left,Central Midfield,,,8000000,2025,2030-06-30 00:00:00,Vesper,Racing Club de Strasbourg Alsace,transfermarkt_dataset
morocco_sofyan_amrabat,287579,Sofyan Amrabat,https://www.transfermarkt.co.uk/sofyan-amrabat/profil/spieler/287579,1996-08-21 00:00:00,29,185,right,Defensive Midfield,,,22000000,2025,2026-06-30 00:00:00,,Real Betis Balompié S.A.D.,transfermarkt_dataset
morocco_soufiane_rahimi,598506,Soufiane Rahimi,https://www.transfermarkt.co.uk/soufiane-rahimi/profil/spieler/598506,1996-06-02 00:00:00,30,180,right,Left Winger,,,,2025,2028-06-30 00:00:00,,,transfermarkt_dataset
morocco_yassine_bounou,207834,Yassine Bounou,https://www.transfermarkt.co.uk/yassine-bounou/profil/spieler/207834,1991-04-05 00:00:00,35,195,left,Goalkeeper,,,9000000,2025,2028-06-30 00:00:00,11MANGMT,Al-Hilal Saudi Football Club,transfermarkt_dataset
morocco_youssef_belammari,518804,Youssef Belammari,https://www.transfermarkt.co.uk/youssef-belammari/profil/spieler/518804,1998-09-20 00:00:00,27,183,left,Left-Back,,,,2025,2029-06-30 00:00:00,VV Consulting,,transfermarkt_dataset
morocco_zakaria_el_ouahdi,820474,Zakaria El Ouahdi,https://www.transfermarkt.co.uk/zakaria-el-ouahdi/profil/spieler/820474,2001-12-31 00:00:00,24,173,right,Right-Back,,,4500000,2025,2028-06-30 00:00:00,ZAKA 77,Koninklijke Racing Club Genk,transfermarkt_dataset
netherlands_bart_verbruggen,565093,Bart Verbruggen,https://www.transfermarkt.co.uk/bart-verbruggen/profil/spieler/565093,2002-08-18 00:00:00,23,194,right,Goalkeeper,,,35000000,2025,2028-06-30 00:00:00,Stirr Associates,Brighton and Hove Albion Football Club,transfermarkt_dataset
netherlands_brian_brobbey,473169,Brian Brobbey,https://www.transfermarkt.co.uk/brian-brobbey/profil/spieler/473169,2002-02-01 00:00:00,24,180,right,Centre-Forward,,,20000000,2025,2029-06-30 00:00:00,Sport Cover,Sunderland Association Football Club,transfermarkt_dataset
netherlands_cody_gakpo,434675,Cody Gakpo,https://www.transfermarkt.co.uk/cody-gakpo/profil/spieler/434675,1999-05-07 00:00:00,27,193,right,Left Winger,,,70000000,2025,2030-06-30 00:00:00,SEG,Liverpool Football Club,transfermarkt_dataset
netherlands_crysencio_summerville,474701,Crysencio Summerville,https://www.transfermarkt.co.uk/crysencio-summerville/profil/spieler/474701,2001-10-30 00:00:00,24,174,right,Left Winger,,,22000000,2025,2029-06-30 00:00:00,THE·TEAM,West Ham United Football Club,transfermarkt_dataset
netherlands_denzel_dumfries,321528,Denzel Dumfries,https://www.transfermarkt.co.uk/denzel-dumfries/profil/spieler/321528,1996-04-18 00:00:00,30,188,right,Right-Back,,,25000000,2025,2028-06-30 00:00:00,,Football Club Internazionale Milano S.p.A.,transfermarkt_dataset
netherlands_donyell_malen,326029,Donyell Malen,https://www.transfermarkt.co.uk/donyell-malen/profil/spieler/326029,1999-01-19 00:00:00,27,176,right,Centre-Forward,,,25000000,2025,2030-06-30 00:00:00,THE·TEAM,Associazione Sportiva Roma,transfermarkt_dataset
netherlands_frenkie_de_jong,326330,Frenkie de Jong,https://www.transfermarkt.co.uk/frenkie-de-jong/profil/spieler/326330,1997-05-12 00:00:00,29,181,right,Central Midfield,,,70000000,2025,2029-06-30 00:00:00,,Futbol Club Barcelona,transfermarkt_dataset
netherlands_guus_til,372267,Guus Til,https://www.transfermarkt.co.uk/guus-til/profil/spieler/372267,1997-12-22 00:00:00,28,187,right,Attacking Midfield,,,15000000,2025,2028-06-30 00:00:00,Team Raiola,Eindhovense Voetbalvereniging Philips Sport Vereniging,transfermarkt_dataset
netherlands_jan_paul_van_hecke,576314,Jan Paul van Hecke,https://www.transfermarkt.co.uk/jan-paul-van-hecke/profil/spieler/576314,2000-06-08 00:00:00,25,189,right,Centre-Back,,,35000000,2025,2027-06-30 00:00:00,V4S,Brighton and Hove Albion Football Club,transfermarkt_dataset
netherlands_jorrel_hato,904802,Jorrel Hato,https://www.transfermarkt.co.uk/jorrel-hato/profil/spieler/904802,2006-03-07 00:00:00,20,182,left,Left-Back,,,35000000,2025,2032-06-30 00:00:00,Football Mix B.V.,Chelsea Football Club,transfermarkt_dataset
netherlands_jurrien_timber,420243,Jurriën Timber,https://www.transfermarkt.co.uk/jurrien-timber/profil/spieler/420243,2001-06-17 00:00:00,24,179,right,Right-Back,,,70000000,2025,2028-06-30 00:00:00,Forza Sports Group,Arsenal Football Club,transfermarkt_dataset
netherlands_justin_kluivert,330659,Justin Kluivert,https://www.transfermarkt.co.uk/justin-kluivert/profil/spieler/330659,1999-05-05 00:00:00,27,172,both,Attacking Midfield,,,32000000,2025,2028-06-30 00:00:00,Epic Justin,Association Football Club Bournemouth,transfermarkt_dataset
netherlands_mark_flekken,125714,Mark Flekken,https://www.transfermarkt.co.uk/mark-flekken/profil/spieler/125714,1993-06-13 00:00:00,32,195,both,Goalkeeper,,,8000000,2025,2028-06-30 00:00:00,SEG,Bayer 04 Leverkusen Fußball,transfermarkt_dataset
netherlands_marten_de_roon,133179,Marten de Roon,https://www.transfermarkt.co.uk/marten-de-roon/profil/spieler/133179,1991-03-29 00:00:00,35,185,right,Defensive Midfield,,,7000000,2025,2026-06-30 00:00:00,SEG,Atalanta Bergamasca Calcio S.p.a.,transfermarkt_dataset
netherlands_mats_wieffer,415381,Mats Wieffer,https://www.transfermarkt.co.uk/mats-wieffer/profil/spieler/415381,1999-11-16 00:00:00,26,188,right,Right-Back,,,25000000,2025,2029-06-30 00:00:00,V4S,Brighton and Hove Albion Football Club,transfermarkt_dataset
netherlands_memphis_depay,167850,Memphis Depay,https://www.transfermarkt.co.uk/memphis-depay/profil/spieler/167850,1994-02-13 00:00:00,32,178,right,Second Striker,,,10000000,2025,2026-07-31 00:00:00,TEAM DEPAY,Sport Club Corinthians Paulista,transfermarkt_dataset
netherlands_micky_van_de_ven,557459,Micky van de Ven,https://www.transfermarkt.co.uk/micky-van-de-ven/profil/spieler/557459,2001-04-19 00:00:00,25,193,left,Centre-Back,,,55000000,2025,2029-06-30 00:00:00,Team Raiola,Tottenham Hotspur Football Club,transfermarkt_dataset
netherlands_nathan_ake,177476,Nathan Aké,https://www.transfermarkt.co.uk/nathan-ake/profil/spieler/177476,1995-02-18 00:00:00,31,180,left,Centre-Back,,,18000000,2025,2027-06-30 00:00:00,THE·TEAM,Manchester City Football Club,transfermarkt_dataset
netherlands_noa_lang,339332,Noa Lang,https://www.transfermarkt.co.uk/noa-lang/profil/spieler/339332,1999-06-17 00:00:00,26,173,right,Left Winger,,,25000000,2025,2026-06-30 00:00:00,Epic Lang,Galatasaray Spor Kulübü,transfermarkt_dataset
netherlands_quinten_timber,420213,Quinten Timber,https://www.transfermarkt.co.uk/quinten-timber/profil/spieler/420213,2001-06-17 00:00:00,24,179,right,Central Midfield,,,28000000,2025,2030-06-30 00:00:00,Forza Sports Group,Olympique de Marseille,transfermarkt_dataset
netherlands_robin_roefs,646991,Robin Roefs,https://www.transfermarkt.co.uk/robin-roefs/profil/spieler/646991,2003-01-17 00:00:00,23,193,left,Goalkeeper,,,600000,2025,2030-06-30 00:00:00,SEG,Sunderland Association Football Club,transfermarkt_dataset
netherlands_ryan_gravenberch,478573,Ryan Gravenberch,https://www.transfermarkt.co.uk/ryan-gravenberch/profil/spieler/478573,2002-05-16 00:00:00,24,190,right,Defensive Midfield,,,90000000,2025,2032-06-30 00:00:00,Team Raiola,Liverpool Football Club,transfermarkt_dataset
netherlands_teun_koopmeiners,360518,Teun Koopmeiners,https://www.transfermarkt.co.uk/teun-koopmeiners/profil/spieler/360518,1998-02-28 00:00:00,28,184,left,Defensive Midfield,,,28000000,2025,2029-06-30 00:00:00,THE·TEAM,Juventus Football Club,transfermarkt_dataset
netherlands_tijjani_reijnders,460939,Tijjani Reijnders,https://www.transfermarkt.co.uk/tijjani-reijnders/profil/spieler/460939,1998-07-29 00:00:00,27,185,right,Central Midfield,,,65000000,2025,2030-06-30 00:00:00,,Manchester City Football Club,transfermarkt_dataset
netherlands_virgil_van_dijk,139208,Virgil van Dijk,https://www.transfermarkt.co.uk/virgil-van-dijk/profil/spieler/139208,1991-07-08 00:00:00,34,195,right,Centre-Back,,,18000000,2025,2027-06-30 00:00:00,ROOF,Liverpool Football Club,transfermarkt_dataset
netherlands_wout_weghorst,228645,Wout Weghorst,https://www.transfermarkt.co.uk/wout-weghorst/profil/spieler/228645,1992-08-07 00:00:00,33,197,right,Centre-Forward,,,3500000,2025,2026-06-30 00:00:00,One II Agency,AFC Ajax Amsterdam,transfermarkt_dataset
new_zealand_alex_paulsen,617009,Alex Paulsen,https://www.transfermarkt.co.uk/alex-paulsen/profil/spieler/617009,2002-07-04 00:00:00,23,184,right,Goalkeeper,,,,2025,2026-06-30 00:00:00,Footballhouseplus,Klub Sportowy Lechia Gdańsk,transfermarkt_dataset
new_zealand_alex_rufer,256019,Alex Rufer,https://www.transfermarkt.co.uk/alex-rufer/profil/spieler/256019,1996-06-12 00:00:00,29,184,right,Defensive Midfield,,,,2025,2026-06-30 00:00:00,FFP,Wellington Phoenix Football Club,transfermarkt_dataset
new_zealand_ben_old,617021,Ben Old,https://www.transfermarkt.co.uk/ben-old/profil/spieler/617021,2002-08-13 00:00:00,23,173,left,Left-Back,,,600000,2025,2028-06-30 00:00:00,Kemari,AS Saint-Étienne,transfermarkt_dataset
new_zealand_ben_waine,539502,Ben Waine,https://www.transfermarkt.co.uk/ben-waine/profil/spieler/539502,2001-06-11 00:00:00,24,179,right,Centre-Forward,,,,2025,2027-06-30 00:00:00,,,transfermarkt_dataset
new_zealand_callan_elliot,482204,Callan Elliot,https://www.transfermarkt.co.uk/callan-elliot/profil/spieler/482204,1999-07-07 00:00:00,26,177,right,Right-Back,,,300000,2025,2027-06-30 00:00:00,,Auckland Football Club,transfermarkt_dataset
new_zealand_chris_wood,108725,Chris Wood,https://www.transfermarkt.co.uk/chris-wood/profil/spieler/108725,1991-12-07 00:00:00,34,191,right,Centre-Forward,,,8000000,2025,2027-06-30 00:00:00,CAA Base Ltd,Nottingham Forest Football Club,transfermarkt_dataset
new_zealand_elijah_just,485672,Elijah Just,https://www.transfermarkt.co.uk/elijah-just/profil/spieler/485672,2000-05-01 00:00:00,26,175,left,Right Winger,,,350000,2025,2027-05-31 00:00:00,,Motherwell Football Club,transfermarkt_dataset
new_zealand_finn_surman,724809,Finn Surman,https://www.transfermarkt.co.uk/finn-surman/profil/spieler/724809,2003-09-23 00:00:00,22,190,right,Centre-Back,,,,2025,2026-12-31 00:00:00,,Portland Timbers,transfermarkt_dataset
new_zealand_francis_de_vries,207061,Francis de Vries,https://www.transfermarkt.co.uk/francis-de-vries/profil/spieler/207061,1994-11-28 00:00:00,31,188,left,Left-Back,,,,2025,2029-06-30 00:00:00,,Auckland Football Club,transfermarkt_dataset
new_zealand_jesse_randall,677509,Jesse Randall,https://www.transfermarkt.co.uk/jesse-randall/profil/spieler/677509,2002-08-19 00:00:00,23,176,right,Left Winger,,,,2025,2028-06-30 00:00:00,,Auckland Football Club,transfermarkt_dataset
new_zealand_joe_bell,345700,Joe Bell,https://www.transfermarkt.co.uk/joe-bell/profil/spieler/345700,1999-04-27 00:00:00,27,182,right,Defensive Midfield,,,1200000,2025,2027-12-31 00:00:00,YMU Management Ltd.,Viking Fotballklubb,transfermarkt_dataset
new_zealand_kosta_barbarouses,50200,Kosta Barbarouses,https://www.transfermarkt.co.uk/kosta-barbarouses/profil/spieler/50200,1990-02-19 00:00:00,36,171,both,Centre-Forward,,,500000,2025,2026-06-30 00:00:00,,Western Sydney Wanderers,transfermarkt_dataset
new_zealand_lachlan_bayliss,1109358,Lachlan Bayliss,https://www.transfermarkt.co.uk/lachlan-bayliss/profil/spieler/1109358,2002-07-24 00:00:00,23,179,right,Central Midfield,,,,2025,2026-06-30 00:00:00,Footballhouseplus,Newcastle United Jets Football Club,transfermarkt_dataset
new_zealand_liberato_cacace,469211,Liberato Cacace,https://www.transfermarkt.co.uk/liberato-cacace/profil/spieler/469211,2000-09-27 00:00:00,25,183,left,Left-Back,,,3000000,2025,2028-06-30 00:00:00,,,transfermarkt_dataset
new_zealand_marko_stamenic,617018,Marko Stamenić,https://www.transfermarkt.co.uk/marko-stamenic/profil/spieler/617018,2002-02-19 00:00:00,24,188,right,Central Midfield,,,3000000,2025,2029-06-30 00:00:00,Stars & Friends,Swansea City,transfermarkt_dataset
new_zealand_matthew_garbett,617019,Matthew Garbett,https://www.transfermarkt.co.uk/matthew-garbett/profil/spieler/617019,2002-04-13 00:00:00,24,188,right,Central Midfield,,,500000,2025,2027-06-30 00:00:00,,,transfermarkt_dataset
new_zealand_max_crocombe,207843,Max Crocombe,https://www.transfermarkt.co.uk/max-crocombe/profil/spieler/207843,1993-08-12 00:00:00,32,194,right,Goalkeeper,,,,2025,,,,transfermarkt_dataset
new_zealand_mccowatt_callum,400797,Callum McCowatt,https://www.transfermarkt.co.uk/callum-mccowatt/profil/spieler/400797,1999-04-30 00:00:00,27,179,right,Attacking Midfield,,,2000000,2025,2027-12-31 00:00:00,THE·TEAM,Silkeborg Idrætsforening,transfermarkt_dataset
new_zealand_michael_boxall,81723,Michael Boxall,https://www.transfermarkt.co.uk/michael-boxall/profil/spieler/81723,1988-08-18 00:00:00,37,188,right,Centre-Back,,,,2025,2026-12-31 00:00:00,Sports Invest UK ltd,Minnesota United FC,transfermarkt_dataset
new_zealand_michael_woud,350347,Michael Woud,https://www.transfermarkt.co.uk/michael-woud/profil/spieler/350347,1999-01-16 00:00:00,27,196,left,Goalkeeper,,,250000,2025,2027-06-30 00:00:00,Element Twelve,Auckland Football Club,transfermarkt_dataset
new_zealand_nando_pijnaker,455425,Nando Pijnaker,https://www.transfermarkt.co.uk/nando-pijnaker/profil/spieler/455425,1999-02-25 00:00:00,27,192,left,Centre-Back,,,175000,2025,2027-06-30 00:00:00,Aspire Management,Auckland Football Club,transfermarkt_dataset
new_zealand_ryan_thomas,203357,Ryan Thomas,https://www.transfermarkt.co.uk/ryan-thomas/profil/spieler/203357,1994-12-20 00:00:00,31,174,right,Defensive Midfield,,,900000,2025,2028-06-30 00:00:00,,Prins Hendrik Ende Desespereert Nimmer Combinatie Zwolle,transfermarkt_dataset
new_zealand_sarpreet_singh,350357,Sarpreet Singh,https://www.transfermarkt.co.uk/sarpreet-singh/profil/spieler/350357,1999-02-20 00:00:00,27,177,left,Attacking Midfield,,,600000,2025,2026-06-30 00:00:00,ROGON,Wellington Phoenix Football Club,transfermarkt_dataset
new_zealand_tim_payne,149901,Tim Payne,https://www.transfermarkt.co.uk/tim-payne/profil/spieler/149901,1994-01-10 00:00:00,32,179,right,Right-Back,,,,2025,2028-06-30 00:00:00,Footballhouseplus,Wellington Phoenix Football Club,transfermarkt_dataset
new_zealand_tommy_smith,54381,Tommy Smith,https://www.transfermarkt.co.uk/tommy-smith/profil/spieler/54381,1990-03-31 00:00:00,36,187,left,Centre-Back,,,,2025,2026-06-30 00:00:00,,,transfermarkt_dataset
new_zealand_tyler_bindon,1007720,Tyler Bindon,https://www.transfermarkt.co.uk/tyler-bindon/profil/spieler/1007720,2005-01-27 00:00:00,21,188,right,Centre-Back,,,1500000,2025,2026-06-30 00:00:00,Sports Invest UK ltd,Sheffield United,transfermarkt_dataset
norway_alexander_sorloth,238407,Alexander Sørloth,https://www.transfermarkt.co.uk/alexander-sorloth/profil/spieler/238407,1995-12-05 00:00:00,30,195,left,Centre-Forward,,,20000000,2025,2028-06-30 00:00:00,Keypass AS,Club Atlético de Madrid S.A.D.,transfermarkt_dataset
norway_andreas_schjelderup,670103,Andreas Schjelderup,https://www.transfermarkt.co.uk/andreas-schjelderup/profil/spieler/670103,2004-06-01 00:00:00,22,176,right,Left Winger,,,14000000,2025,2028-06-30 00:00:00,,Sport Lisboa e Benfica,transfermarkt_dataset
norway_antonio_nusa,894914,Antonio Nusa,https://www.transfermarkt.co.uk/antonio-nusa/profil/spieler/894914,2005-04-17 00:00:00,21,183,right,Left Winger,,,32000000,2025,2029-06-30 00:00:00,Aneke/PMG ,RasenBallsport Leipzig,transfermarkt_dataset
norway_david_moller_wolfe,661427,David Møller Wolfe,https://www.transfermarkt.co.uk/david-moller-wolfe/profil/spieler/661427,2002-04-23 00:00:00,24,187,left,Left-Back,,,4500000,2025,2030-06-30 00:00:00,Forza Sports Group,Wolverhampton Wanderers Football Club,transfermarkt_dataset
norway_egil_selvik,380744,Egil Selvik,https://www.transfermarkt.co.uk/egil-selvik/profil/spieler/380744,1997-07-30 00:00:00,28,193,left,Goalkeeper,,,1300000,2025,2028-06-30 00:00:00,Golden Sports Mgmt,Watford FC,transfermarkt_dataset
norway_erling_haaland,418560,Erling Haaland,https://www.transfermarkt.co.uk/erling-haaland/profil/spieler/418560,2000-07-21 00:00:00,25,195,left,Centre-Forward,,,200000000,2025,2034-06-30 00:00:00,Rafaela Pimenta,Manchester City Football Club,transfermarkt_dataset
norway_fredrik_aursnes,223367,Fredrik Aursnes,https://www.transfermarkt.co.uk/fredrik-aursnes/profil/spieler/223367,1995-12-10 00:00:00,30,181,right,Central Midfield,,,17000000,2025,2029-06-30 00:00:00,,Sport Lisboa e Benfica,transfermarkt_dataset
norway_henrik_falchener,743088,Henrik Falchener,https://www.transfermarkt.co.uk/henrik-falchener/profil/spieler/743088,2003-05-08 00:00:00,23,194,right,Centre-Back,,,,2025,2029-12-31 00:00:00,Nordic Sky,Viking Fotballklubb,transfermarkt_dataset
norway_jens_petter_hauge,422355,Jens Petter Hauge,https://www.transfermarkt.co.uk/jens-petter-hauge/profil/spieler/422355,1999-10-12 00:00:00,26,184,right,Left Winger,,,2500000,2025,2028-12-31 00:00:00,Aneke/PMG ,Fotballklubben Bodø/Glimt,transfermarkt_dataset
norway_jorgen_strand_larsen,429983,Jørgen Strand Larsen,https://www.transfermarkt.co.uk/jorgen-strand-larsen/profil/spieler/429983,2000-02-06 00:00:00,26,193,right,Centre-Forward,,,40000000,2025,2030-06-30 00:00:00,TPSportManagement,Crystal Palace Football Club,transfermarkt_dataset
norway_julian_ryerson,370789,Julian Ryerson,https://www.transfermarkt.co.uk/julian-ryerson/profil/spieler/370789,1997-11-17 00:00:00,28,183,right,Right-Back,,,20000000,2025,2028-06-30 00:00:00,CAA Base Ltd,Borussia Dortmund,transfermarkt_dataset
norway_kristian_thorstvedt,564785,Kristian Thorstvedt,https://www.transfermarkt.co.uk/kristian-thorstvedt/profil/spieler/564785,1999-03-13 00:00:00,27,189,left,Central Midfield,,,8000000,2025,2027-06-30 00:00:00,,Unione Sportiva Sassuolo Calcio,transfermarkt_dataset
norway_kristoffer_ajer,328658,Kristoffer Ajer,https://www.transfermarkt.co.uk/kristoffer-ajer/profil/spieler/328658,1998-04-17 00:00:00,28,198,right,Centre-Back,,,16000000,2025,2030-06-30 00:00:00,THE·TEAM,Brentford Football Club,transfermarkt_dataset
norway_leo_ostigard,367284,Leo Østigård,https://www.transfermarkt.co.uk/leo-ostigard/profil/spieler/367284,1999-11-28 00:00:00,26,183,right,Centre-Back,,,10000000,2025,2030-06-30 00:00:00,,Genoa Cricket and Football Club,transfermarkt_dataset
norway_morten_thorsby,226524,Morten Thorsby,https://www.transfermarkt.co.uk/morten-thorsby/profil/spieler/226524,1996-05-05 00:00:00,30,188,right,Central Midfield,,,3000000,2025,2028-06-30 00:00:00,Pando,Unione Sportiva Cremonese S.p.A.,transfermarkt_dataset
norway_orjan_nyland,73517,Ørjan Nyland,https://www.transfermarkt.co.uk/orjan-nyland/profil/spieler/73517,1990-09-10 00:00:00,35,192,right,Goalkeeper,,,900000,2025,2026-06-30 00:00:00,,Sevilla Fútbol Club S.A.D.,transfermarkt_dataset
norway_oscar_bobb,661207,Oscar Bobb,https://www.transfermarkt.co.uk/oscar-bobb/profil/spieler/661207,2003-07-12 00:00:00,22,175,left,Right Winger,,,25000000,2025,2031-06-30 00:00:00,CAA Stellar,Fulham Football Club,transfermarkt_dataset
norway_patrick_berg,308439,Patrick Berg,https://www.transfermarkt.co.uk/patrick-berg/profil/spieler/308439,1997-11-24 00:00:00,28,177,right,Defensive Midfield,,,4500000,2025,2028-07-31 00:00:00,Aneke/PMG ,Fotballklubben Bodø/Glimt,transfermarkt_dataset
norway_sander_berge,333014,Sander Berge,https://www.transfermarkt.co.uk/sander-berge/profil/spieler/333014,1998-02-14 00:00:00,28,195,right,Defensive Midfield,,,25000000,2025,2029-06-30 00:00:00,Keypass AS,Fulham Football Club,transfermarkt_dataset
norway_sander_tangvik,549378,Sander Tangvik,https://www.transfermarkt.co.uk/sander-tangvik/profil/spieler/549378,2002-11-29 00:00:00,23,193,right,Goalkeeper,,,,2025,2030-06-30 00:00:00,,Hamburger Sport Verein,transfermarkt_dataset
norway_sondre_langas,737837,Sondre Langås,https://www.transfermarkt.co.uk/sondre-langas/profil/spieler/737837,2001-02-02 00:00:00,25,190,right,Centre-Back,,,,2025,2029-06-30 00:00:00,Keypass AS,,transfermarkt_dataset
norway_thelo_aasgaard,647384,Thelo Aasgaard,https://www.transfermarkt.co.uk/thelo-aasgaard/profil/spieler/647384,2002-05-02 00:00:00,24,188,right,Attacking Midfield,,,,2025,2029-06-30 00:00:00,CAA Stellar,Rangers Football Club,transfermarkt_dataset
norway_torbjorn_heggem,464469,Torbjørn Heggem,https://www.transfermarkt.co.uk/torbjorn-heggem/profil/spieler/464469,1999-01-12 00:00:00,27,192,left,Centre-Back,,,,2025,2029-06-30 00:00:00,Nordic Sky,Bologna Football Club 1909,transfermarkt_dataset
panama_adalberto_carrasquilla,375300,Adalberto Carrasquilla,https://www.transfermarkt.co.uk/adalberto-carrasquilla/profil/spieler/375300,1998-11-28 00:00:00,27,171,right,Central Midfield,,,,2025,2027-12-31 00:00:00,RELC SPORTS INC.,Club Universidad Nacional A. C.,transfermarkt_dataset
panama_alberto_quintero,126019,Alberto Quintero,https://www.transfermarkt.co.uk/alberto-quintero/profil/spieler/126019,1987-12-18 00:00:00,38,168,right,Right Winger,,,,2025,2027-12-31 00:00:00,RELC SPORTS INC.,,transfermarkt_dataset
panama_amir_murillo,354482,Amir Murillo,https://www.transfermarkt.co.uk/amir-murillo/profil/spieler/354482,1996-02-11 00:00:00,30,184,right,Right-Back,,,10000000,2025,2028-06-30 00:00:00,SEG,Beşiktaş Jimnastik Kulübü,transfermarkt_dataset
panama_andres_andrade,403808,Andrés Andrade,https://www.transfermarkt.co.uk/andres-andrade/profil/spieler/403808,1998-10-16 00:00:00,27,187,left,Centre-Back,,,1000000,2025,2028-06-30 00:00:00,RELC SPORTS INC.,Linzer Athletik-Sport-Klub,transfermarkt_dataset
panama_anibal_godoy,161671,Aníbal Godoy,https://www.transfermarkt.co.uk/anibal-godoy/profil/spieler/161671,1990-02-10 00:00:00,36,183,left,Defensive Midfield,,,,2025,2026-12-31 00:00:00,GSMGroup,San Diego Football Club,transfermarkt_dataset
panama_azarias_londono,860998,Azarias Londoño,https://www.transfermarkt.co.uk/azarias-londono/profil/spieler/860998,2001-06-21 00:00:00,24,185,right,Centre-Forward,,,,2025,2026-12-31 00:00:00,AREA SPORT TEAM,,transfermarkt_dataset
panama_carlos_harvey,628806,Carlos Harvey,https://www.transfermarkt.co.uk/carlos-harvey/profil/spieler/628806,2000-02-03 00:00:00,26,184,right,Defensive Midfield,,,,2025,2028-12-31 00:00:00,RELC SPORTS INC.,Minnesota United FC,transfermarkt_dataset
panama_cesar_blackman,440383,César Blackman,https://www.transfermarkt.co.uk/cesar-blackman/profil/spieler/440383,1998-04-02 00:00:00,28,174,right,Right-Back,,,,2025,2028-06-30 00:00:00,RELC SPORTS INC.,,transfermarkt_dataset
panama_cesar_yanis,741098,César Yanis,https://www.transfermarkt.co.uk/cesar-yanis/profil/spieler/741098,1996-01-28 00:00:00,30,160,left,Right Winger,,,,2025,,451 FC,,transfermarkt_dataset
panama_cristian_martinez,419247,Cristian Martínez,https://www.transfermarkt.co.uk/cristian-martinez/profil/spieler/419247,1997-02-06 00:00:00,29,170,right,Defensive Midfield,,,,2025,2027-06-30 00:00:00,,,transfermarkt_dataset
panama_edgardo_farina,923177,Edgardo Fariña,https://www.transfermarkt.co.uk/edgardo-farina/profil/spieler/923177,2001-10-19 00:00:00,24,195,right,Centre-Back,,,1000000,2025,2028-06-30 00:00:00,RELC SPORTS INC.,FK Nizhny Novgorod,transfermarkt_dataset
panama_eric_davis,121791,Éric Davis,https://www.transfermarkt.co.uk/eric-davis/profil/spieler/121791,1991-03-31 00:00:00,35,180,left,Left-Back,,,,2025,2026-12-31 00:00:00,HMP Sport MGMT,,transfermarkt_dataset
panama_fidel_escobar,345716,Fidel Escobar,https://www.transfermarkt.co.uk/fidel-escobar/profil/spieler/345716,1995-01-09 00:00:00,31,184,right,Centre-Back,,,,2025,2026-12-31 00:00:00,RELC SPORTS INC.,,transfermarkt_dataset
panama_ismael_diaz,243298,Ismael Díaz,https://www.transfermarkt.co.uk/ismael-diaz/profil/spieler/243298,1997-05-12 00:00:00,29,183,right,Left Winger,,,1000000,2025,2028-06-30 00:00:00,,Club León Fútbol Club,transfermarkt_dataset
panama_jiovany_ramos,403809,Jiovany Ramos,https://www.transfermarkt.co.uk/jiovany-ramos/profil/spieler/403809,1997-01-26 00:00:00,29,189,right,Centre-Back,,,,2025,2026-12-31 00:00:00,,,transfermarkt_dataset
panama_jorge_gutierrez,443379,Jorge Gutiérrez,https://www.transfermarkt.co.uk/jorge-gutierrez/profil/spieler/443379,1998-09-01 00:00:00,27,171,left,Left-Back,,,,2025,2026-12-31 00:00:00,Sokker Group,,transfermarkt_dataset
panama_jose_cordoba,698415,José Córdoba,https://www.transfermarkt.co.uk/jose-cordoba/profil/spieler/698415,2001-06-03 00:00:00,25,185,left,Centre-Back,,,,2025,2028-06-30 00:00:00,DWMA,Norwich City,transfermarkt_dataset
panama_jose_luis_rodriguez,425028,José Luis Rodríguez,https://www.transfermarkt.co.uk/jose-luis-rodriguez/profil/spieler/425028,1998-06-19 00:00:00,27,183,left,Left Winger,,,2000000,2025,2028-06-30 00:00:00,,Fútbol Club Juárez,transfermarkt_dataset
panama_orlando_mosquera,402979,Orlando Mosquera,https://www.transfermarkt.co.uk/orlando-mosquera/profil/spieler/402979,1994-12-25 00:00:00,31,191,right,Goalkeeper,,,,2025,2028-06-30 00:00:00,GSMGroup,Al-Fayha FC,transfermarkt_dataset
panama_roderick_miller,157154,Roderick Miller,https://www.transfermarkt.co.uk/roderick-miller/profil/spieler/157154,1992-04-03 00:00:00,34,190,left,Centre-Back,,,200000,2018,2023-06-30 00:00:00,,CD Feirense,transfermarkt_dataset
panama_tomas_rodriguez,569205,Tomás Rodríguez,https://www.transfermarkt.co.uk/tomas-rodriguez/profil/spieler/569205,1999-03-09 00:00:00,27,178,right,Centre-Forward,,,,2025,2026-12-31 00:00:00,Sportiva,,transfermarkt_dataset
paraguay_alex_arce,970518,Álex Arce,https://www.transfermarkt.co.uk/alex-arce/profil/spieler/970518,1995-06-16 00:00:00,30,187,right,Centre-Forward,,,,2025,2028-12-31 00:00:00,,Club Sportivo Independiente Rivadavia,transfermarkt_dataset
paraguay_alexandro_maidana,1371519,Alexandro Maidana,https://www.transfermarkt.co.uk/alexandro-maidana/profil/spieler/1371519,2005-07-26 00:00:00,20,178,left,Left-Back,,,,2025,2029-12-31 00:00:00,EagleEye,Club Atlético Talleres,transfermarkt_dataset
paraguay_andres_cubas,323872,Andrés Cubas,https://www.transfermarkt.co.uk/andres-cubas/profil/spieler/323872,1996-05-22 00:00:00,30,166,right,Defensive Midfield,,,4500000,2025,2028-06-30 00:00:00,,Vancouver Whitecaps FC,transfermarkt_dataset
paraguay_antonio_sanabria,234523,Antonio Sanabria,https://www.transfermarkt.co.uk/antonio-sanabria/profil/spieler/234523,1996-03-04 00:00:00,30,180,right,Centre-Forward,,,7000000,2025,2028-06-30 00:00:00,Team Eleven ,Unione Sportiva Cremonese S.p.A.,transfermarkt_dataset
paraguay_braian_ojeda,491596,Braian Ojeda,https://www.transfermarkt.co.uk/braian-ojeda/profil/spieler/491596,2000-06-27 00:00:00,25,173,right,Defensive Midfield,,,,2025,2029-06-30 00:00:00,THE·TEAM,Orlando City Soccer Club,transfermarkt_dataset
paraguay_damian_bobadilla,861852,Damián Bobadilla,https://www.transfermarkt.co.uk/damian-bobadilla/profil/spieler/861852,2001-07-11 00:00:00,24,181,right,Central Midfield,,,,2025,2027-12-31 00:00:00,EagleEye,São Paulo Futebol Clube,transfermarkt_dataset
paraguay_diego_gomez,996897,Diego Gómez,https://www.transfermarkt.co.uk/diego-gomez/profil/spieler/996897,2003-03-27 00:00:00,23,185,right,Central Midfield,,,25000000,2025,2030-06-30 00:00:00,La Squadra Sports,Brighton and Hove Albion Football Club,transfermarkt_dataset
paraguay_fabian_balbuena,285548,Fabián Balbuena,https://www.transfermarkt.co.uk/fabian-balbuena/profil/spieler/285548,1991-08-23 00:00:00,34,189,right,Centre-Back,,,1500000,2025,2027-06-30 00:00:00,La Squadra Sports,Grêmio Foot-Ball Porto Alegrense,transfermarkt_dataset
paraguay_gabriel_avalos,358418,Gabriel Ávalos,https://www.transfermarkt.co.uk/gabriel-avalos/profil/spieler/358418,1990-10-12 00:00:00,35,190,right,Centre-Forward,,,,2025,2026-12-31 00:00:00,DE 9 FÚTBOL,Club Atlético Independiente de Avellaneda,transfermarkt_dataset
paraguay_gustavo_caballero,891672,Gustavo Caballero,https://www.transfermarkt.co.uk/gustavo-caballero/profil/spieler/891672,2001-09-21 00:00:00,24,186,right,Left Winger,,,,2024,2026-06-30 00:00:00,EagleEye,Santos Futebol Clube,transfermarkt_dataset
paraguay_gustavo_gomez,215390,Gustavo Gómez,https://www.transfermarkt.co.uk/gustavo-gomez/profil/spieler/215390,1993-05-06 00:00:00,33,185,right,Centre-Back,,,8500000,2025,2027-12-31 00:00:00,La Squadra Sports,Sociedade Esportiva Palmeiras,transfermarkt_dataset
paraguay_isidro_pitta,675178,Isidro Pitta,https://www.transfermarkt.co.uk/isidro-pitta/profil/spieler/675178,1999-08-14 00:00:00,26,183,right,Centre-Forward,,,,2025,2028-12-31 00:00:00,OTB Sports,Red Bull Bragantino,transfermarkt_dataset
paraguay_jose_canale,402627,José Canale,https://www.transfermarkt.co.uk/jose-canale/profil/spieler/402627,1996-07-20 00:00:00,29,187,left,Centre-Back,,,,2025,2026-12-31 00:00:00,MV.SPORTS,Club Atlético Lanús,transfermarkt_dataset
paraguay_juan_jose_caceres,756494,Juan José Cáceres,https://www.transfermarkt.co.uk/juan-jose-caceres/profil/spieler/756494,2000-06-01 00:00:00,26,177,right,Right-Back,,,4000000,2025,2029-12-31 00:00:00,,FK Dinamo Moskva,transfermarkt_dataset
paraguay_julio_enciso,660867,Julio Enciso,https://www.transfermarkt.co.uk/julio-enciso/profil/spieler/660867,2004-01-23 00:00:00,22,173,right,Attacking Midfield,,,20000000,2025,2029-06-30 00:00:00,AS1,Racing Club de Strasbourg Alsace,transfermarkt_dataset
paraguay_junior_alonso,273000,Júnior Alonso,https://www.transfermarkt.co.uk/junior-alonso/profil/spieler/273000,1993-02-09 00:00:00,33,185,left,Centre-Back,,,8000000,2025,2026-12-31 00:00:00,EagleEye,Clube Atlético Mineiro,transfermarkt_dataset
paraguay_matias_galarza,661269,Matías Galarza,https://www.transfermarkt.co.uk/matias-galarza/profil/spieler/661269,2002-02-11 00:00:00,24,175,left,Central Midfield,,,,2025,2026-06-30 00:00:00,Carlos Leite,Atlanta United Football Club,transfermarkt_dataset
paraguay_mauricio,678439,Mauricio,https://www.transfermarkt.co.uk/mauricio/profil/spieler/678439,2001-06-22 00:00:00,24,174,left,Attacking Midfield,,,,2025,2028-12-31 00:00:00,LINK SPORTS,Sociedade Esportiva Palmeiras,transfermarkt_dataset
paraguay_miguel_almiron,272999,Miguel Almirón,https://www.transfermarkt.co.uk/miguel-almiron/profil/spieler/272999,1994-02-10 00:00:00,32,174,left,Right Winger,,,9000000,2025,2027-12-31 00:00:00,Osvaldo Daniel Campo,Atlanta United Football Club,transfermarkt_dataset
paraguay_omar_alderete,353032,Omar Alderete,https://www.transfermarkt.co.uk/omar-alderete/profil/spieler/353032,1996-12-26 00:00:00,29,188,left,Centre-Back,,,12000000,2025,2029-06-30 00:00:00,La Squadra Sports,Sunderland Association Football Club,transfermarkt_dataset
paraguay_orlando_gill,643259,Orlando Gill,https://www.transfermarkt.co.uk/orlando-gill/profil/spieler/643259,2000-06-11 00:00:00,25,198,left,Goalkeeper,,,,2025,2027-12-31 00:00:00,,Club Atlético San Lorenzo de Almagro,transfermarkt_dataset
paraguay_ramon_sosa,745191,Ramón Sosa,https://www.transfermarkt.co.uk/ramon-sosa/profil/spieler/745191,1999-08-31 00:00:00,26,179,right,Second Striker,,,11000000,2025,2030-06-30 00:00:00,Osvaldo Daniel Campo,Sociedade Esportiva Palmeiras,transfermarkt_dataset
portugal_bernardo_silva,241641,Bernardo Silva,https://www.transfermarkt.co.uk/bernardo-silva/profil/spieler/241641,1994-08-10 00:00:00,31,173,left,Attacking Midfield,,,27000000,2025,2026-06-30 00:00:00,Gestifute,Manchester City Football Club,transfermarkt_dataset
portugal_bruno_fernandes,240306,Bruno Fernandes,https://www.transfermarkt.co.uk/bruno-fernandes/profil/spieler/240306,1994-09-08 00:00:00,31,179,right,Attacking Midfield,,,40000000,2025,2027-06-30 00:00:00,AS1,Manchester United Football Club,transfermarkt_dataset
portugal_cristiano_ronaldo,8198,Cristiano Ronaldo,https://www.transfermarkt.co.uk/cristiano-ronaldo/profil/spieler/8198,1985-02-05 00:00:00,41,188,right,Centre-Forward,,,15000000,2025,2027-06-30 00:00:00,Gestifute,Al-Nassr Football Club,transfermarkt_dataset
portugal_diogo_costa,357153,Diogo Costa,https://www.transfermarkt.co.uk/diogo-costa/profil/spieler/357153,1999-09-19 00:00:00,26,186,right,Goalkeeper,,,40000000,2025,2030-06-30 00:00:00,Gestifute,Futebol Clube do Porto,transfermarkt_dataset
portugal_diogo_dalot,357147,Diogo Dalot,https://www.transfermarkt.co.uk/diogo-dalot/profil/spieler/357147,1999-03-18 00:00:00,27,183,right,Right-Back,,,28000000,2025,2028-06-30 00:00:00,Proeleven S.A.,Manchester United Football Club,transfermarkt_dataset
portugal_francisco_conceicao,487474,Francisco Conceição,https://www.transfermarkt.co.uk/francisco-conceicao/profil/spieler/487474,2002-12-14 00:00:00,23,170,left,Right Winger,,,30000000,2025,2030-06-30 00:00:00,Gestifute,Juventus Football Club,transfermarkt_dataset
portugal_francisco_trincao,412669,Francisco Trincão,https://www.transfermarkt.co.uk/francisco-trincao/profil/spieler/412669,1999-12-29 00:00:00,26,184,left,Attacking Midfield,,,35000000,2025,2030-06-30 00:00:00,Gestifute,Sporting Clube de Portugal,transfermarkt_dataset
portugal_goncalo_guedes,225122,Gonçalo Guedes,https://www.transfermarkt.co.uk/goncalo-guedes/profil/spieler/225122,1996-11-29 00:00:00,29,179,right,Left Winger,,,6000000,2025,2028-06-30 00:00:00,Gestifute,Real Sociedad de Fútbol S.A.D.,transfermarkt_dataset
portugal_goncalo_inacio,549006,Gonçalo Inácio,https://www.transfermarkt.co.uk/goncalo-inacio/profil/spieler/549006,2001-08-25 00:00:00,24,186,left,Centre-Back,,,45000000,2025,2030-06-30 00:00:00,AS1,Sporting Clube de Portugal,transfermarkt_dataset
portugal_goncalo_ramos,550550,Gonçalo Ramos,https://www.transfermarkt.co.uk/goncalo-ramos/profil/spieler/550550,2001-06-20 00:00:00,24,185,right,Centre-Forward,,,35000000,2025,2028-06-30 00:00:00,Gestifute,Paris Saint-Germain Football Club,transfermarkt_dataset
portugal_joao_cancelo,182712,João Cancelo,https://www.transfermarkt.co.uk/joao-cancelo/profil/spieler/182712,1994-05-27 00:00:00,32,182,right,Right-Back,,,25000000,2025,2026-06-30 00:00:00,Gestifute,Futbol Club Barcelona,transfermarkt_dataset
portugal_joao_felix,462250,João Félix,https://www.transfermarkt.co.uk/joao-felix/profil/spieler/462250,1999-11-10 00:00:00,26,181,right,Second Striker,,,25000000,2025,2027-06-30 00:00:00,Gestifute,Al-Nassr Football Club,transfermarkt_dataset
portugal_joao_neves,670681,João Neves,https://www.transfermarkt.co.uk/joao-neves/profil/spieler/670681,2004-09-27 00:00:00,21,174,right,Central Midfield,,,110000000,2025,2029-06-30 00:00:00,Gestifute,Paris Saint-Germain Football Club,transfermarkt_dataset
portugal_jose_sa,249994,José Sá,https://www.transfermarkt.co.uk/jose-sa/profil/spieler/249994,1993-01-17 00:00:00,33,192,right,Goalkeeper,,,5000000,2025,2027-06-30 00:00:00,Gestifute,Wolverhampton Wanderers Football Club,transfermarkt_dataset
portugal_matheus_nunes,601883,Matheus Nunes,https://www.transfermarkt.co.uk/matheus-nunes/profil/spieler/601883,1998-08-27 00:00:00,27,183,right,Right-Back,,,38000000,2025,2028-06-30 00:00:00,Gestifute,Manchester City Football Club,transfermarkt_dataset
portugal_nelson_semedo,231572,Nélson Semedo,https://www.transfermarkt.co.uk/nelson-semedo/profil/spieler/231572,1993-11-16 00:00:00,32,177,right,Right-Back,,,7500000,2025,2027-06-30 00:00:00,Gestifute,Fenerbahçe Spor Kulübü,transfermarkt_dataset
portugal_nuno_mendes,616341,Nuno Mendes,https://www.transfermarkt.co.uk/nuno-mendes/profil/spieler/616341,2002-06-19 00:00:00,23,180,left,Left-Back,,,75000000,2025,2029-06-30 00:00:00,AS1,Paris Saint-Germain Football Club,transfermarkt_dataset
portugal_pedro_neto,487465,Pedro Neto,https://www.transfermarkt.co.uk/pedro-neto/profil/spieler/487465,2000-03-09 00:00:00,26,174,left,Right Winger,,,60000000,2025,2031-06-30 00:00:00,Gestifute,Chelsea Football Club,transfermarkt_dataset
portugal_rafael_leao,357164,Rafael Leão,https://www.transfermarkt.co.uk/rafael-leao/profil/spieler/357164,1999-06-10 00:00:00,26,188,right,Left Winger,,,90000000,2025,2028-06-30 00:00:00,,Associazione Calcio Milan,transfermarkt_dataset
portugal_renato_veiga,805714,Renato Veiga,https://www.transfermarkt.co.uk/renato-veiga/profil/spieler/805714,2003-07-29 00:00:00,22,190,left,Centre-Back,,,25000000,2025,2032-06-30 00:00:00,Mondo Victory,Villarreal Club de Fútbol S.A.D.,transfermarkt_dataset
portugal_ruben_dias,258004,Rúben Dias,https://www.transfermarkt.co.uk/ruben-dias/profil/spieler/258004,1997-05-14 00:00:00,29,187,right,Centre-Back,,,60000000,2025,2029-06-30 00:00:00,Gestifute,Manchester City Football Club,transfermarkt_dataset
portugal_ruben_neves,225161,Rúben Neves,https://www.transfermarkt.co.uk/ruben-neves/profil/spieler/225161,1997-03-13 00:00:00,29,180,right,Defensive Midfield,,,40000000,2025,2029-06-30 00:00:00,Gestifute,Al-Hilal Saudi Football Club,transfermarkt_dataset
portugal_rui_silva,234811,Rui Silva,https://www.transfermarkt.co.uk/rui-silva/profil/spieler/234811,1994-02-07 00:00:00,32,191,left,Goalkeeper,,,8000000,2025,2028-06-30 00:00:00,Team of Future,Sporting Clube de Portugal,transfermarkt_dataset
portugal_samu_costa,657430,Samú Costa,https://www.transfermarkt.co.uk/samu-costa/profil/spieler/657430,2000-11-27 00:00:00,25,185,left,Defensive Midfield,,,15000000,2025,2028-06-30 00:00:00,,Real Club Deportivo Mallorca S.A.D.,transfermarkt_dataset
portugal_tomas_araujo,504087,Tomás Araújo,https://www.transfermarkt.co.uk/tomas-araujo/profil/spieler/504087,2002-05-16 00:00:00,24,187,right,Centre-Back,,,28000000,2025,2029-06-30 00:00:00,Epic Araújo,Sport Lisboa e Benfica,transfermarkt_dataset
portugal_vitinha,487469,Vitinha,https://www.transfermarkt.co.uk/vitinha/profil/spieler/487469,2000-02-13 00:00:00,26,172,right,Defensive Midfield,,,110000000,2025,2029-06-30 00:00:00,Gestifute,Paris Saint-Germain Football Club,transfermarkt_dataset
qatar_abdulaziz_hatem,113915,Abdulaziz Hatim,https://www.transfermarkt.co.uk/abdulaziz-hatim/profil/spieler/113915,1990-10-28 00:00:00,35,183,left,Central Midfield,,,,2025,,,,transfermarkt_dataset
qatar_ahmed_alaaeldin,187987,Ahmed Alaaeldin,https://www.transfermarkt.co.uk/ahmed-alaaeldin/profil/spieler/187987,1993-01-31 00:00:00,33,177,right,Centre-Forward,,,,2025,2027-06-30 00:00:00,,,transfermarkt_dataset
qatar_akram_afif,336646,Akram Afif,https://www.transfermarkt.co.uk/akram-afif/profil/spieler/336646,1996-11-18 00:00:00,29,177,right,Left Winger,,,4500000,2025,,,,transfermarkt_dataset
qatar_almoez_ali,345095,Almoez Ali,https://www.transfermarkt.co.uk/almoez-ali/profil/spieler/345095,1996-08-19 00:00:00,29,180,right,Centre-Forward,,,,2025,,Dodici,,transfermarkt_dataset
qatar_assim_madibo,336667,Assim Madibo,https://www.transfermarkt.co.uk/assim-madibo/profil/spieler/336667,1996-10-22 00:00:00,29,168,right,Defensive Midfield,,,300000,2025,2026-06-30 00:00:00,Aram Zinouzi,,transfermarkt_dataset
qatar_ayoub_aloui,1054631,Ayoub Al-Oui,https://www.transfermarkt.co.uk/ayoub-al-oui/profil/spieler/1054631,2005-03-11 00:00:00,21,187,right,Right-Back,,,,2025,,,,transfermarkt_dataset
qatar_boualem_khoukhi,222669,Boualem Khoukhi,https://www.transfermarkt.co.uk/boualem-khoukhi/profil/spieler/222669,1990-07-09 00:00:00,35,180,right,Centre-Back,,,,2025,2027-06-30 00:00:00,Global Transfers,,transfermarkt_dataset
qatar_edmilson_junior,237846,Edmílson Junior,https://www.transfermarkt.co.uk/edmilson-junior/profil/spieler/237846,1994-08-19 00:00:00,31,180,right,Left Winger,,,3000000,2025,,Karim Rafiki,,transfermarkt_dataset
qatar_issa_laye,1264176,Issa Laye,https://www.transfermarkt.co.uk/issa-laye/profil/spieler/1264176,1997-12-22 00:00:00,28,188,right,Centre-Back,,,,2025,2030-06-30 00:00:00,,,transfermarkt_dataset
qatar_jassem_gaber,735813,Jassem Gaber,https://www.transfermarkt.co.uk/jassem-gaber/profil/spieler/735813,2002-02-20 00:00:00,24,188,right,Defensive Midfield,,,,2025,2030-06-30 00:00:00,,,transfermarkt_dataset
qatar_karim_boudiaf,222385,Karim Boudiaf,https://www.transfermarkt.co.uk/karim-boudiaf/profil/spieler/222385,1990-09-16 00:00:00,35,187,right,Defensive Midfield,,,,2025,,,,transfermarkt_dataset
qatar_lucas_mendes,83983,Lucas Mendes,https://www.transfermarkt.co.uk/lucas-mendes/profil/spieler/83983,1990-07-03 00:00:00,35,184,left,Centre-Back,,,500000,2025,2027-06-30 00:00:00,,,transfermarkt_dataset
qatar_mahmoud_abunada,669629,Mahmoud Abunada,https://www.transfermarkt.co.uk/mahmoud-abunada/profil/spieler/669629,2000-02-05 00:00:00,26,191,left,Goalkeeper,,,,2025,2030-06-30 00:00:00,,,transfermarkt_dataset
qatar_meshaal_barsham,560423,Meshaal Barsham,https://www.transfermarkt.co.uk/meshaal-barsham/profil/spieler/560423,1998-02-14 00:00:00,28,180,right,Goalkeeper,,,,2025,,,,transfermarkt_dataset
qatar_mohammed_muntari,266935,Mohammed Muntari,https://www.transfermarkt.co.uk/mohammed-muntari/profil/spieler/266935,1993-12-20 00:00:00,32,194,right,Centre-Forward,,,,2025,2026-06-30 00:00:00,,,transfermarkt_dataset
qatar_pedro_miguel,228727,Pedro Miguel,https://www.transfermarkt.co.uk/pedro-miguel/profil/spieler/228727,1990-08-06 00:00:00,35,182,right,Centre-Back,,,,2025,2030-06-30 00:00:00,,,transfermarkt_dataset
qatar_salah_zakaria,632912,Salah Zakaria,https://www.transfermarkt.co.uk/salah-zakaria/profil/spieler/632912,1999-04-24 00:00:00,27,188,right,Goalkeeper,,,,2025,2026-06-30 00:00:00,I.SM,,transfermarkt_dataset
qatar_sultan_albrake,336665,Sultan Al-Brake,https://www.transfermarkt.co.uk/sultan-al-brake/profil/spieler/336665,1996-04-07 00:00:00,30,175,left,Left-Back,,,,2025,,,,transfermarkt_dataset
qatar_yusuf_abdurisag,589099,Yusuf Abdurisag,https://www.transfermarkt.co.uk/yusuf-abdurisag/profil/spieler/589099,1999-08-06 00:00:00,26,177,right,Left Winger,,,,2025,2026-06-30 00:00:00,,,transfermarkt_dataset
saudi_arabia_abdulelah_alamri,509894,Abdulelah Al-Amri,https://www.transfermarkt.co.uk/abdulelah-al-amri/profil/spieler/509894,1997-01-15 00:00:00,29,183,right,Centre-Back,,,,2025,2028-06-30 00:00:00,THE·TEAM,Al-Nassr Football Club,transfermarkt_dataset
saudi_arabia_abdullah_alhamddan,68626,Abdullah Al-Hamdan,https://www.transfermarkt.co.uk/abdullah-al-hamdan/profil/spieler/68626,1999-09-12 00:00:00,26,184,,Centre-Forward,,,,2025,,RPM,Al-Nassr Football Club,transfermarkt_dataset
saudi_arabia_abdullah_alkhaibari,437903,Abdullah Al-Khaibari,https://www.transfermarkt.co.uk/abdullah-al-khaibari/profil/spieler/437903,1996-08-16 00:00:00,29,178,right,Defensive Midfield,,,,2025,2029-06-30 00:00:00,F16,Al-Nassr Football Club,transfermarkt_dataset
saudi_arabia_ahmed_alkassar,177956,Ahmed Al-Kassar,https://www.transfermarkt.co.uk/ahmed-al-kassar/profil/spieler/177956,1991-05-08 00:00:00,35,179,right,Goalkeeper,,,,2025,2027-06-30 00:00:00,,Al-Qadsiah Saudi Football Club,transfermarkt_dataset
saudi_arabia_ali_lajami,264909,Ali Lajami,https://www.transfermarkt.co.uk/ali-lajami/profil/spieler/264909,1996-04-24 00:00:00,30,178,right,Centre-Back,,,,2025,2028-06-30 00:00:00,Blue Line,Al-Hilal Saudi Football Club,transfermarkt_dataset
saudi_arabia_ali_majrashi,672391,Ali Majrashi,https://www.transfermarkt.co.uk/ali-majrashi/profil/spieler/672391,1999-10-01 00:00:00,26,169,right,Right-Back,,,,2025,2029-06-30 00:00:00,,Al-Ahli Saudi Football Club,transfermarkt_dataset
saudi_arabia_hassan_altambakti,509897,Hassan Tambakti,https://www.transfermarkt.co.uk/hassan-tambakti/profil/spieler/509897,1999-02-09 00:00:00,27,183,right,Centre-Back,,,,2025,2027-06-30 00:00:00,ENV SPORTS,Al-Hilal Saudi Football Club,transfermarkt_dataset
saudi_arabia_hassan_kadish,260859,Hassan Kadesh,https://www.transfermarkt.co.uk/hassan-kadesh/profil/spieler/260859,1992-09-26 00:00:00,33,179,left,Left-Back,,,,2025,2028-06-30 00:00:00,,Al-Ittihad Football Club,transfermarkt_dataset
saudi_arabia_jehad_thikri,901334,Jehad Thakri,https://www.transfermarkt.co.uk/jehad-thakri/profil/spieler/901334,2001-07-21 00:00:00,24,183,,Centre-Back,,,,2025,2031-06-30 00:00:00,F16,Al-Qadsiah Saudi Football Club,transfermarkt_dataset
saudi_arabia_khalid_alghannam,631923,Khalid Al-Ghannam,https://www.transfermarkt.co.uk/khalid-al-ghannam/profil/spieler/631923,2000-11-07 00:00:00,25,171,right,Left Winger,,,,2025,2028-06-30 00:00:00,ENV SPORTS,Al-Ettifaq Football Club,transfermarkt_dataset
saudi_arabia_mohamed_kanno,308120,Mohamed Kanno,https://www.transfermarkt.co.uk/mohamed-kanno/profil/spieler/308120,1994-09-22 00:00:00,31,192,right,Central Midfield,,,,2025,2027-06-30 00:00:00,Sport Plan,Al-Hilal Saudi Football Club,transfermarkt_dataset
saudi_arabia_mohammed_abu_alshamat,1181852,Mohammed Abu Al-Shamat,https://www.transfermarkt.co.uk/mohammed-abu-al-shamat/profil/spieler/1181852,2002-08-11 00:00:00,23,170,right,Right-Back,,,,2025,2031-06-30 00:00:00,F16,Al-Qadsiah Saudi Football Club,transfermarkt_dataset
saudi_arabia_mohammed_alowais,262845,Mohammed Al-Owais,https://www.transfermarkt.co.uk/mohammed-al-owais/profil/spieler/262845,1991-10-10 00:00:00,34,185,left,Goalkeeper,,,,2024,,,Al-Hilal Saudi Football Club,transfermarkt_dataset
saudi_arabia_moteb_alharbi,869509,Moteb Al-Harbi,https://www.transfermarkt.co.uk/moteb-al-harbi/profil/spieler/869509,2000-02-19 00:00:00,26,173,left,Left-Back,,,,2025,2029-06-30 00:00:00,Sportlink Agency,Al-Hilal Saudi Football Club,transfermarkt_dataset
saudi_arabia_musab_aljuwayr,901181,Musab Al-Juwayr,https://www.transfermarkt.co.uk/musab-al-juwayr/profil/spieler/901181,2003-06-20 00:00:00,22,178,right,Central Midfield,,,,2025,2030-06-30 00:00:00,Sportlink Agency,Al-Qadsiah Saudi Football Club,transfermarkt_dataset
saudi_arabia_nasser_aldawsari,509911,Nasser Al-Dawsari,https://www.transfermarkt.co.uk/nasser-al-dawsari/profil/spieler/509911,1998-12-19 00:00:00,27,178,left,Central Midfield,,,,2025,2027-06-30 00:00:00,F16,Al-Hilal Saudi Football Club,transfermarkt_dataset
saudi_arabia_nawaf_alaqidi,886183,Nawaf Al-Aqidi,https://www.transfermarkt.co.uk/nawaf-al-aqidi/profil/spieler/886183,2000-05-10 00:00:00,26,186,,Goalkeeper,,,,2025,2028-06-30 00:00:00,ENV SPORTS,Al-Nassr Football Club,transfermarkt_dataset
saudi_arabia_saleh_alshehri,242267,Saleh Al-Shehri,https://www.transfermarkt.co.uk/saleh-al-shehri/profil/spieler/242267,1993-11-01 00:00:00,32,184,right,Centre-Forward,,,650000,2025,2027-06-30 00:00:00,,Al-Ittihad Football Club,transfermarkt_dataset
saudi_arabia_salem_aldawsari,195332,Salem Al-Dawsari,https://www.transfermarkt.co.uk/salem-al-dawsari/profil/spieler/195332,1991-08-19 00:00:00,34,171,right,Left Winger,,,2000000,2025,2027-06-30 00:00:00,Sportlink Agency,Al-Hilal Saudi Football Club,transfermarkt_dataset
saudi_arabia_saud_abdulhamid,631927,Saud Abdulhamid,https://www.transfermarkt.co.uk/saud-abdulhamid/profil/spieler/631927,1999-07-18 00:00:00,26,175,right,Right-Back,,,3000000,2025,2026-06-30 00:00:00,ENV SPORTS,Racing Club de Lens,transfermarkt_dataset
saudi_arabia_sultan_mandash,210349,Sultan Mandash,https://www.transfermarkt.co.uk/sultan-mandash/profil/spieler/210349,1994-10-17 00:00:00,31,172,left,Right Winger,,,,2025,2028-06-30 00:00:00,,Al-Hilal Saudi Football Club,transfermarkt_dataset
saudi_arabia_ziyad_aljohani,901079,Ziyad Al-Johani,https://www.transfermarkt.co.uk/ziyad-al-johani/profil/spieler/901079,2001-11-11 00:00:00,24,180,left,Defensive Midfield,,,,2025,2030-06-30 00:00:00,Sportlink Agency,Al-Ahli Saudi Football Club,transfermarkt_dataset
scotland_aaron_hickey,591949,Aaron Hickey,https://www.transfermarkt.co.uk/aaron-hickey/profil/spieler/591949,2002-06-10 00:00:00,23,185,both,Right-Back,,,28000000,2025,2028-06-30 00:00:00,Gersh,Brentford Football Club,transfermarkt_dataset
scotland_angus_gunn,201574,Angus Gunn,https://www.transfermarkt.co.uk/angus-gunn/profil/spieler/201574,1996-01-22 00:00:00,30,196,right,Goalkeeper,,,2500000,2025,2026-06-30 00:00:00,Triple S Sports,Nottingham Forest Football Club,transfermarkt_dataset
scotland_anthony_ralston,388171,Anthony Ralston,https://www.transfermarkt.co.uk/anthony-ralston/profil/spieler/388171,1998-11-16 00:00:00,27,178,right,Right-Back,,,1500000,2025,2027-05-31 00:00:00,,The Celtic Football Club,transfermarkt_dataset
scotland_ben_gannon_doak,719673,Ben Gannon-Doak,https://www.transfermarkt.co.uk/ben-gannon-doak/profil/spieler/719673,2005-11-11 00:00:00,20,176,right,Right Winger,,,10000000,2025,2030-06-30 00:00:00,,Association Football Club Bournemouth,transfermarkt_dataset
scotland_che_adams,346779,Ché Adams,https://www.transfermarkt.co.uk/che-adams/profil/spieler/346779,1996-07-13 00:00:00,29,179,right,Centre-Forward,,,18000000,2025,2027-06-30 00:00:00,THE·TEAM,Torino Calcio,transfermarkt_dataset
scotland_craig_gordon,12589,Craig Gordon,https://www.transfermarkt.co.uk/craig-gordon/profil/spieler/12589,1982-12-31 00:00:00,43,193,left,Goalkeeper,,,50000,2025,2026-05-31 00:00:00,World in Motion,Heart of Midlothian Football Club,transfermarkt_dataset
scotland_findlay_curtis,1082993,Findlay Curtis,https://www.transfermarkt.co.uk/findlay-curtis/profil/spieler/1082993,2006-10-01 00:00:00,19,180,right,Left Winger,,,750000,2025,,THE·TEAM,Rangers Football Club,transfermarkt_dataset
scotland_george_hirst,420808,George Hirst,https://www.transfermarkt.co.uk/george-hirst/profil/spieler/420808,1999-02-15 00:00:00,27,191,right,Centre-Forward,,,8000000,2025,2029-06-30 00:00:00,Footwork,Ipswich Town,transfermarkt_dataset
scotland_grant_hanley,121385,Grant Hanley,https://www.transfermarkt.co.uk/grant-hanley/profil/spieler/121385,1991-11-20 00:00:00,34,188,right,Centre-Back,,,1500000,2025,2027-05-31 00:00:00,Gersh,Hibernian Football Club,transfermarkt_dataset
scotland_jack_hendry,363223,Jack Hendry,https://www.transfermarkt.co.uk/jack-hendry/profil/spieler/363223,1995-05-07 00:00:00,31,192,right,Centre-Back,,,3000000,2025,2026-06-30 00:00:00,StormSportsX,Al-Ettifaq Football Club,transfermarkt_dataset
scotland_john_souttar,235767,John Souttar,https://www.transfermarkt.co.uk/john-souttar/profil/spieler/235767,1996-09-25 00:00:00,29,186,right,Centre-Back,,,3500000,2025,2027-05-31 00:00:00,THE·TEAM,Rangers Football Club,transfermarkt_dataset
scotland_kieran_tierney,300716,Kieran Tierney,https://www.transfermarkt.co.uk/kieran-tierney/profil/spieler/300716,1997-06-05 00:00:00,29,180,left,Left-Back,,,8000000,2025,2030-06-30 00:00:00,CAA Stellar,The Celtic Football Club,transfermarkt_dataset
scotland_lawrence_shankland,225744,Lawrence Shankland,https://www.transfermarkt.co.uk/lawrence-shankland/profil/spieler/225744,1995-08-10 00:00:00,30,185,right,Centre-Forward,,,2500000,2025,2028-05-31 00:00:00,StormSportsX,Heart of Midlothian Football Club,transfermarkt_dataset
scotland_lewis_ferguson,428563,Lewis Ferguson,https://www.transfermarkt.co.uk/lewis-ferguson/profil/spieler/428563,1999-08-24 00:00:00,26,181,right,Central Midfield,,,20000000,2025,2028-06-30 00:00:00,,Bologna Football Club 1909,transfermarkt_dataset
scotland_liam_kelly,208772,Liam Kelly,https://www.transfermarkt.co.uk/liam-kelly/profil/spieler/208772,1996-01-23 00:00:00,30,184,right,Goalkeeper,,,800000,2025,2026-06-30 00:00:00,CAA Base Ltd,Rangers Football Club,transfermarkt_dataset
scotland_lyndon_dykes,347138,Lyndon Dykes,https://www.transfermarkt.co.uk/lyndon-dykes/profil/spieler/347138,1995-10-07 00:00:00,30,188,right,Centre-Forward,,,2500000,2025,2026-06-30 00:00:00,StormSportsX,,transfermarkt_dataset
scotland_mcginn_john,193116,John McGinn,https://www.transfermarkt.co.uk/john-mcginn/profil/spieler/193116,1994-10-18 00:00:00,31,178,left,Central Midfield,,,15000000,2025,2028-06-30 00:00:00,EAA,Aston Villa Football Club,transfermarkt_dataset
scotland_mckenna_scott,255906,Scott McKenna,https://www.transfermarkt.co.uk/scott-mckenna/profil/spieler/255906,1996-11-12 00:00:00,29,189,left,Centre-Back,,,9000000,2025,2029-06-30 00:00:00,THE·TEAM,GNK Dinamo Zagreb,transfermarkt_dataset
scotland_mclean_kenny,126600,Kenny McLean,https://www.transfermarkt.co.uk/kenny-mclean/profil/spieler/126600,1992-01-08 00:00:00,34,180,left,Central Midfield,,,1200000,2025,2026-06-30 00:00:00,Trueno Sports,Norwich City,transfermarkt_dataset
scotland_mctominay_scott,315969,Scott McTominay,https://www.transfermarkt.co.uk/scott-mctominay/profil/spieler/315969,1996-12-08 00:00:00,29,191,right,Central Midfield,,,45000000,2025,2028-06-30 00:00:00,Murdock Sports Group,Società Sportiva Calcio Napoli,transfermarkt_dataset
scotland_nathan_patterson,424015,Nathan Patterson,https://www.transfermarkt.co.uk/nathan-patterson/profil/spieler/424015,2001-10-16 00:00:00,24,189,right,Right-Back,,,10000000,2025,2027-06-30 00:00:00,SA33,Everton Football Club,transfermarkt_dataset
scotland_ross_stewart,447995,Ross Stewart,https://www.transfermarkt.co.uk/ross-stewart/profil/spieler/447995,1996-07-11 00:00:00,29,188,right,Centre-Forward,,,2800000,2024,2026-06-30 00:00:00,,Southampton FC,transfermarkt_dataset
scotland_ryan_christie,188077,Ryan Christie,https://www.transfermarkt.co.uk/ryan-christie/profil/spieler/188077,1995-02-22 00:00:00,31,178,left,Central Midfield,,,9000000,2025,2027-06-30 00:00:00,Gersh,Association Football Club Bournemouth,transfermarkt_dataset
senegal_abdoulaye_seck,265383,Abdoulaye Seck,https://www.transfermarkt.co.uk/abdoulaye-seck/profil/spieler/265383,1992-06-04 00:00:00,34,191,right,Centre-Back,,,1500000,2025,2026-06-30 00:00:00,TBH,,transfermarkt_dataset
senegal_antoine_mendy,891998,Antoine Mendy,https://www.transfermarkt.co.uk/antoine-mendy/profil/spieler/891998,2004-05-27 00:00:00,22,187,right,Centre-Back,,,4000000,2025,2028-06-30 00:00:00,THE·TEAM,Olympique Gymnaste Club Nice Côte d'Azur,transfermarkt_dataset
senegal_assane_diao,1061282,Assane Diao,https://www.transfermarkt.co.uk/assane-diao/profil/spieler/1061282,2005-09-07 00:00:00,20,185,right,Left Winger,,,12000000,2025,2029-06-30 00:00:00,,Calcio Como,transfermarkt_dataset
senegal_bamba_dieng,822458,Bamba Dieng,https://www.transfermarkt.co.uk/bamba-dieng/profil/spieler/822458,2000-03-23 00:00:00,26,178,right,Centre-Forward,,,4000000,2025,2026-06-30 00:00:00,TeamDieng,Football Club Lorient-Bretagne Sud,transfermarkt_dataset
senegal_bara_sapoko_ndiaye,1497653,Bara Sapoko Ndiaye,https://www.transfermarkt.co.uk/bara-sapoko-ndiaye/profil/spieler/1497653,2007-12-31 00:00:00,18,180,right,Central Midfield,,,,2025,2026-06-30 00:00:00,4FC,FC Bayern München,transfermarkt_dataset
senegal_cherif_ndiaye,480705,Cherif Ndiaye,https://www.transfermarkt.co.uk/cherif-ndiaye/profil/spieler/480705,1996-01-23 00:00:00,30,190,right,Centre-Forward,,,3500000,2025,2029-06-30 00:00:00,ELEV8 Sports,Samsunspor,transfermarkt_dataset
senegal_edouard_mendy,442531,Edouard Mendy,https://www.transfermarkt.co.uk/edouard-mendy/profil/spieler/442531,1992-03-01 00:00:00,34,194,right,Goalkeeper,,,10000000,2025,2028-06-30 00:00:00,,Al-Ahli Saudi Football Club,transfermarkt_dataset
senegal_habib_diarra,876631,Habib Diarra,https://www.transfermarkt.co.uk/habib-diarra/profil/spieler/876631,2004-01-03 00:00:00,22,178,right,Central Midfield,,,32000000,2025,2030-06-30 00:00:00,,Sunderland Association Football Club,transfermarkt_dataset
senegal_ibrahim_mbaye,1185888,Ibrahim Mbaye,https://www.transfermarkt.co.uk/ibrahim-mbaye/profil/spieler/1185888,2008-01-24 00:00:00,18,175,right,Right Winger,,,25000000,2025,2028-06-30 00:00:00,Golden Gate Group,Paris Saint-Germain Football Club,transfermarkt_dataset
senegal_iliman_ndiaye,623570,Iliman Ndiaye,https://www.transfermarkt.co.uk/iliman-ndiaye/profil/spieler/623570,2000-03-06 00:00:00,26,180,right,Right Winger,,,45000000,2025,2029-06-30 00:00:00,Classico,Everton Football Club,transfermarkt_dataset
senegal_ismail_jakobs,375137,Ismail Jakobs,https://www.transfermarkt.co.uk/ismail-jakobs/profil/spieler/375137,1999-08-17 00:00:00,26,184,left,Left-Back,,,6000000,2025,2027-06-30 00:00:00,FOKUS,Galatasaray Spor Kulübü,transfermarkt_dataset
senegal_ismaila_sarr,410225,Ismaïla Sarr,https://www.transfermarkt.co.uk/ismaila-sarr/profil/spieler/410225,1998-02-25 00:00:00,28,185,right,Right Winger,,,35000000,2025,2029-06-30 00:00:00,,Crystal Palace Football Club,transfermarkt_dataset
senegal_kalidou_koulibaly,93128,Kalidou Koulibaly,https://www.transfermarkt.co.uk/kalidou-koulibaly/profil/spieler/93128,1991-06-20 00:00:00,34,186,right,Centre-Back,,,12000000,2025,2027-06-30 00:00:00,LIAN Sports Group,Al-Hilal Saudi Football Club,transfermarkt_dataset
senegal_krepin_diatta,490426,Krépin Diatta,https://www.transfermarkt.co.uk/krepin-diatta/profil/spieler/490426,1999-02-25 00:00:00,27,175,right,Right Midfield,,,6000000,2025,2026-06-30 00:00:00,THE·TEAM,Association sportive de Monaco Football Club,transfermarkt_dataset
senegal_lamine_camara,918969,Lamine Camara,https://www.transfermarkt.co.uk/lamine-camara/profil/spieler/918969,2004-01-01 00:00:00,22,173,right,Central Midfield,,,30000000,2025,2029-06-30 00:00:00,,Association sportive de Monaco Football Club,transfermarkt_dataset
senegal_mamadou_sarr,910905,Mamadou Sarr,https://www.transfermarkt.co.uk/mamadou-sarr/profil/spieler/910905,2005-08-29 00:00:00,20,194,right,Centre-Back,,,25000000,2025,2033-06-30 00:00:00,Classico,Chelsea Football Club,transfermarkt_dataset
senegal_mory_diaw,164904,Mory Diaw,https://www.transfermarkt.co.uk/mory-diaw/profil/spieler/164904,1993-06-22 00:00:00,32,197,right,Goalkeeper,,,1800000,2025,2027-06-30 00:00:00,,Le Havre Athletic Club,transfermarkt_dataset
senegal_moussa_niakhate,291200,Moussa Niakhaté,https://www.transfermarkt.co.uk/moussa-niakhate/profil/spieler/291200,1996-03-08 00:00:00,30,190,left,Centre-Back,,,16000000,2025,2028-06-30 00:00:00,CAA Stellar,Olympique Lyonnais,transfermarkt_dataset
senegal_nicolas_jackson,776890,Nicolas Jackson,https://www.transfermarkt.co.uk/nicolas-jackson/profil/spieler/776890,2001-06-20 00:00:00,24,187,right,Centre-Forward,,,45000000,2025,2026-06-30 00:00:00,Epic Jackson,FC Bayern München,transfermarkt_dataset
senegal_pape_gueye,485963,Pape Gueye,https://www.transfermarkt.co.uk/pape-gueye/profil/spieler/485963,1999-01-24 00:00:00,27,189,left,Central Midfield,,,6000000,2025,2028-06-30 00:00:00,ROOF,Villarreal Club de Fútbol S.A.D.,transfermarkt_dataset
senegal_pape_matar_sarr,568693,Pape Matar Sarr,https://www.transfermarkt.co.uk/pape-matar-sarr/profil/spieler/568693,2002-09-14 00:00:00,23,184,right,Central Midfield,,,35000000,2025,2030-06-30 00:00:00,,Tottenham Hotspur Football Club,transfermarkt_dataset
senegal_pathe_ciss,525578,Pathé Ciss,https://www.transfermarkt.co.uk/pathe-ciss/profil/spieler/525578,1994-03-16 00:00:00,32,186,right,Central Midfield,,,2000000,2025,2027-06-30 00:00:00,Tafsir,Rayo Vallecano de Madrid S. A. D.,transfermarkt_dataset
senegal_sadio_mane,200512,Sadio Mané,https://www.transfermarkt.co.uk/sadio-mane/profil/spieler/200512,1992-04-10 00:00:00,34,174,right,Left Winger,,,25000000,2025,2027-06-30 00:00:00,ROOF,Al-Nassr Football Club,transfermarkt_dataset
senegal_yehvann_diouf,448632,Yehvann Diouf,https://www.transfermarkt.co.uk/yehvann-diouf/profil/spieler/448632,1999-11-16 00:00:00,26,188,right,Goalkeeper,,,8000000,2025,2030-06-30 00:00:00,FAIR SPORT MNG,Olympique Gymnaste Club Nice Côte d'Azur,transfermarkt_dataset
senegal_el_hadji_malick_diouf,1111589,El Hadji Malick Diouf,https://www.transfermarkt.co.uk/el-hadji-malick-diouf/profil/spieler/1111589,2004-12-28 00:00:00,21,183,left,Left-Back,,,,2025,2030-06-30 00:00:00,PSM,West Ham United Football Club,transfermarkt_dataset
south_africa_aubrey_modiba,353432,Aubrey Modiba,https://www.transfermarkt.co.uk/aubrey-modiba/profil/spieler/353432,1995-07-22 00:00:00,30,167,left,Left-Back,,,,2025,,Football First,,transfermarkt_dataset
south_africa_evidence_makgopa,746781,Evidence Makgopa,https://www.transfermarkt.co.uk/evidence-makgopa/profil/spieler/746781,2000-06-05 00:00:00,26,188,right,Centre-Forward,,,,2025,,SSG,,transfermarkt_dataset
south_africa_iqraam_rayners,337884,Iqraam Rayners,https://www.transfermarkt.co.uk/iqraam-rayners/profil/spieler/337884,1995-12-19 00:00:00,30,176,right,Centre-Forward,,,,2025,,,,transfermarkt_dataset
south_africa_jayden_adams,804472,Jayden Adams,https://www.transfermarkt.co.uk/jayden-adams/profil/spieler/804472,2001-05-05 00:00:00,25,175,right,Central Midfield,,,,2025,2028-06-30 00:00:00,,,transfermarkt_dataset
south_africa_kamogelo_sebelebele,994370,Kamogelo Sebelebele,https://www.transfermarkt.co.uk/kamogelo-sebelebele/profil/spieler/994370,2002-07-21 00:00:00,23,,,Right Winger,,,,2025,,LUPUS,,transfermarkt_dataset
south_africa_khuliso_mudau,450806,Khuliso Mudau,https://www.transfermarkt.co.uk/khuliso-mudau/profil/spieler/450806,1995-04-26 00:00:00,31,181,right,Right-Back,,,,2025,,JDR Consulting,,transfermarkt_dataset
south_africa_khulumani_ndamane,1283140,Khulumani Ndamane,https://www.transfermarkt.co.uk/khulumani-ndamane/profil/spieler/1283140,2004-02-05 00:00:00,22,,right,Centre-Back,,,,2025,,,,transfermarkt_dataset
south_africa_lyle_foster,467623,Lyle Foster,https://www.transfermarkt.co.uk/lyle-foster/profil/spieler/467623,2000-09-03 00:00:00,25,185,right,Centre-Forward,,,13000000,2025,2028-06-30 00:00:00,CAA Stellar,Burnley Football Club,transfermarkt_dataset
south_africa_mbekezeli_mbokazi,1378320,Mbekezeli Mbokazi,https://www.transfermarkt.co.uk/mbekezeli-mbokazi/profil/spieler/1378320,2005-09-19 00:00:00,20,177,left,Centre-Back,,,,2025,2029-12-31 00:00:00,,Chicago Fire Soccer Club,transfermarkt_dataset
south_africa_nkosinathi_sibisi,399068,Nkosinathi Sibisi,https://www.transfermarkt.co.uk/nkosinathi-sibisi/profil/spieler/399068,1995-09-22 00:00:00,30,177,right,Centre-Back,,,,2025,,Prosport,,transfermarkt_dataset
south_africa_olwethu_makhanya,1069801,Olwethu Makhanya,https://www.transfermarkt.co.uk/olwethu-makhanya/profil/spieler/1069801,2004-04-30 00:00:00,22,188,right,Centre-Back,,,,2025,2027-12-31 00:00:00,CCC,Philadelphia Union,transfermarkt_dataset
south_africa_oswin_appollis,673381,Oswin Appollis,https://www.transfermarkt.co.uk/oswin-appollis/profil/spieler/673381,2001-08-25 00:00:00,24,171,right,Left Winger,,,,2025,,Football First,,transfermarkt_dataset
south_africa_relebohile_mofokeng,1125037,Relebohile Mofokeng,https://www.transfermarkt.co.uk/relebohile-mofokeng/profil/spieler/1125037,2004-10-23 00:00:00,21,166,right,Left Winger,,,,2025,,,,transfermarkt_dataset
south_africa_ricardo_goss,258304,Ricardo Goss,https://www.transfermarkt.co.uk/ricardo-goss/profil/spieler/258304,1994-04-02 00:00:00,32,181,right,Goalkeeper,,,,2025,,,,transfermarkt_dataset
south_africa_ronwen_williams,175577,Ronwen Williams,https://www.transfermarkt.co.uk/ronwen-williams/profil/spieler/175577,1992-01-21 00:00:00,34,184,right,Goalkeeper,,,,2025,2028-06-30 00:00:00,CCC,,transfermarkt_dataset
south_africa_samukele_kabini,1175086,Samukele Kabini,https://www.transfermarkt.co.uk/samukele-kabini/profil/spieler/1175086,2004-03-15 00:00:00,22,181,left,Left-Back,,,,2025,2028-12-31 00:00:00,LUPUS,Molde Fotballklubb,transfermarkt_dataset
south_africa_sipho_chaine,453370,Sipho Chaine,https://www.transfermarkt.co.uk/sipho-chaine/profil/spieler/453370,1996-12-14 00:00:00,29,181,,Goalkeeper,,,,2025,,Globus Football,,transfermarkt_dataset
south_africa_teboho_mokoena,436372,Teboho Mokoena,https://www.transfermarkt.co.uk/teboho-mokoena/profil/spieler/436372,1997-01-24 00:00:00,29,176,right,Defensive Midfield,,,,2025,2029-06-30 00:00:00,Football First,,transfermarkt_dataset
south_africa_thabang_matuludi,1109254,Thabang Matuludi,https://www.transfermarkt.co.uk/thabang-matuludi/profil/spieler/1109254,1999-01-14 00:00:00,27,,right,Right-Back,,,,2025,,,,transfermarkt_dataset
south_africa_thalente_mbatha,735697,Thalente Mbatha,https://www.transfermarkt.co.uk/thalente-mbatha/profil/spieler/735697,2000-03-06 00:00:00,26,180,right,Central Midfield,,,,2025,,Prosport,,transfermarkt_dataset
south_africa_tshepang_moremi,844485,Tshepang Moremi,https://www.transfermarkt.co.uk/tshepang-moremi/profil/spieler/844485,2000-10-02 00:00:00,25,,,Left Winger,,,,2025,,Prosport,,transfermarkt_dataset
south_korea_bumkeun_song,508237,Bum-keun Song,https://www.transfermarkt.co.uk/bum-keun-song/profil/spieler/508237,1997-10-15 00:00:00,28,194,right,Goalkeeper,,,,2025,,SJ Sports,Jeonbuk Hyundai Motors,transfermarkt_dataset
south_korea_guesung_cho,652537,Gue-sung Cho,https://www.transfermarkt.co.uk/gue-sung-cho/profil/spieler/652537,1998-01-25 00:00:00,28,188,right,Centre-Forward,,,4500000,2025,2028-06-30 00:00:00,,Fodbold Club Midtjylland,transfermarkt_dataset
south_korea_hanbeom_lee,706963,Han-beom Lee,https://www.transfermarkt.co.uk/han-beom-lee/profil/spieler/706963,2002-06-17 00:00:00,23,190,right,Centre-Back,,,1800000,2025,2027-06-30 00:00:00,Apertura Sports GmbH,Fodbold Club Midtjylland,transfermarkt_dataset
south_korea_heechan_hwang,292246,Hee-chan Hwang,https://www.transfermarkt.co.uk/hee-chan-hwang/profil/spieler/292246,1996-01-26 00:00:00,30,177,right,Centre-Forward,,,10000000,2025,2028-06-30 00:00:00,,Wolverhampton Wanderers Football Club,transfermarkt_dataset
south_korea_heungmin_son,91845,Heung-min Son,https://www.transfermarkt.co.uk/heung-min-son/profil/spieler/91845,1992-07-08 00:00:00,33,184,both,Left Winger,,,17000000,2025,2027-12-31 00:00:00,CAA Base Ltd,Los Angeles Football Club,transfermarkt_dataset
south_korea_hyeongyu_oh,639246,Hyeon-gyu Oh,https://www.transfermarkt.co.uk/hyeon-gyu-oh/profil/spieler/639246,2001-04-12 00:00:00,25,187,right,Centre-Forward,,,1800000,2025,2029-06-30 00:00:00,Apertura Sports GmbH,Beşiktaş Jimnastik Kulübü,transfermarkt_dataset
south_korea_hyeonwoo_jo,260171,Hyeon-woo Jo,https://www.transfermarkt.co.uk/hyeon-woo-jo/profil/spieler/260171,1991-09-25 00:00:00,34,189,right,Goalkeeper,,,,2025,,J9 Sports Management,Ulsan Hyundai Football Club,transfermarkt_dataset
south_korea_inbeom_hwang,365394,In-beom Hwang,https://www.transfermarkt.co.uk/in-beom-hwang/profil/spieler/365394,1996-09-20 00:00:00,29,177,both,Defensive Midfield,,,4500000,2025,2028-06-30 00:00:00,Orangeball,Feyenoord Rotterdam,transfermarkt_dataset
south_korea_jens_castrop,613192,Jens Castrop,https://www.transfermarkt.co.uk/jens-castrop/profil/spieler/613192,2003-07-29 00:00:00,22,178,right,Central Midfield,,,1500000,2025,2029-06-30 00:00:00,11WINS,Borussia Verein für Leibesübungen 1900 Mönchengladbach,transfermarkt_dataset
south_korea_jingyu_kim,365377,Jin-gyu Kim,https://www.transfermarkt.co.uk/jin-gyu-kim/profil/spieler/365377,1997-02-24 00:00:00,29,177,right,Central Midfield,,,,2025,2026-12-31 00:00:00,SQUARE SPORTS GROUP,Jeonbuk Hyundai Motors,transfermarkt_dataset
south_korea_jisung_eom,706968,Ji-sung Eom,https://www.transfermarkt.co.uk/ji-sung-eom/profil/spieler/706968,2002-05-09 00:00:00,24,176,right,Left Winger,,,,2025,2028-06-30 00:00:00,LW Sports Agency,Swansea City,transfermarkt_dataset
south_korea_kangin_lee,557149,Kang-in Lee,https://www.transfermarkt.co.uk/kang-in-lee/profil/spieler/557149,2001-02-19 00:00:00,25,173,left,Attacking Midfield,,,25000000,2025,2028-06-30 00:00:00,IF FOOTBALL,Paris Saint-Germain Football Club,transfermarkt_dataset
south_korea_minjae_kim,503482,Min-jae Kim,https://www.transfermarkt.co.uk/min-jae-kim/profil/spieler/503482,1996-11-15 00:00:00,29,190,right,Centre-Back,,,25000000,2025,2028-06-30 00:00:00,Orangeball,FC Bayern München,transfermarkt_dataset
south_korea_moonhwan_kim,524592,Moon-hwan Kim,https://www.transfermarkt.co.uk/moon-hwan-kim/profil/spieler/524592,1995-08-01 00:00:00,30,173,right,Right-Back,,,,2025,2027-12-31 00:00:00,PlanA-Global,Foundation Coorperation Hana Financial Group Inc. Football Club,transfermarkt_dataset
south_korea_seunggyu_kim,92076,Seung-gyu Kim,https://www.transfermarkt.co.uk/seung-gyu-kim/profil/spieler/92076,1990-09-30 00:00:00,35,189,right,Goalkeeper,,,,2025,2027-06-30 00:00:00,FS Corporation,Tokyo Football Club,transfermarkt_dataset
south_korea_seungho_paik,282689,Seung-ho Paik,https://www.transfermarkt.co.uk/seung-ho-paik/profil/spieler/282689,1997-03-17 00:00:00,29,182,right,Central Midfield,,,900000,2025,2028-06-30 00:00:00,Unique Sports Group,,transfermarkt_dataset
south_korea_taehyeon_kim,645847,Tae-hyeon Kim,https://www.transfermarkt.co.uk/tae-hyeon-kim/profil/spieler/645847,2000-09-17 00:00:00,25,187,left,Centre-Back,,,,2025,2027-06-30 00:00:00,FS Corporation,Kashima Antlers FC,transfermarkt_dataset
south_korea_taeseok_lee,639027,Tae-seok Lee,https://www.transfermarkt.co.uk/tae-seok-lee/profil/spieler/639027,2002-07-28 00:00:00,23,174,left,Left-Back,,,,2025,2029-06-30 00:00:00,IZ,Fußballklub Austria Wien,transfermarkt_dataset
south_korea_wije_cho,550978,Wi-je Cho,https://www.transfermarkt.co.uk/wi-je-cho/profil/spieler/550978,2001-08-25 00:00:00,24,189,right,Centre-Back,,,,2025,,KAIVE,Jeonbuk Hyundai Motors,transfermarkt_dataset
south_korea_youngwoo_seol,639414,Young-woo Seol,https://www.transfermarkt.co.uk/young-woo-seol/profil/spieler/639414,1998-12-05 00:00:00,27,183,right,Right-Back,,,,2025,2027-06-30 00:00:00,Sporty Project,Fudbalski klub Crvena zvezda Beograd,transfermarkt_dataset
spain_alex_baena,548111,Álex Baena,https://www.transfermarkt.co.uk/alex-baena/profil/spieler/548111,2001-07-20 00:00:00,24,174,right,Left Winger,,,40000000,2025,2030-06-30 00:00:00,CAA Stellar,Club Atlético de Madrid S.A.D.,transfermarkt_dataset
spain_aymeric_laporte,176553,Aymeric Laporte,https://www.transfermarkt.co.uk/aymeric-laporte/profil/spieler/176553,1994-05-27 00:00:00,32,191,left,Centre-Back,,,20000000,2025,2028-06-30 00:00:00,,Athletic Club Bilbao,transfermarkt_dataset
spain_borja_iglesias,278359,Borja Iglesias,https://www.transfermarkt.co.uk/borja-iglesias/profil/spieler/278359,1993-01-17 00:00:00,33,187,right,Centre-Forward,,,5000000,2025,2027-06-30 00:00:00,All Iron Sports,Real Club Celta de Vigo S. A. D.,transfermarkt_dataset
spain_dani_olmo,293385,Dani Olmo,https://www.transfermarkt.co.uk/dani-olmo/profil/spieler/293385,1998-05-07 00:00:00,28,179,right,Attacking Midfield,,,60000000,2025,2030-06-30 00:00:00,,Futbol Club Barcelona,transfermarkt_dataset
spain_david_raya,262749,David Raya,https://www.transfermarkt.co.uk/david-raya/profil/spieler/262749,1995-09-15 00:00:00,30,183,right,Goalkeeper,,,35000000,2025,2028-06-30 00:00:00,FUTBOL21 AGENCY,Arsenal Football Club,transfermarkt_dataset
spain_eric_garcia,466794,Eric García,https://www.transfermarkt.co.uk/eric-garcia/profil/spieler/466794,2001-01-09 00:00:00,25,182,right,Centre-Back,,,20000000,2025,2031-06-30 00:00:00,De la Peña & Sostres,Futbol Club Barcelona,transfermarkt_dataset
spain_fabian_ruiz,350219,Fabián Ruiz,https://www.transfermarkt.co.uk/fabian-ruiz/profil/spieler/350219,1996-04-03 00:00:00,30,189,left,Central Midfield,,,40000000,2025,2027-06-30 00:00:00,Gersh,Paris Saint-Germain Football Club,transfermarkt_dataset
spain_ferran_torres,398184,Ferran Torres,https://www.transfermarkt.co.uk/ferran-torres/profil/spieler/398184,2000-02-29 00:00:00,26,182,right,Centre-Forward,,,30000000,2025,2027-06-30 00:00:00,LEADERBROCK,Futbol Club Barcelona,transfermarkt_dataset
spain_gavi,646740,Gavi,https://www.transfermarkt.co.uk/gavi/profil/spieler/646740,2004-08-05 00:00:00,21,173,right,Central Midfield,,,40000000,2025,2030-06-30 00:00:00,De la Peña & Sostres,Futbol Club Barcelona,transfermarkt_dataset
spain_joan_garcia,561613,Joan García,https://www.transfermarkt.co.uk/joan-garcia/profil/spieler/561613,2001-05-04 00:00:00,25,194,right,Goalkeeper,,,30000000,2025,2031-06-30 00:00:00,,Futbol Club Barcelona,transfermarkt_dataset
spain_lamine_yamal,937958,Lamine Yamal,https://www.transfermarkt.co.uk/lamine-yamal/profil/spieler/937958,2007-07-13 00:00:00,18,180,left,Right Winger,,,120000000,2025,2031-06-30 00:00:00,Gestifute,Futbol Club Barcelona,transfermarkt_dataset
spain_marc_cucurella,284857,Marc Cucurella,https://www.transfermarkt.co.uk/marc-cucurella/profil/spieler/284857,1998-07-22 00:00:00,27,173,left,Left-Back,,,50000000,2025,2029-06-30 00:00:00,,Chelsea Football Club,transfermarkt_dataset
spain_marc_pubill,844637,Marc Pubill,https://www.transfermarkt.co.uk/marc-pubill/profil/spieler/844637,2003-06-20 00:00:00,22,190,right,Centre-Back,,,4000000,2025,2030-06-30 00:00:00,LIAN Sports Group,Club Atlético de Madrid S.A.D.,transfermarkt_dataset
spain_marcos_llorente,282411,Marcos Llorente,https://www.transfermarkt.co.uk/marcos-llorente/profil/spieler/282411,1995-01-30 00:00:00,31,184,right,Right-Back,,,22000000,2025,2027-06-30 00:00:00,,Club Atlético de Madrid S.A.D.,transfermarkt_dataset
spain_martin_zubimendi,423440,Martín Zubimendi,https://www.transfermarkt.co.uk/martin-zubimendi/profil/spieler/423440,1999-02-02 00:00:00,27,181,right,Defensive Midfield,,,50000000,2025,2030-06-30 00:00:00,IDUB GLOBAL,Arsenal Football Club,transfermarkt_dataset
spain_mikel_merino,338424,Mikel Merino,https://www.transfermarkt.co.uk/mikel-merino/profil/spieler/338424,1996-06-22 00:00:00,29,189,left,Central Midfield,,,30000000,2025,2028-06-30 00:00:00,Bahía Internacional,Arsenal Football Club,transfermarkt_dataset
spain_mikel_oyarzabal,351478,Mikel Oyarzabal,https://www.transfermarkt.co.uk/mikel-oyarzabal/profil/spieler/351478,1997-04-21 00:00:00,29,181,left,Centre-Forward,,,25000000,2025,2028-06-30 00:00:00,,Real Sociedad de Fútbol S.A.D.,transfermarkt_dataset
spain_nico_williams,709187,Nico Williams,https://www.transfermarkt.co.uk/nico-williams/profil/spieler/709187,2002-07-12 00:00:00,23,181,right,Left Winger,,,60000000,2025,2035-06-30 00:00:00,,Athletic Club Bilbao,transfermarkt_dataset
spain_pau_cubarsi,962110,Pau Cubarsí,https://www.transfermarkt.co.uk/pau-cubarsi/profil/spieler/962110,2007-01-22 00:00:00,19,184,right,Centre-Back,,,30000000,2025,2029-06-30 00:00:00,Bahía Internacional,Futbol Club Barcelona,transfermarkt_dataset
spain_pedri,683840,Pedri,https://www.transfermarkt.co.uk/pedri/profil/spieler/683840,2002-11-25 00:00:00,23,174,right,Central Midfield,,,80000000,2025,2030-06-30 00:00:00,LEADERBROCK,Futbol Club Barcelona,transfermarkt_dataset
spain_pedro_porro,553875,Pedro Porro,https://www.transfermarkt.co.uk/pedro-porro/profil/spieler/553875,1999-09-13 00:00:00,26,173,right,Right-Back,,,40000000,2025,2028-06-30 00:00:00,CAA Base Ltd,Tottenham Hotspur Football Club,transfermarkt_dataset
spain_rodri,357565,Rodri,https://www.transfermarkt.co.uk/rodri/profil/spieler/357565,1996-06-22 00:00:00,29,191,right,Defensive Midfield,,,75000000,2025,2027-06-30 00:00:00,Pablo Barquero,Manchester City Football Club,transfermarkt_dataset
spain_unai_simon,262396,Unai Simón,https://www.transfermarkt.co.uk/unai-simon/profil/spieler/262396,1997-06-11 00:00:00,28,190,right,Goalkeeper,,,30000000,2025,2029-06-30 00:00:00,CAA Stellar,Athletic Club Bilbao,transfermarkt_dataset
spain_victor_munoz,935231,Víctor Muñoz,https://www.transfermarkt.co.uk/victor-munoz/profil/spieler/935231,2003-07-13 00:00:00,22,173,right,Left Winger,,,,2025,2030-06-30 00:00:00,,Club Atlético Osasuna,transfermarkt_dataset
spain_yeremy_pino,568157,Yéremy Pino,https://www.transfermarkt.co.uk/yeremy-pino/profil/spieler/568157,2002-10-20 00:00:00,23,172,right,Right Winger,,,30000000,2025,2030-06-30 00:00:00,CAA Stellar,Crystal Palace Football Club,transfermarkt_dataset
sweden_alexander_bernhardsson,633454,Alexander Bernhardsson,https://www.transfermarkt.co.uk/alexander-bernhardsson/profil/spieler/633454,1998-09-08 00:00:00,27,185,left,Right Winger,,,3000000,2025,2027-06-30 00:00:00,MD Management,Holstein Kiel,transfermarkt_dataset
sweden_alexander_isak,349066,Alexander Isak,https://www.transfermarkt.co.uk/alexander-isak/profil/spieler/349066,1999-09-21 00:00:00,26,192,right,Centre-Forward,,,120000000,2025,2031-06-30 00:00:00,Universal Twenty Two,Liverpool Football Club,transfermarkt_dataset
sweden_anthony_elanga,583189,Anthony Elanga,https://www.transfermarkt.co.uk/anthony-elanga/profil/spieler/583189,2002-04-27 00:00:00,24,178,right,Right Winger,,,50000000,2025,2030-06-30 00:00:00,PANTHERA,Newcastle United Football Club,transfermarkt_dataset
sweden_benjamin_nygren,475949,Benjamin Nygren,https://www.transfermarkt.co.uk/benjamin-nygren/profil/spieler/475949,2001-07-08 00:00:00,24,188,left,Attacking Midfield,,,6500000,2025,2029-06-30 00:00:00,,The Celtic Football Club,transfermarkt_dataset
sweden_besfort_zeneli,715653,Besfort Zeneli,https://www.transfermarkt.co.uk/besfort-zeneli/profil/spieler/715653,2002-11-21 00:00:00,23,187,right,Central Midfield,,,,2025,2030-06-30 00:00:00,CAA Base Ltd,Royale Union Saint-Gilloise,transfermarkt_dataset
sweden_carl_starfelt,258987,Carl Starfelt,https://www.transfermarkt.co.uk/carl-starfelt/profil/spieler/258987,1995-06-01 00:00:00,31,187,right,Centre-Back,,,6000000,2025,2027-06-30 00:00:00,BHM Sports Agency,Real Club Celta de Vigo S. A. D.,transfermarkt_dataset
sweden_daniel_svensson,579287,Daniel Svensson,https://www.transfermarkt.co.uk/daniel-svensson/profil/spieler/579287,2002-02-12 00:00:00,24,183,left,Left-Back,,,22000000,2025,2029-06-30 00:00:00,KSM AGENCY,Borussia Dortmund,transfermarkt_dataset
sweden_elliot_stroud,687622,Elliot Stroud,https://www.transfermarkt.co.uk/elliot-stroud/profil/spieler/687622,2002-06-22 00:00:00,23,185,left,Left Midfield,,,,2025,2026-12-31 00:00:00,SEG,Mjällby Almänna Idrottsförening,transfermarkt_dataset
sweden_eric_smith,292534,Eric Smith,https://www.transfermarkt.co.uk/eric-smith/profil/spieler/292534,1997-01-08 00:00:00,29,192,right,Centre-Back,,,5000000,2025,2027-06-30 00:00:00,MD Management,Fußball-Club St. Pauli von 1910,transfermarkt_dataset
sweden_gabriel_gudmundsson,362108,Gabriel Gudmundsson,https://www.transfermarkt.co.uk/gabriel-gudmundsson/profil/spieler/362108,1999-04-29 00:00:00,27,180,left,Left-Back,,,15000000,2025,2029-06-30 00:00:00,MD Management,Leeds United Association Football Club,transfermarkt_dataset
sweden_gustaf_lagerbielke,485395,Gustaf Lagerbielke,https://www.transfermarkt.co.uk/gustaf-lagerbielke/profil/spieler/485395,2000-04-10 00:00:00,26,193,right,Centre-Back,,,5000000,2025,2030-06-30 00:00:00,BHM Sports Agency,Sporting Clube de Braga,transfermarkt_dataset
sweden_gustaf_nilsson,320440,Gustaf Nilsson,https://www.transfermarkt.co.uk/gustaf-nilsson/profil/spieler/320440,1997-05-23 00:00:00,29,196,right,Centre-Forward,,,2500000,2025,2028-06-30 00:00:00,,Club Brugge Koninklijke Voetbalvereniging,transfermarkt_dataset
sweden_herman_johansson,744853,Herman Johansson,https://www.transfermarkt.co.uk/herman-johansson/profil/spieler/744853,1997-10-16 00:00:00,28,190,right,Right Midfield,,,,2025,2029-06-30 00:00:00,,FC Dallas,transfermarkt_dataset
sweden_hjalmar_ekdal,392179,Hjalmar Ekdal,https://www.transfermarkt.co.uk/hjalmar-ekdal/profil/spieler/392179,1998-10-21 00:00:00,27,187,right,Centre-Back,,,6000000,2025,2027-06-30 00:00:00,BHM Sports Agency,Burnley Football Club,transfermarkt_dataset
sweden_isak_hien,503075,Isak Hien,https://www.transfermarkt.co.uk/isak-hien/profil/spieler/503075,1999-01-13 00:00:00,27,191,right,Centre-Back,,,25000000,2025,2028-06-30 00:00:00,BHM Sports Agency,Atalanta Bergamasca Calcio S.p.a.,transfermarkt_dataset
sweden_jacob_widell_zetterstrom,549440,Jacob Widell Zetterström,https://www.transfermarkt.co.uk/jacob-widell-zetterstrom/profil/spieler/549440,1998-07-11 00:00:00,27,197,right,Goalkeeper,,,,2025,2027-06-30 00:00:00,BHM Sports Agency,,transfermarkt_dataset
sweden_jesper_karlstrom,222855,Jesper Karlström,https://www.transfermarkt.co.uk/jesper-karlstrom/profil/spieler/222855,1995-06-21 00:00:00,30,185,right,Defensive Midfield,,,4000000,2025,2028-06-30 00:00:00,FPA,Udinese Calcio,transfermarkt_dataset
sweden_ken_sema,252345,Ken Sema,https://www.transfermarkt.co.uk/ken-sema/profil/spieler/252345,1993-09-30 00:00:00,32,180,left,Left-Back,,,2500000,2025,2027-05-31 00:00:00,,,transfermarkt_dataset
sweden_kristoffer_nordfeldt,75890,Kristoffer Nordfeldt,https://www.transfermarkt.co.uk/kristoffer-nordfeldt/profil/spieler/75890,1989-06-23 00:00:00,36,190,right,Goalkeeper,,,300000,2025,2026-12-31 00:00:00,,Allmänna Idrottsklubben,transfermarkt_dataset
sweden_lucas_bergvall,866246,Lucas Bergvall,https://www.transfermarkt.co.uk/lucas-bergvall/profil/spieler/866246,2006-02-02 00:00:00,20,187,right,Central Midfield,,,40000000,2025,2031-06-30 00:00:00,Nordic Sky,Tottenham Hotspur Football Club,transfermarkt_dataset
sweden_mattias_svanberg,342405,Mattias Svanberg,https://www.transfermarkt.co.uk/mattias-svanberg/profil/spieler/342405,1999-01-05 00:00:00,27,185,right,Central Midfield,,,12000000,2025,2027-06-30 00:00:00,,Verein für Leibesübungen Wolfsburg,transfermarkt_dataset
sweden_taha_ali,731771,Taha Ali,https://www.transfermarkt.co.uk/taha-ali/profil/spieler/731771,1998-07-01 00:00:00,27,174,right,Left Winger,,,,2025,2026-12-31 00:00:00,,Malmö Fotbollförening,transfermarkt_dataset
sweden_victor_lindelof,184573,Victor Lindelöf,https://www.transfermarkt.co.uk/victor-lindelof/profil/spieler/184573,1994-07-17 00:00:00,31,187,right,Centre-Back,,,15000000,2025,2027-06-30 00:00:00,,Aston Villa Football Club,transfermarkt_dataset
sweden_viktor_gyokeres,325443,Viktor Gyökeres,https://www.transfermarkt.co.uk/viktor-gyokeres/profil/spieler/325443,1998-06-04 00:00:00,28,189,right,Centre-Forward,,,70000000,2025,2030-06-30 00:00:00,,Arsenal Football Club,transfermarkt_dataset
sweden_viktor_johansson,273742,Viktor Johansson,https://www.transfermarkt.co.uk/viktor-johansson/profil/spieler/273742,1998-09-14 00:00:00,27,187,right,Goalkeeper,,,,2025,2030-06-30 00:00:00,,Stoke City,transfermarkt_dataset
sweden_yasin_ayari,667287,Yasin Ayari,https://www.transfermarkt.co.uk/yasin-ayari/profil/spieler/667287,2003-10-06 00:00:00,22,172,right,Central Midfield,,,30000000,2025,2027-06-30 00:00:00,,Brighton and Hove Albion Football Club,transfermarkt_dataset
switzerland_ardon_jashari,608172,Ardon Jashari,https://www.transfermarkt.co.uk/ardon-jashari/profil/spieler/608172,2002-07-30 00:00:00,23,181,left,Defensive Midfield,,,32000000,2025,2030-06-30 00:00:00,Bola,Associazione Calcio Milan,transfermarkt_dataset
switzerland_aurele_amenda,635645,Aurèle Amenda,https://www.transfermarkt.co.uk/aurele-amenda/profil/spieler/635645,2003-07-31 00:00:00,22,194,right,Centre-Back,,,6000000,2025,2029-06-30 00:00:00,Signature - ISCM AG,Eintracht Frankfurt Fußball AG,transfermarkt_dataset
switzerland_breel_embolo,237662,Breel Embolo,https://www.transfermarkt.co.uk/breel-embolo/profil/spieler/237662,1997-02-14 00:00:00,29,187,right,Centre-Forward,,,12000000,2025,2029-06-30 00:00:00,,Stade Rennais Football Club,transfermarkt_dataset
switzerland_cedric_itten,243856,Cedric Itten,https://www.transfermarkt.co.uk/cedric-itten/profil/spieler/243856,1996-12-27 00:00:00,29,190,right,Centre-Forward,,,4500000,2025,2029-06-30 00:00:00,THE·TEAM,Fortuna Düsseldorf,transfermarkt_dataset
switzerland_christian_fassnacht,250490,Christian Fassnacht,https://www.transfermarkt.co.uk/christian-fassnacht/profil/spieler/250490,1993-11-11 00:00:00,32,183,right,Attacking Midfield,,,,2025,2027-06-30 00:00:00,SEG,Berner Sport Club Young Boys,transfermarkt_dataset
switzerland_dan_ndoye,365108,Dan Ndoye,https://www.transfermarkt.co.uk/dan-ndoye/profil/spieler/365108,2000-10-25 00:00:00,25,184,right,Right Winger,,,40000000,2025,2030-06-30 00:00:00,Binary Sports Group,Nottingham Forest Football Club,transfermarkt_dataset
switzerland_denis_zakaria,334526,Denis Zakaria,https://www.transfermarkt.co.uk/denis-zakaria/profil/spieler/334526,1996-11-20 00:00:00,29,190,right,Defensive Midfield,,,25000000,2025,2028-06-30 00:00:00,,Association sportive de Monaco Football Club,transfermarkt_dataset
switzerland_djibril_sow,212723,Djibril Sow,https://www.transfermarkt.co.uk/djibril-sow/profil/spieler/212723,1997-02-06 00:00:00,29,184,right,Central Midfield,,,9000000,2025,2029-06-30 00:00:00,Signature - ISCM AG,Sevilla Fútbol Club S.A.D.,transfermarkt_dataset
switzerland_eray_coemert,298583,Eray Cömert,https://www.transfermarkt.co.uk/eray-comert/profil/spieler/298583,1998-02-04 00:00:00,28,183,right,Centre-Back,,,2000000,2025,2026-06-30 00:00:00,EMG Mundial,Valencia Club de Fútbol S. A. D.,transfermarkt_dataset
switzerland_fabian_rieder,507341,Fabian Rieder,https://www.transfermarkt.co.uk/fabian-rieder/profil/spieler/507341,2002-02-16 00:00:00,24,179,left,Attacking Midfield,,,8000000,2025,2030-06-30 00:00:00,THE·TEAM,Fußball-Club Augsburg 1907,transfermarkt_dataset
switzerland_granit_xhaka,111455,Granit Xhaka,https://www.transfermarkt.co.uk/granit-xhaka/profil/spieler/111455,1992-09-27 00:00:00,33,186,left,Defensive Midfield,,,10000000,2025,2028-06-30 00:00:00,Signature - ISCM AG,Sunderland Association Football Club,transfermarkt_dataset
switzerland_gregor_kobel,257814,Gregor Kobel,https://www.transfermarkt.co.uk/gregor-kobel/profil/spieler/257814,1997-12-06 00:00:00,28,196,right,Goalkeeper,,,40000000,2025,2028-06-30 00:00:00,SBE Management AG,Borussia Dortmund,transfermarkt_dataset
switzerland_johan_manzambi,927353,Johan Manzambi,https://www.transfermarkt.co.uk/johan-manzambi/profil/spieler/927353,2005-10-14 00:00:00,20,182,right,Central Midfield,,,30000000,2025,2030-06-30 00:00:00,Gold Kick SA,Sport-Club Freiburg,transfermarkt_dataset
switzerland_luca_jaquez,539798,Luca Jaquez,https://www.transfermarkt.co.uk/luca-jaquez/profil/spieler/539798,2003-06-02 00:00:00,23,187,right,Centre-Back,,,10000000,2025,2029-06-30 00:00:00,sportsfamilyoffice,Verein für Bewegungsspiele Stuttgart 1893,transfermarkt_dataset
switzerland_manuel_akanji,284730,Manuel Akanji,https://www.transfermarkt.co.uk/manuel-akanji/profil/spieler/284730,1995-07-19 00:00:00,30,188,right,Centre-Back,,,22000000,2025,2028-06-30 00:00:00,THE·TEAM,Football Club Internazionale Milano S.p.A.,transfermarkt_dataset
switzerland_marvin_keller,500763,Marvin Keller,https://www.transfermarkt.co.uk/marvin-keller/profil/spieler/500763,2002-07-03 00:00:00,23,189,right,Goalkeeper,,,,2025,2028-06-30 00:00:00,Sports360 GmbH,Berner Sport Club Young Boys,transfermarkt_dataset
switzerland_michel_aebischer,237658,Michel Aebischer,https://www.transfermarkt.co.uk/michel-aebischer/profil/spieler/237658,1997-01-06 00:00:00,29,183,right,Central Midfield,,,4500000,2025,2026-06-30 00:00:00,THE·TEAM,Pisa Sporting Club,transfermarkt_dataset
switzerland_miro_muheim,298603,Miro Muheim,https://www.transfermarkt.co.uk/miro-muheim/profil/spieler/298603,1998-03-24 00:00:00,28,182,left,Left-Back,,,,2025,2027-06-30 00:00:00,THE·TEAM,Hamburger Sport Verein,transfermarkt_dataset
switzerland_nico_elvedi,192635,Nico Elvedi,https://www.transfermarkt.co.uk/nico-elvedi/profil/spieler/192635,1996-09-30 00:00:00,29,189,right,Centre-Back,,,8000000,2025,2027-06-30 00:00:00,Gol International,Borussia Verein für Leibesübungen 1900 Mönchengladbach,transfermarkt_dataset
switzerland_noah_okafor,346890,Noah Okafor,https://www.transfermarkt.co.uk/noah-okafor/profil/spieler/346890,2000-05-24 00:00:00,26,185,right,Left Winger,,,18000000,2025,2029-06-30 00:00:00,Gersh,Leeds United Association Football Club,transfermarkt_dataset
switzerland_remo_freuler,148252,Remo Freuler,https://www.transfermarkt.co.uk/remo-freuler/profil/spieler/148252,1992-04-15 00:00:00,34,180,right,Central Midfield,,,4000000,2025,2026-06-30 00:00:00,ESHA,Bologna Football Club 1909,transfermarkt_dataset
switzerland_ricardo_rodriguez,86784,Ricardo Rodríguez,https://www.transfermarkt.co.uk/ricardo-rodriguez/profil/spieler/86784,1992-08-25 00:00:00,33,182,left,Left-Back,,,3500000,2025,2026-06-30 00:00:00,AC Talent,Real Betis Balompié S.A.D.,transfermarkt_dataset
switzerland_ruben_vargas,345886,Rubén Vargas,https://www.transfermarkt.co.uk/ruben-vargas/profil/spieler/345886,1998-08-05 00:00:00,27,179,right,Left Winger,,,9000000,2025,2029-06-30 00:00:00,PORT,Sevilla Fútbol Club S.A.D.,transfermarkt_dataset
switzerland_silvan_widmer,168989,Silvan Widmer,https://www.transfermarkt.co.uk/silvan-widmer/profil/spieler/168989,1993-03-05 00:00:00,33,183,right,Right-Back,,,800000,2025,,CAA Base Ltd,1. Fußball- und Sportverein Mainz 05,transfermarkt_dataset
switzerland_yvon_mvogo,147051,Yvon Mvogo,https://www.transfermarkt.co.uk/yvon-mvogo/profil/spieler/147051,1994-06-06 00:00:00,32,190,right,Goalkeeper,,,3000000,2025,2027-06-30 00:00:00,THE·TEAM,Football Club Lorient-Bretagne Sud,transfermarkt_dataset
switzerland_zeki_amdouni,548729,Zeki Amdouni,https://www.transfermarkt.co.uk/zeki-amdouni/profil/spieler/548729,2000-12-04 00:00:00,25,185,right,Centre-Forward,,,9000000,2025,2028-06-30 00:00:00,ONEANDTEN,Burnley Football Club,transfermarkt_dataset
tunisia_adam_arous,1071742,Adem Arous,https://www.transfermarkt.co.uk/adem-arous/profil/spieler/1071742,2004-07-17 00:00:00,21,188,right,Centre-Back,,,,2025,2028-06-30 00:00:00,SPORT LAND AGENCY,Kasımpaşa A.Ş.,transfermarkt_dataset
tunisia_ali_abdi,211474,Ali Abdi,https://www.transfermarkt.co.uk/ali-abdi/profil/spieler/211474,1993-12-20 00:00:00,32,183,left,Left-Back,,,2500000,2025,2027-06-30 00:00:00,Scuderia,Olympique Gymnaste Club Nice Côte d'Azur,transfermarkt_dataset
tunisia_anis_slimane,546712,Anis Slimane,https://www.transfermarkt.co.uk/anis-slimane/profil/spieler/546712,2001-03-16 00:00:00,25,188,both,Central Midfield,,,2500000,2023,2026-06-30 00:00:00,LEAD Football,Sheffield United,transfermarkt_dataset
tunisia_aymen_dahmen,569433,Aymen Dahmen,https://www.transfermarkt.co.uk/aymen-dahmen/profil/spieler/569433,1997-01-28 00:00:00,29,188,right,Goalkeeper,,,,2025,2028-06-30 00:00:00,,,transfermarkt_dataset
tunisia_dylan_bronn,450417,Dylan Bronn,https://www.transfermarkt.co.uk/dylan-bronn/profil/spieler/450417,1995-06-19 00:00:00,30,185,right,Centre-Back,,,1300000,2025,2027-06-30 00:00:00,,Servette Football Club 1890 SA,transfermarkt_dataset
tunisia_elias_achouri,645589,Elias Achouri,https://www.transfermarkt.co.uk/elias-achouri/profil/spieler/645589,1999-02-10 00:00:00,27,177,right,Left Winger,,,3500000,2025,2028-06-30 00:00:00,Universal Twenty Two,Football Club København,transfermarkt_dataset
tunisia_elias_saad,526466,Elias Saad,https://www.transfermarkt.co.uk/elias-saad/profil/spieler/526466,1999-12-27 00:00:00,26,185,right,Left Winger,,,,2024,2026-06-30 00:00:00,DLT Sports Group,Fußball-Club St. Pauli von 1910,transfermarkt_dataset
tunisia_ellyes_skhiri,290587,Ellyes Skhiri,https://www.transfermarkt.co.uk/ellyes-skhiri/profil/spieler/290587,1995-05-10 00:00:00,31,185,right,Defensive Midfield,,,6000000,2025,2027-06-30 00:00:00,CAA Stellar,Eintracht Frankfurt Fußball AG,transfermarkt_dataset
tunisia_hazem_mastouri,953150,Hazem Mastouri,https://www.transfermarkt.co.uk/hazem-mastouri/profil/spieler/953150,1997-06-18 00:00:00,28,191,right,Centre-Forward,,,,2025,2028-06-30 00:00:00,Mir Sport,Dinamo Makhachkala,transfermarkt_dataset
tunisia_ismael_gharbi,810096,Ismaël Gharbi,https://www.transfermarkt.co.uk/ismael-gharbi/profil/spieler/810096,2004-04-10 00:00:00,22,173,right,Left Winger,,,7000000,2025,2026-06-30 00:00:00,Horizon,Fußball-Club Augsburg 1907,transfermarkt_dataset
tunisia_mohamed_hadj_mahmoud,673513,Mohamed Belhadj Mahmoud,https://www.transfermarkt.co.uk/mohamed-belhadj-mahmoud/profil/spieler/673513,2000-04-24 00:00:00,26,179,right,Defensive Midfield,,,,2025,2026-06-30 00:00:00,,FC Lugano,transfermarkt_dataset
tunisia_montassar_talbi,496706,Montassar Talbi,https://www.transfermarkt.co.uk/montassar-talbi/profil/spieler/496706,1998-05-26 00:00:00,28,190,right,Centre-Back,,,7000000,2025,2027-06-30 00:00:00,,Football Club Lorient-Bretagne Sud,transfermarkt_dataset
tunisia_mortadha_ben_ouanes,230921,Mortadha Ben Ouanes,https://www.transfermarkt.co.uk/mortadha-ben-ouanes/profil/spieler/230921,1994-07-02 00:00:00,31,182,left,Left Winger,,,1500000,2025,2027-06-30 00:00:00,4YOURDREAM,Kasımpaşa A.Ş.,transfermarkt_dataset
tunisia_moutaz_neffati,1034598,Moutaz Neffati,https://www.transfermarkt.co.uk/moutaz-neffati/profil/spieler/1034598,2004-09-04 00:00:00,21,182,,Right-Back,,,,2024,2026-12-31 00:00:00,Nordic Sky,IFK Norrköping,transfermarkt_dataset
tunisia_omar_rekik,578292,Omar Rekik,https://www.transfermarkt.co.uk/omar-rekik/profil/spieler/578292,2001-12-20 00:00:00,24,186,right,Centre-Back,,,600000,2022,2025-06-30 00:00:00,Omer Karadag,Sparta Rotterdam,transfermarkt_dataset
tunisia_rani_khedira,124410,Rani Khedira,https://www.transfermarkt.co.uk/rani-khedira/profil/spieler/124410,1994-01-27 00:00:00,32,189,right,Defensive Midfield,,,2000000,2025,2026-06-30 00:00:00,NGM SPORTS,1. Fußballclub Union Berlin,transfermarkt_dataset
tunisia_rayan_elloumi,1273985,Rayan Elloumi,https://www.transfermarkt.co.uk/rayan-elloumi/profil/spieler/1273985,2007-09-17 00:00:00,18,180,,Centre-Forward,,,,2025,2028-12-31 00:00:00,ATG Sports,Vancouver Whitecaps FC,transfermarkt_dataset
tunisia_sabri_ben_hessen,295381,Sabri Ben Hessen,https://www.transfermarkt.co.uk/sabri-ben-hessen/profil/spieler/295381,1996-06-13 00:00:00,29,189,right,Goalkeeper,,,,2025,2028-06-30 00:00:00,,,transfermarkt_dataset
tunisia_sebastian_tounekti,539677,Sebastian Tounekti,https://www.transfermarkt.co.uk/sebastian-tounekti/profil/spieler/539677,2002-07-13 00:00:00,23,170,right,Left Winger,,,300000,2025,2030-05-31 00:00:00,,The Celtic Football Club,transfermarkt_dataset
tunisia_yan_valery,406008,Yan Valery,https://www.transfermarkt.co.uk/yan-valery/profil/spieler/406008,1999-02-22 00:00:00,27,185,right,Right-Back,,,2000000,2025,2026-06-30 00:00:00,Only Pro Sport,Berner Sport Club Young Boys,transfermarkt_dataset
turkey_abdulkerim_bardakci,199316,Abdülkerim Bardakcı,https://www.transfermarkt.co.uk/abdulkerim-bardakci/profil/spieler/199316,1994-09-07 00:00:00,31,185,left,Centre-Back,,,6500000,2025,2027-06-30 00:00:00,GPA Turkey,Galatasaray Spor Kulübü,transfermarkt_dataset
turkey_arda_guler,861410,Arda Güler,https://www.transfermarkt.co.uk/arda-guler/profil/spieler/861410,2005-02-25 00:00:00,21,175,left,Attacking Midfield,,,45000000,2025,2029-06-30 00:00:00,,Real Madrid Club de Fútbol,transfermarkt_dataset
turkey_caglar_soyuncu,320141,Çağlar Söyüncü,https://www.transfermarkt.co.uk/caglar-soyuncu/profil/spieler/320141,1996-05-23 00:00:00,30,185,both,Centre-Back,,,6000000,2025,2027-06-30 00:00:00,THE·TEAM,Fenerbahçe Spor Kulübü,transfermarkt_dataset
turkey_can_uzun,816585,Can Uzun,https://www.transfermarkt.co.uk/can-uzun/profil/spieler/816585,2005-11-11 00:00:00,20,186,right,Attacking Midfield,,,45000000,2025,2029-06-30 00:00:00,11WINS,Eintracht Frankfurt Fußball AG,transfermarkt_dataset
turkey_deniz_gul,1063292,Deniz Gül,https://www.transfermarkt.co.uk/deniz-gul/profil/spieler/1063292,2004-07-02 00:00:00,21,190,right,Centre-Forward,,,,2025,2029-06-30 00:00:00,,Futebol Clube do Porto,transfermarkt_dataset
turkey_eren_elmali,616894,Eren Elmalı,https://www.transfermarkt.co.uk/eren-elmali/profil/spieler/616894,2000-07-07 00:00:00,25,181,left,Left-Back,,,5000000,2025,2028-06-30 00:00:00,Mesut Aslan,Galatasaray Spor Kulübü,transfermarkt_dataset
turkey_ferdi_kadioglu,369316,Ferdi Kadıoğlu,https://www.transfermarkt.co.uk/ferdi-kadioglu/profil/spieler/369316,1999-10-07 00:00:00,26,174,right,Left-Back,,,28000000,2025,2028-06-30 00:00:00,THE·TEAM,Brighton and Hove Albion Football Club,transfermarkt_dataset
turkey_hakan_calhanoglu,126414,Hakan Çalhanoğlu,https://www.transfermarkt.co.uk/hakan-calhanoglu/profil/spieler/126414,1994-02-08 00:00:00,32,178,right,Defensive Midfield,,,22000000,2025,2027-06-30 00:00:00,Unique Sports Group,Football Club Internazionale Milano S.p.A.,transfermarkt_dataset
turkey_irfan_can_kahveci,216603,İrfan Can Kahveci,https://www.transfermarkt.co.uk/irfan-can-kahveci/profil/spieler/216603,1995-07-15 00:00:00,30,180,left,Right Winger,,,4500000,2025,2026-06-30 00:00:00,DWMA,Kasımpaşa A.Ş.,transfermarkt_dataset
turkey_ismail_yuksek,613725,İsmail Yüksek,https://www.transfermarkt.co.uk/ismail-yuksek/profil/spieler/613725,1999-01-26 00:00:00,27,183,right,Defensive Midfield,,,12000000,2025,2028-06-30 00:00:00,FutureBall,Fenerbahçe Spor Kulübü,transfermarkt_dataset
turkey_kaan_ayhan,119031,Kaan Ayhan,https://www.transfermarkt.co.uk/kaan-ayhan/profil/spieler/119031,1994-11-10 00:00:00,31,185,right,Defensive Midfield,,,4700000,2025,2028-06-30 00:00:00,EMG Mundial,Galatasaray Spor Kulübü,transfermarkt_dataset
turkey_kerem_akturkoglu,382528,Kerem Aktürkoğlu,https://www.transfermarkt.co.uk/kerem-akturkoglu/profil/spieler/382528,1998-10-21 00:00:00,27,173,right,Left Winger,,,22000000,2025,2029-06-30 00:00:00,DWMA,Fenerbahçe Spor Kulübü,transfermarkt_dataset
turkey_merih_demiral,340879,Merih Demiral,https://www.transfermarkt.co.uk/merih-demiral/profil/spieler/340879,1998-03-05 00:00:00,28,190,right,Centre-Back,,,20000000,2025,2029-06-30 00:00:00,DWMA,Al-Ahli Saudi Football Club,transfermarkt_dataset
turkey_mert_gunok,51894,Mert Günok,https://www.transfermarkt.co.uk/mert-gunok/profil/spieler/51894,1989-03-01 00:00:00,37,196,right,Goalkeeper,,,500000,2025,2028-06-30 00:00:00,FutureBall,Fenerbahçe Spor Kulübü,transfermarkt_dataset
turkey_mert_muldur,353922,Mert Müldür,https://www.transfermarkt.co.uk/mert-muldur/profil/spieler/353922,1999-04-03 00:00:00,27,184,right,Right-Back,,,5000000,2025,2027-06-30 00:00:00,Unique Sports Group,Fenerbahçe Spor Kulübü,transfermarkt_dataset
turkey_orkun_kokcu,454567,Orkun Kökçü,https://www.transfermarkt.co.uk/orkun-kokcu/profil/spieler/454567,2000-12-29 00:00:00,25,175,both,Central Midfield,,,25000000,2025,2026-06-30 00:00:00,KFMB,Beşiktaş Jimnastik Kulübü,transfermarkt_dataset
turkey_ozan_kabak,361260,Ozan Kabak,https://www.transfermarkt.co.uk/ozan-kabak/profil/spieler/361260,2000-03-25 00:00:00,26,187,right,Centre-Back,,,5000000,2025,2030-06-30 00:00:00,F-F SPORT,Turn- und Sportgemeinschaft 1899 Hoffenheim Fußball-Spielbetriebs,transfermarkt_dataset
turkey_salih_ozcan,244940,Salih Özcan,https://www.transfermarkt.co.uk/salih-ozcan/profil/spieler/244940,1998-01-11 00:00:00,28,183,right,Defensive Midfield,,,3500000,2025,2026-06-30 00:00:00,FOKUS,Borussia Dortmund,transfermarkt_dataset
turkey_samet_akaydin,295024,Samet Akaydin,https://www.transfermarkt.co.uk/samet-akaydin/profil/spieler/295024,1994-03-13 00:00:00,32,190,right,Centre-Back,,,1200000,2025,2026-06-30 00:00:00,The Goal,Çaykur Rizespor Kulübü,transfermarkt_dataset
turkey_ugurcan_cakir,292199,Uğurcan Çakır,https://www.transfermarkt.co.uk/ugurcan-cakir/profil/spieler/292199,1996-04-05 00:00:00,30,191,right,Goalkeeper,,,15000000,2025,2030-06-30 00:00:00,F-F SPORT,Galatasaray Spor Kulübü,transfermarkt_dataset
turkey_yunus_akgun,396908,Yunus Akgün,https://www.transfermarkt.co.uk/yunus-akgun/profil/spieler/396908,2000-07-07 00:00:00,25,173,left,Right Winger,,,5000000,2025,2029-06-30 00:00:00,F-F SPORT,Galatasaray Spor Kulübü,transfermarkt_dataset
turkey_zeki_celik,251075,Zeki Çelik,https://www.transfermarkt.co.uk/zeki-celik/profil/spieler/251075,1997-02-17 00:00:00,29,180,right,Right-Back,,,12000000,2025,2026-06-30 00:00:00,F-F SPORT,Associazione Sportiva Roma,transfermarkt_dataset
united_states_alex_freeman,985806,Alex Freeman,https://www.transfermarkt.co.uk/alex-freeman/profil/spieler/985806,2004-08-09 00:00:00,21,188,,Right-Back,,,,2025,2032-06-30 00:00:00,THE·TEAM,Villarreal Club de Fútbol S.A.D.,transfermarkt_dataset
united_states_alex_zendejas,351505,Álex Zendejas,https://www.transfermarkt.co.uk/alex-zendejas/profil/spieler/351505,1998-02-07 00:00:00,28,167,left,Right Winger,,,,2025,2027-06-30 00:00:00,PitZGroup,Club de Futbol América S. A. de C. V.,transfermarkt_dataset
united_states_antonee_robinson,349701,Antonee Robinson,https://www.transfermarkt.co.uk/antonee-robinson/profil/spieler/349701,1997-08-08 00:00:00,28,183,left,Left-Back,,,30000000,2025,2028-06-30 00:00:00,THE·TEAM,Fulham Football Club,transfermarkt_dataset
united_states_auston_trusty,389253,Auston Trusty,https://www.transfermarkt.co.uk/auston-trusty/profil/spieler/389253,1998-08-12 00:00:00,27,190,left,Centre-Back,,,5000000,2025,2029-06-30 00:00:00,,The Celtic Football Club,transfermarkt_dataset
united_states_brenden_aaronson,393323,Brenden Aaronson,https://www.transfermarkt.co.uk/brenden-aaronson/profil/spieler/393323,2000-10-22 00:00:00,25,177,right,Attacking Midfield,,,12000000,2025,2027-06-30 00:00:00,THE·TEAM,Leeds United Association Football Club,transfermarkt_dataset
united_states_chris_brady,765504,Chris Brady,https://www.transfermarkt.co.uk/chris-brady/profil/spieler/765504,2004-03-03 00:00:00,22,190,,Goalkeeper,,,,2025,2026-12-31 00:00:00,Mag Mile Sport,Chicago Fire Soccer Club,transfermarkt_dataset
united_states_chris_richards,578539,Chris Richards,https://www.transfermarkt.co.uk/chris-richards/profil/spieler/578539,2000-03-28 00:00:00,26,188,right,Centre-Back,,,25000000,2025,2027-06-30 00:00:00,Roc Nation Sports,Crystal Palace Football Club,transfermarkt_dataset
united_states_christian_pulisic,315779,Christian Pulisic,https://www.transfermarkt.co.uk/christian-pulisic/profil/spieler/315779,1998-09-18 00:00:00,27,177,right,Right Winger,,,60000000,2025,2027-06-30 00:00:00,CCC,Associazione Calcio Milan,transfermarkt_dataset
united_states_cristian_roldan,354792,Cristian Roldán,https://www.transfermarkt.co.uk/cristian-roldan/profil/spieler/354792,1995-06-03 00:00:00,31,173,right,Central Midfield,,,,2025,2027-12-31 00:00:00,YMU Management Ltd.,Seattle Sounders FC,transfermarkt_dataset
united_states_folarin_balogun,503770,Folarin Balogun,https://www.transfermarkt.co.uk/folarin-balogun/profil/spieler/503770,2001-07-03 00:00:00,24,178,right,Centre-Forward,,,22000000,2025,2028-06-30 00:00:00,,Association sportive de Monaco Football Club,transfermarkt_dataset
united_states_giovanni_reyna,504215,Giovanni Reyna,https://www.transfermarkt.co.uk/giovanni-reyna/profil/spieler/504215,2002-11-13 00:00:00,23,187,right,Attacking Midfield,,,6000000,2025,2028-06-30 00:00:00,ROOF,Borussia Verein für Leibesübungen 1900 Mönchengladbach,transfermarkt_dataset
united_states_haji_wright,315291,Haji Wright,https://www.transfermarkt.co.uk/haji-wright/profil/spieler/315291,1998-03-27 00:00:00,28,191,right,Centre-Forward,,,7000000,2025,2027-06-30 00:00:00,SEG,,transfermarkt_dataset
united_states_joe_scally,504153,Joe Scally,https://www.transfermarkt.co.uk/joe-scally/profil/spieler/504153,2002-12-31 00:00:00,23,184,right,Right-Back,,,7000000,2025,2027-06-30 00:00:00,THE·TEAM,Borussia Verein für Leibesübungen 1900 Mönchengladbach,transfermarkt_dataset
united_states_malik_tillman,467437,Malik Tillman,https://www.transfermarkt.co.uk/malik-tillman/profil/spieler/467437,2002-05-28 00:00:00,24,187,right,Attacking Midfield,,,35000000,2025,2030-06-30 00:00:00,ROOF,Bayer 04 Leverkusen Fußball,transfermarkt_dataset
united_states_matt_freese,500309,Matt Freese,https://www.transfermarkt.co.uk/matt-freese/profil/spieler/500309,1998-09-02 00:00:00,27,193,,Goalkeeper,,,,2025,2030-12-31 00:00:00,,New York City Football Club,transfermarkt_dataset
united_states_matt_turner,425306,Matt Turner,https://www.transfermarkt.co.uk/matt-turner/profil/spieler/425306,1994-06-24 00:00:00,31,191,right,Goalkeeper,,,7000000,2025,2026-06-30 00:00:00,THE·TEAM,New England Revolution,transfermarkt_dataset
united_states_max_arfsten,993063,Max Arfsten,https://www.transfermarkt.co.uk/max-arfsten/profil/spieler/993063,2001-04-19 00:00:00,25,185,left,Left Winger,,,,2025,2027-12-31 00:00:00,THE·TEAM,Columbus Crew,transfermarkt_dataset
united_states_mckennie_weston,332697,Weston McKennie,https://www.transfermarkt.co.uk/weston-mckennie/profil/spieler/332697,1998-08-28 00:00:00,27,185,right,Central Midfield,,,22000000,2025,2030-06-30 00:00:00,THE·TEAM,Juventus Football Club,transfermarkt_dataset
united_states_mckenzie_mark,429259,Mark McKenzie,https://www.transfermarkt.co.uk/mark-mckenzie/profil/spieler/429259,1999-02-25 00:00:00,27,184,right,Centre-Back,,,6000000,2025,2027-06-30 00:00:00,THE·TEAM,Toulouse Football Club,transfermarkt_dataset
united_states_miles_robinson,468022,Miles Robinson,https://www.transfermarkt.co.uk/miles-robinson/profil/spieler/468022,1997-03-14 00:00:00,29,188,right,Centre-Back,,,,2025,2027-12-31 00:00:00,THE·TEAM,Football Club Cincinnati,transfermarkt_dataset
united_states_ricardo_pepi,627207,Ricardo Pepi,https://www.transfermarkt.co.uk/ricardo-pepi/profil/spieler/627207,2003-01-09 00:00:00,23,185,right,Centre-Forward,,,15000000,2025,2030-06-30 00:00:00,SXI,Eindhovense Voetbalvereniging Philips Sport Vereniging,transfermarkt_dataset
united_states_sebastian_berhalter,734761,Sebastian Berhalter,https://www.transfermarkt.co.uk/sebastian-berhalter/profil/spieler/734761,2001-05-10 00:00:00,25,175,right,Central Midfield,,,,2025,2026-12-31 00:00:00,THE·TEAM,Vancouver Whitecaps FC,transfermarkt_dataset
united_states_sergino_dest,361104,Sergiño Dest,https://www.transfermarkt.co.uk/sergino-dest/profil/spieler/361104,2000-11-03 00:00:00,25,173,right,Right-Back,,,18000000,2025,2028-06-30 00:00:00,E.F.M. ,Eindhovense Voetbalvereniging Philips Sport Vereniging,transfermarkt_dataset
united_states_tim_ream,145466,Tim Ream,https://www.transfermarkt.co.uk/tim-ream/profil/spieler/145466,1987-10-05 00:00:00,38,186,left,Centre-Back,,,800000,2025,2026-12-31 00:00:00,CAA Stellar,Charlotte Football Club,transfermarkt_dataset
united_states_timothy_weah,370846,Timothy Weah,https://www.transfermarkt.co.uk/timothy-weah/profil/spieler/370846,2000-02-22 00:00:00,26,183,right,Right Midfield,,,20000000,2025,2030-06-30 00:00:00,,Olympique de Marseille,transfermarkt_dataset
united_states_tyler_adams,332705,Tyler Adams,https://www.transfermarkt.co.uk/tyler-adams/profil/spieler/332705,1999-02-14 00:00:00,27,175,right,Defensive Midfield,,,25000000,2025,2028-06-30 00:00:00,YMU Management Ltd.,Association Football Club Bournemouth,transfermarkt_dataset
uruguay_agustin_canobbio,457533,Agustín Canobbio,https://www.transfermarkt.co.uk/agustin-canobbio/profil/spieler/457533,1998-10-01 00:00:00,27,175,right,Left Winger,,,,2025,2028-12-31 00:00:00,Faro Sports,Fluminense Football Club,transfermarkt_dataset
uruguay_brian_rodriguez,465818,Brian Rodríguez,https://www.transfermarkt.co.uk/brian-rodriguez/profil/spieler/465818,2000-05-20 00:00:00,26,176,right,Left Winger,,,,2025,2029-06-30 00:00:00,Equipo TMA,Club de Futbol América S. A. de C. V.,transfermarkt_dataset
uruguay_darwin_nunez,546543,Darwin Núñez,https://www.transfermarkt.co.uk/darwin-nunez/profil/spieler/546543,1999-06-24 00:00:00,26,187,right,Centre-Forward,,,70000000,2025,2028-06-30 00:00:00,,Al-Hilal Saudi Football Club,transfermarkt_dataset
uruguay_emiliano_martinez,707447,Emiliano Martínez,https://www.transfermarkt.co.uk/emiliano-martinez/profil/spieler/707447,1999-08-17 00:00:00,26,185,right,Defensive Midfield,,,9000000,2025,2029-12-31 00:00:00,Talents Sports,Sociedade Esportiva Palmeiras,transfermarkt_dataset
uruguay_facundo_pellistri,676318,Facundo Pellistri,https://www.transfermarkt.co.uk/facundo-pellistri/profil/spieler/676318,2001-12-20 00:00:00,24,175,right,Right Winger,,,7000000,2025,2028-06-30 00:00:00,CAA Stellar,Panathinaikos Athlitikos Omilos,transfermarkt_dataset
uruguay_federico_valverde,369081,Federico Valverde,https://www.transfermarkt.co.uk/federico-valverde/profil/spieler/369081,1998-07-22 00:00:00,27,182,right,Central Midfield,,,120000000,2025,2029-06-30 00:00:00,THE·TEAM,Real Madrid Club de Fútbol,transfermarkt_dataset
uruguay_federico_vinas,578419,Federico Viñas,https://www.transfermarkt.co.uk/federico-vinas/profil/spieler/578419,1998-06-30 00:00:00,27,182,left,Centre-Forward,,,,2025,2026-06-30 00:00:00,Scoutfutbol,Real Oviedo S.A.D.,transfermarkt_dataset
uruguay_fernando_muslera,58088,Fernando Muslera,https://www.transfermarkt.co.uk/fernando-muslera/profil/spieler/58088,1986-06-16 00:00:00,39,190,right,Goalkeeper,,,750000,2025,2026-12-31 00:00:00,SBI Football,Club Estudiantes de La Plata,transfermarkt_dataset
uruguay_giorgian_de_arrascaeta,248410,Giorgian de Arrascaeta,https://www.transfermarkt.co.uk/giorgian-de-arrascaeta/profil/spieler/248410,1994-06-01 00:00:00,32,174,right,Attacking Midfield,,,,2025,2028-12-31 00:00:00,Daniel Fonseca,Clube de Regatas do Flamengo,transfermarkt_dataset
uruguay_guillermo_varela,188862,Guillermo Varela,https://www.transfermarkt.co.uk/guillermo-varela/profil/spieler/188862,1993-03-24 00:00:00,33,173,right,Right-Back,,,2000000,2025,2027-12-31 00:00:00,DE 9 FÚTBOL,Clube de Regatas do Flamengo,transfermarkt_dataset
uruguay_joaquin_piquerez,496268,Joaquín Piquerez,https://www.transfermarkt.co.uk/joaquin-piquerez/profil/spieler/496268,1998-08-24 00:00:00,27,184,left,Left-Back,,,,2025,2030-12-31 00:00:00,Bertolucci Sports,Sociedade Esportiva Palmeiras,transfermarkt_dataset
uruguay_jose_maria_gimenez,250845,José María Giménez,https://www.transfermarkt.co.uk/jose-maria-gimenez/profil/spieler/250845,1995-01-20 00:00:00,31,185,right,Centre-Back,,,22000000,2025,2028-06-30 00:00:00,VIDA 11,Club Atlético de Madrid S.A.D.,transfermarkt_dataset
uruguay_juan_manuel_sanabria,446106,Juan Manuel Sanabria,https://www.transfermarkt.co.uk/juan-manuel-sanabria/profil/spieler/446106,2000-03-29 00:00:00,26,172,left,Left-Back,,,7000000,2025,2030-06-30 00:00:00,,Real Salt Lake,transfermarkt_dataset
uruguay_manuel_ugarte,476701,Manuel Ugarte,https://www.transfermarkt.co.uk/manuel-ugarte/profil/spieler/476701,2001-04-11 00:00:00,25,182,right,Defensive Midfield,,,30000000,2025,2029-06-30 00:00:00,Gestifute,Manchester United Football Club,transfermarkt_dataset
uruguay_mathias_olivera,376514,Mathías Olivera,https://www.transfermarkt.co.uk/mathias-olivera/profil/spieler/376514,1997-10-31 00:00:00,28,185,left,Left-Back,,,18000000,2025,2030-06-30 00:00:00,,Società Sportiva Calcio Napoli,transfermarkt_dataset
uruguay_matias_vina,439072,Matías Viña,https://www.transfermarkt.co.uk/matias-vina/profil/spieler/439072,1997-11-09 00:00:00,28,180,left,Left-Back,,,10000000,2025,2026-12-31 00:00:00,,Club Atlético River Plate,transfermarkt_dataset
uruguay_maxi_araujo,572675,Maxi Araújo,https://www.transfermarkt.co.uk/maxi-araujo/profil/spieler/572675,2000-02-15 00:00:00,26,179,left,Left-Back,,,22000000,2025,2029-06-30 00:00:00,,Sporting Clube de Portugal,transfermarkt_dataset
uruguay_nicolas_de_la_cruz,397458,Nicolás de la Cruz,https://www.transfermarkt.co.uk/nicolas-de-la-cruz/profil/spieler/397458,1997-06-01 00:00:00,29,167,right,Central Midfield,,,,2025,2028-06-30 00:00:00,Paco Casal,Clube de Regatas do Flamengo,transfermarkt_dataset
uruguay_rodrigo_aguirre,189410,Rodrigo Aguirre,https://www.transfermarkt.co.uk/rodrigo-aguirre/profil/spieler/189410,1994-10-01 00:00:00,31,182,left,Centre-Forward,,,4500000,2025,,Oscar Bentancourt,Club Tigres UANL Sinergia Deportiva S.A. de C.V.,transfermarkt_dataset
uruguay_rodrigo_bentancur,354362,Rodrigo Bentancur,https://www.transfermarkt.co.uk/rodrigo-bentancur/profil/spieler/354362,1997-06-25 00:00:00,28,187,right,Defensive Midfield,,,27000000,2025,2029-06-30 00:00:00,Back Sports S.A.,Tottenham Hotspur Football Club,transfermarkt_dataset
uruguay_rodrigo_zalazar,606752,Rodrigo Zalazar,https://www.transfermarkt.co.uk/rodrigo-zalazar/profil/spieler/606752,1999-08-12 00:00:00,26,178,right,Attacking Midfield,,,20000000,2025,2028-06-30 00:00:00,,Sporting Clube de Braga,transfermarkt_dataset
uruguay_ronald_araujo,480267,Ronald Araujo,https://www.transfermarkt.co.uk/ronald-araujo/profil/spieler/480267,1999-03-07 00:00:00,27,192,right,Centre-Back,,,70000000,2025,2031-06-30 00:00:00,Excellence Sport,Futbol Club Barcelona,transfermarkt_dataset
uruguay_santiago_bueno,438001,Santiago Bueno,https://www.transfermarkt.co.uk/santiago-bueno/profil/spieler/438001,1998-11-09 00:00:00,27,190,right,Centre-Back,,,10000000,2025,2028-06-30 00:00:00,,Wolverhampton Wanderers Football Club,transfermarkt_dataset
uruguay_santiago_mele,320739,Santiago Mele,https://www.transfermarkt.co.uk/santiago-mele/profil/spieler/320739,1997-09-06 00:00:00,28,184,right,Goalkeeper,,,,2025,2029-06-30 00:00:00,THE·TEAM,Club de Fútbol Monterrey Rayados A.C.,transfermarkt_dataset
uruguay_sebastian_caceres,532389,Sebastián Cáceres,https://www.transfermarkt.co.uk/sebastian-caceres/profil/spieler/532389,1999-08-18 00:00:00,26,182,right,Centre-Back,,,,2025,2027-06-30 00:00:00,UruFutbol,Club de Futbol América S. A. de C. V.,transfermarkt_dataset
uruguay_sergio_rochet,264014,Sergio Rochet,https://www.transfermarkt.co.uk/sergio-rochet/profil/spieler/264014,1993-03-23 00:00:00,33,190,right,Goalkeeper,,,3500000,2025,2026-12-31 00:00:00,VIDA 11,Sport Club Internacional,transfermarkt_dataset
uzbekistan_abbosbek_fayzullaev,754037,Abbosbek Fayzullaev,https://www.transfermarkt.co.uk/abbosbek-fayzullaev/profil/spieler/754037,2003-10-03 00:00:00,22,170,right,Right Winger,,,7000000,2025,2030-06-30 00:00:00,prosm,İstanbul Başakşehir Futbol Kulübü,transfermarkt_dataset
uzbekistan_abdukodir_khusanov,763079,Abdukodir Khusanov,https://www.transfermarkt.co.uk/abdukodir-khusanov/profil/spieler/763079,2004-02-29 00:00:00,22,186,right,Centre-Back,,,35000000,2025,2029-06-30 00:00:00,Football Group LLC,Manchester City Football Club,transfermarkt_dataset
uzbekistan_abdulla_abdullaev,570272,Abdulla Abdullaev,https://www.transfermarkt.co.uk/abdulla-abdullaev/profil/spieler/570272,1997-09-01 00:00:00,28,181,right,Defensive Midfield,,,,2025,2026-06-30 00:00:00,,,transfermarkt_dataset
uzbekistan_abduvohid_nematov,527866,Abduvokhid Nematov,https://www.transfermarkt.co.uk/abduvokhid-nematov/profil/spieler/527866,2001-03-20 00:00:00,25,182,right,Goalkeeper,,,,2025,2026-12-31 00:00:00,Hamid Merikh,,transfermarkt_dataset
uzbekistan_akmal_mozgovoy,562022,Akmal Mozgovoy,https://www.transfermarkt.co.uk/akmal-mozgovoy/profil/spieler/562022,1999-04-02 00:00:00,27,180,right,Central Midfield,,,,2025,2027-12-31 00:00:00,prosm,,transfermarkt_dataset
uzbekistan_avazbek_ulmasaliyev,538764,Avazbek Ulmasaliev,https://www.transfermarkt.co.uk/avazbek-ulmasaliev/profil/spieler/538764,2000-03-27 00:00:00,26,187,,Centre-Back,,,,2025,,,,transfermarkt_dataset
uzbekistan_botirali_ergashev,312690,Botirali Ergashev,https://www.transfermarkt.co.uk/botirali-ergashev/profil/spieler/312690,1995-06-23 00:00:00,30,192,right,Goalkeeper,,,,2025,2027-12-31 00:00:00,Proko Sport,,transfermarkt_dataset
uzbekistan_dostonbek_khamdamov,294502,Dostonbek Khamdamov,https://www.transfermarkt.co.uk/dostonbek-khamdamov/profil/spieler/294502,1996-07-24 00:00:00,29,180,both,Right Winger,,,750000,2025,2026-12-31 00:00:00,,,transfermarkt_dataset
uzbekistan_eldor_shomurodov,358166,Eldor Shomurodov,https://www.transfermarkt.co.uk/eldor-shomurodov/profil/spieler/358166,1995-06-29 00:00:00,30,190,right,Centre-Forward,,,5000000,2025,2029-06-30 00:00:00,prosm,İstanbul Başakşehir Futbol Kulübü,transfermarkt_dataset
uzbekistan_farrukh_sayfiev,212499,Farrukh Sayfiev,https://www.transfermarkt.co.uk/farrukh-sayfiev/profil/spieler/212499,1991-01-17 00:00:00,35,183,both,Left-Back,,,,2025,2026-12-31 00:00:00,,,transfermarkt_dataset
uzbekistan_igor_sergeev,185372,Igor Sergeev,https://www.transfermarkt.co.uk/igor-sergeev/profil/spieler/185372,1993-04-30 00:00:00,33,186,left,Centre-Forward,,,,2025,2027-06-30 00:00:00,,,transfermarkt_dataset
uzbekistan_jakhongir_urozov,989069,Jakhongir Urozov,https://www.transfermarkt.co.uk/jakhongir-urozov/profil/spieler/989069,2004-01-18 00:00:00,22,190,left,Centre-Back,,,,2025,2027-12-31 00:00:00,Hamid Merikh,,transfermarkt_dataset
uzbekistan_jaloliddin_masharipov,274536,Jaloliddin Masharipov,https://www.transfermarkt.co.uk/jaloliddin-masharipov/profil/spieler/274536,1993-09-01 00:00:00,32,172,right,Left Winger,,,1700000,2025,2027-06-30 00:00:00,Hamid Merikh,,transfermarkt_dataset
uzbekistan_jamshid_iskanderov,260857,Jamshid Iskanderov,https://www.transfermarkt.co.uk/jamshid-iskanderov/profil/spieler/260857,1993-10-16 00:00:00,32,171,left,Attacking Midfield,,,,2025,2026-12-31 00:00:00,Hamid Merikh,,transfermarkt_dataset
uzbekistan_oston_urunov,492556,Oston Urunov,https://www.transfermarkt.co.uk/oston-urunov/profil/spieler/492556,2000-12-19 00:00:00,25,181,right,Left Winger,,,1000000,2025,2027-06-30 00:00:00,prosm,,transfermarkt_dataset
uzbekistan_otabek_shukurov,294525,Otabek Shukurov,https://www.transfermarkt.co.uk/otabek-shukurov/profil/spieler/294525,1996-06-22 00:00:00,29,183,right,Central Midfield,,,1600000,2025,2026-06-30 00:00:00,,,transfermarkt_dataset
uzbekistan_rustam_ashurmatov,288883,Rustam Ashurmatov,https://www.transfermarkt.co.uk/rustam-ashurmatov/profil/spieler/288883,1996-07-07 00:00:00,29,186,right,Centre-Back,,,800000,2025,2027-06-30 00:00:00,Hamid Merikh,,transfermarkt_dataset
uzbekistan_sherzod_esanov,989068,Sherzod Esanov,https://www.transfermarkt.co.uk/sherzod-esanov/profil/spieler/989068,2003-02-01 00:00:00,23,190,,Central Midfield,,,,2024,2026-12-31 00:00:00,,Akron Togliatti,transfermarkt_dataset
uzbekistan_sherzod_nasrullaev,608537,Sherzod Nasrullaev,https://www.transfermarkt.co.uk/sherzod-nasrullaev/profil/spieler/608537,1998-07-23 00:00:00,27,183,left,Left-Back,,,,2025,2027-12-31 00:00:00,Football Group LLC,,transfermarkt_dataset
uzbekistan_umar_eshmurodov,493725,Umar Eshmurodov,https://www.transfermarkt.co.uk/umar-eshmurodov/profil/spieler/493725,1992-11-30 00:00:00,33,185,right,Centre-Back,,,,2025,2026-12-31 00:00:00,KT agency,,transfermarkt_dataset
uzbekistan_utkir_yusupov,311958,Utkir Yusupov,https://www.transfermarkt.co.uk/utkir-yusupov/profil/spieler/311958,1991-01-04 00:00:00,35,185,right,Goalkeeper,,,,2025,2026-12-31 00:00:00,optimalsoccer,,transfermarkt_dataset
