date,home_team,away_team,market,selection,line,model_probability,fair_odds,min_odds_ev5,min_odds_ev10,min_odds_ev15,source_model,model_confidence,fiabilidad_pct,fiabilidad_nivel,model_regime,poisson_weight,notes
2026-06-11,Mexico,South Africa,btts,No,,0.5606,1.784,1.873,1.962,2.051,ensemble_btts,high,35.9,BAJA,blend,0.677,
2026-06-11,Mexico,South Africa,btts,Yes,,0.4394,2.276,2.39,2.503,2.617,ensemble_btts,high,35.9,BAJA,blend,0.677,
2026-06-11,Mexico,South Africa,clean_sheet,Mexico No,,0.5181,1.93,2.027,2.123,2.22,poisson_opponent_goals_zero,derived,35.9,BAJA,blend,0.677,
2026-06-11,Mexico,South Africa,clean_sheet,Mexico Yes,,0.4819,2.075,2.179,2.283,2.386,poisson_opponent_goals_zero,derived,35.9,BAJA,blend,0.677,
2026-06-11,Mexico,South Africa,clean_sheet,South Africa No,,0.8786,1.138,1.195,1.252,1.309,poisson_opponent_goals_zero,derived,35.9,BAJA,blend,0.677,
2026-06-11,Mexico,South Africa,clean_sheet,South Africa Yes,,0.1214,8.24,8.652,9.064,9.476,poisson_opponent_goals_zero,derived,35.9,BAJA,blend,0.677,
2026-06-11,Mexico,South Africa,double_chance,Mexico or Draw,,0.8994,1.112,1.167,1.223,1.279,derived_from_1x2,medium,35.9,BAJA,blend,0.677,
2026-06-11,Mexico,South Africa,double_chance,Mexico or South Africa,,0.8214,1.217,1.278,1.339,1.4,derived_from_1x2,medium,35.9,BAJA,blend,0.677,
2026-06-11,Mexico,South Africa,double_chance,South Africa or Draw,,0.2792,3.582,3.761,3.94,4.119,derived_from_1x2,medium,35.9,BAJA,blend,0.677,
2026-06-11,Mexico,South Africa,draw_no_bet,Mexico,,0.8775,1.14,1.197,1.254,1.311,derived_from_1x2,medium,35.9,BAJA,blend,0.677,Probabilidad condicionada a que no haya empate; empate void.
2026-06-11,Mexico,South Africa,draw_no_bet,South Africa,,0.1225,8.165,8.573,8.982,9.39,derived_from_1x2,medium,35.9,BAJA,blend,0.677,Probabilidad condicionada a que no haya empate; empate void.
2026-06-11,Mexico,South Africa,h2h,Draw,,0.1786,5.599,5.879,6.159,6.439,ensemble_1x2,high,35.9,BAJA,blend,0.677,No usar como apuesta core hasta recalibrar empates.
2026-06-11,Mexico,South Africa,h2h,Mexico,,0.7208,1.387,1.457,1.526,1.595,ensemble_1x2,medium,35.9,BAJA,blend,0.677,
2026-06-11,Mexico,South Africa,h2h,South Africa,,0.1006,9.94,10.437,10.934,11.431,ensemble_1x2,medium,35.9,BAJA,blend,0.677,
2026-06-11,Mexico,South Africa,team_goals,Mexico Over,0.5,0.8786,1.138,1.195,1.252,1.309,poisson_home_goals,derived,35.9,BAJA,blend,0.677,
2026-06-11,Mexico,South Africa,team_goals,Mexico Under,0.5,0.1214,8.24,8.652,9.064,9.476,poisson_home_goals,derived,35.9,BAJA,blend,0.677,
2026-06-11,Mexico,South Africa,team_goals,South Africa Over,0.5,0.5181,1.93,2.027,2.123,2.22,poisson_away_goals,derived,35.9,BAJA,blend,0.677,
2026-06-11,Mexico,South Africa,team_goals,South Africa Under,0.5,0.4819,2.075,2.179,2.283,2.386,poisson_away_goals,derived,35.9,BAJA,blend,0.677,
2026-06-11,Mexico,South Africa,team_goals,Mexico Over,1.5,0.6227,1.606,1.686,1.767,1.847,poisson_home_goals,derived,35.9,BAJA,blend,0.677,
2026-06-11,Mexico,South Africa,team_goals,Mexico Under,1.5,0.3773,2.65,2.783,2.915,3.048,poisson_home_goals,derived,35.9,BAJA,blend,0.677,
2026-06-11,Mexico,South Africa,team_goals,South Africa Over,1.5,0.1663,6.013,6.314,6.615,6.915,poisson_away_goals,derived,35.9,BAJA,blend,0.677,
2026-06-11,Mexico,South Africa,team_goals,South Africa Under,1.5,0.8337,1.199,1.259,1.319,1.379,poisson_away_goals,derived,35.9,BAJA,blend,0.677,
2026-06-11,Mexico,South Africa,team_goals,Mexico Over,2.5,0.3528,2.834,2.976,3.118,3.26,poisson_home_goals,derived,35.9,BAJA,blend,0.677,
2026-06-11,Mexico,South Africa,team_goals,Mexico Under,2.5,0.6472,1.545,1.622,1.7,1.777,poisson_home_goals,derived,35.9,BAJA,blend,0.677,
2026-06-11,Mexico,South Africa,team_goals,South Africa Over,2.5,0.0379,26.39,27.71,29.029,30.349,poisson_away_goals,derived,35.9,BAJA,blend,0.677,
2026-06-11,Mexico,South Africa,team_goals,South Africa Under,2.5,0.9621,1.039,1.091,1.143,1.195,poisson_away_goals,derived,35.9,BAJA,blend,0.677,
2026-06-11,Mexico,South Africa,total_corners,Over,8.5,0.4395,2.275,2.389,2.503,2.616,poisson_approx_from_expected_corners,low,35.9,BAJA,blend,0.677,"Aproximacion: corners tienen sobredispersion; usar como radar, no como apuesta core."
2026-06-11,Mexico,South Africa,total_corners,Under,8.5,0.5605,1.784,1.873,1.963,2.052,poisson_approx_from_expected_corners,low,35.9,BAJA,blend,0.677,"Aproximacion: corners tienen sobredispersion; usar como radar, no como apuesta core."
2026-06-11,Mexico,South Africa,total_corners,Over,9.5,0.3123,3.202,3.362,3.522,3.682,poisson_approx_from_expected_corners,low,35.9,BAJA,blend,0.677,"Aproximacion: corners tienen sobredispersion; usar como radar, no como apuesta core."
2026-06-11,Mexico,South Africa,total_corners,Under,9.5,0.6877,1.454,1.527,1.6,1.672,poisson_approx_from_expected_corners,low,35.9,BAJA,blend,0.677,"Aproximacion: corners tienen sobredispersion; usar como radar, no como apuesta core."
2026-06-11,Mexico,South Africa,total_corners,Over,10.5,0.2076,4.817,5.058,5.299,5.54,poisson_approx_from_expected_corners,low,35.9,BAJA,blend,0.677,"Aproximacion: corners tienen sobredispersion; usar como radar, no como apuesta core."
2026-06-11,Mexico,South Africa,total_corners,Under,10.5,0.7924,1.262,1.325,1.388,1.451,poisson_approx_from_expected_corners,low,35.9,BAJA,blend,0.677,"Aproximacion: corners tienen sobredispersion; usar como radar, no como apuesta core."
2026-06-11,Mexico,South Africa,total_goals,Over,1.5,0.7755,1.29,1.354,1.418,1.483,poisson_total_goals,high,35.9,BAJA,blend,0.677,
2026-06-11,Mexico,South Africa,total_goals,Under,1.5,0.2245,4.454,4.677,4.899,5.122,poisson_total_goals,high,35.9,BAJA,blend,0.677,
2026-06-11,Mexico,South Africa,total_goals,Over,2.5,0.5268,1.898,1.993,2.088,2.183,ensemble_over25,high,35.9,BAJA,blend,0.677,
2026-06-11,Mexico,South Africa,total_goals,Under,2.5,0.4732,2.113,2.219,2.325,2.43,ensemble_over25,high,35.9,BAJA,blend,0.677,
2026-06-11,Mexico,South Africa,total_goals,Over,3.5,0.3168,3.157,3.315,3.473,3.631,poisson_total_goals,high,35.9,BAJA,blend,0.677,
2026-06-11,Mexico,South Africa,total_goals,Under,3.5,0.6832,1.464,1.537,1.61,1.683,poisson_total_goals,high,35.9,BAJA,blend,0.677,
2026-06-11,South Korea,Czech Republic,btts,No,,0.5011,1.996,2.095,2.195,2.295,ensemble_btts,high,67.6,ALTA,xgb_lean,0.25,
2026-06-11,South Korea,Czech Republic,btts,Yes,,0.4989,2.004,2.105,2.205,2.305,ensemble_btts,high,67.6,ALTA,xgb_lean,0.25,
2026-06-11,South Korea,Czech Republic,clean_sheet,Czech Republic No,,0.7288,1.372,1.441,1.509,1.578,poisson_opponent_goals_zero,derived,67.6,ALTA,xgb_lean,0.25,
2026-06-11,South Korea,Czech Republic,clean_sheet,Czech Republic Yes,,0.2712,3.688,3.872,4.056,4.241,poisson_opponent_goals_zero,derived,67.6,ALTA,xgb_lean,0.25,
2026-06-11,South Korea,Czech Republic,clean_sheet,South Korea No,,0.6846,1.461,1.534,1.607,1.68,poisson_opponent_goals_zero,derived,67.6,ALTA,xgb_lean,0.25,
2026-06-11,South Korea,Czech Republic,clean_sheet,South Korea Yes,,0.3154,3.171,3.329,3.488,3.646,poisson_opponent_goals_zero,derived,67.6,ALTA,xgb_lean,0.25,
2026-06-11,South Korea,Czech Republic,double_chance,Czech Republic or Draw,,0.6083,1.644,1.726,1.808,1.891,derived_from_1x2,high,67.6,ALTA,xgb_lean,0.25,
2026-06-11,South Korea,Czech Republic,double_chance,South Korea or Czech Republic,,0.6948,1.439,1.511,1.583,1.655,derived_from_1x2,high,67.6,ALTA,xgb_lean,0.25,
2026-06-11,South Korea,Czech Republic,double_chance,South Korea or Draw,,0.6969,1.435,1.507,1.578,1.65,derived_from_1x2,high,67.6,ALTA,xgb_lean,0.25,
2026-06-11,South Korea,Czech Republic,draw_no_bet,Czech Republic,,0.4362,2.292,2.407,2.522,2.636,derived_from_1x2,high,67.6,ALTA,xgb_lean,0.25,Probabilidad condicionada a que no haya empate; empate void.
2026-06-11,South Korea,Czech Republic,draw_no_bet,South Korea,,0.5638,1.774,1.862,1.951,2.04,derived_from_1x2,high,67.6,ALTA,xgb_lean,0.25,Probabilidad condicionada a que no haya empate; empate void.
2026-06-11,South Korea,Czech Republic,h2h,Czech Republic,,0.3031,3.299,3.464,3.629,3.794,ensemble_1x2,high,67.6,ALTA,xgb_lean,0.25,
2026-06-11,South Korea,Czech Republic,h2h,Draw,,0.3052,3.277,3.44,3.604,3.768,ensemble_1x2,high,67.6,ALTA,xgb_lean,0.25,No usar como apuesta core hasta recalibrar empates.
2026-06-11,South Korea,Czech Republic,h2h,South Korea,,0.3917,2.553,2.681,2.808,2.936,ensemble_1x2,high,67.6,ALTA,xgb_lean,0.25,
2026-06-11,South Korea,Czech Republic,team_goals,Czech Republic Over,0.5,0.6846,1.461,1.534,1.607,1.68,poisson_away_goals,derived,67.6,ALTA,xgb_lean,0.25,
2026-06-11,South Korea,Czech Republic,team_goals,Czech Republic Under,0.5,0.3154,3.171,3.329,3.488,3.646,poisson_away_goals,derived,67.6,ALTA,xgb_lean,0.25,
2026-06-11,South Korea,Czech Republic,team_goals,South Korea Over,0.5,0.7288,1.372,1.441,1.509,1.578,poisson_home_goals,derived,67.6,ALTA,xgb_lean,0.25,
2026-06-11,South Korea,Czech Republic,team_goals,South Korea Under,0.5,0.2712,3.688,3.872,4.056,4.241,poisson_home_goals,derived,67.6,ALTA,xgb_lean,0.25,
2026-06-11,South Korea,Czech Republic,team_goals,Czech Republic Over,1.5,0.3207,3.118,3.274,3.43,3.586,poisson_away_goals,derived,67.6,ALTA,xgb_lean,0.25,
2026-06-11,South Korea,Czech Republic,team_goals,Czech Republic Under,1.5,0.6793,1.472,1.546,1.619,1.693,poisson_away_goals,derived,67.6,ALTA,xgb_lean,0.25,
2026-06-11,South Korea,Czech Republic,team_goals,South Korea Over,1.5,0.3749,2.667,2.8,2.934,3.067,poisson_home_goals,derived,67.6,ALTA,xgb_lean,0.25,
2026-06-11,South Korea,Czech Republic,team_goals,South Korea Under,1.5,0.6251,1.6,1.68,1.76,1.84,poisson_home_goals,derived,67.6,ALTA,xgb_lean,0.25,
2026-06-11,South Korea,Czech Republic,team_goals,Czech Republic Over,2.5,0.1107,9.034,9.486,9.937,10.389,poisson_away_goals,derived,67.6,ALTA,xgb_lean,0.25,
2026-06-11,South Korea,Czech Republic,team_goals,Czech Republic Under,2.5,0.8893,1.124,1.181,1.237,1.293,poisson_away_goals,derived,67.6,ALTA,xgb_lean,0.25,
2026-06-11,South Korea,Czech Republic,team_goals,South Korea Over,2.5,0.144,6.942,7.29,7.637,7.984,poisson_home_goals,derived,67.6,ALTA,xgb_lean,0.25,
2026-06-11,South Korea,Czech Republic,team_goals,South Korea Under,2.5,0.856,1.168,1.227,1.285,1.344,poisson_home_goals,derived,67.6,ALTA,xgb_lean,0.25,
2026-06-11,South Korea,Czech Republic,total_corners,Over,8.5,0.8314,1.203,1.263,1.323,1.383,poisson_approx_from_expected_corners,low,67.6,ALTA,xgb_lean,0.25,"Aproximacion: corners tienen sobredispersion; usar como radar, no como apuesta core."
2026-06-11,South Korea,Czech Republic,total_corners,Under,8.5,0.1686,5.932,6.229,6.525,6.822,poisson_approx_from_expected_corners,low,67.6,ALTA,xgb_lean,0.25,"Aproximacion: corners tienen sobredispersion; usar como radar, no como apuesta core."
2026-06-11,South Korea,Czech Republic,total_corners,Over,9.5,0.7397,1.352,1.419,1.487,1.555,poisson_approx_from_expected_corners,low,67.6,ALTA,xgb_lean,0.25,"Aproximacion: corners tienen sobredispersion; usar como radar, no como apuesta core."
2026-06-11,South Korea,Czech Republic,total_corners,Under,9.5,0.2603,3.842,4.034,4.226,4.418,poisson_approx_from_expected_corners,low,67.6,ALTA,xgb_lean,0.25,"Aproximacion: corners tienen sobredispersion; usar como radar, no como apuesta core."
2026-06-11,South Korea,Czech Republic,total_corners,Over,10.5,0.6315,1.584,1.663,1.742,1.821,poisson_approx_from_expected_corners,low,67.6,ALTA,xgb_lean,0.25,"Aproximacion: corners tienen sobredispersion; usar como radar, no como apuesta core."
2026-06-11,South Korea,Czech Republic,total_corners,Under,10.5,0.3685,2.713,2.849,2.985,3.12,poisson_approx_from_expected_corners,low,67.6,ALTA,xgb_lean,0.25,"Aproximacion: corners tienen sobredispersion; usar como radar, no como apuesta core."
2026-06-11,South Korea,Czech Republic,total_goals,Over,1.5,0.7042,1.42,1.491,1.562,1.633,poisson_total_goals,high,67.6,ALTA,xgb_lean,0.25,
2026-06-11,South Korea,Czech Republic,total_goals,Under,1.5,0.2958,3.38,3.55,3.719,3.888,poisson_total_goals,high,67.6,ALTA,xgb_lean,0.25,
2026-06-11,South Korea,Czech Republic,total_goals,Over,2.5,0.4466,2.239,2.351,2.463,2.575,ensemble_over25,high,67.6,ALTA,xgb_lean,0.25,
2026-06-11,South Korea,Czech Republic,total_goals,Under,2.5,0.5534,1.807,1.897,1.988,2.078,ensemble_over25,high,67.6,ALTA,xgb_lean,0.25,
2026-06-11,South Korea,Czech Republic,total_goals,Over,3.5,0.2337,4.279,4.493,4.707,4.921,poisson_total_goals,high,67.6,ALTA,xgb_lean,0.25,
2026-06-11,South Korea,Czech Republic,total_goals,Under,3.5,0.7663,1.305,1.37,1.435,1.501,poisson_total_goals,high,67.6,ALTA,xgb_lean,0.25,
2026-06-12,Canada,Bosnia and Herzegovina,btts,No,,0.5399,1.852,1.945,2.037,2.13,ensemble_btts,high,51.8,MEDIA,xgb_lean,0.25,
2026-06-12,Canada,Bosnia and Herzegovina,btts,Yes,,0.4601,2.173,2.282,2.391,2.499,ensemble_btts,high,51.8,MEDIA,xgb_lean,0.25,
2026-06-12,Canada,Bosnia and Herzegovina,clean_sheet,Bosnia and Herzegovina No,,0.8056,1.241,1.303,1.365,1.427,poisson_opponent_goals_zero,derived,51.8,MEDIA,xgb_lean,0.25,
2026-06-12,Canada,Bosnia and Herzegovina,clean_sheet,Bosnia and Herzegovina Yes,,0.1944,5.145,5.402,5.659,5.917,poisson_opponent_goals_zero,derived,51.8,MEDIA,xgb_lean,0.25,
2026-06-12,Canada,Bosnia and Herzegovina,clean_sheet,Canada No,,0.6043,1.655,1.738,1.82,1.903,poisson_opponent_goals_zero,derived,51.8,MEDIA,xgb_lean,0.25,
2026-06-12,Canada,Bosnia and Herzegovina,clean_sheet,Canada Yes,,0.3957,2.527,2.653,2.78,2.906,poisson_opponent_goals_zero,derived,51.8,MEDIA,xgb_lean,0.25,
2026-06-12,Canada,Bosnia and Herzegovina,double_chance,Bosnia and Herzegovina or Draw,,0.4625,2.162,2.27,2.378,2.486,derived_from_1x2,medium,51.8,MEDIA,xgb_lean,0.25,
2026-06-12,Canada,Bosnia and Herzegovina,double_chance,Canada or Bosnia and Herzegovina,,0.6911,1.447,1.519,1.592,1.664,derived_from_1x2,medium,51.8,MEDIA,xgb_lean,0.25,
2026-06-12,Canada,Bosnia and Herzegovina,double_chance,Canada or Draw,,0.8464,1.181,1.241,1.3,1.359,derived_from_1x2,medium,51.8,MEDIA,xgb_lean,0.25,
2026-06-12,Canada,Bosnia and Herzegovina,draw_no_bet,Bosnia and Herzegovina,,0.2223,4.499,4.724,4.949,5.174,derived_from_1x2,medium,51.8,MEDIA,xgb_lean,0.25,Probabilidad condicionada a que no haya empate; empate void.
2026-06-12,Canada,Bosnia and Herzegovina,draw_no_bet,Canada,,0.7777,1.286,1.35,1.414,1.479,derived_from_1x2,medium,51.8,MEDIA,xgb_lean,0.25,Probabilidad condicionada a que no haya empate; empate void.
2026-06-12,Canada,Bosnia and Herzegovina,h2h,Bosnia and Herzegovina,,0.1536,6.51,6.836,7.161,7.487,ensemble_1x2,medium,51.8,MEDIA,xgb_lean,0.25,
2026-06-12,Canada,Bosnia and Herzegovina,h2h,Canada,,0.5375,1.86,1.953,2.047,2.14,ensemble_1x2,high,51.8,MEDIA,xgb_lean,0.25,
2026-06-12,Canada,Bosnia and Herzegovina,h2h,Draw,,0.3089,3.237,3.399,3.561,3.723,ensemble_1x2,medium,51.8,MEDIA,xgb_lean,0.25,No usar como apuesta core hasta recalibrar empates.
2026-06-12,Canada,Bosnia and Herzegovina,team_goals,Bosnia and Herzegovina Over,0.5,0.6043,1.655,1.738,1.82,1.903,poisson_away_goals,derived,51.8,MEDIA,xgb_lean,0.25,
2026-06-12,Canada,Bosnia and Herzegovina,team_goals,Bosnia and Herzegovina Under,0.5,0.3957,2.527,2.653,2.78,2.906,poisson_away_goals,derived,51.8,MEDIA,xgb_lean,0.25,
2026-06-12,Canada,Bosnia and Herzegovina,team_goals,Canada Over,0.5,0.8056,1.241,1.303,1.365,1.427,poisson_home_goals,derived,51.8,MEDIA,xgb_lean,0.25,
2026-06-12,Canada,Bosnia and Herzegovina,team_goals,Canada Under,0.5,0.1944,5.145,5.402,5.659,5.917,poisson_home_goals,derived,51.8,MEDIA,xgb_lean,0.25,
2026-06-12,Canada,Bosnia and Herzegovina,team_goals,Bosnia and Herzegovina Over,1.5,0.2374,4.212,4.423,4.633,4.844,poisson_away_goals,derived,51.8,MEDIA,xgb_lean,0.25,
2026-06-12,Canada,Bosnia and Herzegovina,team_goals,Bosnia and Herzegovina Under,1.5,0.7626,1.311,1.377,1.442,1.508,poisson_away_goals,derived,51.8,MEDIA,xgb_lean,0.25,
2026-06-12,Canada,Bosnia and Herzegovina,team_goals,Canada Over,1.5,0.4873,2.052,2.155,2.258,2.36,poisson_home_goals,derived,51.8,MEDIA,xgb_lean,0.25,
2026-06-12,Canada,Bosnia and Herzegovina,team_goals,Canada Under,1.5,0.5127,1.95,2.048,2.145,2.243,poisson_home_goals,derived,51.8,MEDIA,xgb_lean,0.25,
2026-06-12,Canada,Bosnia and Herzegovina,team_goals,Bosnia and Herzegovina Over,2.5,0.0674,14.842,15.584,16.326,17.068,poisson_away_goals,derived,51.8,MEDIA,xgb_lean,0.25,
2026-06-12,Canada,Bosnia and Herzegovina,team_goals,Bosnia and Herzegovina Under,2.5,0.9326,1.072,1.126,1.179,1.233,poisson_away_goals,derived,51.8,MEDIA,xgb_lean,0.25,
2026-06-12,Canada,Bosnia and Herzegovina,team_goals,Canada Over,2.5,0.2265,4.415,4.636,4.856,5.077,poisson_home_goals,derived,51.8,MEDIA,xgb_lean,0.25,
2026-06-12,Canada,Bosnia and Herzegovina,team_goals,Canada Under,2.5,0.7735,1.293,1.357,1.422,1.487,poisson_home_goals,derived,51.8,MEDIA,xgb_lean,0.25,
2026-06-12,Canada,Bosnia and Herzegovina,total_corners,Over,8.5,0.4892,2.044,2.146,2.248,2.351,poisson_approx_from_expected_corners,low,51.8,MEDIA,xgb_lean,0.25,"Aproximacion: corners tienen sobredispersion; usar como radar, no como apuesta core."
2026-06-12,Canada,Bosnia and Herzegovina,total_corners,Under,8.5,0.5108,1.958,2.056,2.154,2.252,poisson_approx_from_expected_corners,low,51.8,MEDIA,xgb_lean,0.25,"Aproximacion: corners tienen sobredispersion; usar como radar, no como apuesta core."
2026-06-12,Canada,Bosnia and Herzegovina,total_corners,Over,9.5,0.3587,2.788,2.927,3.066,3.206,poisson_approx_from_expected_corners,low,51.8,MEDIA,xgb_lean,0.25,"Aproximacion: corners tienen sobredispersion; usar como radar, no como apuesta core."
2026-06-12,Canada,Bosnia and Herzegovina,total_corners,Under,9.5,0.6413,1.559,1.637,1.715,1.793,poisson_approx_from_expected_corners,low,51.8,MEDIA,xgb_lean,0.25,"Aproximacion: corners tienen sobredispersion; usar como radar, no como apuesta core."
2026-06-12,Canada,Bosnia and Herzegovina,total_corners,Over,10.5,0.2467,4.054,4.257,4.46,4.662,poisson_approx_from_expected_corners,low,51.8,MEDIA,xgb_lean,0.25,"Aproximacion: corners tienen sobredispersion; usar como radar, no como apuesta core."
2026-06-12,Canada,Bosnia and Herzegovina,total_corners,Under,10.5,0.7533,1.327,1.394,1.46,1.527,poisson_approx_from_expected_corners,low,51.8,MEDIA,xgb_lean,0.25,"Aproximacion: corners tienen sobredispersion; usar como radar, no como apuesta core."
2026-06-12,Canada,Bosnia and Herzegovina,total_goals,Over,1.5,0.7258,1.378,1.447,1.516,1.584,poisson_total_goals,medium,51.8,MEDIA,xgb_lean,0.25,
2026-06-12,Canada,Bosnia and Herzegovina,total_goals,Under,1.5,0.2742,3.647,3.829,4.011,4.194,poisson_total_goals,medium,51.8,MEDIA,xgb_lean,0.25,
2026-06-12,Canada,Bosnia and Herzegovina,total_goals,Over,2.5,0.4303,2.324,2.44,2.556,2.673,ensemble_over25,medium,51.8,MEDIA,xgb_lean,0.25,
2026-06-12,Canada,Bosnia and Herzegovina,total_goals,Under,2.5,0.5697,1.755,1.843,1.931,2.019,ensemble_over25,medium,51.8,MEDIA,xgb_lean,0.25,
2026-06-12,Canada,Bosnia and Herzegovina,total_goals,Over,3.5,0.2564,3.9,4.095,4.29,4.485,poisson_total_goals,medium,51.8,MEDIA,xgb_lean,0.25,
2026-06-12,Canada,Bosnia and Herzegovina,total_goals,Under,3.5,0.7436,1.345,1.412,1.479,1.547,poisson_total_goals,medium,51.8,MEDIA,xgb_lean,0.25,
2026-06-12,United States,Paraguay,btts,No,,0.5034,1.986,2.086,2.185,2.284,ensemble_btts,high,66.4,ALTA,xgb_lean,0.25,
2026-06-12,United States,Paraguay,btts,Yes,,0.4966,2.014,2.114,2.215,2.316,ensemble_btts,high,66.4,ALTA,xgb_lean,0.25,
2026-06-12,United States,Paraguay,clean_sheet,Paraguay No,,0.6871,1.455,1.528,1.601,1.674,poisson_opponent_goals_zero,derived,66.4,ALTA,xgb_lean,0.25,
2026-06-12,United States,Paraguay,clean_sheet,Paraguay Yes,,0.3129,3.196,3.356,3.516,3.676,poisson_opponent_goals_zero,derived,66.4,ALTA,xgb_lean,0.25,
2026-06-12,United States,Paraguay,clean_sheet,United States No,,0.6988,1.431,1.503,1.574,1.646,poisson_opponent_goals_zero,derived,66.4,ALTA,xgb_lean,0.25,
2026-06-12,United States,Paraguay,clean_sheet,United States Yes,,0.3012,3.32,3.486,3.652,3.818,poisson_opponent_goals_zero,derived,66.4,ALTA,xgb_lean,0.25,
2026-06-12,United States,Paraguay,double_chance,Paraguay or Draw,,0.6947,1.439,1.511,1.583,1.655,derived_from_1x2,medium,66.4,ALTA,xgb_lean,0.25,
2026-06-12,United States,Paraguay,double_chance,United States or Draw,,0.5732,1.745,1.832,1.919,2.006,derived_from_1x2,medium,66.4,ALTA,xgb_lean,0.25,
2026-06-12,United States,Paraguay,double_chance,United States or Paraguay,,0.7321,1.366,1.434,1.503,1.571,derived_from_1x2,medium,66.4,ALTA,xgb_lean,0.25,
2026-06-12,United States,Paraguay,draw_no_bet,Paraguay,,0.583,1.715,1.801,1.887,1.973,derived_from_1x2,medium,66.4,ALTA,xgb_lean,0.25,Probabilidad condicionada a que no haya empate; empate void.
2026-06-12,United States,Paraguay,draw_no_bet,United States,,0.417,2.398,2.518,2.638,2.758,derived_from_1x2,medium,66.4,ALTA,xgb_lean,0.25,Probabilidad condicionada a que no haya empate; empate void.
2026-06-12,United States,Paraguay,h2h,Draw,,0.2679,3.733,3.919,4.106,4.293,ensemble_1x2,high,66.4,ALTA,xgb_lean,0.25,No usar como apuesta core hasta recalibrar empates.
2026-06-12,United States,Paraguay,h2h,Paraguay,,0.4268,2.343,2.46,2.577,2.694,ensemble_1x2,medium,66.4,ALTA,xgb_lean,0.25,
2026-06-12,United States,Paraguay,h2h,United States,,0.3053,3.275,3.439,3.603,3.767,ensemble_1x2,medium,66.4,ALTA,xgb_lean,0.25,
2026-06-12,United States,Paraguay,team_goals,Paraguay Over,0.5,0.6988,1.431,1.503,1.574,1.646,poisson_away_goals,derived,66.4,ALTA,xgb_lean,0.25,
2026-06-12,United States,Paraguay,team_goals,Paraguay Under,0.5,0.3012,3.32,3.486,3.652,3.818,poisson_away_goals,derived,66.4,ALTA,xgb_lean,0.25,
2026-06-12,United States,Paraguay,team_goals,United States Over,0.5,0.6871,1.455,1.528,1.601,1.674,poisson_home_goals,derived,66.4,ALTA,xgb_lean,0.25,
2026-06-12,United States,Paraguay,team_goals,United States Under,0.5,0.3129,3.196,3.356,3.516,3.676,poisson_home_goals,derived,66.4,ALTA,xgb_lean,0.25,
2026-06-12,United States,Paraguay,team_goals,Paraguay Over,1.5,0.3374,2.964,3.112,3.26,3.409,poisson_away_goals,derived,66.4,ALTA,xgb_lean,0.25,
2026-06-12,United States,Paraguay,team_goals,Paraguay Under,1.5,0.6626,1.509,1.585,1.66,1.736,poisson_away_goals,derived,66.4,ALTA,xgb_lean,0.25,
2026-06-12,United States,Paraguay,team_goals,United States Over,1.5,0.3236,3.09,3.245,3.399,3.554,poisson_home_goals,derived,66.4,ALTA,xgb_lean,0.25,
2026-06-12,United States,Paraguay,team_goals,United States Under,1.5,0.6764,1.478,1.552,1.626,1.7,poisson_home_goals,derived,66.4,ALTA,xgb_lean,0.25,
2026-06-12,United States,Paraguay,team_goals,Paraguay Over,2.5,0.1205,8.298,8.713,9.128,9.543,poisson_away_goals,derived,66.4,ALTA,xgb_lean,0.25,
2026-06-12,United States,Paraguay,team_goals,Paraguay Under,2.5,0.8795,1.137,1.194,1.251,1.308,poisson_away_goals,derived,66.4,ALTA,xgb_lean,0.25,
2026-06-12,United States,Paraguay,team_goals,United States Over,2.5,0.1124,8.899,9.343,9.788,10.233,poisson_home_goals,derived,66.4,ALTA,xgb_lean,0.25,
2026-06-12,United States,Paraguay,team_goals,United States Under,2.5,0.8876,1.127,1.183,1.239,1.296,poisson_home_goals,derived,66.4,ALTA,xgb_lean,0.25,
2026-06-12,United States,Paraguay,total_corners,Over,8.5,0.2217,4.511,4.737,4.963,5.188,poisson_approx_from_expected_corners,low,66.4,ALTA,xgb_lean,0.25,"Aproximacion: corners tienen sobredispersion; usar como radar, no como apuesta core."
2026-06-12,United States,Paraguay,total_corners,Under,8.5,0.7783,1.285,1.349,1.413,1.478,poisson_approx_from_expected_corners,low,66.4,ALTA,xgb_lean,0.25,"Aproximacion: corners tienen sobredispersion; usar como radar, no como apuesta core."
2026-06-12,United States,Paraguay,total_corners,Over,9.5,0.1323,7.561,7.939,8.317,8.695,poisson_approx_from_expected_corners,low,66.4,ALTA,xgb_lean,0.25,"Aproximacion: corners tienen sobredispersion; usar como radar, no como apuesta core."
2026-06-12,United States,Paraguay,total_corners,Under,9.5,0.8677,1.152,1.21,1.268,1.325,poisson_approx_from_expected_corners,low,66.4,ALTA,xgb_lean,0.25,"Aproximacion: corners tienen sobredispersion; usar como radar, no como apuesta core."
2026-06-12,United States,Paraguay,total_corners,Over,10.5,0.0732,13.669,14.353,15.036,15.72,poisson_approx_from_expected_corners,low,66.4,ALTA,xgb_lean,0.25,"Aproximacion: corners tienen sobredispersion; usar como radar, no como apuesta core."
2026-06-12,United States,Paraguay,total_corners,Under,10.5,0.9268,1.079,1.133,1.187,1.241,poisson_approx_from_expected_corners,low,66.4,ALTA,xgb_lean,0.25,"Aproximacion: corners tienen sobredispersion; usar como radar, no como apuesta core."
2026-06-12,United States,Paraguay,total_goals,Over,1.5,0.6832,1.464,1.537,1.61,1.683,poisson_total_goals,medium,66.4,ALTA,xgb_lean,0.25,
2026-06-12,United States,Paraguay,total_goals,Under,1.5,0.3168,3.157,3.314,3.472,3.63,poisson_total_goals,medium,66.4,ALTA,xgb_lean,0.25,
2026-06-12,United States,Paraguay,total_goals,Over,2.5,0.4716,2.12,2.226,2.332,2.439,ensemble_over25,medium,66.4,ALTA,xgb_lean,0.25,
2026-06-12,United States,Paraguay,total_goals,Under,2.5,0.5284,1.893,1.987,2.082,2.176,ensemble_over25,medium,66.4,ALTA,xgb_lean,0.25,
2026-06-12,United States,Paraguay,total_goals,Over,3.5,0.2134,4.687,4.921,5.155,5.39,poisson_total_goals,medium,66.4,ALTA,xgb_lean,0.25,
2026-06-12,United States,Paraguay,total_goals,Under,3.5,0.7866,1.271,1.335,1.398,1.462,poisson_total_goals,medium,66.4,ALTA,xgb_lean,0.25,
2026-06-13,Australia,Turkey,btts,No,,0.534,1.873,1.966,2.06,2.154,ensemble_btts,high,69.3,ALTA,xgb_lean,0.3314,
2026-06-13,Australia,Turkey,btts,Yes,,0.466,2.146,2.253,2.361,2.468,ensemble_btts,high,69.3,ALTA,xgb_lean,0.3314,
2026-06-13,Australia,Turkey,clean_sheet,Australia No,,0.7502,1.333,1.4,1.466,1.533,poisson_opponent_goals_zero,derived,69.3,ALTA,xgb_lean,0.3314,
2026-06-13,Australia,Turkey,clean_sheet,Australia Yes,,0.2498,4.003,4.203,4.403,4.603,poisson_opponent_goals_zero,derived,69.3,ALTA,xgb_lean,0.3314,
2026-06-13,Australia,Turkey,clean_sheet,Turkey No,,0.6354,1.574,1.652,1.731,1.81,poisson_opponent_goals_zero,derived,69.3,ALTA,xgb_lean,0.3314,
2026-06-13,Australia,Turkey,clean_sheet,Turkey Yes,,0.3646,2.743,2.88,3.017,3.154,poisson_opponent_goals_zero,derived,69.3,ALTA,xgb_lean,0.3314,
2026-06-13,Australia,Turkey,double_chance,Australia or Draw,,0.5591,1.789,1.878,1.967,2.057,derived_from_1x2,high,69.3,ALTA,xgb_lean,0.3314,
2026-06-13,Australia,Turkey,double_chance,Australia or Turkey,,0.7023,1.424,1.495,1.566,1.637,derived_from_1x2,high,69.3,ALTA,xgb_lean,0.3314,
2026-06-13,Australia,Turkey,double_chance,Turkey or Draw,,0.7386,1.354,1.422,1.489,1.557,derived_from_1x2,high,69.3,ALTA,xgb_lean,0.3314,
2026-06-13,Australia,Turkey,draw_no_bet,Australia,,0.3722,2.687,2.821,2.955,3.09,derived_from_1x2,high,69.3,ALTA,xgb_lean,0.3314,Probabilidad condicionada a que no haya empate; empate void.
2026-06-13,Australia,Turkey,draw_no_bet,Turkey,,0.6278,1.593,1.673,1.752,1.832,derived_from_1x2,high,69.3,ALTA,xgb_lean,0.3314,Probabilidad condicionada a que no haya empate; empate void.
2026-06-13,Australia,Turkey,h2h,Australia,,0.2614,3.826,4.017,4.208,4.399,ensemble_1x2,high,69.3,ALTA,xgb_lean,0.3314,
2026-06-13,Australia,Turkey,h2h,Draw,,0.2977,3.359,3.527,3.695,3.863,ensemble_1x2,high,69.3,ALTA,xgb_lean,0.3314,No usar como apuesta core hasta recalibrar empates.
2026-06-13,Australia,Turkey,h2h,Turkey,,0.4409,2.268,2.381,2.495,2.608,ensemble_1x2,high,69.3,ALTA,xgb_lean,0.3314,
2026-06-13,Australia,Turkey,team_goals,Australia Over,0.5,0.6354,1.574,1.652,1.731,1.81,poisson_home_goals,derived,69.3,ALTA,xgb_lean,0.3314,
2026-06-13,Australia,Turkey,team_goals,Australia Under,0.5,0.3646,2.743,2.88,3.017,3.154,poisson_home_goals,derived,69.3,ALTA,xgb_lean,0.3314,
2026-06-13,Australia,Turkey,team_goals,Turkey Over,0.5,0.7502,1.333,1.4,1.466,1.533,poisson_away_goals,derived,69.3,ALTA,xgb_lean,0.3314,
2026-06-13,Australia,Turkey,team_goals,Turkey Under,0.5,0.2498,4.003,4.203,4.403,4.603,poisson_away_goals,derived,69.3,ALTA,xgb_lean,0.3314,
2026-06-13,Australia,Turkey,team_goals,Australia Over,1.5,0.2676,3.738,3.924,4.111,4.298,poisson_home_goals,derived,69.3,ALTA,xgb_lean,0.3314,
2026-06-13,Australia,Turkey,team_goals,Australia Under,1.5,0.7324,1.365,1.434,1.502,1.57,poisson_home_goals,derived,69.3,ALTA,xgb_lean,0.3314,
2026-06-13,Australia,Turkey,team_goals,Turkey Over,1.5,0.4037,2.477,2.601,2.725,2.849,poisson_away_goals,derived,69.3,ALTA,xgb_lean,0.3314,
2026-06-13,Australia,Turkey,team_goals,Turkey Under,1.5,0.5963,1.677,1.761,1.845,1.928,poisson_away_goals,derived,69.3,ALTA,xgb_lean,0.3314,
2026-06-13,Australia,Turkey,team_goals,Australia Over,2.5,0.082,12.2,12.81,13.42,14.031,poisson_home_goals,derived,69.3,ALTA,xgb_lean,0.3314,
2026-06-13,Australia,Turkey,team_goals,Australia Under,2.5,0.918,1.089,1.144,1.198,1.253,poisson_home_goals,derived,69.3,ALTA,xgb_lean,0.3314,
2026-06-13,Australia,Turkey,team_goals,Turkey Over,2.5,0.1634,6.121,6.427,6.733,7.039,poisson_away_goals,derived,69.3,ALTA,xgb_lean,0.3314,
2026-06-13,Australia,Turkey,team_goals,Turkey Under,2.5,0.8366,1.195,1.255,1.315,1.375,poisson_away_goals,derived,69.3,ALTA,xgb_lean,0.3314,
2026-06-13,Australia,Turkey,total_corners,Over,8.5,0.5457,1.833,1.924,2.016,2.108,poisson_approx_from_expected_corners,low,69.3,ALTA,xgb_lean,0.3314,"Aproximacion: corners tienen sobredispersion; usar como radar, no como apuesta core."
2026-06-13,Australia,Turkey,total_corners,Under,8.5,0.4543,2.201,2.311,2.421,2.531,poisson_approx_from_expected_corners,low,69.3,ALTA,xgb_lean,0.3314,"Aproximacion: corners tienen sobredispersion; usar como radar, no como apuesta core."
2026-06-13,Australia,Turkey,total_corners,Over,9.5,0.4139,2.416,2.537,2.658,2.778,poisson_approx_from_expected_corners,low,69.3,ALTA,xgb_lean,0.3314,"Aproximacion: corners tienen sobredispersion; usar como radar, no como apuesta core."
2026-06-13,Australia,Turkey,total_corners,Under,9.5,0.5861,1.706,1.792,1.877,1.962,poisson_approx_from_expected_corners,low,69.3,ALTA,xgb_lean,0.3314,"Aproximacion: corners tienen sobredispersion; usar como radar, no como apuesta core."
2026-06-13,Australia,Turkey,total_corners,Over,10.5,0.2952,3.388,3.557,3.726,3.896,poisson_approx_from_expected_corners,low,69.3,ALTA,xgb_lean,0.3314,"Aproximacion: corners tienen sobredispersion; usar como radar, no como apuesta core."
2026-06-13,Australia,Turkey,total_corners,Under,10.5,0.7048,1.419,1.49,1.561,1.632,poisson_approx_from_expected_corners,low,69.3,ALTA,xgb_lean,0.3314,"Aproximacion: corners tienen sobredispersion; usar como radar, no como apuesta core."
2026-06-13,Australia,Turkey,total_goals,Over,1.5,0.6907,1.448,1.52,1.593,1.665,poisson_total_goals,high,69.3,ALTA,xgb_lean,0.3314,
2026-06-13,Australia,Turkey,total_goals,Under,1.5,0.3093,3.233,3.395,3.556,3.718,poisson_total_goals,high,69.3,ALTA,xgb_lean,0.3314,
2026-06-13,Australia,Turkey,total_goals,Over,2.5,0.4462,2.241,2.353,2.465,2.577,ensemble_over25,high,69.3,ALTA,xgb_lean,0.3314,
2026-06-13,Australia,Turkey,total_goals,Under,2.5,0.5538,1.806,1.896,1.986,2.077,ensemble_over25,high,69.3,ALTA,xgb_lean,0.3314,
2026-06-13,Australia,Turkey,total_goals,Over,3.5,0.2204,4.536,4.763,4.99,5.217,poisson_total_goals,high,69.3,ALTA,xgb_lean,0.3314,
2026-06-13,Australia,Turkey,total_goals,Under,3.5,0.7796,1.283,1.347,1.411,1.475,poisson_total_goals,high,69.3,ALTA,xgb_lean,0.3314,
2026-06-13,Brazil,Morocco,btts,No,,0.4985,2.006,2.106,2.207,2.307,ensemble_btts,high,62.2,MEDIA,xgb_lean,0.25,
2026-06-13,Brazil,Morocco,btts,Yes,,0.5015,1.994,2.094,2.193,2.293,ensemble_btts,high,62.2,MEDIA,xgb_lean,0.25,
2026-06-13,Brazil,Morocco,clean_sheet,Brazil No,,0.5934,1.685,1.769,1.854,1.938,poisson_opponent_goals_zero,derived,62.2,MEDIA,xgb_lean,0.25,
2026-06-13,Brazil,Morocco,clean_sheet,Brazil Yes,,0.4066,2.46,2.583,2.706,2.829,poisson_opponent_goals_zero,derived,62.2,MEDIA,xgb_lean,0.25,
2026-06-13,Brazil,Morocco,clean_sheet,Morocco No,,0.7899,1.266,1.329,1.393,1.456,poisson_opponent_goals_zero,derived,62.2,MEDIA,xgb_lean,0.25,
2026-06-13,Brazil,Morocco,clean_sheet,Morocco Yes,,0.2101,4.759,4.997,5.235,5.473,poisson_opponent_goals_zero,derived,62.2,MEDIA,xgb_lean,0.25,
2026-06-13,Brazil,Morocco,double_chance,Brazil or Draw,,0.7568,1.321,1.387,1.453,1.52,derived_from_1x2,high,62.2,MEDIA,xgb_lean,0.25,
2026-06-13,Brazil,Morocco,double_chance,Brazil or Morocco,,0.743,1.346,1.413,1.48,1.548,derived_from_1x2,high,62.2,MEDIA,xgb_lean,0.25,
2026-06-13,Brazil,Morocco,double_chance,Morocco or Draw,,0.5002,1.999,2.099,2.199,2.299,derived_from_1x2,high,62.2,MEDIA,xgb_lean,0.25,
2026-06-13,Brazil,Morocco,draw_no_bet,Brazil,,0.6727,1.487,1.561,1.635,1.71,derived_from_1x2,high,62.2,MEDIA,xgb_lean,0.25,Probabilidad condicionada a que no haya empate; empate void.
2026-06-13,Brazil,Morocco,draw_no_bet,Morocco,,0.3273,3.055,3.208,3.361,3.513,derived_from_1x2,high,62.2,MEDIA,xgb_lean,0.25,Probabilidad condicionada a que no haya empate; empate void.
2026-06-13,Brazil,Morocco,h2h,Brazil,,0.4998,2.001,2.101,2.201,2.301,ensemble_1x2,high,62.2,MEDIA,xgb_lean,0.25,
2026-06-13,Brazil,Morocco,h2h,Draw,,0.257,3.891,4.086,4.28,4.475,ensemble_1x2,high,62.2,MEDIA,xgb_lean,0.25,No usar como apuesta core hasta recalibrar empates.
2026-06-13,Brazil,Morocco,h2h,Morocco,,0.2432,4.112,4.317,4.523,4.729,ensemble_1x2,high,62.2,MEDIA,xgb_lean,0.25,
2026-06-13,Brazil,Morocco,team_goals,Brazil Over,0.5,0.7899,1.266,1.329,1.393,1.456,poisson_home_goals,derived,62.2,MEDIA,xgb_lean,0.25,
2026-06-13,Brazil,Morocco,team_goals,Brazil Under,0.5,0.2101,4.759,4.997,5.235,5.473,poisson_home_goals,derived,62.2,MEDIA,xgb_lean,0.25,
2026-06-13,Brazil,Morocco,team_goals,Morocco Over,0.5,0.5934,1.685,1.769,1.854,1.938,poisson_away_goals,derived,62.2,MEDIA,xgb_lean,0.25,
2026-06-13,Brazil,Morocco,team_goals,Morocco Under,0.5,0.4066,2.46,2.583,2.706,2.829,poisson_away_goals,derived,62.2,MEDIA,xgb_lean,0.25,
2026-06-13,Brazil,Morocco,team_goals,Brazil Over,1.5,0.4621,2.164,2.272,2.381,2.489,poisson_home_goals,derived,62.2,MEDIA,xgb_lean,0.25,
2026-06-13,Brazil,Morocco,team_goals,Brazil Under,1.5,0.5379,1.859,1.952,2.045,2.138,poisson_home_goals,derived,62.2,MEDIA,xgb_lean,0.25,
2026-06-13,Brazil,Morocco,team_goals,Morocco Over,1.5,0.2275,4.395,4.615,4.835,5.055,poisson_away_goals,derived,62.2,MEDIA,xgb_lean,0.25,
2026-06-13,Brazil,Morocco,team_goals,Morocco Under,1.5,0.7725,1.295,1.359,1.424,1.489,poisson_away_goals,derived,62.2,MEDIA,xgb_lean,0.25,
2026-06-13,Brazil,Morocco,team_goals,Brazil Over,2.5,0.2064,4.846,5.088,5.331,5.573,poisson_home_goals,derived,62.2,MEDIA,xgb_lean,0.25,
2026-06-13,Brazil,Morocco,team_goals,Brazil Under,2.5,0.7936,1.26,1.323,1.386,1.449,poisson_home_goals,derived,62.2,MEDIA,xgb_lean,0.25,
2026-06-13,Brazil,Morocco,team_goals,Morocco Over,2.5,0.0629,15.909,16.705,17.5,18.296,poisson_away_goals,derived,62.2,MEDIA,xgb_lean,0.25,
2026-06-13,Brazil,Morocco,team_goals,Morocco Under,2.5,0.9371,1.067,1.12,1.174,1.227,poisson_away_goals,derived,62.2,MEDIA,xgb_lean,0.25,
2026-06-13,Brazil,Morocco,total_corners,Over,8.5,0.2241,4.462,4.685,4.909,5.132,poisson_approx_from_expected_corners,low,62.2,MEDIA,xgb_lean,0.25,"Aproximacion: corners tienen sobredispersion; usar como radar, no como apuesta core."
2026-06-13,Brazil,Morocco,total_corners,Under,8.5,0.7759,1.289,1.353,1.418,1.482,poisson_approx_from_expected_corners,low,62.2,MEDIA,xgb_lean,0.25,"Aproximacion: corners tienen sobredispersion; usar como radar, no como apuesta core."
2026-06-13,Brazil,Morocco,total_corners,Over,9.5,0.134,7.46,7.833,8.206,8.579,poisson_approx_from_expected_corners,low,62.2,MEDIA,xgb_lean,0.25,"Aproximacion: corners tienen sobredispersion; usar como radar, no como apuesta core."
2026-06-13,Brazil,Morocco,total_corners,Under,9.5,0.866,1.155,1.213,1.27,1.328,poisson_approx_from_expected_corners,low,62.2,MEDIA,xgb_lean,0.25,"Aproximacion: corners tienen sobredispersion; usar como radar, no como apuesta core."
2026-06-13,Brazil,Morocco,total_corners,Over,10.5,0.0743,13.451,14.123,14.796,15.469,poisson_approx_from_expected_corners,low,62.2,MEDIA,xgb_lean,0.25,"Aproximacion: corners tienen sobredispersion; usar como radar, no como apuesta core."
2026-06-13,Brazil,Morocco,total_corners,Under,10.5,0.9257,1.08,1.134,1.188,1.242,poisson_approx_from_expected_corners,low,62.2,MEDIA,xgb_lean,0.25,"Aproximacion: corners tienen sobredispersion; usar como radar, no como apuesta core."
2026-06-13,Brazil,Morocco,total_goals,Over,1.5,0.7044,1.42,1.491,1.562,1.633,poisson_total_goals,high,62.2,MEDIA,xgb_lean,0.25,
2026-06-13,Brazil,Morocco,total_goals,Under,1.5,0.2956,3.383,3.552,3.721,3.89,poisson_total_goals,high,62.2,MEDIA,xgb_lean,0.25,
2026-06-13,Brazil,Morocco,total_goals,Over,2.5,0.4292,2.33,2.446,2.563,2.679,ensemble_over25,high,62.2,MEDIA,xgb_lean,0.25,
2026-06-13,Brazil,Morocco,total_goals,Under,2.5,0.5708,1.752,1.84,1.927,2.015,ensemble_over25,high,62.2,MEDIA,xgb_lean,0.25,
2026-06-13,Brazil,Morocco,total_goals,Over,3.5,0.2339,4.275,4.489,4.703,4.916,poisson_total_goals,high,62.2,MEDIA,xgb_lean,0.25,
2026-06-13,Brazil,Morocco,total_goals,Under,3.5,0.7661,1.305,1.371,1.436,1.501,poisson_total_goals,high,62.2,MEDIA,xgb_lean,0.25,
2026-06-13,Haiti,Scotland,btts,No,,0.5494,1.82,1.911,2.002,2.093,ensemble_btts,high,45.9,BAJA,xgb_lean,0.3395,
2026-06-13,Haiti,Scotland,btts,Yes,,0.4506,2.219,2.33,2.441,2.552,ensemble_btts,high,45.9,BAJA,xgb_lean,0.3395,
2026-06-13,Haiti,Scotland,clean_sheet,Haiti No,,0.7882,1.269,1.332,1.396,1.459,poisson_opponent_goals_zero,derived,45.9,BAJA,xgb_lean,0.3395,
2026-06-13,Haiti,Scotland,clean_sheet,Haiti Yes,,0.2118,4.721,4.957,5.193,5.429,poisson_opponent_goals_zero,derived,45.9,BAJA,xgb_lean,0.3395,
2026-06-13,Haiti,Scotland,clean_sheet,Scotland No,,0.5991,1.669,1.753,1.836,1.92,poisson_opponent_goals_zero,derived,45.9,BAJA,xgb_lean,0.3395,
2026-06-13,Haiti,Scotland,clean_sheet,Scotland Yes,,0.4009,2.494,2.619,2.744,2.868,poisson_opponent_goals_zero,derived,45.9,BAJA,xgb_lean,0.3395,
2026-06-13,Haiti,Scotland,double_chance,Haiti or Draw,,0.4249,2.353,2.471,2.589,2.707,derived_from_1x2,medium,45.9,BAJA,xgb_lean,0.3395,
2026-06-13,Haiti,Scotland,double_chance,Haiti or Scotland,,0.7469,1.339,1.406,1.473,1.54,derived_from_1x2,medium,45.9,BAJA,xgb_lean,0.3395,
2026-06-13,Haiti,Scotland,double_chance,Scotland or Draw,,0.8282,1.207,1.268,1.328,1.389,derived_from_1x2,medium,45.9,BAJA,xgb_lean,0.3395,
2026-06-13,Haiti,Scotland,draw_no_bet,Haiti,,0.23,4.347,4.565,4.782,5.0,derived_from_1x2,medium,45.9,BAJA,xgb_lean,0.3395,Probabilidad condicionada a que no haya empate; empate void.
2026-06-13,Haiti,Scotland,draw_no_bet,Scotland,,0.77,1.299,1.364,1.429,1.494,derived_from_1x2,medium,45.9,BAJA,xgb_lean,0.3395,Probabilidad condicionada a que no haya empate; empate void.
2026-06-13,Haiti,Scotland,h2h,Draw,,0.2531,3.951,4.149,4.346,4.544,ensemble_1x2,high,45.9,BAJA,xgb_lean,0.3395,No usar como apuesta core hasta recalibrar empates.
2026-06-13,Haiti,Scotland,h2h,Haiti,,0.1718,5.821,6.112,6.403,6.694,ensemble_1x2,medium,45.9,BAJA,xgb_lean,0.3395,
2026-06-13,Haiti,Scotland,h2h,Scotland,,0.5751,1.739,1.826,1.913,2.0,ensemble_1x2,medium,45.9,BAJA,xgb_lean,0.3395,
2026-06-13,Haiti,Scotland,team_goals,Haiti Over,0.5,0.5991,1.669,1.753,1.836,1.92,poisson_home_goals,derived,45.9,BAJA,xgb_lean,0.3395,
2026-06-13,Haiti,Scotland,team_goals,Haiti Under,0.5,0.4009,2.494,2.619,2.744,2.868,poisson_home_goals,derived,45.9,BAJA,xgb_lean,0.3395,
2026-06-13,Haiti,Scotland,team_goals,Scotland Over,0.5,0.7882,1.269,1.332,1.396,1.459,poisson_away_goals,derived,45.9,BAJA,xgb_lean,0.3395,
2026-06-13,Haiti,Scotland,team_goals,Scotland Under,0.5,0.2118,4.721,4.957,5.193,5.429,poisson_away_goals,derived,45.9,BAJA,xgb_lean,0.3395,
2026-06-13,Haiti,Scotland,team_goals,Haiti Over,1.5,0.2326,4.298,4.513,4.728,4.943,poisson_home_goals,derived,45.9,BAJA,xgb_lean,0.3395,
2026-06-13,Haiti,Scotland,team_goals,Haiti Under,1.5,0.7674,1.303,1.368,1.433,1.499,poisson_home_goals,derived,45.9,BAJA,xgb_lean,0.3395,
2026-06-13,Haiti,Scotland,team_goals,Scotland Over,1.5,0.4594,2.177,2.285,2.394,2.503,poisson_away_goals,derived,45.9,BAJA,xgb_lean,0.3395,
2026-06-13,Haiti,Scotland,team_goals,Scotland Under,1.5,0.5406,1.85,1.942,2.035,2.127,poisson_away_goals,derived,45.9,BAJA,xgb_lean,0.3395,
2026-06-13,Haiti,Scotland,team_goals,Haiti Over,2.5,0.0652,15.342,16.109,16.876,17.643,poisson_home_goals,derived,45.9,BAJA,xgb_lean,0.3395,
2026-06-13,Haiti,Scotland,team_goals,Haiti Under,2.5,0.9348,1.07,1.123,1.177,1.23,poisson_home_goals,derived,45.9,BAJA,xgb_lean,0.3395,
2026-06-13,Haiti,Scotland,team_goals,Scotland Over,2.5,0.2043,4.894,5.139,5.384,5.629,poisson_away_goals,derived,45.9,BAJA,xgb_lean,0.3395,
2026-06-13,Haiti,Scotland,team_goals,Scotland Under,2.5,0.7957,1.257,1.32,1.382,1.445,poisson_away_goals,derived,45.9,BAJA,xgb_lean,0.3395,
2026-06-13,Haiti,Scotland,total_corners,Over,8.5,0.5324,1.878,1.972,2.066,2.16,poisson_approx_from_expected_corners,low,45.9,BAJA,xgb_lean,0.3395,"Aproximacion: corners tienen sobredispersion; usar como radar, no como apuesta core."
2026-06-13,Haiti,Scotland,total_corners,Under,8.5,0.4676,2.139,2.246,2.353,2.46,poisson_approx_from_expected_corners,low,45.9,BAJA,xgb_lean,0.3395,"Aproximacion: corners tienen sobredispersion; usar como radar, no como apuesta core."
2026-06-13,Haiti,Scotland,total_corners,Over,9.5,0.4007,2.495,2.62,2.745,2.87,poisson_approx_from_expected_corners,low,45.9,BAJA,xgb_lean,0.3395,"Aproximacion: corners tienen sobredispersion; usar como radar, no como apuesta core."
2026-06-13,Haiti,Scotland,total_corners,Under,9.5,0.5993,1.669,1.752,1.836,1.919,poisson_approx_from_expected_corners,low,45.9,BAJA,xgb_lean,0.3395,"Aproximacion: corners tienen sobredispersion; usar como radar, no como apuesta core."
2026-06-13,Haiti,Scotland,total_corners,Over,10.5,0.2834,3.529,3.705,3.882,4.058,poisson_approx_from_expected_corners,low,45.9,BAJA,xgb_lean,0.3395,"Aproximacion: corners tienen sobredispersion; usar como radar, no como apuesta core."
2026-06-13,Haiti,Scotland,total_corners,Under,10.5,0.7166,1.395,1.465,1.535,1.605,poisson_approx_from_expected_corners,low,45.9,BAJA,xgb_lean,0.3395,"Aproximacion: corners tienen sobredispersion; usar como radar, no como apuesta core."
2026-06-13,Haiti,Scotland,total_goals,Over,1.5,0.7057,1.417,1.488,1.559,1.63,poisson_total_goals,high,45.9,BAJA,xgb_lean,0.3395,
2026-06-13,Haiti,Scotland,total_goals,Under,1.5,0.2943,3.397,3.567,3.737,3.907,poisson_total_goals,high,45.9,BAJA,xgb_lean,0.3395,
2026-06-13,Haiti,Scotland,total_goals,Over,2.5,0.4378,2.284,2.398,2.513,2.627,ensemble_over25,high,45.9,BAJA,xgb_lean,0.3395,
2026-06-13,Haiti,Scotland,total_goals,Under,2.5,0.5622,1.779,1.868,1.957,2.046,ensemble_over25,high,45.9,BAJA,xgb_lean,0.3395,
2026-06-13,Haiti,Scotland,total_goals,Over,3.5,0.2352,4.252,4.465,4.677,4.89,poisson_total_goals,high,45.9,BAJA,xgb_lean,0.3395,
2026-06-13,Haiti,Scotland,total_goals,Under,3.5,0.7648,1.307,1.373,1.438,1.504,poisson_total_goals,high,45.9,BAJA,xgb_lean,0.3395,
2026-06-13,Qatar,Switzerland,btts,No,,0.6023,1.66,1.743,1.826,1.909,ensemble_btts,high,49.8,BAJA,poisson_lean,0.7582,
2026-06-13,Qatar,Switzerland,btts,Yes,,0.3977,2.514,2.64,2.766,2.892,ensemble_btts,high,49.8,BAJA,poisson_lean,0.7582,
2026-06-13,Qatar,Switzerland,clean_sheet,Qatar No,,0.9227,1.084,1.138,1.192,1.246,poisson_opponent_goals_zero,derived,49.8,BAJA,poisson_lean,0.7582,
2026-06-13,Qatar,Switzerland,clean_sheet,Qatar Yes,,0.0773,12.936,13.583,14.229,14.876,poisson_opponent_goals_zero,derived,49.8,BAJA,poisson_lean,0.7582,
2026-06-13,Qatar,Switzerland,clean_sheet,Switzerland No,,0.4412,2.266,2.38,2.493,2.606,poisson_opponent_goals_zero,derived,49.8,BAJA,poisson_lean,0.7582,
2026-06-13,Qatar,Switzerland,clean_sheet,Switzerland Yes,,0.5588,1.79,1.879,1.969,2.058,poisson_opponent_goals_zero,derived,49.8,BAJA,poisson_lean,0.7582,
2026-06-13,Qatar,Switzerland,double_chance,Qatar or Draw,,0.2261,4.423,4.644,4.865,5.086,derived_from_1x2,low,49.8,BAJA,poisson_lean,0.7582,
2026-06-13,Qatar,Switzerland,double_chance,Qatar or Switzerland,,0.8353,1.197,1.257,1.317,1.377,derived_from_1x2,low,49.8,BAJA,poisson_lean,0.7582,
2026-06-13,Qatar,Switzerland,double_chance,Switzerland or Draw,,0.9384,1.066,1.119,1.172,1.225,derived_from_1x2,low,49.8,BAJA,poisson_lean,0.7582,
2026-06-13,Qatar,Switzerland,draw_no_bet,Qatar,,0.0736,13.582,14.261,14.94,15.619,derived_from_1x2,low,49.8,BAJA,poisson_lean,0.7582,Probabilidad condicionada a que no haya empate; empate void.
2026-06-13,Qatar,Switzerland,draw_no_bet,Switzerland,,0.9264,1.079,1.133,1.187,1.241,derived_from_1x2,low,49.8,BAJA,poisson_lean,0.7582,Probabilidad condicionada a que no haya empate; empate void.
2026-06-13,Qatar,Switzerland,h2h,Draw,,0.1646,6.075,6.379,6.683,6.987,ensemble_1x2,low,49.8,BAJA,poisson_lean,0.7582,No usar como apuesta core hasta recalibrar empates.
2026-06-13,Qatar,Switzerland,h2h,Qatar,,0.0615,16.26,17.073,17.886,18.699,ensemble_1x2,high,49.8,BAJA,poisson_lean,0.7582,
2026-06-13,Qatar,Switzerland,h2h,Switzerland,,0.7738,1.292,1.357,1.422,1.486,ensemble_1x2,low,49.8,BAJA,poisson_lean,0.7582,
2026-06-13,Qatar,Switzerland,team_goals,Qatar Over,0.5,0.4412,2.266,2.38,2.493,2.606,poisson_home_goals,derived,49.8,BAJA,poisson_lean,0.7582,
2026-06-13,Qatar,Switzerland,team_goals,Qatar Under,0.5,0.5588,1.79,1.879,1.969,2.058,poisson_home_goals,derived,49.8,BAJA,poisson_lean,0.7582,
2026-06-13,Qatar,Switzerland,team_goals,Switzerland Over,0.5,0.9227,1.084,1.138,1.192,1.246,poisson_away_goals,derived,49.8,BAJA,poisson_lean,0.7582,
2026-06-13,Qatar,Switzerland,team_goals,Switzerland Under,0.5,0.0773,12.936,13.583,14.229,14.876,poisson_away_goals,derived,49.8,BAJA,poisson_lean,0.7582,
2026-06-13,Qatar,Switzerland,team_goals,Qatar Over,1.5,0.116,8.62,9.051,9.482,9.913,poisson_home_goals,derived,49.8,BAJA,poisson_lean,0.7582,
2026-06-13,Qatar,Switzerland,team_goals,Qatar Under,1.5,0.884,1.131,1.188,1.244,1.301,poisson_home_goals,derived,49.8,BAJA,poisson_lean,0.7582,
2026-06-13,Qatar,Switzerland,team_goals,Switzerland Over,1.5,0.7248,1.38,1.449,1.518,1.587,poisson_away_goals,derived,49.8,BAJA,poisson_lean,0.7582,
2026-06-13,Qatar,Switzerland,team_goals,Switzerland Under,1.5,0.2752,3.634,3.815,3.997,4.179,poisson_away_goals,derived,49.8,BAJA,poisson_lean,0.7582,
2026-06-13,Qatar,Switzerland,team_goals,Qatar Over,2.5,0.0214,46.785,49.124,51.463,53.802,poisson_home_goals,derived,49.8,BAJA,poisson_lean,0.7582,
2026-06-13,Qatar,Switzerland,team_goals,Qatar Under,2.5,0.9786,1.022,1.073,1.124,1.175,poisson_home_goals,derived,49.8,BAJA,poisson_lean,0.7582,
2026-06-13,Qatar,Switzerland,team_goals,Switzerland Over,2.5,0.4715,2.121,2.227,2.333,2.439,poisson_away_goals,derived,49.8,BAJA,poisson_lean,0.7582,
2026-06-13,Qatar,Switzerland,team_goals,Switzerland Under,2.5,0.5285,1.892,1.987,2.081,2.176,poisson_away_goals,derived,49.8,BAJA,poisson_lean,0.7582,
2026-06-13,Qatar,Switzerland,total_corners,Over,8.5,0.6524,1.533,1.61,1.686,1.763,poisson_approx_from_expected_corners,low,49.8,BAJA,poisson_lean,0.7582,"Aproximacion: corners tienen sobredispersion; usar como radar, no como apuesta core."
2026-06-13,Qatar,Switzerland,total_corners,Under,8.5,0.3476,2.876,3.02,3.164,3.308,poisson_approx_from_expected_corners,low,49.8,BAJA,poisson_lean,0.7582,"Aproximacion: corners tienen sobredispersion; usar como radar, no como apuesta core."
2026-06-13,Qatar,Switzerland,total_corners,Over,9.5,0.5257,1.902,1.997,2.092,2.188,poisson_approx_from_expected_corners,low,49.8,BAJA,poisson_lean,0.7582,"Aproximacion: corners tienen sobredispersion; usar como radar, no como apuesta core."
2026-06-13,Qatar,Switzerland,total_corners,Under,9.5,0.4743,2.108,2.214,2.319,2.425,poisson_approx_from_expected_corners,low,49.8,BAJA,poisson_lean,0.7582,"Aproximacion: corners tienen sobredispersion; usar como radar, no como apuesta core."
2026-06-13,Qatar,Switzerland,total_corners,Over,10.5,0.4007,2.496,2.62,2.745,2.87,poisson_approx_from_expected_corners,low,49.8,BAJA,poisson_lean,0.7582,"Aproximacion: corners tienen sobredispersion; usar como radar, no como apuesta core."
2026-06-13,Qatar,Switzerland,total_corners,Under,10.5,0.5993,1.669,1.752,1.835,1.919,poisson_approx_from_expected_corners,low,49.8,BAJA,poisson_lean,0.7582,"Aproximacion: corners tienen sobredispersion; usar como radar, no como apuesta core."
2026-06-13,Qatar,Switzerland,total_goals,Over,1.5,0.8211,1.218,1.279,1.34,1.401,poisson_total_goals,low,49.8,BAJA,poisson_lean,0.7582,
2026-06-13,Qatar,Switzerland,total_goals,Under,1.5,0.1789,5.589,5.869,6.148,6.427,poisson_total_goals,low,49.8,BAJA,poisson_lean,0.7582,
2026-06-13,Qatar,Switzerland,total_goals,Over,2.5,0.5665,1.765,1.853,1.942,2.03,ensemble_over25,low,49.8,BAJA,poisson_lean,0.7582,
2026-06-13,Qatar,Switzerland,total_goals,Under,2.5,0.4335,2.307,2.422,2.537,2.653,ensemble_over25,low,49.8,BAJA,poisson_lean,0.7582,
2026-06-13,Qatar,Switzerland,total_goals,Over,3.5,0.3845,2.6,2.73,2.861,2.991,poisson_total_goals,low,49.8,BAJA,poisson_lean,0.7582,
2026-06-13,Qatar,Switzerland,total_goals,Under,3.5,0.6155,1.625,1.706,1.787,1.869,poisson_total_goals,low,49.8,BAJA,poisson_lean,0.7582,
2026-06-14,Germany,Curacao,btts,No,,0.5228,1.913,2.008,2.104,2.2,ensemble_btts,high,67.7,ALTA,poisson_lean,0.8,
2026-06-14,Germany,Curacao,btts,Yes,,0.4772,2.096,2.2,2.305,2.41,ensemble_btts,high,67.7,ALTA,poisson_lean,0.8,
2026-06-14,Germany,Curacao,clean_sheet,Curacao No,,0.9725,1.028,1.08,1.131,1.182,poisson_opponent_goals_zero,derived,67.7,ALTA,poisson_lean,0.8,
2026-06-14,Germany,Curacao,clean_sheet,Curacao Yes,,0.0275,36.416,38.236,40.057,41.878,poisson_opponent_goals_zero,derived,67.7,ALTA,poisson_lean,0.8,
2026-06-14,Germany,Curacao,clean_sheet,Germany No,,0.4924,2.031,2.133,2.234,2.336,poisson_opponent_goals_zero,derived,67.7,ALTA,poisson_lean,0.8,
2026-06-14,Germany,Curacao,clean_sheet,Germany Yes,,0.5076,1.97,2.068,2.167,2.265,poisson_opponent_goals_zero,derived,67.7,ALTA,poisson_lean,0.8,
2026-06-14,Germany,Curacao,double_chance,Curacao or Draw,,0.1095,9.132,9.589,10.046,10.502,derived_from_1x2,high,67.7,ALTA,poisson_lean,0.8,
2026-06-14,Germany,Curacao,double_chance,Germany or Curacao,,0.9256,1.08,1.134,1.188,1.242,derived_from_1x2,high,67.7,ALTA,poisson_lean,0.8,
2026-06-14,Germany,Curacao,double_chance,Germany or Draw,,0.9649,1.036,1.088,1.14,1.192,derived_from_1x2,high,67.7,ALTA,poisson_lean,0.8,
2026-06-14,Germany,Curacao,draw_no_bet,Curacao,,0.0379,26.37,27.689,29.007,30.326,derived_from_1x2,high,67.7,ALTA,poisson_lean,0.8,Probabilidad condicionada a que no haya empate; empate void.
2026-06-14,Germany,Curacao,draw_no_bet,Germany,,0.9621,1.039,1.091,1.143,1.195,derived_from_1x2,high,67.7,ALTA,poisson_lean,0.8,Probabilidad condicionada a que no haya empate; empate void.
2026-06-14,Germany,Curacao,h2h,Curacao,,0.0351,28.49,29.915,31.339,32.764,ensemble_1x2,high,67.7,ALTA,poisson_lean,0.8,
2026-06-14,Germany,Curacao,h2h,Draw,,0.0744,13.441,14.113,14.785,15.457,ensemble_1x2,high,67.7,ALTA,poisson_lean,0.8,No usar como apuesta core hasta recalibrar empates.
2026-06-14,Germany,Curacao,h2h,Germany,,0.8905,1.123,1.179,1.235,1.291,ensemble_1x2,high,67.7,ALTA,poisson_lean,0.8,
2026-06-14,Germany,Curacao,team_goals,Curacao Over,0.5,0.4924,2.031,2.133,2.234,2.336,poisson_away_goals,derived,67.7,ALTA,poisson_lean,0.8,
2026-06-14,Germany,Curacao,team_goals,Curacao Under,0.5,0.5076,1.97,2.068,2.167,2.265,poisson_away_goals,derived,67.7,ALTA,poisson_lean,0.8,
2026-06-14,Germany,Curacao,team_goals,Germany Over,0.5,0.9725,1.028,1.08,1.131,1.182,poisson_home_goals,derived,67.7,ALTA,poisson_lean,0.8,
2026-06-14,Germany,Curacao,team_goals,Germany Under,0.5,0.0275,36.416,38.236,40.057,41.878,poisson_home_goals,derived,67.7,ALTA,poisson_lean,0.8,
2026-06-14,Germany,Curacao,team_goals,Curacao Over,1.5,0.1482,6.748,7.085,7.423,7.76,poisson_away_goals,derived,67.7,ALTA,poisson_lean,0.8,
2026-06-14,Germany,Curacao,team_goals,Curacao Under,1.5,0.8518,1.174,1.233,1.291,1.35,poisson_away_goals,derived,67.7,ALTA,poisson_lean,0.8,
2026-06-14,Germany,Curacao,team_goals,Germany Over,1.5,0.8738,1.144,1.202,1.259,1.316,poisson_home_goals,derived,67.7,ALTA,poisson_lean,0.8,
2026-06-14,Germany,Curacao,team_goals,Germany Under,1.5,0.1262,7.925,8.321,8.718,9.114,poisson_home_goals,derived,67.7,ALTA,poisson_lean,0.8,
2026-06-14,Germany,Curacao,team_goals,Curacao Over,2.5,0.0315,31.726,33.312,34.899,36.485,poisson_away_goals,derived,67.7,ALTA,poisson_lean,0.8,
2026-06-14,Germany,Curacao,team_goals,Curacao Under,2.5,0.9685,1.033,1.084,1.136,1.187,poisson_away_goals,derived,67.7,ALTA,poisson_lean,0.8,
2026-06-14,Germany,Curacao,team_goals,Germany Over,2.5,0.6964,1.436,1.508,1.58,1.651,poisson_home_goals,derived,67.7,ALTA,poisson_lean,0.8,
2026-06-14,Germany,Curacao,team_goals,Germany Under,2.5,0.3036,3.293,3.458,3.623,3.787,poisson_home_goals,derived,67.7,ALTA,poisson_lean,0.8,
2026-06-14,Germany,Curacao,total_corners,Over,8.5,0.3698,2.704,2.839,2.974,3.11,poisson_approx_from_expected_corners,low,67.7,ALTA,poisson_lean,0.8,"Aproximacion: corners tienen sobredispersion; usar como radar, no como apuesta core."
2026-06-14,Germany,Curacao,total_corners,Under,8.5,0.6302,1.587,1.666,1.746,1.825,poisson_approx_from_expected_corners,low,67.7,ALTA,poisson_lean,0.8,"Aproximacion: corners tienen sobredispersion; usar como radar, no como apuesta core."
2026-06-14,Germany,Curacao,total_corners,Over,9.5,0.2505,3.992,4.192,4.391,4.591,poisson_approx_from_expected_corners,low,67.7,ALTA,poisson_lean,0.8,"Aproximacion: corners tienen sobredispersion; usar como radar, no como apuesta core."
2026-06-14,Germany,Curacao,total_corners,Under,9.5,0.7495,1.334,1.401,1.468,1.534,poisson_approx_from_expected_corners,low,67.7,ALTA,poisson_lean,0.8,"Aproximacion: corners tienen sobredispersion; usar como radar, no como apuesta core."
2026-06-14,Germany,Curacao,total_corners,Over,10.5,0.1582,6.319,6.635,6.951,7.267,poisson_approx_from_expected_corners,low,67.7,ALTA,poisson_lean,0.8,"Aproximacion: corners tienen sobredispersion; usar como radar, no como apuesta core."
2026-06-14,Germany,Curacao,total_corners,Under,10.5,0.8418,1.188,1.247,1.307,1.366,poisson_approx_from_expected_corners,low,67.7,ALTA,poisson_lean,0.8,"Aproximacion: corners tienen sobredispersion; usar como radar, no como apuesta core."
2026-06-14,Germany,Curacao,total_goals,Over,1.5,0.9265,1.079,1.133,1.187,1.241,poisson_total_goals,high,67.7,ALTA,poisson_lean,0.8,
2026-06-14,Germany,Curacao,total_goals,Under,1.5,0.0735,13.604,14.285,14.965,15.645,poisson_total_goals,high,67.7,ALTA,poisson_lean,0.8,
2026-06-14,Germany,Curacao,total_goals,Over,2.5,0.781,1.28,1.344,1.408,1.472,ensemble_over25,high,67.7,ALTA,poisson_lean,0.8,
2026-06-14,Germany,Curacao,total_goals,Under,2.5,0.219,4.566,4.795,5.023,5.251,ensemble_over25,high,67.7,ALTA,poisson_lean,0.8,
2026-06-14,Germany,Curacao,total_goals,Over,3.5,0.618,1.618,1.699,1.78,1.861,poisson_total_goals,high,67.7,ALTA,poisson_lean,0.8,
2026-06-14,Germany,Curacao,total_goals,Under,3.5,0.382,2.618,2.748,2.879,3.01,poisson_total_goals,high,67.7,ALTA,poisson_lean,0.8,
2026-06-14,Ivory Coast,Ecuador,btts,No,,0.5805,1.723,1.809,1.895,1.981,ensemble_btts,high,48.3,BAJA,xgb_lean,0.25,
2026-06-14,Ivory Coast,Ecuador,btts,Yes,,0.4195,2.384,2.503,2.622,2.741,ensemble_btts,high,48.3,BAJA,xgb_lean,0.25,
2026-06-14,Ivory Coast,Ecuador,clean_sheet,Ecuador No,,0.5819,1.719,1.804,1.89,1.976,poisson_opponent_goals_zero,derived,48.3,BAJA,xgb_lean,0.25,
2026-06-14,Ivory Coast,Ecuador,clean_sheet,Ecuador Yes,,0.4181,2.392,2.511,2.631,2.75,poisson_opponent_goals_zero,derived,48.3,BAJA,xgb_lean,0.25,
2026-06-14,Ivory Coast,Ecuador,clean_sheet,Ivory Coast No,,0.768,1.302,1.367,1.432,1.497,poisson_opponent_goals_zero,derived,48.3,BAJA,xgb_lean,0.25,
2026-06-14,Ivory Coast,Ecuador,clean_sheet,Ivory Coast Yes,,0.232,4.31,4.526,4.741,4.957,poisson_opponent_goals_zero,derived,48.3,BAJA,xgb_lean,0.25,
2026-06-14,Ivory Coast,Ecuador,double_chance,Ecuador or Draw,,0.8294,1.206,1.266,1.326,1.387,derived_from_1x2,low,48.3,BAJA,xgb_lean,0.25,
2026-06-14,Ivory Coast,Ecuador,double_chance,Ivory Coast or Draw,,0.4144,2.413,2.534,2.654,2.775,derived_from_1x2,medium,48.3,BAJA,xgb_lean,0.25,
2026-06-14,Ivory Coast,Ecuador,double_chance,Ivory Coast or Ecuador,,0.7562,1.322,1.389,1.455,1.521,derived_from_1x2,low,48.3,BAJA,xgb_lean,0.25,
2026-06-14,Ivory Coast,Ecuador,draw_no_bet,Ecuador,,0.7744,1.291,1.356,1.42,1.485,derived_from_1x2,low,48.3,BAJA,xgb_lean,0.25,Probabilidad condicionada a que no haya empate; empate void.
2026-06-14,Ivory Coast,Ecuador,draw_no_bet,Ivory Coast,,0.2256,4.433,4.654,4.876,5.097,derived_from_1x2,low,48.3,BAJA,xgb_lean,0.25,Probabilidad condicionada a que no haya empate; empate void.
2026-06-14,Ivory Coast,Ecuador,h2h,Draw,,0.2438,4.102,4.307,4.512,4.717,ensemble_1x2,high,48.3,BAJA,xgb_lean,0.25,No usar como apuesta core hasta recalibrar empates.
2026-06-14,Ivory Coast,Ecuador,h2h,Ecuador,,0.5856,1.708,1.793,1.878,1.964,ensemble_1x2,low,48.3,BAJA,xgb_lean,0.25,
2026-06-14,Ivory Coast,Ecuador,h2h,Ivory Coast,,0.1706,5.862,6.155,6.448,6.741,ensemble_1x2,medium,48.3,BAJA,xgb_lean,0.25,
2026-06-14,Ivory Coast,Ecuador,team_goals,Ecuador Over,0.5,0.768,1.302,1.367,1.432,1.497,poisson_away_goals,derived,48.3,BAJA,xgb_lean,0.25,
2026-06-14,Ivory Coast,Ecuador,team_goals,Ecuador Under,0.5,0.232,4.31,4.526,4.741,4.957,poisson_away_goals,derived,48.3,BAJA,xgb_lean,0.25,
2026-06-14,Ivory Coast,Ecuador,team_goals,Ivory Coast Over,0.5,0.5819,1.719,1.804,1.89,1.976,poisson_home_goals,derived,48.3,BAJA,xgb_lean,0.25,
2026-06-14,Ivory Coast,Ecuador,team_goals,Ivory Coast Under,0.5,0.4181,2.392,2.511,2.631,2.75,poisson_home_goals,derived,48.3,BAJA,xgb_lean,0.25,
2026-06-14,Ivory Coast,Ecuador,team_goals,Ecuador Over,1.5,0.429,2.331,2.447,2.564,2.68,poisson_away_goals,derived,48.3,BAJA,xgb_lean,0.25,
2026-06-14,Ivory Coast,Ecuador,team_goals,Ecuador Under,1.5,0.571,1.751,1.839,1.927,2.014,poisson_away_goals,derived,48.3,BAJA,xgb_lean,0.25,
2026-06-14,Ivory Coast,Ecuador,team_goals,Ivory Coast Over,1.5,0.2173,4.602,4.832,5.062,5.292,poisson_home_goals,derived,48.3,BAJA,xgb_lean,0.25,
2026-06-14,Ivory Coast,Ecuador,team_goals,Ivory Coast Under,1.5,0.7827,1.278,1.341,1.405,1.469,poisson_home_goals,derived,48.3,BAJA,xgb_lean,0.25,
2026-06-14,Ivory Coast,Ecuador,team_goals,Ecuador Over,2.5,0.1814,5.512,5.787,6.063,6.339,poisson_away_goals,derived,48.3,BAJA,xgb_lean,0.25,
2026-06-14,Ivory Coast,Ecuador,team_goals,Ecuador Under,2.5,0.8186,1.222,1.283,1.344,1.405,poisson_away_goals,derived,48.3,BAJA,xgb_lean,0.25,
2026-06-14,Ivory Coast,Ecuador,team_goals,Ivory Coast Over,2.5,0.0583,17.145,18.002,18.86,19.717,poisson_home_goals,derived,48.3,BAJA,xgb_lean,0.25,
2026-06-14,Ivory Coast,Ecuador,team_goals,Ivory Coast Under,2.5,0.9417,1.062,1.115,1.168,1.221,poisson_home_goals,derived,48.3,BAJA,xgb_lean,0.25,
2026-06-14,Ivory Coast,Ecuador,total_corners,Over,8.5,0.1785,5.602,5.882,6.162,6.442,poisson_approx_from_expected_corners,low,48.3,BAJA,xgb_lean,0.25,"Aproximacion: corners tienen sobredispersion; usar como radar, no como apuesta core."
2026-06-14,Ivory Coast,Ecuador,total_corners,Under,8.5,0.8215,1.217,1.278,1.339,1.4,poisson_approx_from_expected_corners,low,48.3,BAJA,xgb_lean,0.25,"Aproximacion: corners tienen sobredispersion; usar como radar, no como apuesta core."
2026-06-14,Ivory Coast,Ecuador,total_corners,Over,9.5,0.1014,9.859,10.351,10.844,11.337,poisson_approx_from_expected_corners,low,48.3,BAJA,xgb_lean,0.25,"Aproximacion: corners tienen sobredispersion; usar como radar, no como apuesta core."
2026-06-14,Ivory Coast,Ecuador,total_corners,Under,9.5,0.8986,1.113,1.169,1.224,1.28,poisson_approx_from_expected_corners,low,48.3,BAJA,xgb_lean,0.25,"Aproximacion: corners tienen sobredispersion; usar como radar, no como apuesta core."
2026-06-14,Ivory Coast,Ecuador,total_corners,Over,10.5,0.0533,18.747,19.684,20.622,21.559,poisson_approx_from_expected_corners,low,48.3,BAJA,xgb_lean,0.25,"Aproximacion: corners tienen sobredispersion; usar como radar, no como apuesta core."
2026-06-14,Ivory Coast,Ecuador,total_corners,Under,10.5,0.9467,1.056,1.109,1.162,1.215,poisson_approx_from_expected_corners,low,48.3,BAJA,xgb_lean,0.25,"Aproximacion: corners tienen sobredispersion; usar como radar, no como apuesta core."
2026-06-14,Ivory Coast,Ecuador,total_goals,Over,1.5,0.6767,1.478,1.552,1.626,1.699,poisson_total_goals,high,48.3,BAJA,xgb_lean,0.25,
2026-06-14,Ivory Coast,Ecuador,total_goals,Under,1.5,0.3233,3.093,3.248,3.402,3.557,poisson_total_goals,high,48.3,BAJA,xgb_lean,0.25,
2026-06-14,Ivory Coast,Ecuador,total_goals,Over,2.5,0.4257,2.349,2.467,2.584,2.701,ensemble_over25,high,48.3,BAJA,xgb_lean,0.25,
2026-06-14,Ivory Coast,Ecuador,total_goals,Under,2.5,0.5743,1.741,1.828,1.915,2.002,ensemble_over25,high,48.3,BAJA,xgb_lean,0.25,
2026-06-14,Ivory Coast,Ecuador,total_goals,Over,3.5,0.2074,4.822,5.063,5.304,5.545,poisson_total_goals,high,48.3,BAJA,xgb_lean,0.25,
2026-06-14,Ivory Coast,Ecuador,total_goals,Under,3.5,0.7926,1.262,1.325,1.388,1.451,poisson_total_goals,high,48.3,BAJA,xgb_lean,0.25,
2026-06-14,Netherlands,Japan,btts,No,,0.4879,2.05,2.152,2.255,2.357,ensemble_btts,high,93.0,MUY ALTA,xgb_lean,0.25,
2026-06-14,Netherlands,Japan,btts,Yes,,0.5121,1.953,2.05,2.148,2.246,ensemble_btts,high,93.0,MUY ALTA,xgb_lean,0.25,
2026-06-14,Netherlands,Japan,clean_sheet,Japan No,,0.7692,1.3,1.365,1.43,1.495,poisson_opponent_goals_zero,derived,93.0,MUY ALTA,xgb_lean,0.25,
2026-06-14,Netherlands,Japan,clean_sheet,Japan Yes,,0.2308,4.332,4.548,4.765,4.982,poisson_opponent_goals_zero,derived,93.0,MUY ALTA,xgb_lean,0.25,
2026-06-14,Netherlands,Japan,clean_sheet,Netherlands No,,0.684,1.462,1.535,1.608,1.681,poisson_opponent_goals_zero,derived,93.0,MUY ALTA,xgb_lean,0.25,
2026-06-14,Netherlands,Japan,clean_sheet,Netherlands Yes,,0.316,3.165,3.323,3.481,3.639,poisson_opponent_goals_zero,derived,93.0,MUY ALTA,xgb_lean,0.25,
2026-06-14,Netherlands,Japan,double_chance,Japan or Draw,,0.5602,1.785,1.874,1.964,2.053,derived_from_1x2,high,93.0,MUY ALTA,xgb_lean,0.25,
2026-06-14,Netherlands,Japan,double_chance,Netherlands or Draw,,0.6907,1.448,1.52,1.593,1.665,derived_from_1x2,high,93.0,MUY ALTA,xgb_lean,0.25,
2026-06-14,Netherlands,Japan,double_chance,Netherlands or Japan,,0.7491,1.335,1.402,1.468,1.535,derived_from_1x2,high,93.0,MUY ALTA,xgb_lean,0.25,
2026-06-14,Netherlands,Japan,draw_no_bet,Japan,,0.4129,2.422,2.543,2.664,2.785,derived_from_1x2,high,93.0,MUY ALTA,xgb_lean,0.25,Probabilidad condicionada a que no haya empate; empate void.
2026-06-14,Netherlands,Japan,draw_no_bet,Netherlands,,0.5871,1.703,1.788,1.874,1.959,derived_from_1x2,high,93.0,MUY ALTA,xgb_lean,0.25,Probabilidad condicionada a que no haya empate; empate void.
2026-06-14,Netherlands,Japan,h2h,Draw,,0.2509,3.986,4.185,4.384,4.583,ensemble_1x2,high,93.0,MUY ALTA,xgb_lean,0.25,No usar como apuesta core hasta recalibrar empates.
2026-06-14,Netherlands,Japan,h2h,Japan,,0.3093,3.233,3.395,3.556,3.718,ensemble_1x2,high,93.0,MUY ALTA,xgb_lean,0.25,
2026-06-14,Netherlands,Japan,h2h,Netherlands,,0.4398,2.274,2.387,2.501,2.615,ensemble_1x2,high,93.0,MUY ALTA,xgb_lean,0.25,
2026-06-14,Netherlands,Japan,team_goals,Japan Over,0.5,0.684,1.462,1.535,1.608,1.681,poisson_away_goals,derived,93.0,MUY ALTA,xgb_lean,0.25,
2026-06-14,Netherlands,Japan,team_goals,Japan Under,0.5,0.316,3.165,3.323,3.481,3.639,poisson_away_goals,derived,93.0,MUY ALTA,xgb_lean,0.25,
2026-06-14,Netherlands,Japan,team_goals,Netherlands Over,0.5,0.7692,1.3,1.365,1.43,1.495,poisson_home_goals,derived,93.0,MUY ALTA,xgb_lean,0.25,
2026-06-14,Netherlands,Japan,team_goals,Netherlands Under,0.5,0.2308,4.332,4.548,4.765,4.982,poisson_home_goals,derived,93.0,MUY ALTA,xgb_lean,0.25,
2026-06-14,Netherlands,Japan,team_goals,Japan Over,1.5,0.32,3.125,3.282,3.438,3.594,poisson_away_goals,derived,93.0,MUY ALTA,xgb_lean,0.25,
2026-06-14,Netherlands,Japan,team_goals,Japan Under,1.5,0.68,1.47,1.544,1.618,1.691,poisson_away_goals,derived,93.0,MUY ALTA,xgb_lean,0.25,
2026-06-14,Netherlands,Japan,team_goals,Netherlands Over,1.5,0.4307,2.322,2.438,2.554,2.67,poisson_home_goals,derived,93.0,MUY ALTA,xgb_lean,0.25,
2026-06-14,Netherlands,Japan,team_goals,Netherlands Under,1.5,0.5693,1.757,1.844,1.932,2.02,poisson_home_goals,derived,93.0,MUY ALTA,xgb_lean,0.25,
2026-06-14,Netherlands,Japan,team_goals,Japan Over,2.5,0.1103,9.068,9.522,9.975,10.429,poisson_away_goals,derived,93.0,MUY ALTA,xgb_lean,0.25,
2026-06-14,Netherlands,Japan,team_goals,Japan Under,2.5,0.8897,1.124,1.18,1.236,1.293,poisson_away_goals,derived,93.0,MUY ALTA,xgb_lean,0.25,
2026-06-14,Netherlands,Japan,team_goals,Netherlands Over,2.5,0.1827,5.474,5.748,6.022,6.296,poisson_home_goals,derived,93.0,MUY ALTA,xgb_lean,0.25,
2026-06-14,Netherlands,Japan,team_goals,Netherlands Under,2.5,0.8173,1.223,1.285,1.346,1.407,poisson_home_goals,derived,93.0,MUY ALTA,xgb_lean,0.25,
2026-06-14,Netherlands,Japan,total_corners,Over,8.5,0.2072,4.825,5.067,5.308,5.549,poisson_approx_from_expected_corners,low,93.0,MUY ALTA,xgb_lean,0.25,"Aproximacion: corners tienen sobredispersion; usar como radar, no como apuesta core."
2026-06-14,Netherlands,Japan,total_corners,Under,8.5,0.7928,1.261,1.324,1.388,1.451,poisson_approx_from_expected_corners,low,93.0,MUY ALTA,xgb_lean,0.25,"Aproximacion: corners tienen sobredispersion; usar como radar, no como apuesta core."
2026-06-14,Netherlands,Japan,total_corners,Over,9.5,0.1218,8.213,8.624,9.034,9.445,poisson_approx_from_expected_corners,low,93.0,MUY ALTA,xgb_lean,0.25,"Aproximacion: corners tienen sobredispersion; usar como radar, no como apuesta core."
2026-06-14,Netherlands,Japan,total_corners,Under,9.5,0.8782,1.139,1.196,1.253,1.309,poisson_approx_from_expected_corners,low,93.0,MUY ALTA,xgb_lean,0.25,"Aproximacion: corners tienen sobredispersion; usar como radar, no como apuesta core."
2026-06-14,Netherlands,Japan,total_corners,Over,10.5,0.0663,15.087,15.841,16.596,17.35,poisson_approx_from_expected_corners,low,93.0,MUY ALTA,xgb_lean,0.25,"Aproximacion: corners tienen sobredispersion; usar como radar, no como apuesta core."
2026-06-14,Netherlands,Japan,total_corners,Under,10.5,0.9337,1.071,1.125,1.178,1.232,poisson_approx_from_expected_corners,low,93.0,MUY ALTA,xgb_lean,0.25,"Aproximacion: corners tienen sobredispersion; usar como radar, no como apuesta core."
2026-06-14,Netherlands,Japan,total_goals,Over,1.5,0.7361,1.359,1.426,1.494,1.562,poisson_total_goals,high,93.0,MUY ALTA,xgb_lean,0.25,
2026-06-14,Netherlands,Japan,total_goals,Under,1.5,0.2639,3.789,3.978,4.168,4.357,poisson_total_goals,high,93.0,MUY ALTA,xgb_lean,0.25,
2026-06-14,Netherlands,Japan,total_goals,Over,2.5,0.4798,2.084,2.188,2.293,2.397,ensemble_over25,high,93.0,MUY ALTA,xgb_lean,0.25,
2026-06-14,Netherlands,Japan,total_goals,Under,2.5,0.5202,1.922,2.018,2.115,2.211,ensemble_over25,high,93.0,MUY ALTA,xgb_lean,0.25,
2026-06-14,Netherlands,Japan,total_goals,Over,3.5,0.2679,3.732,3.919,4.106,4.292,poisson_total_goals,high,93.0,MUY ALTA,xgb_lean,0.25,
2026-06-14,Netherlands,Japan,total_goals,Under,3.5,0.7321,1.366,1.434,1.503,1.571,poisson_total_goals,high,93.0,MUY ALTA,xgb_lean,0.25,
2026-06-14,Sweden,Tunisia,btts,No,,0.4782,2.091,2.196,2.3,2.405,ensemble_btts,high,59.5,MEDIA,xgb_lean,0.25,
2026-06-14,Sweden,Tunisia,btts,Yes,,0.5218,1.916,2.012,2.108,2.204,ensemble_btts,high,59.5,MEDIA,xgb_lean,0.25,
2026-06-14,Sweden,Tunisia,clean_sheet,Sweden No,,0.6799,1.471,1.544,1.618,1.692,poisson_opponent_goals_zero,derived,59.5,MEDIA,xgb_lean,0.25,
2026-06-14,Sweden,Tunisia,clean_sheet,Sweden Yes,,0.3201,3.124,3.28,3.436,3.592,poisson_opponent_goals_zero,derived,59.5,MEDIA,xgb_lean,0.25,
2026-06-14,Sweden,Tunisia,clean_sheet,Tunisia No,,0.7504,1.333,1.399,1.466,1.532,poisson_opponent_goals_zero,derived,59.5,MEDIA,xgb_lean,0.25,
2026-06-14,Sweden,Tunisia,clean_sheet,Tunisia Yes,,0.2496,4.007,4.207,4.408,4.608,poisson_opponent_goals_zero,derived,59.5,MEDIA,xgb_lean,0.25,
2026-06-14,Sweden,Tunisia,double_chance,Sweden or Draw,,0.6633,1.508,1.583,1.658,1.734,derived_from_1x2,medium,59.5,MEDIA,xgb_lean,0.25,
2026-06-14,Sweden,Tunisia,double_chance,Sweden or Tunisia,,0.7126,1.403,1.473,1.544,1.614,derived_from_1x2,medium,59.5,MEDIA,xgb_lean,0.25,
2026-06-14,Sweden,Tunisia,double_chance,Tunisia or Draw,,0.6241,1.602,1.682,1.763,1.843,derived_from_1x2,high,59.5,MEDIA,xgb_lean,0.25,
2026-06-14,Sweden,Tunisia,draw_no_bet,Sweden,,0.5275,1.896,1.991,2.085,2.18,derived_from_1x2,medium,59.5,MEDIA,xgb_lean,0.25,Probabilidad condicionada a que no haya empate; empate void.
2026-06-14,Sweden,Tunisia,draw_no_bet,Tunisia,,0.4725,2.116,2.222,2.328,2.434,derived_from_1x2,medium,59.5,MEDIA,xgb_lean,0.25,Probabilidad condicionada a que no haya empate; empate void.
2026-06-14,Sweden,Tunisia,h2h,Draw,,0.2874,3.479,3.653,3.827,4.001,ensemble_1x2,high,59.5,MEDIA,xgb_lean,0.25,No usar como apuesta core hasta recalibrar empates.
2026-06-14,Sweden,Tunisia,h2h,Sweden,,0.3759,2.66,2.793,2.926,3.059,ensemble_1x2,medium,59.5,MEDIA,xgb_lean,0.25,
2026-06-14,Sweden,Tunisia,h2h,Tunisia,,0.3367,2.97,3.119,3.267,3.416,ensemble_1x2,high,59.5,MEDIA,xgb_lean,0.25,
2026-06-14,Sweden,Tunisia,team_goals,Sweden Over,0.5,0.7504,1.333,1.399,1.466,1.532,poisson_home_goals,derived,59.5,MEDIA,xgb_lean,0.25,
2026-06-14,Sweden,Tunisia,team_goals,Sweden Under,0.5,0.2496,4.007,4.207,4.408,4.608,poisson_home_goals,derived,59.5,MEDIA,xgb_lean,0.25,
2026-06-14,Sweden,Tunisia,team_goals,Tunisia Over,0.5,0.6799,1.471,1.544,1.618,1.692,poisson_away_goals,derived,59.5,MEDIA,xgb_lean,0.25,
2026-06-14,Sweden,Tunisia,team_goals,Tunisia Under,0.5,0.3201,3.124,3.28,3.436,3.592,poisson_away_goals,derived,59.5,MEDIA,xgb_lean,0.25,
2026-06-14,Sweden,Tunisia,team_goals,Sweden Over,1.5,0.404,2.475,2.599,2.723,2.846,poisson_home_goals,derived,59.5,MEDIA,xgb_lean,0.25,
2026-06-14,Sweden,Tunisia,team_goals,Sweden Under,1.5,0.596,1.678,1.762,1.846,1.93,poisson_home_goals,derived,59.5,MEDIA,xgb_lean,0.25,
2026-06-14,Sweden,Tunisia,team_goals,Tunisia Over,1.5,0.3152,3.172,3.331,3.49,3.648,poisson_away_goals,derived,59.5,MEDIA,xgb_lean,0.25,
2026-06-14,Sweden,Tunisia,team_goals,Tunisia Under,1.5,0.6848,1.46,1.533,1.606,1.679,poisson_away_goals,derived,59.5,MEDIA,xgb_lean,0.25,
2026-06-14,Sweden,Tunisia,team_goals,Sweden Over,2.5,0.1636,6.112,6.418,6.723,7.029,poisson_home_goals,derived,59.5,MEDIA,xgb_lean,0.25,
2026-06-14,Sweden,Tunisia,team_goals,Sweden Under,2.5,0.8364,1.196,1.255,1.315,1.375,poisson_home_goals,derived,59.5,MEDIA,xgb_lean,0.25,
2026-06-14,Sweden,Tunisia,team_goals,Tunisia Over,2.5,0.1076,9.297,9.762,10.227,10.692,poisson_away_goals,derived,59.5,MEDIA,xgb_lean,0.25,
2026-06-14,Sweden,Tunisia,team_goals,Tunisia Under,2.5,0.8924,1.121,1.177,1.233,1.289,poisson_away_goals,derived,59.5,MEDIA,xgb_lean,0.25,
2026-06-14,Sweden,Tunisia,total_corners,Over,8.5,0.686,1.458,1.531,1.604,1.676,poisson_approx_from_expected_corners,low,59.5,MEDIA,xgb_lean,0.25,"Aproximacion: corners tienen sobredispersion; usar como radar, no como apuesta core."
2026-06-14,Sweden,Tunisia,total_corners,Under,8.5,0.314,3.185,3.344,3.503,3.662,poisson_approx_from_expected_corners,low,59.5,MEDIA,xgb_lean,0.25,"Aproximacion: corners tienen sobredispersion; usar como radar, no como apuesta core."
2026-06-14,Sweden,Tunisia,total_corners,Over,9.5,0.5632,1.776,1.865,1.953,2.042,poisson_approx_from_expected_corners,low,59.5,MEDIA,xgb_lean,0.25,"Aproximacion: corners tienen sobredispersion; usar como radar, no como apuesta core."
2026-06-14,Sweden,Tunisia,total_corners,Under,9.5,0.4368,2.289,2.404,2.518,2.632,poisson_approx_from_expected_corners,low,59.5,MEDIA,xgb_lean,0.25,"Aproximacion: corners tienen sobredispersion; usar como radar, no como apuesta core."
2026-06-14,Sweden,Tunisia,total_corners,Over,10.5,0.4382,2.282,2.396,2.51,2.624,poisson_approx_from_expected_corners,low,59.5,MEDIA,xgb_lean,0.25,"Aproximacion: corners tienen sobredispersion; usar como radar, no como apuesta core."
2026-06-14,Sweden,Tunisia,total_corners,Under,10.5,0.5618,1.78,1.869,1.958,2.047,poisson_approx_from_expected_corners,low,59.5,MEDIA,xgb_lean,0.25,"Aproximacion: corners tienen sobredispersion; usar como radar, no como apuesta core."
2026-06-14,Sweden,Tunisia,total_goals,Over,1.5,0.7182,1.392,1.462,1.532,1.601,poisson_total_goals,high,59.5,MEDIA,xgb_lean,0.25,
2026-06-14,Sweden,Tunisia,total_goals,Under,1.5,0.2818,3.549,3.726,3.903,4.081,poisson_total_goals,high,59.5,MEDIA,xgb_lean,0.25,
2026-06-14,Sweden,Tunisia,total_goals,Over,2.5,0.4683,2.135,2.242,2.349,2.456,ensemble_over25,high,59.5,MEDIA,xgb_lean,0.25,
2026-06-14,Sweden,Tunisia,total_goals,Under,2.5,0.5317,1.881,1.975,2.069,2.163,ensemble_over25,high,59.5,MEDIA,xgb_lean,0.25,
2026-06-14,Sweden,Tunisia,total_goals,Over,3.5,0.2482,4.029,4.23,4.432,4.633,poisson_total_goals,high,59.5,MEDIA,xgb_lean,0.25,
2026-06-14,Sweden,Tunisia,total_goals,Under,3.5,0.7518,1.33,1.397,1.463,1.53,poisson_total_goals,high,59.5,MEDIA,xgb_lean,0.25,
2026-06-15,Belgium,Egypt,btts,No,,0.5117,1.954,2.052,2.15,2.247,ensemble_btts,high,42.9,BAJA,xgb_lean,0.2724,
2026-06-15,Belgium,Egypt,btts,Yes,,0.4883,2.048,2.15,2.253,2.355,ensemble_btts,high,42.9,BAJA,xgb_lean,0.2724,
2026-06-15,Belgium,Egypt,clean_sheet,Belgium No,,0.5739,1.743,1.83,1.917,2.004,poisson_opponent_goals_zero,derived,42.9,BAJA,xgb_lean,0.2724,
2026-06-15,Belgium,Egypt,clean_sheet,Belgium Yes,,0.4261,2.347,2.464,2.581,2.699,poisson_opponent_goals_zero,derived,42.9,BAJA,xgb_lean,0.2724,
2026-06-15,Belgium,Egypt,clean_sheet,Egypt No,,0.825,1.212,1.273,1.333,1.394,poisson_opponent_goals_zero,derived,42.9,BAJA,xgb_lean,0.2724,
2026-06-15,Belgium,Egypt,clean_sheet,Egypt Yes,,0.175,5.714,6.0,6.286,6.572,poisson_opponent_goals_zero,derived,42.9,BAJA,xgb_lean,0.2724,
2026-06-15,Belgium,Egypt,double_chance,Belgium or Draw,,0.8805,1.136,1.193,1.249,1.306,derived_from_1x2,medium,42.9,BAJA,xgb_lean,0.2724,
2026-06-15,Belgium,Egypt,double_chance,Belgium or Egypt,,0.7623,1.312,1.377,1.443,1.509,derived_from_1x2,medium,42.9,BAJA,xgb_lean,0.2724,
2026-06-15,Belgium,Egypt,double_chance,Egypt or Draw,,0.3574,2.798,2.938,3.078,3.218,derived_from_1x2,medium,42.9,BAJA,xgb_lean,0.2724,
2026-06-15,Belgium,Egypt,draw_no_bet,Belgium,,0.8431,1.186,1.245,1.305,1.364,derived_from_1x2,medium,42.9,BAJA,xgb_lean,0.2724,Probabilidad condicionada a que no haya empate; empate void.
2026-06-15,Belgium,Egypt,draw_no_bet,Egypt,,0.1569,6.374,6.692,7.011,7.33,derived_from_1x2,medium,42.9,BAJA,xgb_lean,0.2724,Probabilidad condicionada a que no haya empate; empate void.
2026-06-15,Belgium,Egypt,h2h,Belgium,,0.6427,1.556,1.634,1.712,1.789,ensemble_1x2,medium,42.9,BAJA,xgb_lean,0.2724,
2026-06-15,Belgium,Egypt,h2h,Draw,,0.2378,4.205,4.415,4.626,4.836,ensemble_1x2,high,42.9,BAJA,xgb_lean,0.2724,No usar como apuesta core hasta recalibrar empates.
2026-06-15,Belgium,Egypt,h2h,Egypt,,0.1196,8.361,8.779,9.197,9.615,ensemble_1x2,medium,42.9,BAJA,xgb_lean,0.2724,
2026-06-15,Belgium,Egypt,team_goals,Belgium Over,0.5,0.825,1.212,1.273,1.333,1.394,poisson_home_goals,derived,42.9,BAJA,xgb_lean,0.2724,
2026-06-15,Belgium,Egypt,team_goals,Belgium Under,0.5,0.175,5.714,6.0,6.286,6.572,poisson_home_goals,derived,42.9,BAJA,xgb_lean,0.2724,
2026-06-15,Belgium,Egypt,team_goals,Egypt Over,0.5,0.5739,1.743,1.83,1.917,2.004,poisson_away_goals,derived,42.9,BAJA,xgb_lean,0.2724,
2026-06-15,Belgium,Egypt,team_goals,Egypt Under,0.5,0.4261,2.347,2.464,2.581,2.699,poisson_away_goals,derived,42.9,BAJA,xgb_lean,0.2724,
2026-06-15,Belgium,Egypt,team_goals,Belgium Over,1.5,0.52,1.923,2.019,2.115,2.212,poisson_home_goals,derived,42.9,BAJA,xgb_lean,0.2724,
2026-06-15,Belgium,Egypt,team_goals,Belgium Under,1.5,0.48,2.083,2.187,2.292,2.396,poisson_home_goals,derived,42.9,BAJA,xgb_lean,0.2724,
2026-06-15,Belgium,Egypt,team_goals,Egypt Over,1.5,0.2104,4.753,4.991,5.229,5.466,poisson_away_goals,derived,42.9,BAJA,xgb_lean,0.2724,
2026-06-15,Belgium,Egypt,team_goals,Egypt Under,1.5,0.7896,1.266,1.33,1.393,1.456,poisson_away_goals,derived,42.9,BAJA,xgb_lean,0.2724,
2026-06-15,Belgium,Egypt,team_goals,Belgium Over,2.5,0.2542,3.934,4.131,4.328,4.525,poisson_home_goals,derived,42.9,BAJA,xgb_lean,0.2724,
2026-06-15,Belgium,Egypt,team_goals,Belgium Under,2.5,0.7458,1.341,1.408,1.475,1.542,poisson_home_goals,derived,42.9,BAJA,xgb_lean,0.2724,
2026-06-15,Belgium,Egypt,team_goals,Egypt Over,2.5,0.0553,18.069,18.973,19.876,20.78,poisson_away_goals,derived,42.9,BAJA,xgb_lean,0.2724,
2026-06-15,Belgium,Egypt,team_goals,Egypt Under,2.5,0.9447,1.059,1.112,1.164,1.217,poisson_away_goals,derived,42.9,BAJA,xgb_lean,0.2724,
2026-06-15,Belgium,Egypt,total_corners,Over,8.5,0.338,2.958,3.106,3.254,3.402,poisson_approx_from_expected_corners,low,42.9,BAJA,xgb_lean,0.2724,"Aproximacion: corners tienen sobredispersion; usar como radar, no como apuesta core."
2026-06-15,Belgium,Egypt,total_corners,Under,8.5,0.662,1.511,1.586,1.662,1.737,poisson_approx_from_expected_corners,low,42.9,BAJA,xgb_lean,0.2724,"Aproximacion: corners tienen sobredispersion; usar como radar, no como apuesta core."
2026-06-15,Belgium,Egypt,total_corners,Over,9.5,0.2236,4.472,4.696,4.92,5.143,poisson_approx_from_expected_corners,low,42.9,BAJA,xgb_lean,0.2724,"Aproximacion: corners tienen sobredispersion; usar como radar, no como apuesta core."
2026-06-15,Belgium,Egypt,total_corners,Under,9.5,0.7764,1.288,1.352,1.417,1.481,poisson_approx_from_expected_corners,low,42.9,BAJA,xgb_lean,0.2724,"Aproximacion: corners tienen sobredispersion; usar como radar, no como apuesta core."
2026-06-15,Belgium,Egypt,total_corners,Over,10.5,0.1378,7.259,7.622,7.985,8.348,poisson_approx_from_expected_corners,low,42.9,BAJA,xgb_lean,0.2724,"Aproximacion: corners tienen sobredispersion; usar como radar, no como apuesta core."
2026-06-15,Belgium,Egypt,total_corners,Under,10.5,0.8622,1.16,1.218,1.276,1.334,poisson_approx_from_expected_corners,low,42.9,BAJA,xgb_lean,0.2724,"Aproximacion: corners tienen sobredispersion; usar como radar, no como apuesta core."
2026-06-15,Belgium,Egypt,total_goals,Over,1.5,0.7318,1.366,1.435,1.503,1.571,poisson_total_goals,medium,42.9,BAJA,xgb_lean,0.2724,
2026-06-15,Belgium,Egypt,total_goals,Under,1.5,0.2682,3.729,3.916,4.102,4.289,poisson_total_goals,medium,42.9,BAJA,xgb_lean,0.2724,
2026-06-15,Belgium,Egypt,total_goals,Over,2.5,0.5484,1.823,1.915,2.006,2.097,ensemble_over25,medium,42.9,BAJA,xgb_lean,0.2724,
2026-06-15,Belgium,Egypt,total_goals,Under,2.5,0.4516,2.214,2.325,2.436,2.547,ensemble_over25,medium,42.9,BAJA,xgb_lean,0.2724,
2026-06-15,Belgium,Egypt,total_goals,Over,3.5,0.2631,3.8,3.99,4.18,4.37,poisson_total_goals,medium,42.9,BAJA,xgb_lean,0.2724,
2026-06-15,Belgium,Egypt,total_goals,Under,3.5,0.7369,1.357,1.425,1.493,1.561,poisson_total_goals,medium,42.9,BAJA,xgb_lean,0.2724,
2026-06-15,Iran,New Zealand,btts,No,,0.5608,1.783,1.872,1.961,2.051,ensemble_btts,medium,59.6,MEDIA,xgb_lean,0.25,
2026-06-15,Iran,New Zealand,btts,Yes,,0.4392,2.277,2.391,2.505,2.618,ensemble_btts,medium,59.6,MEDIA,xgb_lean,0.25,
2026-06-15,Iran,New Zealand,clean_sheet,Iran No,,0.478,2.092,2.197,2.301,2.406,poisson_opponent_goals_zero,derived,59.6,MEDIA,xgb_lean,0.25,
2026-06-15,Iran,New Zealand,clean_sheet,Iran Yes,,0.522,1.916,2.011,2.107,2.203,poisson_opponent_goals_zero,derived,59.6,MEDIA,xgb_lean,0.25,
2026-06-15,Iran,New Zealand,clean_sheet,New Zealand No,,0.825,1.212,1.273,1.333,1.394,poisson_opponent_goals_zero,derived,59.6,MEDIA,xgb_lean,0.25,
2026-06-15,Iran,New Zealand,clean_sheet,New Zealand Yes,,0.175,5.714,6.0,6.286,6.572,poisson_opponent_goals_zero,derived,59.6,MEDIA,xgb_lean,0.25,
2026-06-15,Iran,New Zealand,double_chance,Iran or Draw,,0.8825,1.133,1.19,1.246,1.303,derived_from_1x2,high,59.6,MEDIA,xgb_lean,0.25,
2026-06-15,Iran,New Zealand,double_chance,Iran or New Zealand,,0.7521,1.33,1.396,1.463,1.529,derived_from_1x2,high,59.6,MEDIA,xgb_lean,0.25,
2026-06-15,Iran,New Zealand,double_chance,New Zealand or Draw,,0.3654,2.737,2.874,3.01,3.147,derived_from_1x2,high,59.6,MEDIA,xgb_lean,0.25,
2026-06-15,Iran,New Zealand,draw_no_bet,Iran,,0.8438,1.185,1.244,1.304,1.363,derived_from_1x2,high,59.6,MEDIA,xgb_lean,0.25,Probabilidad condicionada a que no haya empate; empate void.
2026-06-15,Iran,New Zealand,draw_no_bet,New Zealand,,0.1562,6.401,6.721,7.041,7.361,derived_from_1x2,high,59.6,MEDIA,xgb_lean,0.25,Probabilidad condicionada a que no haya empate; empate void.
2026-06-15,Iran,New Zealand,h2h,Draw,,0.2479,4.034,4.236,4.437,4.639,ensemble_1x2,high,59.6,MEDIA,xgb_lean,0.25,No usar como apuesta core hasta recalibrar empates.
2026-06-15,Iran,New Zealand,h2h,Iran,,0.6346,1.576,1.655,1.733,1.812,ensemble_1x2,high,59.6,MEDIA,xgb_lean,0.25,
2026-06-15,Iran,New Zealand,h2h,New Zealand,,0.1175,8.511,8.936,9.362,9.787,ensemble_1x2,high,59.6,MEDIA,xgb_lean,0.25,
2026-06-15,Iran,New Zealand,team_goals,Iran Over,0.5,0.825,1.212,1.273,1.333,1.394,poisson_home_goals,derived,59.6,MEDIA,xgb_lean,0.25,
2026-06-15,Iran,New Zealand,team_goals,Iran Under,0.5,0.175,5.714,6.0,6.286,6.572,poisson_home_goals,derived,59.6,MEDIA,xgb_lean,0.25,
2026-06-15,Iran,New Zealand,team_goals,New Zealand Over,0.5,0.478,2.092,2.197,2.301,2.406,poisson_away_goals,derived,59.6,MEDIA,xgb_lean,0.25,
2026-06-15,Iran,New Zealand,team_goals,New Zealand Under,0.5,0.522,1.916,2.011,2.107,2.203,poisson_away_goals,derived,59.6,MEDIA,xgb_lean,0.25,
2026-06-15,Iran,New Zealand,team_goals,Iran Over,1.5,0.52,1.923,2.019,2.115,2.212,poisson_home_goals,derived,59.6,MEDIA,xgb_lean,0.25,
2026-06-15,Iran,New Zealand,team_goals,Iran Under,1.5,0.48,2.083,2.187,2.292,2.396,poisson_home_goals,derived,59.6,MEDIA,xgb_lean,0.25,
2026-06-15,Iran,New Zealand,team_goals,New Zealand Over,1.5,0.1386,7.214,7.574,7.935,8.296,poisson_away_goals,derived,59.6,MEDIA,xgb_lean,0.25,
2026-06-15,Iran,New Zealand,team_goals,New Zealand Under,1.5,0.8614,1.161,1.219,1.277,1.335,poisson_away_goals,derived,59.6,MEDIA,xgb_lean,0.25,
2026-06-15,Iran,New Zealand,team_goals,Iran Over,2.5,0.2542,3.934,4.131,4.328,4.525,poisson_home_goals,derived,59.6,MEDIA,xgb_lean,0.25,
2026-06-15,Iran,New Zealand,team_goals,Iran Under,2.5,0.7458,1.341,1.408,1.475,1.542,poisson_home_goals,derived,59.6,MEDIA,xgb_lean,0.25,
2026-06-15,Iran,New Zealand,team_goals,New Zealand Over,2.5,0.0283,35.283,37.047,38.811,40.575,poisson_away_goals,derived,59.6,MEDIA,xgb_lean,0.25,
2026-06-15,Iran,New Zealand,team_goals,New Zealand Under,2.5,0.9717,1.029,1.081,1.132,1.184,poisson_away_goals,derived,59.6,MEDIA,xgb_lean,0.25,
2026-06-15,Iran,New Zealand,total_corners,Over,8.5,0.3504,2.854,2.996,3.139,3.282,poisson_approx_from_expected_corners,low,59.6,MEDIA,xgb_lean,0.25,"Aproximacion: corners tienen sobredispersion; usar como radar, no como apuesta core."
2026-06-15,Iran,New Zealand,total_corners,Under,8.5,0.6496,1.539,1.616,1.693,1.77,poisson_approx_from_expected_corners,low,59.6,MEDIA,xgb_lean,0.25,"Aproximacion: corners tienen sobredispersion; usar como radar, no como apuesta core."
2026-06-15,Iran,New Zealand,total_corners,Over,9.5,0.234,4.274,4.488,4.701,4.915,poisson_approx_from_expected_corners,low,59.6,MEDIA,xgb_lean,0.25,"Aproximacion: corners tienen sobredispersion; usar como radar, no como apuesta core."
2026-06-15,Iran,New Zealand,total_corners,Under,9.5,0.766,1.305,1.371,1.436,1.501,poisson_approx_from_expected_corners,low,59.6,MEDIA,xgb_lean,0.25,"Aproximacion: corners tienen sobredispersion; usar como radar, no como apuesta core."
2026-06-15,Iran,New Zealand,total_corners,Over,10.5,0.1456,6.868,7.211,7.555,7.898,poisson_approx_from_expected_corners,low,59.6,MEDIA,xgb_lean,0.25,"Aproximacion: corners tienen sobredispersion; usar como radar, no como apuesta core."
2026-06-15,Iran,New Zealand,total_corners,Under,10.5,0.8544,1.17,1.229,1.287,1.346,poisson_approx_from_expected_corners,low,59.6,MEDIA,xgb_lean,0.25,"Aproximacion: corners tienen sobredispersion; usar como radar, no como apuesta core."
2026-06-15,Iran,New Zealand,total_goals,Over,1.5,0.69,1.449,1.522,1.594,1.667,poisson_total_goals,high,59.6,MEDIA,xgb_lean,0.25,
2026-06-15,Iran,New Zealand,total_goals,Under,1.5,0.31,3.226,3.387,3.549,3.71,poisson_total_goals,high,59.6,MEDIA,xgb_lean,0.25,
2026-06-15,Iran,New Zealand,total_goals,Over,2.5,0.4582,2.182,2.292,2.401,2.51,ensemble_over25,high,59.6,MEDIA,xgb_lean,0.25,
2026-06-15,Iran,New Zealand,total_goals,Under,2.5,0.5418,1.846,1.938,2.03,2.123,ensemble_over25,high,59.6,MEDIA,xgb_lean,0.25,
2026-06-15,Iran,New Zealand,total_goals,Over,3.5,0.2198,4.549,4.777,5.004,5.232,poisson_total_goals,high,59.6,MEDIA,xgb_lean,0.25,
2026-06-15,Iran,New Zealand,total_goals,Under,3.5,0.7802,1.282,1.346,1.41,1.474,poisson_total_goals,high,59.6,MEDIA,xgb_lean,0.25,
2026-06-15,Saudi Arabia,Uruguay,btts,No,,0.5522,1.811,1.901,1.992,2.083,ensemble_btts,high,41.2,BAJA,poisson_lean,0.8,
2026-06-15,Saudi Arabia,Uruguay,btts,Yes,,0.4478,2.233,2.345,2.456,2.568,ensemble_btts,high,41.2,BAJA,poisson_lean,0.8,
2026-06-15,Saudi Arabia,Uruguay,clean_sheet,Saudi Arabia No,,0.8543,1.171,1.229,1.288,1.346,poisson_opponent_goals_zero,derived,41.2,BAJA,poisson_lean,0.8,
2026-06-15,Saudi Arabia,Uruguay,clean_sheet,Saudi Arabia Yes,,0.1457,6.862,7.205,7.548,7.891,poisson_opponent_goals_zero,derived,41.2,BAJA,poisson_lean,0.8,
2026-06-15,Saudi Arabia,Uruguay,clean_sheet,Uruguay No,,0.5295,1.889,1.983,2.077,2.172,poisson_opponent_goals_zero,derived,41.2,BAJA,poisson_lean,0.8,
2026-06-15,Saudi Arabia,Uruguay,clean_sheet,Uruguay Yes,,0.4705,2.125,2.232,2.338,2.444,poisson_opponent_goals_zero,derived,41.2,BAJA,poisson_lean,0.8,
2026-06-15,Saudi Arabia,Uruguay,double_chance,Saudi Arabia or Draw,,0.344,2.907,3.052,3.198,3.343,derived_from_1x2,high,41.2,BAJA,poisson_lean,0.8,
2026-06-15,Saudi Arabia,Uruguay,double_chance,Saudi Arabia or Uruguay,,0.7877,1.27,1.333,1.396,1.46,derived_from_1x2,high,41.2,BAJA,poisson_lean,0.8,
2026-06-15,Saudi Arabia,Uruguay,double_chance,Uruguay or Draw,,0.8683,1.152,1.209,1.267,1.324,derived_from_1x2,high,41.2,BAJA,poisson_lean,0.8,
2026-06-15,Saudi Arabia,Uruguay,draw_no_bet,Saudi Arabia,,0.1672,5.981,6.28,6.579,6.878,derived_from_1x2,high,41.2,BAJA,poisson_lean,0.8,Probabilidad condicionada a que no haya empate; empate void.
2026-06-15,Saudi Arabia,Uruguay,draw_no_bet,Uruguay,,0.8328,1.201,1.261,1.321,1.381,derived_from_1x2,high,41.2,BAJA,poisson_lean,0.8,Probabilidad condicionada a que no haya empate; empate void.
2026-06-15,Saudi Arabia,Uruguay,h2h,Draw,,0.2123,4.71,4.946,5.181,5.417,ensemble_1x2,high,41.2,BAJA,poisson_lean,0.8,No usar como apuesta core hasta recalibrar empates.
2026-06-15,Saudi Arabia,Uruguay,h2h,Saudi Arabia,,0.1317,7.593,7.973,8.352,8.732,ensemble_1x2,high,41.2,BAJA,poisson_lean,0.8,
2026-06-15,Saudi Arabia,Uruguay,h2h,Uruguay,,0.656,1.524,1.601,1.677,1.753,ensemble_1x2,high,41.2,BAJA,poisson_lean,0.8,
2026-06-15,Saudi Arabia,Uruguay,team_goals,Saudi Arabia Over,0.5,0.5295,1.889,1.983,2.077,2.172,poisson_home_goals,derived,41.2,BAJA,poisson_lean,0.8,
2026-06-15,Saudi Arabia,Uruguay,team_goals,Saudi Arabia Under,0.5,0.4705,2.125,2.232,2.338,2.444,poisson_home_goals,derived,41.2,BAJA,poisson_lean,0.8,
2026-06-15,Saudi Arabia,Uruguay,team_goals,Uruguay Over,0.5,0.8543,1.171,1.229,1.288,1.346,poisson_away_goals,derived,41.2,BAJA,poisson_lean,0.8,
2026-06-15,Saudi Arabia,Uruguay,team_goals,Uruguay Under,0.5,0.1457,6.862,7.205,7.548,7.891,poisson_away_goals,derived,41.2,BAJA,poisson_lean,0.8,
2026-06-15,Saudi Arabia,Uruguay,team_goals,Saudi Arabia Over,1.5,0.1748,5.722,6.008,6.294,6.58,poisson_home_goals,derived,41.2,BAJA,poisson_lean,0.8,
2026-06-15,Saudi Arabia,Uruguay,team_goals,Saudi Arabia Under,1.5,0.8252,1.212,1.272,1.333,1.394,poisson_home_goals,derived,41.2,BAJA,poisson_lean,0.8,
2026-06-15,Saudi Arabia,Uruguay,team_goals,Uruguay Over,1.5,0.5736,1.743,1.831,1.918,2.005,poisson_away_goals,derived,41.2,BAJA,poisson_lean,0.8,
2026-06-15,Saudi Arabia,Uruguay,team_goals,Uruguay Under,1.5,0.4264,2.345,2.462,2.58,2.697,poisson_away_goals,derived,41.2,BAJA,poisson_lean,0.8,
2026-06-15,Saudi Arabia,Uruguay,team_goals,Saudi Arabia Over,2.5,0.041,24.367,25.586,26.804,28.022,poisson_home_goals,derived,41.2,BAJA,poisson_lean,0.8,
2026-06-15,Saudi Arabia,Uruguay,team_goals,Saudi Arabia Under,2.5,0.959,1.043,1.095,1.147,1.199,poisson_home_goals,derived,41.2,BAJA,poisson_lean,0.8,
2026-06-15,Saudi Arabia,Uruguay,team_goals,Uruguay Over,2.5,0.3033,3.297,3.462,3.627,3.792,poisson_away_goals,derived,41.2,BAJA,poisson_lean,0.8,
2026-06-15,Saudi Arabia,Uruguay,team_goals,Uruguay Under,2.5,0.6967,1.435,1.507,1.579,1.651,poisson_away_goals,derived,41.2,BAJA,poisson_lean,0.8,
2026-06-15,Saudi Arabia,Uruguay,total_corners,Over,8.5,0.4659,2.147,2.254,2.361,2.469,poisson_approx_from_expected_corners,low,41.2,BAJA,poisson_lean,0.8,"Aproximacion: corners tienen sobredispersion; usar como radar, no como apuesta core."
2026-06-15,Saudi Arabia,Uruguay,total_corners,Under,8.5,0.5341,1.872,1.966,2.059,2.153,poisson_approx_from_expected_corners,low,41.2,BAJA,poisson_lean,0.8,"Aproximacion: corners tienen sobredispersion; usar como radar, no como apuesta core."
2026-06-15,Saudi Arabia,Uruguay,total_corners,Over,9.5,0.3367,2.97,3.119,3.267,3.416,poisson_approx_from_expected_corners,low,41.2,BAJA,poisson_lean,0.8,"Aproximacion: corners tienen sobredispersion; usar como radar, no como apuesta core."
2026-06-15,Saudi Arabia,Uruguay,total_corners,Under,9.5,0.6633,1.508,1.583,1.658,1.734,poisson_approx_from_expected_corners,low,41.2,BAJA,poisson_lean,0.8,"Aproximacion: corners tienen sobredispersion; usar como radar, no como apuesta core."
2026-06-15,Saudi Arabia,Uruguay,total_corners,Over,10.5,0.2279,4.388,4.608,4.827,5.047,poisson_approx_from_expected_corners,low,41.2,BAJA,poisson_lean,0.8,"Aproximacion: corners tienen sobredispersion; usar como radar, no como apuesta core."
2026-06-15,Saudi Arabia,Uruguay,total_corners,Under,10.5,0.7721,1.295,1.36,1.425,1.489,poisson_approx_from_expected_corners,low,41.2,BAJA,poisson_lean,0.8,"Aproximacion: corners tienen sobredispersion; usar como radar, no como apuesta core."
2026-06-15,Saudi Arabia,Uruguay,total_goals,Over,1.5,0.7477,1.337,1.404,1.471,1.538,poisson_total_goals,high,41.2,BAJA,poisson_lean,0.8,
2026-06-15,Saudi Arabia,Uruguay,total_goals,Under,1.5,0.2523,3.963,4.162,4.36,4.558,poisson_total_goals,high,41.2,BAJA,poisson_lean,0.8,
2026-06-15,Saudi Arabia,Uruguay,total_goals,Over,2.5,0.4926,2.03,2.132,2.233,2.335,ensemble_over25,high,41.2,BAJA,poisson_lean,0.8,
2026-06-15,Saudi Arabia,Uruguay,total_goals,Under,2.5,0.5074,1.971,2.069,2.168,2.266,ensemble_over25,high,41.2,BAJA,poisson_lean,0.8,
2026-06-15,Saudi Arabia,Uruguay,total_goals,Over,3.5,0.2815,3.552,3.73,3.908,4.085,poisson_total_goals,high,41.2,BAJA,poisson_lean,0.8,
2026-06-15,Saudi Arabia,Uruguay,total_goals,Under,3.5,0.7185,1.392,1.461,1.531,1.601,poisson_total_goals,high,41.2,BAJA,poisson_lean,0.8,
2026-06-15,Spain,Cape Verde,btts,No,,0.6087,1.643,1.725,1.807,1.889,ensemble_btts,high,43.0,BAJA,poisson_lean,0.8,
2026-06-15,Spain,Cape Verde,btts,Yes,,0.3913,2.556,2.683,2.811,2.939,ensemble_btts,high,43.0,BAJA,poisson_lean,0.8,
2026-06-15,Spain,Cape Verde,clean_sheet,Cape Verde No,,0.9781,1.022,1.074,1.125,1.176,poisson_opponent_goals_zero,derived,43.0,BAJA,poisson_lean,0.8,
2026-06-15,Spain,Cape Verde,clean_sheet,Cape Verde Yes,,0.0219,45.65,47.932,50.215,52.497,poisson_opponent_goals_zero,derived,43.0,BAJA,poisson_lean,0.8,
2026-06-15,Spain,Cape Verde,clean_sheet,Spain No,,0.3977,2.514,2.64,2.766,2.892,poisson_opponent_goals_zero,derived,43.0,BAJA,poisson_lean,0.8,
2026-06-15,Spain,Cape Verde,clean_sheet,Spain Yes,,0.6023,1.66,1.743,1.826,1.909,poisson_opponent_goals_zero,derived,43.0,BAJA,poisson_lean,0.8,
2026-06-15,Spain,Cape Verde,double_chance,Cape Verde or Draw,,0.079,12.658,13.291,13.924,14.557,derived_from_1x2,high,43.0,BAJA,poisson_lean,0.8,
2026-06-15,Spain,Cape Verde,double_chance,Spain or Cape Verde,,0.9411,1.063,1.116,1.169,1.222,derived_from_1x2,high,43.0,BAJA,poisson_lean,0.8,
2026-06-15,Spain,Cape Verde,double_chance,Spain or Draw,,0.9801,1.02,1.071,1.122,1.173,derived_from_1x2,high,43.0,BAJA,poisson_lean,0.8,
2026-06-15,Spain,Cape Verde,draw_no_bet,Cape Verde,,0.0213,47.055,49.408,51.761,54.113,derived_from_1x2,high,43.0,BAJA,poisson_lean,0.8,Probabilidad condicionada a que no haya empate; empate void.
2026-06-15,Spain,Cape Verde,draw_no_bet,Spain,,0.9787,1.022,1.073,1.124,1.175,derived_from_1x2,high,43.0,BAJA,poisson_lean,0.8,Probabilidad condicionada a que no haya empate; empate void.
2026-06-15,Spain,Cape Verde,h2h,Cape Verde,,0.02,50.0,52.5,55.0,57.5,ensemble_1x2,high,43.0,BAJA,poisson_lean,0.8,
2026-06-15,Spain,Cape Verde,h2h,Draw,,0.059,16.949,17.797,18.644,19.492,ensemble_1x2,high,43.0,BAJA,poisson_lean,0.8,No usar como apuesta core hasta recalibrar empates.
2026-06-15,Spain,Cape Verde,h2h,Spain,,0.9211,1.086,1.14,1.194,1.249,ensemble_1x2,high,43.0,BAJA,poisson_lean,0.8,
2026-06-15,Spain,Cape Verde,team_goals,Cape Verde Over,0.5,0.3977,2.514,2.64,2.766,2.892,poisson_away_goals,derived,43.0,BAJA,poisson_lean,0.8,
2026-06-15,Spain,Cape Verde,team_goals,Cape Verde Under,0.5,0.6023,1.66,1.743,1.826,1.909,poisson_away_goals,derived,43.0,BAJA,poisson_lean,0.8,
2026-06-15,Spain,Cape Verde,team_goals,Spain Over,0.5,0.9781,1.022,1.074,1.125,1.176,poisson_home_goals,derived,43.0,BAJA,poisson_lean,0.8,
2026-06-15,Spain,Cape Verde,team_goals,Spain Under,0.5,0.0219,45.65,47.932,50.215,52.497,poisson_home_goals,derived,43.0,BAJA,poisson_lean,0.8,
2026-06-15,Spain,Cape Verde,team_goals,Cape Verde Over,1.5,0.0923,10.83,11.372,11.913,12.455,poisson_away_goals,derived,43.0,BAJA,poisson_lean,0.8,
2026-06-15,Spain,Cape Verde,team_goals,Cape Verde Under,1.5,0.9077,1.102,1.157,1.212,1.267,poisson_away_goals,derived,43.0,BAJA,poisson_lean,0.8,
2026-06-15,Spain,Cape Verde,team_goals,Spain Over,1.5,0.8944,1.118,1.174,1.23,1.286,poisson_home_goals,derived,43.0,BAJA,poisson_lean,0.8,
2026-06-15,Spain,Cape Verde,team_goals,Spain Under,1.5,0.1056,9.469,9.942,10.416,10.889,poisson_home_goals,derived,43.0,BAJA,poisson_lean,0.8,
2026-06-15,Spain,Cape Verde,team_goals,Cape Verde Over,2.5,0.0149,67.006,70.357,73.707,77.057,poisson_away_goals,derived,43.0,BAJA,poisson_lean,0.8,
2026-06-15,Spain,Cape Verde,team_goals,Cape Verde Under,2.5,0.9851,1.015,1.066,1.117,1.167,poisson_away_goals,derived,43.0,BAJA,poisson_lean,0.8,
2026-06-15,Spain,Cape Verde,team_goals,Spain Over,2.5,0.7345,1.362,1.43,1.498,1.566,poisson_home_goals,derived,43.0,BAJA,poisson_lean,0.8,
2026-06-15,Spain,Cape Verde,team_goals,Spain Under,2.5,0.2655,3.766,3.954,4.143,4.331,poisson_home_goals,derived,43.0,BAJA,poisson_lean,0.8,
2026-06-15,Spain,Cape Verde,total_corners,Over,8.5,0.4075,2.454,2.577,2.7,2.822,poisson_approx_from_expected_corners,low,43.0,BAJA,poisson_lean,0.8,"Aproximacion: corners tienen sobredispersion; usar como radar, no como apuesta core."
2026-06-15,Spain,Cape Verde,total_corners,Under,8.5,0.5925,1.688,1.772,1.856,1.941,poisson_approx_from_expected_corners,low,43.0,BAJA,poisson_lean,0.8,"Aproximacion: corners tienen sobredispersion; usar como radar, no como apuesta core."
2026-06-15,Spain,Cape Verde,total_corners,Over,9.5,0.2834,3.529,3.705,3.882,4.058,poisson_approx_from_expected_corners,low,43.0,BAJA,poisson_lean,0.8,"Aproximacion: corners tienen sobredispersion; usar como radar, no como apuesta core."
2026-06-15,Spain,Cape Verde,total_corners,Under,9.5,0.7166,1.395,1.465,1.535,1.605,poisson_approx_from_expected_corners,low,43.0,BAJA,poisson_lean,0.8,"Aproximacion: corners tienen sobredispersion; usar como radar, no como apuesta core."
2026-06-15,Spain,Cape Verde,total_corners,Over,10.5,0.1841,5.431,5.703,5.975,6.246,poisson_approx_from_expected_corners,low,43.0,BAJA,poisson_lean,0.8,"Aproximacion: corners tienen sobredispersion; usar como radar, no como apuesta core."
2026-06-15,Spain,Cape Verde,total_corners,Under,10.5,0.8159,1.226,1.287,1.348,1.41,poisson_approx_from_expected_corners,low,43.0,BAJA,poisson_lean,0.8,"Aproximacion: corners tienen sobredispersion; usar como radar, no como apuesta core."
2026-06-15,Spain,Cape Verde,total_goals,Over,1.5,0.9297,1.076,1.129,1.183,1.237,poisson_total_goals,low,43.0,BAJA,poisson_lean,0.8,
2026-06-15,Spain,Cape Verde,total_goals,Under,1.5,0.0703,14.225,14.937,15.648,16.359,poisson_total_goals,low,43.0,BAJA,poisson_lean,0.8,
2026-06-15,Spain,Cape Verde,total_goals,Over,2.5,0.7587,1.318,1.384,1.45,1.516,ensemble_over25,low,43.0,BAJA,poisson_lean,0.8,
2026-06-15,Spain,Cape Verde,total_goals,Under,2.5,0.2413,4.144,4.351,4.559,4.766,ensemble_over25,low,43.0,BAJA,poisson_lean,0.8,
2026-06-15,Spain,Cape Verde,total_goals,Over,3.5,0.6279,1.593,1.672,1.752,1.832,poisson_total_goals,low,43.0,BAJA,poisson_lean,0.8,
2026-06-15,Spain,Cape Verde,total_goals,Under,3.5,0.3721,2.687,2.822,2.956,3.09,poisson_total_goals,low,43.0,BAJA,poisson_lean,0.8,
2026-06-16,Argentina,Algeria,btts,No,,0.5607,1.783,1.873,1.962,2.051,ensemble_btts,high,55.1,MEDIA,blend,0.3686,
2026-06-16,Argentina,Algeria,btts,Yes,,0.4393,2.276,2.39,2.504,2.618,ensemble_btts,high,55.1,MEDIA,blend,0.3686,
2026-06-16,Argentina,Algeria,clean_sheet,Algeria No,,0.8872,1.127,1.184,1.24,1.296,poisson_opponent_goals_zero,derived,55.1,MEDIA,blend,0.3686,
2026-06-16,Argentina,Algeria,clean_sheet,Algeria Yes,,0.1128,8.864,9.307,9.75,10.194,poisson_opponent_goals_zero,derived,55.1,MEDIA,blend,0.3686,
2026-06-16,Argentina,Algeria,clean_sheet,Argentina No,,0.5113,1.956,2.054,2.151,2.249,poisson_opponent_goals_zero,derived,55.1,MEDIA,blend,0.3686,
2026-06-16,Argentina,Algeria,clean_sheet,Argentina Yes,,0.4887,2.046,2.149,2.251,2.353,poisson_opponent_goals_zero,derived,55.1,MEDIA,blend,0.3686,
2026-06-16,Argentina,Algeria,double_chance,Algeria or Draw,,0.2801,3.57,3.749,3.927,4.106,derived_from_1x2,high,55.1,MEDIA,blend,0.3686,
2026-06-16,Argentina,Algeria,double_chance,Argentina or Algeria,,0.8086,1.237,1.299,1.36,1.422,derived_from_1x2,high,55.1,MEDIA,blend,0.3686,
2026-06-16,Argentina,Algeria,double_chance,Argentina or Draw,,0.9113,1.097,1.152,1.207,1.262,derived_from_1x2,high,55.1,MEDIA,blend,0.3686,
2026-06-16,Argentina,Algeria,draw_no_bet,Algeria,,0.1097,9.116,9.572,10.028,10.484,derived_from_1x2,high,55.1,MEDIA,blend,0.3686,Probabilidad condicionada a que no haya empate; empate void.
2026-06-16,Argentina,Algeria,draw_no_bet,Argentina,,0.8903,1.123,1.179,1.236,1.292,derived_from_1x2,high,55.1,MEDIA,blend,0.3686,Probabilidad condicionada a que no haya empate; empate void.
2026-06-16,Argentina,Algeria,h2h,Algeria,,0.0887,11.274,11.838,12.401,12.965,ensemble_1x2,high,55.1,MEDIA,blend,0.3686,
2026-06-16,Argentina,Algeria,h2h,Argentina,,0.7199,1.389,1.459,1.528,1.597,ensemble_1x2,high,55.1,MEDIA,blend,0.3686,
2026-06-16,Argentina,Algeria,h2h,Draw,,0.1914,5.225,5.486,5.747,6.008,ensemble_1x2,high,55.1,MEDIA,blend,0.3686,No usar como apuesta core hasta recalibrar empates.
2026-06-16,Argentina,Algeria,team_goals,Algeria Over,0.5,0.5113,1.956,2.054,2.151,2.249,poisson_away_goals,derived,55.1,MEDIA,blend,0.3686,
2026-06-16,Argentina,Algeria,team_goals,Algeria Under,0.5,0.4887,2.046,2.149,2.251,2.353,poisson_away_goals,derived,55.1,MEDIA,blend,0.3686,
2026-06-16,Argentina,Algeria,team_goals,Argentina Over,0.5,0.8872,1.127,1.184,1.24,1.296,poisson_home_goals,derived,55.1,MEDIA,blend,0.3686,
2026-06-16,Argentina,Algeria,team_goals,Argentina Under,0.5,0.1128,8.864,9.307,9.75,10.194,poisson_home_goals,derived,55.1,MEDIA,blend,0.3686,
2026-06-16,Argentina,Algeria,team_goals,Algeria Over,1.5,0.1614,6.196,6.506,6.816,7.126,poisson_away_goals,derived,55.1,MEDIA,blend,0.3686,
2026-06-16,Argentina,Algeria,team_goals,Algeria Under,1.5,0.8386,1.192,1.252,1.312,1.371,poisson_away_goals,derived,55.1,MEDIA,blend,0.3686,
2026-06-16,Argentina,Algeria,team_goals,Argentina Over,1.5,0.641,1.56,1.638,1.716,1.794,poisson_home_goals,derived,55.1,MEDIA,blend,0.3686,
2026-06-16,Argentina,Algeria,team_goals,Argentina Under,1.5,0.359,2.786,2.925,3.064,3.204,poisson_home_goals,derived,55.1,MEDIA,blend,0.3686,
2026-06-16,Argentina,Algeria,team_goals,Algeria Over,2.5,0.0361,27.688,29.072,30.457,31.841,poisson_away_goals,derived,55.1,MEDIA,blend,0.3686,
2026-06-16,Argentina,Algeria,team_goals,Algeria Under,2.5,0.9639,1.037,1.089,1.141,1.193,poisson_away_goals,derived,55.1,MEDIA,blend,0.3686,
2026-06-16,Argentina,Algeria,team_goals,Argentina Over,2.5,0.3725,2.685,2.819,2.953,3.088,poisson_home_goals,derived,55.1,MEDIA,blend,0.3686,
2026-06-16,Argentina,Algeria,team_goals,Argentina Under,2.5,0.6275,1.594,1.673,1.753,1.833,poisson_home_goals,derived,55.1,MEDIA,blend,0.3686,
2026-06-16,Argentina,Algeria,total_corners,Over,8.5,0.4659,2.147,2.254,2.361,2.469,poisson_approx_from_expected_corners,low,55.1,MEDIA,blend,0.3686,"Aproximacion: corners tienen sobredispersion; usar como radar, no como apuesta core."
2026-06-16,Argentina,Algeria,total_corners,Under,8.5,0.5341,1.872,1.966,2.059,2.153,poisson_approx_from_expected_corners,low,55.1,MEDIA,blend,0.3686,"Aproximacion: corners tienen sobredispersion; usar como radar, no como apuesta core."
2026-06-16,Argentina,Algeria,total_corners,Over,9.5,0.3367,2.97,3.119,3.267,3.416,poisson_approx_from_expected_corners,low,55.1,MEDIA,blend,0.3686,"Aproximacion: corners tienen sobredispersion; usar como radar, no como apuesta core."
2026-06-16,Argentina,Algeria,total_corners,Under,9.5,0.6633,1.508,1.583,1.658,1.734,poisson_approx_from_expected_corners,low,55.1,MEDIA,blend,0.3686,"Aproximacion: corners tienen sobredispersion; usar como radar, no como apuesta core."
2026-06-16,Argentina,Algeria,total_corners,Over,10.5,0.2279,4.388,4.608,4.827,5.047,poisson_approx_from_expected_corners,low,55.1,MEDIA,blend,0.3686,"Aproximacion: corners tienen sobredispersion; usar como radar, no como apuesta core."
2026-06-16,Argentina,Algeria,total_corners,Under,10.5,0.7721,1.295,1.36,1.425,1.489,poisson_approx_from_expected_corners,low,55.1,MEDIA,blend,0.3686,"Aproximacion: corners tienen sobredispersion; usar como radar, no como apuesta core."
2026-06-16,Argentina,Algeria,total_goals,Over,1.5,0.7851,1.274,1.337,1.401,1.465,poisson_total_goals,low,55.1,MEDIA,blend,0.3686,
2026-06-16,Argentina,Algeria,total_goals,Under,1.5,0.2149,4.653,4.886,5.118,5.351,poisson_total_goals,low,55.1,MEDIA,blend,0.3686,
2026-06-16,Argentina,Algeria,total_goals,Over,2.5,0.4576,2.185,2.295,2.404,2.513,ensemble_over25,low,55.1,MEDIA,blend,0.3686,
2026-06-16,Argentina,Algeria,total_goals,Under,2.5,0.5424,1.844,1.936,2.028,2.12,ensemble_over25,low,55.1,MEDIA,blend,0.3686,
2026-06-16,Argentina,Algeria,total_goals,Over,3.5,0.3299,3.031,3.183,3.334,3.486,poisson_total_goals,low,55.1,MEDIA,blend,0.3686,
2026-06-16,Argentina,Algeria,total_goals,Under,3.5,0.6701,1.492,1.567,1.642,1.716,poisson_total_goals,low,55.1,MEDIA,blend,0.3686,
2026-06-16,Austria,Jordan,btts,No,,0.5316,1.881,1.975,2.069,2.163,ensemble_btts,high,61.6,MEDIA,poisson_lean,0.8,
2026-06-16,Austria,Jordan,btts,Yes,,0.4684,2.135,2.242,2.348,2.455,ensemble_btts,high,61.6,MEDIA,poisson_lean,0.8,
2026-06-16,Austria,Jordan,clean_sheet,Austria No,,0.5687,1.758,1.846,1.934,2.022,poisson_opponent_goals_zero,derived,61.6,MEDIA,poisson_lean,0.8,
2026-06-16,Austria,Jordan,clean_sheet,Austria Yes,,0.4313,2.319,2.435,2.551,2.666,poisson_opponent_goals_zero,derived,61.6,MEDIA,poisson_lean,0.8,
2026-06-16,Austria,Jordan,clean_sheet,Jordan No,,0.8222,1.216,1.277,1.338,1.399,poisson_opponent_goals_zero,derived,61.6,MEDIA,poisson_lean,0.8,
2026-06-16,Austria,Jordan,clean_sheet,Jordan Yes,,0.1778,5.624,5.905,6.186,6.467,poisson_opponent_goals_zero,derived,61.6,MEDIA,poisson_lean,0.8,
2026-06-16,Austria,Jordan,double_chance,Austria or Draw,,0.8267,1.21,1.27,1.331,1.391,derived_from_1x2,medium,61.6,MEDIA,poisson_lean,0.8,
2026-06-16,Austria,Jordan,double_chance,Austria or Jordan,,0.7728,1.294,1.359,1.423,1.488,derived_from_1x2,medium,61.6,MEDIA,poisson_lean,0.8,
2026-06-16,Austria,Jordan,double_chance,Jordan or Draw,,0.4005,2.497,2.622,2.747,2.871,derived_from_1x2,high,61.6,MEDIA,poisson_lean,0.8,
2026-06-16,Austria,Jordan,draw_no_bet,Austria,,0.7758,1.289,1.354,1.418,1.482,derived_from_1x2,medium,61.6,MEDIA,poisson_lean,0.8,Probabilidad condicionada a que no haya empate; empate void.
2026-06-16,Austria,Jordan,draw_no_bet,Jordan,,0.2242,4.459,4.682,4.905,5.128,derived_from_1x2,medium,61.6,MEDIA,poisson_lean,0.8,Probabilidad condicionada a que no haya empate; empate void.
2026-06-16,Austria,Jordan,h2h,Austria,,0.5995,1.668,1.751,1.835,1.918,ensemble_1x2,medium,61.6,MEDIA,poisson_lean,0.8,
2026-06-16,Austria,Jordan,h2h,Draw,,0.2272,4.401,4.621,4.842,5.062,ensemble_1x2,high,61.6,MEDIA,poisson_lean,0.8,No usar como apuesta core hasta recalibrar empates.
2026-06-16,Austria,Jordan,h2h,Jordan,,0.1733,5.77,6.059,6.347,6.636,ensemble_1x2,high,61.6,MEDIA,poisson_lean,0.8,
2026-06-16,Austria,Jordan,team_goals,Austria Over,0.5,0.8222,1.216,1.277,1.338,1.399,poisson_home_goals,derived,61.6,MEDIA,poisson_lean,0.8,
2026-06-16,Austria,Jordan,team_goals,Austria Under,0.5,0.1778,5.624,5.905,6.186,6.467,poisson_home_goals,derived,61.6,MEDIA,poisson_lean,0.8,
2026-06-16,Austria,Jordan,team_goals,Jordan Over,0.5,0.5687,1.758,1.846,1.934,2.022,poisson_away_goals,derived,61.6,MEDIA,poisson_lean,0.8,
2026-06-16,Austria,Jordan,team_goals,Jordan Under,0.5,0.4313,2.319,2.435,2.551,2.666,poisson_away_goals,derived,61.6,MEDIA,poisson_lean,0.8,
2026-06-16,Austria,Jordan,team_goals,Austria Over,1.5,0.5151,1.941,2.038,2.136,2.233,poisson_home_goals,derived,61.6,MEDIA,poisson_lean,0.8,
2026-06-16,Austria,Jordan,team_goals,Austria Under,1.5,0.4849,2.062,2.165,2.268,2.372,poisson_home_goals,derived,61.6,MEDIA,poisson_lean,0.8,
2026-06-16,Austria,Jordan,team_goals,Jordan Over,1.5,0.206,4.854,5.097,5.339,5.582,poisson_away_goals,derived,61.6,MEDIA,poisson_lean,0.8,
2026-06-16,Austria,Jordan,team_goals,Jordan Under,1.5,0.794,1.259,1.322,1.385,1.448,poisson_away_goals,derived,61.6,MEDIA,poisson_lean,0.8,
2026-06-16,Austria,Jordan,team_goals,Austria Over,2.5,0.2499,4.001,4.201,4.401,4.601,poisson_home_goals,derived,61.6,MEDIA,poisson_lean,0.8,
2026-06-16,Austria,Jordan,team_goals,Austria Under,2.5,0.7501,1.333,1.4,1.467,1.533,poisson_home_goals,derived,61.6,MEDIA,poisson_lean,0.8,
2026-06-16,Austria,Jordan,team_goals,Jordan Over,2.5,0.0535,18.692,19.627,20.562,21.496,poisson_away_goals,derived,61.6,MEDIA,poisson_lean,0.8,
2026-06-16,Austria,Jordan,team_goals,Jordan Under,2.5,0.9465,1.057,1.109,1.162,1.215,poisson_away_goals,derived,61.6,MEDIA,poisson_lean,0.8,
2026-06-16,Austria,Jordan,total_corners,Over,8.5,0.173,5.781,6.07,6.359,6.648,poisson_approx_from_expected_corners,low,61.6,MEDIA,poisson_lean,0.8,"Aproximacion: corners tienen sobredispersion; usar como radar, no como apuesta core."
2026-06-16,Austria,Jordan,total_corners,Under,8.5,0.827,1.209,1.27,1.33,1.391,poisson_approx_from_expected_corners,low,61.6,MEDIA,poisson_lean,0.8,"Aproximacion: corners tienen sobredispersion; usar como radar, no como apuesta core."
2026-06-16,Austria,Jordan,total_corners,Over,9.5,0.0976,10.243,10.756,11.268,11.78,poisson_approx_from_expected_corners,low,61.6,MEDIA,poisson_lean,0.8,"Aproximacion: corners tienen sobredispersion; usar como radar, no como apuesta core."
2026-06-16,Austria,Jordan,total_corners,Under,9.5,0.9024,1.108,1.164,1.219,1.274,poisson_approx_from_expected_corners,low,61.6,MEDIA,poisson_lean,0.8,"Aproximacion: corners tienen sobredispersion; usar como radar, no como apuesta core."
2026-06-16,Austria,Jordan,total_corners,Over,10.5,0.051,19.618,20.599,21.58,22.561,poisson_approx_from_expected_corners,low,61.6,MEDIA,poisson_lean,0.8,"Aproximacion: corners tienen sobredispersion; usar como radar, no como apuesta core."
2026-06-16,Austria,Jordan,total_corners,Under,10.5,0.949,1.054,1.106,1.159,1.212,poisson_approx_from_expected_corners,low,61.6,MEDIA,poisson_lean,0.8,"Aproximacion: corners tienen sobredispersion; usar como radar, no como apuesta core."
2026-06-16,Austria,Jordan,total_goals,Over,1.5,0.7264,1.377,1.446,1.514,1.583,poisson_total_goals,high,61.6,MEDIA,poisson_lean,0.8,
2026-06-16,Austria,Jordan,total_goals,Under,1.5,0.2736,3.655,3.837,4.02,4.203,poisson_total_goals,high,61.6,MEDIA,poisson_lean,0.8,
2026-06-16,Austria,Jordan,total_goals,Over,2.5,0.4728,2.115,2.221,2.327,2.432,ensemble_over25,high,61.6,MEDIA,poisson_lean,0.8,
2026-06-16,Austria,Jordan,total_goals,Under,2.5,0.5272,1.897,1.992,2.086,2.181,ensemble_over25,high,61.6,MEDIA,poisson_lean,0.8,
2026-06-16,Austria,Jordan,total_goals,Over,3.5,0.2571,3.89,4.085,4.279,4.474,poisson_total_goals,high,61.6,MEDIA,poisson_lean,0.8,
2026-06-16,Austria,Jordan,total_goals,Under,3.5,0.7429,1.346,1.413,1.481,1.548,poisson_total_goals,high,61.6,MEDIA,poisson_lean,0.8,
2026-06-16,France,Senegal,btts,No,,0.5465,1.83,1.921,2.013,2.104,ensemble_btts,high,53.5,MEDIA,blend,0.4287,
2026-06-16,France,Senegal,btts,Yes,,0.4535,2.205,2.315,2.426,2.536,ensemble_btts,high,53.5,MEDIA,blend,0.4287,
2026-06-16,France,Senegal,clean_sheet,France No,,0.5238,1.909,2.004,2.1,2.195,poisson_opponent_goals_zero,derived,53.5,MEDIA,blend,0.4287,
2026-06-16,France,Senegal,clean_sheet,France Yes,,0.4762,2.1,2.205,2.31,2.415,poisson_opponent_goals_zero,derived,53.5,MEDIA,blend,0.4287,
2026-06-16,France,Senegal,clean_sheet,Senegal No,,0.8307,1.204,1.264,1.324,1.384,poisson_opponent_goals_zero,derived,53.5,MEDIA,blend,0.4287,
2026-06-16,France,Senegal,clean_sheet,Senegal Yes,,0.1693,5.906,6.201,6.497,6.792,poisson_opponent_goals_zero,derived,53.5,MEDIA,blend,0.4287,
2026-06-16,France,Senegal,double_chance,France or Draw,,0.8938,1.119,1.175,1.231,1.287,derived_from_1x2,low,53.5,MEDIA,blend,0.4287,
2026-06-16,France,Senegal,double_chance,France or Senegal,,0.7943,1.259,1.322,1.385,1.448,derived_from_1x2,low,53.5,MEDIA,blend,0.4287,
2026-06-16,France,Senegal,double_chance,Senegal or Draw,,0.3119,3.206,3.366,3.527,3.687,derived_from_1x2,medium,53.5,MEDIA,blend,0.4287,
2026-06-16,France,Senegal,draw_no_bet,France,,0.8663,1.154,1.212,1.27,1.327,derived_from_1x2,low,53.5,MEDIA,blend,0.4287,Probabilidad condicionada a que no haya empate; empate void.
2026-06-16,France,Senegal,draw_no_bet,Senegal,,0.1337,7.479,7.853,8.227,8.601,derived_from_1x2,low,53.5,MEDIA,blend,0.4287,Probabilidad condicionada a que no haya empate; empate void.
2026-06-16,France,Senegal,h2h,Draw,,0.2057,4.861,5.105,5.348,5.591,ensemble_1x2,high,53.5,MEDIA,blend,0.4287,No usar como apuesta core hasta recalibrar empates.
2026-06-16,France,Senegal,h2h,France,,0.6881,1.453,1.526,1.599,1.671,ensemble_1x2,low,53.5,MEDIA,blend,0.4287,
2026-06-16,France,Senegal,h2h,Senegal,,0.1062,9.416,9.887,10.358,10.829,ensemble_1x2,medium,53.5,MEDIA,blend,0.4287,
2026-06-16,France,Senegal,team_goals,France Over,0.5,0.8307,1.204,1.264,1.324,1.384,poisson_home_goals,derived,53.5,MEDIA,blend,0.4287,
2026-06-16,France,Senegal,team_goals,France Under,0.5,0.1693,5.906,6.201,6.497,6.792,poisson_home_goals,derived,53.5,MEDIA,blend,0.4287,
2026-06-16,France,Senegal,team_goals,Senegal Over,0.5,0.5238,1.909,2.004,2.1,2.195,poisson_away_goals,derived,53.5,MEDIA,blend,0.4287,
2026-06-16,France,Senegal,team_goals,Senegal Under,0.5,0.4762,2.1,2.205,2.31,2.415,poisson_away_goals,derived,53.5,MEDIA,blend,0.4287,
2026-06-16,France,Senegal,team_goals,France Over,1.5,0.53,1.887,1.981,2.076,2.17,poisson_home_goals,derived,53.5,MEDIA,blend,0.4287,
2026-06-16,France,Senegal,team_goals,France Under,1.5,0.47,2.128,2.234,2.34,2.447,poisson_home_goals,derived,53.5,MEDIA,blend,0.4287,
2026-06-16,France,Senegal,team_goals,Senegal Over,1.5,0.1705,5.864,6.157,6.451,6.744,poisson_away_goals,derived,53.5,MEDIA,blend,0.4287,
2026-06-16,France,Senegal,team_goals,Senegal Under,1.5,0.8295,1.206,1.266,1.326,1.386,poisson_away_goals,derived,53.5,MEDIA,blend,0.4287,
2026-06-16,France,Senegal,team_goals,France Over,2.5,0.263,3.803,3.993,4.183,4.373,poisson_home_goals,derived,53.5,MEDIA,blend,0.4287,
2026-06-16,France,Senegal,team_goals,France Under,2.5,0.737,1.357,1.425,1.492,1.56,poisson_home_goals,derived,53.5,MEDIA,blend,0.4287,
2026-06-16,France,Senegal,team_goals,Senegal Over,2.5,0.0394,25.349,26.616,27.884,29.151,poisson_away_goals,derived,53.5,MEDIA,blend,0.4287,
2026-06-16,France,Senegal,team_goals,Senegal Under,2.5,0.9606,1.041,1.093,1.145,1.197,poisson_away_goals,derived,53.5,MEDIA,blend,0.4287,
2026-06-16,France,Senegal,total_corners,Over,8.5,0.4824,2.073,2.177,2.28,2.384,poisson_approx_from_expected_corners,low,53.5,MEDIA,blend,0.4287,"Aproximacion: corners tienen sobredispersion; usar como radar, no como apuesta core."
2026-06-16,France,Senegal,total_corners,Under,8.5,0.5176,1.932,2.029,2.125,2.222,poisson_approx_from_expected_corners,low,53.5,MEDIA,blend,0.4287,"Aproximacion: corners tienen sobredispersion; usar como radar, no como apuesta core."
2026-06-16,France,Senegal,total_corners,Over,9.5,0.3522,2.839,2.981,3.123,3.265,poisson_approx_from_expected_corners,low,53.5,MEDIA,blend,0.4287,"Aproximacion: corners tienen sobredispersion; usar como radar, no como apuesta core."
2026-06-16,France,Senegal,total_corners,Under,9.5,0.6478,1.544,1.621,1.698,1.775,poisson_approx_from_expected_corners,low,53.5,MEDIA,blend,0.4287,"Aproximacion: corners tienen sobredispersion; usar como radar, no como apuesta core."
2026-06-16,France,Senegal,total_corners,Over,10.5,0.2411,4.148,4.356,4.563,4.77,poisson_approx_from_expected_corners,low,53.5,MEDIA,blend,0.4287,"Aproximacion: corners tienen sobredispersion; usar como radar, no como apuesta core."
2026-06-16,France,Senegal,total_corners,Under,10.5,0.7589,1.318,1.384,1.449,1.515,poisson_approx_from_expected_corners,low,53.5,MEDIA,blend,0.4287,"Aproximacion: corners tienen sobredispersion; usar como radar, no como apuesta core."
2026-06-16,France,Senegal,total_goals,Over,1.5,0.7164,1.396,1.466,1.536,1.605,poisson_total_goals,medium,53.5,MEDIA,blend,0.4287,
2026-06-16,France,Senegal,total_goals,Under,1.5,0.2836,3.526,3.702,3.878,4.055,poisson_total_goals,medium,53.5,MEDIA,blend,0.4287,
2026-06-16,France,Senegal,total_goals,Over,2.5,0.5151,1.941,2.038,2.136,2.233,ensemble_over25,medium,53.5,MEDIA,blend,0.4287,
2026-06-16,France,Senegal,total_goals,Under,2.5,0.4849,2.062,2.165,2.269,2.372,ensemble_over25,medium,53.5,MEDIA,blend,0.4287,
2026-06-16,France,Senegal,total_goals,Over,3.5,0.2463,4.06,4.263,4.466,4.67,poisson_total_goals,medium,53.5,MEDIA,blend,0.4287,
2026-06-16,France,Senegal,total_goals,Under,3.5,0.7537,1.327,1.393,1.459,1.526,poisson_total_goals,medium,53.5,MEDIA,blend,0.4287,
2026-06-16,Iraq,Norway,btts,No,,0.5694,1.756,1.844,1.932,2.02,ensemble_btts,medium,36.1,BAJA,blend,0.6311,
2026-06-16,Iraq,Norway,btts,Yes,,0.4306,2.322,2.438,2.555,2.671,ensemble_btts,medium,36.1,BAJA,blend,0.6311,
2026-06-16,Iraq,Norway,clean_sheet,Iraq No,,0.8659,1.155,1.213,1.27,1.328,poisson_opponent_goals_zero,derived,36.1,BAJA,blend,0.6311,
2026-06-16,Iraq,Norway,clean_sheet,Iraq Yes,,0.1341,7.456,7.829,8.201,8.574,poisson_opponent_goals_zero,derived,36.1,BAJA,blend,0.6311,
2026-06-16,Iraq,Norway,clean_sheet,Norway No,,0.5219,1.916,2.012,2.108,2.203,poisson_opponent_goals_zero,derived,36.1,BAJA,blend,0.6311,
2026-06-16,Iraq,Norway,clean_sheet,Norway Yes,,0.4781,2.092,2.196,2.301,2.406,poisson_opponent_goals_zero,derived,36.1,BAJA,blend,0.6311,
2026-06-16,Iraq,Norway,double_chance,Iraq or Draw,,0.3392,2.948,3.096,3.243,3.39,derived_from_1x2,high,36.1,BAJA,blend,0.6311,
2026-06-16,Iraq,Norway,double_chance,Iraq or Norway,,0.784,1.276,1.339,1.403,1.467,derived_from_1x2,high,36.1,BAJA,blend,0.6311,
2026-06-16,Iraq,Norway,double_chance,Norway or Draw,,0.8768,1.141,1.198,1.255,1.312,derived_from_1x2,high,36.1,BAJA,blend,0.6311,
2026-06-16,Iraq,Norway,draw_no_bet,Iraq,,0.1571,6.364,6.682,7.0,7.318,derived_from_1x2,high,36.1,BAJA,blend,0.6311,Probabilidad condicionada a que no haya empate; empate void.
2026-06-16,Iraq,Norway,draw_no_bet,Norway,,0.8429,1.186,1.246,1.305,1.364,derived_from_1x2,high,36.1,BAJA,blend,0.6311,Probabilidad condicionada a que no haya empate; empate void.
2026-06-16,Iraq,Norway,h2h,Draw,,0.216,4.63,4.861,5.093,5.324,ensemble_1x2,high,36.1,BAJA,blend,0.6311,No usar como apuesta core hasta recalibrar empates.
2026-06-16,Iraq,Norway,h2h,Iraq,,0.1232,8.117,8.523,8.929,9.334,ensemble_1x2,high,36.1,BAJA,blend,0.6311,
2026-06-16,Iraq,Norway,h2h,Norway,,0.6608,1.513,1.589,1.665,1.74,ensemble_1x2,high,36.1,BAJA,blend,0.6311,
2026-06-16,Iraq,Norway,team_goals,Iraq Over,0.5,0.5219,1.916,2.012,2.108,2.203,poisson_home_goals,derived,36.1,BAJA,blend,0.6311,
2026-06-16,Iraq,Norway,team_goals,Iraq Under,0.5,0.4781,2.092,2.196,2.301,2.406,poisson_home_goals,derived,36.1,BAJA,blend,0.6311,
2026-06-16,Iraq,Norway,team_goals,Norway Over,0.5,0.8659,1.155,1.213,1.27,1.328,poisson_away_goals,derived,36.1,BAJA,blend,0.6311,
2026-06-16,Iraq,Norway,team_goals,Norway Under,0.5,0.1341,7.456,7.829,8.201,8.574,poisson_away_goals,derived,36.1,BAJA,blend,0.6311,
2026-06-16,Iraq,Norway,team_goals,Iraq Over,1.5,0.1691,5.913,6.209,6.504,6.8,poisson_home_goals,derived,36.1,BAJA,blend,0.6311,
2026-06-16,Iraq,Norway,team_goals,Iraq Under,1.5,0.8309,1.204,1.264,1.324,1.384,poisson_home_goals,derived,36.1,BAJA,blend,0.6311,
2026-06-16,Iraq,Norway,team_goals,Norway Over,1.5,0.5964,1.677,1.76,1.844,1.928,poisson_away_goals,derived,36.1,BAJA,blend,0.6311,
2026-06-16,Iraq,Norway,team_goals,Norway Under,1.5,0.4036,2.478,2.602,2.726,2.85,poisson_away_goals,derived,36.1,BAJA,blend,0.6311,
2026-06-16,Iraq,Norway,team_goals,Iraq Over,2.5,0.0389,25.689,26.973,28.258,29.542,poisson_home_goals,derived,36.1,BAJA,blend,0.6311,
2026-06-16,Iraq,Norway,team_goals,Iraq Under,2.5,0.9611,1.041,1.093,1.145,1.197,poisson_home_goals,derived,36.1,BAJA,blend,0.6311,
2026-06-16,Iraq,Norway,team_goals,Norway Over,2.5,0.3258,3.07,3.223,3.377,3.53,poisson_away_goals,derived,36.1,BAJA,blend,0.6311,
2026-06-16,Iraq,Norway,team_goals,Norway Under,2.5,0.6742,1.483,1.557,1.631,1.706,poisson_away_goals,derived,36.1,BAJA,blend,0.6311,
2026-06-16,Iraq,Norway,total_corners,Over,8.5,0.573,1.745,1.833,1.92,2.007,poisson_approx_from_expected_corners,low,36.1,BAJA,blend,0.6311,"Aproximacion: corners tienen sobredispersion; usar como radar, no como apuesta core."
2026-06-16,Iraq,Norway,total_corners,Under,8.5,0.427,2.342,2.459,2.576,2.693,poisson_approx_from_expected_corners,low,36.1,BAJA,blend,0.6311,"Aproximacion: corners tienen sobredispersion; usar como radar, no como apuesta core."
2026-06-16,Iraq,Norway,total_corners,Over,9.5,0.4416,2.265,2.378,2.491,2.604,poisson_approx_from_expected_corners,low,36.1,BAJA,blend,0.6311,"Aproximacion: corners tienen sobredispersion; usar como radar, no como apuesta core."
2026-06-16,Iraq,Norway,total_corners,Under,9.5,0.5584,1.791,1.88,1.97,2.059,poisson_approx_from_expected_corners,low,36.1,BAJA,blend,0.6311,"Aproximacion: corners tienen sobredispersion; usar como radar, no como apuesta core."
2026-06-16,Iraq,Norway,total_corners,Over,10.5,0.3204,3.121,3.277,3.433,3.589,poisson_approx_from_expected_corners,low,36.1,BAJA,blend,0.6311,"Aproximacion: corners tienen sobredispersion; usar como radar, no como apuesta core."
2026-06-16,Iraq,Norway,total_corners,Under,10.5,0.6796,1.471,1.545,1.619,1.692,poisson_approx_from_expected_corners,low,36.1,BAJA,blend,0.6311,"Aproximacion: corners tienen sobredispersion; usar como radar, no como apuesta core."
2026-06-16,Iraq,Norway,total_goals,Over,1.5,0.7597,1.316,1.382,1.448,1.514,poisson_total_goals,low,36.1,BAJA,blend,0.6311,
2026-06-16,Iraq,Norway,total_goals,Under,1.5,0.2403,4.162,4.37,4.578,4.787,poisson_total_goals,low,36.1,BAJA,blend,0.6311,
2026-06-16,Iraq,Norway,total_goals,Over,2.5,0.4676,2.139,2.246,2.352,2.459,ensemble_over25,low,36.1,BAJA,blend,0.6311,
2026-06-16,Iraq,Norway,total_goals,Under,2.5,0.5324,1.878,1.972,2.066,2.16,ensemble_over25,low,36.1,BAJA,blend,0.6311,
2026-06-16,Iraq,Norway,total_goals,Over,3.5,0.2963,3.375,3.544,3.713,3.881,poisson_total_goals,low,36.1,BAJA,blend,0.6311,
2026-06-16,Iraq,Norway,total_goals,Under,3.5,0.7037,1.421,1.492,1.563,1.634,poisson_total_goals,low,36.1,BAJA,blend,0.6311,
2026-06-17,England,Croatia,btts,No,,0.4928,2.029,2.131,2.232,2.334,ensemble_btts,high,79.5,ALTA,xgb_lean,0.25,
2026-06-17,England,Croatia,btts,Yes,,0.5072,1.972,2.07,2.169,2.267,ensemble_btts,high,79.5,ALTA,xgb_lean,0.25,
2026-06-17,England,Croatia,clean_sheet,Croatia No,,0.8368,1.195,1.255,1.314,1.374,poisson_opponent_goals_zero,derived,79.5,ALTA,xgb_lean,0.25,
2026-06-17,England,Croatia,clean_sheet,Croatia Yes,,0.1632,6.129,6.435,6.742,7.048,poisson_opponent_goals_zero,derived,79.5,ALTA,xgb_lean,0.25,
2026-06-17,England,Croatia,clean_sheet,England No,,0.6321,1.582,1.661,1.74,1.819,poisson_opponent_goals_zero,derived,79.5,ALTA,xgb_lean,0.25,
2026-06-17,England,Croatia,clean_sheet,England Yes,,0.3679,2.718,2.854,2.99,3.126,poisson_opponent_goals_zero,derived,79.5,ALTA,xgb_lean,0.25,
2026-06-17,England,Croatia,double_chance,Croatia or Draw,,0.445,2.247,2.36,2.472,2.584,derived_from_1x2,high,79.5,ALTA,xgb_lean,0.25,
2026-06-17,England,Croatia,double_chance,England or Croatia,,0.7373,1.356,1.424,1.492,1.56,derived_from_1x2,high,79.5,ALTA,xgb_lean,0.25,
2026-06-17,England,Croatia,double_chance,England or Draw,,0.8177,1.223,1.284,1.345,1.406,derived_from_1x2,high,79.5,ALTA,xgb_lean,0.25,
2026-06-17,England,Croatia,draw_no_bet,Croatia,,0.2473,4.044,4.247,4.449,4.651,derived_from_1x2,high,79.5,ALTA,xgb_lean,0.25,Probabilidad condicionada a que no haya empate; empate void.
2026-06-17,England,Croatia,draw_no_bet,England,,0.7527,1.328,1.395,1.461,1.528,derived_from_1x2,high,79.5,ALTA,xgb_lean,0.25,Probabilidad condicionada a que no haya empate; empate void.
2026-06-17,England,Croatia,h2h,Croatia,,0.1823,5.485,5.76,6.034,6.308,ensemble_1x2,high,79.5,ALTA,xgb_lean,0.25,
2026-06-17,England,Croatia,h2h,Draw,,0.2627,3.807,3.997,4.187,4.378,ensemble_1x2,high,79.5,ALTA,xgb_lean,0.25,No usar como apuesta core hasta recalibrar empates.
2026-06-17,England,Croatia,h2h,England,,0.555,1.802,1.892,1.982,2.072,ensemble_1x2,high,79.5,ALTA,xgb_lean,0.25,
2026-06-17,England,Croatia,team_goals,Croatia Over,0.5,0.6321,1.582,1.661,1.74,1.819,poisson_away_goals,derived,79.5,ALTA,xgb_lean,0.25,
2026-06-17,England,Croatia,team_goals,Croatia Under,0.5,0.3679,2.718,2.854,2.99,3.126,poisson_away_goals,derived,79.5,ALTA,xgb_lean,0.25,
2026-06-17,England,Croatia,team_goals,England Over,0.5,0.8368,1.195,1.255,1.314,1.374,poisson_home_goals,derived,79.5,ALTA,xgb_lean,0.25,
2026-06-17,England,Croatia,team_goals,England Under,0.5,0.1632,6.129,6.435,6.742,7.048,poisson_home_goals,derived,79.5,ALTA,xgb_lean,0.25,
2026-06-17,England,Croatia,team_goals,Croatia Over,1.5,0.2642,3.784,3.974,4.163,4.352,poisson_away_goals,derived,79.5,ALTA,xgb_lean,0.25,
2026-06-17,England,Croatia,team_goals,Croatia Under,1.5,0.7358,1.359,1.427,1.495,1.563,poisson_away_goals,derived,79.5,ALTA,xgb_lean,0.25,
2026-06-17,England,Croatia,team_goals,England Over,1.5,0.541,1.848,1.941,2.033,2.126,poisson_home_goals,derived,79.5,ALTA,xgb_lean,0.25,
2026-06-17,England,Croatia,team_goals,England Under,1.5,0.459,2.179,2.288,2.397,2.506,poisson_home_goals,derived,79.5,ALTA,xgb_lean,0.25,
2026-06-17,England,Croatia,team_goals,Croatia Over,2.5,0.0803,12.453,13.076,13.698,14.321,poisson_away_goals,derived,79.5,ALTA,xgb_lean,0.25,
2026-06-17,England,Croatia,team_goals,Croatia Under,2.5,0.9197,1.087,1.142,1.196,1.25,poisson_away_goals,derived,79.5,ALTA,xgb_lean,0.25,
2026-06-17,England,Croatia,team_goals,England Over,2.5,0.2729,3.665,3.848,4.031,4.215,poisson_home_goals,derived,79.5,ALTA,xgb_lean,0.25,
2026-06-17,England,Croatia,team_goals,England Under,2.5,0.7271,1.375,1.444,1.513,1.582,poisson_home_goals,derived,79.5,ALTA,xgb_lean,0.25,
2026-06-17,England,Croatia,total_corners,Over,8.5,0.5204,1.922,2.018,2.114,2.21,poisson_approx_from_expected_corners,low,79.5,ALTA,xgb_lean,0.25,"Aproximacion: corners tienen sobredispersion; usar como radar, no como apuesta core."
2026-06-17,England,Croatia,total_corners,Under,8.5,0.4796,2.085,2.189,2.294,2.398,poisson_approx_from_expected_corners,low,79.5,ALTA,xgb_lean,0.25,"Aproximacion: corners tienen sobredispersion; usar como radar, no como apuesta core."
2026-06-17,England,Croatia,total_corners,Over,9.5,0.3889,2.571,2.7,2.829,2.957,poisson_approx_from_expected_corners,low,79.5,ALTA,xgb_lean,0.25,"Aproximacion: corners tienen sobredispersion; usar como radar, no como apuesta core."
2026-06-17,England,Croatia,total_corners,Under,9.5,0.6111,1.636,1.718,1.8,1.882,poisson_approx_from_expected_corners,low,79.5,ALTA,xgb_lean,0.25,"Aproximacion: corners tienen sobredispersion; usar como radar, no como apuesta core."
2026-06-17,England,Croatia,total_corners,Over,10.5,0.2729,3.664,3.848,4.031,4.214,poisson_approx_from_expected_corners,low,79.5,ALTA,xgb_lean,0.25,"Aproximacion: corners tienen sobredispersion; usar como radar, no como apuesta core."
2026-06-17,England,Croatia,total_corners,Under,10.5,0.7271,1.375,1.444,1.513,1.582,poisson_approx_from_expected_corners,low,79.5,ALTA,xgb_lean,0.25,"Aproximacion: corners tienen sobredispersion; usar como radar, no como apuesta core."
2026-06-17,England,Croatia,total_goals,Over,1.5,0.7711,1.297,1.362,1.426,1.491,poisson_total_goals,high,79.5,ALTA,xgb_lean,0.25,
2026-06-17,England,Croatia,total_goals,Under,1.5,0.2289,4.369,4.588,4.806,5.025,poisson_total_goals,high,79.5,ALTA,xgb_lean,0.25,
2026-06-17,England,Croatia,total_goals,Over,2.5,0.5236,1.91,2.005,2.101,2.196,ensemble_over25,high,79.5,ALTA,xgb_lean,0.25,
2026-06-17,England,Croatia,total_goals,Under,2.5,0.4764,2.099,2.204,2.309,2.414,ensemble_over25,high,79.5,ALTA,xgb_lean,0.25,
2026-06-17,England,Croatia,total_goals,Over,3.5,0.311,3.216,3.377,3.537,3.698,poisson_total_goals,high,79.5,ALTA,xgb_lean,0.25,
2026-06-17,England,Croatia,total_goals,Under,3.5,0.689,1.451,1.524,1.596,1.669,poisson_total_goals,high,79.5,ALTA,xgb_lean,0.25,
2026-06-17,Ghana,Panama,btts,No,,0.5073,1.971,2.07,2.168,2.267,ensemble_btts,high,62.1,MEDIA,xgb_lean,0.25,
2026-06-17,Ghana,Panama,btts,Yes,,0.4927,2.03,2.131,2.233,2.334,ensemble_btts,high,62.1,MEDIA,xgb_lean,0.25,
2026-06-17,Ghana,Panama,clean_sheet,Ghana No,,0.7339,1.363,1.431,1.499,1.567,poisson_opponent_goals_zero,derived,62.1,MEDIA,xgb_lean,0.25,
2026-06-17,Ghana,Panama,clean_sheet,Ghana Yes,,0.2661,3.758,3.946,4.134,4.322,poisson_opponent_goals_zero,derived,62.1,MEDIA,xgb_lean,0.25,
2026-06-17,Ghana,Panama,clean_sheet,Panama No,,0.6518,1.534,1.611,1.688,1.764,poisson_opponent_goals_zero,derived,62.1,MEDIA,xgb_lean,0.25,
2026-06-17,Ghana,Panama,clean_sheet,Panama Yes,,0.3482,2.872,3.016,3.159,3.303,poisson_opponent_goals_zero,derived,62.1,MEDIA,xgb_lean,0.25,
2026-06-17,Ghana,Panama,double_chance,Ghana or Draw,,0.5997,1.668,1.751,1.834,1.918,derived_from_1x2,high,62.1,MEDIA,xgb_lean,0.25,
2026-06-17,Ghana,Panama,double_chance,Ghana or Panama,,0.7008,1.427,1.498,1.57,1.641,derived_from_1x2,high,62.1,MEDIA,xgb_lean,0.25,
2026-06-17,Ghana,Panama,double_chance,Panama or Draw,,0.6995,1.43,1.501,1.573,1.644,derived_from_1x2,high,62.1,MEDIA,xgb_lean,0.25,
2026-06-17,Ghana,Panama,draw_no_bet,Ghana,,0.4288,2.332,2.449,2.565,2.682,derived_from_1x2,high,62.1,MEDIA,xgb_lean,0.25,Probabilidad condicionada a que no haya empate; empate void.
2026-06-17,Ghana,Panama,draw_no_bet,Panama,,0.5712,1.751,1.838,1.926,2.013,derived_from_1x2,high,62.1,MEDIA,xgb_lean,0.25,Probabilidad condicionada a que no haya empate; empate void.
2026-06-17,Ghana,Panama,h2h,Draw,,0.2992,3.342,3.509,3.676,3.844,ensemble_1x2,high,62.1,MEDIA,xgb_lean,0.25,No usar como apuesta core hasta recalibrar empates.
2026-06-17,Ghana,Panama,h2h,Ghana,,0.3005,3.328,3.494,3.661,3.827,ensemble_1x2,high,62.1,MEDIA,xgb_lean,0.25,
2026-06-17,Ghana,Panama,h2h,Panama,,0.4003,2.498,2.623,2.748,2.873,ensemble_1x2,high,62.1,MEDIA,xgb_lean,0.25,
2026-06-17,Ghana,Panama,team_goals,Ghana Over,0.5,0.6518,1.534,1.611,1.688,1.764,poisson_home_goals,derived,62.1,MEDIA,xgb_lean,0.25,
2026-06-17,Ghana,Panama,team_goals,Ghana Under,0.5,0.3482,2.872,3.016,3.159,3.303,poisson_home_goals,derived,62.1,MEDIA,xgb_lean,0.25,
2026-06-17,Ghana,Panama,team_goals,Panama Over,0.5,0.7339,1.363,1.431,1.499,1.567,poisson_away_goals,derived,62.1,MEDIA,xgb_lean,0.25,
2026-06-17,Ghana,Panama,team_goals,Panama Under,0.5,0.2661,3.758,3.946,4.134,4.322,poisson_away_goals,derived,62.1,MEDIA,xgb_lean,0.25,
2026-06-17,Ghana,Panama,team_goals,Ghana Over,1.5,0.2845,3.515,3.691,3.867,4.043,poisson_home_goals,derived,62.1,MEDIA,xgb_lean,0.25,
2026-06-17,Ghana,Panama,team_goals,Ghana Under,1.5,0.7155,1.398,1.467,1.537,1.607,poisson_home_goals,derived,62.1,MEDIA,xgb_lean,0.25,
2026-06-17,Ghana,Panama,team_goals,Panama Over,1.5,0.3817,2.62,2.751,2.882,3.013,poisson_away_goals,derived,62.1,MEDIA,xgb_lean,0.25,
2026-06-17,Ghana,Panama,team_goals,Panama Under,1.5,0.6183,1.617,1.698,1.779,1.86,poisson_away_goals,derived,62.1,MEDIA,xgb_lean,0.25,
2026-06-17,Ghana,Panama,team_goals,Ghana Over,2.5,0.0907,11.026,11.578,12.129,12.68,poisson_home_goals,derived,62.1,MEDIA,xgb_lean,0.25,
2026-06-17,Ghana,Panama,team_goals,Ghana Under,2.5,0.9093,1.1,1.155,1.21,1.265,poisson_home_goals,derived,62.1,MEDIA,xgb_lean,0.25,
2026-06-17,Ghana,Panama,team_goals,Panama Over,2.5,0.1484,6.736,7.073,7.41,7.747,poisson_away_goals,derived,62.1,MEDIA,xgb_lean,0.25,
2026-06-17,Ghana,Panama,team_goals,Panama Under,2.5,0.8516,1.174,1.233,1.292,1.35,poisson_away_goals,derived,62.1,MEDIA,xgb_lean,0.25,
2026-06-17,Ghana,Panama,total_corners,Over,8.5,0.3907,2.559,2.687,2.815,2.943,poisson_approx_from_expected_corners,low,62.1,MEDIA,xgb_lean,0.25,"Aproximacion: corners tienen sobredispersion; usar como radar, no como apuesta core."
2026-06-17,Ghana,Panama,total_corners,Under,8.5,0.6093,1.641,1.723,1.805,1.887,poisson_approx_from_expected_corners,low,62.1,MEDIA,xgb_lean,0.25,"Aproximacion: corners tienen sobredispersion; usar como radar, no como apuesta core."
2026-06-17,Ghana,Panama,total_corners,Over,9.5,0.2686,3.723,3.909,4.095,4.281,poisson_approx_from_expected_corners,low,62.1,MEDIA,xgb_lean,0.25,"Aproximacion: corners tienen sobredispersion; usar como radar, no como apuesta core."
2026-06-17,Ghana,Panama,total_corners,Under,9.5,0.7314,1.367,1.436,1.504,1.572,poisson_approx_from_expected_corners,low,62.1,MEDIA,xgb_lean,0.25,"Aproximacion: corners tienen sobredispersion; usar como radar, no como apuesta core."
2026-06-17,Ghana,Panama,total_corners,Over,10.5,0.1724,5.801,6.091,6.381,6.671,poisson_approx_from_expected_corners,low,62.1,MEDIA,xgb_lean,0.25,"Aproximacion: corners tienen sobredispersion; usar como radar, no como apuesta core."
2026-06-17,Ghana,Panama,total_corners,Under,10.5,0.8276,1.208,1.269,1.329,1.39,poisson_approx_from_expected_corners,low,62.1,MEDIA,xgb_lean,0.25,"Aproximacion: corners tienen sobredispersion; usar como radar, no como apuesta core."
2026-06-17,Ghana,Panama,total_goals,Over,1.5,0.687,1.456,1.528,1.601,1.674,poisson_total_goals,high,62.1,MEDIA,xgb_lean,0.25,
2026-06-17,Ghana,Panama,total_goals,Under,1.5,0.313,3.194,3.354,3.514,3.674,poisson_total_goals,high,62.1,MEDIA,xgb_lean,0.25,
2026-06-17,Ghana,Panama,total_goals,Over,2.5,0.4557,2.194,2.304,2.414,2.524,ensemble_over25,high,62.1,MEDIA,xgb_lean,0.25,
2026-06-17,Ghana,Panama,total_goals,Under,2.5,0.5443,1.837,1.929,2.021,2.113,ensemble_over25,high,62.1,MEDIA,xgb_lean,0.25,
2026-06-17,Ghana,Panama,total_goals,Over,3.5,0.2169,4.61,4.841,5.071,5.302,poisson_total_goals,high,62.1,MEDIA,xgb_lean,0.25,
2026-06-17,Ghana,Panama,total_goals,Under,3.5,0.7831,1.277,1.341,1.405,1.469,poisson_total_goals,high,62.1,MEDIA,xgb_lean,0.25,
2026-06-17,Portugal,DR Congo,btts,No,,0.5125,1.951,2.049,2.146,2.244,ensemble_btts,high,55.4,MEDIA,blend,0.5789,
2026-06-17,Portugal,DR Congo,btts,Yes,,0.4875,2.051,2.154,2.256,2.359,ensemble_btts,high,55.4,MEDIA,blend,0.5789,
2026-06-17,Portugal,DR Congo,clean_sheet,DR Congo No,,0.8753,1.142,1.2,1.257,1.314,poisson_opponent_goals_zero,derived,55.4,MEDIA,blend,0.5789,
2026-06-17,Portugal,DR Congo,clean_sheet,DR Congo Yes,,0.1247,8.02,8.422,8.823,9.224,poisson_opponent_goals_zero,derived,55.4,MEDIA,blend,0.5789,
2026-06-17,Portugal,DR Congo,clean_sheet,Portugal No,,0.5466,1.829,1.921,2.012,2.104,poisson_opponent_goals_zero,derived,55.4,MEDIA,blend,0.5789,
2026-06-17,Portugal,DR Congo,clean_sheet,Portugal Yes,,0.4534,2.206,2.316,2.426,2.536,poisson_opponent_goals_zero,derived,55.4,MEDIA,blend,0.5789,
2026-06-17,Portugal,DR Congo,double_chance,DR Congo or Draw,,0.3127,3.198,3.358,3.518,3.678,derived_from_1x2,high,55.4,MEDIA,blend,0.5789,
2026-06-17,Portugal,DR Congo,double_chance,Portugal or DR Congo,,0.8011,1.248,1.311,1.373,1.436,derived_from_1x2,high,55.4,MEDIA,blend,0.5789,
2026-06-17,Portugal,DR Congo,double_chance,Portugal or Draw,,0.8862,1.128,1.185,1.241,1.298,derived_from_1x2,high,55.4,MEDIA,blend,0.5789,
2026-06-17,Portugal,DR Congo,draw_no_bet,DR Congo,,0.1421,7.04,7.392,7.743,8.095,derived_from_1x2,high,55.4,MEDIA,blend,0.5789,Probabilidad condicionada a que no haya empate; empate void.
2026-06-17,Portugal,DR Congo,draw_no_bet,Portugal,,0.8579,1.166,1.224,1.282,1.34,derived_from_1x2,high,55.4,MEDIA,blend,0.5789,Probabilidad condicionada a que no haya empate; empate void.
2026-06-17,Portugal,DR Congo,h2h,DR Congo,,0.1138,8.787,9.227,9.666,10.105,ensemble_1x2,high,55.4,MEDIA,blend,0.5789,
2026-06-17,Portugal,DR Congo,h2h,Draw,,0.1989,5.028,5.279,5.53,5.782,ensemble_1x2,high,55.4,MEDIA,blend,0.5789,No usar como apuesta core hasta recalibrar empates.
2026-06-17,Portugal,DR Congo,h2h,Portugal,,0.6873,1.455,1.528,1.6,1.673,ensemble_1x2,high,55.4,MEDIA,blend,0.5789,
2026-06-17,Portugal,DR Congo,team_goals,DR Congo Over,0.5,0.5466,1.829,1.921,2.012,2.104,poisson_away_goals,derived,55.4,MEDIA,blend,0.5789,
2026-06-17,Portugal,DR Congo,team_goals,DR Congo Under,0.5,0.4534,2.206,2.316,2.426,2.536,poisson_away_goals,derived,55.4,MEDIA,blend,0.5789,
2026-06-17,Portugal,DR Congo,team_goals,Portugal Over,0.5,0.8753,1.142,1.2,1.257,1.314,poisson_home_goals,derived,55.4,MEDIA,blend,0.5789,
2026-06-17,Portugal,DR Congo,team_goals,Portugal Under,0.5,0.1247,8.02,8.422,8.823,9.224,poisson_home_goals,derived,55.4,MEDIA,blend,0.5789,
2026-06-17,Portugal,DR Congo,team_goals,DR Congo Over,1.5,0.188,5.32,5.586,5.852,6.118,poisson_away_goals,derived,55.4,MEDIA,blend,0.5789,
2026-06-17,Portugal,DR Congo,team_goals,DR Congo Under,1.5,0.812,1.231,1.293,1.355,1.416,poisson_away_goals,derived,55.4,MEDIA,blend,0.5789,
2026-06-17,Portugal,DR Congo,team_goals,Portugal Over,1.5,0.6157,1.624,1.705,1.786,1.868,poisson_home_goals,derived,55.4,MEDIA,blend,0.5789,
2026-06-17,Portugal,DR Congo,team_goals,Portugal Under,1.5,0.3843,2.602,2.732,2.863,2.993,poisson_home_goals,derived,55.4,MEDIA,blend,0.5789,
2026-06-17,Portugal,DR Congo,team_goals,DR Congo Over,2.5,0.0461,21.674,22.758,23.842,24.926,poisson_away_goals,derived,55.4,MEDIA,blend,0.5789,
2026-06-17,Portugal,DR Congo,team_goals,DR Congo Under,2.5,0.9539,1.048,1.101,1.153,1.206,poisson_away_goals,derived,55.4,MEDIA,blend,0.5789,
2026-06-17,Portugal,DR Congo,team_goals,Portugal Over,2.5,0.3455,2.894,3.039,3.184,3.328,poisson_home_goals,derived,55.4,MEDIA,blend,0.5789,
2026-06-17,Portugal,DR Congo,team_goals,Portugal Under,2.5,0.6545,1.528,1.604,1.681,1.757,poisson_home_goals,derived,55.4,MEDIA,blend,0.5789,
2026-06-17,Portugal,DR Congo,total_corners,Over,8.5,0.6957,1.437,1.509,1.581,1.653,poisson_approx_from_expected_corners,low,55.4,MEDIA,blend,0.5789,"Aproximacion: corners tienen sobredispersion; usar como radar, no como apuesta core."
2026-06-17,Portugal,DR Congo,total_corners,Under,8.5,0.3043,3.286,3.45,3.615,3.779,poisson_approx_from_expected_corners,low,55.4,MEDIA,blend,0.5789,"Aproximacion: corners tienen sobredispersion; usar como radar, no como apuesta core."
2026-06-17,Portugal,DR Congo,total_corners,Over,9.5,0.5741,1.742,1.829,1.916,2.003,poisson_approx_from_expected_corners,low,55.4,MEDIA,blend,0.5789,"Aproximacion: corners tienen sobredispersion; usar como radar, no como apuesta core."
2026-06-17,Portugal,DR Congo,total_corners,Under,9.5,0.4259,2.348,2.466,2.583,2.7,poisson_approx_from_expected_corners,low,55.4,MEDIA,blend,0.5789,"Aproximacion: corners tienen sobredispersion; usar como radar, no como apuesta core."
2026-06-17,Portugal,DR Congo,total_corners,Over,10.5,0.4495,2.225,2.336,2.447,2.559,poisson_approx_from_expected_corners,low,55.4,MEDIA,blend,0.5789,"Aproximacion: corners tienen sobredispersion; usar como radar, no como apuesta core."
2026-06-17,Portugal,DR Congo,total_corners,Under,10.5,0.5505,1.816,1.907,1.998,2.089,poisson_approx_from_expected_corners,low,55.4,MEDIA,blend,0.5789,"Aproximacion: corners tienen sobredispersion; usar como radar, no como apuesta core."
2026-06-17,Portugal,DR Congo,total_goals,Over,1.5,0.7811,1.28,1.344,1.408,1.472,poisson_total_goals,high,55.4,MEDIA,blend,0.5789,
2026-06-17,Portugal,DR Congo,total_goals,Under,1.5,0.2189,4.568,4.796,5.024,5.253,poisson_total_goals,high,55.4,MEDIA,blend,0.5789,
2026-06-17,Portugal,DR Congo,total_goals,Over,2.5,0.5319,1.88,1.974,2.068,2.162,ensemble_over25,high,55.4,MEDIA,blend,0.5789,
2026-06-17,Portugal,DR Congo,total_goals,Under,2.5,0.4681,2.136,2.243,2.35,2.457,ensemble_over25,high,55.4,MEDIA,blend,0.5789,
2026-06-17,Portugal,DR Congo,total_goals,Over,3.5,0.3243,3.083,3.237,3.391,3.546,poisson_total_goals,high,55.4,MEDIA,blend,0.5789,
2026-06-17,Portugal,DR Congo,total_goals,Under,3.5,0.6757,1.48,1.554,1.628,1.702,poisson_total_goals,high,55.4,MEDIA,blend,0.5789,
2026-06-17,Uzbekistan,Colombia,btts,No,,0.5361,1.865,1.959,2.052,2.145,ensemble_btts,high,60.4,MEDIA,blend,0.5098,
2026-06-17,Uzbekistan,Colombia,btts,Yes,,0.4639,2.156,2.263,2.371,2.479,ensemble_btts,high,60.4,MEDIA,blend,0.5098,
2026-06-17,Uzbekistan,Colombia,clean_sheet,Colombia No,,0.5751,1.739,1.826,1.913,2.0,poisson_opponent_goals_zero,derived,60.4,MEDIA,blend,0.5098,
2026-06-17,Uzbekistan,Colombia,clean_sheet,Colombia Yes,,0.4249,2.354,2.471,2.589,2.707,poisson_opponent_goals_zero,derived,60.4,MEDIA,blend,0.5098,
2026-06-17,Uzbekistan,Colombia,clean_sheet,Uzbekistan No,,0.8095,1.235,1.297,1.359,1.421,poisson_opponent_goals_zero,derived,60.4,MEDIA,blend,0.5098,
2026-06-17,Uzbekistan,Colombia,clean_sheet,Uzbekistan Yes,,0.1905,5.249,5.511,5.774,6.036,poisson_opponent_goals_zero,derived,60.4,MEDIA,blend,0.5098,
2026-06-17,Uzbekistan,Colombia,double_chance,Colombia or Draw,,0.8262,1.21,1.271,1.331,1.392,derived_from_1x2,high,60.4,MEDIA,blend,0.5098,
2026-06-17,Uzbekistan,Colombia,double_chance,Uzbekistan or Colombia,,0.7452,1.342,1.409,1.476,1.543,derived_from_1x2,high,60.4,MEDIA,blend,0.5098,
2026-06-17,Uzbekistan,Colombia,double_chance,Uzbekistan or Draw,,0.4286,2.333,2.45,2.566,2.683,derived_from_1x2,high,60.4,MEDIA,blend,0.5098,
2026-06-17,Uzbekistan,Colombia,draw_no_bet,Colombia,,0.7668,1.304,1.369,1.435,1.5,derived_from_1x2,high,60.4,MEDIA,blend,0.5098,Probabilidad condicionada a que no haya empate; empate void.
2026-06-17,Uzbekistan,Colombia,draw_no_bet,Uzbekistan,,0.2332,4.288,4.502,4.716,4.931,derived_from_1x2,high,60.4,MEDIA,blend,0.5098,Probabilidad condicionada a que no haya empate; empate void.
2026-06-17,Uzbekistan,Colombia,h2h,Colombia,,0.5714,1.75,1.838,1.925,2.013,ensemble_1x2,high,60.4,MEDIA,blend,0.5098,
2026-06-17,Uzbekistan,Colombia,h2h,Draw,,0.2548,3.925,4.121,4.317,4.513,ensemble_1x2,high,60.4,MEDIA,blend,0.5098,No usar como apuesta core hasta recalibrar empates.
2026-06-17,Uzbekistan,Colombia,h2h,Uzbekistan,,0.1738,5.754,6.041,6.329,6.617,ensemble_1x2,high,60.4,MEDIA,blend,0.5098,
2026-06-17,Uzbekistan,Colombia,team_goals,Colombia Over,0.5,0.8095,1.235,1.297,1.359,1.421,poisson_away_goals,derived,60.4,MEDIA,blend,0.5098,
2026-06-17,Uzbekistan,Colombia,team_goals,Colombia Under,0.5,0.1905,5.249,5.511,5.774,6.036,poisson_away_goals,derived,60.4,MEDIA,blend,0.5098,
2026-06-17,Uzbekistan,Colombia,team_goals,Uzbekistan Over,0.5,0.5751,1.739,1.826,1.913,2.0,poisson_home_goals,derived,60.4,MEDIA,blend,0.5098,
2026-06-17,Uzbekistan,Colombia,team_goals,Uzbekistan Under,0.5,0.4249,2.354,2.471,2.589,2.707,poisson_home_goals,derived,60.4,MEDIA,blend,0.5098,
2026-06-17,Uzbekistan,Colombia,team_goals,Colombia Over,1.5,0.4936,2.026,2.127,2.229,2.33,poisson_away_goals,derived,60.4,MEDIA,blend,0.5098,
2026-06-17,Uzbekistan,Colombia,team_goals,Colombia Under,1.5,0.5064,1.975,2.073,2.172,2.271,poisson_away_goals,derived,60.4,MEDIA,blend,0.5098,
2026-06-17,Uzbekistan,Colombia,team_goals,Uzbekistan Over,1.5,0.2115,4.729,4.965,5.202,5.438,poisson_home_goals,derived,60.4,MEDIA,blend,0.5098,
2026-06-17,Uzbekistan,Colombia,team_goals,Uzbekistan Under,1.5,0.7885,1.268,1.332,1.395,1.458,poisson_home_goals,derived,60.4,MEDIA,blend,0.5098,
2026-06-17,Uzbekistan,Colombia,team_goals,Colombia Over,2.5,0.2317,4.315,4.531,4.747,4.963,poisson_away_goals,derived,60.4,MEDIA,blend,0.5098,
2026-06-17,Uzbekistan,Colombia,team_goals,Colombia Under,2.5,0.7683,1.302,1.367,1.432,1.497,poisson_away_goals,derived,60.4,MEDIA,blend,0.5098,
2026-06-17,Uzbekistan,Colombia,team_goals,Uzbekistan Over,2.5,0.0558,17.918,18.814,19.71,20.606,poisson_home_goals,derived,60.4,MEDIA,blend,0.5098,
2026-06-17,Uzbekistan,Colombia,team_goals,Uzbekistan Under,2.5,0.9442,1.059,1.112,1.165,1.218,poisson_home_goals,derived,60.4,MEDIA,blend,0.5098,
2026-06-17,Uzbekistan,Colombia,total_corners,Over,8.5,0.6045,1.654,1.737,1.82,1.902,poisson_approx_from_expected_corners,low,60.4,MEDIA,blend,0.5098,"Aproximacion: corners tienen sobredispersion; usar como radar, no como apuesta core."
2026-06-17,Uzbekistan,Colombia,total_corners,Under,8.5,0.3955,2.528,2.655,2.781,2.908,poisson_approx_from_expected_corners,low,60.4,MEDIA,blend,0.5098,"Aproximacion: corners tienen sobredispersion; usar como radar, no como apuesta core."
2026-06-17,Uzbekistan,Colombia,total_corners,Over,9.5,0.4743,2.108,2.214,2.319,2.425,poisson_approx_from_expected_corners,low,60.4,MEDIA,blend,0.5098,"Aproximacion: corners tienen sobredispersion; usar como radar, no como apuesta core."
2026-06-17,Uzbekistan,Colombia,total_corners,Under,9.5,0.5257,1.902,1.997,2.092,2.187,poisson_approx_from_expected_corners,low,60.4,MEDIA,blend,0.5098,"Aproximacion: corners tienen sobredispersion; usar como radar, no como apuesta core."
2026-06-17,Uzbekistan,Colombia,total_corners,Over,10.5,0.351,2.849,2.992,3.134,3.277,poisson_approx_from_expected_corners,low,60.4,MEDIA,blend,0.5098,"Aproximacion: corners tienen sobredispersion; usar como radar, no como apuesta core."
2026-06-17,Uzbekistan,Colombia,total_corners,Under,10.5,0.649,1.541,1.618,1.695,1.772,poisson_approx_from_expected_corners,low,60.4,MEDIA,blend,0.5098,"Aproximacion: corners tienen sobredispersion; usar como radar, no como apuesta core."
2026-06-17,Uzbekistan,Colombia,total_goals,Over,1.5,0.7156,1.398,1.467,1.537,1.607,poisson_total_goals,high,60.4,MEDIA,blend,0.5098,
2026-06-17,Uzbekistan,Colombia,total_goals,Under,1.5,0.2844,3.516,3.692,3.867,4.043,poisson_total_goals,high,60.4,MEDIA,blend,0.5098,
2026-06-17,Uzbekistan,Colombia,total_goals,Over,2.5,0.4369,2.289,2.403,2.518,2.632,ensemble_over25,high,60.4,MEDIA,blend,0.5098,
2026-06-17,Uzbekistan,Colombia,total_goals,Under,2.5,0.5631,1.776,1.865,1.953,2.042,ensemble_over25,high,60.4,MEDIA,blend,0.5098,
2026-06-17,Uzbekistan,Colombia,total_goals,Over,3.5,0.2454,4.075,4.278,4.482,4.686,poisson_total_goals,high,60.4,MEDIA,blend,0.5098,
2026-06-17,Uzbekistan,Colombia,total_goals,Under,3.5,0.7546,1.325,1.392,1.458,1.524,poisson_total_goals,high,60.4,MEDIA,blend,0.5098,
2026-06-18,Canada,Qatar,btts,No,,0.6285,1.591,1.671,1.75,1.83,ensemble_btts,high,63.1,MEDIA,blend,0.6033,
2026-06-18,Canada,Qatar,btts,Yes,,0.3715,2.692,2.826,2.961,3.096,ensemble_btts,high,63.1,MEDIA,blend,0.6033,
2026-06-18,Canada,Qatar,clean_sheet,Canada No,,0.4265,2.345,2.462,2.579,2.696,poisson_opponent_goals_zero,derived,63.1,MEDIA,blend,0.6033,
2026-06-18,Canada,Qatar,clean_sheet,Canada Yes,,0.5735,1.744,1.831,1.918,2.005,poisson_opponent_goals_zero,derived,63.1,MEDIA,blend,0.6033,
2026-06-18,Canada,Qatar,clean_sheet,Qatar No,,0.8651,1.156,1.214,1.272,1.329,poisson_opponent_goals_zero,derived,63.1,MEDIA,blend,0.6033,
2026-06-18,Canada,Qatar,clean_sheet,Qatar Yes,,0.1349,7.411,7.782,8.152,8.523,poisson_opponent_goals_zero,derived,63.1,MEDIA,blend,0.6033,
2026-06-18,Canada,Qatar,double_chance,Canada or Draw,,0.9008,1.11,1.166,1.221,1.277,derived_from_1x2,high,63.1,MEDIA,blend,0.6033,
2026-06-18,Canada,Qatar,double_chance,Canada or Qatar,,0.8255,1.211,1.272,1.333,1.393,derived_from_1x2,high,63.1,MEDIA,blend,0.6033,
2026-06-18,Canada,Qatar,double_chance,Qatar or Draw,,0.2739,3.651,3.834,4.016,4.199,derived_from_1x2,high,63.1,MEDIA,blend,0.6033,
2026-06-18,Canada,Qatar,draw_no_bet,Canada,,0.8797,1.137,1.194,1.25,1.307,derived_from_1x2,high,63.1,MEDIA,blend,0.6033,Probabilidad condicionada a que no haya empate; empate void.
2026-06-18,Canada,Qatar,draw_no_bet,Qatar,,0.1203,8.313,8.729,9.145,9.56,derived_from_1x2,high,63.1,MEDIA,blend,0.6033,Probabilidad condicionada a que no haya empate; empate void.
2026-06-18,Canada,Qatar,h2h,Canada,,0.7262,1.377,1.446,1.515,1.584,ensemble_1x2,high,63.1,MEDIA,blend,0.6033,
2026-06-18,Canada,Qatar,h2h,Draw,,0.1746,5.727,6.014,6.3,6.586,ensemble_1x2,high,63.1,MEDIA,blend,0.6033,No usar como apuesta core hasta recalibrar empates.
2026-06-18,Canada,Qatar,h2h,Qatar,,0.0993,10.07,10.574,11.078,11.581,ensemble_1x2,high,63.1,MEDIA,blend,0.6033,
2026-06-18,Canada,Qatar,team_goals,Canada Over,0.5,0.8651,1.156,1.214,1.272,1.329,poisson_home_goals,derived,63.1,MEDIA,blend,0.6033,
2026-06-18,Canada,Qatar,team_goals,Canada Under,0.5,0.1349,7.411,7.782,8.152,8.523,poisson_home_goals,derived,63.1,MEDIA,blend,0.6033,
2026-06-18,Canada,Qatar,team_goals,Qatar Over,0.5,0.4265,2.345,2.462,2.579,2.696,poisson_away_goals,derived,63.1,MEDIA,blend,0.6033,
2026-06-18,Canada,Qatar,team_goals,Qatar Under,0.5,0.5735,1.744,1.831,1.918,2.005,poisson_away_goals,derived,63.1,MEDIA,blend,0.6033,
2026-06-18,Canada,Qatar,team_goals,Canada Over,1.5,0.5948,1.681,1.765,1.849,1.933,poisson_home_goals,derived,63.1,MEDIA,blend,0.6033,
2026-06-18,Canada,Qatar,team_goals,Canada Under,1.5,0.4052,2.468,2.591,2.715,2.838,poisson_home_goals,derived,63.1,MEDIA,blend,0.6033,
2026-06-18,Canada,Qatar,team_goals,Qatar Over,1.5,0.1076,9.291,9.755,10.22,10.684,poisson_away_goals,derived,63.1,MEDIA,blend,0.6033,
2026-06-18,Canada,Qatar,team_goals,Qatar Under,1.5,0.8924,1.121,1.177,1.233,1.289,poisson_away_goals,derived,63.1,MEDIA,blend,0.6033,
2026-06-18,Canada,Qatar,team_goals,Canada Over,2.5,0.3241,3.085,3.239,3.394,3.548,poisson_home_goals,derived,63.1,MEDIA,blend,0.6033,
2026-06-18,Canada,Qatar,team_goals,Canada Under,2.5,0.6759,1.48,1.554,1.628,1.702,poisson_home_goals,derived,63.1,MEDIA,blend,0.6033,
2026-06-18,Canada,Qatar,team_goals,Qatar Over,2.5,0.019,52.654,55.287,57.92,60.552,poisson_away_goals,derived,63.1,MEDIA,blend,0.6033,
2026-06-18,Canada,Qatar,team_goals,Qatar Under,2.5,0.981,1.019,1.07,1.121,1.172,poisson_away_goals,derived,63.1,MEDIA,blend,0.6033,
2026-06-18,Canada,Qatar,total_corners,Over,8.5,0.4186,2.389,2.508,2.628,2.747,poisson_approx_from_expected_corners,low,63.1,MEDIA,blend,0.6033,"Aproximacion: corners tienen sobredispersion; usar como radar, no como apuesta core."
2026-06-18,Canada,Qatar,total_corners,Under,8.5,0.5814,1.72,1.806,1.892,1.978,poisson_approx_from_expected_corners,low,63.1,MEDIA,blend,0.6033,"Aproximacion: corners tienen sobredispersion; usar como radar, no como apuesta core."
2026-06-18,Canada,Qatar,total_corners,Over,9.5,0.2934,3.409,3.579,3.75,3.92,poisson_approx_from_expected_corners,low,63.1,MEDIA,blend,0.6033,"Aproximacion: corners tienen sobredispersion; usar como radar, no como apuesta core."
2026-06-18,Canada,Qatar,total_corners,Under,9.5,0.7066,1.415,1.486,1.557,1.627,poisson_approx_from_expected_corners,low,63.1,MEDIA,blend,0.6033,"Aproximacion: corners tienen sobredispersion; usar como radar, no como apuesta core."
2026-06-18,Canada,Qatar,total_corners,Over,10.5,0.1921,5.205,5.465,5.725,5.985,poisson_approx_from_expected_corners,low,63.1,MEDIA,blend,0.6033,"Aproximacion: corners tienen sobredispersion; usar como radar, no como apuesta core."
2026-06-18,Canada,Qatar,total_corners,Under,10.5,0.8079,1.238,1.3,1.362,1.424,poisson_approx_from_expected_corners,low,63.1,MEDIA,blend,0.6033,"Aproximacion: corners tienen sobredispersion; usar como radar, no como apuesta core."
2026-06-18,Canada,Qatar,total_goals,Over,1.5,0.7246,1.38,1.449,1.518,1.587,poisson_total_goals,high,63.1,MEDIA,blend,0.6033,
2026-06-18,Canada,Qatar,total_goals,Under,1.5,0.2754,3.631,3.813,3.994,4.176,poisson_total_goals,high,63.1,MEDIA,blend,0.6033,
2026-06-18,Canada,Qatar,total_goals,Over,2.5,0.4763,2.1,2.204,2.309,2.414,ensemble_over25,high,63.1,MEDIA,blend,0.6033,
2026-06-18,Canada,Qatar,total_goals,Under,2.5,0.5237,1.909,2.005,2.1,2.196,ensemble_over25,high,63.1,MEDIA,blend,0.6033,
2026-06-18,Canada,Qatar,total_goals,Over,3.5,0.2551,3.92,4.116,4.312,4.508,poisson_total_goals,high,63.1,MEDIA,blend,0.6033,
2026-06-18,Canada,Qatar,total_goals,Under,3.5,0.7449,1.342,1.41,1.477,1.544,poisson_total_goals,high,63.1,MEDIA,blend,0.6033,
2026-06-18,Czech Republic,South Africa,btts,No,,0.5361,1.865,1.959,2.052,2.145,ensemble_btts,high,47.1,BAJA,blend,0.4242,
2026-06-18,Czech Republic,South Africa,btts,Yes,,0.4639,2.156,2.263,2.371,2.479,ensemble_btts,high,47.1,BAJA,blend,0.4242,
2026-06-18,Czech Republic,South Africa,clean_sheet,Czech Republic No,,0.556,1.798,1.888,1.978,2.068,poisson_opponent_goals_zero,derived,47.1,BAJA,blend,0.4242,
2026-06-18,Czech Republic,South Africa,clean_sheet,Czech Republic Yes,,0.444,2.252,2.365,2.478,2.59,poisson_opponent_goals_zero,derived,47.1,BAJA,blend,0.4242,
2026-06-18,Czech Republic,South Africa,clean_sheet,South Africa No,,0.8276,1.208,1.269,1.329,1.39,poisson_opponent_goals_zero,derived,47.1,BAJA,blend,0.4242,
2026-06-18,Czech Republic,South Africa,clean_sheet,South Africa Yes,,0.1724,5.801,6.091,6.381,6.671,poisson_opponent_goals_zero,derived,47.1,BAJA,blend,0.4242,
2026-06-18,Czech Republic,South Africa,double_chance,Czech Republic or Draw,,0.8519,1.174,1.233,1.291,1.35,derived_from_1x2,high,47.1,BAJA,blend,0.4242,
2026-06-18,Czech Republic,South Africa,double_chance,Czech Republic or South Africa,,0.7538,1.327,1.393,1.459,1.526,derived_from_1x2,high,47.1,BAJA,blend,0.4242,
2026-06-18,Czech Republic,South Africa,double_chance,South Africa or Draw,,0.3943,2.536,2.663,2.79,2.917,derived_from_1x2,high,47.1,BAJA,blend,0.4242,
2026-06-18,Czech Republic,South Africa,draw_no_bet,Czech Republic,,0.8035,1.245,1.307,1.369,1.431,derived_from_1x2,high,47.1,BAJA,blend,0.4242,Probabilidad condicionada a que no haya empate; empate void.
2026-06-18,Czech Republic,South Africa,draw_no_bet,South Africa,,0.1965,5.09,5.344,5.599,5.853,derived_from_1x2,high,47.1,BAJA,blend,0.4242,Probabilidad condicionada a que no haya empate; empate void.
2026-06-18,Czech Republic,South Africa,h2h,Czech Republic,,0.6057,1.651,1.734,1.816,1.899,ensemble_1x2,high,47.1,BAJA,blend,0.4242,
2026-06-18,Czech Republic,South Africa,h2h,Draw,,0.2462,4.062,4.265,4.468,4.671,ensemble_1x2,high,47.1,BAJA,blend,0.4242,No usar como apuesta core hasta recalibrar empates.
2026-06-18,Czech Republic,South Africa,h2h,South Africa,,0.1481,6.752,7.09,7.427,7.765,ensemble_1x2,high,47.1,BAJA,blend,0.4242,
2026-06-18,Czech Republic,South Africa,team_goals,Czech Republic Over,0.5,0.8276,1.208,1.269,1.329,1.39,poisson_home_goals,derived,47.1,BAJA,blend,0.4242,
2026-06-18,Czech Republic,South Africa,team_goals,Czech Republic Under,0.5,0.1724,5.801,6.091,6.381,6.671,poisson_home_goals,derived,47.1,BAJA,blend,0.4242,
2026-06-18,Czech Republic,South Africa,team_goals,South Africa Over,0.5,0.556,1.798,1.888,1.978,2.068,poisson_away_goals,derived,47.1,BAJA,blend,0.4242,
2026-06-18,Czech Republic,South Africa,team_goals,South Africa Under,0.5,0.444,2.252,2.365,2.478,2.59,poisson_away_goals,derived,47.1,BAJA,blend,0.4242,
2026-06-18,Czech Republic,South Africa,team_goals,Czech Republic Over,1.5,0.5246,1.906,2.002,2.097,2.192,poisson_home_goals,derived,47.1,BAJA,blend,0.4242,
2026-06-18,Czech Republic,South Africa,team_goals,Czech Republic Under,1.5,0.4754,2.103,2.208,2.314,2.419,poisson_home_goals,derived,47.1,BAJA,blend,0.4242,
2026-06-18,Czech Republic,South Africa,team_goals,South Africa Over,1.5,0.1955,5.114,5.37,5.626,5.882,poisson_away_goals,derived,47.1,BAJA,blend,0.4242,
2026-06-18,Czech Republic,South Africa,team_goals,South Africa Under,1.5,0.8045,1.243,1.305,1.367,1.43,poisson_away_goals,derived,47.1,BAJA,blend,0.4242,
2026-06-18,Czech Republic,South Africa,team_goals,Czech Republic Over,2.5,0.2582,3.874,4.067,4.261,4.455,poisson_home_goals,derived,47.1,BAJA,blend,0.4242,
2026-06-18,Czech Republic,South Africa,team_goals,Czech Republic Under,2.5,0.7418,1.348,1.415,1.483,1.55,poisson_home_goals,derived,47.1,BAJA,blend,0.4242,
2026-06-18,Czech Republic,South Africa,team_goals,South Africa Over,2.5,0.0492,20.34,21.357,22.374,23.391,poisson_away_goals,derived,47.1,BAJA,blend,0.4242,
2026-06-18,Czech Republic,South Africa,team_goals,South Africa Under,2.5,0.9508,1.052,1.104,1.157,1.209,poisson_away_goals,derived,47.1,BAJA,blend,0.4242,
2026-06-18,Czech Republic,South Africa,total_corners,Over,8.5,0.3643,2.745,2.882,3.02,3.157,poisson_approx_from_expected_corners,low,47.1,BAJA,blend,0.4242,"Aproximacion: corners tienen sobredispersion; usar como radar, no como apuesta core."
2026-06-18,Czech Republic,South Africa,total_corners,Under,8.5,0.6357,1.573,1.652,1.73,1.809,poisson_approx_from_expected_corners,low,47.1,BAJA,blend,0.4242,"Aproximacion: corners tienen sobredispersion; usar como radar, no como apuesta core."
2026-06-18,Czech Republic,South Africa,total_corners,Over,9.5,0.2457,4.069,4.273,4.476,4.68,poisson_approx_from_expected_corners,low,47.1,BAJA,blend,0.4242,"Aproximacion: corners tienen sobredispersion; usar como radar, no como apuesta core."
2026-06-18,Czech Republic,South Africa,total_corners,Under,9.5,0.7543,1.326,1.392,1.458,1.525,poisson_approx_from_expected_corners,low,47.1,BAJA,blend,0.4242,"Aproximacion: corners tienen sobredispersion; usar como radar, no como apuesta core."
2026-06-18,Czech Republic,South Africa,total_corners,Over,10.5,0.1546,6.469,6.793,7.116,7.44,poisson_approx_from_expected_corners,low,47.1,BAJA,blend,0.4242,"Aproximacion: corners tienen sobredispersion; usar como radar, no como apuesta core."
2026-06-18,Czech Republic,South Africa,total_corners,Under,10.5,0.8454,1.183,1.242,1.301,1.36,poisson_approx_from_expected_corners,low,47.1,BAJA,blend,0.4242,"Aproximacion: corners tienen sobredispersion; usar como radar, no como apuesta core."
2026-06-18,Czech Republic,South Africa,total_goals,Over,1.5,0.7268,1.376,1.445,1.514,1.582,poisson_total_goals,medium,47.1,BAJA,blend,0.4242,
2026-06-18,Czech Republic,South Africa,total_goals,Under,1.5,0.2732,3.66,3.843,4.026,4.209,poisson_total_goals,medium,47.1,BAJA,blend,0.4242,
2026-06-18,Czech Republic,South Africa,total_goals,Over,2.5,0.504,1.984,2.083,2.183,2.282,ensemble_over25,medium,47.1,BAJA,blend,0.4242,
2026-06-18,Czech Republic,South Africa,total_goals,Under,2.5,0.496,2.016,2.117,2.218,2.319,ensemble_over25,medium,47.1,BAJA,blend,0.4242,
2026-06-18,Czech Republic,South Africa,total_goals,Over,3.5,0.2575,3.884,4.078,4.272,4.466,poisson_total_goals,medium,47.1,BAJA,blend,0.4242,
2026-06-18,Czech Republic,South Africa,total_goals,Under,3.5,0.7425,1.347,1.414,1.481,1.549,poisson_total_goals,medium,47.1,BAJA,blend,0.4242,
2026-06-18,Mexico,South Korea,btts,No,,0.537,1.862,1.955,2.048,2.142,ensemble_btts,high,73.9,ALTA,xgb_lean,0.25,
2026-06-18,Mexico,South Korea,btts,Yes,,0.463,2.16,2.268,2.376,2.484,ensemble_btts,high,73.9,ALTA,xgb_lean,0.25,
2026-06-18,Mexico,South Korea,clean_sheet,Mexico No,,0.6303,1.587,1.666,1.745,1.825,poisson_opponent_goals_zero,derived,73.9,ALTA,xgb_lean,0.25,
2026-06-18,Mexico,South Korea,clean_sheet,Mexico Yes,,0.3697,2.705,2.84,2.975,3.11,poisson_opponent_goals_zero,derived,73.9,ALTA,xgb_lean,0.25,
2026-06-18,Mexico,South Korea,clean_sheet,South Korea No,,0.7666,1.304,1.37,1.435,1.5,poisson_opponent_goals_zero,derived,73.9,ALTA,xgb_lean,0.25,
2026-06-18,Mexico,South Korea,clean_sheet,South Korea Yes,,0.2334,4.284,4.499,4.713,4.927,poisson_opponent_goals_zero,derived,73.9,ALTA,xgb_lean,0.25,
2026-06-18,Mexico,South Korea,double_chance,Mexico or Draw,,0.7735,1.293,1.357,1.422,1.487,derived_from_1x2,medium,73.9,ALTA,xgb_lean,0.25,
2026-06-18,Mexico,South Korea,double_chance,Mexico or South Korea,,0.6798,1.471,1.545,1.618,1.692,derived_from_1x2,high,73.9,ALTA,xgb_lean,0.25,
2026-06-18,Mexico,South Korea,double_chance,South Korea or Draw,,0.5467,1.829,1.921,2.012,2.104,derived_from_1x2,medium,73.9,ALTA,xgb_lean,0.25,
2026-06-18,Mexico,South Korea,draw_no_bet,Mexico,,0.6668,1.5,1.575,1.65,1.725,derived_from_1x2,high,73.9,ALTA,xgb_lean,0.25,Probabilidad condicionada a que no haya empate; empate void.
2026-06-18,Mexico,South Korea,draw_no_bet,South Korea,,0.3332,3.001,3.151,3.301,3.452,derived_from_1x2,high,73.9,ALTA,xgb_lean,0.25,Probabilidad condicionada a que no haya empate; empate void.
2026-06-18,Mexico,South Korea,h2h,Draw,,0.3202,3.123,3.279,3.435,3.592,ensemble_1x2,medium,73.9,ALTA,xgb_lean,0.25,No usar como apuesta core hasta recalibrar empates.
2026-06-18,Mexico,South Korea,h2h,Mexico,,0.4533,2.206,2.316,2.427,2.537,ensemble_1x2,high,73.9,ALTA,xgb_lean,0.25,
2026-06-18,Mexico,South Korea,h2h,South Korea,,0.2265,4.415,4.636,4.857,5.077,ensemble_1x2,high,73.9,ALTA,xgb_lean,0.25,
2026-06-18,Mexico,South Korea,team_goals,Mexico Over,0.5,0.7666,1.304,1.37,1.435,1.5,poisson_home_goals,derived,73.9,ALTA,xgb_lean,0.25,
2026-06-18,Mexico,South Korea,team_goals,Mexico Under,0.5,0.2334,4.284,4.499,4.713,4.927,poisson_home_goals,derived,73.9,ALTA,xgb_lean,0.25,
2026-06-18,Mexico,South Korea,team_goals,South Korea Over,0.5,0.6303,1.587,1.666,1.745,1.825,poisson_away_goals,derived,73.9,ALTA,xgb_lean,0.25,
2026-06-18,Mexico,South Korea,team_goals,South Korea Under,0.5,0.3697,2.705,2.84,2.975,3.11,poisson_away_goals,derived,73.9,ALTA,xgb_lean,0.25,
2026-06-18,Mexico,South Korea,team_goals,Mexico Over,1.5,0.427,2.342,2.459,2.576,2.693,poisson_home_goals,derived,73.9,ALTA,xgb_lean,0.25,
2026-06-18,Mexico,South Korea,team_goals,Mexico Under,1.5,0.573,1.745,1.832,1.92,2.007,poisson_home_goals,derived,73.9,ALTA,xgb_lean,0.25,
2026-06-18,Mexico,South Korea,team_goals,South Korea Over,1.5,0.2624,3.811,4.001,4.192,4.383,poisson_away_goals,derived,73.9,ALTA,xgb_lean,0.25,
2026-06-18,Mexico,South Korea,team_goals,South Korea Under,1.5,0.7376,1.356,1.424,1.491,1.559,poisson_away_goals,derived,73.9,ALTA,xgb_lean,0.25,
2026-06-18,Mexico,South Korea,team_goals,Mexico Over,2.5,0.1799,5.557,5.835,6.113,6.391,poisson_home_goals,derived,73.9,ALTA,xgb_lean,0.25,
2026-06-18,Mexico,South Korea,team_goals,Mexico Under,2.5,0.8201,1.219,1.28,1.341,1.402,poisson_home_goals,derived,73.9,ALTA,xgb_lean,0.25,
2026-06-18,Mexico,South Korea,team_goals,South Korea Over,2.5,0.0794,12.597,13.227,13.857,14.487,poisson_away_goals,derived,73.9,ALTA,xgb_lean,0.25,
2026-06-18,Mexico,South Korea,team_goals,South Korea Under,2.5,0.9206,1.086,1.141,1.195,1.249,poisson_away_goals,derived,73.9,ALTA,xgb_lean,0.25,
2026-06-18,Mexico,South Korea,total_corners,Over,8.5,0.3837,2.606,2.736,2.867,2.997,poisson_approx_from_expected_corners,low,73.9,ALTA,xgb_lean,0.25,"Aproximacion: corners tienen sobredispersion; usar como radar, no como apuesta core."
2026-06-18,Mexico,South Korea,total_corners,Under,8.5,0.6163,1.623,1.704,1.785,1.866,poisson_approx_from_expected_corners,low,73.9,ALTA,xgb_lean,0.25,"Aproximacion: corners tienen sobredispersion; usar como radar, no como apuesta core."
2026-06-18,Mexico,South Korea,total_corners,Over,9.5,0.2625,3.809,4.0,4.19,4.381,poisson_approx_from_expected_corners,low,73.9,ALTA,xgb_lean,0.25,"Aproximacion: corners tienen sobredispersion; usar como radar, no como apuesta core."
2026-06-18,Mexico,South Korea,total_corners,Under,9.5,0.7375,1.356,1.424,1.492,1.559,poisson_approx_from_expected_corners,low,73.9,ALTA,xgb_lean,0.25,"Aproximacion: corners tienen sobredispersion; usar como radar, no como apuesta core."
2026-06-18,Mexico,South Korea,total_corners,Over,10.5,0.1676,5.966,6.265,6.563,6.861,poisson_approx_from_expected_corners,low,73.9,ALTA,xgb_lean,0.25,"Aproximacion: corners tienen sobredispersion; usar como radar, no como apuesta core."
2026-06-18,Mexico,South Korea,total_corners,Under,10.5,0.8324,1.201,1.261,1.321,1.382,poisson_approx_from_expected_corners,low,73.9,ALTA,xgb_lean,0.25,"Aproximacion: corners tienen sobredispersion; usar como radar, no como apuesta core."
2026-06-18,Mexico,South Korea,total_goals,Over,1.5,0.7023,1.424,1.495,1.566,1.638,poisson_total_goals,medium,73.9,ALTA,xgb_lean,0.25,
2026-06-18,Mexico,South Korea,total_goals,Under,1.5,0.2977,3.359,3.527,3.695,3.863,poisson_total_goals,medium,73.9,ALTA,xgb_lean,0.25,
2026-06-18,Mexico,South Korea,total_goals,Over,2.5,0.3978,2.514,2.64,2.765,2.891,ensemble_over25,medium,73.9,ALTA,xgb_lean,0.25,
2026-06-18,Mexico,South Korea,total_goals,Under,2.5,0.6022,1.661,1.744,1.827,1.91,ensemble_over25,medium,73.9,ALTA,xgb_lean,0.25,
2026-06-18,Mexico,South Korea,total_goals,Over,3.5,0.2318,4.314,4.53,4.746,4.961,poisson_total_goals,medium,73.9,ALTA,xgb_lean,0.25,
2026-06-18,Mexico,South Korea,total_goals,Under,3.5,0.7682,1.302,1.367,1.432,1.497,poisson_total_goals,medium,73.9,ALTA,xgb_lean,0.25,
2026-06-18,Switzerland,Bosnia and Herzegovina,btts,No,,0.5446,1.836,1.928,2.02,2.112,ensemble_btts,high,73.5,ALTA,blend,0.3958,
2026-06-18,Switzerland,Bosnia and Herzegovina,btts,Yes,,0.4554,2.196,2.306,2.415,2.525,ensemble_btts,high,73.5,ALTA,blend,0.3958,
2026-06-18,Switzerland,Bosnia and Herzegovina,clean_sheet,Bosnia and Herzegovina No,,0.8794,1.137,1.194,1.251,1.308,poisson_opponent_goals_zero,derived,73.5,ALTA,blend,0.3958,
2026-06-18,Switzerland,Bosnia and Herzegovina,clean_sheet,Bosnia and Herzegovina Yes,,0.1206,8.29,8.704,9.119,9.533,poisson_opponent_goals_zero,derived,73.5,ALTA,blend,0.3958,
2026-06-18,Switzerland,Bosnia and Herzegovina,clean_sheet,Switzerland No,,0.5493,1.82,1.911,2.002,2.093,poisson_opponent_goals_zero,derived,73.5,ALTA,blend,0.3958,
2026-06-18,Switzerland,Bosnia and Herzegovina,clean_sheet,Switzerland Yes,,0.4507,2.219,2.33,2.441,2.552,poisson_opponent_goals_zero,derived,73.5,ALTA,blend,0.3958,
2026-06-18,Switzerland,Bosnia and Herzegovina,double_chance,Bosnia and Herzegovina or Draw,,0.3065,3.263,3.426,3.589,3.752,derived_from_1x2,high,73.5,ALTA,blend,0.3958,
2026-06-18,Switzerland,Bosnia and Herzegovina,double_chance,Switzerland or Bosnia and Herzegovina,,0.8096,1.235,1.297,1.359,1.42,derived_from_1x2,high,73.5,ALTA,blend,0.3958,
2026-06-18,Switzerland,Bosnia and Herzegovina,double_chance,Switzerland or Draw,,0.8839,1.131,1.188,1.244,1.301,derived_from_1x2,high,73.5,ALTA,blend,0.3958,
2026-06-18,Switzerland,Bosnia and Herzegovina,draw_no_bet,Bosnia and Herzegovina,,0.1434,6.973,7.322,7.671,8.019,derived_from_1x2,high,73.5,ALTA,blend,0.3958,Probabilidad condicionada a que no haya empate; empate void.
2026-06-18,Switzerland,Bosnia and Herzegovina,draw_no_bet,Switzerland,,0.8566,1.167,1.226,1.284,1.343,derived_from_1x2,high,73.5,ALTA,blend,0.3958,Probabilidad condicionada a que no haya empate; empate void.
2026-06-18,Switzerland,Bosnia and Herzegovina,h2h,Bosnia and Herzegovina,,0.1161,8.613,9.044,9.475,9.905,ensemble_1x2,high,73.5,ALTA,blend,0.3958,
2026-06-18,Switzerland,Bosnia and Herzegovina,h2h,Draw,,0.1904,5.252,5.515,5.777,6.04,ensemble_1x2,high,73.5,ALTA,blend,0.3958,No usar como apuesta core hasta recalibrar empates.
2026-06-18,Switzerland,Bosnia and Herzegovina,h2h,Switzerland,,0.6935,1.442,1.514,1.586,1.658,ensemble_1x2,high,73.5,ALTA,blend,0.3958,
2026-06-18,Switzerland,Bosnia and Herzegovina,team_goals,Bosnia and Herzegovina Over,0.5,0.5493,1.82,1.911,2.002,2.093,poisson_away_goals,derived,73.5,ALTA,blend,0.3958,
2026-06-18,Switzerland,Bosnia and Herzegovina,team_goals,Bosnia and Herzegovina Under,0.5,0.4507,2.219,2.33,2.441,2.552,poisson_away_goals,derived,73.5,ALTA,blend,0.3958,
2026-06-18,Switzerland,Bosnia and Herzegovina,team_goals,Switzerland Over,0.5,0.8794,1.137,1.194,1.251,1.308,poisson_home_goals,derived,73.5,ALTA,blend,0.3958,
2026-06-18,Switzerland,Bosnia and Herzegovina,team_goals,Switzerland Under,0.5,0.1206,8.29,8.704,9.119,9.533,poisson_home_goals,derived,73.5,ALTA,blend,0.3958,
2026-06-18,Switzerland,Bosnia and Herzegovina,team_goals,Bosnia and Herzegovina Over,1.5,0.1901,5.26,5.523,5.786,6.048,poisson_away_goals,derived,73.5,ALTA,blend,0.3958,
2026-06-18,Switzerland,Bosnia and Herzegovina,team_goals,Bosnia and Herzegovina Under,1.5,0.8099,1.235,1.297,1.358,1.42,poisson_away_goals,derived,73.5,ALTA,blend,0.3958,
2026-06-18,Switzerland,Bosnia and Herzegovina,team_goals,Switzerland Over,1.5,0.6242,1.602,1.682,1.762,1.842,poisson_home_goals,derived,73.5,ALTA,blend,0.3958,
2026-06-18,Switzerland,Bosnia and Herzegovina,team_goals,Switzerland Under,1.5,0.3758,2.661,2.794,2.927,3.06,poisson_home_goals,derived,73.5,ALTA,blend,0.3958,
2026-06-18,Switzerland,Bosnia and Herzegovina,team_goals,Bosnia and Herzegovina Over,2.5,0.047,21.28,22.344,23.408,24.472,poisson_away_goals,derived,73.5,ALTA,blend,0.3958,
2026-06-18,Switzerland,Bosnia and Herzegovina,team_goals,Bosnia and Herzegovina Under,2.5,0.953,1.049,1.102,1.154,1.207,poisson_away_goals,derived,73.5,ALTA,blend,0.3958,
2026-06-18,Switzerland,Bosnia and Herzegovina,team_goals,Switzerland Over,2.5,0.3544,2.822,2.963,3.104,3.245,poisson_home_goals,derived,73.5,ALTA,blend,0.3958,
2026-06-18,Switzerland,Bosnia and Herzegovina,team_goals,Switzerland Under,2.5,0.6456,1.549,1.626,1.704,1.781,poisson_home_goals,derived,73.5,ALTA,blend,0.3958,
2026-06-18,Switzerland,Bosnia and Herzegovina,total_corners,Over,8.5,0.573,1.745,1.833,1.92,2.007,poisson_approx_from_expected_corners,low,73.5,ALTA,blend,0.3958,"Aproximacion: corners tienen sobredispersion; usar como radar, no como apuesta core."
2026-06-18,Switzerland,Bosnia and Herzegovina,total_corners,Under,8.5,0.427,2.342,2.459,2.576,2.693,poisson_approx_from_expected_corners,low,73.5,ALTA,blend,0.3958,"Aproximacion: corners tienen sobredispersion; usar como radar, no como apuesta core."
2026-06-18,Switzerland,Bosnia and Herzegovina,total_corners,Over,9.5,0.4416,2.265,2.378,2.491,2.604,poisson_approx_from_expected_corners,low,73.5,ALTA,blend,0.3958,"Aproximacion: corners tienen sobredispersion; usar como radar, no como apuesta core."
2026-06-18,Switzerland,Bosnia and Herzegovina,total_corners,Under,9.5,0.5584,1.791,1.88,1.97,2.059,poisson_approx_from_expected_corners,low,73.5,ALTA,blend,0.3958,"Aproximacion: corners tienen sobredispersion; usar como radar, no como apuesta core."
2026-06-18,Switzerland,Bosnia and Herzegovina,total_corners,Over,10.5,0.3204,3.121,3.277,3.433,3.589,poisson_approx_from_expected_corners,low,73.5,ALTA,blend,0.3958,"Aproximacion: corners tienen sobredispersion; usar como radar, no como apuesta core."
2026-06-18,Switzerland,Bosnia and Herzegovina,total_corners,Under,10.5,0.6796,1.471,1.545,1.619,1.692,poisson_approx_from_expected_corners,low,73.5,ALTA,blend,0.3958,"Aproximacion: corners tienen sobredispersion; usar como radar, no como apuesta core."
2026-06-18,Switzerland,Bosnia and Herzegovina,total_goals,Over,1.5,0.7873,1.27,1.334,1.397,1.461,poisson_total_goals,high,73.5,ALTA,blend,0.3958,
2026-06-18,Switzerland,Bosnia and Herzegovina,total_goals,Under,1.5,0.2127,4.702,4.937,5.172,5.407,poisson_total_goals,high,73.5,ALTA,blend,0.3958,
2026-06-18,Switzerland,Bosnia and Herzegovina,total_goals,Over,2.5,0.55,1.818,1.909,2.0,2.091,ensemble_over25,high,73.5,ALTA,blend,0.3958,
2026-06-18,Switzerland,Bosnia and Herzegovina,total_goals,Under,2.5,0.45,2.222,2.333,2.444,2.556,ensemble_over25,high,73.5,ALTA,blend,0.3958,
2026-06-18,Switzerland,Bosnia and Herzegovina,total_goals,Over,3.5,0.3331,3.002,3.153,3.303,3.453,poisson_total_goals,high,73.5,ALTA,blend,0.3958,
2026-06-18,Switzerland,Bosnia and Herzegovina,total_goals,Under,3.5,0.6669,1.499,1.574,1.649,1.724,poisson_total_goals,high,73.5,ALTA,blend,0.3958,
2026-06-19,Brazil,Haiti,btts,No,,0.5399,1.852,1.945,2.037,2.13,ensemble_btts,high,44.3,BAJA,poisson_lean,0.8,
2026-06-19,Brazil,Haiti,btts,Yes,,0.4601,2.173,2.282,2.391,2.499,ensemble_btts,high,44.3,BAJA,poisson_lean,0.8,
2026-06-19,Brazil,Haiti,clean_sheet,Brazil No,,0.4743,2.108,2.214,2.319,2.425,poisson_opponent_goals_zero,derived,44.3,BAJA,poisson_lean,0.8,
2026-06-19,Brazil,Haiti,clean_sheet,Brazil Yes,,0.5257,1.902,1.997,2.092,2.188,poisson_opponent_goals_zero,derived,44.3,BAJA,poisson_lean,0.8,
2026-06-19,Brazil,Haiti,clean_sheet,Haiti No,,0.9693,1.032,1.083,1.135,1.186,poisson_opponent_goals_zero,derived,44.3,BAJA,poisson_lean,0.8,
2026-06-19,Brazil,Haiti,clean_sheet,Haiti Yes,,0.0307,32.557,34.185,35.813,37.441,poisson_opponent_goals_zero,derived,44.3,BAJA,poisson_lean,0.8,
2026-06-19,Brazil,Haiti,double_chance,Brazil or Draw,,0.9593,1.042,1.095,1.147,1.199,derived_from_1x2,medium,44.3,BAJA,poisson_lean,0.8,
2026-06-19,Brazil,Haiti,double_chance,Brazil or Haiti,,0.9136,1.095,1.149,1.204,1.259,derived_from_1x2,medium,44.3,BAJA,poisson_lean,0.8,
2026-06-19,Brazil,Haiti,double_chance,Haiti or Draw,,0.1271,7.868,8.261,8.655,9.048,derived_from_1x2,high,44.3,BAJA,poisson_lean,0.8,
2026-06-19,Brazil,Haiti,draw_no_bet,Brazil,,0.9555,1.047,1.099,1.151,1.204,derived_from_1x2,medium,44.3,BAJA,poisson_lean,0.8,Probabilidad condicionada a que no haya empate; empate void.
2026-06-19,Brazil,Haiti,draw_no_bet,Haiti,,0.0445,22.447,23.57,24.692,25.814,derived_from_1x2,medium,44.3,BAJA,poisson_lean,0.8,Probabilidad condicionada a que no haya empate; empate void.
2026-06-19,Brazil,Haiti,h2h,Brazil,,0.8729,1.146,1.203,1.26,1.317,ensemble_1x2,medium,44.3,BAJA,poisson_lean,0.8,
2026-06-19,Brazil,Haiti,h2h,Draw,,0.0864,11.574,12.153,12.731,13.31,ensemble_1x2,high,44.3,BAJA,poisson_lean,0.8,No usar como apuesta core hasta recalibrar empates.
2026-06-19,Brazil,Haiti,h2h,Haiti,,0.0407,24.57,25.799,27.027,28.256,ensemble_1x2,high,44.3,BAJA,poisson_lean,0.8,
2026-06-19,Brazil,Haiti,team_goals,Brazil Over,0.5,0.9693,1.032,1.083,1.135,1.186,poisson_home_goals,derived,44.3,BAJA,poisson_lean,0.8,
2026-06-19,Brazil,Haiti,team_goals,Brazil Under,0.5,0.0307,32.557,34.185,35.813,37.441,poisson_home_goals,derived,44.3,BAJA,poisson_lean,0.8,
2026-06-19,Brazil,Haiti,team_goals,Haiti Over,0.5,0.4743,2.108,2.214,2.319,2.425,poisson_away_goals,derived,44.3,BAJA,poisson_lean,0.8,
2026-06-19,Brazil,Haiti,team_goals,Haiti Under,0.5,0.5257,1.902,1.997,2.092,2.188,poisson_away_goals,derived,44.3,BAJA,poisson_lean,0.8,
2026-06-19,Brazil,Haiti,team_goals,Brazil Over,1.5,0.8623,1.16,1.218,1.276,1.334,poisson_home_goals,derived,44.3,BAJA,poisson_lean,0.8,
2026-06-19,Brazil,Haiti,team_goals,Brazil Under,1.5,0.1377,7.262,7.625,7.989,8.352,poisson_home_goals,derived,44.3,BAJA,poisson_lean,0.8,
2026-06-19,Brazil,Haiti,team_goals,Haiti Over,1.5,0.1363,7.339,7.706,8.073,8.44,poisson_away_goals,derived,44.3,BAJA,poisson_lean,0.8,
2026-06-19,Brazil,Haiti,team_goals,Haiti Under,1.5,0.8637,1.158,1.216,1.274,1.331,poisson_away_goals,derived,44.3,BAJA,poisson_lean,0.8,
2026-06-19,Brazil,Haiti,team_goals,Brazil Over,2.5,0.676,1.479,1.553,1.627,1.701,poisson_home_goals,derived,44.3,BAJA,poisson_lean,0.8,
2026-06-19,Brazil,Haiti,team_goals,Brazil Under,2.5,0.324,3.086,3.241,3.395,3.549,poisson_home_goals,derived,44.3,BAJA,poisson_lean,0.8,
2026-06-19,Brazil,Haiti,team_goals,Haiti Over,2.5,0.0276,36.264,38.077,39.89,41.703,poisson_away_goals,derived,44.3,BAJA,poisson_lean,0.8,
2026-06-19,Brazil,Haiti,team_goals,Haiti Under,2.5,0.9724,1.028,1.08,1.131,1.183,poisson_away_goals,derived,44.3,BAJA,poisson_lean,0.8,
2026-06-19,Brazil,Haiti,total_corners,Over,8.5,0.5069,1.973,2.071,2.17,2.269,poisson_approx_from_expected_corners,low,44.3,BAJA,poisson_lean,0.8,"Aproximacion: corners tienen sobredispersion; usar como radar, no como apuesta core."
2026-06-19,Brazil,Haiti,total_corners,Under,8.5,0.4931,2.028,2.129,2.231,2.332,poisson_approx_from_expected_corners,low,44.3,BAJA,poisson_lean,0.8,"Aproximacion: corners tienen sobredispersion; usar como radar, no como apuesta core."
2026-06-19,Brazil,Haiti,total_corners,Over,9.5,0.3758,2.661,2.794,2.927,3.061,poisson_approx_from_expected_corners,low,44.3,BAJA,poisson_lean,0.8,"Aproximacion: corners tienen sobredispersion; usar como radar, no como apuesta core."
2026-06-19,Brazil,Haiti,total_corners,Under,9.5,0.6242,1.602,1.682,1.762,1.842,poisson_approx_from_expected_corners,low,44.3,BAJA,poisson_lean,0.8,"Aproximacion: corners tienen sobredispersion; usar como radar, no como apuesta core."
2026-06-19,Brazil,Haiti,total_corners,Over,10.5,0.2614,3.826,4.017,4.209,4.4,poisson_approx_from_expected_corners,low,44.3,BAJA,poisson_lean,0.8,"Aproximacion: corners tienen sobredispersion; usar como radar, no como apuesta core."
2026-06-19,Brazil,Haiti,total_corners,Under,10.5,0.7386,1.354,1.422,1.489,1.557,poisson_approx_from_expected_corners,low,44.3,BAJA,poisson_lean,0.8,"Aproximacion: corners tienen sobredispersion; usar como radar, no como apuesta core."
2026-06-19,Brazil,Haiti,total_goals,Over,1.5,0.9172,1.09,1.145,1.199,1.254,poisson_total_goals,medium,44.3,BAJA,poisson_lean,0.8,
2026-06-19,Brazil,Haiti,total_goals,Under,1.5,0.0828,12.081,12.686,13.29,13.894,poisson_total_goals,medium,44.3,BAJA,poisson_lean,0.8,
2026-06-19,Brazil,Haiti,total_goals,Over,2.5,0.7545,1.325,1.392,1.458,1.524,ensemble_over25,medium,44.3,BAJA,poisson_lean,0.8,
2026-06-19,Brazil,Haiti,total_goals,Under,2.5,0.2455,4.073,4.277,4.481,4.684,ensemble_over25,medium,44.3,BAJA,poisson_lean,0.8,
2026-06-19,Brazil,Haiti,total_goals,Over,3.5,0.5908,1.693,1.777,1.862,1.947,poisson_total_goals,medium,44.3,BAJA,poisson_lean,0.8,
2026-06-19,Brazil,Haiti,total_goals,Under,3.5,0.4092,2.443,2.566,2.688,2.81,poisson_total_goals,medium,44.3,BAJA,poisson_lean,0.8,
2026-06-19,Scotland,Morocco,btts,No,,0.4961,2.016,2.117,2.217,2.318,ensemble_btts,high,81.2,MUY ALTA,xgb_lean,0.3468,
2026-06-19,Scotland,Morocco,btts,Yes,,0.5039,1.985,2.084,2.183,2.282,ensemble_btts,high,81.2,MUY ALTA,xgb_lean,0.3468,
2026-06-19,Scotland,Morocco,clean_sheet,Morocco No,,0.638,1.567,1.646,1.724,1.803,poisson_opponent_goals_zero,derived,81.2,MUY ALTA,xgb_lean,0.3468,
2026-06-19,Scotland,Morocco,clean_sheet,Morocco Yes,,0.362,2.762,2.9,3.038,3.176,poisson_opponent_goals_zero,derived,81.2,MUY ALTA,xgb_lean,0.3468,
2026-06-19,Scotland,Morocco,clean_sheet,Scotland No,,0.7612,1.314,1.379,1.445,1.511,poisson_opponent_goals_zero,derived,81.2,MUY ALTA,xgb_lean,0.3468,
2026-06-19,Scotland,Morocco,clean_sheet,Scotland Yes,,0.2388,4.187,4.396,4.606,4.815,poisson_opponent_goals_zero,derived,81.2,MUY ALTA,xgb_lean,0.3468,
2026-06-19,Scotland,Morocco,double_chance,Morocco or Draw,,0.7339,1.363,1.431,1.499,1.567,derived_from_1x2,high,81.2,MUY ALTA,xgb_lean,0.3468,
2026-06-19,Scotland,Morocco,double_chance,Scotland or Draw,,0.5468,1.829,1.92,2.012,2.103,derived_from_1x2,high,81.2,MUY ALTA,xgb_lean,0.3468,
2026-06-19,Scotland,Morocco,double_chance,Scotland or Morocco,,0.7191,1.391,1.46,1.53,1.599,derived_from_1x2,high,81.2,MUY ALTA,xgb_lean,0.3468,
2026-06-19,Scotland,Morocco,draw_no_bet,Morocco,,0.6301,1.587,1.666,1.746,1.825,derived_from_1x2,high,81.2,MUY ALTA,xgb_lean,0.3468,Probabilidad condicionada a que no haya empate; empate void.
2026-06-19,Scotland,Morocco,draw_no_bet,Scotland,,0.3699,2.703,2.839,2.974,3.109,derived_from_1x2,high,81.2,MUY ALTA,xgb_lean,0.3468,Probabilidad condicionada a que no haya empate; empate void.
2026-06-19,Scotland,Morocco,h2h,Draw,,0.2808,3.561,3.739,3.917,4.095,ensemble_1x2,high,81.2,MUY ALTA,xgb_lean,0.3468,No usar como apuesta core hasta recalibrar empates.
2026-06-19,Scotland,Morocco,h2h,Morocco,,0.4531,2.207,2.317,2.428,2.538,ensemble_1x2,high,81.2,MUY ALTA,xgb_lean,0.3468,
2026-06-19,Scotland,Morocco,h2h,Scotland,,0.266,3.759,3.947,4.135,4.323,ensemble_1x2,high,81.2,MUY ALTA,xgb_lean,0.3468,
2026-06-19,Scotland,Morocco,team_goals,Morocco Over,0.5,0.7612,1.314,1.379,1.445,1.511,poisson_away_goals,derived,81.2,MUY ALTA,xgb_lean,0.3468,
2026-06-19,Scotland,Morocco,team_goals,Morocco Under,0.5,0.2388,4.187,4.396,4.606,4.815,poisson_away_goals,derived,81.2,MUY ALTA,xgb_lean,0.3468,
2026-06-19,Scotland,Morocco,team_goals,Scotland Over,0.5,0.638,1.567,1.646,1.724,1.803,poisson_home_goals,derived,81.2,MUY ALTA,xgb_lean,0.3468,
2026-06-19,Scotland,Morocco,team_goals,Scotland Under,0.5,0.362,2.762,2.9,3.038,3.176,poisson_home_goals,derived,81.2,MUY ALTA,xgb_lean,0.3468,
2026-06-19,Scotland,Morocco,team_goals,Morocco Over,1.5,0.4192,2.386,2.505,2.624,2.744,poisson_away_goals,derived,81.2,MUY ALTA,xgb_lean,0.3468,
2026-06-19,Scotland,Morocco,team_goals,Morocco Under,1.5,0.5808,1.722,1.808,1.894,1.98,poisson_away_goals,derived,81.2,MUY ALTA,xgb_lean,0.3468,
2026-06-19,Scotland,Morocco,team_goals,Scotland Over,1.5,0.2701,3.702,3.887,4.072,4.257,poisson_home_goals,derived,81.2,MUY ALTA,xgb_lean,0.3468,
2026-06-19,Scotland,Morocco,team_goals,Scotland Under,1.5,0.7299,1.37,1.439,1.507,1.576,poisson_home_goals,derived,81.2,MUY ALTA,xgb_lean,0.3468,
2026-06-19,Scotland,Morocco,team_goals,Morocco Over,2.5,0.1743,5.738,6.025,6.311,6.598,poisson_away_goals,derived,81.2,MUY ALTA,xgb_lean,0.3468,
2026-06-19,Scotland,Morocco,team_goals,Morocco Under,2.5,0.8257,1.211,1.272,1.332,1.393,poisson_away_goals,derived,81.2,MUY ALTA,xgb_lean,0.3468,
2026-06-19,Scotland,Morocco,team_goals,Scotland Over,2.5,0.0833,12.009,12.61,13.21,13.811,poisson_home_goals,derived,81.2,MUY ALTA,xgb_lean,0.3468,
2026-06-19,Scotland,Morocco,team_goals,Scotland Under,2.5,0.9167,1.091,1.145,1.2,1.254,poisson_home_goals,derived,81.2,MUY ALTA,xgb_lean,0.3468,
2026-06-19,Scotland,Morocco,total_corners,Over,8.5,0.47,2.128,2.234,2.34,2.447,poisson_approx_from_expected_corners,low,81.2,MUY ALTA,xgb_lean,0.3468,"Aproximacion: corners tienen sobredispersion; usar como radar, no como apuesta core."
2026-06-19,Scotland,Morocco,total_corners,Under,8.5,0.53,1.887,1.981,2.076,2.17,poisson_approx_from_expected_corners,low,81.2,MUY ALTA,xgb_lean,0.3468,"Aproximacion: corners tienen sobredispersion; usar como radar, no como apuesta core."
2026-06-19,Scotland,Morocco,total_corners,Over,9.5,0.3405,2.936,3.083,3.23,3.377,poisson_approx_from_expected_corners,low,81.2,MUY ALTA,xgb_lean,0.3468,"Aproximacion: corners tienen sobredispersion; usar como radar, no como apuesta core."
2026-06-19,Scotland,Morocco,total_corners,Under,9.5,0.6595,1.516,1.592,1.668,1.744,poisson_approx_from_expected_corners,low,81.2,MUY ALTA,xgb_lean,0.3468,"Aproximacion: corners tienen sobredispersion; usar como radar, no como apuesta core."
2026-06-19,Scotland,Morocco,total_corners,Over,10.5,0.2311,4.326,4.543,4.759,4.975,poisson_approx_from_expected_corners,low,81.2,MUY ALTA,xgb_lean,0.3468,"Aproximacion: corners tienen sobredispersion; usar como radar, no como apuesta core."
2026-06-19,Scotland,Morocco,total_corners,Under,10.5,0.7689,1.301,1.366,1.431,1.496,poisson_approx_from_expected_corners,low,81.2,MUY ALTA,xgb_lean,0.3468,"Aproximacion: corners tienen sobredispersion; usar como radar, no como apuesta core."
2026-06-19,Scotland,Morocco,total_goals,Over,1.5,0.7019,1.425,1.496,1.567,1.638,poisson_total_goals,high,81.2,MUY ALTA,xgb_lean,0.3468,
2026-06-19,Scotland,Morocco,total_goals,Under,1.5,0.2981,3.354,3.522,3.69,3.857,poisson_total_goals,high,81.2,MUY ALTA,xgb_lean,0.3468,
2026-06-19,Scotland,Morocco,total_goals,Over,2.5,0.4235,2.361,2.479,2.597,2.715,ensemble_over25,high,81.2,MUY ALTA,xgb_lean,0.3468,
2026-06-19,Scotland,Morocco,total_goals,Under,2.5,0.5765,1.735,1.821,1.908,1.995,ensemble_over25,high,81.2,MUY ALTA,xgb_lean,0.3468,
2026-06-19,Scotland,Morocco,total_goals,Over,3.5,0.2314,4.322,4.538,4.754,4.97,poisson_total_goals,high,81.2,MUY ALTA,xgb_lean,0.3468,
2026-06-19,Scotland,Morocco,total_goals,Under,3.5,0.7686,1.301,1.366,1.431,1.496,poisson_total_goals,high,81.2,MUY ALTA,xgb_lean,0.3468,
2026-06-19,Turkey,Paraguay,btts,No,,0.5131,1.949,2.046,2.144,2.241,ensemble_btts,high,63.5,MEDIA,xgb_lean,0.25,
2026-06-19,Turkey,Paraguay,btts,Yes,,0.4869,2.054,2.157,2.259,2.362,ensemble_btts,high,63.5,MEDIA,xgb_lean,0.25,
2026-06-19,Turkey,Paraguay,clean_sheet,Paraguay No,,0.7532,1.328,1.394,1.461,1.527,poisson_opponent_goals_zero,derived,63.5,MEDIA,xgb_lean,0.25,
2026-06-19,Turkey,Paraguay,clean_sheet,Paraguay Yes,,0.2468,4.051,4.254,4.456,4.659,poisson_opponent_goals_zero,derived,63.5,MEDIA,xgb_lean,0.25,
2026-06-19,Turkey,Paraguay,clean_sheet,Turkey No,,0.6163,1.622,1.704,1.785,1.866,poisson_opponent_goals_zero,derived,63.5,MEDIA,xgb_lean,0.25,
2026-06-19,Turkey,Paraguay,clean_sheet,Turkey Yes,,0.3837,2.606,2.737,2.867,2.997,poisson_opponent_goals_zero,derived,63.5,MEDIA,xgb_lean,0.25,
2026-06-19,Turkey,Paraguay,double_chance,Paraguay or Draw,,0.5347,1.87,1.964,2.057,2.151,derived_from_1x2,high,63.5,MEDIA,xgb_lean,0.25,
2026-06-19,Turkey,Paraguay,double_chance,Turkey or Draw,,0.707,1.414,1.485,1.556,1.627,derived_from_1x2,high,63.5,MEDIA,xgb_lean,0.25,
2026-06-19,Turkey,Paraguay,double_chance,Turkey or Paraguay,,0.7583,1.319,1.385,1.451,1.517,derived_from_1x2,high,63.5,MEDIA,xgb_lean,0.25,
2026-06-19,Turkey,Paraguay,draw_no_bet,Paraguay,,0.3864,2.588,2.717,2.847,2.976,derived_from_1x2,high,63.5,MEDIA,xgb_lean,0.25,Probabilidad condicionada a que no haya empate; empate void.
2026-06-19,Turkey,Paraguay,draw_no_bet,Turkey,,0.6136,1.63,1.711,1.793,1.874,derived_from_1x2,high,63.5,MEDIA,xgb_lean,0.25,Probabilidad condicionada a que no haya empate; empate void.
2026-06-19,Turkey,Paraguay,h2h,Draw,,0.2417,4.137,4.344,4.551,4.758,ensemble_1x2,high,63.5,MEDIA,xgb_lean,0.25,No usar como apuesta core hasta recalibrar empates.
2026-06-19,Turkey,Paraguay,h2h,Paraguay,,0.293,3.413,3.584,3.754,3.925,ensemble_1x2,high,63.5,MEDIA,xgb_lean,0.25,
2026-06-19,Turkey,Paraguay,h2h,Turkey,,0.4653,2.149,2.257,2.364,2.472,ensemble_1x2,high,63.5,MEDIA,xgb_lean,0.25,
2026-06-19,Turkey,Paraguay,team_goals,Paraguay Over,0.5,0.6163,1.622,1.704,1.785,1.866,poisson_away_goals,derived,63.5,MEDIA,xgb_lean,0.25,
2026-06-19,Turkey,Paraguay,team_goals,Paraguay Under,0.5,0.3837,2.606,2.737,2.867,2.997,poisson_away_goals,derived,63.5,MEDIA,xgb_lean,0.25,
2026-06-19,Turkey,Paraguay,team_goals,Turkey Over,0.5,0.7532,1.328,1.394,1.461,1.527,poisson_home_goals,derived,63.5,MEDIA,xgb_lean,0.25,
2026-06-19,Turkey,Paraguay,team_goals,Turkey Under,0.5,0.2468,4.051,4.254,4.456,4.659,poisson_home_goals,derived,63.5,MEDIA,xgb_lean,0.25,
2026-06-19,Turkey,Paraguay,team_goals,Paraguay Over,1.5,0.2488,4.019,4.22,4.421,4.622,poisson_away_goals,derived,63.5,MEDIA,xgb_lean,0.25,
2026-06-19,Turkey,Paraguay,team_goals,Paraguay Under,1.5,0.7512,1.331,1.398,1.464,1.531,poisson_away_goals,derived,63.5,MEDIA,xgb_lean,0.25,
2026-06-19,Turkey,Paraguay,team_goals,Turkey Over,1.5,0.4078,2.452,2.575,2.697,2.82,poisson_home_goals,derived,63.5,MEDIA,xgb_lean,0.25,
2026-06-19,Turkey,Paraguay,team_goals,Turkey Under,1.5,0.5922,1.689,1.773,1.858,1.942,poisson_home_goals,derived,63.5,MEDIA,xgb_lean,0.25,
2026-06-19,Turkey,Paraguay,team_goals,Paraguay Over,2.5,0.0727,13.748,14.435,15.122,15.81,poisson_away_goals,derived,63.5,MEDIA,xgb_lean,0.25,
2026-06-19,Turkey,Paraguay,team_goals,Paraguay Under,2.5,0.9273,1.078,1.132,1.186,1.24,poisson_away_goals,derived,63.5,MEDIA,xgb_lean,0.25,
2026-06-19,Turkey,Paraguay,team_goals,Turkey Over,2.5,0.1663,6.015,6.315,6.616,6.917,poisson_home_goals,derived,63.5,MEDIA,xgb_lean,0.25,
2026-06-19,Turkey,Paraguay,team_goals,Turkey Under,2.5,0.8337,1.199,1.259,1.319,1.379,poisson_home_goals,derived,63.5,MEDIA,xgb_lean,0.25,
2026-06-19,Turkey,Paraguay,total_corners,Over,8.5,0.218,4.587,4.816,5.045,5.275,poisson_approx_from_expected_corners,low,63.5,MEDIA,xgb_lean,0.25,"Aproximacion: corners tienen sobredispersion; usar como radar, no como apuesta core."
2026-06-19,Turkey,Paraguay,total_corners,Under,8.5,0.782,1.279,1.343,1.407,1.471,poisson_approx_from_expected_corners,low,63.5,MEDIA,xgb_lean,0.25,"Aproximacion: corners tienen sobredispersion; usar como radar, no como apuesta core."
2026-06-19,Turkey,Paraguay,total_corners,Over,9.5,0.1296,7.717,8.103,8.489,8.874,poisson_approx_from_expected_corners,low,63.5,MEDIA,xgb_lean,0.25,"Aproximacion: corners tienen sobredispersion; usar como radar, no como apuesta core."
2026-06-19,Turkey,Paraguay,total_corners,Under,9.5,0.8704,1.149,1.206,1.264,1.321,poisson_approx_from_expected_corners,low,63.5,MEDIA,xgb_lean,0.25,"Aproximacion: corners tienen sobredispersion; usar como radar, no como apuesta core."
2026-06-19,Turkey,Paraguay,total_corners,Over,10.5,0.0714,14.006,14.706,15.407,16.107,poisson_approx_from_expected_corners,low,63.5,MEDIA,xgb_lean,0.25,"Aproximacion: corners tienen sobredispersion; usar como radar, no como apuesta core."
2026-06-19,Turkey,Paraguay,total_corners,Under,10.5,0.9286,1.077,1.131,1.185,1.238,poisson_approx_from_expected_corners,low,63.5,MEDIA,xgb_lean,0.25,"Aproximacion: corners tienen sobredispersion; usar como radar, no como apuesta core."
2026-06-19,Turkey,Paraguay,total_goals,Over,1.5,0.6821,1.466,1.539,1.613,1.686,poisson_total_goals,medium,63.5,MEDIA,xgb_lean,0.25,
2026-06-19,Turkey,Paraguay,total_goals,Under,1.5,0.3179,3.145,3.303,3.46,3.617,poisson_total_goals,medium,63.5,MEDIA,xgb_lean,0.25,
2026-06-19,Turkey,Paraguay,total_goals,Over,2.5,0.4631,2.159,2.267,2.375,2.483,ensemble_over25,medium,63.5,MEDIA,xgb_lean,0.25,
2026-06-19,Turkey,Paraguay,total_goals,Under,2.5,0.5369,1.863,1.956,2.049,2.142,ensemble_over25,medium,63.5,MEDIA,xgb_lean,0.25,
2026-06-19,Turkey,Paraguay,total_goals,Over,3.5,0.2123,4.709,4.945,5.18,5.416,poisson_total_goals,medium,63.5,MEDIA,xgb_lean,0.25,
2026-06-19,Turkey,Paraguay,total_goals,Under,3.5,0.7877,1.27,1.333,1.397,1.46,poisson_total_goals,medium,63.5,MEDIA,xgb_lean,0.25,
2026-06-19,United States,Australia,btts,No,,0.4857,2.059,2.162,2.265,2.368,ensemble_btts,high,72.2,ALTA,xgb_lean,0.3109,
2026-06-19,United States,Australia,btts,Yes,,0.5143,1.944,2.042,2.139,2.236,ensemble_btts,high,72.2,ALTA,xgb_lean,0.3109,
2026-06-19,United States,Australia,clean_sheet,Australia No,,0.7544,1.326,1.392,1.458,1.524,poisson_opponent_goals_zero,derived,72.2,ALTA,xgb_lean,0.3109,
2026-06-19,United States,Australia,clean_sheet,Australia Yes,,0.2456,4.071,4.275,4.479,4.682,poisson_opponent_goals_zero,derived,72.2,ALTA,xgb_lean,0.3109,
2026-06-19,United States,Australia,clean_sheet,United States No,,0.6718,1.489,1.563,1.637,1.712,poisson_opponent_goals_zero,derived,72.2,ALTA,xgb_lean,0.3109,
2026-06-19,United States,Australia,clean_sheet,United States Yes,,0.3282,3.047,3.199,3.351,3.503,poisson_opponent_goals_zero,derived,72.2,ALTA,xgb_lean,0.3109,
2026-06-19,United States,Australia,double_chance,Australia or Draw,,0.5429,1.842,1.934,2.026,2.118,derived_from_1x2,high,72.2,ALTA,xgb_lean,0.3109,
2026-06-19,United States,Australia,double_chance,United States or Australia,,0.7328,1.365,1.433,1.501,1.569,derived_from_1x2,high,72.2,ALTA,xgb_lean,0.3109,
2026-06-19,United States,Australia,double_chance,United States or Draw,,0.7243,1.381,1.45,1.519,1.588,derived_from_1x2,high,72.2,ALTA,xgb_lean,0.3109,
2026-06-19,United States,Australia,draw_no_bet,Australia,,0.3762,2.658,2.791,2.924,3.057,derived_from_1x2,high,72.2,ALTA,xgb_lean,0.3109,Probabilidad condicionada a que no haya empate; empate void.
2026-06-19,United States,Australia,draw_no_bet,United States,,0.6238,1.603,1.683,1.763,1.844,derived_from_1x2,high,72.2,ALTA,xgb_lean,0.3109,Probabilidad condicionada a que no haya empate; empate void.
2026-06-19,United States,Australia,h2h,Australia,,0.2757,3.627,3.808,3.99,4.171,ensemble_1x2,high,72.2,ALTA,xgb_lean,0.3109,
2026-06-19,United States,Australia,h2h,Draw,,0.2672,3.743,3.93,4.117,4.304,ensemble_1x2,high,72.2,ALTA,xgb_lean,0.3109,No usar como apuesta core hasta recalibrar empates.
2026-06-19,United States,Australia,h2h,United States,,0.4571,2.188,2.297,2.406,2.516,ensemble_1x2,high,72.2,ALTA,xgb_lean,0.3109,
2026-06-19,United States,Australia,team_goals,Australia Over,0.5,0.6718,1.489,1.563,1.637,1.712,poisson_away_goals,derived,72.2,ALTA,xgb_lean,0.3109,
2026-06-19,United States,Australia,team_goals,Australia Under,0.5,0.3282,3.047,3.199,3.351,3.503,poisson_away_goals,derived,72.2,ALTA,xgb_lean,0.3109,
2026-06-19,United States,Australia,team_goals,United States Over,0.5,0.7544,1.326,1.392,1.458,1.524,poisson_home_goals,derived,72.2,ALTA,xgb_lean,0.3109,
2026-06-19,United States,Australia,team_goals,United States Under,0.5,0.2456,4.071,4.275,4.479,4.682,poisson_home_goals,derived,72.2,ALTA,xgb_lean,0.3109,
2026-06-19,United States,Australia,team_goals,Australia Over,1.5,0.3061,3.267,3.43,3.594,3.757,poisson_away_goals,derived,72.2,ALTA,xgb_lean,0.3109,
2026-06-19,United States,Australia,team_goals,Australia Under,1.5,0.6939,1.441,1.513,1.585,1.657,poisson_away_goals,derived,72.2,ALTA,xgb_lean,0.3109,
2026-06-19,United States,Australia,team_goals,United States Over,1.5,0.4095,2.442,2.564,2.686,2.808,poisson_home_goals,derived,72.2,ALTA,xgb_lean,0.3109,
2026-06-19,United States,Australia,team_goals,United States Under,1.5,0.5905,1.694,1.778,1.863,1.948,poisson_home_goals,derived,72.2,ALTA,xgb_lean,0.3109,
2026-06-19,United States,Australia,team_goals,Australia Over,2.5,0.1024,9.764,10.252,10.74,11.228,poisson_away_goals,derived,72.2,ALTA,xgb_lean,0.3109,
2026-06-19,United States,Australia,team_goals,Australia Under,2.5,0.8976,1.114,1.17,1.226,1.281,poisson_away_goals,derived,72.2,ALTA,xgb_lean,0.3109,
2026-06-19,United States,Australia,team_goals,United States Over,2.5,0.1675,5.971,6.27,6.568,6.867,poisson_home_goals,derived,72.2,ALTA,xgb_lean,0.3109,
2026-06-19,United States,Australia,team_goals,United States Under,2.5,0.8325,1.201,1.261,1.321,1.381,poisson_home_goals,derived,72.2,ALTA,xgb_lean,0.3109,
2026-06-19,United States,Australia,total_corners,Over,8.5,0.2854,3.504,3.68,3.855,4.03,poisson_approx_from_expected_corners,low,72.2,ALTA,xgb_lean,0.3109,"Aproximacion: corners tienen sobredispersion; usar como radar, no como apuesta core."
2026-06-19,United States,Australia,total_corners,Under,8.5,0.7146,1.399,1.469,1.539,1.609,poisson_approx_from_expected_corners,low,72.2,ALTA,xgb_lean,0.3109,"Aproximacion: corners tienen sobredispersion; usar como radar, no como apuesta core."
2026-06-19,United States,Australia,total_corners,Over,9.5,0.1808,5.53,5.807,6.083,6.36,poisson_approx_from_expected_corners,low,72.2,ALTA,xgb_lean,0.3109,"Aproximacion: corners tienen sobredispersion; usar como radar, no como apuesta core."
2026-06-19,United States,Australia,total_corners,Under,9.5,0.8192,1.221,1.282,1.343,1.404,poisson_approx_from_expected_corners,low,72.2,ALTA,xgb_lean,0.3109,"Aproximacion: corners tienen sobredispersion; usar como radar, no como apuesta core."
2026-06-19,United States,Australia,total_corners,Over,10.5,0.1065,9.389,9.858,10.327,10.797,poisson_approx_from_expected_corners,low,72.2,ALTA,xgb_lean,0.3109,"Aproximacion: corners tienen sobredispersion; usar como radar, no como apuesta core."
2026-06-19,United States,Australia,total_corners,Under,10.5,0.8935,1.119,1.175,1.231,1.287,poisson_approx_from_expected_corners,low,72.2,ALTA,xgb_lean,0.3109,"Aproximacion: corners tienen sobredispersion; usar como radar, no como apuesta core."
2026-06-19,United States,Australia,total_goals,Over,1.5,0.7164,1.396,1.466,1.536,1.605,poisson_total_goals,high,72.2,ALTA,xgb_lean,0.3109,
2026-06-19,United States,Australia,total_goals,Under,1.5,0.2836,3.526,3.702,3.878,4.055,poisson_total_goals,high,72.2,ALTA,xgb_lean,0.3109,
2026-06-19,United States,Australia,total_goals,Over,2.5,0.4929,2.029,2.13,2.232,2.333,ensemble_over25,high,72.2,ALTA,xgb_lean,0.3109,
2026-06-19,United States,Australia,total_goals,Under,2.5,0.5071,1.972,2.071,2.169,2.268,ensemble_over25,high,72.2,ALTA,xgb_lean,0.3109,
2026-06-19,United States,Australia,total_goals,Over,3.5,0.2463,4.06,4.263,4.466,4.67,poisson_total_goals,high,72.2,ALTA,xgb_lean,0.3109,
2026-06-19,United States,Australia,total_goals,Under,3.5,0.7537,1.327,1.393,1.459,1.526,poisson_total_goals,high,72.2,ALTA,xgb_lean,0.3109,
2026-06-20,Ecuador,Curacao,btts,No,,0.5536,1.806,1.897,1.987,2.077,ensemble_btts,high,63.7,MEDIA,poisson_lean,0.8,
2026-06-20,Ecuador,Curacao,btts,Yes,,0.4464,2.24,2.352,2.464,2.576,ensemble_btts,high,63.7,MEDIA,poisson_lean,0.8,
2026-06-20,Ecuador,Curacao,clean_sheet,Curacao No,,0.9416,1.062,1.115,1.168,1.221,poisson_opponent_goals_zero,derived,63.7,MEDIA,poisson_lean,0.8,
2026-06-20,Ecuador,Curacao,clean_sheet,Curacao Yes,,0.0584,17.116,17.972,18.827,19.683,poisson_opponent_goals_zero,derived,63.7,MEDIA,poisson_lean,0.8,
2026-06-20,Ecuador,Curacao,clean_sheet,Ecuador No,,0.4706,2.125,2.231,2.337,2.444,poisson_opponent_goals_zero,derived,63.7,MEDIA,poisson_lean,0.8,
2026-06-20,Ecuador,Curacao,clean_sheet,Ecuador Yes,,0.5294,1.889,1.983,2.078,2.172,poisson_opponent_goals_zero,derived,63.7,MEDIA,poisson_lean,0.8,
2026-06-20,Ecuador,Curacao,double_chance,Curacao or Draw,,0.1755,5.698,5.983,6.268,6.553,derived_from_1x2,high,63.7,MEDIA,poisson_lean,0.8,
2026-06-20,Ecuador,Curacao,double_chance,Ecuador or Curacao,,0.882,1.134,1.19,1.247,1.304,derived_from_1x2,high,63.7,MEDIA,poisson_lean,0.8,
2026-06-20,Ecuador,Curacao,double_chance,Ecuador or Draw,,0.9425,1.061,1.114,1.167,1.22,derived_from_1x2,high,63.7,MEDIA,poisson_lean,0.8,
2026-06-20,Ecuador,Curacao,draw_no_bet,Curacao,,0.0652,15.339,16.106,16.873,17.64,derived_from_1x2,high,63.7,MEDIA,poisson_lean,0.8,Probabilidad condicionada a que no haya empate; empate void.
2026-06-20,Ecuador,Curacao,draw_no_bet,Ecuador,,0.9348,1.07,1.123,1.177,1.23,derived_from_1x2,high,63.7,MEDIA,poisson_lean,0.8,Probabilidad condicionada a que no haya empate; empate void.
2026-06-20,Ecuador,Curacao,h2h,Curacao,,0.0575,17.391,18.261,19.13,20.0,ensemble_1x2,high,63.7,MEDIA,poisson_lean,0.8,
2026-06-20,Ecuador,Curacao,h2h,Draw,,0.118,8.475,8.898,9.322,9.746,ensemble_1x2,high,63.7,MEDIA,poisson_lean,0.8,No usar como apuesta core hasta recalibrar empates.
2026-06-20,Ecuador,Curacao,h2h,Ecuador,,0.8245,1.213,1.273,1.334,1.395,ensemble_1x2,high,63.7,MEDIA,poisson_lean,0.8,
2026-06-20,Ecuador,Curacao,team_goals,Curacao Over,0.5,0.4706,2.125,2.231,2.337,2.444,poisson_away_goals,derived,63.7,MEDIA,poisson_lean,0.8,
2026-06-20,Ecuador,Curacao,team_goals,Curacao Under,0.5,0.5294,1.889,1.983,2.078,2.172,poisson_away_goals,derived,63.7,MEDIA,poisson_lean,0.8,
2026-06-20,Ecuador,Curacao,team_goals,Ecuador Over,0.5,0.9416,1.062,1.115,1.168,1.221,poisson_home_goals,derived,63.7,MEDIA,poisson_lean,0.8,
2026-06-20,Ecuador,Curacao,team_goals,Ecuador Under,0.5,0.0584,17.116,17.972,18.827,19.683,poisson_home_goals,derived,63.7,MEDIA,poisson_lean,0.8,
2026-06-20,Ecuador,Curacao,team_goals,Curacao Over,1.5,0.1339,7.469,7.842,8.216,8.589,poisson_away_goals,derived,63.7,MEDIA,poisson_lean,0.8,
2026-06-20,Ecuador,Curacao,team_goals,Curacao Under,1.5,0.8661,1.155,1.212,1.27,1.328,poisson_away_goals,derived,63.7,MEDIA,poisson_lean,0.8,
2026-06-20,Ecuador,Curacao,team_goals,Ecuador Over,1.5,0.7756,1.289,1.354,1.418,1.483,poisson_home_goals,derived,63.7,MEDIA,poisson_lean,0.8,
2026-06-20,Ecuador,Curacao,team_goals,Ecuador Under,1.5,0.2244,4.457,4.68,4.903,5.126,poisson_home_goals,derived,63.7,MEDIA,poisson_lean,0.8,
2026-06-20,Ecuador,Curacao,team_goals,Curacao Over,2.5,0.0268,37.284,39.149,41.013,42.877,poisson_away_goals,derived,63.7,MEDIA,poisson_lean,0.8,
2026-06-20,Ecuador,Curacao,team_goals,Curacao Under,2.5,0.9732,1.028,1.079,1.13,1.182,poisson_away_goals,derived,63.7,MEDIA,poisson_lean,0.8,
2026-06-20,Ecuador,Curacao,team_goals,Ecuador Over,2.5,0.54,1.852,1.944,2.037,2.13,poisson_home_goals,derived,63.7,MEDIA,poisson_lean,0.8,
2026-06-20,Ecuador,Curacao,team_goals,Ecuador Under,2.5,0.46,2.174,2.283,2.391,2.5,poisson_home_goals,derived,63.7,MEDIA,poisson_lean,0.8,
2026-06-20,Ecuador,Curacao,total_corners,Over,8.5,0.4102,2.438,2.559,2.681,2.803,poisson_approx_from_expected_corners,low,63.7,MEDIA,poisson_lean,0.8,"Aproximacion: corners tienen sobredispersion; usar como radar, no como apuesta core."
2026-06-20,Ecuador,Curacao,total_corners,Under,8.5,0.5898,1.696,1.78,1.865,1.95,poisson_approx_from_expected_corners,low,63.7,MEDIA,poisson_lean,0.8,"Aproximacion: corners tienen sobredispersion; usar como radar, no como apuesta core."
2026-06-20,Ecuador,Curacao,total_corners,Over,9.5,0.2859,3.498,3.673,3.848,4.023,poisson_approx_from_expected_corners,low,63.7,MEDIA,poisson_lean,0.8,"Aproximacion: corners tienen sobredispersion; usar como radar, no como apuesta core."
2026-06-20,Ecuador,Curacao,total_corners,Under,9.5,0.7141,1.4,1.47,1.54,1.61,poisson_approx_from_expected_corners,low,63.7,MEDIA,poisson_lean,0.8,"Aproximacion: corners tienen sobredispersion; usar como radar, no como apuesta core."
2026-06-20,Ecuador,Curacao,total_corners,Over,10.5,0.1861,5.373,5.642,5.911,6.179,poisson_approx_from_expected_corners,low,63.7,MEDIA,poisson_lean,0.8,"Aproximacion: corners tienen sobredispersion; usar como radar, no como apuesta core."
2026-06-20,Ecuador,Curacao,total_corners,Under,10.5,0.8139,1.229,1.29,1.352,1.413,poisson_approx_from_expected_corners,low,63.7,MEDIA,poisson_lean,0.8,"Aproximacion: corners tienen sobredispersion; usar como radar, no como apuesta core."
2026-06-20,Ecuador,Curacao,total_goals,Over,1.5,0.8616,1.161,1.219,1.277,1.335,poisson_total_goals,medium,63.7,MEDIA,poisson_lean,0.8,
2026-06-20,Ecuador,Curacao,total_goals,Under,1.5,0.1384,7.223,7.584,7.945,8.306,poisson_total_goals,medium,63.7,MEDIA,poisson_lean,0.8,
2026-06-20,Ecuador,Curacao,total_goals,Over,2.5,0.6906,1.448,1.52,1.593,1.665,ensemble_over25,medium,63.7,MEDIA,poisson_lean,0.8,
2026-06-20,Ecuador,Curacao,total_goals,Under,2.5,0.3094,3.232,3.394,3.555,3.717,ensemble_over25,medium,63.7,MEDIA,poisson_lean,0.8,
2026-06-20,Ecuador,Curacao,total_goals,Over,3.5,0.4582,2.183,2.292,2.401,2.51,poisson_total_goals,medium,63.7,MEDIA,poisson_lean,0.8,
2026-06-20,Ecuador,Curacao,total_goals,Under,3.5,0.5418,1.846,1.938,2.03,2.122,poisson_total_goals,medium,63.7,MEDIA,poisson_lean,0.8,
2026-06-20,Germany,Ivory Coast,btts,No,,0.5274,1.896,1.991,2.086,2.181,ensemble_btts,high,52.2,MEDIA,xgb_lean,0.2757,
2026-06-20,Germany,Ivory Coast,btts,Yes,,0.4726,2.116,2.222,2.328,2.433,ensemble_btts,high,52.2,MEDIA,xgb_lean,0.2757,
2026-06-20,Germany,Ivory Coast,clean_sheet,Germany No,,0.5569,1.796,1.885,1.975,2.065,poisson_opponent_goals_zero,derived,52.2,MEDIA,xgb_lean,0.2757,
2026-06-20,Germany,Ivory Coast,clean_sheet,Germany Yes,,0.4431,2.257,2.37,2.483,2.595,poisson_opponent_goals_zero,derived,52.2,MEDIA,xgb_lean,0.2757,
2026-06-20,Germany,Ivory Coast,clean_sheet,Ivory Coast No,,0.8569,1.167,1.225,1.284,1.342,poisson_opponent_goals_zero,derived,52.2,MEDIA,xgb_lean,0.2757,
2026-06-20,Germany,Ivory Coast,clean_sheet,Ivory Coast Yes,,0.1431,6.987,7.336,7.685,8.035,poisson_opponent_goals_zero,derived,52.2,MEDIA,xgb_lean,0.2757,
2026-06-20,Germany,Ivory Coast,double_chance,Germany or Draw,,0.8607,1.162,1.22,1.278,1.336,derived_from_1x2,medium,52.2,MEDIA,xgb_lean,0.2757,
2026-06-20,Germany,Ivory Coast,double_chance,Germany or Ivory Coast,,0.8299,1.205,1.265,1.325,1.386,derived_from_1x2,medium,52.2,MEDIA,xgb_lean,0.2757,
2026-06-20,Germany,Ivory Coast,double_chance,Ivory Coast or Draw,,0.3094,3.232,3.394,3.555,3.717,derived_from_1x2,medium,52.2,MEDIA,xgb_lean,0.2757,
2026-06-20,Germany,Ivory Coast,draw_no_bet,Germany,,0.8321,1.202,1.262,1.322,1.382,derived_from_1x2,medium,52.2,MEDIA,xgb_lean,0.2757,Probabilidad condicionada a que no haya empate; empate void.
2026-06-20,Germany,Ivory Coast,draw_no_bet,Ivory Coast,,0.1679,5.958,6.256,6.553,6.851,derived_from_1x2,medium,52.2,MEDIA,xgb_lean,0.2757,Probabilidad condicionada a que no haya empate; empate void.
2026-06-20,Germany,Ivory Coast,h2h,Draw,,0.1701,5.879,6.173,6.467,6.761,ensemble_1x2,medium,52.2,MEDIA,xgb_lean,0.2757,No usar como apuesta core hasta recalibrar empates.
2026-06-20,Germany,Ivory Coast,h2h,Germany,,0.6906,1.448,1.52,1.593,1.665,ensemble_1x2,medium,52.2,MEDIA,xgb_lean,0.2757,
2026-06-20,Germany,Ivory Coast,h2h,Ivory Coast,,0.1393,7.179,7.538,7.897,8.256,ensemble_1x2,high,52.2,MEDIA,xgb_lean,0.2757,
2026-06-20,Germany,Ivory Coast,team_goals,Germany Over,0.5,0.8569,1.167,1.225,1.284,1.342,poisson_home_goals,derived,52.2,MEDIA,xgb_lean,0.2757,
2026-06-20,Germany,Ivory Coast,team_goals,Germany Under,0.5,0.1431,6.987,7.336,7.685,8.035,poisson_home_goals,derived,52.2,MEDIA,xgb_lean,0.2757,
2026-06-20,Germany,Ivory Coast,team_goals,Ivory Coast Over,0.5,0.5569,1.796,1.885,1.975,2.065,poisson_away_goals,derived,52.2,MEDIA,xgb_lean,0.2757,
2026-06-20,Germany,Ivory Coast,team_goals,Ivory Coast Under,0.5,0.4431,2.257,2.37,2.483,2.595,poisson_away_goals,derived,52.2,MEDIA,xgb_lean,0.2757,
2026-06-20,Germany,Ivory Coast,team_goals,Germany Over,1.5,0.5786,1.728,1.815,1.901,1.987,poisson_home_goals,derived,52.2,MEDIA,xgb_lean,0.2757,
2026-06-20,Germany,Ivory Coast,team_goals,Germany Under,1.5,0.4214,2.373,2.492,2.61,2.729,poisson_home_goals,derived,52.2,MEDIA,xgb_lean,0.2757,
2026-06-20,Germany,Ivory Coast,team_goals,Ivory Coast Over,1.5,0.1962,5.096,5.35,5.605,5.86,poisson_away_goals,derived,52.2,MEDIA,xgb_lean,0.2757,
2026-06-20,Germany,Ivory Coast,team_goals,Ivory Coast Under,1.5,0.8038,1.244,1.306,1.369,1.431,poisson_away_goals,derived,52.2,MEDIA,xgb_lean,0.2757,
2026-06-20,Germany,Ivory Coast,team_goals,Germany Over,2.5,0.3082,3.245,3.407,3.569,3.732,poisson_home_goals,derived,52.2,MEDIA,xgb_lean,0.2757,
2026-06-20,Germany,Ivory Coast,team_goals,Germany Under,2.5,0.6918,1.445,1.518,1.59,1.662,poisson_home_goals,derived,52.2,MEDIA,xgb_lean,0.2757,
2026-06-20,Germany,Ivory Coast,team_goals,Ivory Coast Over,2.5,0.0495,20.22,21.231,22.242,23.253,poisson_away_goals,derived,52.2,MEDIA,xgb_lean,0.2757,
2026-06-20,Germany,Ivory Coast,team_goals,Ivory Coast Under,2.5,0.9505,1.052,1.105,1.157,1.21,poisson_away_goals,derived,52.2,MEDIA,xgb_lean,0.2757,
2026-06-20,Germany,Ivory Coast,total_corners,Over,8.5,0.4645,2.153,2.261,2.368,2.476,poisson_approx_from_expected_corners,low,52.2,MEDIA,xgb_lean,0.2757,"Aproximacion: corners tienen sobredispersion; usar como radar, no como apuesta core."
2026-06-20,Germany,Ivory Coast,total_corners,Under,8.5,0.5355,1.867,1.961,2.054,2.147,poisson_approx_from_expected_corners,low,52.2,MEDIA,xgb_lean,0.2757,"Aproximacion: corners tienen sobredispersion; usar como radar, no como apuesta core."
2026-06-20,Germany,Ivory Coast,total_corners,Over,9.5,0.3354,2.982,3.131,3.28,3.429,poisson_approx_from_expected_corners,low,52.2,MEDIA,xgb_lean,0.2757,"Aproximacion: corners tienen sobredispersion; usar como radar, no como apuesta core."
2026-06-20,Germany,Ivory Coast,total_corners,Under,9.5,0.6646,1.505,1.58,1.655,1.73,poisson_approx_from_expected_corners,low,52.2,MEDIA,xgb_lean,0.2757,"Aproximacion: corners tienen sobredispersion; usar como radar, no como apuesta core."
2026-06-20,Germany,Ivory Coast,total_corners,Over,10.5,0.2268,4.409,4.63,4.85,5.071,poisson_approx_from_expected_corners,low,52.2,MEDIA,xgb_lean,0.2757,"Aproximacion: corners tienen sobredispersion; usar como radar, no como apuesta core."
2026-06-20,Germany,Ivory Coast,total_corners,Under,10.5,0.7732,1.293,1.358,1.423,1.487,poisson_approx_from_expected_corners,low,52.2,MEDIA,xgb_lean,0.2757,"Aproximacion: corners tienen sobredispersion; usar como radar, no como apuesta core."
2026-06-20,Germany,Ivory Coast,total_goals,Over,1.5,0.7617,1.313,1.379,1.444,1.51,poisson_total_goals,high,52.2,MEDIA,xgb_lean,0.2757,
2026-06-20,Germany,Ivory Coast,total_goals,Under,1.5,0.2383,4.196,4.406,4.616,4.825,poisson_total_goals,high,52.2,MEDIA,xgb_lean,0.2757,
2026-06-20,Germany,Ivory Coast,total_goals,Over,2.5,0.5303,1.886,1.98,2.074,2.169,ensemble_over25,high,52.2,MEDIA,xgb_lean,0.2757,
2026-06-20,Germany,Ivory Coast,total_goals,Under,2.5,0.4697,2.129,2.235,2.342,2.448,ensemble_over25,high,52.2,MEDIA,xgb_lean,0.2757,
2026-06-20,Germany,Ivory Coast,total_goals,Over,3.5,0.2987,3.347,3.515,3.682,3.85,poisson_total_goals,high,52.2,MEDIA,xgb_lean,0.2757,
2026-06-20,Germany,Ivory Coast,total_goals,Under,3.5,0.7013,1.426,1.497,1.569,1.64,poisson_total_goals,high,52.2,MEDIA,xgb_lean,0.2757,
2026-06-20,Netherlands,Sweden,btts,No,,0.4974,2.01,2.111,2.211,2.312,ensemble_btts,high,56.1,MEDIA,xgb_lean,0.3228,
2026-06-20,Netherlands,Sweden,btts,Yes,,0.5026,1.99,2.089,2.189,2.288,ensemble_btts,high,56.1,MEDIA,xgb_lean,0.3228,
2026-06-20,Netherlands,Sweden,clean_sheet,Netherlands No,,0.5794,1.726,1.812,1.899,1.985,poisson_opponent_goals_zero,derived,56.1,MEDIA,xgb_lean,0.3228,
2026-06-20,Netherlands,Sweden,clean_sheet,Netherlands Yes,,0.4206,2.377,2.496,2.615,2.734,poisson_opponent_goals_zero,derived,56.1,MEDIA,xgb_lean,0.3228,
2026-06-20,Netherlands,Sweden,clean_sheet,Sweden No,,0.8888,1.125,1.181,1.238,1.294,poisson_opponent_goals_zero,derived,56.1,MEDIA,xgb_lean,0.3228,
2026-06-20,Netherlands,Sweden,clean_sheet,Sweden Yes,,0.1112,8.989,9.438,9.888,10.337,poisson_opponent_goals_zero,derived,56.1,MEDIA,xgb_lean,0.3228,
2026-06-20,Netherlands,Sweden,double_chance,Netherlands or Draw,,0.8863,1.128,1.185,1.241,1.298,derived_from_1x2,medium,56.1,MEDIA,xgb_lean,0.3228,
2026-06-20,Netherlands,Sweden,double_chance,Netherlands or Sweden,,0.8344,1.198,1.258,1.318,1.378,derived_from_1x2,medium,56.1,MEDIA,xgb_lean,0.3228,
2026-06-20,Netherlands,Sweden,double_chance,Sweden or Draw,,0.2793,3.58,3.759,3.938,4.117,derived_from_1x2,high,56.1,MEDIA,xgb_lean,0.3228,
2026-06-20,Netherlands,Sweden,draw_no_bet,Netherlands,,0.8637,1.158,1.216,1.274,1.331,derived_from_1x2,medium,56.1,MEDIA,xgb_lean,0.3228,Probabilidad condicionada a que no haya empate; empate void.
2026-06-20,Netherlands,Sweden,draw_no_bet,Sweden,,0.1363,7.339,7.706,8.072,8.439,derived_from_1x2,medium,56.1,MEDIA,xgb_lean,0.3228,Probabilidad condicionada a que no haya empate; empate void.
2026-06-20,Netherlands,Sweden,h2h,Draw,,0.1656,6.039,6.341,6.643,6.944,ensemble_1x2,high,56.1,MEDIA,xgb_lean,0.3228,No usar como apuesta core hasta recalibrar empates.
2026-06-20,Netherlands,Sweden,h2h,Netherlands,,0.7207,1.388,1.457,1.526,1.596,ensemble_1x2,medium,56.1,MEDIA,xgb_lean,0.3228,
2026-06-20,Netherlands,Sweden,h2h,Sweden,,0.1137,8.795,9.235,9.675,10.114,ensemble_1x2,high,56.1,MEDIA,xgb_lean,0.3228,
2026-06-20,Netherlands,Sweden,team_goals,Netherlands Over,0.5,0.8888,1.125,1.181,1.238,1.294,poisson_home_goals,derived,56.1,MEDIA,xgb_lean,0.3228,
2026-06-20,Netherlands,Sweden,team_goals,Netherlands Under,0.5,0.1112,8.989,9.438,9.888,10.337,poisson_home_goals,derived,56.1,MEDIA,xgb_lean,0.3228,
2026-06-20,Netherlands,Sweden,team_goals,Sweden Over,0.5,0.5794,1.726,1.812,1.899,1.985,poisson_away_goals,derived,56.1,MEDIA,xgb_lean,0.3228,
2026-06-20,Netherlands,Sweden,team_goals,Sweden Under,0.5,0.4206,2.377,2.496,2.615,2.734,poisson_away_goals,derived,56.1,MEDIA,xgb_lean,0.3228,
2026-06-20,Netherlands,Sweden,team_goals,Netherlands Over,1.5,0.6445,1.552,1.629,1.707,1.784,poisson_home_goals,derived,56.1,MEDIA,xgb_lean,0.3228,
2026-06-20,Netherlands,Sweden,team_goals,Netherlands Under,1.5,0.3555,2.813,2.953,3.094,3.234,poisson_home_goals,derived,56.1,MEDIA,xgb_lean,0.3228,
2026-06-20,Netherlands,Sweden,team_goals,Sweden Over,1.5,0.2151,4.649,4.881,5.114,5.346,poisson_away_goals,derived,56.1,MEDIA,xgb_lean,0.3228,
2026-06-20,Netherlands,Sweden,team_goals,Sweden Under,1.5,0.7849,1.274,1.338,1.401,1.465,poisson_away_goals,derived,56.1,MEDIA,xgb_lean,0.3228,
2026-06-20,Netherlands,Sweden,team_goals,Netherlands Over,2.5,0.3762,2.658,2.791,2.924,3.057,poisson_home_goals,derived,56.1,MEDIA,xgb_lean,0.3228,
2026-06-20,Netherlands,Sweden,team_goals,Netherlands Under,2.5,0.6238,1.603,1.683,1.763,1.844,poisson_home_goals,derived,56.1,MEDIA,xgb_lean,0.3228,
2026-06-20,Netherlands,Sweden,team_goals,Sweden Over,2.5,0.0574,17.429,18.3,19.172,20.043,poisson_away_goals,derived,56.1,MEDIA,xgb_lean,0.3228,
2026-06-20,Netherlands,Sweden,team_goals,Sweden Under,2.5,0.9426,1.061,1.114,1.167,1.22,poisson_away_goals,derived,56.1,MEDIA,xgb_lean,0.3228,
2026-06-20,Netherlands,Sweden,total_corners,Over,8.5,0.4158,2.405,2.525,2.645,2.766,poisson_approx_from_expected_corners,low,56.1,MEDIA,xgb_lean,0.3228,"Aproximacion: corners tienen sobredispersion; usar como radar, no como apuesta core."
2026-06-20,Netherlands,Sweden,total_corners,Under,8.5,0.5842,1.712,1.797,1.883,1.969,poisson_approx_from_expected_corners,low,56.1,MEDIA,xgb_lean,0.3228,"Aproximacion: corners tienen sobredispersion; usar como radar, no como apuesta core."
2026-06-20,Netherlands,Sweden,total_corners,Over,9.5,0.2908,3.438,3.61,3.782,3.954,poisson_approx_from_expected_corners,low,56.1,MEDIA,xgb_lean,0.3228,"Aproximacion: corners tienen sobredispersion; usar como radar, no como apuesta core."
2026-06-20,Netherlands,Sweden,total_corners,Under,9.5,0.7092,1.41,1.481,1.551,1.622,poisson_approx_from_expected_corners,low,56.1,MEDIA,xgb_lean,0.3228,"Aproximacion: corners tienen sobredispersion; usar como radar, no como apuesta core."
2026-06-20,Netherlands,Sweden,total_corners,Over,10.5,0.1901,5.26,5.523,5.786,6.049,poisson_approx_from_expected_corners,low,56.1,MEDIA,xgb_lean,0.3228,"Aproximacion: corners tienen sobredispersion; usar como radar, no como apuesta core."
2026-06-20,Netherlands,Sweden,total_corners,Under,10.5,0.8099,1.235,1.296,1.358,1.42,poisson_approx_from_expected_corners,low,56.1,MEDIA,xgb_lean,0.3228,"Aproximacion: corners tienen sobredispersion; usar como radar, no como apuesta core."
2026-06-20,Netherlands,Sweden,total_goals,Over,1.5,0.8099,1.235,1.296,1.358,1.42,poisson_total_goals,high,56.1,MEDIA,xgb_lean,0.3228,
2026-06-20,Netherlands,Sweden,total_goals,Under,1.5,0.1901,5.261,5.524,5.787,6.05,poisson_total_goals,high,56.1,MEDIA,xgb_lean,0.3228,
2026-06-20,Netherlands,Sweden,total_goals,Over,2.5,0.5989,1.67,1.753,1.837,1.92,ensemble_over25,high,56.1,MEDIA,xgb_lean,0.3228,
2026-06-20,Netherlands,Sweden,total_goals,Under,2.5,0.4011,2.493,2.618,2.742,2.867,ensemble_over25,high,56.1,MEDIA,xgb_lean,0.3228,
2026-06-20,Netherlands,Sweden,total_goals,Over,3.5,0.3667,2.727,2.864,3.0,3.136,poisson_total_goals,high,56.1,MEDIA,xgb_lean,0.3228,
2026-06-20,Netherlands,Sweden,total_goals,Under,3.5,0.6333,1.579,1.658,1.737,1.816,poisson_total_goals,high,56.1,MEDIA,xgb_lean,0.3228,
2026-06-20,Tunisia,Japan,btts,No,,0.555,1.802,1.892,1.982,2.072,ensemble_btts,high,43.9,BAJA,blend,0.5285,
2026-06-20,Tunisia,Japan,btts,Yes,,0.445,2.247,2.36,2.472,2.584,ensemble_btts,high,43.9,BAJA,blend,0.5285,
2026-06-20,Tunisia,Japan,clean_sheet,Japan No,,0.591,1.692,1.777,1.861,1.946,poisson_opponent_goals_zero,derived,43.9,BAJA,blend,0.5285,
2026-06-20,Tunisia,Japan,clean_sheet,Japan Yes,,0.409,2.445,2.567,2.689,2.812,poisson_opponent_goals_zero,derived,43.9,BAJA,blend,0.5285,
2026-06-20,Tunisia,Japan,clean_sheet,Tunisia No,,0.7913,1.264,1.327,1.39,1.453,poisson_opponent_goals_zero,derived,43.9,BAJA,blend,0.5285,
2026-06-20,Tunisia,Japan,clean_sheet,Tunisia Yes,,0.2087,4.792,5.032,5.271,5.511,poisson_opponent_goals_zero,derived,43.9,BAJA,blend,0.5285,
2026-06-20,Tunisia,Japan,double_chance,Japan or Draw,,0.8287,1.207,1.267,1.327,1.388,derived_from_1x2,medium,43.9,BAJA,blend,0.5285,
2026-06-20,Tunisia,Japan,double_chance,Tunisia or Draw,,0.4612,2.168,2.277,2.385,2.493,derived_from_1x2,medium,43.9,BAJA,blend,0.5285,
2026-06-20,Tunisia,Japan,double_chance,Tunisia or Japan,,0.7099,1.409,1.479,1.55,1.62,derived_from_1x2,medium,43.9,BAJA,blend,0.5285,
2026-06-20,Tunisia,Japan,draw_no_bet,Japan,,0.7588,1.318,1.384,1.45,1.515,derived_from_1x2,medium,43.9,BAJA,blend,0.5285,Probabilidad condicionada a que no haya empate; empate void.
2026-06-20,Tunisia,Japan,draw_no_bet,Tunisia,,0.2412,4.147,4.354,4.561,4.769,derived_from_1x2,medium,43.9,BAJA,blend,0.5285,Probabilidad condicionada a que no haya empate; empate void.
2026-06-20,Tunisia,Japan,h2h,Draw,,0.29,3.448,3.621,3.793,3.966,ensemble_1x2,medium,43.9,BAJA,blend,0.5285,No usar como apuesta core hasta recalibrar empates.
2026-06-20,Tunisia,Japan,h2h,Japan,,0.5387,1.856,1.949,2.042,2.135,ensemble_1x2,high,43.9,BAJA,blend,0.5285,
2026-06-20,Tunisia,Japan,h2h,Tunisia,,0.1712,5.841,6.133,6.425,6.717,ensemble_1x2,medium,43.9,BAJA,blend,0.5285,
2026-06-20,Tunisia,Japan,team_goals,Japan Over,0.5,0.7913,1.264,1.327,1.39,1.453,poisson_away_goals,derived,43.9,BAJA,blend,0.5285,
2026-06-20,Tunisia,Japan,team_goals,Japan Under,0.5,0.2087,4.792,5.032,5.271,5.511,poisson_away_goals,derived,43.9,BAJA,blend,0.5285,
2026-06-20,Tunisia,Japan,team_goals,Tunisia Over,0.5,0.591,1.692,1.777,1.861,1.946,poisson_home_goals,derived,43.9,BAJA,blend,0.5285,
2026-06-20,Tunisia,Japan,team_goals,Tunisia Under,0.5,0.409,2.445,2.567,2.689,2.812,poisson_home_goals,derived,43.9,BAJA,blend,0.5285,
2026-06-20,Tunisia,Japan,team_goals,Japan Over,1.5,0.4643,2.154,2.261,2.369,2.477,poisson_away_goals,derived,43.9,BAJA,blend,0.5285,
2026-06-20,Tunisia,Japan,team_goals,Japan Under,1.5,0.5357,1.867,1.96,2.054,2.147,poisson_away_goals,derived,43.9,BAJA,blend,0.5285,
2026-06-20,Tunisia,Japan,team_goals,Tunisia Over,1.5,0.2253,4.438,4.66,4.882,5.104,poisson_home_goals,derived,43.9,BAJA,blend,0.5285,
2026-06-20,Tunisia,Japan,team_goals,Tunisia Under,1.5,0.7747,1.291,1.355,1.42,1.484,poisson_home_goals,derived,43.9,BAJA,blend,0.5285,
2026-06-20,Tunisia,Japan,team_goals,Japan Over,2.5,0.2081,4.804,5.044,5.285,5.525,poisson_away_goals,derived,43.9,BAJA,blend,0.5285,
2026-06-20,Tunisia,Japan,team_goals,Japan Under,2.5,0.7919,1.263,1.326,1.389,1.452,poisson_away_goals,derived,43.9,BAJA,blend,0.5285,
2026-06-20,Tunisia,Japan,team_goals,Tunisia Over,2.5,0.0619,16.162,16.97,17.778,18.587,poisson_home_goals,derived,43.9,BAJA,blend,0.5285,
2026-06-20,Tunisia,Japan,team_goals,Tunisia Under,2.5,0.9381,1.066,1.119,1.173,1.226,poisson_home_goals,derived,43.9,BAJA,blend,0.5285,
2026-06-20,Tunisia,Japan,total_corners,Over,8.5,0.5704,1.753,1.841,1.929,2.016,poisson_approx_from_expected_corners,low,43.9,BAJA,blend,0.5285,"Aproximacion: corners tienen sobredispersion; usar como radar, no como apuesta core."
2026-06-20,Tunisia,Japan,total_corners,Under,8.5,0.4296,2.328,2.444,2.56,2.677,poisson_approx_from_expected_corners,low,43.9,BAJA,blend,0.5285,"Aproximacion: corners tienen sobredispersion; usar como radar, no como apuesta core."
2026-06-20,Tunisia,Japan,total_corners,Over,9.5,0.4389,2.278,2.392,2.506,2.62,poisson_approx_from_expected_corners,low,43.9,BAJA,blend,0.5285,"Aproximacion: corners tienen sobredispersion; usar como radar, no como apuesta core."
2026-06-20,Tunisia,Japan,total_corners,Under,9.5,0.5611,1.782,1.871,1.961,2.05,poisson_approx_from_expected_corners,low,43.9,BAJA,blend,0.5285,"Aproximacion: corners tienen sobredispersion; usar como radar, no como apuesta core."
2026-06-20,Tunisia,Japan,total_corners,Over,10.5,0.318,3.145,3.302,3.459,3.617,poisson_approx_from_expected_corners,low,43.9,BAJA,blend,0.5285,"Aproximacion: corners tienen sobredispersion; usar como radar, no como apuesta core."
2026-06-20,Tunisia,Japan,total_corners,Under,10.5,0.682,1.466,1.54,1.613,1.686,poisson_approx_from_expected_corners,low,43.9,BAJA,blend,0.5285,"Aproximacion: corners tienen sobredispersion; usar como radar, no como apuesta core."
2026-06-20,Tunisia,Japan,total_goals,Over,1.5,0.7046,1.419,1.49,1.561,1.632,poisson_total_goals,high,43.9,BAJA,blend,0.5285,
2026-06-20,Tunisia,Japan,total_goals,Under,1.5,0.2954,3.385,3.555,3.724,3.893,poisson_total_goals,high,43.9,BAJA,blend,0.5285,
2026-06-20,Tunisia,Japan,total_goals,Over,2.5,0.4266,2.344,2.461,2.579,2.696,ensemble_over25,high,43.9,BAJA,blend,0.5285,
2026-06-20,Tunisia,Japan,total_goals,Under,2.5,0.5734,1.744,1.831,1.918,2.006,ensemble_over25,high,43.9,BAJA,blend,0.5285,
2026-06-20,Tunisia,Japan,total_goals,Over,3.5,0.2341,4.271,4.485,4.698,4.912,poisson_total_goals,high,43.9,BAJA,blend,0.5285,
2026-06-20,Tunisia,Japan,total_goals,Under,3.5,0.7659,1.306,1.371,1.436,1.502,poisson_total_goals,high,43.9,BAJA,blend,0.5285,
2026-06-21,Belgium,Iran,btts,No,,0.4572,2.187,2.297,2.406,2.515,ensemble_btts,high,67.0,ALTA,blend,0.6071,
2026-06-21,Belgium,Iran,btts,Yes,,0.5428,1.842,1.934,2.027,2.119,ensemble_btts,high,67.0,ALTA,blend,0.6071,
2026-06-21,Belgium,Iran,clean_sheet,Belgium No,,0.6634,1.507,1.583,1.658,1.733,poisson_opponent_goals_zero,derived,67.0,ALTA,blend,0.6071,
2026-06-21,Belgium,Iran,clean_sheet,Belgium Yes,,0.3366,2.971,3.12,3.268,3.417,poisson_opponent_goals_zero,derived,67.0,ALTA,blend,0.6071,
2026-06-21,Belgium,Iran,clean_sheet,Iran No,,0.8281,1.208,1.268,1.328,1.389,poisson_opponent_goals_zero,derived,67.0,ALTA,blend,0.6071,
2026-06-21,Belgium,Iran,clean_sheet,Iran Yes,,0.1719,5.818,6.109,6.4,6.691,poisson_opponent_goals_zero,derived,67.0,ALTA,blend,0.6071,
2026-06-21,Belgium,Iran,double_chance,Belgium or Draw,,0.7861,1.272,1.336,1.399,1.463,derived_from_1x2,medium,67.0,ALTA,blend,0.6071,
2026-06-21,Belgium,Iran,double_chance,Belgium or Iran,,0.7686,1.301,1.366,1.431,1.496,derived_from_1x2,medium,67.0,ALTA,blend,0.6071,
2026-06-21,Belgium,Iran,double_chance,Iran or Draw,,0.4453,2.246,2.358,2.47,2.583,derived_from_1x2,medium,67.0,ALTA,blend,0.6071,
2026-06-21,Belgium,Iran,draw_no_bet,Belgium,,0.7217,1.386,1.455,1.524,1.593,derived_from_1x2,medium,67.0,ALTA,blend,0.6071,Probabilidad condicionada a que no haya empate; empate void.
2026-06-21,Belgium,Iran,draw_no_bet,Iran,,0.2783,3.593,3.773,3.953,4.132,derived_from_1x2,medium,67.0,ALTA,blend,0.6071,Probabilidad condicionada a que no haya empate; empate void.
2026-06-21,Belgium,Iran,h2h,Belgium,,0.5547,1.803,1.893,1.983,2.073,ensemble_1x2,medium,67.0,ALTA,blend,0.6071,
2026-06-21,Belgium,Iran,h2h,Draw,,0.2314,4.322,4.538,4.754,4.97,ensemble_1x2,high,67.0,ALTA,blend,0.6071,No usar como apuesta core hasta recalibrar empates.
2026-06-21,Belgium,Iran,h2h,Iran,,0.2139,4.675,4.909,5.143,5.376,ensemble_1x2,medium,67.0,ALTA,blend,0.6071,
2026-06-21,Belgium,Iran,team_goals,Belgium Over,0.5,0.8281,1.208,1.268,1.328,1.389,poisson_home_goals,derived,67.0,ALTA,blend,0.6071,
2026-06-21,Belgium,Iran,team_goals,Belgium Under,0.5,0.1719,5.818,6.109,6.4,6.691,poisson_home_goals,derived,67.0,ALTA,blend,0.6071,
2026-06-21,Belgium,Iran,team_goals,Iran Over,0.5,0.6634,1.507,1.583,1.658,1.733,poisson_away_goals,derived,67.0,ALTA,blend,0.6071,
2026-06-21,Belgium,Iran,team_goals,Iran Under,0.5,0.3366,2.971,3.12,3.268,3.417,poisson_away_goals,derived,67.0,ALTA,blend,0.6071,
2026-06-21,Belgium,Iran,team_goals,Belgium Over,1.5,0.5255,1.903,1.998,2.093,2.189,poisson_home_goals,derived,67.0,ALTA,blend,0.6071,
2026-06-21,Belgium,Iran,team_goals,Belgium Under,1.5,0.4745,2.107,2.213,2.318,2.423,poisson_home_goals,derived,67.0,ALTA,blend,0.6071,
2026-06-21,Belgium,Iran,team_goals,Iran Over,1.5,0.2969,3.368,3.536,3.704,3.873,poisson_away_goals,derived,67.0,ALTA,blend,0.6071,
2026-06-21,Belgium,Iran,team_goals,Iran Under,1.5,0.7031,1.422,1.493,1.565,1.636,poisson_away_goals,derived,67.0,ALTA,blend,0.6071,
2026-06-21,Belgium,Iran,team_goals,Belgium Over,2.5,0.259,3.862,4.055,4.248,4.441,poisson_home_goals,derived,67.0,ALTA,blend,0.6071,
2026-06-21,Belgium,Iran,team_goals,Belgium Under,2.5,0.741,1.349,1.417,1.484,1.552,poisson_home_goals,derived,67.0,ALTA,blend,0.6071,
2026-06-21,Belgium,Iran,team_goals,Iran Over,2.5,0.0974,10.269,10.783,11.296,11.81,poisson_away_goals,derived,67.0,ALTA,blend,0.6071,
2026-06-21,Belgium,Iran,team_goals,Iran Under,2.5,0.9026,1.108,1.163,1.219,1.274,poisson_away_goals,derived,67.0,ALTA,blend,0.6071,
2026-06-21,Belgium,Iran,total_corners,Over,8.5,0.2605,3.838,4.03,4.222,4.414,poisson_approx_from_expected_corners,low,67.0,ALTA,blend,0.6071,"Aproximacion: corners tienen sobredispersion; usar como radar, no como apuesta core."
2026-06-21,Belgium,Iran,total_corners,Under,8.5,0.7395,1.352,1.42,1.488,1.555,poisson_approx_from_expected_corners,low,67.0,ALTA,blend,0.6071,"Aproximacion: corners tienen sobredispersion; usar como radar, no como apuesta core."
2026-06-21,Belgium,Iran,total_corners,Over,9.5,0.1615,6.193,6.502,6.812,7.121,poisson_approx_from_expected_corners,low,67.0,ALTA,blend,0.6071,"Aproximacion: corners tienen sobredispersion; usar como radar, no como apuesta core."
2026-06-21,Belgium,Iran,total_corners,Under,9.5,0.8385,1.193,1.252,1.312,1.371,poisson_approx_from_expected_corners,low,67.0,ALTA,blend,0.6071,"Aproximacion: corners tienen sobredispersion; usar como radar, no como apuesta core."
2026-06-21,Belgium,Iran,total_corners,Over,10.5,0.0929,10.76,11.298,11.836,12.374,poisson_approx_from_expected_corners,low,67.0,ALTA,blend,0.6071,"Aproximacion: corners tienen sobredispersion; usar como radar, no como apuesta core."
2026-06-21,Belgium,Iran,total_corners,Under,10.5,0.9071,1.102,1.158,1.213,1.268,poisson_approx_from_expected_corners,low,67.0,ALTA,blend,0.6071,"Aproximacion: corners tienen sobredispersion; usar como radar, no como apuesta core."
2026-06-21,Belgium,Iran,total_goals,Over,1.5,0.7773,1.287,1.351,1.415,1.479,poisson_total_goals,high,67.0,ALTA,blend,0.6071,
2026-06-21,Belgium,Iran,total_goals,Under,1.5,0.2227,4.49,4.715,4.939,5.164,poisson_total_goals,high,67.0,ALTA,blend,0.6071,
2026-06-21,Belgium,Iran,total_goals,Over,2.5,0.5559,1.799,1.889,1.979,2.069,ensemble_over25,high,67.0,ALTA,blend,0.6071,
2026-06-21,Belgium,Iran,total_goals,Under,2.5,0.4441,2.252,2.364,2.477,2.59,ensemble_over25,high,67.0,ALTA,blend,0.6071,
2026-06-21,Belgium,Iran,total_goals,Over,3.5,0.3192,3.133,3.289,3.446,3.603,poisson_total_goals,high,67.0,ALTA,blend,0.6071,
2026-06-21,Belgium,Iran,total_goals,Under,3.5,0.6808,1.469,1.542,1.616,1.689,poisson_total_goals,high,67.0,ALTA,blend,0.6071,
2026-06-21,New Zealand,Egypt,btts,No,,0.5288,1.891,1.986,2.08,2.175,ensemble_btts,high,53.0,MEDIA,blend,0.4749,
2026-06-21,New Zealand,Egypt,btts,Yes,,0.4712,2.122,2.228,2.334,2.441,ensemble_btts,high,53.0,MEDIA,blend,0.4749,
2026-06-21,New Zealand,Egypt,clean_sheet,Egypt No,,0.6148,1.627,1.708,1.789,1.871,poisson_opponent_goals_zero,derived,53.0,MEDIA,blend,0.4749,
2026-06-21,New Zealand,Egypt,clean_sheet,Egypt Yes,,0.3852,2.596,2.726,2.856,2.985,poisson_opponent_goals_zero,derived,53.0,MEDIA,blend,0.4749,
2026-06-21,New Zealand,Egypt,clean_sheet,New Zealand No,,0.7337,1.363,1.431,1.499,1.567,poisson_opponent_goals_zero,derived,53.0,MEDIA,blend,0.4749,
2026-06-21,New Zealand,Egypt,clean_sheet,New Zealand Yes,,0.2663,3.755,3.942,4.13,4.318,poisson_opponent_goals_zero,derived,53.0,MEDIA,blend,0.4749,
2026-06-21,New Zealand,Egypt,double_chance,Egypt or Draw,,0.757,1.321,1.387,1.453,1.519,derived_from_1x2,medium,53.0,MEDIA,blend,0.4749,
2026-06-21,New Zealand,Egypt,double_chance,New Zealand or Draw,,0.5525,1.81,1.9,1.991,2.081,derived_from_1x2,medium,53.0,MEDIA,blend,0.4749,
2026-06-21,New Zealand,Egypt,double_chance,New Zealand or Egypt,,0.6905,1.448,1.521,1.593,1.665,derived_from_1x2,medium,53.0,MEDIA,blend,0.4749,
2026-06-21,New Zealand,Egypt,draw_no_bet,Egypt,,0.6481,1.543,1.62,1.697,1.774,derived_from_1x2,medium,53.0,MEDIA,blend,0.4749,Probabilidad condicionada a que no haya empate; empate void.
2026-06-21,New Zealand,Egypt,draw_no_bet,New Zealand,,0.3519,2.842,2.984,3.126,3.268,derived_from_1x2,medium,53.0,MEDIA,blend,0.4749,Probabilidad condicionada a que no haya empate; empate void.
2026-06-21,New Zealand,Egypt,h2h,Draw,,0.3095,3.231,3.393,3.554,3.716,ensemble_1x2,medium,53.0,MEDIA,blend,0.4749,No usar como apuesta core hasta recalibrar empates.
2026-06-21,New Zealand,Egypt,h2h,Egypt,,0.4475,2.235,2.346,2.458,2.57,ensemble_1x2,high,53.0,MEDIA,blend,0.4749,
2026-06-21,New Zealand,Egypt,h2h,New Zealand,,0.243,4.115,4.321,4.527,4.733,ensemble_1x2,medium,53.0,MEDIA,blend,0.4749,
2026-06-21,New Zealand,Egypt,team_goals,Egypt Over,0.5,0.7337,1.363,1.431,1.499,1.567,poisson_away_goals,derived,53.0,MEDIA,blend,0.4749,
2026-06-21,New Zealand,Egypt,team_goals,Egypt Under,0.5,0.2663,3.755,3.942,4.13,4.318,poisson_away_goals,derived,53.0,MEDIA,blend,0.4749,
2026-06-21,New Zealand,Egypt,team_goals,New Zealand Over,0.5,0.6148,1.627,1.708,1.789,1.871,poisson_home_goals,derived,53.0,MEDIA,blend,0.4749,
2026-06-21,New Zealand,Egypt,team_goals,New Zealand Under,0.5,0.3852,2.596,2.726,2.856,2.985,poisson_home_goals,derived,53.0,MEDIA,blend,0.4749,
2026-06-21,New Zealand,Egypt,team_goals,Egypt Over,1.5,0.3813,2.623,2.754,2.885,3.016,poisson_away_goals,derived,53.0,MEDIA,blend,0.4749,
2026-06-21,New Zealand,Egypt,team_goals,Egypt Under,1.5,0.6187,1.616,1.697,1.778,1.859,poisson_away_goals,derived,53.0,MEDIA,blend,0.4749,
2026-06-21,New Zealand,Egypt,team_goals,New Zealand Over,1.5,0.2473,4.043,4.245,4.448,4.65,poisson_home_goals,derived,53.0,MEDIA,blend,0.4749,
2026-06-21,New Zealand,Egypt,team_goals,New Zealand Under,1.5,0.7527,1.329,1.395,1.461,1.528,poisson_home_goals,derived,53.0,MEDIA,blend,0.4749,
2026-06-21,New Zealand,Egypt,team_goals,Egypt Over,2.5,0.1482,6.747,7.084,7.422,7.759,poisson_away_goals,derived,53.0,MEDIA,blend,0.4749,
2026-06-21,New Zealand,Egypt,team_goals,Egypt Under,2.5,0.8518,1.174,1.233,1.291,1.35,poisson_away_goals,derived,53.0,MEDIA,blend,0.4749,
2026-06-21,New Zealand,Egypt,team_goals,New Zealand Over,2.5,0.072,13.882,14.576,15.27,15.964,poisson_home_goals,derived,53.0,MEDIA,blend,0.4749,
2026-06-21,New Zealand,Egypt,team_goals,New Zealand Under,2.5,0.928,1.078,1.132,1.185,1.239,poisson_home_goals,derived,53.0,MEDIA,blend,0.4749,
2026-06-21,New Zealand,Egypt,total_corners,Over,8.5,0.3907,2.559,2.687,2.815,2.943,poisson_approx_from_expected_corners,low,53.0,MEDIA,blend,0.4749,"Aproximacion: corners tienen sobredispersion; usar como radar, no como apuesta core."
2026-06-21,New Zealand,Egypt,total_corners,Under,8.5,0.6093,1.641,1.723,1.805,1.887,poisson_approx_from_expected_corners,low,53.0,MEDIA,blend,0.4749,"Aproximacion: corners tienen sobredispersion; usar como radar, no como apuesta core."
2026-06-21,New Zealand,Egypt,total_corners,Over,9.5,0.2686,3.723,3.909,4.095,4.281,poisson_approx_from_expected_corners,low,53.0,MEDIA,blend,0.4749,"Aproximacion: corners tienen sobredispersion; usar como radar, no como apuesta core."
2026-06-21,New Zealand,Egypt,total_corners,Under,9.5,0.7314,1.367,1.436,1.504,1.572,poisson_approx_from_expected_corners,low,53.0,MEDIA,blend,0.4749,"Aproximacion: corners tienen sobredispersion; usar como radar, no como apuesta core."
2026-06-21,New Zealand,Egypt,total_corners,Over,10.5,0.1724,5.801,6.091,6.381,6.671,poisson_approx_from_expected_corners,low,53.0,MEDIA,blend,0.4749,"Aproximacion: corners tienen sobredispersion; usar como radar, no como apuesta core."
2026-06-21,New Zealand,Egypt,total_corners,Under,10.5,0.8276,1.208,1.269,1.329,1.39,poisson_approx_from_expected_corners,low,53.0,MEDIA,blend,0.4749,"Aproximacion: corners tienen sobredispersion; usar como radar, no como apuesta core."
2026-06-21,New Zealand,Egypt,total_goals,Over,1.5,0.6638,1.506,1.582,1.657,1.732,poisson_total_goals,high,53.0,MEDIA,blend,0.4749,
2026-06-21,New Zealand,Egypt,total_goals,Under,1.5,0.3362,2.974,3.123,3.272,3.421,poisson_total_goals,high,53.0,MEDIA,blend,0.4749,
2026-06-21,New Zealand,Egypt,total_goals,Over,2.5,0.4063,2.461,2.584,2.707,2.83,ensemble_over25,high,53.0,MEDIA,blend,0.4749,
2026-06-21,New Zealand,Egypt,total_goals,Under,2.5,0.5937,1.684,1.769,1.853,1.937,ensemble_over25,high,53.0,MEDIA,blend,0.4749,
2026-06-21,New Zealand,Egypt,total_goals,Over,3.5,0.196,5.102,5.357,5.612,5.868,poisson_total_goals,high,53.0,MEDIA,blend,0.4749,
2026-06-21,New Zealand,Egypt,total_goals,Under,3.5,0.804,1.244,1.306,1.368,1.43,poisson_total_goals,high,53.0,MEDIA,blend,0.4749,
2026-06-21,Spain,Saudi Arabia,btts,No,,0.613,1.631,1.713,1.794,1.876,ensemble_btts,medium,35.5,BAJA,poisson_lean,0.8,
2026-06-21,Spain,Saudi Arabia,btts,Yes,,0.387,2.584,2.713,2.842,2.972,ensemble_btts,medium,35.5,BAJA,poisson_lean,0.8,
2026-06-21,Spain,Saudi Arabia,clean_sheet,Saudi Arabia No,,0.968,1.033,1.085,1.136,1.188,poisson_opponent_goals_zero,derived,35.5,BAJA,poisson_lean,0.8,
2026-06-21,Spain,Saudi Arabia,clean_sheet,Saudi Arabia Yes,,0.032,31.281,32.845,34.409,35.973,poisson_opponent_goals_zero,derived,35.5,BAJA,poisson_lean,0.8,
2026-06-21,Spain,Saudi Arabia,clean_sheet,Spain No,,0.3818,2.619,2.75,2.881,3.012,poisson_opponent_goals_zero,derived,35.5,BAJA,poisson_lean,0.8,
2026-06-21,Spain,Saudi Arabia,clean_sheet,Spain Yes,,0.6182,1.618,1.699,1.779,1.86,poisson_opponent_goals_zero,derived,35.5,BAJA,poisson_lean,0.8,
2026-06-21,Spain,Saudi Arabia,double_chance,Saudi Arabia or Draw,,0.093,10.753,11.29,11.828,12.366,derived_from_1x2,high,35.5,BAJA,poisson_lean,0.8,
2026-06-21,Spain,Saudi Arabia,double_chance,Spain or Draw,,0.9772,1.023,1.074,1.126,1.177,derived_from_1x2,high,35.5,BAJA,poisson_lean,0.8,
2026-06-21,Spain,Saudi Arabia,double_chance,Spain or Saudi Arabia,,0.93,1.075,1.129,1.183,1.237,derived_from_1x2,high,35.5,BAJA,poisson_lean,0.8,
2026-06-21,Spain,Saudi Arabia,draw_no_bet,Saudi Arabia,,0.0246,40.611,42.642,44.672,46.703,derived_from_1x2,high,35.5,BAJA,poisson_lean,0.8,Probabilidad condicionada a que no haya empate; empate void.
2026-06-21,Spain,Saudi Arabia,draw_no_bet,Spain,,0.9754,1.025,1.077,1.128,1.179,derived_from_1x2,high,35.5,BAJA,poisson_lean,0.8,Probabilidad condicionada a que no haya empate; empate void.
2026-06-21,Spain,Saudi Arabia,h2h,Draw,,0.0701,14.265,14.979,15.692,16.405,ensemble_1x2,high,35.5,BAJA,poisson_lean,0.8,No usar como apuesta core hasta recalibrar empates.
2026-06-21,Spain,Saudi Arabia,h2h,Saudi Arabia,,0.0229,43.668,45.852,48.035,50.218,ensemble_1x2,high,35.5,BAJA,poisson_lean,0.8,
2026-06-21,Spain,Saudi Arabia,h2h,Spain,,0.9071,1.102,1.158,1.213,1.268,ensemble_1x2,high,35.5,BAJA,poisson_lean,0.8,
2026-06-21,Spain,Saudi Arabia,team_goals,Saudi Arabia Over,0.5,0.3818,2.619,2.75,2.881,3.012,poisson_away_goals,derived,35.5,BAJA,poisson_lean,0.8,
2026-06-21,Spain,Saudi Arabia,team_goals,Saudi Arabia Under,0.5,0.6182,1.618,1.699,1.779,1.86,poisson_away_goals,derived,35.5,BAJA,poisson_lean,0.8,
2026-06-21,Spain,Saudi Arabia,team_goals,Spain Over,0.5,0.968,1.033,1.085,1.136,1.188,poisson_home_goals,derived,35.5,BAJA,poisson_lean,0.8,
2026-06-21,Spain,Saudi Arabia,team_goals,Spain Under,0.5,0.032,31.281,32.845,34.409,35.973,poisson_home_goals,derived,35.5,BAJA,poisson_lean,0.8,
2026-06-21,Spain,Saudi Arabia,team_goals,Saudi Arabia Over,1.5,0.0845,11.835,12.426,13.018,13.61,poisson_away_goals,derived,35.5,BAJA,poisson_lean,0.8,
2026-06-21,Spain,Saudi Arabia,team_goals,Saudi Arabia Under,1.5,0.9155,1.092,1.147,1.202,1.256,poisson_away_goals,derived,35.5,BAJA,poisson_lean,0.8,
2026-06-21,Spain,Saudi Arabia,team_goals,Spain Over,1.5,0.858,1.166,1.224,1.282,1.34,poisson_home_goals,derived,35.5,BAJA,poisson_lean,0.8,
2026-06-21,Spain,Saudi Arabia,team_goals,Spain Under,1.5,0.142,7.04,7.392,7.744,8.097,poisson_home_goals,derived,35.5,BAJA,poisson_lean,0.8,
2026-06-21,Spain,Saudi Arabia,team_goals,Saudi Arabia Over,2.5,0.013,76.993,80.843,84.693,88.542,poisson_away_goals,derived,35.5,BAJA,poisson_lean,0.8,
2026-06-21,Spain,Saudi Arabia,team_goals,Saudi Arabia Under,2.5,0.987,1.013,1.064,1.114,1.165,poisson_away_goals,derived,35.5,BAJA,poisson_lean,0.8,
2026-06-21,Spain,Saudi Arabia,team_goals,Spain Over,2.5,0.6685,1.496,1.571,1.646,1.72,poisson_home_goals,derived,35.5,BAJA,poisson_lean,0.8,
2026-06-21,Spain,Saudi Arabia,team_goals,Spain Under,2.5,0.3315,3.016,3.167,3.318,3.469,poisson_home_goals,derived,35.5,BAJA,poisson_lean,0.8,
2026-06-21,Spain,Saudi Arabia,total_corners,Over,8.5,0.229,4.367,4.585,4.803,5.022,poisson_approx_from_expected_corners,low,35.5,BAJA,poisson_lean,0.8,"Aproximacion: corners tienen sobredispersion; usar como radar, no como apuesta core."
2026-06-21,Spain,Saudi Arabia,total_corners,Under,8.5,0.771,1.297,1.362,1.427,1.492,poisson_approx_from_expected_corners,low,35.5,BAJA,poisson_lean,0.8,"Aproximacion: corners tienen sobredispersion; usar como radar, no como apuesta core."
2026-06-21,Spain,Saudi Arabia,total_corners,Over,9.5,0.1377,7.263,7.627,7.99,8.353,poisson_approx_from_expected_corners,low,35.5,BAJA,poisson_lean,0.8,"Aproximacion: corners tienen sobredispersion; usar como radar, no como apuesta core."
2026-06-21,Spain,Saudi Arabia,total_corners,Under,9.5,0.8623,1.16,1.218,1.276,1.334,poisson_approx_from_expected_corners,low,35.5,BAJA,poisson_lean,0.8,"Aproximacion: corners tienen sobredispersion; usar como radar, no como apuesta core."
2026-06-21,Spain,Saudi Arabia,total_corners,Over,10.5,0.0768,13.028,13.68,14.331,14.982,poisson_approx_from_expected_corners,low,35.5,BAJA,poisson_lean,0.8,"Aproximacion: corners tienen sobredispersion; usar como radar, no como apuesta core."
2026-06-21,Spain,Saudi Arabia,total_corners,Under,10.5,0.9232,1.083,1.137,1.191,1.246,poisson_approx_from_expected_corners,low,35.5,BAJA,poisson_lean,0.8,"Aproximacion: corners tienen sobredispersion; usar como radar, no como apuesta core."
2026-06-21,Spain,Saudi Arabia,total_goals,Over,1.5,0.9027,1.108,1.163,1.219,1.274,poisson_total_goals,high,35.5,BAJA,poisson_lean,0.8,
2026-06-21,Spain,Saudi Arabia,total_goals,Under,1.5,0.0973,10.277,10.791,11.304,11.818,poisson_total_goals,high,35.5,BAJA,poisson_lean,0.8,
2026-06-21,Spain,Saudi Arabia,total_goals,Over,2.5,0.7414,1.349,1.416,1.484,1.551,ensemble_over25,high,35.5,BAJA,poisson_lean,0.8,
2026-06-21,Spain,Saudi Arabia,total_goals,Under,2.5,0.2586,3.867,4.06,4.254,4.447,ensemble_over25,high,35.5,BAJA,poisson_lean,0.8,
2026-06-21,Spain,Saudi Arabia,total_goals,Over,3.5,0.5515,1.813,1.904,1.994,2.085,poisson_total_goals,high,35.5,BAJA,poisson_lean,0.8,
2026-06-21,Spain,Saudi Arabia,total_goals,Under,3.5,0.4485,2.23,2.341,2.453,2.564,poisson_total_goals,high,35.5,BAJA,poisson_lean,0.8,
2026-06-21,Uruguay,Cape Verde,btts,No,,0.5471,1.828,1.919,2.011,2.102,ensemble_btts,high,45.9,BAJA,blend,0.5637,
2026-06-21,Uruguay,Cape Verde,btts,Yes,,0.4529,2.208,2.318,2.429,2.539,ensemble_btts,high,45.9,BAJA,blend,0.5637,
2026-06-21,Uruguay,Cape Verde,clean_sheet,Cape Verde No,,0.8457,1.182,1.242,1.301,1.36,poisson_opponent_goals_zero,derived,45.9,BAJA,blend,0.5637,
2026-06-21,Uruguay,Cape Verde,clean_sheet,Cape Verde Yes,,0.1543,6.482,6.806,7.13,7.454,poisson_opponent_goals_zero,derived,45.9,BAJA,blend,0.5637,
2026-06-21,Uruguay,Cape Verde,clean_sheet,Uruguay No,,0.5347,1.87,1.964,2.057,2.151,poisson_opponent_goals_zero,derived,45.9,BAJA,blend,0.5637,
2026-06-21,Uruguay,Cape Verde,clean_sheet,Uruguay Yes,,0.4653,2.149,2.256,2.364,2.471,poisson_opponent_goals_zero,derived,45.9,BAJA,blend,0.5637,
2026-06-21,Uruguay,Cape Verde,double_chance,Cape Verde or Draw,,0.3294,3.036,3.188,3.339,3.491,derived_from_1x2,medium,45.9,BAJA,blend,0.5637,
2026-06-21,Uruguay,Cape Verde,double_chance,Uruguay or Cape Verde,,0.7927,1.262,1.325,1.388,1.451,derived_from_1x2,medium,45.9,BAJA,blend,0.5637,
2026-06-21,Uruguay,Cape Verde,double_chance,Uruguay or Draw,,0.8781,1.139,1.196,1.253,1.31,derived_from_1x2,medium,45.9,BAJA,blend,0.5637,
2026-06-21,Uruguay,Cape Verde,draw_no_bet,Cape Verde,,0.1539,6.498,6.822,7.147,7.472,derived_from_1x2,medium,45.9,BAJA,blend,0.5637,Probabilidad condicionada a que no haya empate; empate void.
2026-06-21,Uruguay,Cape Verde,draw_no_bet,Uruguay,,0.8461,1.182,1.241,1.3,1.359,derived_from_1x2,medium,45.9,BAJA,blend,0.5637,Probabilidad condicionada a que no haya empate; empate void.
2026-06-21,Uruguay,Cape Verde,h2h,Cape Verde,,0.122,8.197,8.607,9.016,9.426,ensemble_1x2,medium,45.9,BAJA,blend,0.5637,
2026-06-21,Uruguay,Cape Verde,h2h,Draw,,0.2074,4.822,5.063,5.304,5.545,ensemble_1x2,high,45.9,BAJA,blend,0.5637,No usar como apuesta core hasta recalibrar empates.
2026-06-21,Uruguay,Cape Verde,h2h,Uruguay,,0.6707,1.491,1.566,1.64,1.715,ensemble_1x2,medium,45.9,BAJA,blend,0.5637,
2026-06-21,Uruguay,Cape Verde,team_goals,Cape Verde Over,0.5,0.5347,1.87,1.964,2.057,2.151,poisson_away_goals,derived,45.9,BAJA,blend,0.5637,
2026-06-21,Uruguay,Cape Verde,team_goals,Cape Verde Under,0.5,0.4653,2.149,2.256,2.364,2.471,poisson_away_goals,derived,45.9,BAJA,blend,0.5637,
2026-06-21,Uruguay,Cape Verde,team_goals,Uruguay Over,0.5,0.8457,1.182,1.242,1.301,1.36,poisson_home_goals,derived,45.9,BAJA,blend,0.5637,
2026-06-21,Uruguay,Cape Verde,team_goals,Uruguay Under,0.5,0.1543,6.482,6.806,7.13,7.454,poisson_home_goals,derived,45.9,BAJA,blend,0.5637,
2026-06-21,Uruguay,Cape Verde,team_goals,Cape Verde Over,1.5,0.1787,5.596,5.876,6.156,6.436,poisson_away_goals,derived,45.9,BAJA,blend,0.5637,
2026-06-21,Uruguay,Cape Verde,team_goals,Cape Verde Under,1.5,0.8213,1.218,1.278,1.339,1.4,poisson_away_goals,derived,45.9,BAJA,blend,0.5637,
2026-06-21,Uruguay,Cape Verde,team_goals,Uruguay Over,1.5,0.5574,1.794,1.884,1.974,2.063,poisson_home_goals,derived,45.9,BAJA,blend,0.5637,
2026-06-21,Uruguay,Cape Verde,team_goals,Uruguay Under,1.5,0.4426,2.259,2.372,2.485,2.598,poisson_home_goals,derived,45.9,BAJA,blend,0.5637,
2026-06-21,Uruguay,Cape Verde,team_goals,Cape Verde Over,2.5,0.0425,23.517,24.692,25.868,27.044,poisson_away_goals,derived,45.9,BAJA,blend,0.5637,
2026-06-21,Uruguay,Cape Verde,team_goals,Cape Verde Under,2.5,0.9575,1.044,1.097,1.149,1.201,poisson_away_goals,derived,45.9,BAJA,blend,0.5637,
2026-06-21,Uruguay,Cape Verde,team_goals,Uruguay Over,2.5,0.2879,3.473,3.647,3.821,3.994,poisson_home_goals,derived,45.9,BAJA,blend,0.5637,
2026-06-21,Uruguay,Cape Verde,team_goals,Uruguay Under,2.5,0.7121,1.404,1.475,1.545,1.615,poisson_home_goals,derived,45.9,BAJA,blend,0.5637,
2026-06-21,Uruguay,Cape Verde,total_corners,Over,8.5,0.4506,2.219,2.33,2.441,2.552,poisson_approx_from_expected_corners,low,45.9,BAJA,blend,0.5637,"Aproximacion: corners tienen sobredispersion; usar como radar, no como apuesta core."
2026-06-21,Uruguay,Cape Verde,total_corners,Under,8.5,0.5494,1.82,1.911,2.002,2.093,poisson_approx_from_expected_corners,low,45.9,BAJA,blend,0.5637,"Aproximacion: corners tienen sobredispersion; usar como radar, no como apuesta core."
2026-06-21,Uruguay,Cape Verde,total_corners,Over,9.5,0.3225,3.101,3.256,3.411,3.566,poisson_approx_from_expected_corners,low,45.9,BAJA,blend,0.5637,"Aproximacion: corners tienen sobredispersion; usar como radar, no como apuesta core."
2026-06-21,Uruguay,Cape Verde,total_corners,Under,9.5,0.6775,1.476,1.55,1.624,1.697,poisson_approx_from_expected_corners,low,45.9,BAJA,blend,0.5637,"Aproximacion: corners tienen sobredispersion; usar como radar, no como apuesta core."
2026-06-21,Uruguay,Cape Verde,total_corners,Over,10.5,0.216,4.629,4.86,5.092,5.323,poisson_approx_from_expected_corners,low,45.9,BAJA,blend,0.5637,"Aproximacion: corners tienen sobredispersion; usar como radar, no como apuesta core."
2026-06-21,Uruguay,Cape Verde,total_corners,Under,10.5,0.784,1.276,1.339,1.403,1.467,poisson_approx_from_expected_corners,low,45.9,BAJA,blend,0.5637,"Aproximacion: corners tienen sobredispersion; usar como radar, no como apuesta core."
2026-06-21,Uruguay,Cape Verde,total_goals,Over,1.5,0.7391,1.353,1.421,1.488,1.556,poisson_total_goals,high,45.9,BAJA,blend,0.5637,
2026-06-21,Uruguay,Cape Verde,total_goals,Under,1.5,0.2609,3.833,4.025,4.216,4.408,poisson_total_goals,high,45.9,BAJA,blend,0.5637,
2026-06-21,Uruguay,Cape Verde,total_goals,Over,2.5,0.4869,2.054,2.157,2.259,2.362,ensemble_over25,high,45.9,BAJA,blend,0.5637,
2026-06-21,Uruguay,Cape Verde,total_goals,Under,2.5,0.5131,1.949,2.046,2.144,2.241,ensemble_over25,high,45.9,BAJA,blend,0.5637,
2026-06-21,Uruguay,Cape Verde,total_goals,Over,3.5,0.2714,3.684,3.869,4.053,4.237,poisson_total_goals,high,45.9,BAJA,blend,0.5637,
2026-06-21,Uruguay,Cape Verde,total_goals,Under,3.5,0.7286,1.373,1.441,1.51,1.578,poisson_total_goals,high,45.9,BAJA,blend,0.5637,
2026-06-22,Argentina,Austria,btts,No,,0.5007,1.997,2.097,2.197,2.297,ensemble_btts,medium,61.0,MEDIA,blend,0.3796,
2026-06-22,Argentina,Austria,btts,Yes,,0.4993,2.003,2.103,2.203,2.303,ensemble_btts,medium,61.0,MEDIA,blend,0.3796,
2026-06-22,Argentina,Austria,clean_sheet,Argentina No,,0.5946,1.682,1.766,1.85,1.934,poisson_opponent_goals_zero,derived,61.0,MEDIA,blend,0.3796,
2026-06-22,Argentina,Austria,clean_sheet,Argentina Yes,,0.4054,2.467,2.59,2.714,2.837,poisson_opponent_goals_zero,derived,61.0,MEDIA,blend,0.3796,
2026-06-22,Argentina,Austria,clean_sheet,Austria No,,0.9003,1.111,1.166,1.222,1.277,poisson_opponent_goals_zero,derived,61.0,MEDIA,blend,0.3796,
2026-06-22,Argentina,Austria,clean_sheet,Austria Yes,,0.0997,10.034,10.536,11.038,11.539,poisson_opponent_goals_zero,derived,61.0,MEDIA,blend,0.3796,
2026-06-22,Argentina,Austria,double_chance,Argentina or Austria,,0.7363,1.358,1.426,1.494,1.562,derived_from_1x2,low,61.0,MEDIA,blend,0.3796,
2026-06-22,Argentina,Austria,double_chance,Argentina or Draw,,0.888,1.126,1.182,1.239,1.295,derived_from_1x2,low,61.0,MEDIA,blend,0.3796,
2026-06-22,Argentina,Austria,double_chance,Austria or Draw,,0.3759,2.66,2.793,2.926,3.059,derived_from_1x2,low,61.0,MEDIA,blend,0.3796,
2026-06-22,Argentina,Austria,draw_no_bet,Argentina,,0.8478,1.18,1.239,1.298,1.357,derived_from_1x2,low,61.0,MEDIA,blend,0.3796,Probabilidad condicionada a que no haya empate; empate void.
2026-06-22,Argentina,Austria,draw_no_bet,Austria,,0.1522,6.568,6.897,7.225,7.553,derived_from_1x2,low,61.0,MEDIA,blend,0.3796,Probabilidad condicionada a que no haya empate; empate void.
2026-06-22,Argentina,Austria,h2h,Argentina,,0.6242,1.602,1.682,1.762,1.842,ensemble_1x2,low,61.0,MEDIA,blend,0.3796,
2026-06-22,Argentina,Austria,h2h,Austria,,0.1121,8.921,9.367,9.813,10.259,ensemble_1x2,high,61.0,MEDIA,blend,0.3796,
2026-06-22,Argentina,Austria,h2h,Draw,,0.2638,3.791,3.98,4.17,4.359,ensemble_1x2,low,61.0,MEDIA,blend,0.3796,No usar como apuesta core hasta recalibrar empates.
2026-06-22,Argentina,Austria,team_goals,Argentina Over,0.5,0.9003,1.111,1.166,1.222,1.277,poisson_home_goals,derived,61.0,MEDIA,blend,0.3796,
2026-06-22,Argentina,Austria,team_goals,Argentina Under,0.5,0.0997,10.034,10.536,11.038,11.539,poisson_home_goals,derived,61.0,MEDIA,blend,0.3796,
2026-06-22,Argentina,Austria,team_goals,Austria Over,0.5,0.5946,1.682,1.766,1.85,1.934,poisson_away_goals,derived,61.0,MEDIA,blend,0.3796,
2026-06-22,Argentina,Austria,team_goals,Austria Under,0.5,0.4054,2.467,2.59,2.714,2.837,poisson_away_goals,derived,61.0,MEDIA,blend,0.3796,
2026-06-22,Argentina,Austria,team_goals,Argentina Over,1.5,0.6705,1.491,1.566,1.641,1.715,poisson_home_goals,derived,61.0,MEDIA,blend,0.3796,
2026-06-22,Argentina,Austria,team_goals,Argentina Under,1.5,0.3295,3.035,3.187,3.339,3.49,poisson_home_goals,derived,61.0,MEDIA,blend,0.3796,
2026-06-22,Argentina,Austria,team_goals,Austria Over,1.5,0.2286,4.374,4.593,4.812,5.03,poisson_away_goals,derived,61.0,MEDIA,blend,0.3796,
2026-06-22,Argentina,Austria,team_goals,Austria Under,1.5,0.7714,1.296,1.361,1.426,1.491,poisson_away_goals,derived,61.0,MEDIA,blend,0.3796,
2026-06-22,Argentina,Austria,team_goals,Argentina Over,2.5,0.4056,2.466,2.589,2.712,2.836,poisson_home_goals,derived,61.0,MEDIA,blend,0.3796,
2026-06-22,Argentina,Austria,team_goals,Argentina Under,2.5,0.5944,1.682,1.766,1.85,1.935,poisson_home_goals,derived,61.0,MEDIA,blend,0.3796,
2026-06-22,Argentina,Austria,team_goals,Austria Over,2.5,0.0634,15.785,16.574,17.363,18.153,poisson_away_goals,derived,61.0,MEDIA,blend,0.3796,
2026-06-22,Argentina,Austria,team_goals,Austria Under,2.5,0.9366,1.068,1.121,1.174,1.228,poisson_away_goals,derived,61.0,MEDIA,blend,0.3796,
2026-06-22,Argentina,Austria,total_corners,Over,8.5,0.3823,2.615,2.746,2.877,3.008,poisson_approx_from_expected_corners,low,61.0,MEDIA,blend,0.3796,"Aproximacion: corners tienen sobredispersion; usar como radar, no como apuesta core."
2026-06-22,Argentina,Austria,total_corners,Under,8.5,0.6177,1.619,1.7,1.781,1.862,poisson_approx_from_expected_corners,low,61.0,MEDIA,blend,0.3796,"Aproximacion: corners tienen sobredispersion; usar como radar, no como apuesta core."
2026-06-22,Argentina,Austria,total_corners,Over,9.5,0.2613,3.827,4.018,4.21,4.401,poisson_approx_from_expected_corners,low,61.0,MEDIA,blend,0.3796,"Aproximacion: corners tienen sobredispersion; usar como radar, no como apuesta core."
2026-06-22,Argentina,Austria,total_corners,Under,9.5,0.7387,1.354,1.421,1.489,1.557,poisson_approx_from_expected_corners,low,61.0,MEDIA,blend,0.3796,"Aproximacion: corners tienen sobredispersion; usar como radar, no como apuesta core."
2026-06-22,Argentina,Austria,total_corners,Over,10.5,0.1667,6.0,6.3,6.6,6.9,poisson_approx_from_expected_corners,low,61.0,MEDIA,blend,0.3796,"Aproximacion: corners tienen sobredispersion; usar como radar, no como apuesta core."
2026-06-22,Argentina,Austria,total_corners,Under,10.5,0.8333,1.2,1.26,1.32,1.38,poisson_approx_from_expected_corners,low,61.0,MEDIA,blend,0.3796,"Aproximacion: corners tienen sobredispersion; usar como radar, no como apuesta core."
2026-06-22,Argentina,Austria,total_goals,Over,1.5,0.83,1.205,1.265,1.325,1.386,poisson_total_goals,low,61.0,MEDIA,blend,0.3796,
2026-06-22,Argentina,Austria,total_goals,Under,1.5,0.17,5.881,6.175,6.469,6.763,poisson_total_goals,low,61.0,MEDIA,blend,0.3796,
2026-06-22,Argentina,Austria,total_goals,Over,2.5,0.5256,1.903,1.998,2.093,2.188,ensemble_over25,low,61.0,MEDIA,blend,0.3796,
2026-06-22,Argentina,Austria,total_goals,Under,2.5,0.4744,2.108,2.213,2.319,2.424,ensemble_over25,low,61.0,MEDIA,blend,0.3796,
2026-06-22,Argentina,Austria,total_goals,Over,3.5,0.3995,2.503,2.628,2.754,2.879,poisson_total_goals,low,61.0,MEDIA,blend,0.3796,
2026-06-22,Argentina,Austria,total_goals,Under,3.5,0.6005,1.665,1.748,1.832,1.915,poisson_total_goals,low,61.0,MEDIA,blend,0.3796,
2026-06-22,France,Iraq,btts,No,,0.58,1.724,1.81,1.897,1.983,ensemble_btts,high,42.9,BAJA,poisson_lean,0.8,
2026-06-22,France,Iraq,btts,Yes,,0.42,2.381,2.5,2.619,2.738,ensemble_btts,high,42.9,BAJA,poisson_lean,0.8,
2026-06-22,France,Iraq,clean_sheet,France No,,0.4379,2.284,2.398,2.512,2.626,poisson_opponent_goals_zero,derived,42.9,BAJA,poisson_lean,0.8,
2026-06-22,France,Iraq,clean_sheet,France Yes,,0.5621,1.779,1.868,1.957,2.046,poisson_opponent_goals_zero,derived,42.9,BAJA,poisson_lean,0.8,
2026-06-22,France,Iraq,clean_sheet,Iraq No,,0.9527,1.05,1.102,1.155,1.207,poisson_opponent_goals_zero,derived,42.9,BAJA,poisson_lean,0.8,
2026-06-22,France,Iraq,clean_sheet,Iraq Yes,,0.0473,21.158,22.215,23.273,24.331,poisson_opponent_goals_zero,derived,42.9,BAJA,poisson_lean,0.8,
2026-06-22,France,Iraq,double_chance,France or Draw,,0.9511,1.051,1.104,1.157,1.209,derived_from_1x2,medium,42.9,BAJA,poisson_lean,0.8,
2026-06-22,France,Iraq,double_chance,France or Iraq,,0.8939,1.119,1.175,1.231,1.286,derived_from_1x2,medium,42.9,BAJA,poisson_lean,0.8,
2026-06-22,France,Iraq,double_chance,Iraq or Draw,,0.155,6.452,6.774,7.097,7.419,derived_from_1x2,high,42.9,BAJA,poisson_lean,0.8,
2026-06-22,France,Iraq,draw_no_bet,France,,0.9453,1.058,1.111,1.164,1.217,derived_from_1x2,medium,42.9,BAJA,poisson_lean,0.8,Probabilidad condicionada a que no haya empate; empate void.
2026-06-22,France,Iraq,draw_no_bet,Iraq,,0.0547,18.28,19.194,20.108,21.022,derived_from_1x2,medium,42.9,BAJA,poisson_lean,0.8,Probabilidad condicionada a que no haya empate; empate void.
2026-06-22,France,Iraq,h2h,Draw,,0.1061,9.425,9.896,10.368,10.839,ensemble_1x2,high,42.9,BAJA,poisson_lean,0.8,No usar como apuesta core hasta recalibrar empates.
2026-06-22,France,Iraq,h2h,France,,0.845,1.183,1.243,1.302,1.361,ensemble_1x2,medium,42.9,BAJA,poisson_lean,0.8,
2026-06-22,France,Iraq,h2h,Iraq,,0.0489,20.45,21.472,22.495,23.517,ensemble_1x2,high,42.9,BAJA,poisson_lean,0.8,
2026-06-22,France,Iraq,team_goals,France Over,0.5,0.9527,1.05,1.102,1.155,1.207,poisson_home_goals,derived,42.9,BAJA,poisson_lean,0.8,
2026-06-22,France,Iraq,team_goals,France Under,0.5,0.0473,21.158,22.215,23.273,24.331,poisson_home_goals,derived,42.9,BAJA,poisson_lean,0.8,
2026-06-22,France,Iraq,team_goals,Iraq Over,0.5,0.4379,2.284,2.398,2.512,2.626,poisson_away_goals,derived,42.9,BAJA,poisson_lean,0.8,
2026-06-22,France,Iraq,team_goals,Iraq Under,0.5,0.5621,1.779,1.868,1.957,2.046,poisson_away_goals,derived,42.9,BAJA,poisson_lean,0.8,
2026-06-22,France,Iraq,team_goals,France Over,1.5,0.8085,1.237,1.299,1.361,1.422,poisson_home_goals,derived,42.9,BAJA,poisson_lean,0.8,
2026-06-22,France,Iraq,team_goals,France Under,1.5,0.1915,5.222,5.483,5.744,6.005,poisson_home_goals,derived,42.9,BAJA,poisson_lean,0.8,
2026-06-22,France,Iraq,team_goals,Iraq Over,1.5,0.1141,8.767,9.205,9.644,10.082,poisson_away_goals,derived,42.9,BAJA,poisson_lean,0.8,
2026-06-22,France,Iraq,team_goals,Iraq Under,1.5,0.8859,1.129,1.185,1.242,1.298,poisson_away_goals,derived,42.9,BAJA,poisson_lean,0.8,
2026-06-22,France,Iraq,team_goals,France Over,2.5,0.5884,1.7,1.785,1.87,1.955,poisson_home_goals,derived,42.9,BAJA,poisson_lean,0.8,
2026-06-22,France,Iraq,team_goals,France Under,2.5,0.4116,2.429,2.551,2.672,2.794,poisson_home_goals,derived,42.9,BAJA,poisson_lean,0.8,
2026-06-22,France,Iraq,team_goals,Iraq Over,2.5,0.0208,48.052,50.455,52.857,55.26,poisson_away_goals,derived,42.9,BAJA,poisson_lean,0.8,
2026-06-22,France,Iraq,team_goals,Iraq Under,2.5,0.9792,1.021,1.072,1.123,1.174,poisson_away_goals,derived,42.9,BAJA,poisson_lean,0.8,
2026-06-22,France,Iraq,total_corners,Over,8.5,0.4186,2.389,2.508,2.628,2.747,poisson_approx_from_expected_corners,low,42.9,BAJA,poisson_lean,0.8,"Aproximacion: corners tienen sobredispersion; usar como radar, no como apuesta core."
2026-06-22,France,Iraq,total_corners,Under,8.5,0.5814,1.72,1.806,1.892,1.978,poisson_approx_from_expected_corners,low,42.9,BAJA,poisson_lean,0.8,"Aproximacion: corners tienen sobredispersion; usar como radar, no como apuesta core."
2026-06-22,France,Iraq,total_corners,Over,9.5,0.2934,3.409,3.579,3.75,3.92,poisson_approx_from_expected_corners,low,42.9,BAJA,poisson_lean,0.8,"Aproximacion: corners tienen sobredispersion; usar como radar, no como apuesta core."
2026-06-22,France,Iraq,total_corners,Under,9.5,0.7066,1.415,1.486,1.557,1.627,poisson_approx_from_expected_corners,low,42.9,BAJA,poisson_lean,0.8,"Aproximacion: corners tienen sobredispersion; usar como radar, no como apuesta core."
2026-06-22,France,Iraq,total_corners,Over,10.5,0.1921,5.205,5.465,5.725,5.985,poisson_approx_from_expected_corners,low,42.9,BAJA,poisson_lean,0.8,"Aproximacion: corners tienen sobredispersion; usar como radar, no como apuesta core."
2026-06-22,France,Iraq,total_corners,Under,10.5,0.8079,1.238,1.3,1.362,1.424,poisson_approx_from_expected_corners,low,42.9,BAJA,poisson_lean,0.8,"Aproximacion: corners tienen sobredispersion; usar como radar, no como apuesta core."
2026-06-22,France,Iraq,total_goals,Over,1.5,0.877,1.14,1.197,1.254,1.311,poisson_total_goals,low,42.9,BAJA,poisson_lean,0.8,
2026-06-22,France,Iraq,total_goals,Under,1.5,0.123,8.133,8.539,8.946,9.352,poisson_total_goals,low,42.9,BAJA,poisson_lean,0.8,
2026-06-22,France,Iraq,total_goals,Over,2.5,0.6777,1.476,1.549,1.623,1.697,ensemble_over25,low,42.9,BAJA,poisson_lean,0.8,
2026-06-22,France,Iraq,total_goals,Under,2.5,0.3223,3.103,3.258,3.413,3.568,ensemble_over25,low,42.9,BAJA,poisson_lean,0.8,
2026-06-22,France,Iraq,total_goals,Over,3.5,0.4907,2.038,2.14,2.242,2.344,poisson_total_goals,low,42.9,BAJA,poisson_lean,0.8,
2026-06-22,France,Iraq,total_goals,Under,3.5,0.5093,1.964,2.062,2.16,2.258,poisson_total_goals,low,42.9,BAJA,poisson_lean,0.8,
2026-06-22,Jordan,Algeria,btts,No,,0.5085,1.967,2.065,2.163,2.262,ensemble_btts,high,55.6,MEDIA,poisson_lean,0.8,
2026-06-22,Jordan,Algeria,btts,Yes,,0.4915,2.035,2.136,2.238,2.34,ensemble_btts,high,55.6,MEDIA,poisson_lean,0.8,
2026-06-22,Jordan,Algeria,clean_sheet,Algeria No,,0.6416,1.559,1.637,1.715,1.792,poisson_opponent_goals_zero,derived,55.6,MEDIA,poisson_lean,0.8,
2026-06-22,Jordan,Algeria,clean_sheet,Algeria Yes,,0.3584,2.79,2.929,3.069,3.208,poisson_opponent_goals_zero,derived,55.6,MEDIA,poisson_lean,0.8,
2026-06-22,Jordan,Algeria,clean_sheet,Jordan No,,0.7717,1.296,1.361,1.425,1.49,poisson_opponent_goals_zero,derived,55.6,MEDIA,poisson_lean,0.8,
2026-06-22,Jordan,Algeria,clean_sheet,Jordan Yes,,0.2283,4.38,4.599,4.818,5.037,poisson_opponent_goals_zero,derived,55.6,MEDIA,poisson_lean,0.8,
2026-06-22,Jordan,Algeria,double_chance,Algeria or Draw,,0.7441,1.344,1.411,1.478,1.545,derived_from_1x2,high,55.6,MEDIA,poisson_lean,0.8,
2026-06-22,Jordan,Algeria,double_chance,Jordan or Algeria,,0.7348,1.361,1.429,1.497,1.565,derived_from_1x2,high,55.6,MEDIA,poisson_lean,0.8,
2026-06-22,Jordan,Algeria,double_chance,Jordan or Draw,,0.5211,1.919,2.015,2.111,2.207,derived_from_1x2,high,55.6,MEDIA,poisson_lean,0.8,
2026-06-22,Jordan,Algeria,draw_no_bet,Algeria,,0.6517,1.534,1.611,1.688,1.765,derived_from_1x2,high,55.6,MEDIA,poisson_lean,0.8,Probabilidad condicionada a que no haya empate; empate void.
2026-06-22,Jordan,Algeria,draw_no_bet,Jordan,,0.3483,2.871,3.015,3.159,3.302,derived_from_1x2,high,55.6,MEDIA,poisson_lean,0.8,Probabilidad condicionada a que no haya empate; empate void.
2026-06-22,Jordan,Algeria,h2h,Algeria,,0.4789,2.088,2.193,2.297,2.401,ensemble_1x2,high,55.6,MEDIA,poisson_lean,0.8,
2026-06-22,Jordan,Algeria,h2h,Draw,,0.2652,3.771,3.959,4.148,4.336,ensemble_1x2,high,55.6,MEDIA,poisson_lean,0.8,No usar como apuesta core hasta recalibrar empates.
2026-06-22,Jordan,Algeria,h2h,Jordan,,0.2559,3.908,4.103,4.299,4.494,ensemble_1x2,high,55.6,MEDIA,poisson_lean,0.8,
2026-06-22,Jordan,Algeria,team_goals,Algeria Over,0.5,0.7717,1.296,1.361,1.425,1.49,poisson_away_goals,derived,55.6,MEDIA,poisson_lean,0.8,
2026-06-22,Jordan,Algeria,team_goals,Algeria Under,0.5,0.2283,4.38,4.599,4.818,5.037,poisson_away_goals,derived,55.6,MEDIA,poisson_lean,0.8,
2026-06-22,Jordan,Algeria,team_goals,Jordan Over,0.5,0.6416,1.559,1.637,1.715,1.792,poisson_home_goals,derived,55.6,MEDIA,poisson_lean,0.8,
2026-06-22,Jordan,Algeria,team_goals,Jordan Under,0.5,0.3584,2.79,2.929,3.069,3.208,poisson_home_goals,derived,55.6,MEDIA,poisson_lean,0.8,
2026-06-22,Jordan,Algeria,team_goals,Algeria Over,1.5,0.4344,2.302,2.417,2.532,2.647,poisson_away_goals,derived,55.6,MEDIA,poisson_lean,0.8,
2026-06-22,Jordan,Algeria,team_goals,Algeria Under,1.5,0.5656,1.768,1.857,1.945,2.033,poisson_away_goals,derived,55.6,MEDIA,poisson_lean,0.8,
2026-06-22,Jordan,Algeria,team_goals,Jordan Over,1.5,0.2738,3.652,3.835,4.017,4.2,poisson_home_goals,derived,55.6,MEDIA,poisson_lean,0.8,
2026-06-22,Jordan,Algeria,team_goals,Jordan Under,1.5,0.7262,1.377,1.446,1.515,1.584,poisson_home_goals,derived,55.6,MEDIA,poisson_lean,0.8,
2026-06-22,Jordan,Algeria,team_goals,Algeria Over,2.5,0.1854,5.394,5.663,5.933,6.203,poisson_away_goals,derived,55.6,MEDIA,poisson_lean,0.8,
2026-06-22,Jordan,Algeria,team_goals,Algeria Under,2.5,0.8146,1.228,1.289,1.35,1.412,poisson_away_goals,derived,55.6,MEDIA,poisson_lean,0.8,
2026-06-22,Jordan,Algeria,team_goals,Jordan Over,2.5,0.0851,11.745,12.332,12.919,13.506,poisson_home_goals,derived,55.6,MEDIA,poisson_lean,0.8,
2026-06-22,Jordan,Algeria,team_goals,Jordan Under,2.5,0.9149,1.093,1.148,1.202,1.257,poisson_home_goals,derived,55.6,MEDIA,poisson_lean,0.8,
2026-06-22,Jordan,Algeria,total_corners,Over,8.5,0.4548,2.199,2.309,2.419,2.529,poisson_approx_from_expected_corners,low,55.6,MEDIA,poisson_lean,0.8,"Aproximacion: corners tienen sobredispersion; usar como radar, no como apuesta core."
2026-06-22,Jordan,Algeria,total_corners,Under,8.5,0.5452,1.834,1.926,2.018,2.109,poisson_approx_from_expected_corners,low,55.6,MEDIA,poisson_lean,0.8,"Aproximacion: corners tienen sobredispersion; usar como radar, no como apuesta core."
2026-06-22,Jordan,Algeria,total_corners,Over,9.5,0.3264,3.064,3.217,3.371,3.524,poisson_approx_from_expected_corners,low,55.6,MEDIA,poisson_lean,0.8,"Aproximacion: corners tienen sobredispersion; usar como radar, no como apuesta core."
2026-06-22,Jordan,Algeria,total_corners,Under,9.5,0.6736,1.484,1.559,1.633,1.707,poisson_approx_from_expected_corners,low,55.6,MEDIA,poisson_lean,0.8,"Aproximacion: corners tienen sobredispersion; usar como radar, no como apuesta core."
2026-06-22,Jordan,Algeria,total_corners,Over,10.5,0.2192,4.561,4.789,5.017,5.246,poisson_approx_from_expected_corners,low,55.6,MEDIA,poisson_lean,0.8,"Aproximacion: corners tienen sobredispersion; usar como radar, no como apuesta core."
2026-06-22,Jordan,Algeria,total_corners,Under,10.5,0.7808,1.281,1.345,1.409,1.473,poisson_approx_from_expected_corners,low,55.6,MEDIA,poisson_lean,0.8,"Aproximacion: corners tienen sobredispersion; usar como radar, no como apuesta core."
2026-06-22,Jordan,Algeria,total_goals,Over,1.5,0.7133,1.402,1.472,1.542,1.612,poisson_total_goals,high,55.6,MEDIA,poisson_lean,0.8,
2026-06-22,Jordan,Algeria,total_goals,Under,1.5,0.2867,3.488,3.663,3.837,4.011,poisson_total_goals,high,55.6,MEDIA,poisson_lean,0.8,
2026-06-22,Jordan,Algeria,total_goals,Over,2.5,0.4511,2.217,2.328,2.438,2.549,ensemble_over25,high,55.6,MEDIA,poisson_lean,0.8,
2026-06-22,Jordan,Algeria,total_goals,Under,2.5,0.5489,1.822,1.913,2.004,2.095,ensemble_over25,high,55.6,MEDIA,poisson_lean,0.8,
2026-06-22,Jordan,Algeria,total_goals,Over,3.5,0.2431,4.114,4.32,4.526,4.731,poisson_total_goals,high,55.6,MEDIA,poisson_lean,0.8,
2026-06-22,Jordan,Algeria,total_goals,Under,3.5,0.7569,1.321,1.387,1.453,1.519,poisson_total_goals,high,55.6,MEDIA,poisson_lean,0.8,
2026-06-22,Norway,Senegal,btts,No,,0.512,1.953,2.051,2.148,2.246,ensemble_btts,high,46.8,BAJA,xgb_lean,0.25,
2026-06-22,Norway,Senegal,btts,Yes,,0.488,2.049,2.152,2.254,2.357,ensemble_btts,high,46.8,BAJA,xgb_lean,0.25,
2026-06-22,Norway,Senegal,clean_sheet,Norway No,,0.6023,1.66,1.743,1.826,1.909,poisson_opponent_goals_zero,derived,46.8,BAJA,xgb_lean,0.25,
2026-06-22,Norway,Senegal,clean_sheet,Norway Yes,,0.3977,2.514,2.64,2.766,2.891,poisson_opponent_goals_zero,derived,46.8,BAJA,xgb_lean,0.25,
2026-06-22,Norway,Senegal,clean_sheet,Senegal No,,0.8001,1.25,1.312,1.375,1.437,poisson_opponent_goals_zero,derived,46.8,BAJA,xgb_lean,0.25,
2026-06-22,Norway,Senegal,clean_sheet,Senegal Yes,,0.1999,5.003,5.253,5.503,5.753,poisson_opponent_goals_zero,derived,46.8,BAJA,xgb_lean,0.25,
2026-06-22,Norway,Senegal,double_chance,Norway or Draw,,0.7117,1.405,1.475,1.546,1.616,derived_from_1x2,medium,46.8,BAJA,xgb_lean,0.25,
2026-06-22,Norway,Senegal,double_chance,Norway or Senegal,,0.8041,1.244,1.306,1.368,1.43,derived_from_1x2,medium,46.8,BAJA,xgb_lean,0.25,
2026-06-22,Norway,Senegal,double_chance,Senegal or Draw,,0.484,2.066,2.169,2.273,2.376,derived_from_1x2,medium,46.8,BAJA,xgb_lean,0.25,
2026-06-22,Norway,Senegal,draw_no_bet,Norway,,0.6416,1.559,1.637,1.714,1.792,derived_from_1x2,medium,46.8,BAJA,xgb_lean,0.25,Probabilidad condicionada a que no haya empate; empate void.
2026-06-22,Norway,Senegal,draw_no_bet,Senegal,,0.3584,2.79,2.93,3.069,3.209,derived_from_1x2,medium,46.8,BAJA,xgb_lean,0.25,Probabilidad condicionada a que no haya empate; empate void.
2026-06-22,Norway,Senegal,h2h,Draw,,0.1958,5.107,5.363,5.618,5.873,ensemble_1x2,medium,46.8,BAJA,xgb_lean,0.25,No usar como apuesta core hasta recalibrar empates.
2026-06-22,Norway,Senegal,h2h,Norway,,0.5159,1.938,2.035,2.132,2.229,ensemble_1x2,high,46.8,BAJA,xgb_lean,0.25,
2026-06-22,Norway,Senegal,h2h,Senegal,,0.2882,3.47,3.643,3.817,3.99,ensemble_1x2,medium,46.8,BAJA,xgb_lean,0.25,
2026-06-22,Norway,Senegal,team_goals,Norway Over,0.5,0.8001,1.25,1.312,1.375,1.437,poisson_home_goals,derived,46.8,BAJA,xgb_lean,0.25,
2026-06-22,Norway,Senegal,team_goals,Norway Under,0.5,0.1999,5.003,5.253,5.503,5.753,poisson_home_goals,derived,46.8,BAJA,xgb_lean,0.25,
2026-06-22,Norway,Senegal,team_goals,Senegal Over,0.5,0.6023,1.66,1.743,1.826,1.909,poisson_away_goals,derived,46.8,BAJA,xgb_lean,0.25,
2026-06-22,Norway,Senegal,team_goals,Senegal Under,0.5,0.3977,2.514,2.64,2.766,2.891,poisson_away_goals,derived,46.8,BAJA,xgb_lean,0.25,
2026-06-22,Norway,Senegal,team_goals,Norway Over,1.5,0.4783,2.091,2.195,2.3,2.404,poisson_home_goals,derived,46.8,BAJA,xgb_lean,0.25,
2026-06-22,Norway,Senegal,team_goals,Norway Under,1.5,0.5217,1.917,2.013,2.108,2.204,poisson_home_goals,derived,46.8,BAJA,xgb_lean,0.25,
2026-06-22,Norway,Senegal,team_goals,Senegal Over,1.5,0.2356,4.245,4.457,4.669,4.882,poisson_away_goals,derived,46.8,BAJA,xgb_lean,0.25,
2026-06-22,Norway,Senegal,team_goals,Senegal Under,1.5,0.7644,1.308,1.374,1.439,1.504,poisson_away_goals,derived,46.8,BAJA,xgb_lean,0.25,
2026-06-22,Norway,Senegal,team_goals,Norway Over,2.5,0.2192,4.561,4.79,5.018,5.246,poisson_home_goals,derived,46.8,BAJA,xgb_lean,0.25,
2026-06-22,Norway,Senegal,team_goals,Norway Under,2.5,0.7808,1.281,1.345,1.409,1.473,poisson_home_goals,derived,46.8,BAJA,xgb_lean,0.25,
2026-06-22,Norway,Senegal,team_goals,Senegal Over,2.5,0.0665,15.031,15.783,16.534,17.286,poisson_away_goals,derived,46.8,BAJA,xgb_lean,0.25,
2026-06-22,Norway,Senegal,team_goals,Senegal Under,2.5,0.9335,1.071,1.125,1.178,1.232,poisson_away_goals,derived,46.8,BAJA,xgb_lean,0.25,
2026-06-22,Norway,Senegal,total_corners,Over,8.5,0.3587,2.788,2.927,3.066,3.206,poisson_approx_from_expected_corners,low,46.8,BAJA,xgb_lean,0.25,"Aproximacion: corners tienen sobredispersion; usar como radar, no como apuesta core."
2026-06-22,Norway,Senegal,total_corners,Under,8.5,0.6413,1.559,1.637,1.715,1.793,poisson_approx_from_expected_corners,low,46.8,BAJA,xgb_lean,0.25,"Aproximacion: corners tienen sobredispersion; usar como radar, no como apuesta core."
2026-06-22,Norway,Senegal,total_corners,Over,9.5,0.241,4.149,4.357,4.564,4.772,poisson_approx_from_expected_corners,low,46.8,BAJA,xgb_lean,0.25,"Aproximacion: corners tienen sobredispersion; usar como radar, no como apuesta core."
2026-06-22,Norway,Senegal,total_corners,Under,9.5,0.759,1.318,1.383,1.449,1.515,poisson_approx_from_expected_corners,low,46.8,BAJA,xgb_lean,0.25,"Aproximacion: corners tienen sobredispersion; usar como radar, no como apuesta core."
2026-06-22,Norway,Senegal,total_corners,Over,10.5,0.151,6.624,6.956,7.287,7.618,poisson_approx_from_expected_corners,low,46.8,BAJA,xgb_lean,0.25,"Aproximacion: corners tienen sobredispersion; usar como radar, no como apuesta core."
2026-06-22,Norway,Senegal,total_corners,Under,10.5,0.849,1.178,1.237,1.296,1.354,poisson_approx_from_expected_corners,low,46.8,BAJA,xgb_lean,0.25,"Aproximacion: corners tienen sobredispersion; usar como radar, no como apuesta core."
2026-06-22,Norway,Senegal,total_goals,Over,1.5,0.7192,1.39,1.46,1.529,1.599,poisson_total_goals,medium,46.8,BAJA,xgb_lean,0.25,
2026-06-22,Norway,Senegal,total_goals,Under,1.5,0.2808,3.561,3.739,3.917,4.096,poisson_total_goals,medium,46.8,BAJA,xgb_lean,0.25,
2026-06-22,Norway,Senegal,total_goals,Over,2.5,0.5074,1.971,2.069,2.168,2.266,ensemble_over25,medium,46.8,BAJA,xgb_lean,0.25,
2026-06-22,Norway,Senegal,total_goals,Under,2.5,0.4926,2.03,2.132,2.233,2.335,ensemble_over25,medium,46.8,BAJA,xgb_lean,0.25,
2026-06-22,Norway,Senegal,total_goals,Over,3.5,0.2493,4.011,4.212,4.413,4.613,poisson_total_goals,medium,46.8,BAJA,xgb_lean,0.25,
2026-06-22,Norway,Senegal,total_goals,Under,3.5,0.7507,1.332,1.399,1.465,1.532,poisson_total_goals,medium,46.8,BAJA,xgb_lean,0.25,
2026-06-23,Colombia,DR Congo,btts,No,,0.5261,1.901,1.996,2.091,2.186,ensemble_btts,high,51.2,MEDIA,xgb_lean,0.25,
2026-06-23,Colombia,DR Congo,btts,Yes,,0.4739,2.11,2.216,2.321,2.427,ensemble_btts,high,51.2,MEDIA,xgb_lean,0.25,
2026-06-23,Colombia,DR Congo,clean_sheet,Colombia No,,0.5582,1.791,1.881,1.97,2.06,poisson_opponent_goals_zero,derived,51.2,MEDIA,xgb_lean,0.25,
2026-06-23,Colombia,DR Congo,clean_sheet,Colombia Yes,,0.4418,2.264,2.377,2.49,2.603,poisson_opponent_goals_zero,derived,51.2,MEDIA,xgb_lean,0.25,
2026-06-23,Colombia,DR Congo,clean_sheet,DR Congo No,,0.859,1.164,1.222,1.281,1.339,poisson_opponent_goals_zero,derived,51.2,MEDIA,xgb_lean,0.25,
2026-06-23,Colombia,DR Congo,clean_sheet,DR Congo Yes,,0.141,7.092,7.447,7.801,8.156,poisson_opponent_goals_zero,derived,51.2,MEDIA,xgb_lean,0.25,
2026-06-23,Colombia,DR Congo,double_chance,Colombia or DR Congo,,0.7873,1.27,1.334,1.397,1.461,derived_from_1x2,medium,51.2,MEDIA,xgb_lean,0.25,
2026-06-23,Colombia,DR Congo,double_chance,Colombia or Draw,,0.8915,1.122,1.178,1.234,1.29,derived_from_1x2,high,51.2,MEDIA,xgb_lean,0.25,
2026-06-23,Colombia,DR Congo,double_chance,DR Congo or Draw,,0.3212,3.113,3.269,3.425,3.58,derived_from_1x2,medium,51.2,MEDIA,xgb_lean,0.25,
2026-06-23,Colombia,DR Congo,draw_no_bet,Colombia,,0.8622,1.16,1.218,1.276,1.334,derived_from_1x2,medium,51.2,MEDIA,xgb_lean,0.25,Probabilidad condicionada a que no haya empate; empate void.
2026-06-23,Colombia,DR Congo,draw_no_bet,DR Congo,,0.1378,7.256,7.619,7.982,8.345,derived_from_1x2,medium,51.2,MEDIA,xgb_lean,0.25,Probabilidad condicionada a que no haya empate; empate void.
2026-06-23,Colombia,DR Congo,h2h,Colombia,,0.6788,1.473,1.547,1.621,1.694,ensemble_1x2,high,51.2,MEDIA,xgb_lean,0.25,
2026-06-23,Colombia,DR Congo,h2h,DR Congo,,0.1085,9.217,9.677,10.138,10.599,ensemble_1x2,medium,51.2,MEDIA,xgb_lean,0.25,
2026-06-23,Colombia,DR Congo,h2h,Draw,,0.2127,4.701,4.937,5.172,5.407,ensemble_1x2,high,51.2,MEDIA,xgb_lean,0.25,No usar como apuesta core hasta recalibrar empates.
2026-06-23,Colombia,DR Congo,team_goals,Colombia Over,0.5,0.859,1.164,1.222,1.281,1.339,poisson_home_goals,derived,51.2,MEDIA,xgb_lean,0.25,
2026-06-23,Colombia,DR Congo,team_goals,Colombia Under,0.5,0.141,7.092,7.447,7.801,8.156,poisson_home_goals,derived,51.2,MEDIA,xgb_lean,0.25,
2026-06-23,Colombia,DR Congo,team_goals,DR Congo Over,0.5,0.5582,1.791,1.881,1.97,2.06,poisson_away_goals,derived,51.2,MEDIA,xgb_lean,0.25,
2026-06-23,Colombia,DR Congo,team_goals,DR Congo Under,0.5,0.4418,2.264,2.377,2.49,2.603,poisson_away_goals,derived,51.2,MEDIA,xgb_lean,0.25,
2026-06-23,Colombia,DR Congo,team_goals,Colombia Over,1.5,0.5828,1.716,1.802,1.887,1.973,poisson_home_goals,derived,51.2,MEDIA,xgb_lean,0.25,
2026-06-23,Colombia,DR Congo,team_goals,Colombia Under,1.5,0.4172,2.397,2.517,2.637,2.756,poisson_home_goals,derived,51.2,MEDIA,xgb_lean,0.25,
2026-06-23,Colombia,DR Congo,team_goals,DR Congo Over,1.5,0.1973,5.068,5.321,5.574,5.828,poisson_away_goals,derived,51.2,MEDIA,xgb_lean,0.25,
2026-06-23,Colombia,DR Congo,team_goals,DR Congo Under,1.5,0.8027,1.246,1.308,1.37,1.433,poisson_away_goals,derived,51.2,MEDIA,xgb_lean,0.25,
2026-06-23,Colombia,DR Congo,team_goals,Colombia Over,2.5,0.3122,3.203,3.363,3.523,3.683,poisson_home_goals,derived,51.2,MEDIA,xgb_lean,0.25,
2026-06-23,Colombia,DR Congo,team_goals,Colombia Under,2.5,0.6878,1.454,1.527,1.599,1.672,poisson_home_goals,derived,51.2,MEDIA,xgb_lean,0.25,
2026-06-23,Colombia,DR Congo,team_goals,DR Congo Over,2.5,0.0499,20.041,21.043,22.045,23.047,poisson_away_goals,derived,51.2,MEDIA,xgb_lean,0.25,
2026-06-23,Colombia,DR Congo,team_goals,DR Congo Under,2.5,0.9501,1.053,1.105,1.158,1.21,poisson_away_goals,derived,51.2,MEDIA,xgb_lean,0.25,
2026-06-23,Colombia,DR Congo,total_corners,Over,8.5,0.8397,1.191,1.251,1.31,1.37,poisson_approx_from_expected_corners,low,51.2,MEDIA,xgb_lean,0.25,"Aproximacion: corners tienen sobredispersion; usar como radar, no como apuesta core."
2026-06-23,Colombia,DR Congo,total_corners,Under,8.5,0.1603,6.237,6.549,6.86,7.172,poisson_approx_from_expected_corners,low,51.2,MEDIA,xgb_lean,0.25,"Aproximacion: corners tienen sobredispersion; usar como radar, no como apuesta core."
2026-06-23,Colombia,DR Congo,total_corners,Over,9.5,0.7505,1.332,1.399,1.466,1.532,poisson_approx_from_expected_corners,low,51.2,MEDIA,xgb_lean,0.25,"Aproximacion: corners tienen sobredispersion; usar como radar, no como apuesta core."
2026-06-23,Colombia,DR Congo,total_corners,Under,9.5,0.2495,4.009,4.209,4.41,4.61,poisson_approx_from_expected_corners,low,51.2,MEDIA,xgb_lean,0.25,"Aproximacion: corners tienen sobredispersion; usar como radar, no como apuesta core."
2026-06-23,Colombia,DR Congo,total_corners,Over,10.5,0.6443,1.552,1.63,1.707,1.785,poisson_approx_from_expected_corners,low,51.2,MEDIA,xgb_lean,0.25,"Aproximacion: corners tienen sobredispersion; usar como radar, no como apuesta core."
2026-06-23,Colombia,DR Congo,total_corners,Under,10.5,0.3557,2.812,2.952,3.093,3.233,poisson_approx_from_expected_corners,low,51.2,MEDIA,xgb_lean,0.25,"Aproximacion: corners tienen sobredispersion; usar como radar, no como apuesta core."
2026-06-23,Colombia,DR Congo,total_goals,Over,1.5,0.7648,1.308,1.373,1.438,1.504,poisson_total_goals,high,51.2,MEDIA,xgb_lean,0.25,
2026-06-23,Colombia,DR Congo,total_goals,Under,1.5,0.2352,4.252,4.464,4.677,4.89,poisson_total_goals,high,51.2,MEDIA,xgb_lean,0.25,
2026-06-23,Colombia,DR Congo,total_goals,Over,2.5,0.4994,2.002,2.103,2.203,2.303,ensemble_over25,high,51.2,MEDIA,xgb_lean,0.25,
2026-06-23,Colombia,DR Congo,total_goals,Under,2.5,0.5006,1.998,2.097,2.197,2.297,ensemble_over25,high,51.2,MEDIA,xgb_lean,0.25,
2026-06-23,Colombia,DR Congo,total_goals,Over,3.5,0.3027,3.303,3.468,3.634,3.799,poisson_total_goals,high,51.2,MEDIA,xgb_lean,0.25,
2026-06-23,Colombia,DR Congo,total_goals,Under,3.5,0.6973,1.434,1.506,1.578,1.649,poisson_total_goals,high,51.2,MEDIA,xgb_lean,0.25,
2026-06-23,England,Ghana,btts,No,,0.5596,1.787,1.876,1.966,2.055,ensemble_btts,high,50.9,MEDIA,blend,0.6442,
2026-06-23,England,Ghana,btts,Yes,,0.4404,2.271,2.384,2.498,2.611,ensemble_btts,high,50.9,MEDIA,blend,0.6442,
2026-06-23,England,Ghana,clean_sheet,England No,,0.4572,2.187,2.297,2.406,2.515,poisson_opponent_goals_zero,derived,50.9,MEDIA,blend,0.6442,
2026-06-23,England,Ghana,clean_sheet,England Yes,,0.5428,1.842,1.934,2.027,2.119,poisson_opponent_goals_zero,derived,50.9,MEDIA,blend,0.6442,
2026-06-23,England,Ghana,clean_sheet,Ghana No,,0.944,1.059,1.112,1.165,1.218,poisson_opponent_goals_zero,derived,50.9,MEDIA,blend,0.6442,
2026-06-23,England,Ghana,clean_sheet,Ghana Yes,,0.056,17.868,18.761,19.655,20.548,poisson_opponent_goals_zero,derived,50.9,MEDIA,blend,0.6442,
2026-06-23,England,Ghana,double_chance,England or Draw,,0.9511,1.051,1.104,1.157,1.209,derived_from_1x2,high,50.9,MEDIA,blend,0.6442,
2026-06-23,England,Ghana,double_chance,England or Ghana,,0.8971,1.115,1.17,1.226,1.282,derived_from_1x2,high,50.9,MEDIA,blend,0.6442,
2026-06-23,England,Ghana,double_chance,Ghana or Draw,,0.1518,6.588,6.917,7.246,7.576,derived_from_1x2,high,50.9,MEDIA,blend,0.6442,
2026-06-23,England,Ghana,draw_no_bet,England,,0.9455,1.058,1.111,1.163,1.216,derived_from_1x2,high,50.9,MEDIA,blend,0.6442,Probabilidad condicionada a que no haya empate; empate void.
2026-06-23,England,Ghana,draw_no_bet,Ghana,,0.0545,18.346,19.263,20.18,21.097,derived_from_1x2,high,50.9,MEDIA,blend,0.6442,Probabilidad condicionada a que no haya empate; empate void.
2026-06-23,England,Ghana,h2h,Draw,,0.1029,9.718,10.204,10.69,11.176,ensemble_1x2,high,50.9,MEDIA,blend,0.6442,No usar como apuesta core hasta recalibrar empates.
2026-06-23,England,Ghana,h2h,England,,0.8482,1.179,1.238,1.297,1.356,ensemble_1x2,high,50.9,MEDIA,blend,0.6442,
2026-06-23,England,Ghana,h2h,Ghana,,0.0489,20.45,21.472,22.495,23.517,ensemble_1x2,high,50.9,MEDIA,blend,0.6442,
2026-06-23,England,Ghana,team_goals,England Over,0.5,0.944,1.059,1.112,1.165,1.218,poisson_home_goals,derived,50.9,MEDIA,blend,0.6442,
2026-06-23,England,Ghana,team_goals,England Under,0.5,0.056,17.868,18.761,19.655,20.548,poisson_home_goals,derived,50.9,MEDIA,blend,0.6442,
2026-06-23,England,Ghana,team_goals,Ghana Over,0.5,0.4572,2.187,2.297,2.406,2.515,poisson_away_goals,derived,50.9,MEDIA,blend,0.6442,
2026-06-23,England,Ghana,team_goals,Ghana Under,0.5,0.5428,1.842,1.934,2.027,2.119,poisson_away_goals,derived,50.9,MEDIA,blend,0.6442,
2026-06-23,England,Ghana,team_goals,England Over,1.5,0.7827,1.278,1.342,1.405,1.469,poisson_home_goals,derived,50.9,MEDIA,blend,0.6442,
2026-06-23,England,Ghana,team_goals,England Under,1.5,0.2173,4.602,4.832,5.062,5.292,poisson_home_goals,derived,50.9,MEDIA,blend,0.6442,
2026-06-23,England,Ghana,team_goals,Ghana Over,1.5,0.1255,7.966,8.364,8.762,9.161,poisson_away_goals,derived,50.9,MEDIA,blend,0.6442,
2026-06-23,England,Ghana,team_goals,Ghana Under,1.5,0.8745,1.144,1.201,1.258,1.315,poisson_away_goals,derived,50.9,MEDIA,blend,0.6442,
2026-06-23,England,Ghana,team_goals,England Over,2.5,0.5501,1.818,1.909,2.0,2.091,poisson_home_goals,derived,50.9,MEDIA,blend,0.6442,
2026-06-23,England,Ghana,team_goals,England Under,2.5,0.4499,2.223,2.334,2.445,2.556,poisson_home_goals,derived,50.9,MEDIA,blend,0.6442,
2026-06-23,England,Ghana,team_goals,Ghana Over,2.5,0.0242,41.295,43.36,45.425,47.49,poisson_away_goals,derived,50.9,MEDIA,blend,0.6442,
2026-06-23,England,Ghana,team_goals,Ghana Under,2.5,0.9758,1.025,1.076,1.127,1.179,poisson_away_goals,derived,50.9,MEDIA,blend,0.6442,
2026-06-23,England,Ghana,total_corners,Over,8.5,0.5613,1.781,1.87,1.96,2.049,poisson_approx_from_expected_corners,low,50.9,MEDIA,blend,0.6442,"Aproximacion: corners tienen sobredispersion; usar como radar, no como apuesta core."
2026-06-23,England,Ghana,total_corners,Under,8.5,0.4387,2.28,2.394,2.508,2.622,poisson_approx_from_expected_corners,low,50.9,MEDIA,blend,0.6442,"Aproximacion: corners tienen sobredispersion; usar como radar, no como apuesta core."
2026-06-23,England,Ghana,total_corners,Over,9.5,0.4297,2.327,2.443,2.56,2.676,poisson_approx_from_expected_corners,low,50.9,MEDIA,blend,0.6442,"Aproximacion: corners tienen sobredispersion; usar como radar, no como apuesta core."
2026-06-23,England,Ghana,total_corners,Under,9.5,0.5703,1.754,1.841,1.929,2.017,poisson_approx_from_expected_corners,low,50.9,MEDIA,blend,0.6442,"Aproximacion: corners tienen sobredispersion; usar como radar, no como apuesta core."
2026-06-23,England,Ghana,total_corners,Over,10.5,0.3095,3.231,3.392,3.554,3.715,poisson_approx_from_expected_corners,low,50.9,MEDIA,blend,0.6442,"Aproximacion: corners tienen sobredispersion; usar como radar, no como apuesta core."
2026-06-23,England,Ghana,total_corners,Under,10.5,0.6905,1.448,1.521,1.593,1.666,poisson_approx_from_expected_corners,low,50.9,MEDIA,blend,0.6442,"Aproximacion: corners tienen sobredispersion; usar como radar, no como apuesta core."
2026-06-23,England,Ghana,total_goals,Over,1.5,0.8635,1.158,1.216,1.274,1.332,poisson_total_goals,high,50.9,MEDIA,blend,0.6442,
2026-06-23,England,Ghana,total_goals,Under,1.5,0.1365,7.325,7.691,8.057,8.423,poisson_total_goals,high,50.9,MEDIA,blend,0.6442,
2026-06-23,England,Ghana,total_goals,Over,2.5,0.6775,1.476,1.55,1.624,1.697,ensemble_over25,high,50.9,MEDIA,blend,0.6442,
2026-06-23,England,Ghana,total_goals,Under,2.5,0.3225,3.101,3.256,3.411,3.566,ensemble_over25,high,50.9,MEDIA,blend,0.6442,
2026-06-23,England,Ghana,total_goals,Over,3.5,0.4621,2.164,2.272,2.381,2.489,poisson_total_goals,high,50.9,MEDIA,blend,0.6442,
2026-06-23,England,Ghana,total_goals,Under,3.5,0.5379,1.859,1.952,2.045,2.138,poisson_total_goals,high,50.9,MEDIA,blend,0.6442,
2026-06-23,Panama,Croatia,btts,No,,0.5315,1.881,1.976,2.07,2.164,ensemble_btts,high,73.1,ALTA,blend,0.626,
2026-06-23,Panama,Croatia,btts,Yes,,0.4685,2.134,2.241,2.348,2.455,ensemble_btts,high,73.1,ALTA,blend,0.626,
2026-06-23,Panama,Croatia,clean_sheet,Croatia No,,0.5648,1.77,1.859,1.948,2.036,poisson_opponent_goals_zero,derived,73.1,ALTA,blend,0.626,
2026-06-23,Panama,Croatia,clean_sheet,Croatia Yes,,0.4352,2.298,2.413,2.528,2.643,poisson_opponent_goals_zero,derived,73.1,ALTA,blend,0.626,
2026-06-23,Panama,Croatia,clean_sheet,Panama No,,0.8015,1.248,1.31,1.372,1.435,poisson_opponent_goals_zero,derived,73.1,ALTA,blend,0.626,
2026-06-23,Panama,Croatia,clean_sheet,Panama Yes,,0.1985,5.038,5.29,5.542,5.794,poisson_opponent_goals_zero,derived,73.1,ALTA,blend,0.626,
2026-06-23,Panama,Croatia,double_chance,Croatia or Draw,,0.8223,1.216,1.277,1.338,1.399,derived_from_1x2,high,73.1,ALTA,blend,0.626,
2026-06-23,Panama,Croatia,double_chance,Panama or Croatia,,0.7456,1.341,1.408,1.475,1.542,derived_from_1x2,high,73.1,ALTA,blend,0.626,
2026-06-23,Panama,Croatia,double_chance,Panama or Draw,,0.4321,2.314,2.43,2.546,2.661,derived_from_1x2,high,73.1,ALTA,blend,0.626,
2026-06-23,Panama,Croatia,draw_no_bet,Croatia,,0.7617,1.313,1.379,1.444,1.51,derived_from_1x2,high,73.1,ALTA,blend,0.626,Probabilidad condicionada a que no haya empate; empate void.
2026-06-23,Panama,Croatia,draw_no_bet,Panama,,0.2383,4.196,4.406,4.615,4.825,derived_from_1x2,high,73.1,ALTA,blend,0.626,Probabilidad condicionada a que no haya empate; empate void.
2026-06-23,Panama,Croatia,h2h,Croatia,,0.5679,1.761,1.849,1.937,2.025,ensemble_1x2,high,73.1,ALTA,blend,0.626,
2026-06-23,Panama,Croatia,h2h,Draw,,0.2544,3.931,4.127,4.324,4.52,ensemble_1x2,high,73.1,ALTA,blend,0.626,No usar como apuesta core hasta recalibrar empates.
2026-06-23,Panama,Croatia,h2h,Panama,,0.1777,5.627,5.909,6.19,6.472,ensemble_1x2,high,73.1,ALTA,blend,0.626,
2026-06-23,Panama,Croatia,team_goals,Croatia Over,0.5,0.8015,1.248,1.31,1.372,1.435,poisson_away_goals,derived,73.1,ALTA,blend,0.626,
2026-06-23,Panama,Croatia,team_goals,Croatia Under,0.5,0.1985,5.038,5.29,5.542,5.794,poisson_away_goals,derived,73.1,ALTA,blend,0.626,
2026-06-23,Panama,Croatia,team_goals,Panama Over,0.5,0.5648,1.77,1.859,1.948,2.036,poisson_home_goals,derived,73.1,ALTA,blend,0.626,
2026-06-23,Panama,Croatia,team_goals,Panama Under,0.5,0.4352,2.298,2.413,2.528,2.643,poisson_home_goals,derived,73.1,ALTA,blend,0.626,
2026-06-23,Panama,Croatia,team_goals,Croatia Over,1.5,0.4805,2.081,2.185,2.289,2.393,poisson_away_goals,derived,73.1,ALTA,blend,0.626,
2026-06-23,Panama,Croatia,team_goals,Croatia Under,1.5,0.5195,1.925,2.021,2.118,2.214,poisson_away_goals,derived,73.1,ALTA,blend,0.626,
2026-06-23,Panama,Croatia,team_goals,Panama Over,1.5,0.2028,4.932,5.179,5.425,5.672,poisson_home_goals,derived,73.1,ALTA,blend,0.626,
2026-06-23,Panama,Croatia,team_goals,Panama Under,1.5,0.7972,1.254,1.317,1.38,1.442,poisson_home_goals,derived,73.1,ALTA,blend,0.626,
2026-06-23,Panama,Croatia,team_goals,Croatia Over,2.5,0.221,4.524,4.75,4.976,5.203,poisson_away_goals,derived,73.1,ALTA,blend,0.626,
2026-06-23,Panama,Croatia,team_goals,Croatia Under,2.5,0.779,1.284,1.348,1.412,1.476,poisson_away_goals,derived,73.1,ALTA,blend,0.626,
2026-06-23,Panama,Croatia,team_goals,Panama Over,2.5,0.0521,19.182,20.141,21.1,22.059,poisson_home_goals,derived,73.1,ALTA,blend,0.626,
2026-06-23,Panama,Croatia,team_goals,Panama Under,2.5,0.9479,1.055,1.108,1.161,1.213,poisson_home_goals,derived,73.1,ALTA,blend,0.626,
2026-06-23,Panama,Croatia,total_corners,Over,8.5,0.323,3.096,3.251,3.406,3.561,poisson_approx_from_expected_corners,low,73.1,ALTA,blend,0.626,"Aproximacion: corners tienen sobredispersion; usar como radar, no como apuesta core."
2026-06-23,Panama,Croatia,total_corners,Under,8.5,0.677,1.477,1.551,1.625,1.699,poisson_approx_from_expected_corners,low,73.1,ALTA,blend,0.626,"Aproximacion: corners tienen sobredispersion; usar como radar, no como apuesta core."
2026-06-23,Panama,Croatia,total_corners,Over,9.5,0.2111,4.736,4.973,5.21,5.446,poisson_approx_from_expected_corners,low,73.1,ALTA,blend,0.626,"Aproximacion: corners tienen sobredispersion; usar como radar, no como apuesta core."
2026-06-23,Panama,Croatia,total_corners,Under,9.5,0.7889,1.268,1.331,1.394,1.458,poisson_approx_from_expected_corners,low,73.1,ALTA,blend,0.626,"Aproximacion: corners tienen sobredispersion; usar como radar, no como apuesta core."
2026-06-23,Panama,Croatia,total_corners,Over,10.5,0.1285,7.782,8.172,8.561,8.95,poisson_approx_from_expected_corners,low,73.1,ALTA,blend,0.626,"Aproximacion: corners tienen sobredispersion; usar como radar, no como apuesta core."
2026-06-23,Panama,Croatia,total_corners,Under,10.5,0.8715,1.147,1.205,1.262,1.32,poisson_approx_from_expected_corners,low,73.1,ALTA,blend,0.626,"Aproximacion: corners tienen sobredispersion; usar como radar, no como apuesta core."
2026-06-23,Panama,Croatia,total_goals,Over,1.5,0.7021,1.424,1.496,1.567,1.638,poisson_total_goals,high,73.1,ALTA,blend,0.626,
2026-06-23,Panama,Croatia,total_goals,Under,1.5,0.2979,3.357,3.524,3.692,3.86,poisson_total_goals,high,73.1,ALTA,blend,0.626,
2026-06-23,Panama,Croatia,total_goals,Over,2.5,0.4456,2.244,2.356,2.469,2.581,ensemble_over25,high,73.1,ALTA,blend,0.626,
2026-06-23,Panama,Croatia,total_goals,Under,2.5,0.5544,1.804,1.894,1.984,2.074,ensemble_over25,high,73.1,ALTA,blend,0.626,
2026-06-23,Panama,Croatia,total_goals,Over,3.5,0.2316,4.318,4.534,4.75,4.966,poisson_total_goals,high,73.1,ALTA,blend,0.626,
2026-06-23,Panama,Croatia,total_goals,Under,3.5,0.7684,1.301,1.366,1.432,1.497,poisson_total_goals,high,73.1,ALTA,blend,0.626,
2026-06-23,Portugal,Uzbekistan,btts,No,,0.5114,1.955,2.053,2.151,2.249,ensemble_btts,high,64.7,MEDIA,poisson_lean,0.8,
2026-06-23,Portugal,Uzbekistan,btts,Yes,,0.4886,2.047,2.149,2.251,2.354,ensemble_btts,high,64.7,MEDIA,poisson_lean,0.8,
2026-06-23,Portugal,Uzbekistan,clean_sheet,Portugal No,,0.5457,1.833,1.924,2.016,2.107,poisson_opponent_goals_zero,derived,64.7,MEDIA,poisson_lean,0.8,
2026-06-23,Portugal,Uzbekistan,clean_sheet,Portugal Yes,,0.4543,2.201,2.311,2.421,2.531,poisson_opponent_goals_zero,derived,64.7,MEDIA,poisson_lean,0.8,
2026-06-23,Portugal,Uzbekistan,clean_sheet,Uzbekistan No,,0.8953,1.117,1.173,1.229,1.284,poisson_opponent_goals_zero,derived,64.7,MEDIA,poisson_lean,0.8,
2026-06-23,Portugal,Uzbekistan,clean_sheet,Uzbekistan Yes,,0.1047,9.554,10.032,10.51,10.988,poisson_opponent_goals_zero,derived,64.7,MEDIA,poisson_lean,0.8,
2026-06-23,Portugal,Uzbekistan,double_chance,Portugal or Draw,,0.881,1.135,1.192,1.249,1.305,derived_from_1x2,high,64.7,MEDIA,poisson_lean,0.8,
2026-06-23,Portugal,Uzbekistan,double_chance,Portugal or Uzbekistan,,0.8156,1.226,1.287,1.349,1.41,derived_from_1x2,high,64.7,MEDIA,poisson_lean,0.8,
2026-06-23,Portugal,Uzbekistan,double_chance,Uzbekistan or Draw,,0.3034,3.296,3.461,3.626,3.79,derived_from_1x2,high,64.7,MEDIA,poisson_lean,0.8,
2026-06-23,Portugal,Uzbekistan,draw_no_bet,Portugal,,0.8541,1.171,1.229,1.288,1.346,derived_from_1x2,high,64.7,MEDIA,poisson_lean,0.8,Probabilidad condicionada a que no haya empate; empate void.
2026-06-23,Portugal,Uzbekistan,draw_no_bet,Uzbekistan,,0.1459,6.854,7.196,7.539,7.882,derived_from_1x2,high,64.7,MEDIA,poisson_lean,0.8,Probabilidad condicionada a que no haya empate; empate void.
2026-06-23,Portugal,Uzbekistan,h2h,Draw,,0.1844,5.423,5.694,5.965,6.236,ensemble_1x2,high,64.7,MEDIA,poisson_lean,0.8,No usar como apuesta core hasta recalibrar empates.
2026-06-23,Portugal,Uzbekistan,h2h,Portugal,,0.6966,1.436,1.507,1.579,1.651,ensemble_1x2,high,64.7,MEDIA,poisson_lean,0.8,
2026-06-23,Portugal,Uzbekistan,h2h,Uzbekistan,,0.119,8.403,8.824,9.244,9.664,ensemble_1x2,high,64.7,MEDIA,poisson_lean,0.8,
2026-06-23,Portugal,Uzbekistan,team_goals,Portugal Over,0.5,0.8953,1.117,1.173,1.229,1.284,poisson_home_goals,derived,64.7,MEDIA,poisson_lean,0.8,
2026-06-23,Portugal,Uzbekistan,team_goals,Portugal Under,0.5,0.1047,9.554,10.032,10.51,10.988,poisson_home_goals,derived,64.7,MEDIA,poisson_lean,0.8,
2026-06-23,Portugal,Uzbekistan,team_goals,Uzbekistan Over,0.5,0.5457,1.833,1.924,2.016,2.107,poisson_away_goals,derived,64.7,MEDIA,poisson_lean,0.8,
2026-06-23,Portugal,Uzbekistan,team_goals,Uzbekistan Under,0.5,0.4543,2.201,2.311,2.421,2.531,poisson_away_goals,derived,64.7,MEDIA,poisson_lean,0.8,
2026-06-23,Portugal,Uzbekistan,team_goals,Portugal Over,1.5,0.6591,1.517,1.593,1.669,1.745,poisson_home_goals,derived,64.7,MEDIA,poisson_lean,0.8,
2026-06-23,Portugal,Uzbekistan,team_goals,Portugal Under,1.5,0.3409,2.933,3.08,3.227,3.374,poisson_home_goals,derived,64.7,MEDIA,poisson_lean,0.8,
2026-06-23,Portugal,Uzbekistan,team_goals,Uzbekistan Over,1.5,0.1873,5.34,5.607,5.874,6.141,poisson_away_goals,derived,64.7,MEDIA,poisson_lean,0.8,
2026-06-23,Portugal,Uzbekistan,team_goals,Uzbekistan Under,1.5,0.8127,1.23,1.292,1.353,1.415,poisson_away_goals,derived,64.7,MEDIA,poisson_lean,0.8,
2026-06-23,Portugal,Uzbekistan,team_goals,Portugal Over,2.5,0.3925,2.548,2.675,2.802,2.93,poisson_home_goals,derived,64.7,MEDIA,poisson_lean,0.8,
2026-06-23,Portugal,Uzbekistan,team_goals,Portugal Under,2.5,0.6075,1.646,1.728,1.811,1.893,poisson_home_goals,derived,64.7,MEDIA,poisson_lean,0.8,
2026-06-23,Portugal,Uzbekistan,team_goals,Uzbekistan Over,2.5,0.0459,21.808,22.899,23.989,25.08,poisson_away_goals,derived,64.7,MEDIA,poisson_lean,0.8,
2026-06-23,Portugal,Uzbekistan,team_goals,Uzbekistan Under,2.5,0.9541,1.048,1.1,1.153,1.205,poisson_away_goals,derived,64.7,MEDIA,poisson_lean,0.8,
2026-06-23,Portugal,Uzbekistan,total_corners,Over,8.5,0.3684,2.714,2.85,2.986,3.121,poisson_approx_from_expected_corners,low,64.7,MEDIA,poisson_lean,0.8,"Aproximacion: corners tienen sobredispersion; usar como radar, no como apuesta core."
2026-06-23,Portugal,Uzbekistan,total_corners,Under,8.5,0.6316,1.583,1.663,1.742,1.821,poisson_approx_from_expected_corners,low,64.7,MEDIA,poisson_lean,0.8,"Aproximacion: corners tienen sobredispersion; usar como radar, no como apuesta core."
2026-06-23,Portugal,Uzbekistan,total_corners,Over,9.5,0.2493,4.011,4.212,4.412,4.613,poisson_approx_from_expected_corners,low,64.7,MEDIA,poisson_lean,0.8,"Aproximacion: corners tienen sobredispersion; usar como radar, no como apuesta core."
2026-06-23,Portugal,Uzbekistan,total_corners,Under,9.5,0.7507,1.332,1.399,1.465,1.532,poisson_approx_from_expected_corners,low,64.7,MEDIA,poisson_lean,0.8,"Aproximacion: corners tienen sobredispersion; usar como radar, no como apuesta core."
2026-06-23,Portugal,Uzbekistan,total_corners,Over,10.5,0.1573,6.356,6.674,6.992,7.31,poisson_approx_from_expected_corners,low,64.7,MEDIA,poisson_lean,0.8,"Aproximacion: corners tienen sobredispersion; usar como radar, no como apuesta core."
2026-06-23,Portugal,Uzbekistan,total_corners,Under,10.5,0.8427,1.187,1.246,1.305,1.365,poisson_approx_from_expected_corners,low,64.7,MEDIA,poisson_lean,0.8,"Aproximacion: corners tienen sobredispersion; usar como radar, no como apuesta core."
2026-06-23,Portugal,Uzbekistan,total_goals,Over,1.5,0.8076,1.238,1.3,1.362,1.424,poisson_total_goals,medium,64.7,MEDIA,poisson_lean,0.8,
2026-06-23,Portugal,Uzbekistan,total_goals,Under,1.5,0.1924,5.198,5.458,5.718,5.978,poisson_total_goals,medium,64.7,MEDIA,poisson_lean,0.8,
2026-06-23,Portugal,Uzbekistan,total_goals,Over,2.5,0.5711,1.751,1.839,1.926,2.014,ensemble_over25,medium,64.7,MEDIA,poisson_lean,0.8,
2026-06-23,Portugal,Uzbekistan,total_goals,Under,2.5,0.4289,2.332,2.448,2.565,2.681,ensemble_over25,medium,64.7,MEDIA,poisson_lean,0.8,
2026-06-23,Portugal,Uzbekistan,total_goals,Over,3.5,0.3631,2.754,2.892,3.03,3.167,poisson_total_goals,medium,64.7,MEDIA,poisson_lean,0.8,
2026-06-23,Portugal,Uzbekistan,total_goals,Under,3.5,0.6369,1.57,1.649,1.727,1.806,poisson_total_goals,medium,64.7,MEDIA,poisson_lean,0.8,
2026-06-24,Bosnia and Herzegovina,Qatar,btts,No,,0.543,1.842,1.934,2.026,2.118,ensemble_btts,high,61.6,MEDIA,xgb_lean,0.3374,
2026-06-24,Bosnia and Herzegovina,Qatar,btts,Yes,,0.457,2.188,2.298,2.407,2.516,ensemble_btts,high,61.6,MEDIA,xgb_lean,0.3374,
2026-06-24,Bosnia and Herzegovina,Qatar,clean_sheet,Bosnia and Herzegovina No,,0.5856,1.708,1.793,1.878,1.964,poisson_opponent_goals_zero,derived,61.6,MEDIA,xgb_lean,0.3374,
2026-06-24,Bosnia and Herzegovina,Qatar,clean_sheet,Bosnia and Herzegovina Yes,,0.4144,2.413,2.534,2.655,2.775,poisson_opponent_goals_zero,derived,61.6,MEDIA,xgb_lean,0.3374,
2026-06-24,Bosnia and Herzegovina,Qatar,clean_sheet,Qatar No,,0.8208,1.218,1.279,1.34,1.401,poisson_opponent_goals_zero,derived,61.6,MEDIA,xgb_lean,0.3374,
2026-06-24,Bosnia and Herzegovina,Qatar,clean_sheet,Qatar Yes,,0.1792,5.579,5.858,6.137,6.416,poisson_opponent_goals_zero,derived,61.6,MEDIA,xgb_lean,0.3374,
2026-06-24,Bosnia and Herzegovina,Qatar,double_chance,Bosnia and Herzegovina or Draw,,0.7972,1.254,1.317,1.38,1.443,derived_from_1x2,medium,61.6,MEDIA,xgb_lean,0.3374,
2026-06-24,Bosnia and Herzegovina,Qatar,double_chance,Bosnia and Herzegovina or Qatar,,0.7331,1.364,1.432,1.5,1.569,derived_from_1x2,medium,61.6,MEDIA,xgb_lean,0.3374,
2026-06-24,Bosnia and Herzegovina,Qatar,double_chance,Qatar or Draw,,0.4697,2.129,2.235,2.342,2.448,derived_from_1x2,high,61.6,MEDIA,xgb_lean,0.3374,
2026-06-24,Bosnia and Herzegovina,Qatar,draw_no_bet,Bosnia and Herzegovina,,0.7234,1.382,1.452,1.521,1.59,derived_from_1x2,medium,61.6,MEDIA,xgb_lean,0.3374,Probabilidad condicionada a que no haya empate; empate void.
2026-06-24,Bosnia and Herzegovina,Qatar,draw_no_bet,Qatar,,0.2766,3.615,3.796,3.976,4.157,derived_from_1x2,medium,61.6,MEDIA,xgb_lean,0.3374,Probabilidad condicionada a que no haya empate; empate void.
2026-06-24,Bosnia and Herzegovina,Qatar,h2h,Bosnia and Herzegovina,,0.5303,1.886,1.98,2.074,2.169,ensemble_1x2,medium,61.6,MEDIA,xgb_lean,0.3374,
2026-06-24,Bosnia and Herzegovina,Qatar,h2h,Draw,,0.2669,3.747,3.934,4.121,4.309,ensemble_1x2,high,61.6,MEDIA,xgb_lean,0.3374,No usar como apuesta core hasta recalibrar empates.
2026-06-24,Bosnia and Herzegovina,Qatar,h2h,Qatar,,0.2028,4.931,5.178,5.424,5.671,ensemble_1x2,high,61.6,MEDIA,xgb_lean,0.3374,
2026-06-24,Bosnia and Herzegovina,Qatar,team_goals,Bosnia and Herzegovina Over,0.5,0.8208,1.218,1.279,1.34,1.401,poisson_home_goals,derived,61.6,MEDIA,xgb_lean,0.3374,
2026-06-24,Bosnia and Herzegovina,Qatar,team_goals,Bosnia and Herzegovina Under,0.5,0.1792,5.579,5.858,6.137,6.416,poisson_home_goals,derived,61.6,MEDIA,xgb_lean,0.3374,
2026-06-24,Bosnia and Herzegovina,Qatar,team_goals,Qatar Over,0.5,0.5856,1.708,1.793,1.878,1.964,poisson_away_goals,derived,61.6,MEDIA,xgb_lean,0.3374,
2026-06-24,Bosnia and Herzegovina,Qatar,team_goals,Qatar Under,0.5,0.4144,2.413,2.534,2.655,2.775,poisson_away_goals,derived,61.6,MEDIA,xgb_lean,0.3374,
2026-06-24,Bosnia and Herzegovina,Qatar,team_goals,Bosnia and Herzegovina Over,1.5,0.5126,1.951,2.048,2.146,2.243,poisson_home_goals,derived,61.6,MEDIA,xgb_lean,0.3374,
2026-06-24,Bosnia and Herzegovina,Qatar,team_goals,Bosnia and Herzegovina Under,1.5,0.4874,2.052,2.154,2.257,2.36,poisson_home_goals,derived,61.6,MEDIA,xgb_lean,0.3374,
2026-06-24,Bosnia and Herzegovina,Qatar,team_goals,Qatar Over,1.5,0.2206,4.534,4.76,4.987,5.214,poisson_away_goals,derived,61.6,MEDIA,xgb_lean,0.3374,
2026-06-24,Bosnia and Herzegovina,Qatar,team_goals,Qatar Under,1.5,0.7794,1.283,1.347,1.411,1.475,poisson_away_goals,derived,61.6,MEDIA,xgb_lean,0.3374,
2026-06-24,Bosnia and Herzegovina,Qatar,team_goals,Bosnia and Herzegovina Over,2.5,0.2478,4.036,4.237,4.439,4.641,poisson_home_goals,derived,61.6,MEDIA,xgb_lean,0.3374,
2026-06-24,Bosnia and Herzegovina,Qatar,team_goals,Bosnia and Herzegovina Under,2.5,0.7522,1.329,1.396,1.462,1.529,poisson_home_goals,derived,61.6,MEDIA,xgb_lean,0.3374,
2026-06-24,Bosnia and Herzegovina,Qatar,team_goals,Qatar Over,2.5,0.0598,16.732,17.569,18.405,19.242,poisson_away_goals,derived,61.6,MEDIA,xgb_lean,0.3374,
2026-06-24,Bosnia and Herzegovina,Qatar,team_goals,Qatar Under,2.5,0.9402,1.064,1.117,1.17,1.223,poisson_away_goals,derived,61.6,MEDIA,xgb_lean,0.3374,
2026-06-24,Bosnia and Herzegovina,Qatar,total_corners,Over,8.5,0.4769,2.097,2.202,2.307,2.411,poisson_approx_from_expected_corners,low,61.6,MEDIA,xgb_lean,0.3374,"Aproximacion: corners tienen sobredispersion; usar como radar, no como apuesta core."
2026-06-24,Bosnia and Herzegovina,Qatar,total_corners,Under,8.5,0.5231,1.912,2.007,2.103,2.198,poisson_approx_from_expected_corners,low,61.6,MEDIA,xgb_lean,0.3374,"Aproximacion: corners tienen sobredispersion; usar como radar, no como apuesta core."
2026-06-24,Bosnia and Herzegovina,Qatar,total_corners,Over,9.5,0.347,2.882,3.026,3.17,3.314,poisson_approx_from_expected_corners,low,61.6,MEDIA,xgb_lean,0.3374,"Aproximacion: corners tienen sobredispersion; usar como radar, no como apuesta core."
2026-06-24,Bosnia and Herzegovina,Qatar,total_corners,Under,9.5,0.653,1.531,1.608,1.685,1.761,poisson_approx_from_expected_corners,low,61.6,MEDIA,xgb_lean,0.3374,"Aproximacion: corners tienen sobredispersion; usar como radar, no como apuesta core."
2026-06-24,Bosnia and Herzegovina,Qatar,total_corners,Over,10.5,0.2366,4.226,4.437,4.648,4.86,poisson_approx_from_expected_corners,low,61.6,MEDIA,xgb_lean,0.3374,"Aproximacion: corners tienen sobredispersion; usar como radar, no como apuesta core."
2026-06-24,Bosnia and Herzegovina,Qatar,total_corners,Under,10.5,0.7634,1.31,1.375,1.441,1.506,poisson_approx_from_expected_corners,low,61.6,MEDIA,xgb_lean,0.3374,"Aproximacion: corners tienen sobredispersion; usar como radar, no como apuesta core."
2026-06-24,Bosnia and Herzegovina,Qatar,total_goals,Over,1.5,0.7326,1.365,1.433,1.501,1.57,poisson_total_goals,high,61.6,MEDIA,xgb_lean,0.3374,
2026-06-24,Bosnia and Herzegovina,Qatar,total_goals,Under,1.5,0.2674,3.74,3.927,4.114,4.301,poisson_total_goals,high,61.6,MEDIA,xgb_lean,0.3374,
2026-06-24,Bosnia and Herzegovina,Qatar,total_goals,Over,2.5,0.5035,1.986,2.085,2.185,2.284,ensemble_over25,high,61.6,MEDIA,xgb_lean,0.3374,
2026-06-24,Bosnia and Herzegovina,Qatar,total_goals,Under,2.5,0.4965,2.014,2.115,2.216,2.316,ensemble_over25,high,61.6,MEDIA,xgb_lean,0.3374,
2026-06-24,Bosnia and Herzegovina,Qatar,total_goals,Over,3.5,0.264,3.788,3.977,4.167,4.356,poisson_total_goals,high,61.6,MEDIA,xgb_lean,0.3374,
2026-06-24,Bosnia and Herzegovina,Qatar,total_goals,Under,3.5,0.736,1.359,1.427,1.495,1.562,poisson_total_goals,high,61.6,MEDIA,xgb_lean,0.3374,
2026-06-24,Czech Republic,Mexico,btts,No,,0.5119,1.954,2.051,2.149,2.247,ensemble_btts,high,70.6,ALTA,xgb_lean,0.25,
2026-06-24,Czech Republic,Mexico,btts,Yes,,0.4881,2.049,2.151,2.254,2.356,ensemble_btts,high,70.6,ALTA,xgb_lean,0.25,
2026-06-24,Czech Republic,Mexico,clean_sheet,Czech Republic No,,0.7428,1.346,1.414,1.481,1.548,poisson_opponent_goals_zero,derived,70.6,ALTA,xgb_lean,0.25,
2026-06-24,Czech Republic,Mexico,clean_sheet,Czech Republic Yes,,0.2572,3.888,4.083,4.277,4.472,poisson_opponent_goals_zero,derived,70.6,ALTA,xgb_lean,0.25,
2026-06-24,Czech Republic,Mexico,clean_sheet,Mexico No,,0.6254,1.599,1.679,1.759,1.839,poisson_opponent_goals_zero,derived,70.6,ALTA,xgb_lean,0.25,
2026-06-24,Czech Republic,Mexico,clean_sheet,Mexico Yes,,0.3746,2.67,2.803,2.937,3.07,poisson_opponent_goals_zero,derived,70.6,ALTA,xgb_lean,0.25,
2026-06-24,Czech Republic,Mexico,double_chance,Czech Republic or Draw,,0.5074,1.971,2.069,2.168,2.266,derived_from_1x2,medium,70.6,ALTA,xgb_lean,0.25,
2026-06-24,Czech Republic,Mexico,double_chance,Czech Republic or Mexico,,0.7233,1.383,1.452,1.521,1.59,derived_from_1x2,medium,70.6,ALTA,xgb_lean,0.25,
2026-06-24,Czech Republic,Mexico,double_chance,Mexico or Draw,,0.7693,1.3,1.365,1.43,1.495,derived_from_1x2,medium,70.6,ALTA,xgb_lean,0.25,
2026-06-24,Czech Republic,Mexico,draw_no_bet,Czech Republic,,0.319,3.135,3.292,3.449,3.606,derived_from_1x2,medium,70.6,ALTA,xgb_lean,0.25,Probabilidad condicionada a que no haya empate; empate void.
2026-06-24,Czech Republic,Mexico,draw_no_bet,Mexico,,0.681,1.468,1.542,1.615,1.689,derived_from_1x2,medium,70.6,ALTA,xgb_lean,0.25,Probabilidad condicionada a que no haya empate; empate void.
2026-06-24,Czech Republic,Mexico,h2h,Czech Republic,,0.2307,4.335,4.551,4.768,4.985,ensemble_1x2,medium,70.6,ALTA,xgb_lean,0.25,
2026-06-24,Czech Republic,Mexico,h2h,Draw,,0.2767,3.614,3.795,3.975,4.156,ensemble_1x2,high,70.6,ALTA,xgb_lean,0.25,No usar como apuesta core hasta recalibrar empates.
2026-06-24,Czech Republic,Mexico,h2h,Mexico,,0.4926,2.03,2.132,2.233,2.335,ensemble_1x2,medium,70.6,ALTA,xgb_lean,0.25,
2026-06-24,Czech Republic,Mexico,team_goals,Czech Republic Over,0.5,0.6254,1.599,1.679,1.759,1.839,poisson_home_goals,derived,70.6,ALTA,xgb_lean,0.25,
2026-06-24,Czech Republic,Mexico,team_goals,Czech Republic Under,0.5,0.3746,2.67,2.803,2.937,3.07,poisson_home_goals,derived,70.6,ALTA,xgb_lean,0.25,
2026-06-24,Czech Republic,Mexico,team_goals,Mexico Over,0.5,0.7428,1.346,1.414,1.481,1.548,poisson_away_goals,derived,70.6,ALTA,xgb_lean,0.25,
2026-06-24,Czech Republic,Mexico,team_goals,Mexico Under,0.5,0.2572,3.888,4.083,4.277,4.472,poisson_away_goals,derived,70.6,ALTA,xgb_lean,0.25,
2026-06-24,Czech Republic,Mexico,team_goals,Czech Republic Over,1.5,0.2576,3.882,4.076,4.27,4.464,poisson_home_goals,derived,70.6,ALTA,xgb_lean,0.25,
2026-06-24,Czech Republic,Mexico,team_goals,Czech Republic Under,1.5,0.7424,1.347,1.414,1.482,1.549,poisson_home_goals,derived,70.6,ALTA,xgb_lean,0.25,
2026-06-24,Czech Republic,Mexico,team_goals,Mexico Over,1.5,0.3936,2.541,2.668,2.795,2.922,poisson_away_goals,derived,70.6,ALTA,xgb_lean,0.25,
2026-06-24,Czech Republic,Mexico,team_goals,Mexico Under,1.5,0.6064,1.649,1.731,1.814,1.896,poisson_away_goals,derived,70.6,ALTA,xgb_lean,0.25,
2026-06-24,Czech Republic,Mexico,team_goals,Czech Republic Over,2.5,0.077,12.984,13.633,14.282,14.931,poisson_home_goals,derived,70.6,ALTA,xgb_lean,0.25,
2026-06-24,Czech Republic,Mexico,team_goals,Czech Republic Under,2.5,0.923,1.083,1.138,1.192,1.246,poisson_home_goals,derived,70.6,ALTA,xgb_lean,0.25,
2026-06-24,Czech Republic,Mexico,team_goals,Mexico Over,2.5,0.1564,6.392,6.712,7.031,7.351,poisson_away_goals,derived,70.6,ALTA,xgb_lean,0.25,
2026-06-24,Czech Republic,Mexico,team_goals,Mexico Under,2.5,0.8436,1.185,1.245,1.304,1.363,poisson_away_goals,derived,70.6,ALTA,xgb_lean,0.25,
2026-06-24,Czech Republic,Mexico,total_corners,Over,8.5,0.587,1.704,1.789,1.874,1.959,poisson_approx_from_expected_corners,low,70.6,ALTA,xgb_lean,0.25,"Aproximacion: corners tienen sobredispersion; usar como radar, no como apuesta core."
2026-06-24,Czech Republic,Mexico,total_corners,Under,8.5,0.413,2.421,2.542,2.663,2.784,poisson_approx_from_expected_corners,low,70.6,ALTA,xgb_lean,0.25,"Aproximacion: corners tienen sobredispersion; usar como radar, no como apuesta core."
2026-06-24,Czech Republic,Mexico,total_corners,Over,9.5,0.456,2.193,2.303,2.412,2.522,poisson_approx_from_expected_corners,low,70.6,ALTA,xgb_lean,0.25,"Aproximacion: corners tienen sobredispersion; usar como radar, no como apuesta core."
2026-06-24,Czech Republic,Mexico,total_corners,Under,9.5,0.544,1.838,1.93,2.022,2.114,poisson_approx_from_expected_corners,low,70.6,ALTA,xgb_lean,0.25,"Aproximacion: corners tienen sobredispersion; usar como radar, no como apuesta core."
2026-06-24,Czech Republic,Mexico,total_corners,Over,10.5,0.3338,2.996,3.146,3.296,3.445,poisson_approx_from_expected_corners,low,70.6,ALTA,xgb_lean,0.25,"Aproximacion: corners tienen sobredispersion; usar como radar, no como apuesta core."
2026-06-24,Czech Republic,Mexico,total_corners,Under,10.5,0.6662,1.501,1.576,1.651,1.726,poisson_approx_from_expected_corners,low,70.6,ALTA,xgb_lean,0.25,"Aproximacion: corners tienen sobredispersion; usar como radar, no como apuesta core."
2026-06-24,Czech Republic,Mexico,total_goals,Over,1.5,0.6783,1.474,1.548,1.622,1.696,poisson_total_goals,high,70.6,ALTA,xgb_lean,0.25,
2026-06-24,Czech Republic,Mexico,total_goals,Under,1.5,0.3217,3.108,3.264,3.419,3.574,poisson_total_goals,high,70.6,ALTA,xgb_lean,0.25,
2026-06-24,Czech Republic,Mexico,total_goals,Over,2.5,0.4255,2.35,2.468,2.585,2.703,ensemble_over25,high,70.6,ALTA,xgb_lean,0.25,
2026-06-24,Czech Republic,Mexico,total_goals,Under,2.5,0.5745,1.741,1.828,1.915,2.002,ensemble_over25,high,70.6,ALTA,xgb_lean,0.25,
2026-06-24,Czech Republic,Mexico,total_goals,Over,3.5,0.2088,4.788,5.028,5.267,5.507,poisson_total_goals,high,70.6,ALTA,xgb_lean,0.25,
2026-06-24,Czech Republic,Mexico,total_goals,Under,3.5,0.7912,1.264,1.327,1.39,1.454,poisson_total_goals,high,70.6,ALTA,xgb_lean,0.25,
2026-06-24,Morocco,Haiti,btts,No,,0.554,1.805,1.895,1.986,2.076,ensemble_btts,high,38.9,BAJA,poisson_lean,0.7113,
2026-06-24,Morocco,Haiti,btts,Yes,,0.446,2.242,2.354,2.466,2.578,ensemble_btts,high,38.9,BAJA,poisson_lean,0.7113,
2026-06-24,Morocco,Haiti,clean_sheet,Haiti No,,0.89,1.124,1.18,1.236,1.292,poisson_opponent_goals_zero,derived,38.9,BAJA,poisson_lean,0.7113,
2026-06-24,Morocco,Haiti,clean_sheet,Haiti Yes,,0.11,9.088,9.543,9.997,10.452,poisson_opponent_goals_zero,derived,38.9,BAJA,poisson_lean,0.7113,
2026-06-24,Morocco,Haiti,clean_sheet,Morocco No,,0.5103,1.96,2.058,2.156,2.253,poisson_opponent_goals_zero,derived,38.9,BAJA,poisson_lean,0.7113,
2026-06-24,Morocco,Haiti,clean_sheet,Morocco Yes,,0.4897,2.042,2.144,2.246,2.348,poisson_opponent_goals_zero,derived,38.9,BAJA,poisson_lean,0.7113,
2026-06-24,Morocco,Haiti,double_chance,Haiti or Draw,,0.2718,3.679,3.863,4.047,4.231,derived_from_1x2,high,38.9,BAJA,poisson_lean,0.7113,
2026-06-24,Morocco,Haiti,double_chance,Morocco or Draw,,0.906,1.104,1.159,1.214,1.269,derived_from_1x2,high,38.9,BAJA,poisson_lean,0.7113,
2026-06-24,Morocco,Haiti,double_chance,Morocco or Haiti,,0.8222,1.216,1.277,1.338,1.399,derived_from_1x2,high,38.9,BAJA,poisson_lean,0.7113,
2026-06-24,Morocco,Haiti,draw_no_bet,Haiti,,0.1143,8.747,9.184,9.621,10.059,derived_from_1x2,high,38.9,BAJA,poisson_lean,0.7113,Probabilidad condicionada a que no haya empate; empate void.
2026-06-24,Morocco,Haiti,draw_no_bet,Morocco,,0.8857,1.129,1.186,1.242,1.298,derived_from_1x2,high,38.9,BAJA,poisson_lean,0.7113,Probabilidad condicionada a que no haya empate; empate void.
2026-06-24,Morocco,Haiti,h2h,Draw,,0.1778,5.624,5.906,6.187,6.468,ensemble_1x2,high,38.9,BAJA,poisson_lean,0.7113,No usar como apuesta core hasta recalibrar empates.
2026-06-24,Morocco,Haiti,h2h,Haiti,,0.094,10.638,11.17,11.702,12.234,ensemble_1x2,high,38.9,BAJA,poisson_lean,0.7113,
2026-06-24,Morocco,Haiti,h2h,Morocco,,0.7282,1.373,1.442,1.511,1.579,ensemble_1x2,high,38.9,BAJA,poisson_lean,0.7113,
2026-06-24,Morocco,Haiti,team_goals,Haiti Over,0.5,0.5103,1.96,2.058,2.156,2.253,poisson_away_goals,derived,38.9,BAJA,poisson_lean,0.7113,
2026-06-24,Morocco,Haiti,team_goals,Haiti Under,0.5,0.4897,2.042,2.144,2.246,2.348,poisson_away_goals,derived,38.9,BAJA,poisson_lean,0.7113,
2026-06-24,Morocco,Haiti,team_goals,Morocco Over,0.5,0.89,1.124,1.18,1.236,1.292,poisson_home_goals,derived,38.9,BAJA,poisson_lean,0.7113,
2026-06-24,Morocco,Haiti,team_goals,Morocco Under,0.5,0.11,9.088,9.543,9.997,10.452,poisson_home_goals,derived,38.9,BAJA,poisson_lean,0.7113,
2026-06-24,Morocco,Haiti,team_goals,Haiti Over,1.5,0.1607,6.223,6.534,6.846,7.157,poisson_away_goals,derived,38.9,BAJA,poisson_lean,0.7113,
2026-06-24,Morocco,Haiti,team_goals,Haiti Under,1.5,0.8393,1.191,1.251,1.311,1.37,poisson_away_goals,derived,38.9,BAJA,poisson_lean,0.7113,
2026-06-24,Morocco,Haiti,team_goals,Morocco Over,1.5,0.6471,1.545,1.623,1.7,1.777,poisson_home_goals,derived,38.9,BAJA,poisson_lean,0.7113,
2026-06-24,Morocco,Haiti,team_goals,Morocco Under,1.5,0.3529,2.834,2.976,3.117,3.259,poisson_home_goals,derived,38.9,BAJA,poisson_lean,0.7113,
2026-06-24,Morocco,Haiti,team_goals,Haiti Over,2.5,0.0359,27.881,29.275,30.669,32.063,poisson_away_goals,derived,38.9,BAJA,poisson_lean,0.7113,
2026-06-24,Morocco,Haiti,team_goals,Haiti Under,2.5,0.9641,1.037,1.089,1.141,1.193,poisson_away_goals,derived,38.9,BAJA,poisson_lean,0.7113,
2026-06-24,Morocco,Haiti,team_goals,Morocco Over,2.5,0.3792,2.637,2.769,2.901,3.033,poisson_home_goals,derived,38.9,BAJA,poisson_lean,0.7113,
2026-06-24,Morocco,Haiti,team_goals,Morocco Under,2.5,0.6208,1.611,1.691,1.772,1.852,poisson_home_goals,derived,38.9,BAJA,poisson_lean,0.7113,
2026-06-24,Morocco,Haiti,total_corners,Over,8.5,0.4228,2.365,2.483,2.602,2.72,poisson_approx_from_expected_corners,low,38.9,BAJA,poisson_lean,0.7113,"Aproximacion: corners tienen sobredispersion; usar como radar, no como apuesta core."
2026-06-24,Morocco,Haiti,total_corners,Under,8.5,0.5772,1.733,1.819,1.906,1.992,poisson_approx_from_expected_corners,low,38.9,BAJA,poisson_lean,0.7113,"Aproximacion: corners tienen sobredispersion; usar como radar, no como apuesta core."
2026-06-24,Morocco,Haiti,total_corners,Over,9.5,0.2971,3.366,3.534,3.702,3.871,poisson_approx_from_expected_corners,low,38.9,BAJA,poisson_lean,0.7113,"Aproximacion: corners tienen sobredispersion; usar como radar, no como apuesta core."
2026-06-24,Morocco,Haiti,total_corners,Under,9.5,0.7029,1.423,1.494,1.565,1.636,poisson_approx_from_expected_corners,low,38.9,BAJA,poisson_lean,0.7113,"Aproximacion: corners tienen sobredispersion; usar como radar, no como apuesta core."
2026-06-24,Morocco,Haiti,total_corners,Over,10.5,0.1952,5.123,5.38,5.636,5.892,poisson_approx_from_expected_corners,low,38.9,BAJA,poisson_lean,0.7113,"Aproximacion: corners tienen sobredispersion; usar como radar, no como apuesta core."
2026-06-24,Morocco,Haiti,total_corners,Under,10.5,0.8048,1.243,1.305,1.367,1.429,poisson_approx_from_expected_corners,low,38.9,BAJA,poisson_lean,0.7113,"Aproximacion: corners tienen sobredispersion; usar como radar, no como apuesta core."
2026-06-24,Morocco,Haiti,total_goals,Over,1.5,0.7887,1.268,1.331,1.395,1.458,poisson_total_goals,high,38.9,BAJA,poisson_lean,0.7113,
2026-06-24,Morocco,Haiti,total_goals,Under,1.5,0.2113,4.733,4.97,5.207,5.443,poisson_total_goals,high,38.9,BAJA,poisson_lean,0.7113,
2026-06-24,Morocco,Haiti,total_goals,Over,2.5,0.5544,1.804,1.894,1.984,2.074,ensemble_over25,high,38.9,BAJA,poisson_lean,0.7113,
2026-06-24,Morocco,Haiti,total_goals,Under,2.5,0.4456,2.244,2.356,2.469,2.581,ensemble_over25,high,38.9,BAJA,poisson_lean,0.7113,
2026-06-24,Morocco,Haiti,total_goals,Over,3.5,0.3351,2.984,3.134,3.283,3.432,poisson_total_goals,high,38.9,BAJA,poisson_lean,0.7113,
2026-06-24,Morocco,Haiti,total_goals,Under,3.5,0.6649,1.504,1.579,1.654,1.73,poisson_total_goals,high,38.9,BAJA,poisson_lean,0.7113,
2026-06-24,Scotland,Brazil,btts,No,,0.4975,2.01,2.111,2.211,2.312,ensemble_btts,high,51.7,MEDIA,blend,0.4403,
2026-06-24,Scotland,Brazil,btts,Yes,,0.5025,1.99,2.09,2.189,2.289,ensemble_btts,high,51.7,MEDIA,blend,0.4403,
2026-06-24,Scotland,Brazil,clean_sheet,Brazil No,,0.5975,1.674,1.757,1.841,1.925,poisson_opponent_goals_zero,derived,51.7,MEDIA,blend,0.4403,
2026-06-24,Scotland,Brazil,clean_sheet,Brazil Yes,,0.4025,2.484,2.609,2.733,2.857,poisson_opponent_goals_zero,derived,51.7,MEDIA,blend,0.4403,
2026-06-24,Scotland,Brazil,clean_sheet,Scotland No,,0.8269,1.209,1.27,1.33,1.391,poisson_opponent_goals_zero,derived,51.7,MEDIA,blend,0.4403,
2026-06-24,Scotland,Brazil,clean_sheet,Scotland Yes,,0.1731,5.778,6.067,6.355,6.644,poisson_opponent_goals_zero,derived,51.7,MEDIA,blend,0.4403,
2026-06-24,Scotland,Brazil,double_chance,Brazil or Draw,,0.8284,1.207,1.268,1.328,1.388,derived_from_1x2,medium,51.7,MEDIA,blend,0.4403,
2026-06-24,Scotland,Brazil,double_chance,Scotland or Brazil,,0.7225,1.384,1.453,1.522,1.592,derived_from_1x2,high,51.7,MEDIA,blend,0.4403,
2026-06-24,Scotland,Brazil,double_chance,Scotland or Draw,,0.4493,2.226,2.337,2.448,2.56,derived_from_1x2,medium,51.7,MEDIA,blend,0.4403,
2026-06-24,Scotland,Brazil,draw_no_bet,Brazil,,0.7624,1.312,1.377,1.443,1.508,derived_from_1x2,high,51.7,MEDIA,blend,0.4403,Probabilidad condicionada a que no haya empate; empate void.
2026-06-24,Scotland,Brazil,draw_no_bet,Scotland,,0.2376,4.208,4.418,4.629,4.839,derived_from_1x2,high,51.7,MEDIA,blend,0.4403,Probabilidad condicionada a que no haya empate; empate void.
2026-06-24,Scotland,Brazil,h2h,Brazil,,0.5508,1.816,1.906,1.997,2.088,ensemble_1x2,high,51.7,MEDIA,blend,0.4403,
2026-06-24,Scotland,Brazil,h2h,Draw,,0.2776,3.602,3.782,3.963,4.143,ensemble_1x2,medium,51.7,MEDIA,blend,0.4403,No usar como apuesta core hasta recalibrar empates.
2026-06-24,Scotland,Brazil,h2h,Scotland,,0.1717,5.824,6.115,6.407,6.698,ensemble_1x2,high,51.7,MEDIA,blend,0.4403,
2026-06-24,Scotland,Brazil,team_goals,Brazil Over,0.5,0.8269,1.209,1.27,1.33,1.391,poisson_away_goals,derived,51.7,MEDIA,blend,0.4403,
2026-06-24,Scotland,Brazil,team_goals,Brazil Under,0.5,0.1731,5.778,6.067,6.355,6.644,poisson_away_goals,derived,51.7,MEDIA,blend,0.4403,
2026-06-24,Scotland,Brazil,team_goals,Scotland Over,0.5,0.5975,1.674,1.757,1.841,1.925,poisson_home_goals,derived,51.7,MEDIA,blend,0.4403,
2026-06-24,Scotland,Brazil,team_goals,Scotland Under,0.5,0.4025,2.484,2.609,2.733,2.857,poisson_home_goals,derived,51.7,MEDIA,blend,0.4403,
2026-06-24,Scotland,Brazil,team_goals,Brazil Over,1.5,0.5233,1.911,2.006,2.102,2.197,poisson_away_goals,derived,51.7,MEDIA,blend,0.4403,
2026-06-24,Scotland,Brazil,team_goals,Brazil Under,1.5,0.4767,2.098,2.203,2.308,2.413,poisson_away_goals,derived,51.7,MEDIA,blend,0.4403,
2026-06-24,Scotland,Brazil,team_goals,Scotland Over,1.5,0.2312,4.326,4.542,4.758,4.975,poisson_home_goals,derived,51.7,MEDIA,blend,0.4403,
2026-06-24,Scotland,Brazil,team_goals,Scotland Under,1.5,0.7688,1.301,1.366,1.431,1.496,poisson_home_goals,derived,51.7,MEDIA,blend,0.4403,
2026-06-24,Scotland,Brazil,team_goals,Brazil Over,2.5,0.2571,3.89,4.084,4.279,4.473,poisson_away_goals,derived,51.7,MEDIA,blend,0.4403,
2026-06-24,Scotland,Brazil,team_goals,Brazil Under,2.5,0.7429,1.346,1.413,1.481,1.548,poisson_away_goals,derived,51.7,MEDIA,blend,0.4403,
2026-06-24,Scotland,Brazil,team_goals,Scotland Over,2.5,0.0645,15.501,16.276,17.051,17.826,poisson_home_goals,derived,51.7,MEDIA,blend,0.4403,
2026-06-24,Scotland,Brazil,team_goals,Scotland Under,2.5,0.9355,1.069,1.122,1.176,1.229,poisson_home_goals,derived,51.7,MEDIA,blend,0.4403,
2026-06-24,Scotland,Brazil,total_corners,Over,8.5,0.511,1.957,2.055,2.153,2.251,poisson_approx_from_expected_corners,low,51.7,MEDIA,blend,0.4403,"Aproximacion: corners tienen sobredispersion; usar como radar, no como apuesta core."
2026-06-24,Scotland,Brazil,total_corners,Under,8.5,0.489,2.045,2.147,2.249,2.352,poisson_approx_from_expected_corners,low,51.7,MEDIA,blend,0.4403,"Aproximacion: corners tienen sobredispersion; usar como radar, no como apuesta core."
2026-06-24,Scotland,Brazil,total_corners,Over,9.5,0.3797,2.634,2.765,2.897,3.029,poisson_approx_from_expected_corners,low,51.7,MEDIA,blend,0.4403,"Aproximacion: corners tienen sobredispersion; usar como radar, no como apuesta core."
2026-06-24,Scotland,Brazil,total_corners,Under,9.5,0.6203,1.612,1.693,1.773,1.854,poisson_approx_from_expected_corners,low,51.7,MEDIA,blend,0.4403,"Aproximacion: corners tienen sobredispersion; usar como radar, no como apuesta core."
2026-06-24,Scotland,Brazil,total_corners,Over,10.5,0.2648,3.776,3.965,4.154,4.343,poisson_approx_from_expected_corners,low,51.7,MEDIA,blend,0.4403,"Aproximacion: corners tienen sobredispersion; usar como radar, no como apuesta core."
2026-06-24,Scotland,Brazil,total_corners,Under,10.5,0.7352,1.36,1.428,1.496,1.564,poisson_approx_from_expected_corners,low,51.7,MEDIA,blend,0.4403,"Aproximacion: corners tienen sobredispersion; usar como radar, no como apuesta core."
2026-06-24,Scotland,Brazil,total_goals,Over,1.5,0.7447,1.343,1.41,1.477,1.544,poisson_total_goals,high,51.7,MEDIA,blend,0.4403,
2026-06-24,Scotland,Brazil,total_goals,Under,1.5,0.2553,3.917,4.113,4.309,4.505,poisson_total_goals,high,51.7,MEDIA,blend,0.4403,
2026-06-24,Scotland,Brazil,total_goals,Over,2.5,0.4849,2.062,2.165,2.269,2.372,ensemble_over25,high,51.7,MEDIA,blend,0.4403,
2026-06-24,Scotland,Brazil,total_goals,Under,2.5,0.5151,1.941,2.038,2.136,2.233,ensemble_over25,high,51.7,MEDIA,blend,0.4403,
2026-06-24,Scotland,Brazil,total_goals,Over,3.5,0.278,3.597,3.777,3.957,4.137,poisson_total_goals,high,51.7,MEDIA,blend,0.4403,
2026-06-24,Scotland,Brazil,total_goals,Under,3.5,0.722,1.385,1.454,1.524,1.593,poisson_total_goals,high,51.7,MEDIA,blend,0.4403,
2026-06-24,South Africa,South Korea,btts,No,,0.5509,1.815,1.906,1.997,2.087,ensemble_btts,high,33.0,MUY BAJA,blend,0.5575,
2026-06-24,South Africa,South Korea,btts,Yes,,0.4491,2.227,2.338,2.449,2.561,ensemble_btts,high,33.0,MUY BAJA,blend,0.5575,
2026-06-24,South Africa,South Korea,clean_sheet,South Africa No,,0.7728,1.294,1.359,1.423,1.488,poisson_opponent_goals_zero,derived,33.0,MUY BAJA,blend,0.5575,
2026-06-24,South Africa,South Korea,clean_sheet,South Africa Yes,,0.2272,4.402,4.622,4.842,5.062,poisson_opponent_goals_zero,derived,33.0,MUY BAJA,blend,0.5575,
2026-06-24,South Africa,South Korea,clean_sheet,South Korea No,,0.5983,1.671,1.755,1.839,1.922,poisson_opponent_goals_zero,derived,33.0,MUY BAJA,blend,0.5575,
2026-06-24,South Africa,South Korea,clean_sheet,South Korea Yes,,0.4017,2.489,2.614,2.738,2.863,poisson_opponent_goals_zero,derived,33.0,MUY BAJA,blend,0.5575,
2026-06-24,South Africa,South Korea,double_chance,South Africa or Draw,,0.448,2.232,2.344,2.455,2.567,derived_from_1x2,low,33.0,MUY BAJA,blend,0.5575,
2026-06-24,South Africa,South Korea,double_chance,South Africa or South Korea,,0.7323,1.366,1.434,1.502,1.57,derived_from_1x2,low,33.0,MUY BAJA,blend,0.5575,
2026-06-24,South Africa,South Korea,double_chance,South Korea or Draw,,0.8197,1.22,1.281,1.342,1.403,derived_from_1x2,low,33.0,MUY BAJA,blend,0.5575,
2026-06-24,South Africa,South Korea,draw_no_bet,South Africa,,0.2462,4.062,4.265,4.468,4.671,derived_from_1x2,low,33.0,MUY BAJA,blend,0.5575,Probabilidad condicionada a que no haya empate; empate void.
2026-06-24,South Africa,South Korea,draw_no_bet,South Korea,,0.7538,1.327,1.393,1.459,1.526,derived_from_1x2,low,33.0,MUY BAJA,blend,0.5575,Probabilidad condicionada a que no haya empate; empate void.
2026-06-24,South Africa,South Korea,h2h,Draw,,0.2677,3.736,3.922,4.109,4.296,ensemble_1x2,high,33.0,MUY BAJA,blend,0.5575,No usar como apuesta core hasta recalibrar empates.
2026-06-24,South Africa,South Korea,h2h,South Africa,,0.1803,5.546,5.824,6.101,6.378,ensemble_1x2,low,33.0,MUY BAJA,blend,0.5575,
2026-06-24,South Africa,South Korea,h2h,South Korea,,0.552,1.812,1.902,1.993,2.083,ensemble_1x2,low,33.0,MUY BAJA,blend,0.5575,
2026-06-24,South Africa,South Korea,team_goals,South Africa Over,0.5,0.5983,1.671,1.755,1.839,1.922,poisson_home_goals,derived,33.0,MUY BAJA,blend,0.5575,
2026-06-24,South Africa,South Korea,team_goals,South Africa Under,0.5,0.4017,2.489,2.614,2.738,2.863,poisson_home_goals,derived,33.0,MUY BAJA,blend,0.5575,
2026-06-24,South Africa,South Korea,team_goals,South Korea Over,0.5,0.7728,1.294,1.359,1.423,1.488,poisson_away_goals,derived,33.0,MUY BAJA,blend,0.5575,
2026-06-24,South Africa,South Korea,team_goals,South Korea Under,0.5,0.2272,4.402,4.622,4.842,5.062,poisson_away_goals,derived,33.0,MUY BAJA,blend,0.5575,
2026-06-24,South Africa,South Korea,team_goals,South Africa Over,1.5,0.2319,4.312,4.528,4.743,4.959,poisson_home_goals,derived,33.0,MUY BAJA,blend,0.5575,
2026-06-24,South Africa,South Korea,team_goals,South Africa Under,1.5,0.7681,1.302,1.367,1.432,1.497,poisson_home_goals,derived,33.0,MUY BAJA,blend,0.5575,
2026-06-24,South Africa,South Korea,team_goals,South Korea Over,1.5,0.4361,2.293,2.408,2.522,2.637,poisson_away_goals,derived,33.0,MUY BAJA,blend,0.5575,
2026-06-24,South Africa,South Korea,team_goals,South Korea Under,1.5,0.5639,1.773,1.862,1.951,2.039,poisson_away_goals,derived,33.0,MUY BAJA,blend,0.5575,
2026-06-24,South Africa,South Korea,team_goals,South Africa Over,2.5,0.0648,15.421,16.192,16.963,17.734,poisson_home_goals,derived,33.0,MUY BAJA,blend,0.5575,
2026-06-24,South Africa,South Korea,team_goals,South Africa Under,2.5,0.9352,1.069,1.123,1.176,1.23,poisson_home_goals,derived,33.0,MUY BAJA,blend,0.5575,
2026-06-24,South Africa,South Korea,team_goals,South Korea Over,2.5,0.1866,5.358,5.626,5.893,6.161,poisson_away_goals,derived,33.0,MUY BAJA,blend,0.5575,
2026-06-24,South Africa,South Korea,team_goals,South Korea Under,2.5,0.8134,1.229,1.291,1.352,1.414,poisson_away_goals,derived,33.0,MUY BAJA,blend,0.5575,
2026-06-24,South Africa,South Korea,total_corners,Over,8.5,0.5443,1.837,1.929,2.021,2.113,poisson_approx_from_expected_corners,low,33.0,MUY BAJA,blend,0.5575,"Aproximacion: corners tienen sobredispersion; usar como radar, no como apuesta core."
2026-06-24,South Africa,South Korea,total_corners,Under,8.5,0.4557,2.195,2.304,2.414,2.524,poisson_approx_from_expected_corners,low,33.0,MUY BAJA,blend,0.5575,"Aproximacion: corners tienen sobredispersion; usar como radar, no como apuesta core."
2026-06-24,South Africa,South Korea,total_corners,Over,9.5,0.4126,2.424,2.545,2.666,2.787,poisson_approx_from_expected_corners,low,33.0,MUY BAJA,blend,0.5575,"Aproximacion: corners tienen sobredispersion; usar como radar, no como apuesta core."
2026-06-24,South Africa,South Korea,total_corners,Under,9.5,0.5874,1.702,1.788,1.873,1.958,poisson_approx_from_expected_corners,low,33.0,MUY BAJA,blend,0.5575,"Aproximacion: corners tienen sobredispersion; usar como radar, no como apuesta core."
2026-06-24,South Africa,South Korea,total_corners,Over,10.5,0.294,3.401,3.571,3.741,3.911,poisson_approx_from_expected_corners,low,33.0,MUY BAJA,blend,0.5575,"Aproximacion: corners tienen sobredispersion; usar como radar, no como apuesta core."
2026-06-24,South Africa,South Korea,total_corners,Under,10.5,0.706,1.416,1.487,1.558,1.629,poisson_approx_from_expected_corners,low,33.0,MUY BAJA,blend,0.5575,"Aproximacion: corners tienen sobredispersion; usar como radar, no como apuesta core."
2026-06-24,South Africa,South Korea,total_goals,Over,1.5,0.6903,1.449,1.521,1.594,1.666,poisson_total_goals,high,33.0,MUY BAJA,blend,0.5575,
2026-06-24,South Africa,South Korea,total_goals,Under,1.5,0.3097,3.228,3.39,3.551,3.713,poisson_total_goals,high,33.0,MUY BAJA,blend,0.5575,
2026-06-24,South Africa,South Korea,total_goals,Over,2.5,0.4332,2.308,2.424,2.539,2.655,ensemble_over25,high,33.0,MUY BAJA,blend,0.5575,
2026-06-24,South Africa,South Korea,total_goals,Under,2.5,0.5668,1.764,1.853,1.941,2.029,ensemble_over25,high,33.0,MUY BAJA,blend,0.5575,
2026-06-24,South Africa,South Korea,total_goals,Over,3.5,0.22,4.545,4.772,4.999,5.227,poisson_total_goals,high,33.0,MUY BAJA,blend,0.5575,
2026-06-24,South Africa,South Korea,total_goals,Under,3.5,0.78,1.282,1.346,1.41,1.474,poisson_total_goals,high,33.0,MUY BAJA,blend,0.5575,
2026-06-24,Switzerland,Canada,btts,No,,0.5142,1.945,2.042,2.139,2.236,ensemble_btts,high,57.5,MEDIA,xgb_lean,0.25,
2026-06-24,Switzerland,Canada,btts,Yes,,0.4858,2.058,2.161,2.264,2.367,ensemble_btts,high,57.5,MEDIA,xgb_lean,0.25,
2026-06-24,Switzerland,Canada,clean_sheet,Canada No,,0.7764,1.288,1.352,1.417,1.481,poisson_opponent_goals_zero,derived,57.5,MEDIA,xgb_lean,0.25,
2026-06-24,Switzerland,Canada,clean_sheet,Canada Yes,,0.2236,4.473,4.696,4.92,5.144,poisson_opponent_goals_zero,derived,57.5,MEDIA,xgb_lean,0.25,
2026-06-24,Switzerland,Canada,clean_sheet,Switzerland No,,0.6202,1.612,1.693,1.774,1.854,poisson_opponent_goals_zero,derived,57.5,MEDIA,xgb_lean,0.25,
2026-06-24,Switzerland,Canada,clean_sheet,Switzerland Yes,,0.3798,2.633,2.764,2.896,3.028,poisson_opponent_goals_zero,derived,57.5,MEDIA,xgb_lean,0.25,
2026-06-24,Switzerland,Canada,double_chance,Canada or Draw,,0.4898,2.042,2.144,2.246,2.348,derived_from_1x2,medium,57.5,MEDIA,xgb_lean,0.25,
2026-06-24,Switzerland,Canada,double_chance,Switzerland or Canada,,0.7127,1.403,1.473,1.543,1.614,derived_from_1x2,medium,57.5,MEDIA,xgb_lean,0.25,
2026-06-24,Switzerland,Canada,double_chance,Switzerland or Draw,,0.7975,1.254,1.317,1.379,1.442,derived_from_1x2,high,57.5,MEDIA,xgb_lean,0.25,
2026-06-24,Switzerland,Canada,draw_no_bet,Canada,,0.2841,3.52,3.695,3.871,4.047,derived_from_1x2,medium,57.5,MEDIA,xgb_lean,0.25,Probabilidad condicionada a que no haya empate; empate void.
2026-06-24,Switzerland,Canada,draw_no_bet,Switzerland,,0.7159,1.397,1.467,1.537,1.606,derived_from_1x2,medium,57.5,MEDIA,xgb_lean,0.25,Probabilidad condicionada a que no haya empate; empate void.
2026-06-24,Switzerland,Canada,h2h,Canada,,0.2025,4.938,5.185,5.432,5.679,ensemble_1x2,medium,57.5,MEDIA,xgb_lean,0.25,
2026-06-24,Switzerland,Canada,h2h,Draw,,0.2873,3.481,3.655,3.829,4.003,ensemble_1x2,high,57.5,MEDIA,xgb_lean,0.25,No usar como apuesta core hasta recalibrar empates.
2026-06-24,Switzerland,Canada,h2h,Switzerland,,0.5102,1.96,2.058,2.156,2.254,ensemble_1x2,high,57.5,MEDIA,xgb_lean,0.25,
2026-06-24,Switzerland,Canada,team_goals,Canada Over,0.5,0.6202,1.612,1.693,1.774,1.854,poisson_away_goals,derived,57.5,MEDIA,xgb_lean,0.25,
2026-06-24,Switzerland,Canada,team_goals,Canada Under,0.5,0.3798,2.633,2.764,2.896,3.028,poisson_away_goals,derived,57.5,MEDIA,xgb_lean,0.25,
2026-06-24,Switzerland,Canada,team_goals,Switzerland Over,0.5,0.7764,1.288,1.352,1.417,1.481,poisson_home_goals,derived,57.5,MEDIA,xgb_lean,0.25,
2026-06-24,Switzerland,Canada,team_goals,Switzerland Under,0.5,0.2236,4.473,4.696,4.92,5.144,poisson_home_goals,derived,57.5,MEDIA,xgb_lean,0.25,
2026-06-24,Switzerland,Canada,team_goals,Canada Over,1.5,0.2525,3.961,4.159,4.357,4.555,poisson_away_goals,derived,57.5,MEDIA,xgb_lean,0.25,
2026-06-24,Switzerland,Canada,team_goals,Canada Under,1.5,0.7475,1.338,1.405,1.472,1.538,poisson_away_goals,derived,57.5,MEDIA,xgb_lean,0.25,
2026-06-24,Switzerland,Canada,team_goals,Switzerland Over,1.5,0.4415,2.265,2.378,2.491,2.605,poisson_home_goals,derived,57.5,MEDIA,xgb_lean,0.25,
2026-06-24,Switzerland,Canada,team_goals,Switzerland Under,1.5,0.5585,1.791,1.88,1.97,2.059,poisson_home_goals,derived,57.5,MEDIA,xgb_lean,0.25,
2026-06-24,Switzerland,Canada,team_goals,Canada Over,2.5,0.0745,13.421,14.092,14.763,15.434,poisson_away_goals,derived,57.5,MEDIA,xgb_lean,0.25,
2026-06-24,Switzerland,Canada,team_goals,Canada Under,2.5,0.9255,1.081,1.135,1.189,1.243,poisson_away_goals,derived,57.5,MEDIA,xgb_lean,0.25,
2026-06-24,Switzerland,Canada,team_goals,Switzerland Over,2.5,0.1907,5.245,5.507,5.77,6.032,poisson_home_goals,derived,57.5,MEDIA,xgb_lean,0.25,
2026-06-24,Switzerland,Canada,team_goals,Switzerland Under,2.5,0.8093,1.236,1.297,1.359,1.421,poisson_home_goals,derived,57.5,MEDIA,xgb_lean,0.25,
2026-06-24,Switzerland,Canada,total_corners,Over,8.5,0.3796,2.635,2.766,2.898,3.03,poisson_approx_from_expected_corners,low,57.5,MEDIA,xgb_lean,0.25,"Aproximacion: corners tienen sobredispersion; usar como radar, no como apuesta core."
2026-06-24,Switzerland,Canada,total_corners,Under,8.5,0.6204,1.612,1.692,1.773,1.854,poisson_approx_from_expected_corners,low,57.5,MEDIA,xgb_lean,0.25,"Aproximacion: corners tienen sobredispersion; usar como radar, no como apuesta core."
2026-06-24,Switzerland,Canada,total_corners,Over,9.5,0.2589,3.863,4.056,4.249,4.442,poisson_approx_from_expected_corners,low,57.5,MEDIA,xgb_lean,0.25,"Aproximacion: corners tienen sobredispersion; usar como radar, no como apuesta core."
2026-06-24,Switzerland,Canada,total_corners,Under,9.5,0.7411,1.349,1.417,1.484,1.552,poisson_approx_from_expected_corners,low,57.5,MEDIA,xgb_lean,0.25,"Aproximacion: corners tienen sobredispersion; usar como radar, no como apuesta core."
2026-06-24,Switzerland,Canada,total_corners,Over,10.5,0.1648,6.069,6.373,6.676,6.979,poisson_approx_from_expected_corners,low,57.5,MEDIA,xgb_lean,0.25,"Aproximacion: corners tienen sobredispersion; usar como radar, no como apuesta core."
2026-06-24,Switzerland,Canada,total_corners,Under,10.5,0.8352,1.197,1.257,1.317,1.377,poisson_approx_from_expected_corners,low,57.5,MEDIA,xgb_lean,0.25,"Aproximacion: corners tienen sobredispersion; usar como radar, no como apuesta core."
2026-06-24,Switzerland,Canada,total_goals,Over,1.5,0.7057,1.417,1.488,1.559,1.63,poisson_total_goals,high,57.5,MEDIA,xgb_lean,0.25,
2026-06-24,Switzerland,Canada,total_goals,Under,1.5,0.2943,3.397,3.567,3.737,3.907,poisson_total_goals,high,57.5,MEDIA,xgb_lean,0.25,
2026-06-24,Switzerland,Canada,total_goals,Over,2.5,0.4507,2.219,2.33,2.441,2.552,ensemble_over25,high,57.5,MEDIA,xgb_lean,0.25,
2026-06-24,Switzerland,Canada,total_goals,Under,2.5,0.5493,1.82,1.912,2.003,2.094,ensemble_over25,high,57.5,MEDIA,xgb_lean,0.25,
2026-06-24,Switzerland,Canada,total_goals,Over,3.5,0.2352,4.252,4.465,4.677,4.89,poisson_total_goals,high,57.5,MEDIA,xgb_lean,0.25,
2026-06-24,Switzerland,Canada,total_goals,Under,3.5,0.7648,1.307,1.373,1.438,1.504,poisson_total_goals,high,57.5,MEDIA,xgb_lean,0.25,
2026-06-25,Curacao,Ivory Coast,btts,No,,0.5301,1.886,1.981,2.075,2.169,ensemble_btts,high,46.9,BAJA,poisson_lean,0.7465,
2026-06-25,Curacao,Ivory Coast,btts,Yes,,0.4699,2.128,2.235,2.341,2.447,ensemble_btts,high,46.9,BAJA,poisson_lean,0.7465,
2026-06-25,Curacao,Ivory Coast,clean_sheet,Curacao No,,0.822,1.217,1.277,1.338,1.399,poisson_opponent_goals_zero,derived,46.9,BAJA,poisson_lean,0.7465,
2026-06-25,Curacao,Ivory Coast,clean_sheet,Curacao Yes,,0.178,5.618,5.899,6.18,6.461,poisson_opponent_goals_zero,derived,46.9,BAJA,poisson_lean,0.7465,
2026-06-25,Curacao,Ivory Coast,clean_sheet,Ivory Coast No,,0.567,1.764,1.852,1.94,2.028,poisson_opponent_goals_zero,derived,46.9,BAJA,poisson_lean,0.7465,
2026-06-25,Curacao,Ivory Coast,clean_sheet,Ivory Coast Yes,,0.433,2.309,2.425,2.54,2.656,poisson_opponent_goals_zero,derived,46.9,BAJA,poisson_lean,0.7465,
2026-06-25,Curacao,Ivory Coast,double_chance,Curacao or Draw,,0.408,2.451,2.574,2.696,2.819,derived_from_1x2,medium,46.9,BAJA,poisson_lean,0.7465,
2026-06-25,Curacao,Ivory Coast,double_chance,Curacao or Ivory Coast,,0.7563,1.322,1.388,1.454,1.521,derived_from_1x2,medium,46.9,BAJA,poisson_lean,0.7465,
2026-06-25,Curacao,Ivory Coast,double_chance,Ivory Coast or Draw,,0.8357,1.197,1.256,1.316,1.376,derived_from_1x2,high,46.9,BAJA,poisson_lean,0.7465,
2026-06-25,Curacao,Ivory Coast,draw_no_bet,Curacao,,0.2172,4.603,4.833,5.063,5.294,derived_from_1x2,medium,46.9,BAJA,poisson_lean,0.7465,Probabilidad condicionada a que no haya empate; empate void.
2026-06-25,Curacao,Ivory Coast,draw_no_bet,Ivory Coast,,0.7828,1.278,1.341,1.405,1.469,derived_from_1x2,medium,46.9,BAJA,poisson_lean,0.7465,Probabilidad condicionada a que no haya empate; empate void.
2026-06-25,Curacao,Ivory Coast,h2h,Curacao,,0.1643,6.086,6.391,6.695,6.999,ensemble_1x2,medium,46.9,BAJA,poisson_lean,0.7465,
2026-06-25,Curacao,Ivory Coast,h2h,Draw,,0.2437,4.103,4.309,4.514,4.719,ensemble_1x2,high,46.9,BAJA,poisson_lean,0.7465,No usar como apuesta core hasta recalibrar empates.
2026-06-25,Curacao,Ivory Coast,h2h,Ivory Coast,,0.592,1.689,1.774,1.858,1.943,ensemble_1x2,high,46.9,BAJA,poisson_lean,0.7465,
2026-06-25,Curacao,Ivory Coast,team_goals,Curacao Over,0.5,0.567,1.764,1.852,1.94,2.028,poisson_home_goals,derived,46.9,BAJA,poisson_lean,0.7465,
2026-06-25,Curacao,Ivory Coast,team_goals,Curacao Under,0.5,0.433,2.309,2.425,2.54,2.656,poisson_home_goals,derived,46.9,BAJA,poisson_lean,0.7465,
2026-06-25,Curacao,Ivory Coast,team_goals,Ivory Coast Over,0.5,0.822,1.217,1.277,1.338,1.399,poisson_away_goals,derived,46.9,BAJA,poisson_lean,0.7465,
2026-06-25,Curacao,Ivory Coast,team_goals,Ivory Coast Under,0.5,0.178,5.618,5.899,6.18,6.461,poisson_away_goals,derived,46.9,BAJA,poisson_lean,0.7465,
2026-06-25,Curacao,Ivory Coast,team_goals,Curacao Over,1.5,0.2046,4.888,5.133,5.377,5.622,poisson_home_goals,derived,46.9,BAJA,poisson_lean,0.7465,
2026-06-25,Curacao,Ivory Coast,team_goals,Curacao Under,1.5,0.7954,1.257,1.32,1.383,1.446,poisson_home_goals,derived,46.9,BAJA,poisson_lean,0.7465,
2026-06-25,Curacao,Ivory Coast,team_goals,Ivory Coast Over,1.5,0.5148,1.943,2.04,2.137,2.234,poisson_away_goals,derived,46.9,BAJA,poisson_lean,0.7465,
2026-06-25,Curacao,Ivory Coast,team_goals,Ivory Coast Under,1.5,0.4852,2.061,2.164,2.267,2.37,poisson_away_goals,derived,46.9,BAJA,poisson_lean,0.7465,
2026-06-25,Curacao,Ivory Coast,team_goals,Curacao Over,2.5,0.0529,18.907,19.853,20.798,21.744,poisson_home_goals,derived,46.9,BAJA,poisson_lean,0.7465,
2026-06-25,Curacao,Ivory Coast,team_goals,Curacao Under,2.5,0.9471,1.056,1.109,1.161,1.214,poisson_home_goals,derived,46.9,BAJA,poisson_lean,0.7465,
2026-06-25,Curacao,Ivory Coast,team_goals,Ivory Coast Over,2.5,0.2497,4.006,4.206,4.406,4.606,poisson_away_goals,derived,46.9,BAJA,poisson_lean,0.7465,
2026-06-25,Curacao,Ivory Coast,team_goals,Ivory Coast Under,2.5,0.7503,1.333,1.399,1.466,1.533,poisson_away_goals,derived,46.9,BAJA,poisson_lean,0.7465,
2026-06-25,Curacao,Ivory Coast,total_corners,Over,8.5,0.4479,2.233,2.344,2.456,2.568,poisson_approx_from_expected_corners,low,46.9,BAJA,poisson_lean,0.7465,"Aproximacion: corners tienen sobredispersion; usar como radar, no como apuesta core."
2026-06-25,Curacao,Ivory Coast,total_corners,Under,8.5,0.5521,1.811,1.902,1.992,2.083,poisson_approx_from_expected_corners,low,46.9,BAJA,poisson_lean,0.7465,"Aproximacion: corners tienen sobredispersion; usar como radar, no como apuesta core."
2026-06-25,Curacao,Ivory Coast,total_corners,Over,9.5,0.3199,3.126,3.282,3.438,3.594,poisson_approx_from_expected_corners,low,46.9,BAJA,poisson_lean,0.7465,"Aproximacion: corners tienen sobredispersion; usar como radar, no como apuesta core."
2026-06-25,Curacao,Ivory Coast,total_corners,Under,9.5,0.6801,1.47,1.544,1.618,1.691,poisson_approx_from_expected_corners,low,46.9,BAJA,poisson_lean,0.7465,"Aproximacion: corners tienen sobredispersion; usar como radar, no como apuesta core."
2026-06-25,Curacao,Ivory Coast,total_corners,Over,10.5,0.2139,4.675,4.909,5.142,5.376,poisson_approx_from_expected_corners,low,46.9,BAJA,poisson_lean,0.7465,"Aproximacion: corners tienen sobredispersion; usar como radar, no como apuesta core."
2026-06-25,Curacao,Ivory Coast,total_corners,Under,10.5,0.7861,1.272,1.336,1.399,1.463,poisson_approx_from_expected_corners,low,46.9,BAJA,poisson_lean,0.7465,"Aproximacion: corners tienen sobredispersion; usar como radar, no como apuesta core."
2026-06-25,Curacao,Ivory Coast,total_goals,Over,1.5,0.7254,1.379,1.448,1.516,1.585,poisson_total_goals,medium,46.9,BAJA,poisson_lean,0.7465,
2026-06-25,Curacao,Ivory Coast,total_goals,Under,1.5,0.2746,3.642,3.824,4.006,4.188,poisson_total_goals,medium,46.9,BAJA,poisson_lean,0.7465,
2026-06-25,Curacao,Ivory Coast,total_goals,Over,2.5,0.4572,2.187,2.297,2.406,2.515,ensemble_over25,medium,46.9,BAJA,poisson_lean,0.7465,
2026-06-25,Curacao,Ivory Coast,total_goals,Under,2.5,0.5428,1.842,1.934,2.027,2.119,ensemble_over25,medium,46.9,BAJA,poisson_lean,0.7465,
2026-06-25,Curacao,Ivory Coast,total_goals,Over,3.5,0.256,3.907,4.102,4.297,4.493,poisson_total_goals,medium,46.9,BAJA,poisson_lean,0.7465,
2026-06-25,Curacao,Ivory Coast,total_goals,Under,3.5,0.744,1.344,1.411,1.478,1.546,poisson_total_goals,medium,46.9,BAJA,poisson_lean,0.7465,
2026-06-25,Ecuador,Germany,btts,No,,0.5776,1.731,1.818,1.904,1.991,ensemble_btts,low,69.1,ALTA,xgb_lean,0.25,
2026-06-25,Ecuador,Germany,btts,Yes,,0.4224,2.367,2.486,2.604,2.723,ensemble_btts,low,69.1,ALTA,xgb_lean,0.25,
2026-06-25,Ecuador,Germany,clean_sheet,Ecuador No,,0.7469,1.339,1.406,1.473,1.54,poisson_opponent_goals_zero,derived,69.1,ALTA,xgb_lean,0.25,
2026-06-25,Ecuador,Germany,clean_sheet,Ecuador Yes,,0.2531,3.951,4.149,4.346,4.544,poisson_opponent_goals_zero,derived,69.1,ALTA,xgb_lean,0.25,
2026-06-25,Ecuador,Germany,clean_sheet,Germany No,,0.7189,1.391,1.461,1.53,1.6,poisson_opponent_goals_zero,derived,69.1,ALTA,xgb_lean,0.25,
2026-06-25,Ecuador,Germany,clean_sheet,Germany Yes,,0.2811,3.557,3.735,3.913,4.091,poisson_opponent_goals_zero,derived,69.1,ALTA,xgb_lean,0.25,
2026-06-25,Ecuador,Germany,double_chance,Ecuador or Draw,,0.5901,1.695,1.779,1.864,1.949,derived_from_1x2,medium,69.1,ALTA,xgb_lean,0.25,
2026-06-25,Ecuador,Germany,double_chance,Ecuador or Germany,,0.707,1.414,1.485,1.556,1.627,derived_from_1x2,medium,69.1,ALTA,xgb_lean,0.25,
2026-06-25,Ecuador,Germany,double_chance,Germany or Draw,,0.7029,1.423,1.494,1.565,1.636,derived_from_1x2,high,69.1,ALTA,xgb_lean,0.25,
2026-06-25,Ecuador,Germany,draw_no_bet,Ecuador,,0.4202,2.38,2.499,2.618,2.737,derived_from_1x2,medium,69.1,ALTA,xgb_lean,0.25,Probabilidad condicionada a que no haya empate; empate void.
2026-06-25,Ecuador,Germany,draw_no_bet,Germany,,0.5798,1.725,1.811,1.897,1.984,derived_from_1x2,medium,69.1,ALTA,xgb_lean,0.25,Probabilidad condicionada a que no haya empate; empate void.
2026-06-25,Ecuador,Germany,h2h,Draw,,0.293,3.413,3.584,3.754,3.925,ensemble_1x2,high,69.1,ALTA,xgb_lean,0.25,No usar como apuesta core hasta recalibrar empates.
2026-06-25,Ecuador,Germany,h2h,Ecuador,,0.2971,3.366,3.534,3.702,3.871,ensemble_1x2,medium,69.1,ALTA,xgb_lean,0.25,
2026-06-25,Ecuador,Germany,h2h,Germany,,0.4099,2.44,2.562,2.684,2.806,ensemble_1x2,high,69.1,ALTA,xgb_lean,0.25,
2026-06-25,Ecuador,Germany,team_goals,Ecuador Over,0.5,0.7189,1.391,1.461,1.53,1.6,poisson_home_goals,derived,69.1,ALTA,xgb_lean,0.25,
2026-06-25,Ecuador,Germany,team_goals,Ecuador Under,0.5,0.2811,3.557,3.735,3.913,4.091,poisson_home_goals,derived,69.1,ALTA,xgb_lean,0.25,
2026-06-25,Ecuador,Germany,team_goals,Germany Over,0.5,0.7469,1.339,1.406,1.473,1.54,poisson_away_goals,derived,69.1,ALTA,xgb_lean,0.25,
2026-06-25,Ecuador,Germany,team_goals,Germany Under,0.5,0.2531,3.951,4.149,4.346,4.544,poisson_away_goals,derived,69.1,ALTA,xgb_lean,0.25,
2026-06-25,Ecuador,Germany,team_goals,Ecuador Over,1.5,0.3622,2.761,2.899,3.037,3.175,poisson_home_goals,derived,69.1,ALTA,xgb_lean,0.25,
2026-06-25,Ecuador,Germany,team_goals,Ecuador Under,1.5,0.6378,1.568,1.646,1.725,1.803,poisson_home_goals,derived,69.1,ALTA,xgb_lean,0.25,
2026-06-25,Ecuador,Germany,team_goals,Germany Over,1.5,0.3992,2.505,2.631,2.756,2.881,poisson_away_goals,derived,69.1,ALTA,xgb_lean,0.25,
2026-06-25,Ecuador,Germany,team_goals,Germany Under,1.5,0.6008,1.664,1.748,1.831,1.914,poisson_away_goals,derived,69.1,ALTA,xgb_lean,0.25,
2026-06-25,Ecuador,Germany,team_goals,Ecuador Over,2.5,0.1358,7.363,7.731,8.1,8.468,poisson_home_goals,derived,69.1,ALTA,xgb_lean,0.25,
2026-06-25,Ecuador,Germany,team_goals,Ecuador Under,2.5,0.8642,1.157,1.215,1.273,1.331,poisson_home_goals,derived,69.1,ALTA,xgb_lean,0.25,
2026-06-25,Ecuador,Germany,team_goals,Germany Over,2.5,0.1603,6.24,6.552,6.864,7.176,poisson_away_goals,derived,69.1,ALTA,xgb_lean,0.25,
2026-06-25,Ecuador,Germany,team_goals,Germany Under,2.5,0.8397,1.191,1.25,1.31,1.369,poisson_away_goals,derived,69.1,ALTA,xgb_lean,0.25,
2026-06-25,Ecuador,Germany,total_corners,Over,8.5,0.6849,1.46,1.533,1.606,1.679,poisson_approx_from_expected_corners,low,69.1,ALTA,xgb_lean,0.25,"Aproximacion: corners tienen sobredispersion; usar como radar, no como apuesta core."
2026-06-25,Ecuador,Germany,total_corners,Under,8.5,0.3151,3.174,3.332,3.491,3.65,poisson_approx_from_expected_corners,low,69.1,ALTA,xgb_lean,0.25,"Aproximacion: corners tienen sobredispersion; usar como radar, no como apuesta core."
2026-06-25,Ecuador,Germany,total_corners,Over,9.5,0.5619,1.78,1.869,1.958,2.047,poisson_approx_from_expected_corners,low,69.1,ALTA,xgb_lean,0.25,"Aproximacion: corners tienen sobredispersion; usar como radar, no como apuesta core."
2026-06-25,Ecuador,Germany,total_corners,Under,9.5,0.4381,2.283,2.397,2.511,2.625,poisson_approx_from_expected_corners,low,69.1,ALTA,xgb_lean,0.25,"Aproximacion: corners tienen sobredispersion; usar como radar, no como apuesta core."
2026-06-25,Ecuador,Germany,total_corners,Over,10.5,0.437,2.288,2.403,2.517,2.632,poisson_approx_from_expected_corners,low,69.1,ALTA,xgb_lean,0.25,"Aproximacion: corners tienen sobredispersion; usar como radar, no como apuesta core."
2026-06-25,Ecuador,Germany,total_corners,Under,10.5,0.563,1.776,1.865,1.954,2.043,poisson_approx_from_expected_corners,low,69.1,ALTA,xgb_lean,0.25,"Aproximacion: corners tienen sobredispersion; usar como radar, no como apuesta core."
2026-06-25,Ecuador,Germany,total_goals,Over,1.5,0.7408,1.35,1.417,1.485,1.552,poisson_total_goals,medium,69.1,ALTA,xgb_lean,0.25,
2026-06-25,Ecuador,Germany,total_goals,Under,1.5,0.2592,3.858,4.051,4.244,4.437,poisson_total_goals,medium,69.1,ALTA,xgb_lean,0.25,
2026-06-25,Ecuador,Germany,total_goals,Over,2.5,0.4385,2.281,2.395,2.509,2.623,ensemble_over25,medium,69.1,ALTA,xgb_lean,0.25,
2026-06-25,Ecuador,Germany,total_goals,Under,2.5,0.5615,1.781,1.87,1.959,2.048,ensemble_over25,medium,69.1,ALTA,xgb_lean,0.25,
2026-06-25,Ecuador,Germany,total_goals,Over,3.5,0.2734,3.658,3.841,4.024,4.207,poisson_total_goals,medium,69.1,ALTA,xgb_lean,0.25,
2026-06-25,Ecuador,Germany,total_goals,Under,3.5,0.7266,1.376,1.445,1.514,1.583,poisson_total_goals,medium,69.1,ALTA,xgb_lean,0.25,
2026-06-25,Japan,Sweden,btts,No,,0.5533,1.807,1.898,1.988,2.078,ensemble_btts,medium,53.6,MEDIA,xgb_lean,0.3279,
2026-06-25,Japan,Sweden,btts,Yes,,0.4467,2.239,2.351,2.463,2.574,ensemble_btts,medium,53.6,MEDIA,xgb_lean,0.3279,
2026-06-25,Japan,Sweden,clean_sheet,Japan No,,0.5995,1.668,1.752,1.835,1.918,poisson_opponent_goals_zero,derived,53.6,MEDIA,xgb_lean,0.3279,
2026-06-25,Japan,Sweden,clean_sheet,Japan Yes,,0.4005,2.497,2.622,2.746,2.871,poisson_opponent_goals_zero,derived,53.6,MEDIA,xgb_lean,0.3279,
2026-06-25,Japan,Sweden,clean_sheet,Sweden No,,0.846,1.182,1.241,1.3,1.359,poisson_opponent_goals_zero,derived,53.6,MEDIA,xgb_lean,0.3279,
2026-06-25,Japan,Sweden,clean_sheet,Sweden Yes,,0.154,6.495,6.82,7.144,7.469,poisson_opponent_goals_zero,derived,53.6,MEDIA,xgb_lean,0.3279,
2026-06-25,Japan,Sweden,double_chance,Japan or Draw,,0.8494,1.177,1.236,1.295,1.354,derived_from_1x2,medium,53.6,MEDIA,xgb_lean,0.3279,
2026-06-25,Japan,Sweden,double_chance,Japan or Sweden,,0.7351,1.36,1.428,1.496,1.564,derived_from_1x2,high,53.6,MEDIA,xgb_lean,0.3279,
2026-06-25,Japan,Sweden,double_chance,Sweden or Draw,,0.4155,2.407,2.527,2.647,2.768,derived_from_1x2,medium,53.6,MEDIA,xgb_lean,0.3279,
2026-06-25,Japan,Sweden,draw_no_bet,Japan,,0.7951,1.258,1.321,1.383,1.446,derived_from_1x2,high,53.6,MEDIA,xgb_lean,0.3279,Probabilidad condicionada a que no haya empate; empate void.
2026-06-25,Japan,Sweden,draw_no_bet,Sweden,,0.2049,4.881,5.125,5.369,5.613,derived_from_1x2,high,53.6,MEDIA,xgb_lean,0.3279,Probabilidad condicionada a que no haya empate; empate void.
2026-06-25,Japan,Sweden,h2h,Draw,,0.2649,3.775,3.964,4.153,4.341,ensemble_1x2,medium,53.6,MEDIA,xgb_lean,0.3279,No usar como apuesta core hasta recalibrar empates.
2026-06-25,Japan,Sweden,h2h,Japan,,0.5845,1.711,1.796,1.882,1.967,ensemble_1x2,high,53.6,MEDIA,xgb_lean,0.3279,
2026-06-25,Japan,Sweden,h2h,Sweden,,0.1506,6.64,6.972,7.304,7.636,ensemble_1x2,high,53.6,MEDIA,xgb_lean,0.3279,
2026-06-25,Japan,Sweden,team_goals,Japan Over,0.5,0.846,1.182,1.241,1.3,1.359,poisson_home_goals,derived,53.6,MEDIA,xgb_lean,0.3279,
2026-06-25,Japan,Sweden,team_goals,Japan Under,0.5,0.154,6.495,6.82,7.144,7.469,poisson_home_goals,derived,53.6,MEDIA,xgb_lean,0.3279,
2026-06-25,Japan,Sweden,team_goals,Sweden Over,0.5,0.5995,1.668,1.752,1.835,1.918,poisson_away_goals,derived,53.6,MEDIA,xgb_lean,0.3279,
2026-06-25,Japan,Sweden,team_goals,Sweden Under,0.5,0.4005,2.497,2.622,2.746,2.871,poisson_away_goals,derived,53.6,MEDIA,xgb_lean,0.3279,
2026-06-25,Japan,Sweden,team_goals,Japan Over,1.5,0.558,1.792,1.882,1.971,2.061,poisson_home_goals,derived,53.6,MEDIA,xgb_lean,0.3279,
2026-06-25,Japan,Sweden,team_goals,Japan Under,1.5,0.442,2.262,2.375,2.488,2.602,poisson_home_goals,derived,53.6,MEDIA,xgb_lean,0.3279,
2026-06-25,Japan,Sweden,team_goals,Sweden Over,1.5,0.233,4.292,4.506,4.721,4.935,poisson_away_goals,derived,53.6,MEDIA,xgb_lean,0.3279,
2026-06-25,Japan,Sweden,team_goals,Sweden Under,1.5,0.767,1.304,1.369,1.434,1.499,poisson_away_goals,derived,53.6,MEDIA,xgb_lean,0.3279,
2026-06-25,Japan,Sweden,team_goals,Japan Over,2.5,0.2885,3.467,3.64,3.813,3.987,poisson_home_goals,derived,53.6,MEDIA,xgb_lean,0.3279,
2026-06-25,Japan,Sweden,team_goals,Japan Under,2.5,0.7115,1.405,1.476,1.546,1.616,poisson_home_goals,derived,53.6,MEDIA,xgb_lean,0.3279,
2026-06-25,Japan,Sweden,team_goals,Sweden Over,2.5,0.0653,15.302,16.067,16.833,17.598,poisson_away_goals,derived,53.6,MEDIA,xgb_lean,0.3279,
2026-06-25,Japan,Sweden,team_goals,Sweden Under,2.5,0.9347,1.07,1.123,1.177,1.23,poisson_away_goals,derived,53.6,MEDIA,xgb_lean,0.3279,
2026-06-25,Japan,Sweden,total_corners,Over,8.5,0.5691,1.757,1.845,1.933,2.021,poisson_approx_from_expected_corners,low,53.6,MEDIA,xgb_lean,0.3279,"Aproximacion: corners tienen sobredispersion; usar como radar, no como apuesta core."
2026-06-25,Japan,Sweden,total_corners,Under,8.5,0.4309,2.321,2.437,2.553,2.669,poisson_approx_from_expected_corners,low,53.6,MEDIA,xgb_lean,0.3279,"Aproximacion: corners tienen sobredispersion; usar como radar, no como apuesta core."
2026-06-25,Japan,Sweden,total_corners,Over,9.5,0.4376,2.285,2.399,2.514,2.628,poisson_approx_from_expected_corners,low,53.6,MEDIA,xgb_lean,0.3279,"Aproximacion: corners tienen sobredispersion; usar como radar, no como apuesta core."
2026-06-25,Japan,Sweden,total_corners,Under,9.5,0.5624,1.778,1.867,1.956,2.045,poisson_approx_from_expected_corners,low,53.6,MEDIA,xgb_lean,0.3279,"Aproximacion: corners tienen sobredispersion; usar como radar, no como apuesta core."
2026-06-25,Japan,Sweden,total_corners,Over,10.5,0.3168,3.157,3.315,3.473,3.63,poisson_approx_from_expected_corners,low,53.6,MEDIA,xgb_lean,0.3279,"Aproximacion: corners tienen sobredispersion; usar como radar, no como apuesta core."
2026-06-25,Japan,Sweden,total_corners,Under,10.5,0.6832,1.464,1.537,1.61,1.683,poisson_approx_from_expected_corners,low,53.6,MEDIA,xgb_lean,0.3279,"Aproximacion: corners tienen sobredispersion; usar como radar, no como apuesta core."
2026-06-25,Japan,Sweden,total_goals,Over,1.5,0.7665,1.305,1.37,1.435,1.5,poisson_total_goals,high,53.6,MEDIA,xgb_lean,0.3279,
2026-06-25,Japan,Sweden,total_goals,Under,1.5,0.2335,4.283,4.497,4.711,4.926,poisson_total_goals,high,53.6,MEDIA,xgb_lean,0.3279,
2026-06-25,Japan,Sweden,total_goals,Over,2.5,0.5166,1.936,2.033,2.129,2.226,ensemble_over25,high,53.6,MEDIA,xgb_lean,0.3279,
2026-06-25,Japan,Sweden,total_goals,Under,2.5,0.4834,2.069,2.172,2.276,2.379,ensemble_over25,high,53.6,MEDIA,xgb_lean,0.3279,
2026-06-25,Japan,Sweden,total_goals,Over,3.5,0.3049,3.279,3.443,3.607,3.771,poisson_total_goals,high,53.6,MEDIA,xgb_lean,0.3279,
2026-06-25,Japan,Sweden,total_goals,Under,3.5,0.6951,1.439,1.511,1.583,1.655,poisson_total_goals,high,53.6,MEDIA,xgb_lean,0.3279,
2026-06-25,Paraguay,Australia,btts,No,,0.5203,1.922,2.018,2.114,2.21,ensemble_btts,high,64.2,MEDIA,xgb_lean,0.3171,
2026-06-25,Paraguay,Australia,btts,Yes,,0.4797,2.085,2.189,2.293,2.397,ensemble_btts,high,64.2,MEDIA,xgb_lean,0.3171,
2026-06-25,Paraguay,Australia,clean_sheet,Australia No,,0.7652,1.307,1.372,1.438,1.503,poisson_opponent_goals_zero,derived,64.2,MEDIA,xgb_lean,0.3171,
2026-06-25,Paraguay,Australia,clean_sheet,Australia Yes,,0.2348,4.259,4.472,4.685,4.898,poisson_opponent_goals_zero,derived,64.2,MEDIA,xgb_lean,0.3171,
2026-06-25,Paraguay,Australia,clean_sheet,Paraguay No,,0.5844,1.711,1.797,1.882,1.968,poisson_opponent_goals_zero,derived,64.2,MEDIA,xgb_lean,0.3171,
2026-06-25,Paraguay,Australia,clean_sheet,Paraguay Yes,,0.4156,2.406,2.526,2.647,2.767,poisson_opponent_goals_zero,derived,64.2,MEDIA,xgb_lean,0.3171,
2026-06-25,Paraguay,Australia,double_chance,Australia or Draw,,0.4932,2.028,2.129,2.23,2.332,derived_from_1x2,high,64.2,MEDIA,xgb_lean,0.3171,
2026-06-25,Paraguay,Australia,double_chance,Paraguay or Australia,,0.7017,1.425,1.496,1.568,1.639,derived_from_1x2,high,64.2,MEDIA,xgb_lean,0.3171,
2026-06-25,Paraguay,Australia,double_chance,Paraguay or Draw,,0.8051,1.242,1.304,1.366,1.428,derived_from_1x2,high,64.2,MEDIA,xgb_lean,0.3171,
2026-06-25,Paraguay,Australia,draw_no_bet,Australia,,0.2778,3.6,3.78,3.96,4.14,derived_from_1x2,high,64.2,MEDIA,xgb_lean,0.3171,Probabilidad condicionada a que no haya empate; empate void.
2026-06-25,Paraguay,Australia,draw_no_bet,Paraguay,,0.7222,1.385,1.454,1.523,1.592,derived_from_1x2,high,64.2,MEDIA,xgb_lean,0.3171,Probabilidad condicionada a que no haya empate; empate void.
2026-06-25,Paraguay,Australia,h2h,Australia,,0.1949,5.131,5.387,5.644,5.9,ensemble_1x2,high,64.2,MEDIA,xgb_lean,0.3171,
2026-06-25,Paraguay,Australia,h2h,Draw,,0.2983,3.352,3.52,3.688,3.855,ensemble_1x2,high,64.2,MEDIA,xgb_lean,0.3171,No usar como apuesta core hasta recalibrar empates.
2026-06-25,Paraguay,Australia,h2h,Paraguay,,0.5068,1.973,2.072,2.17,2.269,ensemble_1x2,high,64.2,MEDIA,xgb_lean,0.3171,
2026-06-25,Paraguay,Australia,team_goals,Australia Over,0.5,0.5844,1.711,1.797,1.882,1.968,poisson_away_goals,derived,64.2,MEDIA,xgb_lean,0.3171,
2026-06-25,Paraguay,Australia,team_goals,Australia Under,0.5,0.4156,2.406,2.526,2.647,2.767,poisson_away_goals,derived,64.2,MEDIA,xgb_lean,0.3171,
2026-06-25,Paraguay,Australia,team_goals,Paraguay Over,0.5,0.7652,1.307,1.372,1.438,1.503,poisson_home_goals,derived,64.2,MEDIA,xgb_lean,0.3171,
2026-06-25,Paraguay,Australia,team_goals,Paraguay Under,0.5,0.2348,4.259,4.472,4.685,4.898,poisson_home_goals,derived,64.2,MEDIA,xgb_lean,0.3171,
2026-06-25,Paraguay,Australia,team_goals,Australia Over,1.5,0.2195,4.556,4.784,5.012,5.24,poisson_away_goals,derived,64.2,MEDIA,xgb_lean,0.3171,
2026-06-25,Paraguay,Australia,team_goals,Australia Under,1.5,0.7805,1.281,1.345,1.409,1.473,poisson_away_goals,derived,64.2,MEDIA,xgb_lean,0.3171,
2026-06-25,Paraguay,Australia,team_goals,Paraguay Over,1.5,0.425,2.353,2.471,2.588,2.706,poisson_home_goals,derived,64.2,MEDIA,xgb_lean,0.3171,
2026-06-25,Paraguay,Australia,team_goals,Paraguay Under,1.5,0.575,1.739,1.826,1.913,2.0,poisson_home_goals,derived,64.2,MEDIA,xgb_lean,0.3171,
2026-06-25,Paraguay,Australia,team_goals,Australia Over,2.5,0.0593,16.868,17.712,18.555,19.398,poisson_away_goals,derived,64.2,MEDIA,xgb_lean,0.3171,
2026-06-25,Paraguay,Australia,team_goals,Australia Under,2.5,0.9407,1.063,1.116,1.169,1.222,poisson_away_goals,derived,64.2,MEDIA,xgb_lean,0.3171,
2026-06-25,Paraguay,Australia,team_goals,Paraguay Over,2.5,0.1785,5.603,5.884,6.164,6.444,poisson_home_goals,derived,64.2,MEDIA,xgb_lean,0.3171,
2026-06-25,Paraguay,Australia,team_goals,Paraguay Under,2.5,0.8215,1.217,1.278,1.339,1.4,poisson_home_goals,derived,64.2,MEDIA,xgb_lean,0.3171,
2026-06-25,Paraguay,Australia,total_corners,Over,8.5,0.3726,2.684,2.818,2.952,3.086,poisson_approx_from_expected_corners,low,64.2,MEDIA,xgb_lean,0.3171,"Aproximacion: corners tienen sobredispersion; usar como radar, no como apuesta core."
2026-06-25,Paraguay,Australia,total_corners,Under,8.5,0.6274,1.594,1.674,1.753,1.833,poisson_approx_from_expected_corners,low,64.2,MEDIA,xgb_lean,0.3171,"Aproximacion: corners tienen sobredispersion; usar como radar, no como apuesta core."
2026-06-25,Paraguay,Australia,total_corners,Over,9.5,0.2529,3.954,4.152,4.35,4.548,poisson_approx_from_expected_corners,low,64.2,MEDIA,xgb_lean,0.3171,"Aproximacion: corners tienen sobredispersion; usar como radar, no como apuesta core."
2026-06-25,Paraguay,Australia,total_corners,Under,9.5,0.7471,1.338,1.405,1.472,1.539,poisson_approx_from_expected_corners,low,64.2,MEDIA,xgb_lean,0.3171,"Aproximacion: corners tienen sobredispersion; usar como radar, no como apuesta core."
2026-06-25,Paraguay,Australia,total_corners,Over,10.5,0.1601,6.246,6.559,6.871,7.183,poisson_approx_from_expected_corners,low,64.2,MEDIA,xgb_lean,0.3171,"Aproximacion: corners tienen sobredispersion; usar como radar, no como apuesta core."
2026-06-25,Paraguay,Australia,total_corners,Under,10.5,0.8399,1.191,1.25,1.31,1.369,poisson_approx_from_expected_corners,low,64.2,MEDIA,xgb_lean,0.3171,"Aproximacion: corners tienen sobredispersion; usar como radar, no como apuesta core."
2026-06-25,Paraguay,Australia,total_goals,Over,1.5,0.6753,1.481,1.555,1.629,1.703,poisson_total_goals,high,64.2,MEDIA,xgb_lean,0.3171,
2026-06-25,Paraguay,Australia,total_goals,Under,1.5,0.3247,3.08,3.234,3.388,3.542,poisson_total_goals,high,64.2,MEDIA,xgb_lean,0.3171,
2026-06-25,Paraguay,Australia,total_goals,Over,2.5,0.4405,2.27,2.384,2.497,2.611,ensemble_over25,high,64.2,MEDIA,xgb_lean,0.3171,
2026-06-25,Paraguay,Australia,total_goals,Under,2.5,0.5595,1.787,1.877,1.966,2.055,ensemble_over25,high,64.2,MEDIA,xgb_lean,0.3171,
2026-06-25,Paraguay,Australia,total_goals,Over,3.5,0.2062,4.85,5.093,5.336,5.578,poisson_total_goals,high,64.2,MEDIA,xgb_lean,0.3171,
2026-06-25,Paraguay,Australia,total_goals,Under,3.5,0.7938,1.26,1.323,1.386,1.449,poisson_total_goals,high,64.2,MEDIA,xgb_lean,0.3171,
2026-06-25,Tunisia,Netherlands,btts,No,,0.5361,1.865,1.959,2.052,2.145,ensemble_btts,high,46.4,BAJA,blend,0.5233,
2026-06-25,Tunisia,Netherlands,btts,Yes,,0.4639,2.156,2.263,2.371,2.479,ensemble_btts,high,46.4,BAJA,blend,0.5233,
2026-06-25,Tunisia,Netherlands,clean_sheet,Netherlands No,,0.5768,1.734,1.82,1.907,1.994,poisson_opponent_goals_zero,derived,46.4,BAJA,blend,0.5233,
2026-06-25,Tunisia,Netherlands,clean_sheet,Netherlands Yes,,0.4232,2.363,2.481,2.599,2.718,poisson_opponent_goals_zero,derived,46.4,BAJA,blend,0.5233,
2026-06-25,Tunisia,Netherlands,clean_sheet,Tunisia No,,0.8339,1.199,1.259,1.319,1.379,poisson_opponent_goals_zero,derived,46.4,BAJA,blend,0.5233,
2026-06-25,Tunisia,Netherlands,clean_sheet,Tunisia Yes,,0.1661,6.019,6.32,6.621,6.922,poisson_opponent_goals_zero,derived,46.4,BAJA,blend,0.5233,
2026-06-25,Tunisia,Netherlands,double_chance,Netherlands or Draw,,0.8631,1.159,1.217,1.274,1.332,derived_from_1x2,medium,46.4,BAJA,blend,0.5233,
2026-06-25,Tunisia,Netherlands,double_chance,Tunisia or Draw,,0.3643,2.745,2.882,3.019,3.157,derived_from_1x2,medium,46.4,BAJA,blend,0.5233,
2026-06-25,Tunisia,Netherlands,double_chance,Tunisia or Netherlands,,0.7724,1.295,1.359,1.424,1.489,derived_from_1x2,medium,46.4,BAJA,blend,0.5233,
2026-06-25,Tunisia,Netherlands,draw_no_bet,Netherlands,,0.8229,1.215,1.276,1.337,1.398,derived_from_1x2,medium,46.4,BAJA,blend,0.5233,Probabilidad condicionada a que no haya empate; empate void.
2026-06-25,Tunisia,Netherlands,draw_no_bet,Tunisia,,0.1771,5.646,5.929,6.211,6.493,derived_from_1x2,medium,46.4,BAJA,blend,0.5233,Probabilidad condicionada a que no haya empate; empate void.
2026-06-25,Tunisia,Netherlands,h2h,Draw,,0.2275,4.396,4.615,4.835,5.055,ensemble_1x2,high,46.4,BAJA,blend,0.5233,No usar como apuesta core hasta recalibrar empates.
2026-06-25,Tunisia,Netherlands,h2h,Netherlands,,0.6356,1.573,1.652,1.731,1.809,ensemble_1x2,medium,46.4,BAJA,blend,0.5233,
2026-06-25,Tunisia,Netherlands,h2h,Tunisia,,0.1368,7.31,7.675,8.041,8.406,ensemble_1x2,medium,46.4,BAJA,blend,0.5233,
2026-06-25,Tunisia,Netherlands,team_goals,Netherlands Over,0.5,0.8339,1.199,1.259,1.319,1.379,poisson_away_goals,derived,46.4,BAJA,blend,0.5233,
2026-06-25,Tunisia,Netherlands,team_goals,Netherlands Under,0.5,0.1661,6.019,6.32,6.621,6.922,poisson_away_goals,derived,46.4,BAJA,blend,0.5233,
2026-06-25,Tunisia,Netherlands,team_goals,Tunisia Over,0.5,0.5768,1.734,1.82,1.907,1.994,poisson_home_goals,derived,46.4,BAJA,blend,0.5233,
2026-06-25,Tunisia,Netherlands,team_goals,Tunisia Under,0.5,0.4232,2.363,2.481,2.599,2.718,poisson_home_goals,derived,46.4,BAJA,blend,0.5233,
2026-06-25,Tunisia,Netherlands,team_goals,Netherlands Over,1.5,0.5357,1.867,1.96,2.053,2.147,poisson_away_goals,derived,46.4,BAJA,blend,0.5233,
2026-06-25,Tunisia,Netherlands,team_goals,Netherlands Under,1.5,0.4643,2.154,2.261,2.369,2.477,poisson_away_goals,derived,46.4,BAJA,blend,0.5233,
2026-06-25,Tunisia,Netherlands,team_goals,Tunisia Over,1.5,0.2129,4.697,4.931,5.166,5.401,poisson_home_goals,derived,46.4,BAJA,blend,0.5233,
2026-06-25,Tunisia,Netherlands,team_goals,Tunisia Under,1.5,0.7871,1.271,1.334,1.398,1.461,poisson_home_goals,derived,46.4,BAJA,blend,0.5233,
2026-06-25,Tunisia,Netherlands,team_goals,Netherlands Over,2.5,0.268,3.731,3.917,4.104,4.29,poisson_away_goals,derived,46.4,BAJA,blend,0.5233,
2026-06-25,Tunisia,Netherlands,team_goals,Netherlands Under,2.5,0.732,1.366,1.435,1.503,1.571,poisson_away_goals,derived,46.4,BAJA,blend,0.5233,
2026-06-25,Tunisia,Netherlands,team_goals,Tunisia Over,2.5,0.0564,17.72,18.606,19.492,20.378,poisson_home_goals,derived,46.4,BAJA,blend,0.5233,
2026-06-25,Tunisia,Netherlands,team_goals,Tunisia Under,2.5,0.9436,1.06,1.113,1.166,1.219,poisson_home_goals,derived,46.4,BAJA,blend,0.5233,
2026-06-25,Tunisia,Netherlands,total_corners,Over,8.5,0.4714,2.121,2.227,2.334,2.44,poisson_approx_from_expected_corners,low,46.4,BAJA,blend,0.5233,"Aproximacion: corners tienen sobredispersion; usar como radar, no como apuesta core."
2026-06-25,Tunisia,Netherlands,total_corners,Under,8.5,0.5286,1.892,1.986,2.081,2.176,poisson_approx_from_expected_corners,low,46.4,BAJA,blend,0.5233,"Aproximacion: corners tienen sobredispersion; usar como radar, no como apuesta core."
2026-06-25,Tunisia,Netherlands,total_corners,Over,9.5,0.3418,2.925,3.072,3.218,3.364,poisson_approx_from_expected_corners,low,46.4,BAJA,blend,0.5233,"Aproximacion: corners tienen sobredispersion; usar como radar, no como apuesta core."
2026-06-25,Tunisia,Netherlands,total_corners,Under,9.5,0.6582,1.519,1.595,1.671,1.747,poisson_approx_from_expected_corners,low,46.4,BAJA,blend,0.5233,"Aproximacion: corners tienen sobredispersion; usar como radar, no como apuesta core."
2026-06-25,Tunisia,Netherlands,total_corners,Over,10.5,0.2322,4.306,4.521,4.737,4.952,poisson_approx_from_expected_corners,low,46.4,BAJA,blend,0.5233,"Aproximacion: corners tienen sobredispersion; usar como radar, no como apuesta core."
2026-06-25,Tunisia,Netherlands,total_corners,Under,10.5,0.7678,1.302,1.368,1.433,1.498,poisson_approx_from_expected_corners,low,46.4,BAJA,blend,0.5233,"Aproximacion: corners tienen sobredispersion; usar como radar, no como apuesta core."
2026-06-25,Tunisia,Netherlands,total_goals,Over,1.5,0.7431,1.346,1.413,1.48,1.548,poisson_total_goals,medium,46.4,BAJA,blend,0.5233,
2026-06-25,Tunisia,Netherlands,total_goals,Under,1.5,0.2569,3.892,4.087,4.281,4.476,poisson_total_goals,medium,46.4,BAJA,blend,0.5233,
2026-06-25,Tunisia,Netherlands,total_goals,Over,2.5,0.4501,2.222,2.333,2.444,2.555,ensemble_over25,medium,46.4,BAJA,blend,0.5233,
2026-06-25,Tunisia,Netherlands,total_goals,Under,2.5,0.5499,1.819,1.909,2.0,2.091,ensemble_over25,medium,46.4,BAJA,blend,0.5233,
2026-06-25,Tunisia,Netherlands,total_goals,Over,3.5,0.276,3.623,3.804,3.985,4.166,poisson_total_goals,medium,46.4,BAJA,blend,0.5233,
2026-06-25,Tunisia,Netherlands,total_goals,Under,3.5,0.724,1.381,1.45,1.519,1.588,poisson_total_goals,medium,46.4,BAJA,blend,0.5233,
2026-06-25,Turkey,United States,btts,No,,0.4868,2.054,2.157,2.26,2.362,ensemble_btts,high,71.6,ALTA,xgb_lean,0.25,
2026-06-25,Turkey,United States,btts,Yes,,0.5132,1.949,2.046,2.143,2.241,ensemble_btts,high,71.6,ALTA,xgb_lean,0.25,
2026-06-25,Turkey,United States,clean_sheet,Turkey No,,0.6621,1.51,1.586,1.661,1.737,poisson_opponent_goals_zero,derived,71.6,ALTA,xgb_lean,0.25,
2026-06-25,Turkey,United States,clean_sheet,Turkey Yes,,0.3379,2.959,3.107,3.255,3.403,poisson_opponent_goals_zero,derived,71.6,ALTA,xgb_lean,0.25,
2026-06-25,Turkey,United States,clean_sheet,United States No,,0.7643,1.308,1.374,1.439,1.505,poisson_opponent_goals_zero,derived,71.6,ALTA,xgb_lean,0.25,
2026-06-25,Turkey,United States,clean_sheet,United States Yes,,0.2357,4.242,4.454,4.666,4.878,poisson_opponent_goals_zero,derived,71.6,ALTA,xgb_lean,0.25,
2026-06-25,Turkey,United States,double_chance,Turkey or Draw,,0.6918,1.446,1.518,1.59,1.662,derived_from_1x2,high,71.6,ALTA,xgb_lean,0.25,
2026-06-25,Turkey,United States,double_chance,Turkey or United States,,0.7542,1.326,1.392,1.458,1.525,derived_from_1x2,high,71.6,ALTA,xgb_lean,0.25,
2026-06-25,Turkey,United States,double_chance,United States or Draw,,0.554,1.805,1.895,1.986,2.076,derived_from_1x2,high,71.6,ALTA,xgb_lean,0.25,
2026-06-25,Turkey,United States,draw_no_bet,Turkey,,0.5914,1.691,1.776,1.86,1.945,derived_from_1x2,high,71.6,ALTA,xgb_lean,0.25,Probabilidad condicionada a que no haya empate; empate void.
2026-06-25,Turkey,United States,draw_no_bet,United States,,0.4086,2.447,2.569,2.692,2.814,derived_from_1x2,high,71.6,ALTA,xgb_lean,0.25,Probabilidad condicionada a que no haya empate; empate void.
2026-06-25,Turkey,United States,h2h,Draw,,0.2458,4.068,4.272,4.475,4.679,ensemble_1x2,high,71.6,ALTA,xgb_lean,0.25,No usar como apuesta core hasta recalibrar empates.
2026-06-25,Turkey,United States,h2h,Turkey,,0.446,2.242,2.354,2.466,2.578,ensemble_1x2,high,71.6,ALTA,xgb_lean,0.25,
2026-06-25,Turkey,United States,h2h,United States,,0.3082,3.245,3.407,3.569,3.731,ensemble_1x2,high,71.6,ALTA,xgb_lean,0.25,
2026-06-25,Turkey,United States,team_goals,Turkey Over,0.5,0.7643,1.308,1.374,1.439,1.505,poisson_home_goals,derived,71.6,ALTA,xgb_lean,0.25,
2026-06-25,Turkey,United States,team_goals,Turkey Under,0.5,0.2357,4.242,4.454,4.666,4.878,poisson_home_goals,derived,71.6,ALTA,xgb_lean,0.25,
2026-06-25,Turkey,United States,team_goals,United States Over,0.5,0.6621,1.51,1.586,1.661,1.737,poisson_away_goals,derived,71.6,ALTA,xgb_lean,0.25,
2026-06-25,Turkey,United States,team_goals,United States Under,0.5,0.3379,2.959,3.107,3.255,3.403,poisson_away_goals,derived,71.6,ALTA,xgb_lean,0.25,
2026-06-25,Turkey,United States,team_goals,Turkey Over,1.5,0.4236,2.361,2.479,2.597,2.715,poisson_home_goals,derived,71.6,ALTA,xgb_lean,0.25,
2026-06-25,Turkey,United States,team_goals,Turkey Under,1.5,0.5764,1.735,1.822,1.908,1.995,poisson_home_goals,derived,71.6,ALTA,xgb_lean,0.25,
2026-06-25,Turkey,United States,team_goals,United States Over,1.5,0.2955,3.384,3.554,3.723,3.892,poisson_away_goals,derived,71.6,ALTA,xgb_lean,0.25,
2026-06-25,Turkey,United States,team_goals,United States Under,1.5,0.7045,1.419,1.49,1.561,1.632,poisson_away_goals,derived,71.6,ALTA,xgb_lean,0.25,
2026-06-25,Turkey,United States,team_goals,Turkey Over,2.5,0.1775,5.634,5.916,6.198,6.48,poisson_home_goals,derived,71.6,ALTA,xgb_lean,0.25,
2026-06-25,Turkey,United States,team_goals,Turkey Under,2.5,0.8225,1.216,1.277,1.337,1.398,poisson_home_goals,derived,71.6,ALTA,xgb_lean,0.25,
2026-06-25,Turkey,United States,team_goals,United States Over,2.5,0.0966,10.354,10.872,11.389,11.907,poisson_away_goals,derived,71.6,ALTA,xgb_lean,0.25,
2026-06-25,Turkey,United States,team_goals,United States Under,2.5,0.9034,1.107,1.162,1.218,1.273,poisson_away_goals,derived,71.6,ALTA,xgb_lean,0.25,
2026-06-25,Turkey,United States,total_corners,Over,8.5,0.7093,1.41,1.48,1.551,1.621,poisson_approx_from_expected_corners,low,71.6,ALTA,xgb_lean,0.25,"Aproximacion: corners tienen sobredispersion; usar como radar, no como apuesta core."
2026-06-25,Turkey,United States,total_corners,Under,8.5,0.2907,3.44,3.613,3.785,3.957,poisson_approx_from_expected_corners,low,71.6,ALTA,xgb_lean,0.25,"Aproximacion: corners tienen sobredispersion; usar como radar, no como apuesta core."
2026-06-25,Turkey,United States,total_corners,Over,9.5,0.5898,1.695,1.78,1.865,1.95,poisson_approx_from_expected_corners,low,71.6,ALTA,xgb_lean,0.25,"Aproximacion: corners tienen sobredispersion; usar como radar, no como apuesta core."
2026-06-25,Turkey,United States,total_corners,Under,9.5,0.4102,2.438,2.56,2.682,2.804,poisson_approx_from_expected_corners,low,71.6,ALTA,xgb_lean,0.25,"Aproximacion: corners tienen sobredispersion; usar como radar, no como apuesta core."
2026-06-25,Turkey,United States,total_corners,Over,10.5,0.4656,2.148,2.255,2.362,2.47,poisson_approx_from_expected_corners,low,71.6,ALTA,xgb_lean,0.25,"Aproximacion: corners tienen sobredispersion; usar como radar, no como apuesta core."
2026-06-25,Turkey,United States,total_corners,Under,10.5,0.5344,1.871,1.965,2.059,2.152,poisson_approx_from_expected_corners,low,71.6,ALTA,xgb_lean,0.25,"Aproximacion: corners tienen sobredispersion; usar como radar, no como apuesta core."
2026-06-25,Turkey,United States,total_goals,Over,1.5,0.7188,1.391,1.461,1.53,1.6,poisson_total_goals,medium,71.6,ALTA,xgb_lean,0.25,
2026-06-25,Turkey,United States,total_goals,Under,1.5,0.2812,3.556,3.734,3.912,4.09,poisson_total_goals,medium,71.6,ALTA,xgb_lean,0.25,
2026-06-25,Turkey,United States,total_goals,Over,2.5,0.5301,1.886,1.981,2.075,2.169,ensemble_over25,medium,71.6,ALTA,xgb_lean,0.25,
2026-06-25,Turkey,United States,total_goals,Under,2.5,0.4699,2.128,2.235,2.341,2.447,ensemble_over25,medium,71.6,ALTA,xgb_lean,0.25,
2026-06-25,Turkey,United States,total_goals,Over,3.5,0.2489,4.018,4.219,4.42,4.621,poisson_total_goals,medium,71.6,ALTA,xgb_lean,0.25,
2026-06-25,Turkey,United States,total_goals,Under,3.5,0.7511,1.331,1.398,1.464,1.531,poisson_total_goals,medium,71.6,ALTA,xgb_lean,0.25,
2026-06-26,Cape Verde,Saudi Arabia,btts,No,,0.5212,1.919,2.015,2.111,2.206,ensemble_btts,high,57.0,MEDIA,blend,0.3895,
2026-06-26,Cape Verde,Saudi Arabia,btts,Yes,,0.4788,2.089,2.193,2.297,2.402,ensemble_btts,high,57.0,MEDIA,blend,0.3895,
2026-06-26,Cape Verde,Saudi Arabia,clean_sheet,Cape Verde No,,0.6314,1.584,1.663,1.742,1.821,poisson_opponent_goals_zero,derived,57.0,MEDIA,blend,0.3895,
2026-06-26,Cape Verde,Saudi Arabia,clean_sheet,Cape Verde Yes,,0.3686,2.713,2.848,2.984,3.12,poisson_opponent_goals_zero,derived,57.0,MEDIA,blend,0.3895,
2026-06-26,Cape Verde,Saudi Arabia,clean_sheet,Saudi Arabia No,,0.7288,1.372,1.441,1.509,1.578,poisson_opponent_goals_zero,derived,57.0,MEDIA,blend,0.3895,
2026-06-26,Cape Verde,Saudi Arabia,clean_sheet,Saudi Arabia Yes,,0.2712,3.688,3.872,4.056,4.241,poisson_opponent_goals_zero,derived,57.0,MEDIA,blend,0.3895,
2026-06-26,Cape Verde,Saudi Arabia,double_chance,Cape Verde or Draw,,0.708,1.412,1.483,1.554,1.624,derived_from_1x2,high,57.0,MEDIA,blend,0.3895,
2026-06-26,Cape Verde,Saudi Arabia,double_chance,Cape Verde or Saudi Arabia,,0.7083,1.412,1.482,1.553,1.624,derived_from_1x2,high,57.0,MEDIA,blend,0.3895,
2026-06-26,Cape Verde,Saudi Arabia,double_chance,Saudi Arabia or Draw,,0.5837,1.713,1.799,1.885,1.97,derived_from_1x2,high,57.0,MEDIA,blend,0.3895,
2026-06-26,Cape Verde,Saudi Arabia,draw_no_bet,Cape Verde,,0.5877,1.701,1.786,1.872,1.957,derived_from_1x2,high,57.0,MEDIA,blend,0.3895,Probabilidad condicionada a que no haya empate; empate void.
2026-06-26,Cape Verde,Saudi Arabia,draw_no_bet,Saudi Arabia,,0.4123,2.426,2.547,2.668,2.79,derived_from_1x2,high,57.0,MEDIA,blend,0.3895,Probabilidad condicionada a que no haya empate; empate void.
2026-06-26,Cape Verde,Saudi Arabia,h2h,Cape Verde,,0.4163,2.402,2.522,2.642,2.762,ensemble_1x2,high,57.0,MEDIA,blend,0.3895,
2026-06-26,Cape Verde,Saudi Arabia,h2h,Draw,,0.2917,3.428,3.6,3.771,3.942,ensemble_1x2,high,57.0,MEDIA,blend,0.3895,No usar como apuesta core hasta recalibrar empates.
2026-06-26,Cape Verde,Saudi Arabia,h2h,Saudi Arabia,,0.292,3.425,3.596,3.767,3.938,ensemble_1x2,high,57.0,MEDIA,blend,0.3895,
2026-06-26,Cape Verde,Saudi Arabia,team_goals,Cape Verde Over,0.5,0.7288,1.372,1.441,1.509,1.578,poisson_home_goals,derived,57.0,MEDIA,blend,0.3895,
2026-06-26,Cape Verde,Saudi Arabia,team_goals,Cape Verde Under,0.5,0.2712,3.688,3.872,4.056,4.241,poisson_home_goals,derived,57.0,MEDIA,blend,0.3895,
2026-06-26,Cape Verde,Saudi Arabia,team_goals,Saudi Arabia Over,0.5,0.6314,1.584,1.663,1.742,1.821,poisson_away_goals,derived,57.0,MEDIA,blend,0.3895,
2026-06-26,Cape Verde,Saudi Arabia,team_goals,Saudi Arabia Under,0.5,0.3686,2.713,2.848,2.984,3.12,poisson_away_goals,derived,57.0,MEDIA,blend,0.3895,
2026-06-26,Cape Verde,Saudi Arabia,team_goals,Cape Verde Over,1.5,0.3749,2.667,2.8,2.934,3.067,poisson_home_goals,derived,57.0,MEDIA,blend,0.3895,
2026-06-26,Cape Verde,Saudi Arabia,team_goals,Cape Verde Under,1.5,0.6251,1.6,1.68,1.76,1.84,poisson_home_goals,derived,57.0,MEDIA,blend,0.3895,
2026-06-26,Cape Verde,Saudi Arabia,team_goals,Saudi Arabia Over,1.5,0.2635,3.795,3.985,4.174,4.364,poisson_away_goals,derived,57.0,MEDIA,blend,0.3895,
2026-06-26,Cape Verde,Saudi Arabia,team_goals,Saudi Arabia Under,1.5,0.7365,1.358,1.426,1.494,1.561,poisson_away_goals,derived,57.0,MEDIA,blend,0.3895,
2026-06-26,Cape Verde,Saudi Arabia,team_goals,Cape Verde Over,2.5,0.144,6.942,7.29,7.637,7.984,poisson_home_goals,derived,57.0,MEDIA,blend,0.3895,
2026-06-26,Cape Verde,Saudi Arabia,team_goals,Cape Verde Under,2.5,0.856,1.168,1.227,1.285,1.344,poisson_home_goals,derived,57.0,MEDIA,blend,0.3895,
2026-06-26,Cape Verde,Saudi Arabia,team_goals,Saudi Arabia Over,2.5,0.0799,12.51,13.136,13.761,14.387,poisson_away_goals,derived,57.0,MEDIA,blend,0.3895,
2026-06-26,Cape Verde,Saudi Arabia,team_goals,Saudi Arabia Under,2.5,0.9201,1.087,1.141,1.196,1.25,poisson_away_goals,derived,57.0,MEDIA,blend,0.3895,
2026-06-26,Cape Verde,Saudi Arabia,total_corners,Over,8.5,0.3796,2.635,2.766,2.898,3.03,poisson_approx_from_expected_corners,low,57.0,MEDIA,blend,0.3895,"Aproximacion: corners tienen sobredispersion; usar como radar, no como apuesta core."
2026-06-26,Cape Verde,Saudi Arabia,total_corners,Under,8.5,0.6204,1.612,1.692,1.773,1.854,poisson_approx_from_expected_corners,low,57.0,MEDIA,blend,0.3895,"Aproximacion: corners tienen sobredispersion; usar como radar, no como apuesta core."
2026-06-26,Cape Verde,Saudi Arabia,total_corners,Over,9.5,0.2589,3.863,4.056,4.249,4.442,poisson_approx_from_expected_corners,low,57.0,MEDIA,blend,0.3895,"Aproximacion: corners tienen sobredispersion; usar como radar, no como apuesta core."
2026-06-26,Cape Verde,Saudi Arabia,total_corners,Under,9.5,0.7411,1.349,1.417,1.484,1.552,poisson_approx_from_expected_corners,low,57.0,MEDIA,blend,0.3895,"Aproximacion: corners tienen sobredispersion; usar como radar, no como apuesta core."
2026-06-26,Cape Verde,Saudi Arabia,total_corners,Over,10.5,0.1648,6.069,6.373,6.676,6.979,poisson_approx_from_expected_corners,low,57.0,MEDIA,blend,0.3895,"Aproximacion: corners tienen sobredispersion; usar como radar, no como apuesta core."
2026-06-26,Cape Verde,Saudi Arabia,total_corners,Under,10.5,0.8352,1.197,1.257,1.317,1.377,poisson_approx_from_expected_corners,low,57.0,MEDIA,blend,0.3895,"Aproximacion: corners tienen sobredispersion; usar como radar, no como apuesta core."
2026-06-26,Cape Verde,Saudi Arabia,total_goals,Over,1.5,0.6698,1.493,1.568,1.642,1.717,poisson_total_goals,high,57.0,MEDIA,blend,0.3895,
2026-06-26,Cape Verde,Saudi Arabia,total_goals,Under,1.5,0.3302,3.029,3.18,3.332,3.483,poisson_total_goals,high,57.0,MEDIA,blend,0.3895,
2026-06-26,Cape Verde,Saudi Arabia,total_goals,Over,2.5,0.4157,2.406,2.526,2.646,2.766,ensemble_over25,high,57.0,MEDIA,blend,0.3895,
2026-06-26,Cape Verde,Saudi Arabia,total_goals,Under,2.5,0.5843,1.711,1.797,1.883,1.968,ensemble_over25,high,57.0,MEDIA,blend,0.3895,
2026-06-26,Cape Verde,Saudi Arabia,total_goals,Over,3.5,0.2013,4.969,5.217,5.465,5.714,poisson_total_goals,high,57.0,MEDIA,blend,0.3895,
2026-06-26,Cape Verde,Saudi Arabia,total_goals,Under,3.5,0.7987,1.252,1.315,1.377,1.44,poisson_total_goals,high,57.0,MEDIA,blend,0.3895,
2026-06-26,Egypt,Iran,btts,No,,0.5394,1.854,1.947,2.039,2.132,ensemble_btts,high,49.8,BAJA,xgb_lean,0.3098,
2026-06-26,Egypt,Iran,btts,Yes,,0.4606,2.171,2.28,2.388,2.497,ensemble_btts,high,49.8,BAJA,xgb_lean,0.3098,
2026-06-26,Egypt,Iran,clean_sheet,Egypt No,,0.6849,1.46,1.533,1.606,1.679,poisson_opponent_goals_zero,derived,49.8,BAJA,xgb_lean,0.3098,
2026-06-26,Egypt,Iran,clean_sheet,Egypt Yes,,0.3151,3.174,3.333,3.491,3.65,poisson_opponent_goals_zero,derived,49.8,BAJA,xgb_lean,0.3098,
2026-06-26,Egypt,Iran,clean_sheet,Iran No,,0.6631,1.508,1.583,1.659,1.734,poisson_opponent_goals_zero,derived,49.8,BAJA,xgb_lean,0.3098,
2026-06-26,Egypt,Iran,clean_sheet,Iran Yes,,0.3369,2.968,3.117,3.265,3.414,poisson_opponent_goals_zero,derived,49.8,BAJA,xgb_lean,0.3098,
2026-06-26,Egypt,Iran,double_chance,Egypt or Draw,,0.628,1.592,1.672,1.752,1.831,derived_from_1x2,medium,49.8,BAJA,xgb_lean,0.3098,
2026-06-26,Egypt,Iran,double_chance,Egypt or Iran,,0.6682,1.497,1.571,1.646,1.721,derived_from_1x2,medium,49.8,BAJA,xgb_lean,0.3098,
2026-06-26,Egypt,Iran,double_chance,Iran or Draw,,0.7038,1.421,1.492,1.563,1.634,derived_from_1x2,medium,49.8,BAJA,xgb_lean,0.3098,
2026-06-26,Egypt,Iran,draw_no_bet,Egypt,,0.4433,2.256,2.369,2.481,2.594,derived_from_1x2,medium,49.8,BAJA,xgb_lean,0.3098,Probabilidad condicionada a que no haya empate; empate void.
2026-06-26,Egypt,Iran,draw_no_bet,Iran,,0.5567,1.796,1.886,1.976,2.066,derived_from_1x2,medium,49.8,BAJA,xgb_lean,0.3098,Probabilidad condicionada a que no haya empate; empate void.
2026-06-26,Egypt,Iran,h2h,Draw,,0.3318,3.014,3.165,3.315,3.466,ensemble_1x2,medium,49.8,BAJA,xgb_lean,0.3098,No usar como apuesta core hasta recalibrar empates.
2026-06-26,Egypt,Iran,h2h,Egypt,,0.2962,3.376,3.545,3.714,3.883,ensemble_1x2,medium,49.8,BAJA,xgb_lean,0.3098,
2026-06-26,Egypt,Iran,h2h,Iran,,0.372,2.688,2.823,2.957,3.091,ensemble_1x2,high,49.8,BAJA,xgb_lean,0.3098,
2026-06-26,Egypt,Iran,team_goals,Egypt Over,0.5,0.6631,1.508,1.583,1.659,1.734,poisson_home_goals,derived,49.8,BAJA,xgb_lean,0.3098,
2026-06-26,Egypt,Iran,team_goals,Egypt Under,0.5,0.3369,2.968,3.117,3.265,3.414,poisson_home_goals,derived,49.8,BAJA,xgb_lean,0.3098,
2026-06-26,Egypt,Iran,team_goals,Iran Over,0.5,0.6849,1.46,1.533,1.606,1.679,poisson_away_goals,derived,49.8,BAJA,xgb_lean,0.3098,
2026-06-26,Egypt,Iran,team_goals,Iran Under,0.5,0.3151,3.174,3.333,3.491,3.65,poisson_away_goals,derived,49.8,BAJA,xgb_lean,0.3098,
2026-06-26,Egypt,Iran,team_goals,Egypt Over,1.5,0.2966,3.372,3.54,3.709,3.878,poisson_home_goals,derived,49.8,BAJA,xgb_lean,0.3098,
2026-06-26,Egypt,Iran,team_goals,Egypt Under,1.5,0.7034,1.422,1.493,1.564,1.635,poisson_home_goals,derived,49.8,BAJA,xgb_lean,0.3098,
2026-06-26,Egypt,Iran,team_goals,Iran Over,1.5,0.3211,3.115,3.271,3.426,3.582,poisson_away_goals,derived,49.8,BAJA,xgb_lean,0.3098,
2026-06-26,Egypt,Iran,team_goals,Iran Under,1.5,0.6789,1.473,1.547,1.62,1.694,poisson_away_goals,derived,49.8,BAJA,xgb_lean,0.3098,
2026-06-26,Egypt,Iran,team_goals,Egypt Over,2.5,0.0972,10.29,10.805,11.319,11.834,poisson_home_goals,derived,49.8,BAJA,xgb_lean,0.3098,
2026-06-26,Egypt,Iran,team_goals,Egypt Under,2.5,0.9028,1.108,1.163,1.218,1.274,poisson_home_goals,derived,49.8,BAJA,xgb_lean,0.3098,
2026-06-26,Egypt,Iran,team_goals,Iran Over,2.5,0.1109,9.017,9.468,9.919,10.369,poisson_away_goals,derived,49.8,BAJA,xgb_lean,0.3098,
2026-06-26,Egypt,Iran,team_goals,Iran Under,2.5,0.8891,1.125,1.181,1.237,1.293,poisson_away_goals,derived,49.8,BAJA,xgb_lean,0.3098,
2026-06-26,Egypt,Iran,total_corners,Over,8.5,0.1841,5.432,5.703,5.975,6.246,poisson_approx_from_expected_corners,low,49.8,BAJA,xgb_lean,0.3098,"Aproximacion: corners tienen sobredispersion; usar como radar, no como apuesta core."
2026-06-26,Egypt,Iran,total_corners,Under,8.5,0.8159,1.226,1.287,1.348,1.409,poisson_approx_from_expected_corners,low,49.8,BAJA,xgb_lean,0.3098,"Aproximacion: corners tienen sobredispersion; usar como radar, no como apuesta core."
2026-06-26,Egypt,Iran,total_corners,Over,9.5,0.1053,9.494,9.969,10.443,10.918,poisson_approx_from_expected_corners,low,49.8,BAJA,xgb_lean,0.3098,"Aproximacion: corners tienen sobredispersion; usar como radar, no como apuesta core."
2026-06-26,Egypt,Iran,total_corners,Under,9.5,0.8947,1.118,1.174,1.23,1.285,poisson_approx_from_expected_corners,low,49.8,BAJA,xgb_lean,0.3098,"Aproximacion: corners tienen sobredispersion; usar como radar, no como apuesta core."
2026-06-26,Egypt,Iran,total_corners,Over,10.5,0.0558,17.927,18.823,19.719,20.616,poisson_approx_from_expected_corners,low,49.8,BAJA,xgb_lean,0.3098,"Aproximacion: corners tienen sobredispersion; usar como radar, no como apuesta core."
2026-06-26,Egypt,Iran,total_corners,Under,10.5,0.9442,1.059,1.112,1.165,1.218,poisson_approx_from_expected_corners,low,49.8,BAJA,xgb_lean,0.3098,"Aproximacion: corners tienen sobredispersion; usar como radar, no como apuesta core."
2026-06-26,Egypt,Iran,total_goals,Over,1.5,0.6558,1.525,1.601,1.677,1.754,poisson_total_goals,high,49.8,BAJA,xgb_lean,0.3098,
2026-06-26,Egypt,Iran,total_goals,Under,1.5,0.3442,2.905,3.05,3.196,3.341,poisson_total_goals,high,49.8,BAJA,xgb_lean,0.3098,
2026-06-26,Egypt,Iran,total_goals,Over,2.5,0.3904,2.561,2.69,2.818,2.946,ensemble_over25,high,49.8,BAJA,xgb_lean,0.3098,
2026-06-26,Egypt,Iran,total_goals,Under,2.5,0.6096,1.64,1.722,1.804,1.886,ensemble_over25,high,49.8,BAJA,xgb_lean,0.3098,
2026-06-26,Egypt,Iran,total_goals,Over,3.5,0.1892,5.286,5.551,5.815,6.079,poisson_total_goals,high,49.8,BAJA,xgb_lean,0.3098,
2026-06-26,Egypt,Iran,total_goals,Under,3.5,0.8108,1.233,1.295,1.357,1.418,poisson_total_goals,high,49.8,BAJA,xgb_lean,0.3098,
2026-06-26,New Zealand,Belgium,btts,No,,0.5498,1.819,1.91,2.001,2.092,ensemble_btts,low,70.2,ALTA,poisson_lean,0.7723,
2026-06-26,New Zealand,Belgium,btts,Yes,,0.4502,2.221,2.332,2.443,2.554,ensemble_btts,low,70.2,ALTA,poisson_lean,0.7723,
2026-06-26,New Zealand,Belgium,clean_sheet,Belgium No,,0.5319,1.88,1.974,2.068,2.162,poisson_opponent_goals_zero,derived,70.2,ALTA,poisson_lean,0.7723,
2026-06-26,New Zealand,Belgium,clean_sheet,Belgium Yes,,0.4681,2.136,2.243,2.35,2.457,poisson_opponent_goals_zero,derived,70.2,ALTA,poisson_lean,0.7723,
2026-06-26,New Zealand,Belgium,clean_sheet,New Zealand No,,0.8892,1.125,1.181,1.237,1.293,poisson_opponent_goals_zero,derived,70.2,ALTA,poisson_lean,0.7723,
2026-06-26,New Zealand,Belgium,clean_sheet,New Zealand Yes,,0.1108,9.025,9.476,9.928,10.379,poisson_opponent_goals_zero,derived,70.2,ALTA,poisson_lean,0.7723,
2026-06-26,New Zealand,Belgium,double_chance,Belgium or Draw,,0.8795,1.137,1.194,1.251,1.308,derived_from_1x2,high,70.2,ALTA,poisson_lean,0.7723,
2026-06-26,New Zealand,Belgium,double_chance,New Zealand or Belgium,,0.8169,1.224,1.285,1.347,1.408,derived_from_1x2,high,70.2,ALTA,poisson_lean,0.7723,
2026-06-26,New Zealand,Belgium,double_chance,New Zealand or Draw,,0.3036,3.294,3.458,3.623,3.788,derived_from_1x2,high,70.2,ALTA,poisson_lean,0.7723,
2026-06-26,New Zealand,Belgium,draw_no_bet,Belgium,,0.8525,1.173,1.232,1.29,1.349,derived_from_1x2,high,70.2,ALTA,poisson_lean,0.7723,Probabilidad condicionada a que no haya empate; empate void.
2026-06-26,New Zealand,Belgium,draw_no_bet,New Zealand,,0.1475,6.779,7.118,7.457,7.796,derived_from_1x2,high,70.2,ALTA,poisson_lean,0.7723,Probabilidad condicionada a que no haya empate; empate void.
2026-06-26,New Zealand,Belgium,h2h,Belgium,,0.6964,1.436,1.508,1.58,1.651,ensemble_1x2,high,70.2,ALTA,poisson_lean,0.7723,
2026-06-26,New Zealand,Belgium,h2h,Draw,,0.1831,5.461,5.735,6.008,6.281,ensemble_1x2,high,70.2,ALTA,poisson_lean,0.7723,No usar como apuesta core hasta recalibrar empates.
2026-06-26,New Zealand,Belgium,h2h,New Zealand,,0.1205,8.299,8.714,9.129,9.544,ensemble_1x2,high,70.2,ALTA,poisson_lean,0.7723,
2026-06-26,New Zealand,Belgium,team_goals,Belgium Over,0.5,0.8892,1.125,1.181,1.237,1.293,poisson_away_goals,derived,70.2,ALTA,poisson_lean,0.7723,
2026-06-26,New Zealand,Belgium,team_goals,Belgium Under,0.5,0.1108,9.025,9.476,9.928,10.379,poisson_away_goals,derived,70.2,ALTA,poisson_lean,0.7723,
2026-06-26,New Zealand,Belgium,team_goals,New Zealand Over,0.5,0.5319,1.88,1.974,2.068,2.162,poisson_home_goals,derived,70.2,ALTA,poisson_lean,0.7723,
2026-06-26,New Zealand,Belgium,team_goals,New Zealand Under,0.5,0.4681,2.136,2.243,2.35,2.457,poisson_home_goals,derived,70.2,ALTA,poisson_lean,0.7723,
2026-06-26,New Zealand,Belgium,team_goals,Belgium Over,1.5,0.6454,1.549,1.627,1.704,1.782,poisson_away_goals,derived,70.2,ALTA,poisson_lean,0.7723,
2026-06-26,New Zealand,Belgium,team_goals,Belgium Under,1.5,0.3546,2.82,2.961,3.102,3.243,poisson_away_goals,derived,70.2,ALTA,poisson_lean,0.7723,
2026-06-26,New Zealand,Belgium,team_goals,New Zealand Over,1.5,0.1766,5.664,5.947,6.23,6.514,poisson_home_goals,derived,70.2,ALTA,poisson_lean,0.7723,
2026-06-26,New Zealand,Belgium,team_goals,New Zealand Under,1.5,0.8234,1.214,1.275,1.336,1.397,poisson_home_goals,derived,70.2,ALTA,poisson_lean,0.7723,
2026-06-26,New Zealand,Belgium,team_goals,Belgium Over,2.5,0.3773,2.651,2.783,2.916,3.048,poisson_away_goals,derived,70.2,ALTA,poisson_lean,0.7723,
2026-06-26,New Zealand,Belgium,team_goals,Belgium Under,2.5,0.6227,1.606,1.686,1.766,1.847,poisson_away_goals,derived,70.2,ALTA,poisson_lean,0.7723,
2026-06-26,New Zealand,Belgium,team_goals,New Zealand Over,2.5,0.0417,23.975,25.174,26.373,27.571,poisson_home_goals,derived,70.2,ALTA,poisson_lean,0.7723,
2026-06-26,New Zealand,Belgium,team_goals,New Zealand Under,2.5,0.9583,1.044,1.096,1.148,1.2,poisson_home_goals,derived,70.2,ALTA,poisson_lean,0.7723,
2026-06-26,New Zealand,Belgium,total_corners,Over,8.5,0.4631,2.159,2.267,2.375,2.483,poisson_approx_from_expected_corners,low,70.2,ALTA,poisson_lean,0.7723,"Aproximacion: corners tienen sobredispersion; usar como radar, no como apuesta core."
2026-06-26,New Zealand,Belgium,total_corners,Under,8.5,0.5369,1.863,1.956,2.049,2.142,poisson_approx_from_expected_corners,low,70.2,ALTA,poisson_lean,0.7723,"Aproximacion: corners tienen sobredispersion; usar como radar, no como apuesta core."
2026-06-26,New Zealand,Belgium,total_corners,Over,9.5,0.3341,2.993,3.143,3.293,3.442,poisson_approx_from_expected_corners,low,70.2,ALTA,poisson_lean,0.7723,"Aproximacion: corners tienen sobredispersion; usar como radar, no como apuesta core."
2026-06-26,New Zealand,Belgium,total_corners,Under,9.5,0.6659,1.502,1.577,1.652,1.727,poisson_approx_from_expected_corners,low,70.2,ALTA,poisson_lean,0.7723,"Aproximacion: corners tienen sobredispersion; usar como radar, no como apuesta core."
2026-06-26,New Zealand,Belgium,total_corners,Over,10.5,0.2257,4.431,4.652,4.874,5.095,poisson_approx_from_expected_corners,low,70.2,ALTA,poisson_lean,0.7723,"Aproximacion: corners tienen sobredispersion; usar como radar, no como apuesta core."
2026-06-26,New Zealand,Belgium,total_corners,Under,10.5,0.7743,1.291,1.356,1.421,1.485,poisson_approx_from_expected_corners,low,70.2,ALTA,poisson_lean,0.7723,"Aproximacion: corners tienen sobredispersion; usar como radar, no como apuesta core."
2026-06-26,New Zealand,Belgium,total_goals,Over,1.5,0.7946,1.258,1.321,1.384,1.447,poisson_total_goals,medium,70.2,ALTA,poisson_lean,0.7723,
2026-06-26,New Zealand,Belgium,total_goals,Under,1.5,0.2054,4.87,5.113,5.357,5.6,poisson_total_goals,medium,70.2,ALTA,poisson_lean,0.7723,
2026-06-26,New Zealand,Belgium,total_goals,Over,2.5,0.55,1.818,1.909,2.0,2.091,ensemble_over25,medium,70.2,ALTA,poisson_lean,0.7723,
2026-06-26,New Zealand,Belgium,total_goals,Under,2.5,0.45,2.222,2.333,2.444,2.556,ensemble_over25,medium,70.2,ALTA,poisson_lean,0.7723,
2026-06-26,New Zealand,Belgium,total_goals,Over,3.5,0.3436,2.911,3.056,3.202,3.347,poisson_total_goals,medium,70.2,ALTA,poisson_lean,0.7723,
2026-06-26,New Zealand,Belgium,total_goals,Under,3.5,0.6564,1.523,1.6,1.676,1.752,poisson_total_goals,medium,70.2,ALTA,poisson_lean,0.7723,
2026-06-26,Norway,France,btts,No,,0.4738,2.111,2.216,2.322,2.427,ensemble_btts,high,86.6,MUY ALTA,blend,0.4548,
2026-06-26,Norway,France,btts,Yes,,0.5262,1.9,1.995,2.09,2.185,ensemble_btts,high,86.6,MUY ALTA,blend,0.4548,
2026-06-26,Norway,France,clean_sheet,France No,,0.6553,1.526,1.602,1.679,1.755,poisson_opponent_goals_zero,derived,86.6,MUY ALTA,blend,0.4548,
2026-06-26,Norway,France,clean_sheet,France Yes,,0.3447,2.901,3.046,3.191,3.336,poisson_opponent_goals_zero,derived,86.6,MUY ALTA,blend,0.4548,
2026-06-26,Norway,France,clean_sheet,Norway No,,0.7685,1.301,1.366,1.431,1.497,poisson_opponent_goals_zero,derived,86.6,MUY ALTA,blend,0.4548,
2026-06-26,Norway,France,clean_sheet,Norway Yes,,0.2315,4.319,4.535,4.751,4.967,poisson_opponent_goals_zero,derived,86.6,MUY ALTA,blend,0.4548,
2026-06-26,Norway,France,double_chance,France or Draw,,0.7221,1.385,1.454,1.523,1.593,derived_from_1x2,high,86.6,MUY ALTA,blend,0.4548,
2026-06-26,Norway,France,double_chance,Norway or Draw,,0.5359,1.866,1.959,2.053,2.146,derived_from_1x2,high,86.6,MUY ALTA,blend,0.4548,
2026-06-26,Norway,France,double_chance,Norway or France,,0.742,1.348,1.415,1.482,1.55,derived_from_1x2,high,86.6,MUY ALTA,blend,0.4548,
2026-06-26,Norway,France,draw_no_bet,France,,0.6255,1.599,1.679,1.759,1.839,derived_from_1x2,high,86.6,MUY ALTA,blend,0.4548,Probabilidad condicionada a que no haya empate; empate void.
2026-06-26,Norway,France,draw_no_bet,Norway,,0.3745,2.67,2.804,2.937,3.071,derived_from_1x2,high,86.6,MUY ALTA,blend,0.4548,Probabilidad condicionada a que no haya empate; empate void.
2026-06-26,Norway,France,h2h,Draw,,0.258,3.876,4.07,4.264,4.457,ensemble_1x2,high,86.6,MUY ALTA,blend,0.4548,No usar como apuesta core hasta recalibrar empates.
2026-06-26,Norway,France,h2h,France,,0.4641,2.155,2.262,2.37,2.478,ensemble_1x2,high,86.6,MUY ALTA,blend,0.4548,
2026-06-26,Norway,France,h2h,Norway,,0.2779,3.598,3.778,3.958,4.138,ensemble_1x2,high,86.6,MUY ALTA,blend,0.4548,
2026-06-26,Norway,France,team_goals,France Over,0.5,0.7685,1.301,1.366,1.431,1.497,poisson_away_goals,derived,86.6,MUY ALTA,blend,0.4548,
2026-06-26,Norway,France,team_goals,France Under,0.5,0.2315,4.319,4.535,4.751,4.967,poisson_away_goals,derived,86.6,MUY ALTA,blend,0.4548,
2026-06-26,Norway,France,team_goals,Norway Over,0.5,0.6553,1.526,1.602,1.679,1.755,poisson_home_goals,derived,86.6,MUY ALTA,blend,0.4548,
2026-06-26,Norway,France,team_goals,Norway Under,0.5,0.3447,2.901,3.046,3.191,3.336,poisson_home_goals,derived,86.6,MUY ALTA,blend,0.4548,
2026-06-26,Norway,France,team_goals,France Over,1.5,0.4297,2.327,2.443,2.56,2.676,poisson_away_goals,derived,86.6,MUY ALTA,blend,0.4548,
2026-06-26,Norway,France,team_goals,France Under,1.5,0.5703,1.754,1.841,1.929,2.017,poisson_away_goals,derived,86.6,MUY ALTA,blend,0.4548,
2026-06-26,Norway,France,team_goals,Norway Over,1.5,0.2881,3.471,3.644,3.818,3.991,poisson_home_goals,derived,86.6,MUY ALTA,blend,0.4548,
2026-06-26,Norway,France,team_goals,Norway Under,1.5,0.7119,1.405,1.475,1.545,1.615,poisson_home_goals,derived,86.6,MUY ALTA,blend,0.4548,
2026-06-26,Norway,France,team_goals,France Over,2.5,0.1819,5.497,5.772,6.046,6.321,poisson_away_goals,derived,86.6,MUY ALTA,blend,0.4548,
2026-06-26,Norway,France,team_goals,France Under,2.5,0.8181,1.222,1.283,1.345,1.406,poisson_away_goals,derived,86.6,MUY ALTA,blend,0.4548,
2026-06-26,Norway,France,team_goals,Norway Over,2.5,0.0926,10.795,11.335,11.874,12.414,poisson_home_goals,derived,86.6,MUY ALTA,blend,0.4548,
2026-06-26,Norway,France,team_goals,Norway Under,2.5,0.9074,1.102,1.157,1.212,1.267,poisson_home_goals,derived,86.6,MUY ALTA,blend,0.4548,
2026-06-26,Norway,France,total_corners,Over,8.5,0.244,4.099,4.304,4.509,4.714,poisson_approx_from_expected_corners,low,86.6,MUY ALTA,blend,0.4548,"Aproximacion: corners tienen sobredispersion; usar como radar, no como apuesta core."
2026-06-26,Norway,France,total_corners,Under,8.5,0.756,1.323,1.389,1.455,1.521,poisson_approx_from_expected_corners,low,86.6,MUY ALTA,blend,0.4548,"Aproximacion: corners tienen sobredispersion; usar como radar, no como apuesta core."
2026-06-26,Norway,France,total_corners,Over,9.5,0.1489,6.718,7.053,7.389,7.725,poisson_approx_from_expected_corners,low,86.6,MUY ALTA,blend,0.4548,"Aproximacion: corners tienen sobredispersion; usar como radar, no como apuesta core."
2026-06-26,Norway,France,total_corners,Under,9.5,0.8511,1.175,1.234,1.292,1.351,poisson_approx_from_expected_corners,low,86.6,MUY ALTA,blend,0.4548,"Aproximacion: corners tienen sobredispersion; usar como radar, no como apuesta core."
2026-06-26,Norway,France,total_corners,Over,10.5,0.0843,11.864,12.457,13.051,13.644,poisson_approx_from_expected_corners,low,86.6,MUY ALTA,blend,0.4548,"Aproximacion: corners tienen sobredispersion; usar como radar, no como apuesta core."
2026-06-26,Norway,France,total_corners,Under,10.5,0.9157,1.092,1.147,1.201,1.256,poisson_approx_from_expected_corners,low,86.6,MUY ALTA,blend,0.4548,"Aproximacion: corners tienen sobredispersion; usar como radar, no como apuesta core."
2026-06-26,Norway,France,total_goals,Over,1.5,0.7184,1.392,1.462,1.531,1.601,poisson_total_goals,high,86.6,MUY ALTA,blend,0.4548,
2026-06-26,Norway,France,total_goals,Under,1.5,0.2816,3.551,3.729,3.906,4.084,poisson_total_goals,high,86.6,MUY ALTA,blend,0.4548,
2026-06-26,Norway,France,total_goals,Over,2.5,0.4644,2.153,2.261,2.369,2.476,ensemble_over25,high,86.6,MUY ALTA,blend,0.4548,
2026-06-26,Norway,France,total_goals,Under,2.5,0.5356,1.867,1.96,2.054,2.147,ensemble_over25,high,86.6,MUY ALTA,blend,0.4548,
2026-06-26,Norway,France,total_goals,Over,3.5,0.2484,4.025,4.227,4.428,4.629,poisson_total_goals,high,86.6,MUY ALTA,blend,0.4548,
2026-06-26,Norway,France,total_goals,Under,3.5,0.7516,1.331,1.397,1.464,1.53,poisson_total_goals,high,86.6,MUY ALTA,blend,0.4548,
2026-06-26,Senegal,Iraq,btts,No,,0.5415,1.847,1.939,2.031,2.124,ensemble_btts,high,38.0,BAJA,blend,0.6572,
2026-06-26,Senegal,Iraq,btts,Yes,,0.4585,2.181,2.29,2.399,2.508,ensemble_btts,high,38.0,BAJA,blend,0.6572,
2026-06-26,Senegal,Iraq,clean_sheet,Iraq No,,0.8021,1.247,1.309,1.371,1.434,poisson_opponent_goals_zero,derived,38.0,BAJA,blend,0.6572,
2026-06-26,Senegal,Iraq,clean_sheet,Iraq Yes,,0.1979,5.053,5.306,5.558,5.811,poisson_opponent_goals_zero,derived,38.0,BAJA,blend,0.6572,
2026-06-26,Senegal,Iraq,clean_sheet,Senegal No,,0.5704,1.753,1.841,1.928,2.016,poisson_opponent_goals_zero,derived,38.0,BAJA,blend,0.6572,
2026-06-26,Senegal,Iraq,clean_sheet,Senegal Yes,,0.4296,2.328,2.444,2.561,2.677,poisson_opponent_goals_zero,derived,38.0,BAJA,blend,0.6572,
2026-06-26,Senegal,Iraq,double_chance,Iraq or Draw,,0.4255,2.35,2.468,2.585,2.703,derived_from_1x2,medium,38.0,BAJA,blend,0.6572,
2026-06-26,Senegal,Iraq,double_chance,Senegal or Draw,,0.8272,1.209,1.269,1.33,1.39,derived_from_1x2,medium,38.0,BAJA,blend,0.6572,
2026-06-26,Senegal,Iraq,double_chance,Senegal or Iraq,,0.7475,1.338,1.405,1.472,1.538,derived_from_1x2,medium,38.0,BAJA,blend,0.6572,
2026-06-26,Senegal,Iraq,draw_no_bet,Iraq,,0.2313,4.323,4.539,4.756,4.972,derived_from_1x2,medium,38.0,BAJA,blend,0.6572,Probabilidad condicionada a que no haya empate; empate void.
2026-06-26,Senegal,Iraq,draw_no_bet,Senegal,,0.7687,1.301,1.366,1.431,1.496,derived_from_1x2,medium,38.0,BAJA,blend,0.6572,Probabilidad condicionada a que no haya empate; empate void.
2026-06-26,Senegal,Iraq,h2h,Draw,,0.2526,3.959,4.157,4.355,4.553,ensemble_1x2,high,38.0,BAJA,blend,0.6572,No usar como apuesta core hasta recalibrar empates.
2026-06-26,Senegal,Iraq,h2h,Iraq,,0.1729,5.784,6.073,6.362,6.651,ensemble_1x2,medium,38.0,BAJA,blend,0.6572,
2026-06-26,Senegal,Iraq,h2h,Senegal,,0.5746,1.74,1.827,1.914,2.001,ensemble_1x2,medium,38.0,BAJA,blend,0.6572,
2026-06-26,Senegal,Iraq,team_goals,Iraq Over,0.5,0.5704,1.753,1.841,1.928,2.016,poisson_away_goals,derived,38.0,BAJA,blend,0.6572,
2026-06-26,Senegal,Iraq,team_goals,Iraq Under,0.5,0.4296,2.328,2.444,2.561,2.677,poisson_away_goals,derived,38.0,BAJA,blend,0.6572,
2026-06-26,Senegal,Iraq,team_goals,Senegal Over,0.5,0.8021,1.247,1.309,1.371,1.434,poisson_home_goals,derived,38.0,BAJA,blend,0.6572,
2026-06-26,Senegal,Iraq,team_goals,Senegal Under,0.5,0.1979,5.053,5.306,5.558,5.811,poisson_home_goals,derived,38.0,BAJA,blend,0.6572,
2026-06-26,Senegal,Iraq,team_goals,Iraq Over,1.5,0.2075,4.82,5.061,5.302,5.543,poisson_away_goals,derived,38.0,BAJA,blend,0.6572,
2026-06-26,Senegal,Iraq,team_goals,Iraq Under,1.5,0.7925,1.262,1.325,1.388,1.451,poisson_away_goals,derived,38.0,BAJA,blend,0.6572,
2026-06-26,Senegal,Iraq,team_goals,Senegal Over,1.5,0.4815,2.077,2.181,2.285,2.388,poisson_home_goals,derived,38.0,BAJA,blend,0.6572,
2026-06-26,Senegal,Iraq,team_goals,Senegal Under,1.5,0.5185,1.929,2.025,2.122,2.218,poisson_home_goals,derived,38.0,BAJA,blend,0.6572,
2026-06-26,Senegal,Iraq,team_goals,Iraq Over,2.5,0.0541,18.481,19.405,20.329,21.253,poisson_away_goals,derived,38.0,BAJA,blend,0.6572,
2026-06-26,Senegal,Iraq,team_goals,Iraq Under,2.5,0.9459,1.057,1.11,1.163,1.216,poisson_away_goals,derived,38.0,BAJA,blend,0.6572,
2026-06-26,Senegal,Iraq,team_goals,Senegal Over,2.5,0.2218,4.508,4.734,4.959,5.184,poisson_home_goals,derived,38.0,BAJA,blend,0.6572,
2026-06-26,Senegal,Iraq,team_goals,Senegal Under,2.5,0.7782,1.285,1.349,1.414,1.478,poisson_home_goals,derived,38.0,BAJA,blend,0.6572,
2026-06-26,Senegal,Iraq,total_corners,Over,8.5,0.434,2.304,2.42,2.535,2.65,poisson_approx_from_expected_corners,low,38.0,BAJA,blend,0.6572,"Aproximacion: corners tienen sobredispersion; usar como radar, no como apuesta core."
2026-06-26,Senegal,Iraq,total_corners,Under,8.5,0.566,1.767,1.855,1.943,2.032,poisson_approx_from_expected_corners,low,38.0,BAJA,blend,0.6572,"Aproximacion: corners tienen sobredispersion; usar como radar, no como apuesta core."
2026-06-26,Senegal,Iraq,total_corners,Over,9.5,0.3072,3.255,3.418,3.581,3.743,poisson_approx_from_expected_corners,low,38.0,BAJA,blend,0.6572,"Aproximacion: corners tienen sobredispersion; usar como radar, no como apuesta core."
2026-06-26,Senegal,Iraq,total_corners,Under,9.5,0.6928,1.443,1.516,1.588,1.66,poisson_approx_from_expected_corners,low,38.0,BAJA,blend,0.6572,"Aproximacion: corners tienen sobredispersion; usar como radar, no como apuesta core."
2026-06-26,Senegal,Iraq,total_corners,Over,10.5,0.2034,4.916,5.162,5.408,5.654,poisson_approx_from_expected_corners,low,38.0,BAJA,blend,0.6572,"Aproximacion: corners tienen sobredispersion; usar como radar, no como apuesta core."
2026-06-26,Senegal,Iraq,total_corners,Under,10.5,0.7966,1.255,1.318,1.381,1.444,poisson_approx_from_expected_corners,low,38.0,BAJA,blend,0.6572,"Aproximacion: corners tienen sobredispersion; usar como radar, no como apuesta core."
2026-06-26,Senegal,Iraq,total_goals,Over,1.5,0.7054,1.418,1.488,1.559,1.63,poisson_total_goals,high,38.0,BAJA,blend,0.6572,
2026-06-26,Senegal,Iraq,total_goals,Under,1.5,0.2946,3.395,3.565,3.734,3.904,poisson_total_goals,high,38.0,BAJA,blend,0.6572,
2026-06-26,Senegal,Iraq,total_goals,Over,2.5,0.4538,2.204,2.314,2.424,2.534,ensemble_over25,high,38.0,BAJA,blend,0.6572,
2026-06-26,Senegal,Iraq,total_goals,Under,2.5,0.5462,1.831,1.922,2.014,2.105,ensemble_over25,high,38.0,BAJA,blend,0.6572,
2026-06-26,Senegal,Iraq,total_goals,Over,3.5,0.235,4.256,4.469,4.681,4.894,poisson_total_goals,high,38.0,BAJA,blend,0.6572,
2026-06-26,Senegal,Iraq,total_goals,Under,3.5,0.765,1.307,1.372,1.438,1.503,poisson_total_goals,high,38.0,BAJA,blend,0.6572,
2026-06-26,Uruguay,Spain,btts,No,,0.5449,1.835,1.927,2.019,2.11,ensemble_btts,medium,55.3,MEDIA,blend,0.5255,
2026-06-26,Uruguay,Spain,btts,Yes,,0.4551,2.197,2.307,2.417,2.527,ensemble_btts,medium,55.3,MEDIA,blend,0.5255,
2026-06-26,Uruguay,Spain,clean_sheet,Spain No,,0.5613,1.781,1.871,1.96,2.049,poisson_opponent_goals_zero,derived,55.3,MEDIA,blend,0.5255,
2026-06-26,Uruguay,Spain,clean_sheet,Spain Yes,,0.4387,2.28,2.394,2.508,2.622,poisson_opponent_goals_zero,derived,55.3,MEDIA,blend,0.5255,
2026-06-26,Uruguay,Spain,clean_sheet,Uruguay No,,0.8723,1.146,1.204,1.261,1.318,poisson_opponent_goals_zero,derived,55.3,MEDIA,blend,0.5255,
2026-06-26,Uruguay,Spain,clean_sheet,Uruguay Yes,,0.1277,7.83,8.222,8.613,9.005,poisson_opponent_goals_zero,derived,55.3,MEDIA,blend,0.5255,
2026-06-26,Uruguay,Spain,double_chance,Spain or Draw,,0.8861,1.129,1.185,1.241,1.298,derived_from_1x2,high,55.3,MEDIA,blend,0.5255,
2026-06-26,Uruguay,Spain,double_chance,Uruguay or Draw,,0.3333,3.0,3.15,3.3,3.45,derived_from_1x2,medium,55.3,MEDIA,blend,0.5255,
2026-06-26,Uruguay,Spain,double_chance,Uruguay or Spain,,0.7806,1.281,1.345,1.409,1.473,derived_from_1x2,medium,55.3,MEDIA,blend,0.5255,
2026-06-26,Uruguay,Spain,draw_no_bet,Spain,,0.8541,1.171,1.229,1.288,1.346,derived_from_1x2,medium,55.3,MEDIA,blend,0.5255,Probabilidad condicionada a que no haya empate; empate void.
2026-06-26,Uruguay,Spain,draw_no_bet,Uruguay,,0.1459,6.853,7.196,7.539,7.881,derived_from_1x2,medium,55.3,MEDIA,blend,0.5255,Probabilidad condicionada a que no haya empate; empate void.
2026-06-26,Uruguay,Spain,h2h,Draw,,0.2194,4.558,4.786,5.014,5.242,ensemble_1x2,high,55.3,MEDIA,blend,0.5255,No usar como apuesta core hasta recalibrar empates.
2026-06-26,Uruguay,Spain,h2h,Spain,,0.6667,1.5,1.575,1.65,1.725,ensemble_1x2,high,55.3,MEDIA,blend,0.5255,
2026-06-26,Uruguay,Spain,h2h,Uruguay,,0.1139,8.78,9.219,9.658,10.097,ensemble_1x2,medium,55.3,MEDIA,blend,0.5255,
2026-06-26,Uruguay,Spain,team_goals,Spain Over,0.5,0.8723,1.146,1.204,1.261,1.318,poisson_away_goals,derived,55.3,MEDIA,blend,0.5255,
2026-06-26,Uruguay,Spain,team_goals,Spain Under,0.5,0.1277,7.83,8.222,8.613,9.005,poisson_away_goals,derived,55.3,MEDIA,blend,0.5255,
2026-06-26,Uruguay,Spain,team_goals,Uruguay Over,0.5,0.5613,1.781,1.871,1.96,2.049,poisson_home_goals,derived,55.3,MEDIA,blend,0.5255,
2026-06-26,Uruguay,Spain,team_goals,Uruguay Under,0.5,0.4387,2.28,2.394,2.508,2.622,poisson_home_goals,derived,55.3,MEDIA,blend,0.5255,
2026-06-26,Uruguay,Spain,team_goals,Spain Over,1.5,0.6095,1.641,1.723,1.805,1.887,poisson_away_goals,derived,55.3,MEDIA,blend,0.5255,
2026-06-26,Uruguay,Spain,team_goals,Spain Under,1.5,0.3905,2.561,2.689,2.817,2.945,poisson_away_goals,derived,55.3,MEDIA,blend,0.5255,
2026-06-26,Uruguay,Spain,team_goals,Uruguay Over,1.5,0.1999,5.004,5.254,5.504,5.754,poisson_home_goals,derived,55.3,MEDIA,blend,0.5255,
2026-06-26,Uruguay,Spain,team_goals,Uruguay Under,1.5,0.8001,1.25,1.312,1.375,1.437,poisson_home_goals,derived,55.3,MEDIA,blend,0.5255,
2026-06-26,Uruguay,Spain,team_goals,Spain Over,2.5,0.339,2.95,3.097,3.245,3.392,poisson_away_goals,derived,55.3,MEDIA,blend,0.5255,
2026-06-26,Uruguay,Spain,team_goals,Spain Under,2.5,0.661,1.513,1.589,1.664,1.74,poisson_away_goals,derived,55.3,MEDIA,blend,0.5255,
2026-06-26,Uruguay,Spain,team_goals,Uruguay Over,2.5,0.0509,19.633,20.614,21.596,22.578,poisson_home_goals,derived,55.3,MEDIA,blend,0.5255,
2026-06-26,Uruguay,Spain,team_goals,Uruguay Under,2.5,0.9491,1.054,1.106,1.159,1.212,poisson_home_goals,derived,55.3,MEDIA,blend,0.5255,
2026-06-26,Uruguay,Spain,total_corners,Over,8.5,0.5056,1.978,2.077,2.176,2.275,poisson_approx_from_expected_corners,low,55.3,MEDIA,blend,0.5255,"Aproximacion: corners tienen sobredispersion; usar como radar, no como apuesta core."
2026-06-26,Uruguay,Spain,total_corners,Under,8.5,0.4944,2.023,2.124,2.225,2.326,poisson_approx_from_expected_corners,low,55.3,MEDIA,blend,0.5255,"Aproximacion: corners tienen sobredispersion; usar como radar, no como apuesta core."
2026-06-26,Uruguay,Spain,total_corners,Over,9.5,0.3744,2.671,2.804,2.938,3.071,poisson_approx_from_expected_corners,low,55.3,MEDIA,blend,0.5255,"Aproximacion: corners tienen sobredispersion; usar como radar, no como apuesta core."
2026-06-26,Uruguay,Spain,total_corners,Under,9.5,0.6256,1.599,1.679,1.758,1.838,poisson_approx_from_expected_corners,low,55.3,MEDIA,blend,0.5255,"Aproximacion: corners tienen sobredispersion; usar como radar, no como apuesta core."
2026-06-26,Uruguay,Spain,total_corners,Over,10.5,0.2602,3.843,4.035,4.227,4.419,poisson_approx_from_expected_corners,low,55.3,MEDIA,blend,0.5255,"Aproximacion: corners tienen sobredispersion; usar como radar, no como apuesta core."
2026-06-26,Uruguay,Spain,total_corners,Under,10.5,0.7398,1.352,1.419,1.487,1.555,poisson_approx_from_expected_corners,low,55.3,MEDIA,blend,0.5255,"Aproximacion: corners tienen sobredispersion; usar como radar, no como apuesta core."
2026-06-26,Uruguay,Spain,total_goals,Over,1.5,0.7825,1.278,1.342,1.406,1.47,poisson_total_goals,low,55.3,MEDIA,blend,0.5255,
2026-06-26,Uruguay,Spain,total_goals,Under,1.5,0.2175,4.598,4.828,5.058,5.288,poisson_total_goals,low,55.3,MEDIA,blend,0.5255,
2026-06-26,Uruguay,Spain,total_goals,Over,2.5,0.4658,2.147,2.254,2.362,2.469,ensemble_over25,low,55.3,MEDIA,blend,0.5255,
2026-06-26,Uruguay,Spain,total_goals,Under,2.5,0.5342,1.872,1.966,2.059,2.153,ensemble_over25,low,55.3,MEDIA,blend,0.5255,
2026-06-26,Uruguay,Spain,total_goals,Over,3.5,0.3264,3.064,3.217,3.371,3.524,poisson_total_goals,low,55.3,MEDIA,blend,0.5255,
2026-06-26,Uruguay,Spain,total_goals,Under,3.5,0.6736,1.484,1.559,1.633,1.707,poisson_total_goals,low,55.3,MEDIA,blend,0.5255,
2026-06-27,Algeria,Austria,btts,No,,0.4975,2.01,2.111,2.211,2.312,ensemble_btts,high,71.9,ALTA,xgb_lean,0.25,
2026-06-27,Algeria,Austria,btts,Yes,,0.5025,1.99,2.09,2.189,2.289,ensemble_btts,high,71.9,ALTA,xgb_lean,0.25,
2026-06-27,Algeria,Austria,clean_sheet,Algeria No,,0.7682,1.302,1.367,1.432,1.497,poisson_opponent_goals_zero,derived,71.9,ALTA,xgb_lean,0.25,
2026-06-27,Algeria,Austria,clean_sheet,Algeria Yes,,0.2318,4.315,4.53,4.746,4.962,poisson_opponent_goals_zero,derived,71.9,ALTA,xgb_lean,0.25,
2026-06-27,Algeria,Austria,clean_sheet,Austria No,,0.697,1.435,1.506,1.578,1.65,poisson_opponent_goals_zero,derived,71.9,ALTA,xgb_lean,0.25,
2026-06-27,Algeria,Austria,clean_sheet,Austria Yes,,0.303,3.3,3.465,3.63,3.795,poisson_opponent_goals_zero,derived,71.9,ALTA,xgb_lean,0.25,
2026-06-27,Algeria,Austria,double_chance,Algeria or Austria,,0.6891,1.451,1.524,1.596,1.669,derived_from_1x2,medium,71.9,ALTA,xgb_lean,0.25,
2026-06-27,Algeria,Austria,double_chance,Algeria or Draw,,0.5775,1.732,1.818,1.905,1.991,derived_from_1x2,medium,71.9,ALTA,xgb_lean,0.25,
2026-06-27,Algeria,Austria,double_chance,Austria or Draw,,0.7334,1.364,1.432,1.5,1.568,derived_from_1x2,medium,71.9,ALTA,xgb_lean,0.25,
2026-06-27,Algeria,Austria,draw_no_bet,Algeria,,0.3869,2.585,2.714,2.843,2.972,derived_from_1x2,medium,71.9,ALTA,xgb_lean,0.25,Probabilidad condicionada a que no haya empate; empate void.
2026-06-27,Algeria,Austria,draw_no_bet,Austria,,0.6131,1.631,1.713,1.794,1.876,derived_from_1x2,medium,71.9,ALTA,xgb_lean,0.25,Probabilidad condicionada a que no haya empate; empate void.
2026-06-27,Algeria,Austria,h2h,Algeria,,0.2666,3.751,3.938,4.126,4.314,ensemble_1x2,medium,71.9,ALTA,xgb_lean,0.25,
2026-06-27,Algeria,Austria,h2h,Austria,,0.4225,2.367,2.485,2.604,2.722,ensemble_1x2,high,71.9,ALTA,xgb_lean,0.25,
2026-06-27,Algeria,Austria,h2h,Draw,,0.3109,3.216,3.377,3.538,3.699,ensemble_1x2,medium,71.9,ALTA,xgb_lean,0.25,No usar como apuesta core hasta recalibrar empates.
2026-06-27,Algeria,Austria,team_goals,Algeria Over,0.5,0.697,1.435,1.506,1.578,1.65,poisson_home_goals,derived,71.9,ALTA,xgb_lean,0.25,
2026-06-27,Algeria,Austria,team_goals,Algeria Under,0.5,0.303,3.3,3.465,3.63,3.795,poisson_home_goals,derived,71.9,ALTA,xgb_lean,0.25,
2026-06-27,Algeria,Austria,team_goals,Austria Over,0.5,0.7682,1.302,1.367,1.432,1.497,poisson_away_goals,derived,71.9,ALTA,xgb_lean,0.25,
2026-06-27,Algeria,Austria,team_goals,Austria Under,0.5,0.2318,4.315,4.53,4.746,4.962,poisson_away_goals,derived,71.9,ALTA,xgb_lean,0.25,
2026-06-27,Algeria,Austria,team_goals,Algeria Over,1.5,0.3352,2.983,3.132,3.282,3.431,poisson_home_goals,derived,71.9,ALTA,xgb_lean,0.25,
2026-06-27,Algeria,Austria,team_goals,Algeria Under,1.5,0.6648,1.504,1.579,1.655,1.73,poisson_home_goals,derived,71.9,ALTA,xgb_lean,0.25,
2026-06-27,Algeria,Austria,team_goals,Austria Over,1.5,0.4294,2.329,2.445,2.562,2.678,poisson_away_goals,derived,71.9,ALTA,xgb_lean,0.25,
2026-06-27,Algeria,Austria,team_goals,Austria Under,1.5,0.5706,1.752,1.84,1.928,2.015,poisson_away_goals,derived,71.9,ALTA,xgb_lean,0.25,
2026-06-27,Algeria,Austria,team_goals,Algeria Over,2.5,0.1192,8.388,8.808,9.227,9.646,poisson_home_goals,derived,71.9,ALTA,xgb_lean,0.25,
2026-06-27,Algeria,Austria,team_goals,Algeria Under,2.5,0.8808,1.135,1.192,1.249,1.306,poisson_home_goals,derived,71.9,ALTA,xgb_lean,0.25,
2026-06-27,Algeria,Austria,team_goals,Austria Over,2.5,0.1817,5.504,5.78,6.055,6.33,poisson_away_goals,derived,71.9,ALTA,xgb_lean,0.25,
2026-06-27,Algeria,Austria,team_goals,Austria Under,2.5,0.8183,1.222,1.283,1.344,1.405,poisson_away_goals,derived,71.9,ALTA,xgb_lean,0.25,
2026-06-27,Algeria,Austria,total_corners,Over,8.5,0.3782,2.644,2.777,2.909,3.041,poisson_approx_from_expected_corners,low,71.9,ALTA,xgb_lean,0.25,"Aproximacion: corners tienen sobredispersion; usar como radar, no como apuesta core."
2026-06-27,Algeria,Austria,total_corners,Under,8.5,0.6218,1.608,1.689,1.769,1.849,poisson_approx_from_expected_corners,low,71.9,ALTA,xgb_lean,0.25,"Aproximacion: corners tienen sobredispersion; usar como radar, no como apuesta core."
2026-06-27,Algeria,Austria,total_corners,Over,9.5,0.2577,3.881,4.075,4.269,4.463,poisson_approx_from_expected_corners,low,71.9,ALTA,xgb_lean,0.25,"Aproximacion: corners tienen sobredispersion; usar como radar, no como apuesta core."
2026-06-27,Algeria,Austria,total_corners,Under,9.5,0.7423,1.347,1.414,1.482,1.549,poisson_approx_from_expected_corners,low,71.9,ALTA,xgb_lean,0.25,"Aproximacion: corners tienen sobredispersion; usar como radar, no como apuesta core."
2026-06-27,Algeria,Austria,total_corners,Over,10.5,0.1638,6.104,6.409,6.714,7.019,poisson_approx_from_expected_corners,low,71.9,ALTA,xgb_lean,0.25,"Aproximacion: corners tienen sobredispersion; usar como radar, no como apuesta core."
2026-06-27,Algeria,Austria,total_corners,Under,10.5,0.8362,1.196,1.256,1.316,1.375,poisson_approx_from_expected_corners,low,71.9,ALTA,xgb_lean,0.25,"Aproximacion: corners tienen sobredispersion; usar como radar, no como apuesta core."
2026-06-27,Algeria,Austria,total_goals,Over,1.5,0.7432,1.345,1.413,1.48,1.547,poisson_total_goals,low,71.9,ALTA,xgb_lean,0.25,
2026-06-27,Algeria,Austria,total_goals,Under,1.5,0.2568,3.895,4.089,4.284,4.479,poisson_total_goals,low,71.9,ALTA,xgb_lean,0.25,
2026-06-27,Algeria,Austria,total_goals,Over,2.5,0.4188,2.388,2.507,2.627,2.746,ensemble_over25,low,71.9,ALTA,xgb_lean,0.25,
2026-06-27,Algeria,Austria,total_goals,Under,2.5,0.5812,1.721,1.807,1.893,1.979,ensemble_over25,low,71.9,ALTA,xgb_lean,0.25,
2026-06-27,Algeria,Austria,total_goals,Over,3.5,0.2762,3.62,3.801,3.982,4.163,poisson_total_goals,low,71.9,ALTA,xgb_lean,0.25,
2026-06-27,Algeria,Austria,total_goals,Under,3.5,0.7238,1.382,1.451,1.52,1.589,poisson_total_goals,low,71.9,ALTA,xgb_lean,0.25,
2026-06-27,Colombia,Portugal,btts,No,,0.4767,2.098,2.203,2.308,2.412,ensemble_btts,high,78.3,ALTA,xgb_lean,0.3044,
2026-06-27,Colombia,Portugal,btts,Yes,,0.5233,1.911,2.006,2.102,2.198,ensemble_btts,high,78.3,ALTA,xgb_lean,0.3044,
2026-06-27,Colombia,Portugal,clean_sheet,Colombia No,,0.759,1.318,1.383,1.449,1.515,poisson_opponent_goals_zero,derived,78.3,ALTA,xgb_lean,0.3044,
2026-06-27,Colombia,Portugal,clean_sheet,Colombia Yes,,0.241,4.15,4.357,4.565,4.772,poisson_opponent_goals_zero,derived,78.3,ALTA,xgb_lean,0.3044,
2026-06-27,Colombia,Portugal,clean_sheet,Portugal No,,0.7071,1.414,1.485,1.556,1.626,poisson_opponent_goals_zero,derived,78.3,ALTA,xgb_lean,0.3044,
2026-06-27,Colombia,Portugal,clean_sheet,Portugal Yes,,0.2929,3.414,3.585,3.756,3.927,poisson_opponent_goals_zero,derived,78.3,ALTA,xgb_lean,0.3044,
2026-06-27,Colombia,Portugal,double_chance,Colombia or Draw,,0.6184,1.617,1.698,1.779,1.86,derived_from_1x2,medium,78.3,ALTA,xgb_lean,0.3044,
2026-06-27,Colombia,Portugal,double_chance,Colombia or Portugal,,0.7039,1.421,1.492,1.563,1.634,derived_from_1x2,high,78.3,ALTA,xgb_lean,0.3044,
2026-06-27,Colombia,Portugal,double_chance,Portugal or Draw,,0.6777,1.476,1.549,1.623,1.697,derived_from_1x2,medium,78.3,ALTA,xgb_lean,0.3044,
2026-06-27,Colombia,Portugal,draw_no_bet,Colombia,,0.4579,2.184,2.293,2.402,2.512,derived_from_1x2,high,78.3,ALTA,xgb_lean,0.3044,Probabilidad condicionada a que no haya empate; empate void.
2026-06-27,Colombia,Portugal,draw_no_bet,Portugal,,0.5421,1.845,1.937,2.029,2.121,derived_from_1x2,high,78.3,ALTA,xgb_lean,0.3044,Probabilidad condicionada a que no haya empate; empate void.
2026-06-27,Colombia,Portugal,h2h,Colombia,,0.3223,3.103,3.258,3.413,3.568,ensemble_1x2,high,78.3,ALTA,xgb_lean,0.3044,
2026-06-27,Colombia,Portugal,h2h,Draw,,0.2961,3.377,3.546,3.715,3.884,ensemble_1x2,medium,78.3,ALTA,xgb_lean,0.3044,No usar como apuesta core hasta recalibrar empates.
2026-06-27,Colombia,Portugal,h2h,Portugal,,0.3816,2.621,2.752,2.883,3.014,ensemble_1x2,high,78.3,ALTA,xgb_lean,0.3044,
2026-06-27,Colombia,Portugal,team_goals,Colombia Over,0.5,0.7071,1.414,1.485,1.556,1.626,poisson_home_goals,derived,78.3,ALTA,xgb_lean,0.3044,
2026-06-27,Colombia,Portugal,team_goals,Colombia Under,0.5,0.2929,3.414,3.585,3.756,3.927,poisson_home_goals,derived,78.3,ALTA,xgb_lean,0.3044,
2026-06-27,Colombia,Portugal,team_goals,Portugal Over,0.5,0.759,1.318,1.383,1.449,1.515,poisson_away_goals,derived,78.3,ALTA,xgb_lean,0.3044,
2026-06-27,Colombia,Portugal,team_goals,Portugal Under,0.5,0.241,4.15,4.357,4.565,4.772,poisson_away_goals,derived,78.3,ALTA,xgb_lean,0.3044,
2026-06-27,Colombia,Portugal,team_goals,Colombia Over,1.5,0.3475,2.878,3.022,3.166,3.31,poisson_home_goals,derived,78.3,ALTA,xgb_lean,0.3044,
2026-06-27,Colombia,Portugal,team_goals,Colombia Under,1.5,0.6525,1.532,1.609,1.686,1.762,poisson_home_goals,derived,78.3,ALTA,xgb_lean,0.3044,
2026-06-27,Colombia,Portugal,team_goals,Portugal Over,1.5,0.4161,2.403,2.524,2.644,2.764,poisson_away_goals,derived,78.3,ALTA,xgb_lean,0.3044,
2026-06-27,Colombia,Portugal,team_goals,Portugal Under,1.5,0.5839,1.713,1.798,1.884,1.969,poisson_away_goals,derived,78.3,ALTA,xgb_lean,0.3044,
2026-06-27,Colombia,Portugal,team_goals,Colombia Over,2.5,0.1266,7.896,8.291,8.686,9.081,poisson_home_goals,derived,78.3,ALTA,xgb_lean,0.3044,
2026-06-27,Colombia,Portugal,team_goals,Colombia Under,2.5,0.8734,1.145,1.202,1.26,1.317,poisson_home_goals,derived,78.3,ALTA,xgb_lean,0.3044,
2026-06-27,Colombia,Portugal,team_goals,Portugal Over,2.5,0.1721,5.811,6.102,6.392,6.683,poisson_away_goals,derived,78.3,ALTA,xgb_lean,0.3044,
2026-06-27,Colombia,Portugal,team_goals,Portugal Under,2.5,0.8279,1.208,1.268,1.329,1.389,poisson_away_goals,derived,78.3,ALTA,xgb_lean,0.3044,
2026-06-27,Colombia,Portugal,total_corners,Over,8.5,0.6592,1.517,1.593,1.669,1.744,poisson_approx_from_expected_corners,low,78.3,ALTA,xgb_lean,0.3044,"Aproximacion: corners tienen sobredispersion; usar como radar, no como apuesta core."
2026-06-27,Colombia,Portugal,total_corners,Under,8.5,0.3408,2.935,3.081,3.228,3.375,poisson_approx_from_expected_corners,low,78.3,ALTA,xgb_lean,0.3044,"Aproximacion: corners tienen sobredispersion; usar como radar, no como apuesta core."
2026-06-27,Colombia,Portugal,total_corners,Over,9.5,0.5333,1.875,1.969,2.063,2.156,poisson_approx_from_expected_corners,low,78.3,ALTA,xgb_lean,0.3044,"Aproximacion: corners tienen sobredispersion; usar como radar, no como apuesta core."
2026-06-27,Colombia,Portugal,total_corners,Under,9.5,0.4667,2.143,2.25,2.357,2.464,poisson_approx_from_expected_corners,low,78.3,ALTA,xgb_lean,0.3044,"Aproximacion: corners tienen sobredispersion; usar como radar, no como apuesta core."
2026-06-27,Colombia,Portugal,total_corners,Over,10.5,0.4082,2.45,2.572,2.695,2.817,poisson_approx_from_expected_corners,low,78.3,ALTA,xgb_lean,0.3044,"Aproximacion: corners tienen sobredispersion; usar como radar, no como apuesta core."
2026-06-27,Colombia,Portugal,total_corners,Under,10.5,0.5918,1.69,1.774,1.859,1.943,poisson_approx_from_expected_corners,low,78.3,ALTA,xgb_lean,0.3044,"Aproximacion: corners tienen sobredispersion; usar como radar, no como apuesta core."
2026-06-27,Colombia,Portugal,total_goals,Over,1.5,0.7423,1.347,1.415,1.482,1.549,poisson_total_goals,high,78.3,ALTA,xgb_lean,0.3044,
2026-06-27,Colombia,Portugal,total_goals,Under,1.5,0.2577,3.881,4.075,4.269,4.463,poisson_total_goals,high,78.3,ALTA,xgb_lean,0.3044,
2026-06-27,Colombia,Portugal,total_goals,Over,2.5,0.4791,2.087,2.192,2.296,2.4,ensemble_over25,high,78.3,ALTA,xgb_lean,0.3044,
2026-06-27,Colombia,Portugal,total_goals,Under,2.5,0.5209,1.92,2.016,2.112,2.208,ensemble_over25,high,78.3,ALTA,xgb_lean,0.3044,
2026-06-27,Colombia,Portugal,total_goals,Over,3.5,0.2751,3.635,3.816,3.998,4.18,poisson_total_goals,high,78.3,ALTA,xgb_lean,0.3044,
2026-06-27,Colombia,Portugal,total_goals,Under,3.5,0.7249,1.38,1.449,1.518,1.587,poisson_total_goals,high,78.3,ALTA,xgb_lean,0.3044,
2026-06-27,Croatia,Ghana,btts,No,,0.5535,1.807,1.897,1.987,2.078,ensemble_btts,high,53.7,MEDIA,blend,0.3769,
2026-06-27,Croatia,Ghana,btts,Yes,,0.4465,2.24,2.352,2.464,2.576,ensemble_btts,high,53.7,MEDIA,blend,0.3769,
2026-06-27,Croatia,Ghana,clean_sheet,Croatia No,,0.5029,1.988,2.088,2.187,2.287,poisson_opponent_goals_zero,derived,53.7,MEDIA,blend,0.3769,
2026-06-27,Croatia,Ghana,clean_sheet,Croatia Yes,,0.4971,2.012,2.112,2.213,2.314,poisson_opponent_goals_zero,derived,53.7,MEDIA,blend,0.3769,
2026-06-27,Croatia,Ghana,clean_sheet,Ghana No,,0.8681,1.152,1.209,1.267,1.325,poisson_opponent_goals_zero,derived,53.7,MEDIA,blend,0.3769,
2026-06-27,Croatia,Ghana,clean_sheet,Ghana Yes,,0.1319,7.584,7.963,8.342,8.721,poisson_opponent_goals_zero,derived,53.7,MEDIA,blend,0.3769,
2026-06-27,Croatia,Ghana,double_chance,Croatia or Draw,,0.8943,1.118,1.174,1.23,1.286,derived_from_1x2,medium,53.7,MEDIA,blend,0.3769,
2026-06-27,Croatia,Ghana,double_chance,Croatia or Ghana,,0.8379,1.193,1.253,1.313,1.372,derived_from_1x2,medium,53.7,MEDIA,blend,0.3769,
2026-06-27,Croatia,Ghana,double_chance,Ghana or Draw,,0.2678,3.734,3.921,4.108,4.294,derived_from_1x2,medium,53.7,MEDIA,blend,0.3769,
2026-06-27,Croatia,Ghana,draw_no_bet,Croatia,,0.8739,1.144,1.202,1.259,1.316,derived_from_1x2,medium,53.7,MEDIA,blend,0.3769,Probabilidad condicionada a que no haya empate; empate void.
2026-06-27,Croatia,Ghana,draw_no_bet,Ghana,,0.1261,7.927,8.324,8.72,9.116,derived_from_1x2,medium,53.7,MEDIA,blend,0.3769,Probabilidad condicionada a que no haya empate; empate void.
2026-06-27,Croatia,Ghana,h2h,Croatia,,0.7322,1.366,1.434,1.502,1.571,ensemble_1x2,medium,53.7,MEDIA,blend,0.3769,
2026-06-27,Croatia,Ghana,h2h,Draw,,0.1621,6.169,6.477,6.786,7.094,ensemble_1x2,medium,53.7,MEDIA,blend,0.3769,No usar como apuesta core hasta recalibrar empates.
2026-06-27,Croatia,Ghana,h2h,Ghana,,0.1057,9.461,9.934,10.407,10.88,ensemble_1x2,high,53.7,MEDIA,blend,0.3769,
2026-06-27,Croatia,Ghana,team_goals,Croatia Over,0.5,0.8681,1.152,1.209,1.267,1.325,poisson_home_goals,derived,53.7,MEDIA,blend,0.3769,
2026-06-27,Croatia,Ghana,team_goals,Croatia Under,0.5,0.1319,7.584,7.963,8.342,8.721,poisson_home_goals,derived,53.7,MEDIA,blend,0.3769,
2026-06-27,Croatia,Ghana,team_goals,Ghana Over,0.5,0.5029,1.988,2.088,2.187,2.287,poisson_away_goals,derived,53.7,MEDIA,blend,0.3769,
2026-06-27,Croatia,Ghana,team_goals,Ghana Under,0.5,0.4971,2.012,2.112,2.213,2.314,poisson_away_goals,derived,53.7,MEDIA,blend,0.3769,
2026-06-27,Croatia,Ghana,team_goals,Croatia Over,1.5,0.601,1.664,1.747,1.83,1.914,poisson_home_goals,derived,53.7,MEDIA,blend,0.3769,
2026-06-27,Croatia,Ghana,team_goals,Croatia Under,1.5,0.399,2.506,2.631,2.757,2.882,poisson_home_goals,derived,53.7,MEDIA,blend,0.3769,
2026-06-27,Croatia,Ghana,team_goals,Ghana Over,1.5,0.1555,6.433,6.754,7.076,7.398,poisson_away_goals,derived,53.7,MEDIA,blend,0.3769,
2026-06-27,Croatia,Ghana,team_goals,Ghana Under,1.5,0.8445,1.184,1.243,1.302,1.362,poisson_away_goals,derived,53.7,MEDIA,blend,0.3769,
2026-06-27,Croatia,Ghana,team_goals,Croatia Over,2.5,0.3304,3.027,3.178,3.33,3.481,poisson_home_goals,derived,53.7,MEDIA,blend,0.3769,
2026-06-27,Croatia,Ghana,team_goals,Croatia Under,2.5,0.6696,1.493,1.568,1.643,1.717,poisson_home_goals,derived,53.7,MEDIA,blend,0.3769,
2026-06-27,Croatia,Ghana,team_goals,Ghana Over,2.5,0.034,29.394,30.864,32.334,33.804,poisson_away_goals,derived,53.7,MEDIA,blend,0.3769,
2026-06-27,Croatia,Ghana,team_goals,Ghana Under,2.5,0.966,1.035,1.087,1.139,1.191,poisson_away_goals,derived,53.7,MEDIA,blend,0.3769,
2026-06-27,Croatia,Ghana,total_corners,Over,8.5,0.56,1.786,1.875,1.964,2.053,poisson_approx_from_expected_corners,low,53.7,MEDIA,blend,0.3769,"Aproximacion: corners tienen sobredispersion; usar como radar, no como apuesta core."
2026-06-27,Croatia,Ghana,total_corners,Under,8.5,0.44,2.273,2.387,2.5,2.614,poisson_approx_from_expected_corners,low,53.7,MEDIA,blend,0.3769,"Aproximacion: corners tienen sobredispersion; usar como radar, no como apuesta core."
2026-06-27,Croatia,Ghana,total_corners,Over,9.5,0.4284,2.334,2.451,2.568,2.684,poisson_approx_from_expected_corners,low,53.7,MEDIA,blend,0.3769,"Aproximacion: corners tienen sobredispersion; usar como radar, no como apuesta core."
2026-06-27,Croatia,Ghana,total_corners,Under,9.5,0.5716,1.749,1.837,1.924,2.012,poisson_approx_from_expected_corners,low,53.7,MEDIA,blend,0.3769,"Aproximacion: corners tienen sobredispersion; usar como radar, no como apuesta core."
2026-06-27,Croatia,Ghana,total_corners,Over,10.5,0.3083,3.243,3.405,3.568,3.73,poisson_approx_from_expected_corners,low,53.7,MEDIA,blend,0.3769,"Aproximacion: corners tienen sobredispersion; usar como radar, no como apuesta core."
2026-06-27,Croatia,Ghana,total_corners,Under,10.5,0.6917,1.446,1.518,1.59,1.663,poisson_approx_from_expected_corners,low,53.7,MEDIA,blend,0.3769,"Aproximacion: corners tienen sobredispersion; usar como radar, no como apuesta core."
2026-06-27,Croatia,Ghana,total_goals,Over,1.5,0.7558,1.323,1.389,1.455,1.521,poisson_total_goals,high,53.7,MEDIA,blend,0.3769,
2026-06-27,Croatia,Ghana,total_goals,Under,1.5,0.2442,4.096,4.3,4.505,4.71,poisson_total_goals,high,53.7,MEDIA,blend,0.3769,
2026-06-27,Croatia,Ghana,total_goals,Over,2.5,0.5256,1.903,1.998,2.093,2.188,ensemble_over25,high,53.7,MEDIA,blend,0.3769,
2026-06-27,Croatia,Ghana,total_goals,Under,2.5,0.4744,2.108,2.213,2.319,2.424,ensemble_over25,high,53.7,MEDIA,blend,0.3769,
2026-06-27,Croatia,Ghana,total_goals,Over,3.5,0.2914,3.431,3.603,3.775,3.946,poisson_total_goals,high,53.7,MEDIA,blend,0.3769,
2026-06-27,Croatia,Ghana,total_goals,Under,3.5,0.7086,1.411,1.482,1.552,1.623,poisson_total_goals,high,53.7,MEDIA,blend,0.3769,
2026-06-27,DR Congo,Uzbekistan,btts,No,,0.5359,1.866,1.959,2.053,2.146,ensemble_btts,high,37.6,BAJA,xgb_lean,0.25,
2026-06-27,DR Congo,Uzbekistan,btts,Yes,,0.4641,2.155,2.262,2.37,2.478,ensemble_btts,high,37.6,BAJA,xgb_lean,0.25,
2026-06-27,DR Congo,Uzbekistan,clean_sheet,DR Congo No,,0.6985,1.432,1.503,1.575,1.646,poisson_opponent_goals_zero,derived,37.6,BAJA,xgb_lean,0.25,
2026-06-27,DR Congo,Uzbekistan,clean_sheet,DR Congo Yes,,0.3015,3.317,3.483,3.648,3.814,poisson_opponent_goals_zero,derived,37.6,BAJA,xgb_lean,0.25,
2026-06-27,DR Congo,Uzbekistan,clean_sheet,Uzbekistan No,,0.6943,1.44,1.512,1.584,1.656,poisson_opponent_goals_zero,derived,37.6,BAJA,xgb_lean,0.25,
2026-06-27,DR Congo,Uzbekistan,clean_sheet,Uzbekistan Yes,,0.3057,3.271,3.434,3.598,3.761,poisson_opponent_goals_zero,derived,37.6,BAJA,xgb_lean,0.25,
2026-06-27,DR Congo,Uzbekistan,double_chance,DR Congo or Draw,,0.7187,1.391,1.461,1.531,1.6,derived_from_1x2,low,37.6,BAJA,xgb_lean,0.25,
2026-06-27,DR Congo,Uzbekistan,double_chance,DR Congo or Uzbekistan,,0.6187,1.616,1.697,1.778,1.859,derived_from_1x2,low,37.6,BAJA,xgb_lean,0.25,
2026-06-27,DR Congo,Uzbekistan,double_chance,Uzbekistan or Draw,,0.6628,1.509,1.584,1.66,1.735,derived_from_1x2,low,37.6,BAJA,xgb_lean,0.25,
2026-06-27,DR Congo,Uzbekistan,draw_no_bet,DR Congo,,0.5452,1.834,1.926,2.018,2.109,derived_from_1x2,low,37.6,BAJA,xgb_lean,0.25,Probabilidad condicionada a que no haya empate; empate void.
2026-06-27,DR Congo,Uzbekistan,draw_no_bet,Uzbekistan,,0.4548,2.199,2.309,2.419,2.528,derived_from_1x2,low,37.6,BAJA,xgb_lean,0.25,Probabilidad condicionada a que no haya empate; empate void.
2026-06-27,DR Congo,Uzbekistan,h2h,DR Congo,,0.3373,2.965,3.113,3.261,3.409,ensemble_1x2,high,37.6,BAJA,xgb_lean,0.25,
2026-06-27,DR Congo,Uzbekistan,h2h,Draw,,0.3814,2.622,2.753,2.884,3.015,ensemble_1x2,low,37.6,BAJA,xgb_lean,0.25,No usar como apuesta core hasta recalibrar empates.
2026-06-27,DR Congo,Uzbekistan,h2h,Uzbekistan,,0.2814,3.554,3.731,3.909,4.087,ensemble_1x2,low,37.6,BAJA,xgb_lean,0.25,
2026-06-27,DR Congo,Uzbekistan,team_goals,DR Congo Over,0.5,0.6943,1.44,1.512,1.584,1.656,poisson_home_goals,derived,37.6,BAJA,xgb_lean,0.25,
2026-06-27,DR Congo,Uzbekistan,team_goals,DR Congo Under,0.5,0.3057,3.271,3.434,3.598,3.761,poisson_home_goals,derived,37.6,BAJA,xgb_lean,0.25,
2026-06-27,DR Congo,Uzbekistan,team_goals,Uzbekistan Over,0.5,0.6985,1.432,1.503,1.575,1.646,poisson_away_goals,derived,37.6,BAJA,xgb_lean,0.25,
2026-06-27,DR Congo,Uzbekistan,team_goals,Uzbekistan Under,0.5,0.3015,3.317,3.483,3.648,3.814,poisson_away_goals,derived,37.6,BAJA,xgb_lean,0.25,
2026-06-27,DR Congo,Uzbekistan,team_goals,DR Congo Over,1.5,0.3319,3.013,3.163,3.314,3.464,poisson_home_goals,derived,37.6,BAJA,xgb_lean,0.25,
2026-06-27,DR Congo,Uzbekistan,team_goals,DR Congo Under,1.5,0.6681,1.497,1.572,1.647,1.721,poisson_home_goals,derived,37.6,BAJA,xgb_lean,0.25,
2026-06-27,DR Congo,Uzbekistan,team_goals,Uzbekistan Over,1.5,0.337,2.967,3.116,3.264,3.412,poisson_away_goals,derived,37.6,BAJA,xgb_lean,0.25,
2026-06-27,DR Congo,Uzbekistan,team_goals,Uzbekistan Under,1.5,0.663,1.508,1.584,1.659,1.735,poisson_away_goals,derived,37.6,BAJA,xgb_lean,0.25,
2026-06-27,DR Congo,Uzbekistan,team_goals,DR Congo Over,2.5,0.1173,8.527,8.953,9.38,9.806,poisson_home_goals,derived,37.6,BAJA,xgb_lean,0.25,
2026-06-27,DR Congo,Uzbekistan,team_goals,DR Congo Under,2.5,0.8827,1.133,1.19,1.246,1.303,poisson_home_goals,derived,37.6,BAJA,xgb_lean,0.25,
2026-06-27,DR Congo,Uzbekistan,team_goals,Uzbekistan Over,2.5,0.1203,8.313,8.728,9.144,9.56,poisson_away_goals,derived,37.6,BAJA,xgb_lean,0.25,
2026-06-27,DR Congo,Uzbekistan,team_goals,Uzbekistan Under,2.5,0.8797,1.137,1.194,1.25,1.307,poisson_away_goals,derived,37.6,BAJA,xgb_lean,0.25,
2026-06-27,DR Congo,Uzbekistan,total_corners,Over,8.5,0.3851,2.597,2.726,2.856,2.986,poisson_approx_from_expected_corners,low,37.6,BAJA,xgb_lean,0.25,"Aproximacion: corners tienen sobredispersion; usar como radar, no como apuesta core."
2026-06-27,DR Congo,Uzbekistan,total_corners,Under,8.5,0.6149,1.626,1.708,1.789,1.87,poisson_approx_from_expected_corners,low,37.6,BAJA,xgb_lean,0.25,"Aproximacion: corners tienen sobredispersion; usar como radar, no como apuesta core."
2026-06-27,DR Congo,Uzbekistan,total_corners,Over,9.5,0.2637,3.792,3.981,4.171,4.36,poisson_approx_from_expected_corners,low,37.6,BAJA,xgb_lean,0.25,"Aproximacion: corners tienen sobredispersion; usar como radar, no como apuesta core."
2026-06-27,DR Congo,Uzbekistan,total_corners,Under,9.5,0.7363,1.358,1.426,1.494,1.562,poisson_approx_from_expected_corners,low,37.6,BAJA,xgb_lean,0.25,"Aproximacion: corners tienen sobredispersion; usar como radar, no como apuesta core."
2026-06-27,DR Congo,Uzbekistan,total_corners,Over,10.5,0.1686,5.933,6.229,6.526,6.823,poisson_approx_from_expected_corners,low,37.6,BAJA,xgb_lean,0.25,"Aproximacion: corners tienen sobredispersion; usar como radar, no como apuesta core."
2026-06-27,DR Congo,Uzbekistan,total_corners,Under,10.5,0.8314,1.203,1.263,1.323,1.383,poisson_approx_from_expected_corners,low,37.6,BAJA,xgb_lean,0.25,"Aproximacion: corners tienen sobredispersion; usar como radar, no como apuesta core."
2026-06-27,DR Congo,Uzbekistan,total_goals,Over,1.5,0.6881,1.453,1.526,1.599,1.671,poisson_total_goals,medium,37.6,BAJA,xgb_lean,0.25,
2026-06-27,DR Congo,Uzbekistan,total_goals,Under,1.5,0.3119,3.206,3.366,3.526,3.687,poisson_total_goals,medium,37.6,BAJA,xgb_lean,0.25,
2026-06-27,DR Congo,Uzbekistan,total_goals,Over,2.5,0.353,2.833,2.975,3.116,3.258,ensemble_over25,medium,37.6,BAJA,xgb_lean,0.25,
2026-06-27,DR Congo,Uzbekistan,total_goals,Under,2.5,0.647,1.546,1.623,1.7,1.777,ensemble_over25,medium,37.6,BAJA,xgb_lean,0.25,
2026-06-27,DR Congo,Uzbekistan,total_goals,Over,3.5,0.2179,4.588,4.818,5.047,5.277,poisson_total_goals,medium,37.6,BAJA,xgb_lean,0.25,
2026-06-27,DR Congo,Uzbekistan,total_goals,Under,3.5,0.7821,1.279,1.343,1.407,1.47,poisson_total_goals,medium,37.6,BAJA,xgb_lean,0.25,
2026-06-27,Jordan,Argentina,btts,No,,0.5591,1.789,1.878,1.967,2.057,ensemble_btts,high,62.2,MEDIA,poisson_lean,0.8,
2026-06-27,Jordan,Argentina,btts,Yes,,0.4409,2.268,2.381,2.495,2.608,ensemble_btts,high,62.2,MEDIA,poisson_lean,0.8,
2026-06-27,Jordan,Argentina,clean_sheet,Argentina No,,0.4924,2.031,2.133,2.234,2.336,poisson_opponent_goals_zero,derived,62.2,MEDIA,poisson_lean,0.8,
2026-06-27,Jordan,Argentina,clean_sheet,Argentina Yes,,0.5076,1.97,2.068,2.167,2.265,poisson_opponent_goals_zero,derived,62.2,MEDIA,poisson_lean,0.8,
2026-06-27,Jordan,Argentina,clean_sheet,Jordan No,,0.8864,1.128,1.185,1.241,1.297,poisson_opponent_goals_zero,derived,62.2,MEDIA,poisson_lean,0.8,
2026-06-27,Jordan,Argentina,clean_sheet,Jordan Yes,,0.1136,8.802,9.242,9.682,10.123,poisson_opponent_goals_zero,derived,62.2,MEDIA,poisson_lean,0.8,
2026-06-27,Jordan,Argentina,double_chance,Argentina or Draw,,0.9007,1.11,1.166,1.221,1.277,derived_from_1x2,high,62.2,MEDIA,poisson_lean,0.8,
2026-06-27,Jordan,Argentina,double_chance,Jordan or Argentina,,0.816,1.225,1.287,1.348,1.409,derived_from_1x2,high,62.2,MEDIA,poisson_lean,0.8,
2026-06-27,Jordan,Argentina,double_chance,Jordan or Draw,,0.2833,3.53,3.706,3.883,4.059,derived_from_1x2,high,62.2,MEDIA,poisson_lean,0.8,
2026-06-27,Jordan,Argentina,draw_no_bet,Argentina,,0.8783,1.139,1.195,1.252,1.309,derived_from_1x2,high,62.2,MEDIA,poisson_lean,0.8,Probabilidad condicionada a que no haya empate; empate void.
2026-06-27,Jordan,Argentina,draw_no_bet,Jordan,,0.1217,8.218,8.628,9.039,9.45,derived_from_1x2,high,62.2,MEDIA,poisson_lean,0.8,Probabilidad condicionada a que no haya empate; empate void.
2026-06-27,Jordan,Argentina,h2h,Argentina,,0.7167,1.395,1.465,1.535,1.605,ensemble_1x2,high,62.2,MEDIA,poisson_lean,0.8,
2026-06-27,Jordan,Argentina,h2h,Draw,,0.184,5.435,5.707,5.978,6.25,ensemble_1x2,high,62.2,MEDIA,poisson_lean,0.8,No usar como apuesta core hasta recalibrar empates.
2026-06-27,Jordan,Argentina,h2h,Jordan,,0.0993,10.07,10.574,11.078,11.581,ensemble_1x2,high,62.2,MEDIA,poisson_lean,0.8,
2026-06-27,Jordan,Argentina,team_goals,Argentina Over,0.5,0.8864,1.128,1.185,1.241,1.297,poisson_away_goals,derived,62.2,MEDIA,poisson_lean,0.8,
2026-06-27,Jordan,Argentina,team_goals,Argentina Under,0.5,0.1136,8.802,9.242,9.682,10.123,poisson_away_goals,derived,62.2,MEDIA,poisson_lean,0.8,
2026-06-27,Jordan,Argentina,team_goals,Jordan Over,0.5,0.4924,2.031,2.133,2.234,2.336,poisson_home_goals,derived,62.2,MEDIA,poisson_lean,0.8,
2026-06-27,Jordan,Argentina,team_goals,Jordan Under,0.5,0.5076,1.97,2.068,2.167,2.265,poisson_home_goals,derived,62.2,MEDIA,poisson_lean,0.8,
2026-06-27,Jordan,Argentina,team_goals,Argentina Over,1.5,0.6393,1.564,1.642,1.721,1.799,poisson_away_goals,derived,62.2,MEDIA,poisson_lean,0.8,
2026-06-27,Jordan,Argentina,team_goals,Argentina Under,1.5,0.3607,2.772,2.911,3.05,3.188,poisson_away_goals,derived,62.2,MEDIA,poisson_lean,0.8,
2026-06-27,Jordan,Argentina,team_goals,Jordan Over,1.5,0.1482,6.748,7.085,7.423,7.76,poisson_home_goals,derived,62.2,MEDIA,poisson_lean,0.8,
2026-06-27,Jordan,Argentina,team_goals,Jordan Under,1.5,0.8518,1.174,1.233,1.291,1.35,poisson_home_goals,derived,62.2,MEDIA,poisson_lean,0.8,
2026-06-27,Jordan,Argentina,team_goals,Argentina Over,2.5,0.3706,2.699,2.833,2.968,3.103,poisson_away_goals,derived,62.2,MEDIA,poisson_lean,0.8,
2026-06-27,Jordan,Argentina,team_goals,Argentina Under,2.5,0.6294,1.589,1.668,1.748,1.827,poisson_away_goals,derived,62.2,MEDIA,poisson_lean,0.8,
2026-06-27,Jordan,Argentina,team_goals,Jordan Over,2.5,0.0315,31.726,33.312,34.899,36.485,poisson_home_goals,derived,62.2,MEDIA,poisson_lean,0.8,
2026-06-27,Jordan,Argentina,team_goals,Jordan Under,2.5,0.9685,1.033,1.084,1.136,1.187,poisson_home_goals,derived,62.2,MEDIA,poisson_lean,0.8,
2026-06-27,Jordan,Argentina,total_corners,Over,8.5,0.4659,2.147,2.254,2.361,2.469,poisson_approx_from_expected_corners,low,62.2,MEDIA,poisson_lean,0.8,"Aproximacion: corners tienen sobredispersion; usar como radar, no como apuesta core."
2026-06-27,Jordan,Argentina,total_corners,Under,8.5,0.5341,1.872,1.966,2.059,2.153,poisson_approx_from_expected_corners,low,62.2,MEDIA,poisson_lean,0.8,"Aproximacion: corners tienen sobredispersion; usar como radar, no como apuesta core."
2026-06-27,Jordan,Argentina,total_corners,Over,9.5,0.3367,2.97,3.119,3.267,3.416,poisson_approx_from_expected_corners,low,62.2,MEDIA,poisson_lean,0.8,"Aproximacion: corners tienen sobredispersion; usar como radar, no como apuesta core."
2026-06-27,Jordan,Argentina,total_corners,Under,9.5,0.6633,1.508,1.583,1.658,1.734,poisson_approx_from_expected_corners,low,62.2,MEDIA,poisson_lean,0.8,"Aproximacion: corners tienen sobredispersion; usar como radar, no como apuesta core."
2026-06-27,Jordan,Argentina,total_corners,Over,10.5,0.2279,4.388,4.608,4.827,5.047,poisson_approx_from_expected_corners,low,62.2,MEDIA,poisson_lean,0.8,"Aproximacion: corners tienen sobredispersion; usar como radar, no como apuesta core."
2026-06-27,Jordan,Argentina,total_corners,Under,10.5,0.7721,1.295,1.36,1.425,1.489,poisson_approx_from_expected_corners,low,62.2,MEDIA,poisson_lean,0.8,"Aproximacion: corners tienen sobredispersion; usar como radar, no como apuesta core."
2026-06-27,Jordan,Argentina,total_goals,Over,1.5,0.7778,1.286,1.35,1.414,1.479,poisson_total_goals,high,62.2,MEDIA,poisson_lean,0.8,
2026-06-27,Jordan,Argentina,total_goals,Under,1.5,0.2222,4.5,4.725,4.95,5.175,poisson_total_goals,high,62.2,MEDIA,poisson_lean,0.8,
2026-06-27,Jordan,Argentina,total_goals,Over,2.5,0.5355,1.867,1.961,2.054,2.148,ensemble_over25,high,62.2,MEDIA,poisson_lean,0.8,
2026-06-27,Jordan,Argentina,total_goals,Under,2.5,0.4645,2.153,2.26,2.368,2.476,ensemble_over25,high,62.2,MEDIA,poisson_lean,0.8,
2026-06-27,Jordan,Argentina,total_goals,Over,3.5,0.3199,3.126,3.283,3.439,3.595,poisson_total_goals,high,62.2,MEDIA,poisson_lean,0.8,
2026-06-27,Jordan,Argentina,total_goals,Under,3.5,0.6801,1.47,1.544,1.617,1.691,poisson_total_goals,high,62.2,MEDIA,poisson_lean,0.8,
2026-06-27,Panama,England,btts,No,,0.5413,1.847,1.94,2.032,2.125,ensemble_btts,medium,87.9,MUY ALTA,poisson_lean,0.8,
2026-06-27,Panama,England,btts,Yes,,0.4587,2.18,2.289,2.398,2.507,ensemble_btts,medium,87.9,MUY ALTA,poisson_lean,0.8,
2026-06-27,Panama,England,clean_sheet,England No,,0.4964,2.014,2.115,2.216,2.317,poisson_opponent_goals_zero,derived,87.9,MUY ALTA,poisson_lean,0.8,
2026-06-27,Panama,England,clean_sheet,England Yes,,0.5036,1.986,2.085,2.184,2.284,poisson_opponent_goals_zero,derived,87.9,MUY ALTA,poisson_lean,0.8,
2026-06-27,Panama,England,clean_sheet,Panama No,,0.8933,1.119,1.175,1.231,1.287,poisson_opponent_goals_zero,derived,87.9,MUY ALTA,poisson_lean,0.8,
2026-06-27,Panama,England,clean_sheet,Panama Yes,,0.1067,9.375,9.843,10.312,10.781,poisson_opponent_goals_zero,derived,87.9,MUY ALTA,poisson_lean,0.8,
2026-06-27,Panama,England,double_chance,England or Draw,,0.902,1.109,1.164,1.22,1.275,derived_from_1x2,high,87.9,MUY ALTA,poisson_lean,0.8,
2026-06-27,Panama,England,double_chance,Panama or Draw,,0.2709,3.691,3.876,4.061,4.245,derived_from_1x2,high,87.9,MUY ALTA,poisson_lean,0.8,
2026-06-27,Panama,England,double_chance,Panama or England,,0.8271,1.209,1.269,1.33,1.39,derived_from_1x2,high,87.9,MUY ALTA,poisson_lean,0.8,
2026-06-27,Panama,England,draw_no_bet,England,,0.8815,1.134,1.191,1.248,1.305,derived_from_1x2,high,87.9,MUY ALTA,poisson_lean,0.8,Probabilidad condicionada a que no haya empate; empate void.
2026-06-27,Panama,England,draw_no_bet,Panama,,0.1185,8.44,8.862,9.284,9.706,derived_from_1x2,high,87.9,MUY ALTA,poisson_lean,0.8,Probabilidad condicionada a que no haya empate; empate void.
2026-06-27,Panama,England,h2h,Draw,,0.1729,5.784,6.073,6.362,6.651,ensemble_1x2,high,87.9,MUY ALTA,poisson_lean,0.8,No usar como apuesta core hasta recalibrar empates.
2026-06-27,Panama,England,h2h,England,,0.7291,1.372,1.44,1.509,1.577,ensemble_1x2,high,87.9,MUY ALTA,poisson_lean,0.8,
2026-06-27,Panama,England,h2h,Panama,,0.098,10.204,10.714,11.224,11.735,ensemble_1x2,high,87.9,MUY ALTA,poisson_lean,0.8,
2026-06-27,Panama,England,team_goals,England Over,0.5,0.8933,1.119,1.175,1.231,1.287,poisson_away_goals,derived,87.9,MUY ALTA,poisson_lean,0.8,
2026-06-27,Panama,England,team_goals,England Under,0.5,0.1067,9.375,9.843,10.312,10.781,poisson_away_goals,derived,87.9,MUY ALTA,poisson_lean,0.8,
2026-06-27,Panama,England,team_goals,Panama Over,0.5,0.4964,2.014,2.115,2.216,2.317,poisson_home_goals,derived,87.9,MUY ALTA,poisson_lean,0.8,
2026-06-27,Panama,England,team_goals,Panama Under,0.5,0.5036,1.986,2.085,2.184,2.284,poisson_home_goals,derived,87.9,MUY ALTA,poisson_lean,0.8,
2026-06-27,Panama,England,team_goals,England Over,1.5,0.6546,1.528,1.604,1.68,1.757,poisson_away_goals,derived,87.9,MUY ALTA,poisson_lean,0.8,
2026-06-27,Panama,England,team_goals,England Under,1.5,0.3454,2.895,3.04,3.185,3.329,poisson_away_goals,derived,87.9,MUY ALTA,poisson_lean,0.8,
2026-06-27,Panama,England,team_goals,Panama Over,1.5,0.151,6.625,6.956,7.287,7.618,poisson_home_goals,derived,87.9,MUY ALTA,poisson_lean,0.8,
2026-06-27,Panama,England,team_goals,Panama Under,1.5,0.849,1.178,1.237,1.296,1.354,poisson_home_goals,derived,87.9,MUY ALTA,poisson_lean,0.8,
2026-06-27,Panama,England,team_goals,England Over,2.5,0.3875,2.581,2.71,2.839,2.968,poisson_away_goals,derived,87.9,MUY ALTA,poisson_lean,0.8,
2026-06-27,Panama,England,team_goals,England Under,2.5,0.6125,1.633,1.714,1.796,1.877,poisson_away_goals,derived,87.9,MUY ALTA,poisson_lean,0.8,
2026-06-27,Panama,England,team_goals,Panama Over,2.5,0.0325,30.807,32.347,33.887,35.428,poisson_home_goals,derived,87.9,MUY ALTA,poisson_lean,0.8,
2026-06-27,Panama,England,team_goals,Panama Under,2.5,0.9675,1.034,1.085,1.137,1.189,poisson_home_goals,derived,87.9,MUY ALTA,poisson_lean,0.8,
2026-06-27,Panama,England,total_corners,Over,8.5,0.2748,3.639,3.821,4.002,4.184,poisson_approx_from_expected_corners,low,87.9,MUY ALTA,poisson_lean,0.8,"Aproximacion: corners tienen sobredispersion; usar como radar, no como apuesta core."
2026-06-27,Panama,England,total_corners,Under,8.5,0.7252,1.379,1.448,1.517,1.586,poisson_approx_from_expected_corners,low,87.9,MUY ALTA,poisson_lean,0.8,"Aproximacion: corners tienen sobredispersion; usar como radar, no como apuesta core."
2026-06-27,Panama,England,total_corners,Over,9.5,0.1726,5.795,6.085,6.375,6.664,poisson_approx_from_expected_corners,low,87.9,MUY ALTA,poisson_lean,0.8,"Aproximacion: corners tienen sobredispersion; usar como radar, no como apuesta core."
2026-06-27,Panama,England,total_corners,Under,9.5,0.8274,1.209,1.269,1.329,1.39,poisson_approx_from_expected_corners,low,87.9,MUY ALTA,poisson_lean,0.8,"Aproximacion: corners tienen sobredispersion; usar como radar, no como apuesta core."
2026-06-27,Panama,England,total_corners,Over,10.5,0.1007,9.934,10.431,10.927,11.424,poisson_approx_from_expected_corners,low,87.9,MUY ALTA,poisson_lean,0.8,"Aproximacion: corners tienen sobredispersion; usar como radar, no como apuesta core."
2026-06-27,Panama,England,total_corners,Under,10.5,0.8993,1.112,1.168,1.223,1.279,poisson_approx_from_expected_corners,low,87.9,MUY ALTA,poisson_lean,0.8,"Aproximacion: corners tienen sobredispersion; usar como radar, no como apuesta core."
2026-06-27,Panama,England,total_goals,Over,1.5,0.7892,1.267,1.33,1.394,1.457,poisson_total_goals,high,87.9,MUY ALTA,poisson_lean,0.8,
2026-06-27,Panama,England,total_goals,Under,1.5,0.2108,4.744,4.981,5.218,5.456,poisson_total_goals,high,87.9,MUY ALTA,poisson_lean,0.8,
2026-06-27,Panama,England,total_goals,Over,2.5,0.554,1.805,1.895,1.986,2.076,ensemble_over25,high,87.9,MUY ALTA,poisson_lean,0.8,
2026-06-27,Panama,England,total_goals,Under,2.5,0.446,2.242,2.354,2.466,2.578,ensemble_over25,high,87.9,MUY ALTA,poisson_lean,0.8,
2026-06-27,Panama,England,total_goals,Over,3.5,0.3357,2.978,3.127,3.276,3.425,poisson_total_goals,high,87.9,MUY ALTA,poisson_lean,0.8,
2026-06-27,Panama,England,total_goals,Under,3.5,0.6643,1.505,1.581,1.656,1.731,poisson_total_goals,high,87.9,MUY ALTA,poisson_lean,0.8,
